lastupdt,scannerDetails,scannerCode,scannerName,scannerDescription,catId,catName,scannerDesc,scannerVideo,did_u_know,refreshFlag,scanproflg,displayLock,scannerFormula,scanId
1790680517,"{'stkname': 'Indo-MIM', 'ltp': '', 'perChg': '', 'stkId': 'IL10', 'displayLock': 'N', 'scanproflg': 1, 'scUrl': 'metals-castingsforgings/indo-mim/IL09', 'columns': [{'name': 'change %', 'value': '1.66'}, {'name': 'LTP', 'value': '1,248.00'}, {'name': 'Close Price value', 'value': '1,248.00'}, {'name': 'change absolute', 'value': '20.40'}]}",OHLC_D_I_NR7BULLBO,NR 7 Breakout,Seven Bar Pattern,18,Range Breakout,NR7 is a 7-bar narrow range pattern. NR7 bullish breakout pattern scanner shows the list of stocks forming bullish breakout pattern after 7-bar consolidation.,,,False,1,N,,OHLC_D_I_NR7BULLBO
1790680517,"{'stkname': 'Alpine Texworld', 'ltp': '', 'perChg': '', 'stkId': 'ATL07', 'displayLock': 'N', 'scanproflg': 1, 'scUrl': 'textiles/alpinetexworld/ATL06', 'columns': [{'name': 'change %', 'value': '0.70'}, {'name': 'LTP', 'value': '48.70'}, {'name': 'Close Price value', 'value': '48.70'}, {'name': 'change absolute', 'value': '0.34'}]}",OHLC_D_I_NR7BULLBO,NR 7 Breakout,Seven Bar Pattern,18,Range Breakout,NR7 is a 7-bar narrow range pattern. NR7 bullish breakout pattern scanner shows the list of stocks forming bullish breakout pattern after 7-bar consolidation.,,,False,1,N,,OHLC_D_I_NR7BULLBO
1790680517,"{'stkname': 'MV Electrosyste', 'ltp': '', 'perChg': '', 'stkId': 'MEL04', 'displayLock': 'N', 'scanproflg': 1, 'scUrl': 'electric-equipment-switchgears/mvelectrosystems/MEL04', 'columns': [{'name': 'change %', 'value': '6.57'}, {'name': 'LTP', 'value': '838.00'}, {'name': 'Close Price value', 'value': '838.00'}, {'name': 'change absolute', 'value': '51.65'}]}",OHLC_D_I_NR7BULLBO,NR 7 Breakout,Seven Bar Pattern,18,Range Breakout,NR7 is a 7-bar narrow range pattern. NR7 bullish breakout pattern scanner shows the list of stocks forming bullish breakout pattern after 7-bar consolidation.,,,False,1,N,,OHLC_D_I_NR7BULLBO
1790680517,"{'stkname': 'Piccadily Agro', 'ltp': '', 'perChg': '', 'stkId': 'PAI03', 'displayLock': 'N', 'scanproflg': 1, 'scUrl': 'breweriesdistilleries/piccadilyagroindustries/PAI03', 'columns': [{'name': 'change %', 'value': '0.57'}, {'name': 'LTP', 'value': '603.90'}, {'name': 'Close Price value', 'value': '603.90'}, {'name': 'change absolute', 'value': '3.40'}]}",OHLC_D_I_NR7BULLBO,NR 7 Breakout,Seven Bar Pattern,18,Range Breakout,NR7 is a 7-bar narrow range pattern. NR7 bullish breakout pattern scanner shows the list of stocks forming bullish breakout pattern after 7-bar consolidation.,,,False,1,N,,OHLC_D_I_NR7BULLBO
1790680517,"{'stkname': 'OnEMI Technolog', 'ltp': '', 'perChg': '', 'stkId': 'OTS', 'displayLock': 'N', 'scanproflg': 1, 'scUrl': 'finance-nbfc/onemitechnologysolutions/OTS', 'columns': [{'name': 'change %', 'value': '2.64'}, {'name': 'LTP', 'value': '354.00'}, {'name': 'Close Price value', 'value': '354.00'}, {'name': 'change absolute', 'value': '9.10'}]}",OHLC_D_I_NR7BULLBO,NR 7 Breakout,Seven Bar Pattern,18,Range Breakout,NR7 is a 7-bar narrow range pattern. NR7 bullish breakout pattern scanner shows the list of stocks forming bullish breakout pattern after 7-bar consolidation.,,,False,1,N,,OHLC_D_I_NR7BULLBO
1790680517,"{'stkname': 'NIBE', 'ltp': '', 'perChg': '', 'stkId': 'KF11', 'displayLock': 'N', 'scanproflg': 1, 'scUrl': 'aerospacedefence/nibe/KF', 'columns': [{'name': 'change %', 'value': '0.21'}, {'name': 'LTP', 'value': '1,240.00'}, {'name': 'Close Price value', 'value': '1,240.00'}, {'name': 'change absolute', 'value': '2.60'}]}",OHLC_D_I_NR7BULLBO,NR 7 Breakout,Seven Bar Pattern,18,Range Breakout,NR7 is a 7-bar narrow range pattern. NR7 bullish breakout pattern scanner shows the list of stocks forming bullish breakout pattern after 7-bar consolidation.,,,False,1,N,,OHLC_D_I_NR7BULLBO
1790680517,"{'stkname': 'Sika Interplant', 'ltp': '', 'perChg': '', 'stkId': 'SIS02', 'displayLock': 'N', 'scanproflg': 1, 'scUrl': 'aerospacedefence/sikainterplantsystems/SIS02', 'columns': [{'name': 'change %', 'value': '1.04'}, {'name': 'LTP', 'value': '1,032.00'}, {'name': 'Close Price value', 'value': '1,032.00'}, {'name': 'change absolute', 'value': '10.65'}]}",OHLC_D_I_NR7BULLBO,NR 7 Breakout,Seven Bar Pattern,18,Range Breakout,NR7 is a 7-bar narrow range pattern. NR7 bullish breakout pattern scanner shows the list of stocks forming bullish breakout pattern after 7-bar consolidation.,,,False,1,N,,OHLC_D_I_NR7BULLBO
1790680517,"{'stkname': 'Central Mine', 'ltp': '', 'perChg': '', 'stkId': 'CMPDIL', 'displayLock': 'N', 'scanproflg': 1, 'scUrl': 'misc-commercial-services/centralmineplanningdesigninstitute/CMPDIL', 'columns': [{'name': 'change %', 'value': '3.93'}, {'name': 'LTP', 'value': '212.63'}, {'name': 'Close Price value', 'value': '212.63'}, {'name': 'change absolute', 'value': '8.05'}]}",OHLC_D_I_NR7BULLBO,NR 7 Breakout,Seven Bar Pattern,18,Range Breakout,NR7 is a 7-bar narrow range pattern. NR7 bullish breakout pattern scanner shows the list of stocks forming bullish breakout pattern after 7-bar consolidation.,,,False,1,N,,OHLC_D_I_NR7BULLBO
1790680517,"{'stkname': 'GE Power India', 'ltp': '', 'perChg': '', 'stkId': 'ABB01', 'displayLock': 'N', 'scanproflg': 1, 'scUrl': 'power-transmissionequipment/gepowerindia/AP29', 'columns': [{'name': 'change %', 'value': '5.00'}, {'name': 'LTP', 'value': '683.95'}, {'name': 'Close Price value', 'value': '683.95'}, {'name': 'change absolute', 'value': '32.55'}]}",OHLC_D_I_NR7BULLBO,NR 7 Breakout,Seven Bar Pattern,18,Range Breakout,NR7 is a 7-bar narrow range pattern. NR7 bullish breakout pattern scanner shows the list of stocks forming bullish breakout pattern after 7-bar consolidation.,,,False,1,N,,OHLC_D_I_NR7BULLBO
1790680517,"{'stkname': 'Jain Resource', 'ltp': '', 'perChg': '', 'stkId': 'JRRL', 'displayLock': 'N', 'scanproflg': 1, 'scUrl': 'metals-non-ferrous/jainresourcerecycling/JRRL', 'columns': [{'name': 'change %', 'value': '1.35'}, {'name': 'LTP', 'value': '285.55'}, {'name': 'Close Price value', 'value': '285.55'}, {'name': 'change absolute', 'value': '3.80'}]}",OHLC_D_I_NR7BULLBO,NR 7 Breakout,Seven Bar Pattern,18,Range Breakout,NR7 is a 7-bar narrow range pattern. NR7 bullish breakout pattern scanner shows the list of stocks forming bullish breakout pattern after 7-bar consolidation.,,,False,1,N,,OHLC_D_I_NR7BULLBO
1790680517,"{'stkname': 'Om Freight', 'ltp': '', 'perChg': '', 'stkId': 'OFFL', 'displayLock': 'N', 'scanproflg': 1, 'scUrl': 'ground-freightlogistics-services/omfreightforwarders/OFFL', 'columns': [{'name': 'change %', 'value': '5.00'}, {'name': 'LTP', 'value': '93.46'}, {'name': 'Close Price value', 'value': '93.46'}, {'name': 'change absolute', 'value': '4.45'}]}",OHLC_D_I_NR7BULLBO,NR 7 Breakout,Seven Bar Pattern,18,Range Breakout,NR7 is a 7-bar narrow range pattern. NR7 bullish breakout pattern scanner shows the list of stocks forming bullish breakout pattern after 7-bar consolidation.,,,False,1,N,,OHLC_D_I_NR7BULLBO
1790680517,"{'stkname': 'CMR Green Tech', 'ltp': '', 'perChg': '', 'stkId': 'CGTL', 'displayLock': 'N', 'scanproflg': 1, 'scUrl': 'metals-non-ferrous/cmrgreentechnologies/CGTL', 'columns': [{'name': 'change %', 'value': '3.21'}, {'name': 'LTP', 'value': '228.89'}, {'name': 'Close Price value', 'value': '228.89'}, {'name': 'change absolute', 'value': '7.12'}]}",OHLC_D_I_NR7BULLBO,NR 7 Breakout,Seven Bar Pattern,18,Range Breakout,NR7 is a 7-bar narrow range pattern. NR7 bullish breakout pattern scanner shows the list of stocks forming bullish breakout pattern after 7-bar consolidation.,,,False,1,N,,OHLC_D_I_NR7BULLBO
1790680517,"{'stkname': 'Baazar Style', 'ltp': '', 'perChg': '', 'stkId': 'BSR02', 'displayLock': 'N', 'scanproflg': 1, 'scUrl': 'trading/baazarstyleretail/BSR03', 'columns': [{'name': 'change %', 'value': '3.37'}, {'name': 'LTP', 'value': '407.80'}, {'name': 'Close Price value', 'value': '407.80'}, {'name': 'change absolute', 'value': '13.30'}]}",OHLC_D_I_NR7BULLBO,NR 7 Breakout,Seven Bar Pattern,18,Range Breakout,NR7 is a 7-bar narrow range pattern. NR7 bullish breakout pattern scanner shows the list of stocks forming bullish breakout pattern after 7-bar consolidation.,,,False,1,N,,OHLC_D_I_NR7BULLBO
1790680517,"{'stkname': 'RBZ Jewellers', 'ltp': '', 'perChg': '', 'stkId': 'RJL', 'displayLock': 'N', 'scanproflg': 1, 'scUrl': 'diamondjewellery/rbzjewellers/RJL', 'columns': [{'name': 'change %', 'value': '3.47'}, {'name': 'LTP', 'value': '196.50'}, {'name': 'Close Price value', 'value': '196.50'}, {'name': 'change absolute', 'value': '6.59'}]}",OHLC_D_I_NR7BULLBO,NR 7 Breakout,Seven Bar Pattern,18,Range Breakout,NR7 is a 7-bar narrow range pattern. NR7 bullish breakout pattern scanner shows the list of stocks forming bullish breakout pattern after 7-bar consolidation.,,,False,1,N,,OHLC_D_I_NR7BULLBO
1790680517,"{'stkname': 'LE Travenues Te', 'ltp': '', 'perChg': '', 'stkId': 'LTT', 'displayLock': 'N', 'scanproflg': 1, 'scUrl': 'travel-services/letravenuestechnologyixigo/LTT', 'columns': [{'name': 'change %', 'value': '3.17'}, {'name': 'LTP', 'value': '160.00'}, {'name': 'Close Price value', 'value': '160.00'}, {'name': 'change absolute', 'value': '4.92'}]}",OHLC_D_I_NR7BULLBO,NR 7 Breakout,Seven Bar Pattern,18,Range Breakout,NR7 is a 7-bar narrow range pattern. NR7 bullish breakout pattern scanner shows the list of stocks forming bullish breakout pattern after 7-bar consolidation.,,,False,1,N,,OHLC_D_I_NR7BULLBO
1790680517,"{'stkname': 'Emcure Pharmace', 'ltp': '', 'perChg': '', 'stkId': 'EPL', 'displayLock': 'N', 'scanproflg': 1, 'scUrl': 'pharmaceuticalsdrugs/emcurepharmaceuticals/EPL', 'columns': [{'name': 'change %', 'value': '0.75'}, {'name': 'LTP', 'value': '1,942.20'}, {'name': 'Close Price value', 'value': '1,942.20'}, {'name': 'change absolute', 'value': '14.40'}]}",OHLC_D_I_NR7BULLBO,NR 7 Breakout,Seven Bar Pattern,18,Range Breakout,NR7 is a 7-bar narrow range pattern. NR7 bullish breakout pattern scanner shows the list of stocks forming bullish breakout pattern after 7-bar consolidation.,,,False,1,N,,OHLC_D_I_NR7BULLBO
1790680517,"{'stkname': 'Shree Tirupati ', 'ltp': '', 'perChg': '', 'stkId': 'STBATCL', 'displayLock': 'N', 'scanproflg': 1, 'scUrl': 'packaging-packaging-materials/shreetirupatibalajeeagrotradingcompany/STBATCL', 'columns': [{'name': 'change %', 'value': '2.30'}, {'name': 'LTP', 'value': '25.83'}, {'name': 'Close Price value', 'value': '25.83'}, {'name': 'change absolute', 'value': '0.58'}]}",OHLC_D_I_NR7BULLBO,NR 7 Breakout,Seven Bar Pattern,18,Range Breakout,NR7 is a 7-bar narrow range pattern. NR7 bullish breakout pattern scanner shows the list of stocks forming bullish breakout pattern after 7-bar consolidation.,,,False,1,N,,OHLC_D_I_NR7BULLBO
1790680517,"{'stkname': 'BlackBuck', 'ltp': '', 'perChg': '', 'stkId': 'ZLSL', 'displayLock': 'N', 'scanproflg': 1, 'scUrl': 'online-services/blackbuck/ZLSL', 'columns': [{'name': 'change %', 'value': '3.93'}, {'name': 'LTP', 'value': '624.80'}, {'name': 'Close Price value', 'value': '624.80'}, {'name': 'change absolute', 'value': '23.60'}]}",OHLC_D_I_NR7BULLBO,NR 7 Breakout,Seven Bar Pattern,18,Range Breakout,NR7 is a 7-bar narrow range pattern. NR7 bullish breakout pattern scanner shows the list of stocks forming bullish breakout pattern after 7-bar consolidation.,,,False,1,N,,OHLC_D_I_NR7BULLBO
1790680517,"{'stkname': 'Indo Rama Synth', 'ltp': '', 'perChg': '', 'stkId': 'IRS', 'displayLock': 'N', 'scanproflg': 1, 'scUrl': 'textiles-spinning-synthetic-blended/indoramasyntheticsindia/IRS', 'columns': [{'name': 'change %', 'value': '3.17'}, {'name': 'LTP', 'value': '104.00'}, {'name': 'Close Price value', 'value': '104.00'}, {'name': 'change absolute', 'value': '3.20'}]}",OHLC_D_I_NR7BULLBO,NR 7 Breakout,Seven Bar Pattern,18,Range Breakout,NR7 is a 7-bar narrow range pattern. NR7 bullish breakout pattern scanner shows the list of stocks forming bullish breakout pattern after 7-bar consolidation.,,,False,1,N,,OHLC_D_I_NR7BULLBO
1790680517,"{'stkname': 'Creative New', 'ltp': '', 'perChg': '', 'stkId': 'CPD', 'displayLock': 'N', 'scanproflg': 1, 'scUrl': 'miscellaneous/creativenewtech/CPD', 'columns': [{'name': 'change %', 'value': '2.92'}, {'name': 'LTP', 'value': '1,104.00'}, {'name': 'Close Price value', 'value': '1,104.00'}, {'name': 'change absolute', 'value': '31.30'}]}",OHLC_D_I_NR7BULLBO,NR 7 Breakout,Seven Bar Pattern,18,Range Breakout,NR7 is a 7-bar narrow range pattern. NR7 bullish breakout pattern scanner shows the list of stocks forming bullish breakout pattern after 7-bar consolidation.,,,False,1,N,,OHLC_D_I_NR7BULLBO
1790680517,"{'stkname': 'PTC India', 'ltp': '', 'perChg': '', 'stkId': 'PTC01', 'displayLock': 'N', 'scanproflg': 1, 'scUrl': 'trading/ptcindia/PTC02', 'columns': [{'name': 'change %', 'value': '0.53'}, {'name': 'LTP', 'value': '155.70'}, {'name': 'Close Price value', 'value': '155.70'}, {'name': 'change absolute', 'value': '0.82'}]}",OHLC_D_I_NR7BULLBO,NR 7 Breakout,Seven Bar Pattern,18,Range Breakout,NR7 is a 7-bar narrow range pattern. NR7 bullish breakout pattern scanner shows the list of stocks forming bullish breakout pattern after 7-bar consolidation.,,,False,1,N,,OHLC_D_I_NR7BULLBO
1790680517,"{'stkname': 'Kriti Ind', 'ltp': '', 'perChg': '', 'stkId': 'KII', 'displayLock': 'N', 'scanproflg': 1, 'scUrl': 'plastics/kritiindustriesindia/KII', 'columns': [{'name': 'change %', 'value': '3.57'}, {'name': 'LTP', 'value': '62.42'}, {'name': 'Close Price value', 'value': '62.42'}, {'name': 'change absolute', 'value': '2.15'}]}",OHLC_D_I_NR7BULLBO,NR 7 Breakout,Seven Bar Pattern,18,Range Breakout,NR7 is a 7-bar narrow range pattern. NR7 bullish breakout pattern scanner shows the list of stocks forming bullish breakout pattern after 7-bar consolidation.,,,False,1,N,,OHLC_D_I_NR7BULLBO
1790680517,"{'stkname': 'Gland', 'ltp': '', 'perChg': '', 'stkId': 'GP14', 'displayLock': 'N', 'scanproflg': 1, 'scUrl': 'pharmaceuticalsdrugs/glandpharma/GP14', 'columns': [{'name': 'change %', 'value': '3.07'}, {'name': 'LTP', 'value': '2,985.00'}, {'name': 'Close Price value', 'value': '2,985.00'}, {'name': 'change absolute', 'value': '89.00'}]}",OHLC_D_I_NR7BULLBO,NR 7 Breakout,Seven Bar Pattern,18,Range Breakout,NR7 is a 7-bar narrow range pattern. NR7 bullish breakout pattern scanner shows the list of stocks forming bullish breakout pattern after 7-bar consolidation.,,,False,1,N,,OHLC_D_I_NR7BULLBO
1790680517,"{'stkname': 'Ganesha Ecosph', 'ltp': '', 'perChg': '', 'stkId': 'GP01', 'displayLock': 'N', 'scanproflg': 1, 'scUrl': 'textiles-processing/ganeshaecosphere/GP01', 'columns': [{'name': 'change %', 'value': '0.08'}, {'name': 'LTP', 'value': '1,020.00'}, {'name': 'Close Price value', 'value': '1,020.00'}, {'name': 'change absolute', 'value': '0.80'}]}",OHLC_D_I_NR7BULLBO,NR 7 Breakout,Seven Bar Pattern,18,Range Breakout,NR7 is a 7-bar narrow range pattern. NR7 bullish breakout pattern scanner shows the list of stocks forming bullish breakout pattern after 7-bar consolidation.,,,False,1,N,,OHLC_D_I_NR7BULLBO
1790680517,"{'stkname': 'Hester Bio', 'ltp': '', 'perChg': '', 'stkId': 'HP03', 'displayLock': 'N', 'scanproflg': 1, 'scUrl': 'pharmaceuticals/hesterbiosciences/HB01', 'columns': [{'name': 'change %', 'value': '0.13'}, {'name': 'LTP', 'value': '2,150.00'}, {'name': 'Close Price value', 'value': '2,150.00'}, {'name': 'change absolute', 'value': '2.70'}]}",OHLC_D_I_NR7BULLBO,NR 7 Breakout,Seven Bar Pattern,18,Range Breakout,NR7 is a 7-bar narrow range pattern. NR7 bullish breakout pattern scanner shows the list of stocks forming bullish breakout pattern after 7-bar consolidation.,,,False,1,N,,OHLC_D_I_NR7BULLBO
1790680517,"{'stkname': 'BB Triplewall ', 'ltp': '', 'perChg': '', 'stkId': 'BTC02', 'displayLock': 'N', 'scanproflg': 1, 'scUrl': 'containerspackaging/bbtriplewallcontainers/BTC', 'columns': [{'name': 'change %', 'value': '0.39'}, {'name': 'LTP', 'value': '229.00'}, {'name': 'Close Price value', 'value': '229.00'}, {'name': 'change absolute', 'value': '0.88'}]}",OHLC_D_I_NR7BULLBO,NR 7 Breakout,Seven Bar Pattern,18,Range Breakout,NR7 is a 7-bar narrow range pattern. NR7 bullish breakout pattern scanner shows the list of stocks forming bullish breakout pattern after 7-bar consolidation.,,,False,1,N,,OHLC_D_I_NR7BULLBO
1790680517,"{'stkname': 'Rushil Decor', 'ltp': '', 'perChg': '', 'stkId': 'RD02', 'displayLock': 'N', 'scanproflg': 1, 'scUrl': 'woodwood-products/rushildecor/RD02', 'columns': [{'name': 'change %', 'value': '0.88'}, {'name': 'LTP', 'value': '16.10'}, {'name': 'Close Price value', 'value': '16.10'}, {'name': 'change absolute', 'value': '0.14'}]}",OHLC_D_I_NR7BULLBO,NR 7 Breakout,Seven Bar Pattern,18,Range Breakout,NR7 is a 7-bar narrow range pattern. NR7 bullish breakout pattern scanner shows the list of stocks forming bullish breakout pattern after 7-bar consolidation.,,,False,1,N,,OHLC_D_I_NR7BULLBO
1790680517,"{'stkname': 'Lincoln Pharma', 'ltp': '', 'perChg': '', 'stkId': 'LP06', 'displayLock': 'N', 'scanproflg': 1, 'scUrl': 'pharmaceuticals/lincolnpharmaceuticals/LP06', 'columns': [{'name': 'change %', 'value': '0.12'}, {'name': 'LTP', 'value': '582.55'}, {'name': 'Close Price value', 'value': '582.55'}, {'name': 'change absolute', 'value': '0.70'}]}",OHLC_D_I_NR7BULLBO,NR 7 Breakout,Seven Bar Pattern,18,Range Breakout,NR7 is a 7-bar narrow range pattern. NR7 bullish breakout pattern scanner shows the list of stocks forming bullish breakout pattern after 7-bar consolidation.,,,False,1,N,,OHLC_D_I_NR7BULLBO
1790680517,"{'stkname': 'Alpa Labs', 'ltp': '', 'perChg': '', 'stkId': 'AL11', 'displayLock': 'N', 'scanproflg': 1, 'scUrl': 'pharmaceuticals/alpalaboratories/AL11', 'columns': [{'name': 'change %', 'value': '0.98'}, {'name': 'LTP', 'value': '59.79'}, {'name': 'Close Price value', 'value': '59.79'}, {'name': 'change absolute', 'value': '0.58'}]}",OHLC_D_I_NR7BULLBO,NR 7 Breakout,Seven Bar Pattern,18,Range Breakout,NR7 is a 7-bar narrow range pattern. NR7 bullish breakout pattern scanner shows the list of stocks forming bullish breakout pattern after 7-bar consolidation.,,,False,1,N,,OHLC_D_I_NR7BULLBO
1790680517,"{'stkname': 'Indian Metals', 'ltp': '', 'perChg': '', 'stkId': 'IMF01', 'displayLock': 'N', 'scanproflg': 1, 'scUrl': 'miningminerals/indianmetalsferroalloys/IMF01', 'columns': [{'name': 'change %', 'value': '0.76'}, {'name': 'LTP', 'value': '1,217.00'}, {'name': 'Close Price value', 'value': '1,217.00'}, {'name': 'change absolute', 'value': '9.20'}]}",OHLC_D_I_NR7BULLBO,NR 7 Breakout,Seven Bar Pattern,18,Range Breakout,NR7 is a 7-bar narrow range pattern. NR7 bullish breakout pattern scanner shows the list of stocks forming bullish breakout pattern after 7-bar consolidation.,,,False,1,N,,OHLC_D_I_NR7BULLBO
1790680517,"{'stkname': 'Saregama India', 'ltp': '', 'perChg': '', 'stkId': 'GCI', 'displayLock': 'N', 'scanproflg': 1, 'scUrl': 'mediaentertainment/saregamaindia/SI67', 'columns': [{'name': 'change %', 'value': '0.73'}, {'name': 'LTP', 'value': '493.15'}, {'name': 'Close Price value', 'value': '493.15'}, {'name': 'change absolute', 'value': '3.55'}]}",OHLC_D_I_NR7BULLBO,NR 7 Breakout,Seven Bar Pattern,18,Range Breakout,NR7 is a 7-bar narrow range pattern. NR7 bullish breakout pattern scanner shows the list of stocks forming bullish breakout pattern after 7-bar consolidation.,,,False,1,N,,OHLC_D_I_NR7BULLBO
1790680517,"{'stkname': 'Ratnaveer', 'ltp': '', 'perChg': '', 'stkId': 'RPE', 'displayLock': 'N', 'scanproflg': 1, 'scUrl': 'ironsteel/ratnaveerprecisionengineering/RPE', 'columns': [{'name': 'change %', 'value': '0.02'}, {'name': 'LTP', 'value': '331.00'}, {'name': 'Close Price value', 'value': '331.00'}, {'name': 'change absolute', 'value': '0.05'}]}",OHLC_D_I_NR7BULLBO,NR 7 Breakout,Seven Bar Pattern,18,Range Breakout,NR7 is a 7-bar narrow range pattern. NR7 bullish breakout pattern scanner shows the list of stocks forming bullish breakout pattern after 7-bar consolidation.,,,False,1,N,,OHLC_D_I_NR7BULLBO
1790680517,"{'stkname': 'Shyam Century', 'ltp': '', 'perChg': '', 'stkId': 'SCF01', 'displayLock': 'N', 'scanproflg': 1, 'scUrl': 'miningminerals/shyamcenturyferrous/SCF01', 'columns': [{'name': 'change %', 'value': '2.62'}, {'name': 'LTP', 'value': '5.09'}, {'name': 'Close Price value', 'value': '5.09'}, {'name': 'change absolute', 'value': '0.13'}]}",OHLC_D_I_NR7BULLBO,NR 7 Breakout,Seven Bar Pattern,18,Range Breakout,NR7 is a 7-bar narrow range pattern. NR7 bullish breakout pattern scanner shows the list of stocks forming bullish breakout pattern after 7-bar consolidation.,,,False,1,N,,OHLC_D_I_NR7BULLBO
1790680517,"{'stkname': 'Speciality Rest', 'ltp': '', 'perChg': '', 'stkId': 'SR04', 'displayLock': 'N', 'scanproflg': 1, 'scUrl': 'hotels/specialityrestaurants/SR06', 'columns': [{'name': 'change %', 'value': '0.24'}, {'name': 'LTP', 'value': '151.25'}, {'name': 'Close Price value', 'value': '151.25'}, {'name': 'change absolute', 'value': '0.36'}]}",OHLC_D_I_NR7BULLBO,NR 7 Breakout,Seven Bar Pattern,18,Range Breakout,NR7 is a 7-bar narrow range pattern. NR7 bullish breakout pattern scanner shows the list of stocks forming bullish breakout pattern after 7-bar consolidation.,,,False,1,N,,OHLC_D_I_NR7BULLBO
1790680517,"{'stkname': 'GSS Infotech', 'ltp': '', 'perChg': '', 'stkId': 'GAI03', 'displayLock': 'N', 'scanproflg': 1, 'scUrl': 'computers-software-mediumsmall/gssinfotech/GAI05', 'columns': [{'name': 'change %', 'value': '0.68'}, {'name': 'LTP', 'value': '10.33'}, {'name': 'Close Price value', 'value': '10.33'}, {'name': 'change absolute', 'value': '0.07'}]}",OHLC_D_I_NR7BULLBO,NR 7 Breakout,Seven Bar Pattern,18,Range Breakout,NR7 is a 7-bar narrow range pattern. NR7 bullish breakout pattern scanner shows the list of stocks forming bullish breakout pattern after 7-bar consolidation.,,,False,1,N,,OHLC_D_I_NR7BULLBO
1790680517,"{'stkname': 'Kamat Hotels', 'ltp': '', 'perChg': '', 'stkId': 'KHI', 'displayLock': 'N', 'scanproflg': 1, 'scUrl': 'hotels/kamathotelsindia/KHI', 'columns': [{'name': 'change %', 'value': '0.99'}, {'name': 'LTP', 'value': '235.50'}, {'name': 'Close Price value', 'value': '235.50'}, {'name': 'change absolute', 'value': '2.32'}]}",OHLC_D_I_NR7BULLBO,NR 7 Breakout,Seven Bar Pattern,18,Range Breakout,NR7 is a 7-bar narrow range pattern. NR7 bullish breakout pattern scanner shows the list of stocks forming bullish breakout pattern after 7-bar consolidation.,,,False,1,N,,OHLC_D_I_NR7BULLBO
1790680517,"{'stkname': 'ADF Foods', 'ltp': '', 'perChg': '', 'stkId': 'ADF01', 'displayLock': 'N', 'scanproflg': 1, 'scUrl': 'food-processing/adffoodsindustries/AF30', 'columns': [{'name': 'change %', 'value': '1.37'}, {'name': 'LTP', 'value': '270.25'}, {'name': 'Close Price value', 'value': '270.25'}, {'name': 'change absolute', 'value': '3.65'}]}",OHLC_D_I_NR7BULLBO,NR 7 Breakout,Seven Bar Pattern,18,Range Breakout,NR7 is a 7-bar narrow range pattern. NR7 bullish breakout pattern scanner shows the list of stocks forming bullish breakout pattern after 7-bar consolidation.,,,False,1,N,,OHLC_D_I_NR7BULLBO
1790680517,"{'stkname': 'Aries Agro', 'ltp': '', 'perChg': '', 'stkId': 'AA13', 'displayLock': 'N', 'scanproflg': 1, 'scUrl': 'fertilisers/ariesagro/AA02', 'columns': [{'name': 'change %', 'value': '0.12'}, {'name': 'LTP', 'value': '471.05'}, {'name': 'Close Price value', 'value': '471.05'}, {'name': 'change absolute', 'value': '0.55'}]}",OHLC_D_I_NR7BULLBO,NR 7 Breakout,Seven Bar Pattern,18,Range Breakout,NR7 is a 7-bar narrow range pattern. NR7 bullish breakout pattern scanner shows the list of stocks forming bullish breakout pattern after 7-bar consolidation.,,,False,1,N,,OHLC_D_I_NR7BULLBO
1790680517,"{'stkname': 'Va Tech Wabag', 'ltp': '', 'perChg': '', 'stkId': 'VTW', 'displayLock': 'N', 'scanproflg': 1, 'scUrl': 'infrastructure/vatechwabag/VTW', 'columns': [{'name': 'change %', 'value': '5.25'}, {'name': 'LTP', 'value': '2,081.00'}, {'name': 'Close Price value', 'value': '2,081.00'}, {'name': 'change absolute', 'value': '103.80'}]}",OHLC_D_I_NR7BULLBO,NR 7 Breakout,Seven Bar Pattern,18,Range Breakout,NR7 is a 7-bar narrow range pattern. NR7 bullish breakout pattern scanner shows the list of stocks forming bullish breakout pattern after 7-bar consolidation.,,,False,1,N,,OHLC_D_I_NR7BULLBO
1790680517,"{'stkname': 'Uniparts India', 'ltp': '', 'perChg': '', 'stkId': 'UI19', 'displayLock': 'N', 'scanproflg': 1, 'scUrl': 'auto-ancillaries-spare-partsaccessories/unipartsindia/UI22', 'columns': [{'name': 'change %', 'value': '1.18'}, {'name': 'LTP', 'value': '846.95'}, {'name': 'Close Price value', 'value': '846.95'}, {'name': 'change absolute', 'value': '9.85'}]}",OHLC_D_I_NR7BULLBO,NR 7 Breakout,Seven Bar Pattern,18,Range Breakout,NR7 is a 7-bar narrow range pattern. NR7 bullish breakout pattern scanner shows the list of stocks forming bullish breakout pattern after 7-bar consolidation.,,,False,1,N,,OHLC_D_I_NR7BULLBO
1790680517,"{'stkname': 'Aeroflex Ind.', 'ltp': '', 'perChg': '', 'stkId': 'AI77', 'displayLock': 'N', 'scanproflg': 1, 'scUrl': 'engineering-industrial-equipments/aeroflexindustries/AI87', 'columns': [{'name': 'change %', 'value': '5.10'}, {'name': 'LTP', 'value': '539.60'}, {'name': 'Close Price value', 'value': '539.60'}, {'name': 'change absolute', 'value': '26.20'}]}",OHLC_D_I_NR7BULLBO,NR 7 Breakout,Seven Bar Pattern,18,Range Breakout,NR7 is a 7-bar narrow range pattern. NR7 bullish breakout pattern scanner shows the list of stocks forming bullish breakout pattern after 7-bar consolidation.,,,False,1,N,,OHLC_D_I_NR7BULLBO
1790680517,"{'stkname': 'Renaissance', 'ltp': '', 'perChg': '', 'stkId': 'RJ', 'displayLock': 'N', 'scanproflg': 1, 'scUrl': 'diamond-cuttingjewelleryprecious-metals/renaissanceglobal/RJ', 'columns': [{'name': 'change %', 'value': '1.70'}, {'name': 'LTP', 'value': '166.00'}, {'name': 'Close Price value', 'value': '166.00'}, {'name': 'change absolute', 'value': '2.77'}]}",OHLC_D_I_NR7BULLBO,NR 7 Breakout,Seven Bar Pattern,18,Range Breakout,NR7 is a 7-bar narrow range pattern. NR7 bullish breakout pattern scanner shows the list of stocks forming bullish breakout pattern after 7-bar consolidation.,,,False,1,N,,OHLC_D_I_NR7BULLBO
1790680517,"{'stkname': 'Jash Engineerin', 'ltp': '', 'perChg': '', 'stkId': 'JE04', 'displayLock': 'N', 'scanproflg': 1, 'scUrl': 'diversified/jashengineering/JE04', 'columns': [{'name': 'change %', 'value': '1.81'}, {'name': 'LTP', 'value': '599.40'}, {'name': 'Close Price value', 'value': '599.40'}, {'name': 'change absolute', 'value': '10.65'}]}",OHLC_D_I_NR7BULLBO,NR 7 Breakout,Seven Bar Pattern,18,Range Breakout,NR7 is a 7-bar narrow range pattern. NR7 bullish breakout pattern scanner shows the list of stocks forming bullish breakout pattern after 7-bar consolidation.,,,False,1,N,,OHLC_D_I_NR7BULLBO
1790680517,"{'stkname': 'Harsha Engineer', 'ltp': '', 'perChg': '', 'stkId': 'HEI', 'displayLock': 'N', 'scanproflg': 1, 'scUrl': 'engineering-industrial-equipments/harshaengineersinternational/HEI', 'columns': [{'name': 'change %', 'value': '0.10'}, {'name': 'LTP', 'value': '466.00'}, {'name': 'Close Price value', 'value': '466.00'}, {'name': 'change absolute', 'value': '0.45'}]}",OHLC_D_I_NR7BULLBO,NR 7 Breakout,Seven Bar Pattern,18,Range Breakout,NR7 is a 7-bar narrow range pattern. NR7 bullish breakout pattern scanner shows the list of stocks forming bullish breakout pattern after 7-bar consolidation.,,,False,1,N,,OHLC_D_I_NR7BULLBO
1790680517,"{'stkname': 'Elgi Equipments', 'ltp': '', 'perChg': '', 'stkId': 'EE01', 'displayLock': 'N', 'scanproflg': 1, 'scUrl': 'compressors/elgiequipments/EE01', 'columns': [{'name': 'change %', 'value': '0.02'}, {'name': 'LTP', 'value': '598.95'}, {'name': 'Close Price value', 'value': '598.95'}, {'name': 'change absolute', 'value': '0.10'}]}",OHLC_D_I_NR7BULLBO,NR 7 Breakout,Seven Bar Pattern,18,Range Breakout,NR7 is a 7-bar narrow range pattern. NR7 bullish breakout pattern scanner shows the list of stocks forming bullish breakout pattern after 7-bar consolidation.,,,False,1,N,,OHLC_D_I_NR7BULLBO
1790680517,"{'stkname': 'IGIL', 'ltp': '', 'perChg': '', 'stkId': 'IGIIL', 'displayLock': 'N', 'scanproflg': 1, 'scUrl': 'diamondjewellery/internationalgemologicalinstitute/IGIIL', 'columns': [{'name': 'change %', 'value': '0.88'}, {'name': 'LTP', 'value': '326.00'}, {'name': 'Close Price value', 'value': '326.00'}, {'name': 'change absolute', 'value': '2.85'}]}",OHLC_D_I_NR7BULLBO,NR 7 Breakout,Seven Bar Pattern,18,Range Breakout,NR7 is a 7-bar narrow range pattern. NR7 bullish breakout pattern scanner shows the list of stocks forming bullish breakout pattern after 7-bar consolidation.,,,False,1,N,,OHLC_D_I_NR7BULLBO
1790680517,"{'stkname': 'HLE Glascoat', 'ltp': '', 'perChg': '', 'stkId': 'SGE02', 'displayLock': 'N', 'scanproflg': 1, 'scUrl': 'glassglass-products/hleglascoat/SGE02', 'columns': [{'name': 'change %', 'value': '3.49'}, {'name': 'LTP', 'value': '434.00'}, {'name': 'Close Price value', 'value': '434.00'}, {'name': 'change absolute', 'value': '14.65'}]}",OHLC_D_I_NR7BULLBO,NR 7 Breakout,Seven Bar Pattern,18,Range Breakout,NR7 is a 7-bar narrow range pattern. NR7 bullish breakout pattern scanner shows the list of stocks forming bullish breakout pattern after 7-bar consolidation.,,,False,1,N,,OHLC_D_I_NR7BULLBO
1790680517,"{'stkname': 'D. P. Abhushan', 'ltp': '', 'perChg': '', 'stkId': 'DPA01', 'displayLock': 'N', 'scanproflg': 1, 'scUrl': 'miscellaneous/dpabhushan/DPA01', 'columns': [{'name': 'change %', 'value': '20.00'}, {'name': 'LTP', 'value': '1,665.80'}, {'name': 'Close Price value', 'value': '1,665.80'}, {'name': 'change absolute', 'value': '277.60'}]}",OHLC_D_I_NR7BULLBO,NR 7 Breakout,Seven Bar Pattern,18,Range Breakout,NR7 is a 7-bar narrow range pattern. NR7 bullish breakout pattern scanner shows the list of stocks forming bullish breakout pattern after 7-bar consolidation.,,,False,1,N,,OHLC_D_I_NR7BULLBO
1790680517,"{'stkname': 'TTK Prestige', 'ltp': '', 'perChg': '', 'stkId': 'TTK02', 'displayLock': 'N', 'scanproflg': 1, 'scUrl': 'domestic-appliances/ttkprestige/TTK02', 'columns': [{'name': 'change %', 'value': '2.75'}, {'name': 'LTP', 'value': '528.00'}, {'name': 'Close Price value', 'value': '528.00'}, {'name': 'change absolute', 'value': '14.15'}]}",OHLC_D_I_NR7BULLBO,NR 7 Breakout,Seven Bar Pattern,18,Range Breakout,NR7 is a 7-bar narrow range pattern. NR7 bullish breakout pattern scanner shows the list of stocks forming bullish breakout pattern after 7-bar consolidation.,,,False,1,N,,OHLC_D_I_NR7BULLBO
1790680517,"{'stkname': 'Sigachi Ind', 'ltp': '', 'perChg': '', 'stkId': 'SIL17', 'displayLock': 'N', 'scanproflg': 1, 'scUrl': 'pharmaceuticalsdrugs/sigachiindustries/SIL19', 'columns': [{'name': 'change %', 'value': '1.15'}, {'name': 'LTP', 'value': '29.10'}, {'name': 'Close Price value', 'value': '29.10'}, {'name': 'change absolute', 'value': '0.33'}]}",OHLC_D_I_NR7BULLBO,NR 7 Breakout,Seven Bar Pattern,18,Range Breakout,NR7 is a 7-bar narrow range pattern. NR7 bullish breakout pattern scanner shows the list of stocks forming bullish breakout pattern after 7-bar consolidation.,,,False,1,N,,OHLC_D_I_NR7BULLBO
1790680517,"{'stkname': 'Apcotex Ind', 'ltp': '', 'perChg': '', 'stkId': 'AL05', 'displayLock': 'N', 'scanproflg': 1, 'scUrl': 'rubber/apcotexindustries/AI58', 'columns': [{'name': 'change %', 'value': '2.51'}, {'name': 'LTP', 'value': '600.70'}, {'name': 'Close Price value', 'value': '600.70'}, {'name': 'change absolute', 'value': '14.70'}]}",OHLC_D_I_NR7BULLBO,NR 7 Breakout,Seven Bar Pattern,18,Range Breakout,NR7 is a 7-bar narrow range pattern. NR7 bullish breakout pattern scanner shows the list of stocks forming bullish breakout pattern after 7-bar consolidation.,,,False,1,N,,OHLC_D_I_NR7BULLBO
1790680517,"{'stkname': 'Asian Granito', 'ltp': '', 'perChg': '', 'stkId': 'AGI04', 'displayLock': 'N', 'scanproflg': 1, 'scUrl': 'ceramicsgranite/asiangranitoindia/AGI04', 'columns': [{'name': 'change %', 'value': '0.68'}, {'name': 'LTP', 'value': '50.50'}, {'name': 'Close Price value', 'value': '50.50'}, {'name': 'change absolute', 'value': '0.34'}]}",OHLC_D_I_NR7BULLBO,NR 7 Breakout,Seven Bar Pattern,18,Range Breakout,NR7 is a 7-bar narrow range pattern. NR7 bullish breakout pattern scanner shows the list of stocks forming bullish breakout pattern after 7-bar consolidation.,,,False,1,N,,OHLC_D_I_NR7BULLBO
1790680517,"{'stkname': 'Minda Corp', 'ltp': '', 'perChg': '', 'stkId': 'MC22', 'displayLock': 'N', 'scanproflg': 1, 'scUrl': 'auto-ancillaries/mindacorporation/MC23', 'columns': [{'name': 'change %', 'value': '0.15'}, {'name': 'LTP', 'value': '674.00'}, {'name': 'Close Price value', 'value': '674.00'}, {'name': 'change absolute', 'value': '1.00'}]}",OHLC_D_I_NR7BULLBO,NR 7 Breakout,Seven Bar Pattern,18,Range Breakout,NR7 is a 7-bar narrow range pattern. NR7 bullish breakout pattern scanner shows the list of stocks forming bullish breakout pattern after 7-bar consolidation.,,,False,1,N,,OHLC_D_I_NR7BULLBO
1790680517,"{'stkname': 'Shilpa', 'ltp': '', 'perChg': '', 'stkId': 'SA04', 'displayLock': 'N', 'scanproflg': 1, 'scUrl': 'pharmaceuticals/shilpamedicare/SM19', 'columns': [{'name': 'change %', 'value': '2.70'}, {'name': 'LTP', 'value': '1,052.95'}, {'name': 'Close Price value', 'value': '1,052.95'}, {'name': 'change absolute', 'value': '27.70'}]}",OHLC_D_I_NR7BULLBO,NR 7 Breakout,Seven Bar Pattern,18,Range Breakout,NR7 is a 7-bar narrow range pattern. NR7 bullish breakout pattern scanner shows the list of stocks forming bullish breakout pattern after 7-bar consolidation.,,,False,1,N,,OHLC_D_I_NR7BULLBO
1790680517,"{'stkname': 'Biocon', 'ltp': '', 'perChg': '', 'stkId': 'BL03', 'displayLock': 'N', 'scanproflg': 1, 'scUrl': 'pharmaceuticals/biocon/BL03', 'columns': [{'name': 'change %', 'value': '0.56'}, {'name': 'LTP', 'value': '377.00'}, {'name': 'Close Price value', 'value': '377.00'}, {'name': 'change absolute', 'value': '2.10'}]}",OHLC_D_I_NR7BULLBO,NR 7 Breakout,Seven Bar Pattern,18,Range Breakout,NR7 is a 7-bar narrow range pattern. NR7 bullish breakout pattern scanner shows the list of stocks forming bullish breakout pattern after 7-bar consolidation.,,,False,1,N,,OHLC_D_I_NR7BULLBO
1790680517,"{'stkname': 'Aurobindo Pharm', 'ltp': '', 'perChg': '', 'stkId': 'AP', 'displayLock': 'N', 'scanproflg': 1, 'scUrl': 'pharmaceuticals/aurobindopharma/AP', 'columns': [{'name': 'change %', 'value': '0.01'}, {'name': 'LTP', 'value': '1,697.70'}, {'name': 'Close Price value', 'value': '1,697.70'}, {'name': 'change absolute', 'value': '0.20'}]}",OHLC_D_I_NR7BULLBO,NR 7 Breakout,Seven Bar Pattern,18,Range Breakout,NR7 is a 7-bar narrow range pattern. NR7 bullish breakout pattern scanner shows the list of stocks forming bullish breakout pattern after 7-bar consolidation.,,,False,1,N,,OHLC_D_I_NR7BULLBO
1790680517,"{'stkname': 'SBI ETF PVT BAN', 'ltp': '', 'perChg': '', 'stkId': 'SEP03', 'displayLock': 'N', 'scanproflg': 1, 'scUrl': 'finance-nbfc/sbietfprivatebank/SEP', 'columns': [{'name': 'change %', 'value': '0.04'}, {'name': 'LTP', 'value': '271.50'}, {'name': 'Close Price value', 'value': '271.50'}, {'name': 'change absolute', 'value': '0.10'}]}",OHLC_D_I_NR7BULLBO,NR 7 Breakout,Seven Bar Pattern,18,Range Breakout,NR7 is a 7-bar narrow range pattern. NR7 bullish breakout pattern scanner shows the list of stocks forming bullish breakout pattern after 7-bar consolidation.,,,False,1,N,,OHLC_D_I_NR7BULLBO
1790680517,"{'stkname': 'MO Select IPO', 'ltp': '', 'perChg': '', 'stkId': 'MOB', 'displayLock': 'N', 'scanproflg': 1, 'scUrl': 'etf/motilaloswalbseselectipoetf/MOB', 'columns': [{'name': 'change %', 'value': '0.15'}, {'name': 'LTP', 'value': '46.43'}, {'name': 'Close Price value', 'value': '46.43'}, {'name': 'change absolute', 'value': '0.07'}]}",OHLC_D_I_NR7BULLBO,NR 7 Breakout,Seven Bar Pattern,18,Range Breakout,NR7 is a 7-bar narrow range pattern. NR7 bullish breakout pattern scanner shows the list of stocks forming bullish breakout pattern after 7-bar consolidation.,,,False,1,N,,OHLC_D_I_NR7BULLBO
1790680517,"{'stkname': 'AXIS NI IT ETF', 'ltp': '', 'perChg': '', 'stkId': 'ATE04', 'displayLock': 'N', 'scanproflg': 1, 'scUrl': 'etf/axisniftyitetf/ATE04', 'columns': [{'name': 'change %', 'value': '0.98'}, {'name': 'LTP', 'value': '312.00'}, {'name': 'Close Price value', 'value': '312.00'}, {'name': 'change absolute', 'value': '3.03'}]}",OHLC_D_I_NR7BULLBO,NR 7 Breakout,Seven Bar Pattern,18,Range Breakout,NR7 is a 7-bar narrow range pattern. NR7 bullish breakout pattern scanner shows the list of stocks forming bullish breakout pattern after 7-bar consolidation.,,,False,1,N,,OHLC_D_I_NR7BULLBO
1790680517,"{'stkname': 'Mirae SP 500', 'ltp': '', 'perChg': '', 'stkId': 'MAS02', 'displayLock': 'N', 'scanproflg': 1, 'scUrl': 'etf/miraeassetsp500top50etf/MAS01', 'columns': [{'name': 'change %', 'value': '1.38'}, {'name': 'LTP', 'value': '99.90'}, {'name': 'Close Price value', 'value': '99.90'}, {'name': 'change absolute', 'value': '1.36'}]}",OHLC_D_I_NR7BULLBO,NR 7 Breakout,Seven Bar Pattern,18,Range Breakout,NR7 is a 7-bar narrow range pattern. NR7 bullish breakout pattern scanner shows the list of stocks forming bullish breakout pattern after 7-bar consolidation.,,,False,1,N,,OHLC_D_I_NR7BULLBO
1790680517,"{'stkname': 'Digitide Solut', 'ltp': '', 'perChg': '', 'stkId': 'DSL03', 'displayLock': 'N', 'scanproflg': 1, 'scUrl': 'it-servicesconsulting/digitidesolutions/DSL02', 'columns': [{'name': 'change %', 'value': '0.78'}, {'name': 'LTP', 'value': '85.55'}, {'name': 'Close Price value', 'value': '85.55'}, {'name': 'change absolute', 'value': '0.66'}]}",OHLC_D_I_NR7BULLBO,NR 7 Breakout,Seven Bar Pattern,18,Range Breakout,NR7 is a 7-bar narrow range pattern. NR7 bullish breakout pattern scanner shows the list of stocks forming bullish breakout pattern after 7-bar consolidation.,,,False,1,N,,OHLC_D_I_NR7BULLBO
1790680517,"{'stkname': 'Finkurve Fin', 'ltp': '', 'perChg': '', 'stkId': 'SL02', 'displayLock': 'N', 'scanproflg': 1, 'scUrl': 'finance-investments/finkurvefinancialservices/SL02', 'columns': [{'name': 'change %', 'value': '2.06'}, {'name': 'LTP', 'value': '55.45'}, {'name': 'Close Price value', 'value': '55.45'}, {'name': 'change absolute', 'value': '1.12'}]}",OHLC_D_I_NR7BULLBO,NR 7 Breakout,Seven Bar Pattern,18,Range Breakout,NR7 is a 7-bar narrow range pattern. NR7 bullish breakout pattern scanner shows the list of stocks forming bullish breakout pattern after 7-bar consolidation.,,,False,1,N,,OHLC_D_I_NR7BULLBO
1790680517,"{'stkname': 'Gr In.Internet', 'ltp': '', 'perChg': '', 'stkId': 'GROWW75781', 'displayLock': 'N', 'scanproflg': 1, 'scUrl': 'etf/growwniftyindiainternetetf/GROWW75781', 'columns': [{'name': 'change %', 'value': '1.48'}, {'name': 'LTP', 'value': '10.30'}, {'name': 'Close Price value', 'value': '10.30'}, {'name': 'change absolute', 'value': '0.15'}]}",OHLC_D_I_NR4BULLBO,NR 4 Breakout,Four Bar Pattern,18,Range Breakout,NR4 is a 4-bar narrow range pattern. NR4 bullish breakout pattern scanner shows the list of stocks forming bullish breakout pattern after 4-bar consolidation.,,,False,1,N,,OHLC_D_I_NR4BULLBO
1790680517,"{'stkname': 'Caliber Mining', 'ltp': '', 'perChg': '', 'stkId': 'CML03', 'displayLock': 'N', 'scanproflg': 1, 'scUrl': 'coal/calibermininglogistics/CML03', 'columns': [{'name': 'change %', 'value': '2.90'}, {'name': 'LTP', 'value': '540.00'}, {'name': 'Close Price value', 'value': '540.00'}, {'name': 'change absolute', 'value': '15.20'}]}",OHLC_D_I_NR4BULLBO,NR 4 Breakout,Four Bar Pattern,18,Range Breakout,NR4 is a 4-bar narrow range pattern. NR4 bullish breakout pattern scanner shows the list of stocks forming bullish breakout pattern after 4-bar consolidation.,,,False,1,N,,OHLC_D_I_NR4BULLBO
1790680517,"{'stkname': 'Indo-MIM', 'ltp': '', 'perChg': '', 'stkId': 'IL10', 'displayLock': 'N', 'scanproflg': 1, 'scUrl': 'metals-castingsforgings/indo-mim/IL09', 'columns': [{'name': 'change %', 'value': '1.66'}, {'name': 'LTP', 'value': '1,248.00'}, {'name': 'Close Price value', 'value': '1,248.00'}, {'name': 'change absolute', 'value': '20.40'}]}",OHLC_D_I_NR4BULLBO,NR 4 Breakout,Four Bar Pattern,18,Range Breakout,NR4 is a 4-bar narrow range pattern. NR4 bullish breakout pattern scanner shows the list of stocks forming bullish breakout pattern after 4-bar consolidation.,,,False,1,N,,OHLC_D_I_NR4BULLBO
1790680517,"{'stkname': 'Priority Jewels', 'ltp': '', 'perChg': '', 'stkId': 'PJL01', 'displayLock': 'N', 'scanproflg': 1, 'scUrl': 'diamondjewellery/priorityjewels/PJL01', 'columns': [{'name': 'change %', 'value': '0.02'}, {'name': 'LTP', 'value': '301.00'}, {'name': 'Close Price value', 'value': '301.00'}, {'name': 'change absolute', 'value': '0.07'}]}",OHLC_D_I_NR4BULLBO,NR 4 Breakout,Four Bar Pattern,18,Range Breakout,NR4 is a 4-bar narrow range pattern. NR4 bullish breakout pattern scanner shows the list of stocks forming bullish breakout pattern after 4-bar consolidation.,,,False,1,N,,OHLC_D_I_NR4BULLBO
1790680517,"{'stkname': 'Innovision', 'ltp': '', 'perChg': '', 'stkId': 'IL09', 'displayLock': 'N', 'scanproflg': 1, 'scUrl': 'misc-commercial-services/innovision/IL08', 'columns': [{'name': 'change %', 'value': '0.14'}, {'name': 'LTP', 'value': '252.05'}, {'name': 'Close Price value', 'value': '252.05'}, {'name': 'change absolute', 'value': '0.35'}]}",OHLC_D_I_NR4BULLBO,NR 4 Breakout,Four Bar Pattern,18,Range Breakout,NR4 is a 4-bar narrow range pattern. NR4 bullish breakout pattern scanner shows the list of stocks forming bullish breakout pattern after 4-bar consolidation.,,,False,1,N,,OHLC_D_I_NR4BULLBO
1790680517,"{'stkname': 'Manipal Health ', 'ltp': '', 'perChg': '', 'stkId': 'MHEL', 'displayLock': 'N', 'scanproflg': 1, 'scUrl': 'hospitalhealthcare-services/manipalhealthenterprises/MHEL', 'columns': [{'name': 'change %', 'value': '3.25'}, {'name': 'LTP', 'value': '746.00'}, {'name': 'Close Price value', 'value': '746.00'}, {'name': 'change absolute', 'value': '23.50'}]}",OHLC_D_I_NR4BULLBO,NR 4 Breakout,Four Bar Pattern,18,Range Breakout,NR4 is a 4-bar narrow range pattern. NR4 bullish breakout pattern scanner shows the list of stocks forming bullish breakout pattern after 4-bar consolidation.,,,False,1,N,,OHLC_D_I_NR4BULLBO
1790680517,"{'stkname': 'Rays of Belief', 'ltp': '', 'perChg': '', 'stkId': 'ROB', 'displayLock': 'N', 'scanproflg': 1, 'scUrl': 'hospitalhealthcare-services/raysbelief/RoB', 'columns': [{'name': 'change %', 'value': '13.27'}, {'name': 'LTP', 'value': '252.60'}, {'name': 'Close Price value', 'value': '252.60'}, {'name': 'change absolute', 'value': '29.59'}]}",OHLC_D_I_NR4BULLBO,NR 4 Breakout,Four Bar Pattern,18,Range Breakout,NR4 is a 4-bar narrow range pattern. NR4 bullish breakout pattern scanner shows the list of stocks forming bullish breakout pattern after 4-bar consolidation.,,,False,1,N,,OHLC_D_I_NR4BULLBO
1790680517,"{'stkname': 'Alpine Texworld', 'ltp': '', 'perChg': '', 'stkId': 'ATL07', 'displayLock': 'N', 'scanproflg': 1, 'scUrl': 'textiles/alpinetexworld/ATL06', 'columns': [{'name': 'change %', 'value': '0.70'}, {'name': 'LTP', 'value': '48.70'}, {'name': 'Close Price value', 'value': '48.70'}, {'name': 'change absolute', 'value': '0.34'}]}",OHLC_D_I_NR4BULLBO,NR 4 Breakout,Four Bar Pattern,18,Range Breakout,NR4 is a 4-bar narrow range pattern. NR4 bullish breakout pattern scanner shows the list of stocks forming bullish breakout pattern after 4-bar consolidation.,,,False,1,N,,OHLC_D_I_NR4BULLBO
1790680517,"{'stkname': 'MV Electrosyste', 'ltp': '', 'perChg': '', 'stkId': 'MEL04', 'displayLock': 'N', 'scanproflg': 1, 'scUrl': 'electric-equipment-switchgears/mvelectrosystems/MEL04', 'columns': [{'name': 'change %', 'value': '6.57'}, {'name': 'LTP', 'value': '838.00'}, {'name': 'Close Price value', 'value': '838.00'}, {'name': 'change absolute', 'value': '51.65'}]}",OHLC_D_I_NR4BULLBO,NR 4 Breakout,Four Bar Pattern,18,Range Breakout,NR4 is a 4-bar narrow range pattern. NR4 bullish breakout pattern scanner shows the list of stocks forming bullish breakout pattern after 4-bar consolidation.,,,False,1,N,,OHLC_D_I_NR4BULLBO
1790680517,"{'stkname': 'Piccadily Agro', 'ltp': '', 'perChg': '', 'stkId': 'PAI03', 'displayLock': 'N', 'scanproflg': 1, 'scUrl': 'breweriesdistilleries/piccadilyagroindustries/PAI03', 'columns': [{'name': 'change %', 'value': '0.57'}, {'name': 'LTP', 'value': '603.90'}, {'name': 'Close Price value', 'value': '603.90'}, {'name': 'change absolute', 'value': '3.40'}]}",OHLC_D_I_NR4BULLBO,NR 4 Breakout,Four Bar Pattern,18,Range Breakout,NR4 is a 4-bar narrow range pattern. NR4 bullish breakout pattern scanner shows the list of stocks forming bullish breakout pattern after 4-bar consolidation.,,,False,1,N,,OHLC_D_I_NR4BULLBO
1790680517,"{'stkname': 'Vintage Coffee', 'ltp': '', 'perChg': '', 'stkId': 'SP40', 'displayLock': 'N', 'scanproflg': 1, 'scUrl': 'miscellaneous/vintagecoffeebeverages/SP41', 'columns': [{'name': 'change %', 'value': '1.18'}, {'name': 'LTP', 'value': '182.10'}, {'name': 'Close Price value', 'value': '182.10'}, {'name': 'change absolute', 'value': '2.13'}]}",OHLC_D_I_NR4BULLBO,NR 4 Breakout,Four Bar Pattern,18,Range Breakout,NR4 is a 4-bar narrow range pattern. NR4 bullish breakout pattern scanner shows the list of stocks forming bullish breakout pattern after 4-bar consolidation.,,,False,1,N,,OHLC_D_I_NR4BULLBO
1790680517,"{'stkname': 'OnEMI Technolog', 'ltp': '', 'perChg': '', 'stkId': 'OTS', 'displayLock': 'N', 'scanproflg': 1, 'scUrl': 'finance-nbfc/onemitechnologysolutions/OTS', 'columns': [{'name': 'change %', 'value': '2.64'}, {'name': 'LTP', 'value': '354.00'}, {'name': 'Close Price value', 'value': '354.00'}, {'name': 'change absolute', 'value': '9.10'}]}",OHLC_D_I_NR4BULLBO,NR 4 Breakout,Four Bar Pattern,18,Range Breakout,NR4 is a 4-bar narrow range pattern. NR4 bullish breakout pattern scanner shows the list of stocks forming bullish breakout pattern after 4-bar consolidation.,,,False,1,N,,OHLC_D_I_NR4BULLBO
1790680517,"{'stkname': 'LLOYDS ENTER', 'ltp': '', 'perChg': '', 'stkId': 'SGT', 'displayLock': 'N', 'scanproflg': 1, 'scUrl': 'finance-investments/lloydsenterprises/SGT', 'columns': [{'name': 'change %', 'value': '3.67'}, {'name': 'LTP', 'value': '79.13'}, {'name': 'Close Price value', 'value': '79.13'}, {'name': 'change absolute', 'value': '2.80'}]}",OHLC_D_I_NR4BULLBO,NR 4 Breakout,Four Bar Pattern,18,Range Breakout,NR4 is a 4-bar narrow range pattern. NR4 bullish breakout pattern scanner shows the list of stocks forming bullish breakout pattern after 4-bar consolidation.,,,False,1,N,,OHLC_D_I_NR4BULLBO
1790680517,"{'stkname': 'NIBE', 'ltp': '', 'perChg': '', 'stkId': 'KF11', 'displayLock': 'N', 'scanproflg': 1, 'scUrl': 'aerospacedefence/nibe/KF', 'columns': [{'name': 'change %', 'value': '0.21'}, {'name': 'LTP', 'value': '1,240.00'}, {'name': 'Close Price value', 'value': '1,240.00'}, {'name': 'change absolute', 'value': '2.60'}]}",OHLC_D_I_NR4BULLBO,NR 4 Breakout,Four Bar Pattern,18,Range Breakout,NR4 is a 4-bar narrow range pattern. NR4 bullish breakout pattern scanner shows the list of stocks forming bullish breakout pattern after 4-bar consolidation.,,,False,1,N,,OHLC_D_I_NR4BULLBO
1790680517,"{'stkname': 'Sika Interplant', 'ltp': '', 'perChg': '', 'stkId': 'SIS02', 'displayLock': 'N', 'scanproflg': 1, 'scUrl': 'aerospacedefence/sikainterplantsystems/SIS02', 'columns': [{'name': 'change %', 'value': '1.04'}, {'name': 'LTP', 'value': '1,032.00'}, {'name': 'Close Price value', 'value': '1,032.00'}, {'name': 'change absolute', 'value': '10.65'}]}",OHLC_D_I_NR4BULLBO,NR 4 Breakout,Four Bar Pattern,18,Range Breakout,NR4 is a 4-bar narrow range pattern. NR4 bullish breakout pattern scanner shows the list of stocks forming bullish breakout pattern after 4-bar consolidation.,,,False,1,N,,OHLC_D_I_NR4BULLBO
1790680517,"{'stkname': 'Central Mine', 'ltp': '', 'perChg': '', 'stkId': 'CMPDIL', 'displayLock': 'N', 'scanproflg': 1, 'scUrl': 'misc-commercial-services/centralmineplanningdesigninstitute/CMPDIL', 'columns': [{'name': 'change %', 'value': '3.93'}, {'name': 'LTP', 'value': '212.63'}, {'name': 'Close Price value', 'value': '212.63'}, {'name': 'change absolute', 'value': '8.05'}]}",OHLC_D_I_NR4BULLBO,NR 4 Breakout,Four Bar Pattern,18,Range Breakout,NR4 is a 4-bar narrow range pattern. NR4 bullish breakout pattern scanner shows the list of stocks forming bullish breakout pattern after 4-bar consolidation.,,,False,1,N,,OHLC_D_I_NR4BULLBO
1790680517,"{'stkname': 'GE Power India', 'ltp': '', 'perChg': '', 'stkId': 'ABB01', 'displayLock': 'N', 'scanproflg': 1, 'scUrl': 'power-transmissionequipment/gepowerindia/AP29', 'columns': [{'name': 'change %', 'value': '5.00'}, {'name': 'LTP', 'value': '683.95'}, {'name': 'Close Price value', 'value': '683.95'}, {'name': 'change absolute', 'value': '32.55'}]}",OHLC_D_I_NR4BULLBO,NR 4 Breakout,Four Bar Pattern,18,Range Breakout,NR4 is a 4-bar narrow range pattern. NR4 bullish breakout pattern scanner shows the list of stocks forming bullish breakout pattern after 4-bar consolidation.,,,False,1,N,,OHLC_D_I_NR4BULLBO
1790680517,"{'stkname': 'Sundrop Brands', 'ltp': '', 'perChg': '', 'stkId': 'ITC02', 'displayLock': 'N', 'scanproflg': 1, 'scUrl': 'edible-oilssolvent-extraction/sundropbrands/ATF', 'columns': [{'name': 'change %', 'value': '1.73'}, {'name': 'LTP', 'value': '753.00'}, {'name': 'Close Price value', 'value': '753.00'}, {'name': 'change absolute', 'value': '12.80'}]}",OHLC_D_I_NR4BULLBO,NR 4 Breakout,Four Bar Pattern,18,Range Breakout,NR4 is a 4-bar narrow range pattern. NR4 bullish breakout pattern scanner shows the list of stocks forming bullish breakout pattern after 4-bar consolidation.,,,False,1,N,,OHLC_D_I_NR4BULLBO
1790680517,"{'stkname': 'Jaykay Ent', 'ltp': '', 'perChg': '', 'stkId': 'JKS', 'displayLock': 'N', 'scanproflg': 1, 'scUrl': 'aerospacedefence/jaykayenterprises/JKS', 'columns': [{'name': 'change %', 'value': '0.83'}, {'name': 'LTP', 'value': '205.50'}, {'name': 'Close Price value', 'value': '205.50'}, {'name': 'change absolute', 'value': '1.69'}]}",OHLC_D_I_NR4BULLBO,NR 4 Breakout,Four Bar Pattern,18,Range Breakout,NR4 is a 4-bar narrow range pattern. NR4 bullish breakout pattern scanner shows the list of stocks forming bullish breakout pattern after 4-bar consolidation.,,,False,1,N,,OHLC_D_I_NR4BULLBO
1790680517,"{'stkname': 'Jain Resource', 'ltp': '', 'perChg': '', 'stkId': 'JRRL', 'displayLock': 'N', 'scanproflg': 1, 'scUrl': 'metals-non-ferrous/jainresourcerecycling/JRRL', 'columns': [{'name': 'change %', 'value': '1.35'}, {'name': 'LTP', 'value': '285.55'}, {'name': 'Close Price value', 'value': '285.55'}, {'name': 'change absolute', 'value': '3.80'}]}",OHLC_D_I_NR4BULLBO,NR 4 Breakout,Four Bar Pattern,18,Range Breakout,NR4 is a 4-bar narrow range pattern. NR4 bullish breakout pattern scanner shows the list of stocks forming bullish breakout pattern after 4-bar consolidation.,,,False,1,N,,OHLC_D_I_NR4BULLBO
1790680517,"{'stkname': 'Wakefit Inno', 'ltp': '', 'perChg': '', 'stkId': 'WIL01', 'displayLock': 'N', 'scanproflg': 1, 'scUrl': 'householdpersonal-products/wakefitinnovations/WIL01', 'columns': [{'name': 'change %', 'value': '3.81'}, {'name': 'LTP', 'value': '143.85'}, {'name': 'Close Price value', 'value': '143.85'}, {'name': 'change absolute', 'value': '5.28'}]}",OHLC_D_I_NR4BULLBO,NR 4 Breakout,Four Bar Pattern,18,Range Breakout,NR4 is a 4-bar narrow range pattern. NR4 bullish breakout pattern scanner shows the list of stocks forming bullish breakout pattern after 4-bar consolidation.,,,False,1,N,,OHLC_D_I_NR4BULLBO
1790680517,"{'stkname': 'Om Freight', 'ltp': '', 'perChg': '', 'stkId': 'OFFL', 'displayLock': 'N', 'scanproflg': 1, 'scUrl': 'ground-freightlogistics-services/omfreightforwarders/OFFL', 'columns': [{'name': 'change %', 'value': '5.00'}, {'name': 'LTP', 'value': '93.46'}, {'name': 'Close Price value', 'value': '93.46'}, {'name': 'change absolute', 'value': '4.45'}]}",OHLC_D_I_NR4BULLBO,NR 4 Breakout,Four Bar Pattern,18,Range Breakout,NR4 is a 4-bar narrow range pattern. NR4 bullish breakout pattern scanner shows the list of stocks forming bullish breakout pattern after 4-bar consolidation.,,,False,1,N,,OHLC_D_I_NR4BULLBO
1790680517,"{'stkname': 'CMR Green Tech', 'ltp': '', 'perChg': '', 'stkId': 'CGTL', 'displayLock': 'N', 'scanproflg': 1, 'scUrl': 'metals-non-ferrous/cmrgreentechnologies/CGTL', 'columns': [{'name': 'change %', 'value': '3.21'}, {'name': 'LTP', 'value': '228.89'}, {'name': 'Close Price value', 'value': '228.89'}, {'name': 'change absolute', 'value': '7.12'}]}",OHLC_D_I_NR4BULLBO,NR 4 Breakout,Four Bar Pattern,18,Range Breakout,NR4 is a 4-bar narrow range pattern. NR4 bullish breakout pattern scanner shows the list of stocks forming bullish breakout pattern after 4-bar consolidation.,,,False,1,N,,OHLC_D_I_NR4BULLBO
1790680517,"{'stkname': 'Baazar Style', 'ltp': '', 'perChg': '', 'stkId': 'BSR02', 'displayLock': 'N', 'scanproflg': 1, 'scUrl': 'trading/baazarstyleretail/BSR03', 'columns': [{'name': 'change %', 'value': '3.37'}, {'name': 'LTP', 'value': '407.80'}, {'name': 'Close Price value', 'value': '407.80'}, {'name': 'change absolute', 'value': '13.30'}]}",OHLC_D_I_NR4BULLBO,NR 4 Breakout,Four Bar Pattern,18,Range Breakout,NR4 is a 4-bar narrow range pattern. NR4 bullish breakout pattern scanner shows the list of stocks forming bullish breakout pattern after 4-bar consolidation.,,,False,1,N,,OHLC_D_I_NR4BULLBO
1790680517,"{'stkname': 'Gala Precision ', 'ltp': '', 'perChg': '', 'stkId': 'GPEL', 'displayLock': 'N', 'scanproflg': 1, 'scUrl': 'metals-castingsforgings/galaprecisionengineering/GPEL', 'columns': [{'name': 'change %', 'value': '1.30'}, {'name': 'LTP', 'value': '1,155.00'}, {'name': 'Close Price value', 'value': '1,155.00'}, {'name': 'change absolute', 'value': '14.80'}]}",OHLC_D_I_NR4BULLBO,NR 4 Breakout,Four Bar Pattern,18,Range Breakout,NR4 is a 4-bar narrow range pattern. NR4 bullish breakout pattern scanner shows the list of stocks forming bullish breakout pattern after 4-bar consolidation.,,,False,1,N,,OHLC_D_I_NR4BULLBO
1790680517,"{'stkname': 'RBZ Jewellers', 'ltp': '', 'perChg': '', 'stkId': 'RJL', 'displayLock': 'N', 'scanproflg': 1, 'scUrl': 'diamondjewellery/rbzjewellers/RJL', 'columns': [{'name': 'change %', 'value': '3.47'}, {'name': 'LTP', 'value': '196.50'}, {'name': 'Close Price value', 'value': '196.50'}, {'name': 'change absolute', 'value': '6.59'}]}",OHLC_D_I_NR4BULLBO,NR 4 Breakout,Four Bar Pattern,18,Range Breakout,NR4 is a 4-bar narrow range pattern. NR4 bullish breakout pattern scanner shows the list of stocks forming bullish breakout pattern after 4-bar consolidation.,,,False,1,N,,OHLC_D_I_NR4BULLBO
1790680517,"{'stkname': 'Senores Pharma', 'ltp': '', 'perChg': '', 'stkId': 'SPL12', 'displayLock': 'N', 'scanproflg': 1, 'scUrl': 'pharmaceuticalsdrugs/senorespharmaceuticals/SPL10', 'columns': [{'name': 'change %', 'value': '3.12'}, {'name': 'LTP', 'value': '1,394.00'}, {'name': 'Close Price value', 'value': '1,394.00'}, {'name': 'change absolute', 'value': '42.20'}]}",OHLC_D_I_NR4BULLBO,NR 4 Breakout,Four Bar Pattern,18,Range Breakout,NR4 is a 4-bar narrow range pattern. NR4 bullish breakout pattern scanner shows the list of stocks forming bullish breakout pattern after 4-bar consolidation.,,,False,1,N,,OHLC_D_I_NR4BULLBO
1790680517,"{'stkname': 'Bluestone Jewel', 'ltp': '', 'perChg': '', 'stkId': 'BJL', 'displayLock': 'N', 'scanproflg': 1, 'scUrl': 'diamondjewellery/bluestonejewellerylifestyle/BJL', 'columns': [{'name': 'change %', 'value': '1.62'}, {'name': 'LTP', 'value': '798.90'}, {'name': 'Close Price value', 'value': '798.90'}, {'name': 'change absolute', 'value': '12.70'}]}",OHLC_D_I_NR4BULLBO,NR 4 Breakout,Four Bar Pattern,18,Range Breakout,NR4 is a 4-bar narrow range pattern. NR4 bullish breakout pattern scanner shows the list of stocks forming bullish breakout pattern after 4-bar consolidation.,,,False,1,N,,OHLC_D_I_NR4BULLBO
1790680517,"{'stkname': 'LE Travenues Te', 'ltp': '', 'perChg': '', 'stkId': 'LTT', 'displayLock': 'N', 'scanproflg': 1, 'scUrl': 'travel-services/letravenuestechnologyixigo/LTT', 'columns': [{'name': 'change %', 'value': '3.17'}, {'name': 'LTP', 'value': '160.00'}, {'name': 'Close Price value', 'value': '160.00'}, {'name': 'change absolute', 'value': '4.92'}]}",OHLC_D_I_NR4BULLBO,NR 4 Breakout,Four Bar Pattern,18,Range Breakout,NR4 is a 4-bar narrow range pattern. NR4 bullish breakout pattern scanner shows the list of stocks forming bullish breakout pattern after 4-bar consolidation.,,,False,1,N,,OHLC_D_I_NR4BULLBO
1790680517,"{'stkname': 'Emcure Pharmace', 'ltp': '', 'perChg': '', 'stkId': 'EPL', 'displayLock': 'N', 'scanproflg': 1, 'scUrl': 'pharmaceuticalsdrugs/emcurepharmaceuticals/EPL', 'columns': [{'name': 'change %', 'value': '0.75'}, {'name': 'LTP', 'value': '1,942.20'}, {'name': 'Close Price value', 'value': '1,942.20'}, {'name': 'change absolute', 'value': '14.40'}]}",OHLC_D_I_NR4BULLBO,NR 4 Breakout,Four Bar Pattern,18,Range Breakout,NR4 is a 4-bar narrow range pattern. NR4 bullish breakout pattern scanner shows the list of stocks forming bullish breakout pattern after 4-bar consolidation.,,,False,1,N,,OHLC_D_I_NR4BULLBO
1790680517,"{'stkname': 'Shree Tirupati ', 'ltp': '', 'perChg': '', 'stkId': 'STBATCL', 'displayLock': 'N', 'scanproflg': 1, 'scUrl': 'packaging-packaging-materials/shreetirupatibalajeeagrotradingcompany/STBATCL', 'columns': [{'name': 'change %', 'value': '2.30'}, {'name': 'LTP', 'value': '25.83'}, {'name': 'Close Price value', 'value': '25.83'}, {'name': 'change absolute', 'value': '0.58'}]}",OHLC_D_I_NR4BULLBO,NR 4 Breakout,Four Bar Pattern,18,Range Breakout,NR4 is a 4-bar narrow range pattern. NR4 bullish breakout pattern scanner shows the list of stocks forming bullish breakout pattern after 4-bar consolidation.,,,False,1,N,,OHLC_D_I_NR4BULLBO
1790680517,"{'stkname': 'BlackBuck', 'ltp': '', 'perChg': '', 'stkId': 'ZLSL', 'displayLock': 'N', 'scanproflg': 1, 'scUrl': 'online-services/blackbuck/ZLSL', 'columns': [{'name': 'change %', 'value': '3.93'}, {'name': 'LTP', 'value': '624.80'}, {'name': 'Close Price value', 'value': '624.80'}, {'name': 'change absolute', 'value': '23.60'}]}",OHLC_D_I_NR4BULLBO,NR 4 Breakout,Four Bar Pattern,18,Range Breakout,NR4 is a 4-bar narrow range pattern. NR4 bullish breakout pattern scanner shows the list of stocks forming bullish breakout pattern after 4-bar consolidation.,,,False,1,N,,OHLC_D_I_NR4BULLBO
1790680517,"{'stkname': 'Inventurus Know', 'ltp': '', 'perChg': '', 'stkId': 'IKS', 'displayLock': 'N', 'scanproflg': 1, 'scUrl': 'software/inventurusknowledgesolutions/IKS', 'columns': [{'name': 'change %', 'value': '0.36'}, {'name': 'LTP', 'value': '1,774.80'}, {'name': 'Close Price value', 'value': '1,774.80'}, {'name': 'change absolute', 'value': '6.40'}]}",OHLC_D_I_NR4BULLBO,NR 4 Breakout,Four Bar Pattern,18,Range Breakout,NR4 is a 4-bar narrow range pattern. NR4 bullish breakout pattern scanner shows the list of stocks forming bullish breakout pattern after 4-bar consolidation.,,,False,1,N,,OHLC_D_I_NR4BULLBO
1790680517,"{'stkname': 'QMS Medical', 'ltp': '', 'perChg': '', 'stkId': 'QMA', 'displayLock': 'N', 'scanproflg': 1, 'scUrl': 'medical-equipmentsuppliesaccessories/qmsmedicalalliedservices/QMA', 'columns': [{'name': 'change %', 'value': '5.00'}, {'name': 'LTP', 'value': '216.79'}, {'name': 'Close Price value', 'value': '216.79'}, {'name': 'change absolute', 'value': '10.32'}]}",OHLC_D_I_NR4BULLBO,NR 4 Breakout,Four Bar Pattern,18,Range Breakout,NR4 is a 4-bar narrow range pattern. NR4 bullish breakout pattern scanner shows the list of stocks forming bullish breakout pattern after 4-bar consolidation.,,,False,1,N,,OHLC_D_I_NR4BULLBO
1790680517,"{'stkname': 'Meesho', 'ltp': '', 'perChg': '', 'stkId': 'ML15', 'displayLock': 'N', 'scanproflg': 1, 'scUrl': 'retailing/meesho/ML13', 'columns': [{'name': 'change %', 'value': '2.61'}, {'name': 'LTP', 'value': '222.49'}, {'name': 'Close Price value', 'value': '222.49'}, {'name': 'change absolute', 'value': '5.66'}]}",OHLC_D_I_NR4BULLBO,NR 4 Breakout,Four Bar Pattern,18,Range Breakout,NR4 is a 4-bar narrow range pattern. NR4 bullish breakout pattern scanner shows the list of stocks forming bullish breakout pattern after 4-bar consolidation.,,,False,1,N,,OHLC_D_I_NR4BULLBO
1790680517,"{'stkname': 'Tembo Global', 'ltp': '', 'perChg': '', 'stkId': 'SE27', 'displayLock': 'N', 'scanproflg': 1, 'scUrl': 'engineering-industrial-equipments/temboglobalindustries/SE25', 'columns': [{'name': 'change %', 'value': '0.57'}, {'name': 'LTP', 'value': '58.08'}, {'name': 'Close Price value', 'value': '58.08'}, {'name': 'change absolute', 'value': '0.33'}]}",OHLC_D_I_NR4BULLBO,NR 4 Breakout,Four Bar Pattern,18,Range Breakout,NR4 is a 4-bar narrow range pattern. NR4 bullish breakout pattern scanner shows the list of stocks forming bullish breakout pattern after 4-bar consolidation.,,,False,1,N,,OHLC_D_I_NR4BULLBO
1790680517,"{'stkname': 'Indo Rama Synth', 'ltp': '', 'perChg': '', 'stkId': 'IRS', 'displayLock': 'N', 'scanproflg': 1, 'scUrl': 'textiles-spinning-synthetic-blended/indoramasyntheticsindia/IRS', 'columns': [{'name': 'change %', 'value': '3.17'}, {'name': 'LTP', 'value': '104.00'}, {'name': 'Close Price value', 'value': '104.00'}, {'name': 'change absolute', 'value': '3.20'}]}",OHLC_D_I_NR4BULLBO,NR 4 Breakout,Four Bar Pattern,18,Range Breakout,NR4 is a 4-bar narrow range pattern. NR4 bullish breakout pattern scanner shows the list of stocks forming bullish breakout pattern after 4-bar consolidation.,,,False,1,N,,OHLC_D_I_NR4BULLBO
1790680517,"{'stkname': 'Vardhman Acryli', 'ltp': '', 'perChg': '', 'stkId': 'VA08', 'displayLock': 'N', 'scanproflg': 1, 'scUrl': 'textilesapparel/vardhmanacrylics/VA08', 'columns': [{'name': 'change %', 'value': '1.14'}, {'name': 'LTP', 'value': '44.30'}, {'name': 'Close Price value', 'value': '44.30'}, {'name': 'change absolute', 'value': '0.50'}]}",OHLC_D_I_NR4BULLBO,NR 4 Breakout,Four Bar Pattern,18,Range Breakout,NR4 is a 4-bar narrow range pattern. NR4 bullish breakout pattern scanner shows the list of stocks forming bullish breakout pattern after 4-bar consolidation.,,,False,1,N,,OHLC_D_I_NR4BULLBO
1790680517,"{'stkname': 'Creative New', 'ltp': '', 'perChg': '', 'stkId': 'CPD', 'displayLock': 'N', 'scanproflg': 1, 'scUrl': 'miscellaneous/creativenewtech/CPD', 'columns': [{'name': 'change %', 'value': '2.92'}, {'name': 'LTP', 'value': '1,104.00'}, {'name': 'Close Price value', 'value': '1,104.00'}, {'name': 'change absolute', 'value': '31.30'}]}",OHLC_D_I_NR4BULLBO,NR 4 Breakout,Four Bar Pattern,18,Range Breakout,NR4 is a 4-bar narrow range pattern. NR4 bullish breakout pattern scanner shows the list of stocks forming bullish breakout pattern after 4-bar consolidation.,,,False,1,N,,OHLC_D_I_NR4BULLBO
1790680517,"{'stkname': 'Peria Karamalai', 'ltp': '', 'perChg': '', 'stkId': 'PKT', 'displayLock': 'N', 'scanproflg': 1, 'scUrl': 'plantations-teacoffee/periakaramalaiteaproducecompany/PKT', 'columns': [{'name': 'change %', 'value': '0.54'}, {'name': 'LTP', 'value': '1,000.00'}, {'name': 'Close Price value', 'value': '1,000.00'}, {'name': 'change absolute', 'value': '5.40'}]}",OHLC_D_I_NR4BULLBO,NR 4 Breakout,Four Bar Pattern,18,Range Breakout,NR4 is a 4-bar narrow range pattern. NR4 bullish breakout pattern scanner shows the list of stocks forming bullish breakout pattern after 4-bar consolidation.,,,False,1,N,,OHLC_D_I_NR4BULLBO
1790680517,"{'stkname': 'Mahalaxmi Rub', 'ltp': '', 'perChg': '', 'stkId': 'MR02', 'displayLock': 'N', 'scanproflg': 1, 'scUrl': 'rubber/mahalaxmirubtech/MR02', 'columns': [{'name': 'change %', 'value': '1.92'}, {'name': 'LTP', 'value': '176.88'}, {'name': 'Close Price value', 'value': '176.88'}, {'name': 'change absolute', 'value': '3.33'}]}",OHLC_D_I_NR4BULLBO,NR 4 Breakout,Four Bar Pattern,18,Range Breakout,NR4 is a 4-bar narrow range pattern. NR4 bullish breakout pattern scanner shows the list of stocks forming bullish breakout pattern after 4-bar consolidation.,,,False,1,N,,OHLC_D_I_NR4BULLBO
1790680517,"{'stkname': 'Mayur Uniquoter', 'ltp': '', 'perChg': '', 'stkId': 'MU', 'displayLock': 'N', 'scanproflg': 1, 'scUrl': 'plastics/mayuruniquoters/MU', 'columns': [{'name': 'change %', 'value': '1.11'}, {'name': 'LTP', 'value': '725.00'}, {'name': 'Close Price value', 'value': '725.00'}, {'name': 'change absolute', 'value': '7.95'}]}",OHLC_D_I_NR4BULLBO,NR 4 Breakout,Four Bar Pattern,18,Range Breakout,NR4 is a 4-bar narrow range pattern. NR4 bullish breakout pattern scanner shows the list of stocks forming bullish breakout pattern after 4-bar consolidation.,,,False,1,N,,OHLC_D_I_NR4BULLBO
1790680517,"{'stkname': 'Surana Telecom', 'ltp': '', 'perChg': '', 'stkId': 'ST12', 'displayLock': 'N', 'scanproflg': 1, 'scUrl': 'cables-telephone/suranatelecompower/ST12', 'columns': [{'name': 'change %', 'value': '0.51'}, {'name': 'LTP', 'value': '15.80'}, {'name': 'Close Price value', 'value': '15.80'}, {'name': 'change absolute', 'value': '0.08'}]}",OHLC_D_I_NR4BULLBO,NR 4 Breakout,Four Bar Pattern,18,Range Breakout,NR4 is a 4-bar narrow range pattern. NR4 bullish breakout pattern scanner shows the list of stocks forming bullish breakout pattern after 4-bar consolidation.,,,False,1,N,,OHLC_D_I_NR4BULLBO
1790680517,"{'stkname': 'PTC India', 'ltp': '', 'perChg': '', 'stkId': 'PTC01', 'displayLock': 'N', 'scanproflg': 1, 'scUrl': 'trading/ptcindia/PTC02', 'columns': [{'name': 'change %', 'value': '0.53'}, {'name': 'LTP', 'value': '155.70'}, {'name': 'Close Price value', 'value': '155.70'}, {'name': 'change absolute', 'value': '0.82'}]}",OHLC_D_I_NR4BULLBO,NR 4 Breakout,Four Bar Pattern,18,Range Breakout,NR4 is a 4-bar narrow range pattern. NR4 bullish breakout pattern scanner shows the list of stocks forming bullish breakout pattern after 4-bar consolidation.,,,False,1,N,,OHLC_D_I_NR4BULLBO
1790680517,"{'stkname': 'Mcleod', 'ltp': '', 'perChg': '', 'stkId': 'MRI02', 'displayLock': 'N', 'scanproflg': 1, 'scUrl': 'plantations-teacoffee/mcleodrusselindia/MRI02', 'columns': [{'name': 'change %', 'value': '0.07'}, {'name': 'LTP', 'value': '43.70'}, {'name': 'Close Price value', 'value': '43.70'}, {'name': 'change absolute', 'value': '0.03'}]}",OHLC_D_I_NR4BULLBO,NR 4 Breakout,Four Bar Pattern,18,Range Breakout,NR4 is a 4-bar narrow range pattern. NR4 bullish breakout pattern scanner shows the list of stocks forming bullish breakout pattern after 4-bar consolidation.,,,False,1,N,,OHLC_D_I_NR4BULLBO
1790680517,"{'stkname': 'Kriti Ind', 'ltp': '', 'perChg': '', 'stkId': 'KII', 'displayLock': 'N', 'scanproflg': 1, 'scUrl': 'plastics/kritiindustriesindia/KII', 'columns': [{'name': 'change %', 'value': '3.57'}, {'name': 'LTP', 'value': '62.42'}, {'name': 'Close Price value', 'value': '62.42'}, {'name': 'change absolute', 'value': '2.15'}]}",OHLC_D_I_NR4BULLBO,NR 4 Breakout,Four Bar Pattern,18,Range Breakout,NR4 is a 4-bar narrow range pattern. NR4 bullish breakout pattern scanner shows the list of stocks forming bullish breakout pattern after 4-bar consolidation.,,,False,1,N,,OHLC_D_I_NR4BULLBO
1790680517,"{'stkname': 'Premier Polyfil', 'ltp': '', 'perChg': '', 'stkId': 'PP19', 'displayLock': 'N', 'scanproflg': 1, 'scUrl': 'plastics/premierpolyfilm/PP19', 'columns': [{'name': 'change %', 'value': '3.76'}, {'name': 'LTP', 'value': '96.30'}, {'name': 'Close Price value', 'value': '96.30'}, {'name': 'change absolute', 'value': '3.49'}]}",OHLC_D_I_NR4BULLBO,NR 4 Breakout,Four Bar Pattern,18,Range Breakout,NR4 is a 4-bar narrow range pattern. NR4 bullish breakout pattern scanner shows the list of stocks forming bullish breakout pattern after 4-bar consolidation.,,,False,1,N,,OHLC_D_I_NR4BULLBO
1790680517,"{'stkname': 'Gland', 'ltp': '', 'perChg': '', 'stkId': 'GP14', 'displayLock': 'N', 'scanproflg': 1, 'scUrl': 'pharmaceuticalsdrugs/glandpharma/GP14', 'columns': [{'name': 'change %', 'value': '3.07'}, {'name': 'LTP', 'value': '2,985.00'}, {'name': 'Close Price value', 'value': '2,985.00'}, {'name': 'change absolute', 'value': '89.00'}]}",OHLC_D_I_NR4BULLBO,NR 4 Breakout,Four Bar Pattern,18,Range Breakout,NR4 is a 4-bar narrow range pattern. NR4 bullish breakout pattern scanner shows the list of stocks forming bullish breakout pattern after 4-bar consolidation.,,,False,1,N,,OHLC_D_I_NR4BULLBO
1790680517,"{'stkname': 'Ganesha Ecosph', 'ltp': '', 'perChg': '', 'stkId': 'GP01', 'displayLock': 'N', 'scanproflg': 1, 'scUrl': 'textiles-processing/ganeshaecosphere/GP01', 'columns': [{'name': 'change %', 'value': '0.08'}, {'name': 'LTP', 'value': '1,020.00'}, {'name': 'Close Price value', 'value': '1,020.00'}, {'name': 'change absolute', 'value': '0.80'}]}",OHLC_D_I_NR4BULLBO,NR 4 Breakout,Four Bar Pattern,18,Range Breakout,NR4 is a 4-bar narrow range pattern. NR4 bullish breakout pattern scanner shows the list of stocks forming bullish breakout pattern after 4-bar consolidation.,,,False,1,N,,OHLC_D_I_NR4BULLBO
1790680517,"{'stkname': 'Texmaco Rail', 'ltp': '', 'perChg': '', 'stkId': 'TRE', 'displayLock': 'N', 'scanproflg': 1, 'scUrl': 'infrastructure-general/texmacorailengineering/TRE', 'columns': [{'name': 'change %', 'value': '2.08'}, {'name': 'LTP', 'value': '125.70'}, {'name': 'Close Price value', 'value': '125.70'}, {'name': 'change absolute', 'value': '2.56'}]}",OHLC_D_I_NR4BULLBO,NR 4 Breakout,Four Bar Pattern,18,Range Breakout,NR4 is a 4-bar narrow range pattern. NR4 bullish breakout pattern scanner shows the list of stocks forming bullish breakout pattern after 4-bar consolidation.,,,False,1,N,,OHLC_D_I_NR4BULLBO
1790680517,"{'stkname': 'Hester Bio', 'ltp': '', 'perChg': '', 'stkId': 'HP03', 'displayLock': 'N', 'scanproflg': 1, 'scUrl': 'pharmaceuticals/hesterbiosciences/HB01', 'columns': [{'name': 'change %', 'value': '0.13'}, {'name': 'LTP', 'value': '2,150.00'}, {'name': 'Close Price value', 'value': '2,150.00'}, {'name': 'change absolute', 'value': '2.70'}]}",OHLC_D_I_NR4BULLBO,NR 4 Breakout,Four Bar Pattern,18,Range Breakout,NR4 is a 4-bar narrow range pattern. NR4 bullish breakout pattern scanner shows the list of stocks forming bullish breakout pattern after 4-bar consolidation.,,,False,1,N,,OHLC_D_I_NR4BULLBO
1790680517,"{'stkname': 'BB Triplewall ', 'ltp': '', 'perChg': '', 'stkId': 'BTC02', 'displayLock': 'N', 'scanproflg': 1, 'scUrl': 'containerspackaging/bbtriplewallcontainers/BTC', 'columns': [{'name': 'change %', 'value': '0.39'}, {'name': 'LTP', 'value': '229.00'}, {'name': 'Close Price value', 'value': '229.00'}, {'name': 'change absolute', 'value': '0.88'}]}",OHLC_D_I_NR4BULLBO,NR 4 Breakout,Four Bar Pattern,18,Range Breakout,NR4 is a 4-bar narrow range pattern. NR4 bullish breakout pattern scanner shows the list of stocks forming bullish breakout pattern after 4-bar consolidation.,,,False,1,N,,OHLC_D_I_NR4BULLBO
1790680517,"{'stkname': 'Rushil Decor', 'ltp': '', 'perChg': '', 'stkId': 'RD02', 'displayLock': 'N', 'scanproflg': 1, 'scUrl': 'woodwood-products/rushildecor/RD02', 'columns': [{'name': 'change %', 'value': '0.88'}, {'name': 'LTP', 'value': '16.10'}, {'name': 'Close Price value', 'value': '16.10'}, {'name': 'change absolute', 'value': '0.14'}]}",OHLC_D_I_NR4BULLBO,NR 4 Breakout,Four Bar Pattern,18,Range Breakout,NR4 is a 4-bar narrow range pattern. NR4 bullish breakout pattern scanner shows the list of stocks forming bullish breakout pattern after 4-bar consolidation.,,,False,1,N,,OHLC_D_I_NR4BULLBO
1790680517,"{'stkname': 'Garware HiTech', 'ltp': '', 'perChg': '', 'stkId': 'GP', 'displayLock': 'N', 'scanproflg': 1, 'scUrl': 'packaging/garwarehi-techfilms/GP', 'columns': [{'name': 'change %', 'value': '5.21'}, {'name': 'LTP', 'value': '7,000.00'}, {'name': 'Close Price value', 'value': '7,000.00'}, {'name': 'change absolute', 'value': '346.50'}]}",OHLC_D_I_NR4BULLBO,NR 4 Breakout,Four Bar Pattern,18,Range Breakout,NR4 is a 4-bar narrow range pattern. NR4 bullish breakout pattern scanner shows the list of stocks forming bullish breakout pattern after 4-bar consolidation.,,,False,1,N,,OHLC_D_I_NR4BULLBO
1790680517,"{'stkname': 'FDC', 'ltp': '', 'perChg': '', 'stkId': 'FDC', 'displayLock': 'N', 'scanproflg': 1, 'scUrl': 'pharmaceuticals/fdc/FDC', 'columns': [{'name': 'change %', 'value': '2.15'}, {'name': 'LTP', 'value': '351.00'}, {'name': 'Close Price value', 'value': '351.00'}, {'name': 'change absolute', 'value': '7.40'}]}",OHLC_D_I_NR4BULLBO,NR 4 Breakout,Four Bar Pattern,18,Range Breakout,NR4 is a 4-bar narrow range pattern. NR4 bullish breakout pattern scanner shows the list of stocks forming bullish breakout pattern after 4-bar consolidation.,,,False,1,N,,OHLC_D_I_NR4BULLBO
1790680517,"{'stkname': 'Savita Oil Tech', 'ltp': '', 'perChg': '', 'stkId': 'SC04', 'displayLock': 'N', 'scanproflg': 1, 'scUrl': 'petrochemicals/savitaoiltechnologies/SOT01', 'columns': [{'name': 'change %', 'value': '1.66'}, {'name': 'LTP', 'value': '710.90'}, {'name': 'Close Price value', 'value': '710.90'}, {'name': 'change absolute', 'value': '11.60'}]}",OHLC_D_I_NR4BULLBO,NR 4 Breakout,Four Bar Pattern,18,Range Breakout,NR4 is a 4-bar narrow range pattern. NR4 bullish breakout pattern scanner shows the list of stocks forming bullish breakout pattern after 4-bar consolidation.,,,False,1,N,,OHLC_D_I_NR4BULLBO
1790680517,"{'stkname': 'MPS', 'ltp': '', 'perChg': '', 'stkId': 'MI31', 'displayLock': 'N', 'scanproflg': 1, 'scUrl': 'printingstationery/mps/MI31', 'columns': [{'name': 'change %', 'value': '0.28'}, {'name': 'LTP', 'value': '2,639.00'}, {'name': 'Close Price value', 'value': '2,639.00'}, {'name': 'change absolute', 'value': '7.30'}]}",OHLC_D_I_NR4BULLBO,NR 4 Breakout,Four Bar Pattern,18,Range Breakout,NR4 is a 4-bar narrow range pattern. NR4 bullish breakout pattern scanner shows the list of stocks forming bullish breakout pattern after 4-bar consolidation.,,,False,1,N,,OHLC_D_I_NR4BULLBO
1790680517,"{'stkname': 'Lincoln Pharma', 'ltp': '', 'perChg': '', 'stkId': 'LP06', 'displayLock': 'N', 'scanproflg': 1, 'scUrl': 'pharmaceuticals/lincolnpharmaceuticals/LP06', 'columns': [{'name': 'change %', 'value': '0.12'}, {'name': 'LTP', 'value': '582.55'}, {'name': 'Close Price value', 'value': '582.55'}, {'name': 'change absolute', 'value': '0.70'}]}",OHLC_D_I_NR4BULLBO,NR 4 Breakout,Four Bar Pattern,18,Range Breakout,NR4 is a 4-bar narrow range pattern. NR4 bullish breakout pattern scanner shows the list of stocks forming bullish breakout pattern after 4-bar consolidation.,,,False,1,N,,OHLC_D_I_NR4BULLBO
1790680517,"{'stkname': 'TCPL Packaging', 'ltp': '', 'perChg': '', 'stkId': 'TFC03', 'displayLock': 'N', 'scanproflg': 1, 'scUrl': 'printingstationery/tcplpackaging/TCP01', 'columns': [{'name': 'change %', 'value': '2.94'}, {'name': 'LTP', 'value': '4,105.00'}, {'name': 'Close Price value', 'value': '4,105.00'}, {'name': 'change absolute', 'value': '117.20'}]}",OHLC_D_I_NR4BULLBO,NR 4 Breakout,Four Bar Pattern,18,Range Breakout,NR4 is a 4-bar narrow range pattern. NR4 bullish breakout pattern scanner shows the list of stocks forming bullish breakout pattern after 4-bar consolidation.,,,False,1,N,,OHLC_D_I_NR4BULLBO
1790680517,"{'stkname': 'Alpa Labs', 'ltp': '', 'perChg': '', 'stkId': 'AL11', 'displayLock': 'N', 'scanproflg': 1, 'scUrl': 'pharmaceuticals/alpalaboratories/AL11', 'columns': [{'name': 'change %', 'value': '0.98'}, {'name': 'LTP', 'value': '59.79'}, {'name': 'Close Price value', 'value': '59.79'}, {'name': 'change absolute', 'value': '0.58'}]}",OHLC_D_I_NR4BULLBO,NR 4 Breakout,Four Bar Pattern,18,Range Breakout,NR4 is a 4-bar narrow range pattern. NR4 bullish breakout pattern scanner shows the list of stocks forming bullish breakout pattern after 4-bar consolidation.,,,False,1,N,,OHLC_D_I_NR4BULLBO
1790680517,"{'stkname': 'Indian Metals', 'ltp': '', 'perChg': '', 'stkId': 'IMF01', 'displayLock': 'N', 'scanproflg': 1, 'scUrl': 'miningminerals/indianmetalsferroalloys/IMF01', 'columns': [{'name': 'change %', 'value': '0.76'}, {'name': 'LTP', 'value': '1,217.00'}, {'name': 'Close Price value', 'value': '1,217.00'}, {'name': 'change absolute', 'value': '9.20'}]}",OHLC_D_I_NR4BULLBO,NR 4 Breakout,Four Bar Pattern,18,Range Breakout,NR4 is a 4-bar narrow range pattern. NR4 bullish breakout pattern scanner shows the list of stocks forming bullish breakout pattern after 4-bar consolidation.,,,False,1,N,,OHLC_D_I_NR4BULLBO
1790680517,"{'stkname': 'Ratnamani Metal', 'ltp': '', 'perChg': '', 'stkId': 'RMT', 'displayLock': 'N', 'scanproflg': 1, 'scUrl': 'steel-tubespipes/ratnamanimetalstubes/RMT', 'columns': [{'name': 'change %', 'value': '1.51'}, {'name': 'LTP', 'value': '2,790.00'}, {'name': 'Close Price value', 'value': '2,790.00'}, {'name': 'change absolute', 'value': '41.60'}]}",OHLC_D_I_NR4BULLBO,NR 4 Breakout,Four Bar Pattern,18,Range Breakout,NR4 is a 4-bar narrow range pattern. NR4 bullish breakout pattern scanner shows the list of stocks forming bullish breakout pattern after 4-bar consolidation.,,,False,1,N,,OHLC_D_I_NR4BULLBO
1790680517,"{'stkname': 'Saregama India', 'ltp': '', 'perChg': '', 'stkId': 'GCI', 'displayLock': 'N', 'scanproflg': 1, 'scUrl': 'mediaentertainment/saregamaindia/SI67', 'columns': [{'name': 'change %', 'value': '0.73'}, {'name': 'LTP', 'value': '493.15'}, {'name': 'Close Price value', 'value': '493.15'}, {'name': 'change absolute', 'value': '3.55'}]}",OHLC_D_I_NR4BULLBO,NR 4 Breakout,Four Bar Pattern,18,Range Breakout,NR4 is a 4-bar narrow range pattern. NR4 bullish breakout pattern scanner shows the list of stocks forming bullish breakout pattern after 4-bar consolidation.,,,False,1,N,,OHLC_D_I_NR4BULLBO
1790680517,"{'stkname': 'Ratnaveer', 'ltp': '', 'perChg': '', 'stkId': 'RPE', 'displayLock': 'N', 'scanproflg': 1, 'scUrl': 'ironsteel/ratnaveerprecisionengineering/RPE', 'columns': [{'name': 'change %', 'value': '0.02'}, {'name': 'LTP', 'value': '331.00'}, {'name': 'Close Price value', 'value': '331.00'}, {'name': 'change absolute', 'value': '0.05'}]}",OHLC_D_I_NR4BULLBO,NR 4 Breakout,Four Bar Pattern,18,Range Breakout,NR4 is a 4-bar narrow range pattern. NR4 bullish breakout pattern scanner shows the list of stocks forming bullish breakout pattern after 4-bar consolidation.,,,False,1,N,,OHLC_D_I_NR4BULLBO
1790680517,"{'stkname': 'Shyam Century', 'ltp': '', 'perChg': '', 'stkId': 'SCF01', 'displayLock': 'N', 'scanproflg': 1, 'scUrl': 'miningminerals/shyamcenturyferrous/SCF01', 'columns': [{'name': 'change %', 'value': '2.62'}, {'name': 'LTP', 'value': '5.09'}, {'name': 'Close Price value', 'value': '5.09'}, {'name': 'change absolute', 'value': '0.13'}]}",OHLC_D_I_NR4BULLBO,NR 4 Breakout,Four Bar Pattern,18,Range Breakout,NR4 is a 4-bar narrow range pattern. NR4 bullish breakout pattern scanner shows the list of stocks forming bullish breakout pattern after 4-bar consolidation.,,,False,1,N,,OHLC_D_I_NR4BULLBO
1790680517,"{'stkname': 'Mah Seamless', 'ltp': '', 'perChg': '', 'stkId': 'MS02', 'displayLock': 'N', 'scanproflg': 1, 'scUrl': 'steel-tubespipes/maharashtraseamless/MS02', 'columns': [{'name': 'change %', 'value': '1.63'}, {'name': 'LTP', 'value': '726.00'}, {'name': 'Close Price value', 'value': '726.00'}, {'name': 'change absolute', 'value': '11.65'}]}",OHLC_D_I_NR4BULLBO,NR 4 Breakout,Four Bar Pattern,18,Range Breakout,NR4 is a 4-bar narrow range pattern. NR4 bullish breakout pattern scanner shows the list of stocks forming bullish breakout pattern after 4-bar consolidation.,,,False,1,N,,OHLC_D_I_NR4BULLBO
1790680517,"{'stkname': 'Steel Exchange ', 'ltp': '', 'perChg': '', 'stkId': 'SEI02', 'displayLock': 'N', 'scanproflg': 1, 'scUrl': 'steel-large/steelexchangeindia/SEI02', 'columns': [{'name': 'change %', 'value': '0.72'}, {'name': 'LTP', 'value': '11.18'}, {'name': 'Close Price value', 'value': '11.18'}, {'name': 'change absolute', 'value': '0.08'}]}",OHLC_D_I_NR4BULLBO,NR 4 Breakout,Four Bar Pattern,18,Range Breakout,NR4 is a 4-bar narrow range pattern. NR4 bullish breakout pattern scanner shows the list of stocks forming bullish breakout pattern after 4-bar consolidation.,,,False,1,N,,OHLC_D_I_NR4BULLBO
1790680517,"{'stkname': 'Prime Focus', 'ltp': '', 'perChg': '', 'stkId': 'PF13', 'displayLock': 'N', 'scanproflg': 1, 'scUrl': 'mediaentertainment/primefocus/PF13', 'columns': [{'name': 'change %', 'value': '0.27'}, {'name': 'LTP', 'value': '316.05'}, {'name': 'Close Price value', 'value': '316.05'}, {'name': 'change absolute', 'value': '0.85'}]}",OHLC_D_I_NR4BULLBO,NR 4 Breakout,Four Bar Pattern,18,Range Breakout,NR4 is a 4-bar narrow range pattern. NR4 bullish breakout pattern scanner shows the list of stocks forming bullish breakout pattern after 4-bar consolidation.,,,False,1,N,,OHLC_D_I_NR4BULLBO
1790680517,"{'stkname': 'TVS Supply', 'ltp': '', 'perChg': '', 'stkId': 'TSC03', 'displayLock': 'N', 'scanproflg': 1, 'scUrl': 'logistics/tvssupplychainsolutions/TSC03', 'columns': [{'name': 'change %', 'value': '2.37'}, {'name': 'LTP', 'value': '131.55'}, {'name': 'Close Price value', 'value': '131.55'}, {'name': 'change absolute', 'value': '3.05'}]}",OHLC_D_I_NR4BULLBO,NR 4 Breakout,Four Bar Pattern,18,Range Breakout,NR4 is a 4-bar narrow range pattern. NR4 bullish breakout pattern scanner shows the list of stocks forming bullish breakout pattern after 4-bar consolidation.,,,False,1,N,,OHLC_D_I_NR4BULLBO
1790680517,"{'stkname': 'Lloyds Metals', 'ltp': '', 'perChg': '', 'stkId': 'LME', 'displayLock': 'N', 'scanproflg': 1, 'scUrl': 'steel-sponge-iron/lloydsmetalsenergy/LME', 'columns': [{'name': 'change %', 'value': '3.14'}, {'name': 'LTP', 'value': '1,894.00'}, {'name': 'Close Price value', 'value': '1,894.00'}, {'name': 'change absolute', 'value': '57.70'}]}",OHLC_D_I_NR4BULLBO,NR 4 Breakout,Four Bar Pattern,18,Range Breakout,NR4 is a 4-bar narrow range pattern. NR4 bullish breakout pattern scanner shows the list of stocks forming bullish breakout pattern after 4-bar consolidation.,,,False,1,N,,OHLC_D_I_NR4BULLBO
1790680517,"{'stkname': 'TCI Express', 'ltp': '', 'perChg': '', 'stkId': 'TCI08', 'displayLock': 'N', 'scanproflg': 1, 'scUrl': 'transportlogistics/tciexpress/TCI08', 'columns': [{'name': 'change %', 'value': '9.03'}, {'name': 'LTP', 'value': '529.90'}, {'name': 'Close Price value', 'value': '529.90'}, {'name': 'change absolute', 'value': '43.90'}]}",OHLC_D_I_NR4BULLBO,NR 4 Breakout,Four Bar Pattern,18,Range Breakout,NR4 is a 4-bar narrow range pattern. NR4 bullish breakout pattern scanner shows the list of stocks forming bullish breakout pattern after 4-bar consolidation.,,,False,1,N,,OHLC_D_I_NR4BULLBO
1790680517,"{'stkname': 'Speciality Rest', 'ltp': '', 'perChg': '', 'stkId': 'SR04', 'displayLock': 'N', 'scanproflg': 1, 'scUrl': 'hotels/specialityrestaurants/SR06', 'columns': [{'name': 'change %', 'value': '0.24'}, {'name': 'LTP', 'value': '151.25'}, {'name': 'Close Price value', 'value': '151.25'}, {'name': 'change absolute', 'value': '0.36'}]}",OHLC_D_I_NR4BULLBO,NR 4 Breakout,Four Bar Pattern,18,Range Breakout,NR4 is a 4-bar narrow range pattern. NR4 bullish breakout pattern scanner shows the list of stocks forming bullish breakout pattern after 4-bar consolidation.,,,False,1,N,,OHLC_D_I_NR4BULLBO
1790680517,"{'stkname': 'GSS Infotech', 'ltp': '', 'perChg': '', 'stkId': 'GAI03', 'displayLock': 'N', 'scanproflg': 1, 'scUrl': 'computers-software-mediumsmall/gssinfotech/GAI05', 'columns': [{'name': 'change %', 'value': '0.68'}, {'name': 'LTP', 'value': '10.33'}, {'name': 'Close Price value', 'value': '10.33'}, {'name': 'change absolute', 'value': '0.07'}]}",OHLC_D_I_NR4BULLBO,NR 4 Breakout,Four Bar Pattern,18,Range Breakout,NR4 is a 4-bar narrow range pattern. NR4 bullish breakout pattern scanner shows the list of stocks forming bullish breakout pattern after 4-bar consolidation.,,,False,1,N,,OHLC_D_I_NR4BULLBO
1790680517,"{'stkname': 'ITC Hotels', 'ltp': '', 'perChg': '', 'stkId': 'IHL01', 'displayLock': 'N', 'scanproflg': 1, 'scUrl': 'hotel-resortrestaurants/itchotels/IHL02', 'columns': [{'name': 'change %', 'value': '1.53'}, {'name': 'LTP', 'value': '161.00'}, {'name': 'Close Price value', 'value': '161.00'}, {'name': 'change absolute', 'value': '2.43'}]}",OHLC_D_I_NR4BULLBO,NR 4 Breakout,Four Bar Pattern,18,Range Breakout,NR4 is a 4-bar narrow range pattern. NR4 bullish breakout pattern scanner shows the list of stocks forming bullish breakout pattern after 4-bar consolidation.,,,False,1,N,,OHLC_D_I_NR4BULLBO
1790680517,"{'stkname': 'Softtech Engine', 'ltp': '', 'perChg': '', 'stkId': 'SE26', 'displayLock': 'N', 'scanproflg': 1, 'scUrl': 'computers-software/softtechengineers/SE24', 'columns': [{'name': 'change %', 'value': '0.21'}, {'name': 'LTP', 'value': '496.05'}, {'name': 'Close Price value', 'value': '496.05'}, {'name': 'change absolute', 'value': '1.05'}]}",OHLC_D_I_NR4BULLBO,NR 4 Breakout,Four Bar Pattern,18,Range Breakout,NR4 is a 4-bar narrow range pattern. NR4 bullish breakout pattern scanner shows the list of stocks forming bullish breakout pattern after 4-bar consolidation.,,,False,1,N,,OHLC_D_I_NR4BULLBO
1790680517,"{'stkname': 'Kamat Hotels', 'ltp': '', 'perChg': '', 'stkId': 'KHI', 'displayLock': 'N', 'scanproflg': 1, 'scUrl': 'hotels/kamathotelsindia/KHI', 'columns': [{'name': 'change %', 'value': '0.99'}, {'name': 'LTP', 'value': '235.50'}, {'name': 'Close Price value', 'value': '235.50'}, {'name': 'change absolute', 'value': '2.32'}]}",OHLC_D_I_NR4BULLBO,NR 4 Breakout,Four Bar Pattern,18,Range Breakout,NR4 is a 4-bar narrow range pattern. NR4 bullish breakout pattern scanner shows the list of stocks forming bullish breakout pattern after 4-bar consolidation.,,,False,1,N,,OHLC_D_I_NR4BULLBO
1790680517,"{'stkname': 'Carysil', 'ltp': '', 'perChg': '', 'stkId': 'AI04', 'displayLock': 'N', 'scanproflg': 1, 'scUrl': 'plastics-moulded-articlesfurnitures/carysil/AI04', 'columns': [{'name': 'change %', 'value': '1.13'}, {'name': 'LTP', 'value': '1,050.00'}, {'name': 'Close Price value', 'value': '1,050.00'}, {'name': 'change absolute', 'value': '11.70'}]}",OHLC_D_I_NR4BULLBO,NR 4 Breakout,Four Bar Pattern,18,Range Breakout,NR4 is a 4-bar narrow range pattern. NR4 bullish breakout pattern scanner shows the list of stocks forming bullish breakout pattern after 4-bar consolidation.,,,False,1,N,,OHLC_D_I_NR4BULLBO
1790680517,"{'stkname': 'One Point One', 'ltp': '', 'perChg': '', 'stkId': 'OPO', 'displayLock': 'N', 'scanproflg': 1, 'scUrl': 'bpoites/onepointonesolutions/OPO', 'columns': [{'name': 'change %', 'value': '2.66'}, {'name': 'LTP', 'value': '71.28'}, {'name': 'Close Price value', 'value': '71.28'}, {'name': 'change absolute', 'value': '1.85'}]}",OHLC_D_I_NR4BULLBO,NR 4 Breakout,Four Bar Pattern,18,Range Breakout,NR4 is a 4-bar narrow range pattern. NR4 bullish breakout pattern scanner shows the list of stocks forming bullish breakout pattern after 4-bar consolidation.,,,False,1,N,,OHLC_D_I_NR4BULLBO
1790680517,"{'stkname': 'Guj Amb Exports', 'ltp': '', 'perChg': '', 'stkId': 'GAE', 'displayLock': 'N', 'scanproflg': 1, 'scUrl': 'food-processing/gujaratambujaexports/GAE', 'columns': [{'name': 'change %', 'value': '1.27'}, {'name': 'LTP', 'value': '162.50'}, {'name': 'Close Price value', 'value': '162.50'}, {'name': 'change absolute', 'value': '2.03'}]}",OHLC_D_I_NR4BULLBO,NR 4 Breakout,Four Bar Pattern,18,Range Breakout,NR4 is a 4-bar narrow range pattern. NR4 bullish breakout pattern scanner shows the list of stocks forming bullish breakout pattern after 4-bar consolidation.,,,False,1,N,,OHLC_D_I_NR4BULLBO
1790680517,"{'stkname': 'ADF Foods', 'ltp': '', 'perChg': '', 'stkId': 'ADF01', 'displayLock': 'N', 'scanproflg': 1, 'scUrl': 'food-processing/adffoodsindustries/AF30', 'columns': [{'name': 'change %', 'value': '1.37'}, {'name': 'LTP', 'value': '270.25'}, {'name': 'Close Price value', 'value': '270.25'}, {'name': 'change absolute', 'value': '3.65'}]}",OHLC_D_I_NR4BULLBO,NR 4 Breakout,Four Bar Pattern,18,Range Breakout,NR4 is a 4-bar narrow range pattern. NR4 bullish breakout pattern scanner shows the list of stocks forming bullish breakout pattern after 4-bar consolidation.,,,False,1,N,,OHLC_D_I_NR4BULLBO
1790680517,"{'stkname': 'Aries Agro', 'ltp': '', 'perChg': '', 'stkId': 'AA13', 'displayLock': 'N', 'scanproflg': 1, 'scUrl': 'fertilisers/ariesagro/AA02', 'columns': [{'name': 'change %', 'value': '0.12'}, {'name': 'LTP', 'value': '471.05'}, {'name': 'Close Price value', 'value': '471.05'}, {'name': 'change absolute', 'value': '0.55'}]}",OHLC_D_I_NR4BULLBO,NR 4 Breakout,Four Bar Pattern,18,Range Breakout,NR4 is a 4-bar narrow range pattern. NR4 bullish breakout pattern scanner shows the list of stocks forming bullish breakout pattern after 4-bar consolidation.,,,False,1,N,,OHLC_D_I_NR4BULLBO
1790680517,"{'stkname': 'Va Tech Wabag', 'ltp': '', 'perChg': '', 'stkId': 'VTW', 'displayLock': 'N', 'scanproflg': 1, 'scUrl': 'infrastructure/vatechwabag/VTW', 'columns': [{'name': 'change %', 'value': '5.25'}, {'name': 'LTP', 'value': '2,081.00'}, {'name': 'Close Price value', 'value': '2,081.00'}, {'name': 'change absolute', 'value': '103.80'}]}",OHLC_D_I_NR4BULLBO,NR 4 Breakout,Four Bar Pattern,18,Range Breakout,NR4 is a 4-bar narrow range pattern. NR4 bullish breakout pattern scanner shows the list of stocks forming bullish breakout pattern after 4-bar consolidation.,,,False,1,N,,OHLC_D_I_NR4BULLBO
1790680517,"{'stkname': 'United Drilling', 'ltp': '', 'perChg': '', 'stkId': 'UDT', 'displayLock': 'N', 'scanproflg': 1, 'scUrl': 'engineering-industrial-equipments/uniteddrillingtools/UDT', 'columns': [{'name': 'change %', 'value': '0.30'}, {'name': 'LTP', 'value': '230.00'}, {'name': 'Close Price value', 'value': '230.00'}, {'name': 'change absolute', 'value': '0.69'}]}",OHLC_D_I_NR4BULLBO,NR 4 Breakout,Four Bar Pattern,18,Range Breakout,NR4 is a 4-bar narrow range pattern. NR4 bullish breakout pattern scanner shows the list of stocks forming bullish breakout pattern after 4-bar consolidation.,,,False,1,N,,OHLC_D_I_NR4BULLBO
1790680517,"{'stkname': 'Uniparts India', 'ltp': '', 'perChg': '', 'stkId': 'UI19', 'displayLock': 'N', 'scanproflg': 1, 'scUrl': 'auto-ancillaries-spare-partsaccessories/unipartsindia/UI22', 'columns': [{'name': 'change %', 'value': '1.18'}, {'name': 'LTP', 'value': '846.95'}, {'name': 'Close Price value', 'value': '846.95'}, {'name': 'change absolute', 'value': '9.85'}]}",OHLC_D_I_NR4BULLBO,NR 4 Breakout,Four Bar Pattern,18,Range Breakout,NR4 is a 4-bar narrow range pattern. NR4 bullish breakout pattern scanner shows the list of stocks forming bullish breakout pattern after 4-bar consolidation.,,,False,1,N,,OHLC_D_I_NR4BULLBO
1790680517,"{'stkname': 'Bharat Road Net', 'ltp': '', 'perChg': '', 'stkId': 'BRN', 'displayLock': 'N', 'scanproflg': 1, 'scUrl': 'infrastructure-general/bharatroadnetwork/BRN', 'columns': [{'name': 'change %', 'value': '0.97'}, {'name': 'LTP', 'value': '16.59'}, {'name': 'Close Price value', 'value': '16.59'}, {'name': 'change absolute', 'value': '0.16'}]}",OHLC_D_I_NR4BULLBO,NR 4 Breakout,Four Bar Pattern,18,Range Breakout,NR4 is a 4-bar narrow range pattern. NR4 bullish breakout pattern scanner shows the list of stocks forming bullish breakout pattern after 4-bar consolidation.,,,False,1,N,,OHLC_D_I_NR4BULLBO
1790680517,"{'stkname': 'Aeroflex Ind.', 'ltp': '', 'perChg': '', 'stkId': 'AI77', 'displayLock': 'N', 'scanproflg': 1, 'scUrl': 'engineering-industrial-equipments/aeroflexindustries/AI87', 'columns': [{'name': 'change %', 'value': '5.10'}, {'name': 'LTP', 'value': '539.60'}, {'name': 'Close Price value', 'value': '539.60'}, {'name': 'change absolute', 'value': '26.20'}]}",OHLC_D_I_NR4BULLBO,NR 4 Breakout,Four Bar Pattern,18,Range Breakout,NR4 is a 4-bar narrow range pattern. NR4 bullish breakout pattern scanner shows the list of stocks forming bullish breakout pattern after 4-bar consolidation.,,,False,1,N,,OHLC_D_I_NR4BULLBO
1790680517,"{'stkname': 'Renaissance', 'ltp': '', 'perChg': '', 'stkId': 'RJ', 'displayLock': 'N', 'scanproflg': 1, 'scUrl': 'diamond-cuttingjewelleryprecious-metals/renaissanceglobal/RJ', 'columns': [{'name': 'change %', 'value': '1.70'}, {'name': 'LTP', 'value': '166.00'}, {'name': 'Close Price value', 'value': '166.00'}, {'name': 'change absolute', 'value': '2.77'}]}",OHLC_D_I_NR4BULLBO,NR 4 Breakout,Four Bar Pattern,18,Range Breakout,NR4 is a 4-bar narrow range pattern. NR4 bullish breakout pattern scanner shows the list of stocks forming bullish breakout pattern after 4-bar consolidation.,,,False,1,N,,OHLC_D_I_NR4BULLBO
1790680517,"{'stkname': 'Jash Engineerin', 'ltp': '', 'perChg': '', 'stkId': 'JE04', 'displayLock': 'N', 'scanproflg': 1, 'scUrl': 'diversified/jashengineering/JE04', 'columns': [{'name': 'change %', 'value': '1.81'}, {'name': 'LTP', 'value': '599.40'}, {'name': 'Close Price value', 'value': '599.40'}, {'name': 'change absolute', 'value': '10.65'}]}",OHLC_D_I_NR4BULLBO,NR 4 Breakout,Four Bar Pattern,18,Range Breakout,NR4 is a 4-bar narrow range pattern. NR4 bullish breakout pattern scanner shows the list of stocks forming bullish breakout pattern after 4-bar consolidation.,,,False,1,N,,OHLC_D_I_NR4BULLBO
1790680517,"{'stkname': 'Harsha Engineer', 'ltp': '', 'perChg': '', 'stkId': 'HEI', 'displayLock': 'N', 'scanproflg': 1, 'scUrl': 'engineering-industrial-equipments/harshaengineersinternational/HEI', 'columns': [{'name': 'change %', 'value': '0.10'}, {'name': 'LTP', 'value': '466.00'}, {'name': 'Close Price value', 'value': '466.00'}, {'name': 'change absolute', 'value': '0.45'}]}",OHLC_D_I_NR4BULLBO,NR 4 Breakout,Four Bar Pattern,18,Range Breakout,NR4 is a 4-bar narrow range pattern. NR4 bullish breakout pattern scanner shows the list of stocks forming bullish breakout pattern after 4-bar consolidation.,,,False,1,N,,OHLC_D_I_NR4BULLBO
1790680517,"{'stkname': 'Deep Ind', 'ltp': '', 'perChg': '', 'stkId': 'DI22', 'displayLock': 'N', 'scanproflg': 1, 'scUrl': 'oil-explorationproduction/deepindustries/DI02', 'columns': [{'name': 'change %', 'value': '0.93'}, {'name': 'LTP', 'value': '775.15'}, {'name': 'Close Price value', 'value': '775.15'}, {'name': 'change absolute', 'value': '7.15'}]}",OHLC_D_I_NR4BULLBO,NR 4 Breakout,Four Bar Pattern,18,Range Breakout,NR4 is a 4-bar narrow range pattern. NR4 bullish breakout pattern scanner shows the list of stocks forming bullish breakout pattern after 4-bar consolidation.,,,False,1,N,,OHLC_D_I_NR4BULLBO
1790680517,"{'stkname': 'Elgi Equipments', 'ltp': '', 'perChg': '', 'stkId': 'EE01', 'displayLock': 'N', 'scanproflg': 1, 'scUrl': 'compressors/elgiequipments/EE01', 'columns': [{'name': 'change %', 'value': '0.02'}, {'name': 'LTP', 'value': '598.95'}, {'name': 'Close Price value', 'value': '598.95'}, {'name': 'change absolute', 'value': '0.10'}]}",OHLC_D_I_NR4BULLBO,NR 4 Breakout,Four Bar Pattern,18,Range Breakout,NR4 is a 4-bar narrow range pattern. NR4 bullish breakout pattern scanner shows the list of stocks forming bullish breakout pattern after 4-bar consolidation.,,,False,1,N,,OHLC_D_I_NR4BULLBO
1790680517,"{'stkname': 'Greaves Cotton', 'ltp': '', 'perChg': '', 'stkId': 'G', 'displayLock': 'N', 'scanproflg': 1, 'scUrl': 'engines/greavescotton/GC20', 'columns': [{'name': 'change %', 'value': '2.15'}, {'name': 'LTP', 'value': '235.35'}, {'name': 'Close Price value', 'value': '235.35'}, {'name': 'change absolute', 'value': '4.95'}]}",OHLC_D_I_NR4BULLBO,NR 4 Breakout,Four Bar Pattern,18,Range Breakout,NR4 is a 4-bar narrow range pattern. NR4 bullish breakout pattern scanner shows the list of stocks forming bullish breakout pattern after 4-bar consolidation.,,,False,1,N,,OHLC_D_I_NR4BULLBO
1790680517,"{'stkname': 'IGIL', 'ltp': '', 'perChg': '', 'stkId': 'IGIIL', 'displayLock': 'N', 'scanproflg': 1, 'scUrl': 'diamondjewellery/internationalgemologicalinstitute/IGIIL', 'columns': [{'name': 'change %', 'value': '0.88'}, {'name': 'LTP', 'value': '326.00'}, {'name': 'Close Price value', 'value': '326.00'}, {'name': 'change absolute', 'value': '2.85'}]}",OHLC_D_I_NR4BULLBO,NR 4 Breakout,Four Bar Pattern,18,Range Breakout,NR4 is a 4-bar narrow range pattern. NR4 bullish breakout pattern scanner shows the list of stocks forming bullish breakout pattern after 4-bar consolidation.,,,False,1,N,,OHLC_D_I_NR4BULLBO
1790680517,"{'stkname': 'Intl Conveyor', 'ltp': '', 'perChg': '', 'stkId': 'IC05', 'displayLock': 'N', 'scanproflg': 1, 'scUrl': 'miscellaneous/internationalconveyors/IC05', 'columns': [{'name': 'change %', 'value': '0.13'}, {'name': 'LTP', 'value': '80.00'}, {'name': 'Close Price value', 'value': '80.00'}, {'name': 'change absolute', 'value': '0.10'}]}",OHLC_D_I_NR4BULLBO,NR 4 Breakout,Four Bar Pattern,18,Range Breakout,NR4 is a 4-bar narrow range pattern. NR4 bullish breakout pattern scanner shows the list of stocks forming bullish breakout pattern after 4-bar consolidation.,,,False,1,N,,OHLC_D_I_NR4BULLBO
1790680517,"{'stkname': 'HINDWAREAP', 'ltp': '', 'perChg': '', 'stkId': 'SHIL54290', 'displayLock': 'N', 'scanproflg': 1, 'scUrl': 'domestic-appliances/hindwarehomeinnovation/SHIL54290', 'columns': [{'name': 'change %', 'value': '0.68'}, {'name': 'LTP', 'value': '171.50'}, {'name': 'Close Price value', 'value': '171.50'}, {'name': 'change absolute', 'value': '1.16'}]}",OHLC_D_I_NR4BULLBO,NR 4 Breakout,Four Bar Pattern,18,Range Breakout,NR4 is a 4-bar narrow range pattern. NR4 bullish breakout pattern scanner shows the list of stocks forming bullish breakout pattern after 4-bar consolidation.,,,False,1,N,,OHLC_D_I_NR4BULLBO
1790680517,"{'stkname': 'HLE Glascoat', 'ltp': '', 'perChg': '', 'stkId': 'SGE02', 'displayLock': 'N', 'scanproflg': 1, 'scUrl': 'glassglass-products/hleglascoat/SGE02', 'columns': [{'name': 'change %', 'value': '3.49'}, {'name': 'LTP', 'value': '434.00'}, {'name': 'Close Price value', 'value': '434.00'}, {'name': 'change absolute', 'value': '14.65'}]}",OHLC_D_I_NR4BULLBO,NR 4 Breakout,Four Bar Pattern,18,Range Breakout,NR4 is a 4-bar narrow range pattern. NR4 bullish breakout pattern scanner shows the list of stocks forming bullish breakout pattern after 4-bar consolidation.,,,False,1,N,,OHLC_D_I_NR4BULLBO
1790680517,"{'stkname': 'D. P. Abhushan', 'ltp': '', 'perChg': '', 'stkId': 'DPA01', 'displayLock': 'N', 'scanproflg': 1, 'scUrl': 'miscellaneous/dpabhushan/DPA01', 'columns': [{'name': 'change %', 'value': '20.00'}, {'name': 'LTP', 'value': '1,665.80'}, {'name': 'Close Price value', 'value': '1,665.80'}, {'name': 'change absolute', 'value': '277.60'}]}",OHLC_D_I_NR4BULLBO,NR 4 Breakout,Four Bar Pattern,18,Range Breakout,NR4 is a 4-bar narrow range pattern. NR4 bullish breakout pattern scanner shows the list of stocks forming bullish breakout pattern after 4-bar consolidation.,,,False,1,N,,OHLC_D_I_NR4BULLBO
1790680517,"{'stkname': 'Dhunseri Ventur', 'ltp': '', 'perChg': '', 'stkId': 'DTI', 'displayLock': 'N', 'scanproflg': 1, 'scUrl': 'petrochemicals/dhunseriventures/DTI', 'columns': [{'name': 'change %', 'value': '1.10'}, {'name': 'LTP', 'value': '285.00'}, {'name': 'Close Price value', 'value': '285.00'}, {'name': 'change absolute', 'value': '3.10'}]}",OHLC_D_I_NR4BULLBO,NR 4 Breakout,Four Bar Pattern,18,Range Breakout,NR4 is a 4-bar narrow range pattern. NR4 bullish breakout pattern scanner shows the list of stocks forming bullish breakout pattern after 4-bar consolidation.,,,False,1,N,,OHLC_D_I_NR4BULLBO
1790680517,"{'stkname': 'TTK Prestige', 'ltp': '', 'perChg': '', 'stkId': 'TTK02', 'displayLock': 'N', 'scanproflg': 1, 'scUrl': 'domestic-appliances/ttkprestige/TTK02', 'columns': [{'name': 'change %', 'value': '2.75'}, {'name': 'LTP', 'value': '528.00'}, {'name': 'Close Price value', 'value': '528.00'}, {'name': 'change absolute', 'value': '14.15'}]}",OHLC_D_I_NR4BULLBO,NR 4 Breakout,Four Bar Pattern,18,Range Breakout,NR4 is a 4-bar narrow range pattern. NR4 bullish breakout pattern scanner shows the list of stocks forming bullish breakout pattern after 4-bar consolidation.,,,False,1,N,,OHLC_D_I_NR4BULLBO
1790680517,"{'stkname': 'Sigachi Ind', 'ltp': '', 'perChg': '', 'stkId': 'SIL17', 'displayLock': 'N', 'scanproflg': 1, 'scUrl': 'pharmaceuticalsdrugs/sigachiindustries/SIL19', 'columns': [{'name': 'change %', 'value': '1.15'}, {'name': 'LTP', 'value': '29.10'}, {'name': 'Close Price value', 'value': '29.10'}, {'name': 'change absolute', 'value': '0.33'}]}",OHLC_D_I_NR4BULLBO,NR 4 Breakout,Four Bar Pattern,18,Range Breakout,NR4 is a 4-bar narrow range pattern. NR4 bullish breakout pattern scanner shows the list of stocks forming bullish breakout pattern after 4-bar consolidation.,,,False,1,N,,OHLC_D_I_NR4BULLBO
1790680517,"{'stkname': 'Ajmera Realty', 'ltp': '', 'perChg': '', 'stkId': 'SPS01', 'displayLock': 'N', 'scanproflg': 1, 'scUrl': 'constructioncontracting-real-estate/ajmerarealtyinfraindia/ARI03', 'columns': [{'name': 'change %', 'value': '0.97'}, {'name': 'LTP', 'value': '120.78'}, {'name': 'Close Price value', 'value': '120.78'}, {'name': 'change absolute', 'value': '1.16'}]}",OHLC_D_I_NR4BULLBO,NR 4 Breakout,Four Bar Pattern,18,Range Breakout,NR4 is a 4-bar narrow range pattern. NR4 bullish breakout pattern scanner shows the list of stocks forming bullish breakout pattern after 4-bar consolidation.,,,False,1,N,,OHLC_D_I_NR4BULLBO
1790680517,"{'stkname': 'Apcotex Ind', 'ltp': '', 'perChg': '', 'stkId': 'AL05', 'displayLock': 'N', 'scanproflg': 1, 'scUrl': 'rubber/apcotexindustries/AI58', 'columns': [{'name': 'change %', 'value': '2.51'}, {'name': 'LTP', 'value': '600.70'}, {'name': 'Close Price value', 'value': '600.70'}, {'name': 'change absolute', 'value': '14.70'}]}",OHLC_D_I_NR4BULLBO,NR 4 Breakout,Four Bar Pattern,18,Range Breakout,NR4 is a 4-bar narrow range pattern. NR4 bullish breakout pattern scanner shows the list of stocks forming bullish breakout pattern after 4-bar consolidation.,,,False,1,N,,OHLC_D_I_NR4BULLBO
1790680517,"{'stkname': 'Asian Granito', 'ltp': '', 'perChg': '', 'stkId': 'AGI04', 'displayLock': 'N', 'scanproflg': 1, 'scUrl': 'ceramicsgranite/asiangranitoindia/AGI04', 'columns': [{'name': 'change %', 'value': '0.68'}, {'name': 'LTP', 'value': '50.50'}, {'name': 'Close Price value', 'value': '50.50'}, {'name': 'change absolute', 'value': '0.34'}]}",OHLC_D_I_NR4BULLBO,NR 4 Breakout,Four Bar Pattern,18,Range Breakout,NR4 is a 4-bar narrow range pattern. NR4 bullish breakout pattern scanner shows the list of stocks forming bullish breakout pattern after 4-bar consolidation.,,,False,1,N,,OHLC_D_I_NR4BULLBO
1790680517,"{'stkname': 'Archean Chem', 'ltp': '', 'perChg': '', 'stkId': 'ACI14', 'displayLock': 'N', 'scanproflg': 1, 'scUrl': 'chemicals/archeanchemicalindustries/ACI05', 'columns': [{'name': 'change %', 'value': '1.50'}, {'name': 'LTP', 'value': '490.00'}, {'name': 'Close Price value', 'value': '490.00'}, {'name': 'change absolute', 'value': '7.25'}]}",OHLC_D_I_NR4BULLBO,NR 4 Breakout,Four Bar Pattern,18,Range Breakout,NR4 is a 4-bar narrow range pattern. NR4 bullish breakout pattern scanner shows the list of stocks forming bullish breakout pattern after 4-bar consolidation.,,,False,1,N,,OHLC_D_I_NR4BULLBO
1790680517,"{'stkname': 'Birla Corp', 'ltp': '', 'perChg': '', 'stkId': 'BC07', 'displayLock': 'N', 'scanproflg': 1, 'scUrl': 'cement-major/birlacorporation/BC07', 'columns': [{'name': 'change %', 'value': '1.48'}, {'name': 'LTP', 'value': '851.50'}, {'name': 'Close Price value', 'value': '851.50'}, {'name': 'change absolute', 'value': '12.40'}]}",OHLC_D_I_NR4BULLBO,NR 4 Breakout,Four Bar Pattern,18,Range Breakout,NR4 is a 4-bar narrow range pattern. NR4 bullish breakout pattern scanner shows the list of stocks forming bullish breakout pattern after 4-bar consolidation.,,,False,1,N,,OHLC_D_I_NR4BULLBO
1790680517,"{'stkname': 'Yatra Online', 'ltp': '', 'perChg': '', 'stkId': 'YO', 'displayLock': 'N', 'scanproflg': 1, 'scUrl': 'travel-services/yatraonline/YO', 'columns': [{'name': 'change %', 'value': '0.18'}, {'name': 'LTP', 'value': '101.85'}, {'name': 'Close Price value', 'value': '101.85'}, {'name': 'change absolute', 'value': '0.18'}]}",OHLC_D_I_NR4BULLBO,NR 4 Breakout,Four Bar Pattern,18,Range Breakout,NR4 is a 4-bar narrow range pattern. NR4 bullish breakout pattern scanner shows the list of stocks forming bullish breakout pattern after 4-bar consolidation.,,,False,1,N,,OHLC_D_I_NR4BULLBO
1790680517,"{'stkname': 'Suprajit Eng', 'ltp': '', 'perChg': '', 'stkId': 'SE15', 'displayLock': 'N', 'scanproflg': 1, 'scUrl': 'auto-ancillaries/suprajitengineering/SE15', 'columns': [{'name': 'change %', 'value': '2.36'}, {'name': 'LTP', 'value': '495.00'}, {'name': 'Close Price value', 'value': '495.00'}, {'name': 'change absolute', 'value': '11.40'}]}",OHLC_D_I_NR4BULLBO,NR 4 Breakout,Four Bar Pattern,18,Range Breakout,NR4 is a 4-bar narrow range pattern. NR4 bullish breakout pattern scanner shows the list of stocks forming bullish breakout pattern after 4-bar consolidation.,,,False,1,N,,OHLC_D_I_NR4BULLBO
1790680517,"{'stkname': 'Minda Corp', 'ltp': '', 'perChg': '', 'stkId': 'MC22', 'displayLock': 'N', 'scanproflg': 1, 'scUrl': 'auto-ancillaries/mindacorporation/MC23', 'columns': [{'name': 'change %', 'value': '0.15'}, {'name': 'LTP', 'value': '674.00'}, {'name': 'Close Price value', 'value': '674.00'}, {'name': 'change absolute', 'value': '1.00'}]}",OHLC_D_I_NR4BULLBO,NR 4 Breakout,Four Bar Pattern,18,Range Breakout,NR4 is a 4-bar narrow range pattern. NR4 bullish breakout pattern scanner shows the list of stocks forming bullish breakout pattern after 4-bar consolidation.,,,False,1,N,,OHLC_D_I_NR4BULLBO
1790680517,"{'stkname': 'LG Electronics ', 'ltp': '', 'perChg': '', 'stkId': 'LEI', 'displayLock': 'N', 'scanproflg': 1, 'scUrl': 'domestic-appliances/lgelectronicsindia/LEI', 'columns': [{'name': 'change %', 'value': '0.54'}, {'name': 'LTP', 'value': '1,740.00'}, {'name': 'Close Price value', 'value': '1,740.00'}, {'name': 'change absolute', 'value': '9.30'}]}",OHLC_D_I_NR4BULLBO,NR 4 Breakout,Four Bar Pattern,18,Range Breakout,NR4 is a 4-bar narrow range pattern. NR4 bullish breakout pattern scanner shows the list of stocks forming bullish breakout pattern after 4-bar consolidation.,,,False,1,N,,OHLC_D_I_NR4BULLBO
1790680517,"{'stkname': 'RPG Life', 'ltp': '', 'perChg': '', 'stkId': 'RPG03', 'displayLock': 'N', 'scanproflg': 1, 'scUrl': 'pharmaceuticals/rpglifesciences/RPG05', 'columns': [{'name': 'change %', 'value': '5.03'}, {'name': 'LTP', 'value': '3,103.60'}, {'name': 'Close Price value', 'value': '3,103.60'}, {'name': 'change absolute', 'value': '148.50'}]}",OHLC_D_I_NR4BULLBO,NR 4 Breakout,Four Bar Pattern,18,Range Breakout,NR4 is a 4-bar narrow range pattern. NR4 bullish breakout pattern scanner shows the list of stocks forming bullish breakout pattern after 4-bar consolidation.,,,False,1,N,,OHLC_D_I_NR4BULLBO
1790680517,"{'stkname': 'Sundaram-Clayto', 'ltp': '', 'perChg': '', 'stkId': 'SL20', 'displayLock': 'N', 'scanproflg': 1, 'scUrl': 'metal-castingforgings/sundaram-clayton/SL21', 'columns': [{'name': 'change %', 'value': '0.01'}, {'name': 'LTP', 'value': '1,230.00'}, {'name': 'Close Price value', 'value': '1,230.00'}, {'name': 'change absolute', 'value': '0.10'}]}",OHLC_D_I_NR4BULLBO,NR 4 Breakout,Four Bar Pattern,18,Range Breakout,NR4 is a 4-bar narrow range pattern. NR4 bullish breakout pattern scanner shows the list of stocks forming bullish breakout pattern after 4-bar consolidation.,,,False,1,N,,OHLC_D_I_NR4BULLBO
1790680517,"{'stkname': 'Shilpa', 'ltp': '', 'perChg': '', 'stkId': 'SA04', 'displayLock': 'N', 'scanproflg': 1, 'scUrl': 'pharmaceuticals/shilpamedicare/SM19', 'columns': [{'name': 'change %', 'value': '2.70'}, {'name': 'LTP', 'value': '1,052.95'}, {'name': 'Close Price value', 'value': '1,052.95'}, {'name': 'change absolute', 'value': '27.70'}]}",OHLC_D_I_NR4BULLBO,NR 4 Breakout,Four Bar Pattern,18,Range Breakout,NR4 is a 4-bar narrow range pattern. NR4 bullish breakout pattern scanner shows the list of stocks forming bullish breakout pattern after 4-bar consolidation.,,,False,1,N,,OHLC_D_I_NR4BULLBO
1790680517,"{'stkname': 'Biocon', 'ltp': '', 'perChg': '', 'stkId': 'BL03', 'displayLock': 'N', 'scanproflg': 1, 'scUrl': 'pharmaceuticals/biocon/BL03', 'columns': [{'name': 'change %', 'value': '0.56'}, {'name': 'LTP', 'value': '377.00'}, {'name': 'Close Price value', 'value': '377.00'}, {'name': 'change absolute', 'value': '2.10'}]}",OHLC_D_I_NR4BULLBO,NR 4 Breakout,Four Bar Pattern,18,Range Breakout,NR4 is a 4-bar narrow range pattern. NR4 bullish breakout pattern scanner shows the list of stocks forming bullish breakout pattern after 4-bar consolidation.,,,False,1,N,,OHLC_D_I_NR4BULLBO
1790680517,"{'stkname': 'Mukand', 'ltp': '', 'perChg': '', 'stkId': 'M02', 'displayLock': 'N', 'scanproflg': 1, 'scUrl': 'steel-mediumsmall/mukand/M02', 'columns': [{'name': 'change %', 'value': '1.44'}, {'name': 'LTP', 'value': '173.50'}, {'name': 'Close Price value', 'value': '173.50'}, {'name': 'change absolute', 'value': '2.47'}]}",OHLC_D_I_NR4BULLBO,NR 4 Breakout,Four Bar Pattern,18,Range Breakout,NR4 is a 4-bar narrow range pattern. NR4 bullish breakout pattern scanner shows the list of stocks forming bullish breakout pattern after 4-bar consolidation.,,,False,1,N,,OHLC_D_I_NR4BULLBO
1790680517,"{'stkname': 'Axis Bank', 'ltp': '', 'perChg': '', 'stkId': 'UTI10', 'displayLock': 'N', 'scanproflg': 1, 'scUrl': 'banks-private-sector/axisbank/AB16', 'columns': [{'name': 'change %', 'value': '0.18'}, {'name': 'LTP', 'value': '1,212.10'}, {'name': 'Close Price value', 'value': '1,212.10'}, {'name': 'change absolute', 'value': '2.20'}]}",OHLC_D_I_NR4BULLBO,NR 4 Breakout,Four Bar Pattern,18,Range Breakout,NR4 is a 4-bar narrow range pattern. NR4 bullish breakout pattern scanner shows the list of stocks forming bullish breakout pattern after 4-bar consolidation.,,,False,1,N,,OHLC_D_I_NR4BULLBO
1790680517,"{'stkname': 'Aurobindo Pharm', 'ltp': '', 'perChg': '', 'stkId': 'AP', 'displayLock': 'N', 'scanproflg': 1, 'scUrl': 'pharmaceuticals/aurobindopharma/AP', 'columns': [{'name': 'change %', 'value': '0.01'}, {'name': 'LTP', 'value': '1,697.70'}, {'name': 'Close Price value', 'value': '1,697.70'}, {'name': 'change absolute', 'value': '0.20'}]}",OHLC_D_I_NR4BULLBO,NR 4 Breakout,Four Bar Pattern,18,Range Breakout,NR4 is a 4-bar narrow range pattern. NR4 bullish breakout pattern scanner shows the list of stocks forming bullish breakout pattern after 4-bar consolidation.,,,False,1,N,,OHLC_D_I_NR4BULLBO
1790680517,"{'stkname': 'One 97 Paytm', 'ltp': '', 'perChg': '', 'stkId': 'OC10', 'displayLock': 'N', 'scanproflg': 1, 'scUrl': 'online-services/one97communicationspaytm/OC03', 'columns': [{'name': 'change %', 'value': '3.19'}, {'name': 'LTP', 'value': '1,688.00'}, {'name': 'Close Price value', 'value': '1,688.00'}, {'name': 'change absolute', 'value': '52.20'}]}",OHLC_D_I_NR4BULLBO,NR 4 Breakout,Four Bar Pattern,18,Range Breakout,NR4 is a 4-bar narrow range pattern. NR4 bullish breakout pattern scanner shows the list of stocks forming bullish breakout pattern after 4-bar consolidation.,,,False,1,N,,OHLC_D_I_NR4BULLBO
1790680517,"{'stkname': 'AU Small Financ', 'ltp': '', 'perChg': '', 'stkId': 'ASF03', 'displayLock': 'N', 'scanproflg': 1, 'scUrl': 'banks-private-sector/ausmallfinancebank/ASF02', 'columns': [{'name': 'change %', 'value': '0.99'}, {'name': 'LTP', 'value': '1,005.20'}, {'name': 'Close Price value', 'value': '1,005.20'}, {'name': 'change absolute', 'value': '9.90'}]}",OHLC_D_I_NR4BULLBO,NR 4 Breakout,Four Bar Pattern,18,Range Breakout,NR4 is a 4-bar narrow range pattern. NR4 bullish breakout pattern scanner shows the list of stocks forming bullish breakout pattern after 4-bar consolidation.,,,False,1,N,,OHLC_D_I_NR4BULLBO
1790680517,"{'stkname': 'SBI ETF PVT BAN', 'ltp': '', 'perChg': '', 'stkId': 'SEP03', 'displayLock': 'N', 'scanproflg': 1, 'scUrl': 'finance-nbfc/sbietfprivatebank/SEP', 'columns': [{'name': 'change %', 'value': '0.04'}, {'name': 'LTP', 'value': '271.50'}, {'name': 'Close Price value', 'value': '271.50'}, {'name': 'change absolute', 'value': '0.10'}]}",OHLC_D_I_NR4BULLBO,NR 4 Breakout,Four Bar Pattern,18,Range Breakout,NR4 is a 4-bar narrow range pattern. NR4 bullish breakout pattern scanner shows the list of stocks forming bullish breakout pattern after 4-bar consolidation.,,,False,1,N,,OHLC_D_I_NR4BULLBO
1790680517,"{'stkname': 'Nipp NiftyPhar', 'ltp': '', 'perChg': '', 'stkId': 'NIN', 'displayLock': 'N', 'scanproflg': 1, 'scUrl': 'etf/nipponindianiftypharmaetf/NIN', 'columns': [{'name': 'change %', 'value': '1.20'}, {'name': 'LTP', 'value': '27.89'}, {'name': 'Close Price value', 'value': '27.89'}, {'name': 'change absolute', 'value': '0.33'}]}",OHLC_D_I_NR4BULLBO,NR 4 Breakout,Four Bar Pattern,18,Range Breakout,NR4 is a 4-bar narrow range pattern. NR4 bullish breakout pattern scanner shows the list of stocks forming bullish breakout pattern after 4-bar consolidation.,,,False,1,N,,OHLC_D_I_NR4BULLBO
1790680517,"{'stkname': 'Axis NiftyHeal', 'ltp': '', 'perChg': '', 'stkId': 'AHE02', 'displayLock': 'N', 'scanproflg': 1, 'scUrl': 'etf/axisniftyhealthcareetf/AHE02', 'columns': [{'name': 'change %', 'value': '0.01'}, {'name': 'LTP', 'value': '168.20'}, {'name': 'Close Price value', 'value': '168.20'}, {'name': 'change absolute', 'value': '0.01'}]}",OHLC_D_I_NR4BULLBO,NR 4 Breakout,Four Bar Pattern,18,Range Breakout,NR4 is a 4-bar narrow range pattern. NR4 bullish breakout pattern scanner shows the list of stocks forming bullish breakout pattern after 4-bar consolidation.,,,False,1,N,,OHLC_D_I_NR4BULLBO
1790680517,"{'stkname': 'MO Select IPO', 'ltp': '', 'perChg': '', 'stkId': 'MOB', 'displayLock': 'N', 'scanproflg': 1, 'scUrl': 'etf/motilaloswalbseselectipoetf/MOB', 'columns': [{'name': 'change %', 'value': '0.15'}, {'name': 'LTP', 'value': '46.43'}, {'name': 'Close Price value', 'value': '46.43'}, {'name': 'change absolute', 'value': '0.07'}]}",OHLC_D_I_NR4BULLBO,NR 4 Breakout,Four Bar Pattern,18,Range Breakout,NR4 is a 4-bar narrow range pattern. NR4 bullish breakout pattern scanner shows the list of stocks forming bullish breakout pattern after 4-bar consolidation.,,,False,1,N,,OHLC_D_I_NR4BULLBO
1790680517,"{'stkname': 'AXIS NI IT ETF', 'ltp': '', 'perChg': '', 'stkId': 'ATE04', 'displayLock': 'N', 'scanproflg': 1, 'scUrl': 'etf/axisniftyitetf/ATE04', 'columns': [{'name': 'change %', 'value': '0.98'}, {'name': 'LTP', 'value': '312.00'}, {'name': 'Close Price value', 'value': '312.00'}, {'name': 'change absolute', 'value': '3.03'}]}",OHLC_D_I_NR4BULLBO,NR 4 Breakout,Four Bar Pattern,18,Range Breakout,NR4 is a 4-bar narrow range pattern. NR4 bullish breakout pattern scanner shows the list of stocks forming bullish breakout pattern after 4-bar consolidation.,,,False,1,N,,OHLC_D_I_NR4BULLBO
1790680517,"{'stkname': 'MA Healthcare', 'ltp': '', 'perChg': '', 'stkId': 'MAN10', 'displayLock': 'N', 'scanproflg': 1, 'scUrl': 'etf/miraeassetnifty500healthcareetf/MAN10', 'columns': [{'name': 'change %', 'value': '0.23'}, {'name': 'LTP', 'value': '21.68'}, {'name': 'Close Price value', 'value': '21.68'}, {'name': 'change absolute', 'value': '0.05'}]}",OHLC_D_I_NR4BULLBO,NR 4 Breakout,Four Bar Pattern,18,Range Breakout,NR4 is a 4-bar narrow range pattern. NR4 bullish breakout pattern scanner shows the list of stocks forming bullish breakout pattern after 4-bar consolidation.,,,False,1,N,,OHLC_D_I_NR4BULLBO
1790680517,"{'stkname': 'Mirae SP 500', 'ltp': '', 'perChg': '', 'stkId': 'MAS02', 'displayLock': 'N', 'scanproflg': 1, 'scUrl': 'etf/miraeassetsp500top50etf/MAS01', 'columns': [{'name': 'change %', 'value': '1.38'}, {'name': 'LTP', 'value': '99.90'}, {'name': 'Close Price value', 'value': '99.90'}, {'name': 'change absolute', 'value': '1.36'}]}",OHLC_D_I_NR4BULLBO,NR 4 Breakout,Four Bar Pattern,18,Range Breakout,NR4 is a 4-bar narrow range pattern. NR4 bullish breakout pattern scanner shows the list of stocks forming bullish breakout pattern after 4-bar consolidation.,,,False,1,N,,OHLC_D_I_NR4BULLBO
1790680517,"{'stkname': 'Ipru Nifty Alp', 'ltp': '', 'perChg': '', 'stkId': 'IPA01', 'displayLock': 'N', 'scanproflg': 1, 'scUrl': 'etf/iciciprudentialniftyalphalowvolatility30etf/IPA01', 'columns': [{'name': 'change %', 'value': '0.23'}, {'name': 'LTP', 'value': '26.60'}, {'name': 'Close Price value', 'value': '26.60'}, {'name': 'change absolute', 'value': '0.06'}]}",OHLC_D_I_NR4BULLBO,NR 4 Breakout,Four Bar Pattern,18,Range Breakout,NR4 is a 4-bar narrow range pattern. NR4 bullish breakout pattern scanner shows the list of stocks forming bullish breakout pattern after 4-bar consolidation.,,,False,1,N,,OHLC_D_I_NR4BULLBO
1790680517,"{'stkname': 'LIQUIDBETA', 'ltp': '', 'perChg': '', 'stkId': 'LIQUI76418', 'displayLock': 'N', 'scanproflg': 1, 'scUrl': 'miscellaneous/liquidbeta/LIQUI76418', 'columns': [{'name': 'change %', 'value': '0.04'}, {'name': 'LTP', 'value': '1,009.64'}, {'name': 'Close Price value', 'value': '1,009.64'}, {'name': 'change absolute', 'value': '0.42'}]}",OHLC_D_I_NR4BULLBO,NR 4 Breakout,Four Bar Pattern,18,Range Breakout,NR4 is a 4-bar narrow range pattern. NR4 bullish breakout pattern scanner shows the list of stocks forming bullish breakout pattern after 4-bar consolidation.,,,False,1,N,,OHLC_D_I_NR4BULLBO
1790680517,"{'stkname': 'Digitide Solut', 'ltp': '', 'perChg': '', 'stkId': 'DSL03', 'displayLock': 'N', 'scanproflg': 1, 'scUrl': 'it-servicesconsulting/digitidesolutions/DSL02', 'columns': [{'name': 'change %', 'value': '0.78'}, {'name': 'LTP', 'value': '85.55'}, {'name': 'Close Price value', 'value': '85.55'}, {'name': 'change absolute', 'value': '0.66'}]}",OHLC_D_I_NR4BULLBO,NR 4 Breakout,Four Bar Pattern,18,Range Breakout,NR4 is a 4-bar narrow range pattern. NR4 bullish breakout pattern scanner shows the list of stocks forming bullish breakout pattern after 4-bar consolidation.,,,False,1,N,,OHLC_D_I_NR4BULLBO
1790680517,"{'stkname': 'Finkurve Fin', 'ltp': '', 'perChg': '', 'stkId': 'SL02', 'displayLock': 'N', 'scanproflg': 1, 'scUrl': 'finance-investments/finkurvefinancialservices/SL02', 'columns': [{'name': 'change %', 'value': '2.06'}, {'name': 'LTP', 'value': '55.45'}, {'name': 'Close Price value', 'value': '55.45'}, {'name': 'change absolute', 'value': '1.12'}]}",OHLC_D_I_NR4BULLBO,NR 4 Breakout,Four Bar Pattern,18,Range Breakout,NR4 is a 4-bar narrow range pattern. NR4 bullish breakout pattern scanner shows the list of stocks forming bullish breakout pattern after 4-bar consolidation.,,,False,1,N,,OHLC_D_I_NR4BULLBO
1790680517,"{'stkname': 'Edel Nifty ETF', 'ltp': '', 'perChg': '', 'stkId': 'EN5', 'displayLock': 'N', 'scanproflg': 1, 'scUrl': 'etf/edelweissnifty50etf/EN5', 'columns': [{'name': 'change %', 'value': '7.46'}, {'name': 'Bollinger Band Indicator value', 'value': '24.35'}, {'name': 'LTP', 'value': '24.79'}]}",OHLC_D_I_ABVBOLUUPRBAND,Bollinger Band Breakout,"Stocks with a closing price above the upper Bollinger band (20,2).",18,Range Breakout,"Stocks with a closing price above the upper Bollinger band (20,2).",,,False,1,N,,OHLC_D_I_ABVBOLUUPRBAND
1790680517,"{'stkname': 'Caliber Mining', 'ltp': '', 'perChg': '', 'stkId': 'CML03', 'displayLock': 'N', 'scanproflg': 1, 'scUrl': 'coal/calibermininglogistics/CML03', 'columns': [{'name': 'change %', 'value': '2.90'}, {'name': 'Bollinger Band Indicator value', 'value': '537.22'}, {'name': 'LTP', 'value': '540.00'}]}",OHLC_D_I_ABVBOLUUPRBAND,Bollinger Band Breakout,"Stocks with a closing price above the upper Bollinger band (20,2).",18,Range Breakout,"Stocks with a closing price above the upper Bollinger band (20,2).",,,False,1,N,,OHLC_D_I_ABVBOLUUPRBAND
1790680517,"{'stkname': 'Augmont Enterpr', 'ltp': '', 'perChg': '', 'stkId': 'AEL14', 'displayLock': 'N', 'scanproflg': 1, 'scUrl': 'trading/augmontenterprises/AEL13', 'columns': [{'name': 'change %', 'value': '10.00'}, {'name': 'Bollinger Band Indicator value', 'value': '1,014.24'}, {'name': 'LTP', 'value': '1,062.20'}]}",OHLC_D_I_ABVBOLUUPRBAND,Bollinger Band Breakout,"Stocks with a closing price above the upper Bollinger band (20,2).",18,Range Breakout,"Stocks with a closing price above the upper Bollinger band (20,2).",,,False,1,N,,OHLC_D_I_ABVBOLUUPRBAND
1790680517,"{'stkname': 'Rays of Belief', 'ltp': '', 'perChg': '', 'stkId': 'ROB', 'displayLock': 'N', 'scanproflg': 1, 'scUrl': 'hospitalhealthcare-services/raysbelief/RoB', 'columns': [{'name': 'change %', 'value': '13.27'}, {'name': 'Bollinger Band Indicator value', 'value': '243.49'}, {'name': 'LTP', 'value': '252.60'}]}",OHLC_D_I_ABVBOLUUPRBAND,Bollinger Band Breakout,"Stocks with a closing price above the upper Bollinger band (20,2).",18,Range Breakout,"Stocks with a closing price above the upper Bollinger band (20,2).",,,False,1,N,,OHLC_D_I_ABVBOLUUPRBAND
1790680517,"{'stkname': 'PNC Media', 'ltp': '', 'perChg': '', 'stkId': 'PNC', 'displayLock': 'N', 'scanproflg': 1, 'scUrl': 'film-production-distributionentertainment/pncmediaentertainment/PNC', 'columns': [{'name': 'change %', 'value': '4.32'}, {'name': 'Bollinger Band Indicator value', 'value': '17.38'}, {'name': 'LTP', 'value': '17.40'}]}",OHLC_D_I_ABVBOLUUPRBAND,Bollinger Band Breakout,"Stocks with a closing price above the upper Bollinger band (20,2).",18,Range Breakout,"Stocks with a closing price above the upper Bollinger band (20,2).",,,False,1,N,,OHLC_D_I_ABVBOLUUPRBAND
1790680517,"{'stkname': 'Knowledge Marin', 'ltp': '', 'perChg': '', 'stkId': 'KME', 'displayLock': 'N', 'scanproflg': 1, 'scUrl': 'miscellaneous/knowledgemarineengineeringworks/KME01', 'columns': [{'name': 'change %', 'value': '7.41'}, {'name': 'Bollinger Band Indicator value', 'value': '3,079.95'}, {'name': 'LTP', 'value': '3,090.00'}]}",OHLC_D_I_ABVBOLUUPRBAND,Bollinger Band Breakout,"Stocks with a closing price above the upper Bollinger band (20,2).",18,Range Breakout,"Stocks with a closing price above the upper Bollinger band (20,2).",,,False,1,N,,OHLC_D_I_ABVBOLUUPRBAND
1790680517,"{'stkname': 'Powerica', 'ltp': '', 'perChg': '', 'stkId': 'PL11', 'displayLock': 'N', 'scanproflg': 1, 'scUrl': 'engineering-industrial-equipments/powerica/PL11', 'columns': [{'name': 'change %', 'value': '6.94'}, {'name': 'Bollinger Band Indicator value', 'value': '600.15'}, {'name': 'LTP', 'value': '602.00'}]}",OHLC_D_I_ABVBOLUUPRBAND,Bollinger Band Breakout,"Stocks with a closing price above the upper Bollinger band (20,2).",18,Range Breakout,"Stocks with a closing price above the upper Bollinger band (20,2).",,,False,1,N,,OHLC_D_I_ABVBOLUUPRBAND
1790680517,"{'stkname': 'Vidya Wires', 'ltp': '', 'perChg': '', 'stkId': 'VWL', 'displayLock': 'N', 'scanproflg': 1, 'scUrl': 'cables/vidyawires/VWL', 'columns': [{'name': 'change %', 'value': '2.67'}, {'name': 'Bollinger Band Indicator value', 'value': '93.23'}, {'name': 'LTP', 'value': '93.50'}]}",OHLC_D_I_ABVBOLUUPRBAND,Bollinger Band Breakout,"Stocks with a closing price above the upper Bollinger band (20,2).",18,Range Breakout,"Stocks with a closing price above the upper Bollinger band (20,2).",,,False,1,N,,OHLC_D_I_ABVBOLUUPRBAND
1790680517,"{'stkname': 'Baazar Style', 'ltp': '', 'perChg': '', 'stkId': 'BSR02', 'displayLock': 'N', 'scanproflg': 1, 'scUrl': 'trading/baazarstyleretail/BSR03', 'columns': [{'name': 'change %', 'value': '3.37'}, {'name': 'Bollinger Band Indicator value', 'value': '405.28'}, {'name': 'LTP', 'value': '407.80'}]}",OHLC_D_I_ABVBOLUUPRBAND,Bollinger Band Breakout,"Stocks with a closing price above the upper Bollinger band (20,2).",18,Range Breakout,"Stocks with a closing price above the upper Bollinger band (20,2).",,,False,1,N,,OHLC_D_I_ABVBOLUUPRBAND
1790680517,"{'stkname': 'RBZ Jewellers', 'ltp': '', 'perChg': '', 'stkId': 'RJL', 'displayLock': 'N', 'scanproflg': 1, 'scUrl': 'diamondjewellery/rbzjewellers/RJL', 'columns': [{'name': 'change %', 'value': '3.47'}, {'name': 'Bollinger Band Indicator value', 'value': '194.01'}, {'name': 'LTP', 'value': '196.50'}]}",OHLC_D_I_ABVBOLUUPRBAND,Bollinger Band Breakout,"Stocks with a closing price above the upper Bollinger band (20,2).",18,Range Breakout,"Stocks with a closing price above the upper Bollinger band (20,2).",,,False,1,N,,OHLC_D_I_ABVBOLUUPRBAND
1790680517,"{'stkname': 'ESAF SFB', 'ltp': '', 'perChg': '', 'stkId': 'ESF02', 'displayLock': 'N', 'scanproflg': 1, 'scUrl': 'bank-private/esafsmallfinancebank/ESF02', 'columns': [{'name': 'change %', 'value': '3.51'}, {'name': 'Bollinger Band Indicator value', 'value': '44.07'}, {'name': 'LTP', 'value': '44.51'}]}",OHLC_D_I_ABVBOLUUPRBAND,Bollinger Band Breakout,"Stocks with a closing price above the upper Bollinger band (20,2).",18,Range Breakout,"Stocks with a closing price above the upper Bollinger band (20,2).",,,False,1,N,,OHLC_D_I_ABVBOLUUPRBAND
1790680517,"{'stkname': 'Bansal Wire Ind', 'ltp': '', 'perChg': '', 'stkId': 'BWI02', 'displayLock': 'N', 'scanproflg': 1, 'scUrl': 'ironsteel/bansalwireindustries/BWI03', 'columns': [{'name': 'change %', 'value': '3.59'}, {'name': 'Bollinger Band Indicator value', 'value': '328.19'}, {'name': 'LTP', 'value': '329.00'}]}",OHLC_D_I_ABVBOLUUPRBAND,Bollinger Band Breakout,"Stocks with a closing price above the upper Bollinger band (20,2).",18,Range Breakout,"Stocks with a closing price above the upper Bollinger band (20,2).",,,False,1,N,,OHLC_D_I_ABVBOLUUPRBAND
1790680517,"{'stkname': 'Saraswati Saree', 'ltp': '', 'perChg': '', 'stkId': 'SSD02', 'displayLock': 'N', 'scanproflg': 1, 'scUrl': 'trading/saraswatisareedepot/SSD', 'columns': [{'name': 'change %', 'value': '4.12'}, {'name': 'Bollinger Band Indicator value', 'value': '82.67'}, {'name': 'LTP', 'value': '84.88'}]}",OHLC_D_I_ABVBOLUUPRBAND,Bollinger Band Breakout,"Stocks with a closing price above the upper Bollinger band (20,2).",18,Range Breakout,"Stocks with a closing price above the upper Bollinger band (20,2).",,,False,1,N,,OHLC_D_I_ABVBOLUUPRBAND
1790680517,"{'stkname': 'JNK India', 'ltp': '', 'perChg': '', 'stkId': 'JIL06', 'displayLock': 'N', 'scanproflg': 1, 'scUrl': 'electric-equipment-boilersturbines/jnkindia/JIL04', 'columns': [{'name': 'change %', 'value': '7.64'}, {'name': 'Bollinger Band Indicator value', 'value': '441.64'}, {'name': 'LTP', 'value': '452.10'}]}",OHLC_D_I_ABVBOLUUPRBAND,Bollinger Band Breakout,"Stocks with a closing price above the upper Bollinger band (20,2).",18,Range Breakout,"Stocks with a closing price above the upper Bollinger band (20,2).",,,False,1,N,,OHLC_D_I_ABVBOLUUPRBAND
1790680517,"{'stkname': 'Aequs', 'ltp': '', 'perChg': '', 'stkId': 'AL20', 'displayLock': 'N', 'scanproflg': 1, 'scUrl': 'engineering-industrial-equipments/aequs/AL16', 'columns': [{'name': 'change %', 'value': '4.48'}, {'name': 'Bollinger Band Indicator value', 'value': '267.20'}, {'name': 'LTP', 'value': '271.74'}]}",OHLC_D_I_ABVBOLUUPRBAND,Bollinger Band Breakout,"Stocks with a closing price above the upper Bollinger band (20,2).",18,Range Breakout,"Stocks with a closing price above the upper Bollinger band (20,2).",,,False,1,N,,OHLC_D_I_ABVBOLUUPRBAND
1790680517,"{'stkname': 'J G Chemicals', 'ltp': '', 'perChg': '', 'stkId': 'CL10', 'displayLock': 'N', 'scanproflg': 1, 'scUrl': 'commodity-chemicals/jgchemicals/CL11', 'columns': [{'name': 'change %', 'value': '6.11'}, {'name': 'Bollinger Band Indicator value', 'value': '651.50'}, {'name': 'LTP', 'value': '658.75'}]}",OHLC_D_I_ABVBOLUUPRBAND,Bollinger Band Breakout,"Stocks with a closing price above the upper Bollinger band (20,2).",18,Range Breakout,"Stocks with a closing price above the upper Bollinger band (20,2).",,,False,1,N,,OHLC_D_I_ABVBOLUUPRBAND
1790680517,"{'stkname': 'DAM Capital Adv', 'ltp': '', 'perChg': '', 'stkId': 'DCA01', 'displayLock': 'N', 'scanproflg': 1, 'scUrl': 'finance-stock-broking/damcapitaladvisors/DCA01', 'columns': [{'name': 'change %', 'value': '-1.99'}, {'name': 'Bollinger Band Indicator value', 'value': '155.42'}, {'name': 'LTP', 'value': '155.50'}]}",OHLC_D_I_ABVBOLUUPRBAND,Bollinger Band Breakout,"Stocks with a closing price above the upper Bollinger band (20,2).",18,Range Breakout,"Stocks with a closing price above the upper Bollinger band (20,2).",,,False,1,N,,OHLC_D_I_ABVBOLUUPRBAND
1790680517,"{'stkname': 'Nureca', 'ltp': '', 'perChg': '', 'stkId': 'N10', 'displayLock': 'N', 'scanproflg': 1, 'scUrl': 'medical-equipmentsuppliesaccessories/nureca/N10', 'columns': [{'name': 'change %', 'value': '1.46'}, {'name': 'Bollinger Band Indicator value', 'value': '366.27'}, {'name': 'LTP', 'value': '367.85'}]}",OHLC_D_I_ABVBOLUUPRBAND,Bollinger Band Breakout,"Stocks with a closing price above the upper Bollinger band (20,2).",18,Range Breakout,"Stocks with a closing price above the upper Bollinger band (20,2).",,,False,1,N,,OHLC_D_I_ABVBOLUUPRBAND
1790680517,"{'stkname': 'Pashupati Cotsp', 'ltp': '', 'perChg': '', 'stkId': 'PC25', 'displayLock': 'N', 'scanproflg': 1, 'scUrl': 'diversified/pashupaticotspin/PC23', 'columns': [{'name': 'change %', 'value': '19.99'}, {'name': 'Bollinger Band Indicator value', 'value': '87.98'}, {'name': 'LTP', 'value': '92.72'}]}",OHLC_D_I_ABVBOLUUPRBAND,Bollinger Band Breakout,"Stocks with a closing price above the upper Bollinger band (20,2).",18,Range Breakout,"Stocks with a closing price above the upper Bollinger band (20,2).",,,False,1,N,,OHLC_D_I_ABVBOLUUPRBAND
1790680517,"{'stkname': 'SBC Exports', 'ltp': '', 'perChg': '', 'stkId': 'SE29', 'displayLock': 'N', 'scanproflg': 1, 'scUrl': 'diversified/sbcexports/SE18', 'columns': [{'name': 'change %', 'value': '2.52'}, {'name': 'Bollinger Band Indicator value', 'value': '54.39'}, {'name': 'LTP', 'value': '54.89'}]}",OHLC_D_I_ABVBOLUUPRBAND,Bollinger Band Breakout,"Stocks with a closing price above the upper Bollinger band (20,2).",18,Range Breakout,"Stocks with a closing price above the upper Bollinger band (20,2).",,,False,1,N,,OHLC_D_I_ABVBOLUUPRBAND
1790680517,"{'stkname': 'Mahalaxmi Rub', 'ltp': '', 'perChg': '', 'stkId': 'MR02', 'displayLock': 'N', 'scanproflg': 1, 'scUrl': 'rubber/mahalaxmirubtech/MR02', 'columns': [{'name': 'change %', 'value': '1.92'}, {'name': 'Bollinger Band Indicator value', 'value': '176.72'}, {'name': 'LTP', 'value': '176.88'}]}",OHLC_D_I_ABVBOLUUPRBAND,Bollinger Band Breakout,"Stocks with a closing price above the upper Bollinger band (20,2).",18,Range Breakout,"Stocks with a closing price above the upper Bollinger band (20,2).",,,False,1,N,,OHLC_D_I_ABVBOLUUPRBAND
1790680517,"{'stkname': 'Sangam India', 'ltp': '', 'perChg': '', 'stkId': 'SI03', 'displayLock': 'N', 'scanproflg': 1, 'scUrl': 'textiles-spinning-synthetic-blended/sangamindia/SI03', 'columns': [{'name': 'change %', 'value': '2.07'}, {'name': 'Bollinger Band Indicator value', 'value': '636.52'}, {'name': 'LTP', 'value': '642.35'}]}",OHLC_D_I_ABVBOLUUPRBAND,Bollinger Band Breakout,"Stocks with a closing price above the upper Bollinger band (20,2).",18,Range Breakout,"Stocks with a closing price above the upper Bollinger band (20,2).",,,False,1,N,,OHLC_D_I_ABVBOLUUPRBAND
1790680517,"{'stkname': 'Essar Shipping', 'ltp': '', 'perChg': '', 'stkId': 'ES10', 'displayLock': 'N', 'scanproflg': 1, 'scUrl': 'shipping/essarshipping/ES10', 'columns': [{'name': 'change %', 'value': '8.77'}, {'name': 'Bollinger Band Indicator value', 'value': '16.84'}, {'name': 'LTP', 'value': '17.00'}]}",OHLC_D_I_ABVBOLUUPRBAND,Bollinger Band Breakout,"Stocks with a closing price above the upper Bollinger band (20,2).",18,Range Breakout,"Stocks with a closing price above the upper Bollinger band (20,2).",,,False,1,N,,OHLC_D_I_ABVBOLUUPRBAND
1790680517,"{'stkname': 'P&G Health', 'ltp': '', 'perChg': '', 'stkId': 'EMI', 'displayLock': 'N', 'scanproflg': 1, 'scUrl': 'pharmaceuticalsdrugs/proctergamblehealth/M12', 'columns': [{'name': 'change %', 'value': '3.95'}, {'name': 'Bollinger Band Indicator value', 'value': '5,567.00'}, {'name': 'LTP', 'value': '5,613.00'}]}",OHLC_D_I_ABVBOLUUPRBAND,Bollinger Band Breakout,"Stocks with a closing price above the upper Bollinger band (20,2).",18,Range Breakout,"Stocks with a closing price above the upper Bollinger band (20,2).",,,False,1,N,,OHLC_D_I_ABVBOLUUPRBAND
1790680517,"{'stkname': 'Venus Remedies', 'ltp': '', 'perChg': '', 'stkId': 'VR01', 'displayLock': 'N', 'scanproflg': 1, 'scUrl': 'pharmaceuticals/venusremedies/VR01', 'columns': [{'name': 'change %', 'value': '5.00'}, {'name': 'Bollinger Band Indicator value', 'value': '1,706.35'}, {'name': 'LTP', 'value': '1,710.60'}]}",OHLC_D_I_ABVBOLUUPRBAND,Bollinger Band Breakout,"Stocks with a closing price above the upper Bollinger band (20,2).",18,Range Breakout,"Stocks with a closing price above the upper Bollinger band (20,2).",,,False,1,N,,OHLC_D_I_ABVBOLUUPRBAND
1790680517,"{'stkname': 'Indoco Remedies', 'ltp': '', 'perChg': '', 'stkId': 'IR05', 'displayLock': 'N', 'scanproflg': 1, 'scUrl': 'pharmaceuticals/indocoremedies/IR05', 'columns': [{'name': 'change %', 'value': '7.40'}, {'name': 'Bollinger Band Indicator value', 'value': '266.39'}, {'name': 'LTP', 'value': '267.50'}]}",OHLC_D_I_ABVBOLUUPRBAND,Bollinger Band Breakout,"Stocks with a closing price above the upper Bollinger band (20,2).",18,Range Breakout,"Stocks with a closing price above the upper Bollinger band (20,2).",,,False,1,N,,OHLC_D_I_ABVBOLUUPRBAND
1790680517,"{'stkname': 'Syncom Formula', 'ltp': '', 'perChg': '', 'stkId': 'SF18', 'displayLock': 'N', 'scanproflg': 1, 'scUrl': 'pharmaceuticals/syncomformulations/SF18', 'columns': [{'name': 'change %', 'value': '20.00'}, {'name': 'Bollinger Band Indicator value', 'value': '24.40'}, {'name': 'LTP', 'value': '26.64'}]}",OHLC_D_I_ABVBOLUUPRBAND,Bollinger Band Breakout,"Stocks with a closing price above the upper Bollinger band (20,2).",18,Range Breakout,"Stocks with a closing price above the upper Bollinger band (20,2).",,,False,1,N,,OHLC_D_I_ABVBOLUUPRBAND
1790680517,"{'stkname': 'Hitech Corp', 'ltp': '', 'perChg': '', 'stkId': 'HTP', 'displayLock': 'N', 'scanproflg': 1, 'scUrl': 'plastics/hitechcorporation/HP08', 'columns': [{'name': 'change %', 'value': '0.45'}, {'name': 'Bollinger Band Indicator value', 'value': '342.05'}, {'name': 'LTP', 'value': '343.00'}]}",OHLC_D_I_ABVBOLUUPRBAND,Bollinger Band Breakout,"Stocks with a closing price above the upper Bollinger band (20,2).",18,Range Breakout,"Stocks with a closing price above the upper Bollinger band (20,2).",,,False,1,N,,OHLC_D_I_ABVBOLUUPRBAND
1790680517,"{'stkname': 'Sun TV Network', 'ltp': '', 'perChg': '', 'stkId': 'STV01', 'displayLock': 'N', 'scanproflg': 1, 'scUrl': 'mediaentertainment/suntvnetwork/STN01', 'columns': [{'name': 'change %', 'value': '6.28'}, {'name': 'Bollinger Band Indicator value', 'value': '545.00'}, {'name': 'LTP', 'value': '552.55'}]}",OHLC_D_I_ABVBOLUUPRBAND,Bollinger Band Breakout,"Stocks with a closing price above the upper Bollinger band (20,2).",18,Range Breakout,"Stocks with a closing price above the upper Bollinger band (20,2).",,,False,1,N,,OHLC_D_I_ABVBOLUUPRBAND
1790680517,"{'stkname': 'Sunflag Iron', 'ltp': '', 'perChg': '', 'stkId': 'SIS05', 'displayLock': 'N', 'scanproflg': 1, 'scUrl': 'steel-rolling/sunflagironsteelcompany/SIS05', 'columns': [{'name': 'change %', 'value': '3.52'}, {'name': 'Bollinger Band Indicator value', 'value': '459.64'}, {'name': 'LTP', 'value': '465.00'}]}",OHLC_D_I_ABVBOLUUPRBAND,Bollinger Band Breakout,"Stocks with a closing price above the upper Bollinger band (20,2).",18,Range Breakout,"Stocks with a closing price above the upper Bollinger band (20,2).",,,False,1,N,,OHLC_D_I_ABVBOLUUPRBAND
1790680517,"{'stkname': 'Datamatics Glob', 'ltp': '', 'perChg': '', 'stkId': 'DTL', 'displayLock': 'N', 'scanproflg': 1, 'scUrl': 'computers-software-mediumsmall/datamaticsglobalservices/DGS01', 'columns': [{'name': 'change %', 'value': '4.71'}, {'name': 'Bollinger Band Indicator value', 'value': '815.61'}, {'name': 'LTP', 'value': '821.10'}]}",OHLC_D_I_ABVBOLUUPRBAND,Bollinger Band Breakout,"Stocks with a closing price above the upper Bollinger band (20,2).",18,Range Breakout,"Stocks with a closing price above the upper Bollinger band (20,2).",,,False,1,N,,OHLC_D_I_ABVBOLUUPRBAND
1790680517,"{'stkname': 'R Systems Intl', 'ltp': '', 'perChg': '', 'stkId': 'RSI01', 'displayLock': 'N', 'scanproflg': 1, 'scUrl': 'computers-software-mediumsmall/rsystemsinternational/RSI01', 'columns': [{'name': 'change %', 'value': '9.19'}, {'name': 'Bollinger Band Indicator value', 'value': '283.74'}, {'name': 'LTP', 'value': '300.50'}]}",OHLC_D_I_ABVBOLUUPRBAND,Bollinger Band Breakout,"Stocks with a closing price above the upper Bollinger band (20,2).",18,Range Breakout,"Stocks with a closing price above the upper Bollinger band (20,2).",,,False,1,N,,OHLC_D_I_ABVBOLUUPRBAND
1790680517,"{'stkname': 'Axiscades Tech', 'ltp': '', 'perChg': '', 'stkId': 'ITT01', 'displayLock': 'N', 'scanproflg': 1, 'scUrl': 'aerospacedefence/axiscadestechnologies/AXI', 'columns': [{'name': 'change %', 'value': '10.00'}, {'name': 'Bollinger Band Indicator value', 'value': '2,046.01'}, {'name': 'LTP', 'value': '2,067.40'}]}",OHLC_D_I_ABVBOLUUPRBAND,Bollinger Band Breakout,"Stocks with a closing price above the upper Bollinger band (20,2).",18,Range Breakout,"Stocks with a closing price above the upper Bollinger band (20,2).",,,False,1,N,,OHLC_D_I_ABVBOLUUPRBAND
1790680517,"{'stkname': 'JHS Svendgaard', 'ltp': '', 'perChg': '', 'stkId': 'JHS01', 'displayLock': 'N', 'scanproflg': 1, 'scUrl': 'personal-care/jhssvendgaardlaboratories/JHS01', 'columns': [{'name': 'change %', 'value': '17.37'}, {'name': 'Bollinger Band Indicator value', 'value': '9.69'}, {'name': 'LTP', 'value': '10.34'}]}",OHLC_D_I_ABVBOLUUPRBAND,Bollinger Band Breakout,"Stocks with a closing price above the upper Bollinger band (20,2).",18,Range Breakout,"Stocks with a closing price above the upper Bollinger band (20,2).",,,False,1,N,,OHLC_D_I_ABVBOLUUPRBAND
1790680517,"{'stkname': 'Max India', 'ltp': '', 'perChg': '', 'stkId': 'MIL18', 'displayLock': 'N', 'scanproflg': 1, 'scUrl': 'finance-investment/maxindialimited/MIL19', 'columns': [{'name': 'change %', 'value': '4.28'}, {'name': 'Bollinger Band Indicator value', 'value': '161.33'}, {'name': 'LTP', 'value': '162.00'}]}",OHLC_D_I_ABVBOLUUPRBAND,Bollinger Band Breakout,"Stocks with a closing price above the upper Bollinger band (20,2).",18,Range Breakout,"Stocks with a closing price above the upper Bollinger band (20,2).",,,False,1,N,,OHLC_D_I_ABVBOLUUPRBAND
1790680517,"{'stkname': 'Wealth First Po', 'ltp': '', 'perChg': '', 'stkId': 'WFP', 'displayLock': 'N', 'scanproflg': 1, 'scUrl': 'finance-investments/wealthfirstportfoliomanagers/WFP', 'columns': [{'name': 'change %', 'value': '5.91'}, {'name': 'Bollinger Band Indicator value', 'value': '867.25'}, {'name': 'LTP', 'value': '882.05'}]}",OHLC_D_I_ABVBOLUUPRBAND,Bollinger Band Breakout,"Stocks with a closing price above the upper Bollinger band (20,2).",18,Range Breakout,"Stocks with a closing price above the upper Bollinger band (20,2).",,,False,1,N,,OHLC_D_I_ABVBOLUUPRBAND
1790680517,"{'stkname': 'KSB Pumps', 'ltp': '', 'perChg': '', 'stkId': 'KSB', 'displayLock': 'N', 'scanproflg': 1, 'scUrl': 'pumps/ksb/KSB', 'columns': [{'name': 'change %', 'value': '6.71'}, {'name': 'Bollinger Band Indicator value', 'value': '848.74'}, {'name': 'LTP', 'value': '855.00'}]}",OHLC_D_I_ABVBOLUUPRBAND,Bollinger Band Breakout,"Stocks with a closing price above the upper Bollinger band (20,2).",18,Range Breakout,"Stocks with a closing price above the upper Bollinger band (20,2).",,,False,1,N,,OHLC_D_I_ABVBOLUUPRBAND
1790680517,"{'stkname': 'Kirloskar Oil', 'ltp': '', 'perChg': '', 'stkId': 'KOE03', 'displayLock': 'N', 'scanproflg': 1, 'scUrl': 'engines/kirloskaroilengines/KOE03', 'columns': [{'name': 'change %', 'value': '11.05'}, {'name': 'Bollinger Band Indicator value', 'value': '2,321.55'}, {'name': 'LTP', 'value': '2,377.80'}]}",OHLC_D_I_ABVBOLUUPRBAND,Bollinger Band Breakout,"Stocks with a closing price above the upper Bollinger band (20,2).",18,Range Breakout,"Stocks with a closing price above the upper Bollinger band (20,2).",,,False,1,N,,OHLC_D_I_ABVBOLUUPRBAND
1790680517,"{'stkname': 'BOSCH-HCIL', 'ltp': '', 'perChg': '', 'stkId': 'AA02', 'displayLock': 'N', 'scanproflg': 1, 'scUrl': 'consumer-goods-white-goods/boschhomecomfortindia/HHL', 'columns': [{'name': 'change %', 'value': '7.47'}, {'name': 'Bollinger Band Indicator value', 'value': '1,884.39'}, {'name': 'LTP', 'value': '1,937.10'}]}",OHLC_D_I_ABVBOLUUPRBAND,Bollinger Band Breakout,"Stocks with a closing price above the upper Bollinger band (20,2).",18,Range Breakout,"Stocks with a closing price above the upper Bollinger band (20,2).",,,False,1,N,,OHLC_D_I_ABVBOLUUPRBAND
1790680517,"{'stkname': 'D. P. Abhushan', 'ltp': '', 'perChg': '', 'stkId': 'DPA01', 'displayLock': 'N', 'scanproflg': 1, 'scUrl': 'miscellaneous/dpabhushan/DPA01', 'columns': [{'name': 'change %', 'value': '20.00'}, {'name': 'Bollinger Band Indicator value', 'value': '1,587.40'}, {'name': 'LTP', 'value': '1,665.80'}]}",OHLC_D_I_ABVBOLUUPRBAND,Bollinger Band Breakout,"Stocks with a closing price above the upper Bollinger band (20,2).",18,Range Breakout,"Stocks with a closing price above the upper Bollinger band (20,2).",,,False,1,N,,OHLC_D_I_ABVBOLUUPRBAND
1790680517,"{'stkname': 'Indo Amines', 'ltp': '', 'perChg': '', 'stkId': 'IA', 'displayLock': 'N', 'scanproflg': 1, 'scUrl': 'chemicals/indoamines/IA', 'columns': [{'name': 'change %', 'value': '5.47'}, {'name': 'Bollinger Band Indicator value', 'value': '144.64'}, {'name': 'LTP', 'value': '144.99'}]}",OHLC_D_I_ABVBOLUUPRBAND,Bollinger Band Breakout,"Stocks with a closing price above the upper Bollinger band (20,2).",18,Range Breakout,"Stocks with a closing price above the upper Bollinger band (20,2).",,,False,1,N,,OHLC_D_I_ABVBOLUUPRBAND
1790680517,"{'stkname': 'UTI Nifty500ETF', 'ltp': '', 'perChg': '', 'stkId': 'UN5', 'displayLock': 'N', 'scanproflg': 1, 'scUrl': 'etf/utinifty500exchangetradedfund/UN5', 'columns': [{'name': 'change %', 'value': '6.66'}, {'name': 'Bollinger Band Indicator value', 'value': '37.76'}, {'name': 'LTP', 'value': '38.25'}]}",OHLC_D_I_ABVBOLUUPRBAND,Bollinger Band Breakout,"Stocks with a closing price above the upper Bollinger band (20,2).",18,Range Breakout,"Stocks with a closing price above the upper Bollinger band (20,2).",,,False,1,N,,OHLC_D_I_ABVBOLUUPRBAND
1790680517,"{'stkname': 'Mirae Liquid', 'ltp': '', 'perChg': '', 'stkId': 'LIQUI17572', 'displayLock': 'N', 'scanproflg': 1, 'scUrl': 'etf/miraeassetnifty1drateliquidetf/LIQUI17572', 'columns': [{'name': 'change %', 'value': '0.00'}, {'name': 'Bollinger Band Indicator value', 'value': '1,000.00'}, {'name': 'LTP', 'value': '1,000.00'}]}",OHLC_D_I_ABVBOLUUPRBAND,Bollinger Band Breakout,"Stocks with a closing price above the upper Bollinger band (20,2).",18,Range Breakout,"Stocks with a closing price above the upper Bollinger band (20,2).",,,False,1,N,,OHLC_D_I_ABVBOLUUPRBAND
1790680517,"{'stkname': 'Nipp Nifty1D', 'ltp': '', 'perChg': '', 'stkId': 'LB', 'displayLock': 'N', 'scanproflg': 1, 'scUrl': 'etf/nipponindiaetfnifty1drateliquidbees/LB', 'columns': [{'name': 'change %', 'value': '0.00'}, {'name': 'Bollinger Band Indicator value', 'value': '1,000.01'}, {'name': 'LTP', 'value': '1,000.01'}]}",OHLC_D_I_ABVBOLUUPRBAND,Bollinger Band Breakout,"Stocks with a closing price above the upper Bollinger band (20,2).",18,Range Breakout,"Stocks with a closing price above the upper Bollinger band (20,2).",,,False,1,N,,OHLC_D_I_ABVBOLUUPRBAND
1790680517,"{'stkname': 'Wonder Elect.', 'ltp': '', 'perChg': '', 'stkId': 'WF03', 'displayLock': 'N', 'scanproflg': 1, 'scUrl': 'electronic-goods/wonderelectricals/WF', 'columns': [{'name': 'change %', 'value': '1.82'}, {'name': 'Bollinger Band Indicator value', 'value': '102.83'}, {'name': 'LTP', 'value': '104.00'}]}",OHLC_D_I_ABVBOLUUPRBAND,Bollinger Band Breakout,"Stocks with a closing price above the upper Bollinger band (20,2).",18,Range Breakout,"Stocks with a closing price above the upper Bollinger band (20,2).",,,False,1,N,,OHLC_D_I_ABVBOLUUPRBAND
