Index,scId,StockName,type,currTrend,currPrice,performance,trendChngDate,trendChngPrice,updatedTime
NIFTY 50,H,Hindalco,Stock,Very Bullish,"1,011.45",9.06,"06 Apr, 2026",927.45,Apr 15 | 15:59
NIFTY 50,TEL,TMPV,Stock,Bullish,357.90,7.40,"09 Apr, 2026",333.25,Apr 15 | 15:59
NIFTY 50,TI01,Titan Company,Stock,Very Bullish,"4,522.20",6.50,"06 Apr, 2026","4,246.10",Apr 15 | 15:57
NIFTY 50,TIS,Tata Steel,Stock,Very Bullish,208.72,6.44,"06 Apr, 2026",196.10,Apr 15 | 15:59
NIFTY 50,BA06,Bajaj Auto,Stock,Very Bullish,"9,865.00",5.33,"08 Apr, 2026","9,366.00",Apr 15 | 15:57
NIFTY 50,PGC,Power Grid Corp,Stock,Very Bullish,312.45,4.81,"09 Apr, 2026",298.10,Apr 15 | 15:59
NIFTY 50,L,Trent,Stock,Bullish,"3,978.20",4.06,"07 Apr, 2026","3,823.00",Apr 15 | 15:59
NIFTY 50,MPS,Adani Ports,Stock,Very Bullish,"1,511.80",4.03,"08 Apr, 2026","1,453.30",Apr 15 | 15:59
NIFTY 50,NTP,NTPC,Stock,Very Bullish,392.60,3.68,"09 Apr, 2026",378.65,Apr 15 | 15:59
NIFTY 50,NI,Nestle,Stock,Bullish,"1,256.60",3.53,"08 Apr, 2026","1,213.70",Apr 15 | 15:59
NIFTY 50,W,Wipro,Stock,Bullish,209.75,3.11,"08 Apr, 2026",203.42,Apr 15 | 15:59
NIFTY 50,AE01,Adani Enterpris,Stock,Bullish,"2,144.40",2.76,"10 Apr, 2026","2,086.80",Apr 15 | 15:59
NIFTY 50,API,Asian Paints,Stock,Bullish,"2,423.10",2.64,"10 Apr, 2026","2,360.70",Apr 15 | 15:59
NIFTY 50,SLI03,SBI Life Insura,Stock,Very Bullish,"1,971.00",2.49,"10 Apr, 2026","1,923.20",Apr 15 | 15:56
NIFTY 50,TM4,Tech Mahindra,Stock,Bullish,"1,483.80",2.23,"08 Apr, 2026","1,451.40",Apr 15 | 15:59
NIFTY 50,AHE,Apollo Hospital,Stock,Very Bullish,"7,642.00",2.15,"09 Apr, 2026","7,481.50",Apr 15 | 15:56
NIFTY 50,JVS,JSW Steel,Stock,Very Bullish,"1,218.60",2.03,"08 Apr, 2026","1,194.30",Apr 15 | 15:59
NIFTY 50,ONG,ONGC,Stock,Very Bullish,287.60,2.00,"27 Mar, 2026",281.95,Apr 15 | 15:59
NIFTY 50,BE03,Bharat Elec,Stock,Very Bullish,447.65,1.80,"09 Apr, 2026",439.75,Apr 15 | 15:59
NIFTY 50,LT,Larsen,Stock,Very Bullish,"4,076.30",1.76,"08 Apr, 2026","4,005.90",Apr 15 | 15:59
NIFTY 50,UTI10,Axis Bank,Stock,Very Bullish,"1,355.50",1.69,"08 Apr, 2026","1,333.00",Apr 15 | 15:58
NIFTY 50,HCL02,HCL Tech,Stock,Bullish,"1,451.30",0.67,"07 Apr, 2026","1,441.60",Apr 15 | 15:57
NIFTY 50,IA05,Interglobe Avi,Stock,Bullish,"4,638.00",0.49,"08 Apr, 2026","4,615.50",Apr 15 | 15:59
NIFTY 50,SBI,SBI,Stock,Bullish,"1,071.50",0.45,"10 Apr, 2026","1,066.70",Apr 15 | 15:59
NIFTY 50,STF,Shriram Finance,Stock,Bullish,"1,020.95",-0.22,"08 Apr, 2026","1,023.20",Apr 15 | 15:59
NIFTY 50,ICI02,ICICI Bank,Stock,Bullish,"1,348.10",-0.22,"13 Apr, 2026","1,351.10",Apr 15 | 15:59
NIFTY 50,EM,Eicher Motors,Stock,Bullish,"7,128.00",-3.99,"10 Apr, 2026","7,424.00",Apr 15 | 15:57
NIFTY BANK,FB,Federal Bank,Stock,Very Bullish,286.85,4.25,"07 Apr, 2026",275.15,Apr 15 | 15:59
NIFTY BANK,CB06,Canara Bank,Stock,Bullish,141.71,2.76,"09 Apr, 2026",137.91,Apr 15 | 15:59
NIFTY BANK,UBI01,Union Bank,Stock,Very Bullish,188.71,1.64,"08 Apr, 2026",185.66,Apr 15 | 15:59
NIFTY BANK,ASF03,AU Small Financ,Stock,Very Bullish,981.10,1.37,"08 Apr, 2026",967.80,Apr 15 | 15:59
NIFTY BANK,IIB,IndusInd Bank,Stock,Bullish,840.10,0.00,"15 Apr, 2026",840.10,Apr 15 | 15:59
NIFTY MIDCAP100,APP03,Hitachi Energy,Stock,Very Bullish,"28,435.00",50.75,"30 Jan, 2026","18,862.00",Apr 15 | 15:58
NIFTY MIDCAP100,PEL07,Premier Energie,Stock,Very Bullish,998.50,26.50,"12 Mar, 2026",789.35,Apr 15 | 15:59
NIFTY MIDCAP100,BGV,Billionbrains G,Stock,Bullish,208.44,26.47,"02 Apr, 2026",164.82,Apr 15 | 15:59
NIFTY MIDCAP100,WEL01,Waaree Energies,Stock,Very Bullish,"3,426.10",18.83,"17 Mar, 2026","2,883.10",Apr 15 | 15:59
NIFTY MIDCAP100,B03,BSE Limited,Stock,Very Bullish,"3,390.70",18.24,"01 Apr, 2026","2,867.60",Apr 15 | 15:59
NIFTY MIDCAP100,LC03,Lupin,Stock,Very Bullish,"2,338.90",17.90,"03 Nov, 2025","1,983.80",Apr 15 | 15:59
NIFTY MIDCAP100,AP,Aurobindo Pharm,Stock,Very Bullish,"1,373.90",13.40,"25 Feb, 2026","1,211.50",Apr 15 | 15:59
NIFTY MIDCAP100,OR,Oberoi Realty,Stock,Very Bullish,"1,705.70",12.22,"06 Apr, 2026","1,519.90",Apr 15 | 15:54
NIFTY MIDCAP100,TIC,Tata Inv Corp,Stock,Bullish,714.40,12.18,"09 Apr, 2026",636.85,Apr 15 | 15:59
NIFTY MIDCAP100,GP08,Glenmark,Stock,Very Bullish,"2,258.40",12.07,"11 Feb, 2026","2,015.20",Apr 15 | 15:59
NIFTY MIDCAP100,MCE,MCX India,Stock,Very Bullish,"2,851.10",11.85,"06 Apr, 2026","2,549.00",Apr 15 | 15:59
NIFTY MIDCAP100,SE17,Suzlon Energy,Stock,Bullish,49.13,11.08,"08 Apr, 2026",44.23,Apr 15 | 16:00
NIFTY MIDCAP100,BHE,BHEL,Stock,Very Bullish,292.50,10.09,"08 Apr, 2026",265.70,Apr 15 | 15:58
NIFTY MIDCAP100,NAC,NALCO,Stock,Very Bullish,423.90,9.79,"30 Mar, 2026",386.10,Apr 15 | 15:59
NIFTY MIDCAP100,GEC,GE Vernova T&D,Stock,Very Bullish,"4,134.50",8.58,"18 Mar, 2026","3,807.70",Apr 15 | 15:58
NIFTY MIDCAP100,PI35,Page Industries,Stock,Very Bullish,"36,530.00",7.62,"02 Apr, 2026","33,945.00",Apr 15 | 15:59
NIFTY MIDCAP100,LL06,Laurus Labs,Stock,Very Bullish,"1,117.60",7.59,"01 Apr, 2026","1,038.80",Apr 15 | 15:56
NIFTY MIDCAP100,S11,Oracle Fin Serv,Stock,Bullish,"7,542.50",7.49,"06 Apr, 2026","7,017.00",Apr 15 | 15:59
NIFTY MIDCAP100,SAI,SAIL,Stock,Very Bullish,166.95,7.14,"01 Apr, 2026",155.82,Apr 15 | 15:59
NIFTY MIDCAP100,NMD01,NMDC,Stock,Very Bullish,87.17,7.09,"06 Apr, 2026",81.40,Apr 15 | 15:59
NIFTY MIDCAP100,IPA02,ICICIAMC,Stock,Bullish,"3,221.00",7.00,"07 Apr, 2026","3,010.30",Apr 15 | 15:59
NIFTY MIDCAP100,LSL,Lenskart Solu,Stock,Very Bullish,538.10,6.43,"08 Apr, 2026",505.60,Apr 15 | 15:59
NIFTY MIDCAP100,FEV,FSN E-Com (Nyka,Stock,Very Bullish,261.92,5.64,"07 Apr, 2026",247.94,Apr 15 | 15:59
NIFTY MIDCAP100,KJI01,Kalyan Jeweller,Stock,Bullish,442.50,5.27,"06 Apr, 2026",420.35,Apr 15 | 15:59
NIFTY MIDCAP100,JE02,JSW Energy,Stock,Very Bullish,528.20,5.21,"08 Apr, 2026",502.05,Apr 15 | 15:59
NIFTY MIDCAP100,N07,NHPC,Stock,Bullish,80.58,5.06,"08 Apr, 2026",76.70,Apr 15 | 15:59
NIFTY MIDCAP100,ADG01,Adani Total Gas,Stock,Very Bullish,586.10,4.85,"08 Apr, 2026",559.00,Apr 15 | 15:59
NIFTY MIDCAP100,IB04,Indian Bank,Stock,Very Bullish,946.00,4.50,"07 Apr, 2026",905.25,Apr 15 | 15:59
NIFTY MIDCAP100,MOF01,Motilal Oswal,Stock,Bullish,791.10,4.45,"08 Apr, 2026",757.40,Apr 15 | 15:59
NIFTY MIDCAP100,RK01,Radico Khaitan,Stock,Bullish,"2,906.70",4.08,"10 Apr, 2026","2,792.70",Apr 15 | 15:56
NIFTY MIDCAP100,PM02,Phoenix Mills,Stock,Very Bullish,"1,782.10",4.03,"08 Apr, 2026","1,713.10",Apr 15 | 15:54
NIFTY MIDCAP100,GI27,GMR Airports,Stock,Very Bullish,99.22,3.55,"08 Apr, 2026",95.82,Apr 15 | 15:59
NIFTY MIDCAP100,VSN,Tata Comm,Stock,Bullish,"1,561.50",3.48,"10 Apr, 2026","1,509.00",Apr 15 | 15:57
NIFTY MIDCAP100,PS15,Persistent,Stock,Bullish,"5,488.50",3.37,"06 Apr, 2026","5,309.40",Apr 15 | 15:59
NIFTY MIDCAP100,IREDAL,Indian Renew,Stock,Bullish,126.45,3.26,"08 Apr, 2026",122.46,Apr 15 | 15:59
NIFTY MIDCAP100,HUD,HUDCO,Stock,Bullish,189.28,2.89,"10 Apr, 2026",183.96,Apr 15 | 15:59
NIFTY MIDCAP100,BFC,Bharat Forge,Stock,Very Bullish,"1,831.60",2.82,"08 Apr, 2026","1,781.40",Apr 15 | 15:59
NIFTY MIDCAP100,MI,Max Financial,Stock,Very Bullish,"1,699.50",2.70,"10 Apr, 2026","1,654.80",Apr 15 | 15:59
NIFTY MIDCAP100,PI41,Polycab,Stock,Very Bullish,"7,791.00",2.51,"08 Apr, 2026","7,600.50",Apr 15 | 15:59
NIFTY MIDCAP100,BFL,MphasiS,Stock,Bullish,"2,409.30",2.49,"08 Apr, 2026","2,350.80",Apr 15 | 15:59
NIFTY MIDCAP100,OC10,One 97 Comm,Stock,Bullish,"1,140.10",2.44,"08 Apr, 2026","1,112.95",Apr 15 | 15:59
NIFTY MIDCAP100,BDL01,Bharat Dynamics,Stock,Bullish,"1,356.10",2.31,"09 Apr, 2026","1,325.50",Apr 15 | 15:59
NIFTY MIDCAP100,GP11,Godrej Prop,Stock,Bullish,"1,739.90",2.21,"08 Apr, 2026","1,702.20",Apr 15 | 15:59
NIFTY MIDCAP100,KEI,KEI Industries,Stock,Very Bullish,"4,598.50",2.03,"08 Apr, 2026","4,507.20",Apr 15 | 15:59
NIFTY MIDCAP100,LFH,L&T Finance,Stock,Bullish,281.01,2.01,"08 Apr, 2026",275.46,Apr 15 | 15:55
NIFTY MIDCAP100,EI,Exide Ind,Stock,Bullish,330.00,1.69,"10 Apr, 2026",324.50,Apr 15 | 15:59
NIFTY MIDCAP100,ABC07,AB Capital,Stock,Very Bullish,343.70,1.57,"08 Apr, 2026",338.40,Apr 15 | 15:59
NIFTY MIDCAP100,CCI,Container Corp,Stock,Bullish,489.20,1.44,"09 Apr, 2026",482.25,Apr 15 | 15:59
NIFTY MIDCAP100,TIIND54076,Tube Investment,Stock,Very Bullish,"2,755.00",1.02,"08 Apr, 2026","2,727.10",Apr 15 | 15:59
NIFTY MIDCAP100,CS17,Cochin Shipyard,Stock,Bullish,"1,479.20",1.00,"10 Apr, 2026","1,464.60",Apr 15 | 15:59
NIFTY MIDCAP100,NII02,COFORGE,Stock,Bullish,"1,282.70",0.97,"08 Apr, 2026","1,270.40",Apr 15 | 15:59
NIFTY MIDCAP100,VMML,Vishal Mega Mar,Stock,Bullish,117.35,0.65,"08 Apr, 2026",116.59,Apr 15 | 15:59
NIFTY MIDCAP100,APT02,Astral Ltd,Stock,Bullish,"1,631.00",0.06,"10 Apr, 2026","1,630.00",Apr 15 | 15:59
NIFTY MIDCAP100,ILG,ICICI Lombard ,Stock,Bullish,"1,858.00",0.00,"15 Apr, 2026","1,858.00",Apr 15 | 15:54
NIFTY MIDCAP100,MP21,Mankind Pharma,Stock,Bullish,"2,122.40",0.00,"15 Apr, 2026","2,122.40",Apr 15 | 15:59
NIFTY MIDCAP100,AL16,Alkem Lab,Stock,Bullish,"5,575.50",0.00,"15 Apr, 2026","5,575.50",Apr 15 | 15:57
NIFTY MIDCAP100,DT07,Dixon Technolog,Stock,Bullish,"11,068.50",0.00,"15 Apr, 2026","11,068.50",Apr 15 | 15:59
NIFTY MIDCAP100,FH,Fortis Health,Stock,Bullish,877.55,0.00,"15 Apr, 2026",877.55,Apr 15 | 15:58
NIFTY MIDCAP100,BS,Blue Star,Stock,Bullish,"1,804.90",0.00,"15 Apr, 2026","1,804.90",Apr 15 | 15:59
NIFTY MIDCAP100,V,Voltas,Stock,Bullish,"1,402.20",0.00,"15 Apr, 2026","1,402.20",Apr 15 | 15:59
NIFTY MIDCAP100,LEI,LG Electronics ,Stock,Bullish,"1,534.20",0.00,"15 Apr, 2026","1,534.20",Apr 15 | 15:59
NIFTY MIDCAP100,PII,PI Industries,Stock,Bullish,"3,042.10",0.00,"15 Apr, 2026","3,042.10",Apr 15 | 15:59
NIFTY MIDCAP100,LIC,LIC Housing Fin,Stock,Bullish,529.50,-0.02,"08 Apr, 2026",529.60,Apr 15 | 15:59
NIFTY MIDCAP100,BT09,APL Apollo,Stock,Bullish,"2,041.50",-0.30,"08 Apr, 2026","2,047.70",Apr 15 | 15:56
NIFTY MIDCAP100,GPI,Godfrey Phillip,Stock,Bullish,"2,092.80",-0.42,"10 Apr, 2026","2,101.60",Apr 15 | 15:59
NIFTY MIDCAP100,MI25,Marico,Stock,Bullish,755.55,-1.01,"10 Apr, 2026",763.25,Apr 15 | 15:59
NIFTY NEXT 50,ABB,ABB India,Stock,Very Bullish,"6,873.00",25.56,"29 Jan, 2026","5,474.00",Apr 15 | 15:58
NIFTY NEXT 50,AP26,Adani Power,Stock,Very Bullish,183.43,23.02,"12 Mar, 2026",149.11,Apr 15 | 15:59
NIFTY NEXT 50,CI02,Cummins,Stock,Very Bullish,"5,003.40",20.11,"03 Feb, 2026","4,165.80",Apr 15 | 15:59
NIFTY NEXT 50,ADANI54145,Adani Green Ene,Stock,Very Bullish,"1,096.05",18.45,"07 Apr, 2026",925.35,Apr 15 | 15:58
NIFTY NEXT 50,AT18,Adani Trans,Stock,Very Bullish,"1,171.15",18.14,"06 Apr, 2026",991.35,Apr 15 | 15:59
NIFTY NEXT 50,AS28,Avenue Supermar,Stock,Very Bullish,"4,473.30",14.38,"25 Mar, 2026","3,910.80",Apr 15 | 15:58
NIFTY NEXT 50,MIC,Bosch,Stock,Very Bullish,"37,080.00",10.87,"07 Apr, 2026","33,445.00",Apr 15 | 15:56
NIFTY NEXT 50,S,Siemens,Stock,Very Bullish,"3,576.10",10.85,"08 Apr, 2026","3,226.10",Apr 15 | 15:59
NIFTY NEXT 50,PFC02,Power Finance,Stock,Very Bullish,444.75,9.57,"06 Apr, 2026",405.90,Apr 15 | 15:59
NIFTY NEXT 50,SG,Vedanta,Stock,Very Bullish,766.05,7.40,"07 Apr, 2026",713.25,Apr 15 | 15:59
NIFTY NEXT 50,SE20,Solar Ind,Stock,Very Bullish,"14,886.00",6.88,"09 Apr, 2026","13,928.00",Apr 15 | 15:58
NIFTY NEXT 50,TPC,Tata Power,Stock,Very Bullish,421.85,6.81,"08 Apr, 2026",394.95,Apr 15 | 15:59
NIFTY NEXT 50,HAL,Hindustan Aeron,Stock,Bullish,"4,239.20",5.12,"09 Apr, 2026","4,032.90",Apr 15 | 15:59
NIFTY NEXT 50,HAM02,HDFC AMC,Stock,Bullish,"2,663.70",4.89,"08 Apr, 2026","2,539.40",Apr 15 | 15:59
NIFTY NEXT 50,MSS01,MOTHERSON,Stock,Very Bullish,123.55,4.61,"08 Apr, 2026",118.11,Apr 15 | 15:58
NIFTY NEXT 50,MDS01,Mazagon,Stock,Bullish,"2,538.50",4.23,"09 Apr, 2026","2,435.50",Apr 15 | 15:59
NIFTY NEXT 50,HZ,Hind Zinc,Stock,Bullish,580.50,3.94,"09 Apr, 2026",558.50,Apr 15 | 15:59
NIFTY NEXT 50,SEI11,Siemens Energy ,Stock,Bullish,"2,918.30",3.72,"10 Apr, 2026","2,813.50",Apr 15 | 15:59
NIFTY NEXT 50,CG,CG Power ,Stock,Very Bullish,748.00,2.99,"08 Apr, 2026",726.30,Apr 15 | 15:59
NIFTY NEXT 50,MF19,Muthoot Finance,Stock,Very Bullish,"3,598.00",2.70,"08 Apr, 2026","3,503.30",Apr 15 | 15:57
NIFTY NEXT 50,CHC,Zydus Life,Stock,Bullish,936.05,2.26,"10 Apr, 2026",915.40,Apr 15 | 15:59
NIFTY NEXT 50,TVS,TVS Motor,Stock,Very Bullish,"3,783.30",2.21,"08 Apr, 2026","3,701.40",Apr 15 | 15:56
NIFTY NEXT 50,REC02,REC,Stock,Bullish,352.65,1.69,"09 Apr, 2026",346.80,Apr 15 | 15:59
NIFTY NEXT 50,JSP,Jindal Steel,Stock,Very Bullish,"1,221.30",0.68,"08 Apr, 2026","1,213.10",Apr 15 | 15:57
NIFTY NEXT 50,IHC,Indian Hotels,Stock,Bullish,646.40,0.00,"15 Apr, 2026",646.40,Apr 15 | 15:59
NIFTY NEXT 50,VB05,Varun Beverages,Stock,Bullish,445.55,0.00,"15 Apr, 2026",445.55,Apr 15 | 15:59
NIFTY NEXT 50,DL03,Divis Labs,Stock,Bullish,"6,177.50",0.00,"15 Apr, 2026","6,177.50",Apr 15 | 15:57
NIFTY NEXT 50,GAI,GAIL,Stock,Bullish,156.12,0.00,"15 Apr, 2026",156.12,Apr 15 | 15:59
NIFTY NEXT 50,TCL06,Tata Capital,Stock,Bullish,332.25,0.00,"15 Apr, 2026",332.25,Apr 15 | 15:56
NIFTY NEXT 50,TML02,Tata Motors Com,Stock,Bullish,435.20,-2.10,"10 Apr, 2026",444.55,Apr 15 | 15:59
NIFTY 500,GM02,Gallantt Ispat,Stock,Bullish,790.15,40.38,"01 Apr, 2026",562.85,Apr 15 | 15:59
NIFTY 500,OEM,Ola Electric,Stock,Very Bullish,38.59,36.17,"02 Apr, 2026",28.34,Apr 15 | 15:59
NIFTY 500,T,Thermax,Stock,Bullish,"4,085.00",33.75,"17 Feb, 2026","3,054.20",Apr 15 | 15:58
NIFTY 500,AIL10,Aditya Infotech,Stock,Bullish,"2,066.90",31.17,"25 Feb, 2026","1,575.70",Apr 15 | 15:59
NIFTY 500,ABS,ABSL AMC,Stock,Very Bullish,"1,047.75",29.34,"03 Feb, 2026",810.05,Apr 15 | 15:54
NIFTY 500,DPI01,Data Patterns,Stock,Very Bullish,"3,451.20",26.71,"06 Feb, 2026","2,723.70",Apr 15 | 15:59
NIFTY 500,WGS,Welspun Corp,Stock,Bullish,"1,052.65",25.98,"25 Mar, 2026",835.55,Apr 15 | 15:58
NIFTY 500,AEL10,Ather Energy,Stock,Very Bullish,871.05,24.08,"11 Mar, 2026",702.00,Apr 15 | 15:58
NIFTY 500,JHP01,Jaiprakash Pow,Stock,Very Bullish,18.85,24.01,"07 Apr, 2026",15.20,Apr 15 | 15:59
NIFTY 500,NP01,Natco Pharma,Stock,Very Bullish,"1,091.50",23.83,"16 Feb, 2026",881.45,Apr 15 | 15:56
NIFTY 500,RP,Reliance Power,Stock,Bullish,28.94,23.68,"07 Apr, 2026",23.40,Apr 15 | 15:59
NIFTY 500,EPP01,Emmvee Photovol,Stock,Bullish,256.70,22.08,"16 Mar, 2026",210.28,Apr 15 | 15:59
NIFTY 500,HFC,HFCL,Stock,Bullish,88.12,21.60,"01 Apr, 2026",72.47,Apr 15 | 15:59
NIFTY 500,BOC,Linde India,Stock,Very Bullish,"7,301.50",20.43,"06 Feb, 2026","6,063.00",Apr 15 | 15:58
NIFTY 500,CNA,Zydus Wellness,Stock,Very Bullish,509.65,19.72,"16 Mar, 2026",425.70,Apr 15 | 15:59
NIFTY 500,GT06,Olectra Greente,Stock,Very Bullish,"1,226.50",19.56,"01 Apr, 2026","1,025.85",Apr 15 | 15:59
NIFTY 500,RCO01,Railtel,Stock,Bullish,336.73,19.23,"09 Apr, 2026",282.41,Apr 15 | 15:59
NIFTY 500,ASH02,ACME Solar,Stock,Very Bullish,285.40,18.88,"12 Mar, 2026",240.08,Apr 15 | 15:59
NIFTY 500,HCL07,Honasa Consumer,Stock,Very Bullish,342.40,18.77,"24 Mar, 2026",288.30,Apr 15 | 15:59
NIFTY 500,PL10,Physicswallah,Stock,Bullish,105.41,17.78,"27 Mar, 2026",89.50,Apr 15 | 15:59
NIFTY 500,ARW,Anand Rathi,Stock,Very Bullish,"3,654.50",17.33,"01 Apr, 2026","3,114.60",Apr 15 | 15:58
NIFTY 500,KC06,Kajaria Ceramic,Stock,Very Bullish,"1,160.10",16.97,"01 Apr, 2026",991.80,Apr 15 | 15:59
NIFTY 500,DFP,Deepak Fert,Stock,Bullish,"1,212.15",15.52,"08 Apr, 2026","1,049.30",Apr 15 | 15:59
NIFTY 500,GPI7,Godawari Power,Stock,Very Bullish,303.35,15.17,"24 Mar, 2026",263.40,Apr 15 | 15:59
NIFTY 500,SBP04,Sona BLW,Stock,Very Bullish,585.70,14.98,"06 Apr, 2026",509.40,Apr 15 | 15:58
NIFTY 500,UCL02,Urban Company,Stock,Very Bullish,136.20,14.59,"30 Mar, 2026",118.86,Apr 15 | 15:59
NIFTY 500,SP09,Jindal Saw,Stock,Very Bullish,219.24,14.58,"01 Apr, 2026",191.34,Apr 15 | 15:59
NIFTY 500,AI40,Apar Ind,Stock,Very Bullish,"11,207.00",14.30,"23 Mar, 2026","9,805.00",Apr 15 | 15:59
NIFTY 500,NL,Neuland Lab,Stock,Very Bullish,"14,982.00",13.31,"06 Apr, 2026","13,222.00",Apr 15 | 15:58
NIFTY 500,SST07,Syrma SGS,Stock,Very Bullish,895.05,13.17,"24 Mar, 2026",790.90,Apr 15 | 15:59
NIFTY 500,ABD,Allied Blenders,Stock,Bullish,517.15,13.12,"08 Apr, 2026",457.15,Apr 15 | 15:59
NIFTY 500,KOE03,Kirloskar Oil,Stock,Very Bullish,"1,597.00",12.75,"06 Apr, 2026","1,416.40",Apr 15 | 15:58
NIFTY 500,JBM03,JBM Auto,Stock,Very Bullish,628.15,11.95,"01 Apr, 2026",561.10,Apr 15 | 15:59
NIFTY 500,CTI,Aditya Birla Re,Stock,Bullish,"1,410.30",11.64,"08 Apr, 2026","1,263.30",Apr 15 | 15:58
NIFTY 500,CC10,CCL Products,Stock,Bullish,"1,081.00",11.39,"30 Jan, 2026",970.50,Apr 15 | 15:57
NIFTY 500,SEI04,Schneider Infra,Stock,Very Bullish,996.55,11.30,"24 Mar, 2026",895.35,Apr 15 | 15:57
NIFTY 500,ABL03,Angel One,Stock,Bullish,297.76,11.26,"08 Apr, 2026",267.62,Apr 15 | 15:59
NIFTY 500,GI22,Granules India,Stock,Very Bullish,652.65,11.16,"18 Mar, 2026",587.15,Apr 15 | 15:59
NIFTY 500,RAS,Sarda Energy,Stock,Very Bullish,583.35,11.01,"01 Apr, 2026",525.50,Apr 15 | 15:59
NIFTY 500,SP,Supreme Petro,Stock,Very Bullish,766.65,10.77,"24 Mar, 2026",692.10,Apr 15 | 15:58
NIFTY 500,NIA,New India Assur,Stock,Bullish,172.29,10.65,"10 Apr, 2026",155.71,Apr 15 | 15:59
NIFTY 500,JI12,Jubilant Ing.,Stock,Bullish,667.90,10.21,"07 Apr, 2026",606.05,Apr 15 | 15:58
NIFTY 500,NGE,NTPC Green Ener,Stock,Very Bullish,107.28,9.86,"12 Mar, 2026",97.65,Apr 15 | 15:59
NIFTY 500,BIL07,Belrise Ind,Stock,Very Bullish,207.62,9.85,"20 Mar, 2026",189.00,Apr 15 | 15:59
NIFTY 500,SLS02,Sai Life Sci,Stock,Bullish,981.30,9.81,"09 Feb, 2026",893.65,Apr 15 | 15:58
NIFTY 500,SNP,HBL Eng,Stock,Bullish,785.90,9.40,"08 Apr, 2026",718.35,Apr 15 | 15:59
NIFTY 500,EPL,Emcure Pharmace,Stock,Very Bullish,"1,646.80",9.39,"17 Mar, 2026","1,505.40",Apr 15 | 15:59
NIFTY 500,BLS,BLS Internation,Stock,Bullish,293.57,9.38,"02 Apr, 2026",268.40,Apr 15 | 15:59
NIFTY 500,JKB,JK Bank,Stock,Very Bullish,127.16,8.82,"07 Apr, 2026",116.85,Apr 15 | 15:59
NIFTY 500,EI14,Engineers India,Stock,Very Bullish,219.89,8.72,"06 Apr, 2026",202.26,Apr 15 | 15:59
NIFTY 500,ML15,Meesho,Stock,Very Bullish,163.56,8.71,"06 Apr, 2026",150.45,Apr 15 | 15:59
NIFTY 500,AIL08,Afcons Infra,Stock,Bullish,337.45,8.63,"09 Apr, 2026",310.65,Apr 15 | 15:59
NIFTY 500,IE07,Cyient,Stock,Bullish,962.60,8.13,"09 Apr, 2026",890.20,Apr 15 | 15:58
NIFTY 500,GMD,Guj Mineral,Stock,Very Bullish,622.30,8.09,"20 Mar, 2026",575.70,Apr 15 | 15:59
NIFTY 500,TT04,Timken,Stock,Very Bullish,"3,571.20",7.93,"25 Mar, 2026","3,308.90",Apr 15 | 15:56
NIFTY 500,ABL06,Aditya Birla Li,Stock,Bullish,107.21,7.62,"09 Apr, 2026",99.62,Apr 15 | 15:59
NIFTY 500,NTI03,Netweb,Stock,Very Bullish,"3,563.70",7.62,"08 Apr, 2026","3,311.40",Apr 15 | 15:59
NIFTY 500,BE08,Brigade Ent,Stock,Bullish,739.00,7.48,"02 Apr, 2026",687.55,Apr 15 | 15:58
NIFTY 500,NBF01,NAVA,Stock,Bullish,623.25,7.44,"08 Apr, 2026",580.10,Apr 15 | 15:59
NIFTY 500,BM05,Bank of Mah,Stock,Very Bullish,71.39,7.29,"07 Apr, 2026",66.54,Apr 15 | 15:59
NIFTY 500,GI24,Gravita India,Stock,Bullish,"1,617.20",7.24,"09 Apr, 2026","1,508.00",Apr 15 | 15:59
NIFTY 500,JCL02,JSW Cement,Stock,Bullish,128.75,7.17,"07 Apr, 2026",120.14,Apr 15 | 15:51
NIFTY 500,TEE,Techno Electric,Stock,Bullish,"1,195.25",7.10,"10 Apr, 2026","1,116.00",Apr 15 | 15:59
NIFTY 500,ABL07,Anthem Bioscien,Stock,Very Bullish,729.75,7.09,"27 Mar, 2026",681.45,Apr 15 | 15:59
NIFTY 500,D05,Delhivery,Stock,Very Bullish,459.80,6.58,"01 Apr, 2026",431.40,Apr 15 | 15:59
NIFTY 500,ZT01,Zen Tech,Stock,Very Bullish,"1,517.50",6.54,"07 Apr, 2026","1,424.30",Apr 15 | 15:59
NIFTY 500,AIE01,AIA Engineering,Stock,Very Bullish,"3,920.20",6.51,"06 Apr, 2026","3,680.50",Apr 15 | 15:52
NIFTY 500,EE01,Elgi Equipments,Stock,Very Bullish,531.00,6.41,"08 Apr, 2026",499.00,Apr 15 | 15:59
NIFTY 500,EL01,Eris Life,Stock,Bullish,"1,451.40",6.40,"09 Apr, 2026","1,364.10",Apr 15 | 15:59
NIFTY 500,FBF,Five-Star Busin,Stock,Bullish,450.30,6.38,"09 Apr, 2026",423.30,Apr 15 | 15:59
NIFTY 500,SCI,Shipping Corp,Stock,Very Bullish,253.34,6.06,"09 Apr, 2026",238.87,Apr 15 | 15:58
NIFTY 500,TRI,Transformers,Stock,Bullish,308.85,6.04,"13 Apr, 2026",291.25,Apr 15 | 15:59
NIFTY 500,KPT,KPIL,Stock,Very Bullish,"1,212.00",6.04,"09 Apr, 2026","1,143.00",Apr 15 | 15:59
NIFTY 500,HTC02,TataTeleservice,Stock,Bullish,43.15,5.99,"08 Apr, 2026",40.71,Apr 15 | 15:59
NIFTY 500,AF32,AAVAS Financier,Stock,Bullish,"1,293.00",5.94,"09 Apr, 2026","1,220.50",Apr 15 | 15:59
NIFTY 500,PM06,Poly Medicure,Stock,Bullish,"1,472.40",5.93,"07 Apr, 2026","1,390.00",Apr 15 | 15:59
NIFTY 500,FCT,Fert and Chem,Stock,Very Bullish,866.15,5.91,"08 Apr, 2026",817.80,Apr 15 | 15:52
NIFTY 500,THC,Cemindia Proj,Stock,Bullish,639.85,5.75,"08 Apr, 2026",605.05,Apr 15 | 15:59
NIFTY 500,NCC01,NCC,Stock,Bullish,155.45,5.69,"08 Apr, 2026",147.08,Apr 15 | 15:59
NIFTY 500,IFC,IFCI,Stock,Very Bullish,58.42,5.53,"08 Apr, 2026",55.36,Apr 15 | 15:59
NIFTY 500,IHF01,Sammaan Capital,Stock,Very Bullish,156.44,5.45,"27 Mar, 2026",148.35,Apr 15 | 15:57
NIFTY 500,RNL,Nippon,Stock,Very Bullish,951.55,5.35,"08 Apr, 2026",903.20,Apr 15 | 15:59
NIFTY 500,ACE3,Action Const,Stock,Bullish,911.35,5.25,"09 Apr, 2026",865.85,Apr 15 | 15:59
NIFTY 500,HSA01,Bayer CropScien,Stock,Very Bullish,"4,989.50",5.19,"01 Apr, 2026","4,743.50",Apr 15 | 15:57
NIFTY 500,NS16,NMDC Steel,Stock,Very Bullish,41.40,5.02,"07 Apr, 2026",39.42,Apr 15 | 15:57
NIFTY 500,GIC12,General Insuran,Stock,Very Bullish,399.15,5.01,"01 Apr, 2026",380.10,Apr 15 | 15:59
NIFTY 500,GI02,Gabriel India,Stock,Bullish,964.40,4.95,"08 Apr, 2026",918.95,Apr 15 | 15:59
NIFTY 500,DCM02,DCM Shriram,Stock,Very Bullish,"1,174.60",4.90,"25 Mar, 2026","1,119.70",Apr 15 | 15:59
NIFTY 500,JMS,JM Financial,Stock,Bullish,135.14,4.84,"08 Apr, 2026",128.90,Apr 15 | 15:59
NIFTY 500,SME05,Shyam Metalics,Stock,Bullish,861.30,4.80,"07 Apr, 2026",821.85,Apr 15 | 15:59
NIFTY 500,BB09,Bandhan Bank,Stock,Bullish,173.77,4.72,"09 Apr, 2026",165.94,Apr 15 | 15:55
NIFTY 500,CES,CESC,Stock,Very Bullish,163.35,4.70,"08 Apr, 2026",156.02,Apr 15 | 15:59
NIFTY 500,IGIIL,IGIL,Stock,Very Bullish,351.10,4.68,"08 Apr, 2026",335.40,Apr 15 | 15:54
NIFTY 500,TFS02,Travel Food Ser,Stock,Very Bullish,"1,320.60",4.66,"30 Mar, 2026","1,261.80",Apr 15 | 15:58
NIFTY 500,NWML,Nuvama Wealth,Stock,Bullish,"1,340.60",4.65,"08 Apr, 2026","1,281.00",Apr 15 | 15:56
NIFTY 500,GI13,Graphite India,Stock,Very Bullish,666.35,4.60,"06 Apr, 2026",637.05,Apr 15 | 15:59
NIFTY 500,IEE,IEX,Stock,Bullish,132.81,4.60,"07 Apr, 2026",126.97,Apr 15 | 15:59
NIFTY 500,TCAIL,Tenneco Clean,Stock,Bullish,571.65,4.59,"07 Apr, 2026",546.55,Apr 15 | 15:49
NIFTY 500,HCI01,Himadri Special,Stock,Bullish,490.45,4.56,"08 Apr, 2026",469.05,Apr 15 | 15:59
NIFTY 500,BPI02,Berger Paints,Stock,Bullish,474.60,4.54,"10 Apr, 2026",454.00,Apr 15 | 15:59
NIFTY 500,SUMIC54292,SUMITOMO,Stock,Bullish,429.00,4.53,"08 Apr, 2026",410.40,Apr 15 | 15:53
NIFTY 500,UB01,Usha Martin,Stock,Very Bullish,441.95,4.33,"08 Apr, 2026",423.60,Apr 15 | 15:59
NIFTY 500,SHA,Star Health,Stock,Very Bullish,479.00,4.32,"25 Mar, 2026",459.15,Apr 15 | 15:59
NIFTY 500,S14,SJVN,Stock,Bullish,75.26,4.31,"10 Apr, 2026",72.15,Apr 15 | 15:59
NIFTY 500,VOC,Jubilant Pharmo,Stock,Bullish,906.75,4.30,"07 Apr, 2026",869.40,Apr 15 | 15:58
NIFTY 500,DLP01,Dr Lal PathLab,Stock,Bullish,"1,437.70",4.29,"08 Apr, 2026","1,378.60",Apr 15 | 15:57
NIFTY 500,STV01,Sun TV Network,Stock,Very Bullish,620.55,4.23,"02 Apr, 2026",595.35,Apr 15 | 15:48
NIFTY 500,HC07,Hind Copper,Stock,Very Bullish,548.45,4.22,"08 Apr, 2026",526.25,Apr 15 | 15:59
NIFTY 500,FC01,Finolex Cables,Stock,Very Bullish,883.60,4.19,"08 Apr, 2026",848.10,Apr 15 | 15:59
NIFTY 500,VDC01,Vijaya Diagnost,Stock,Very Bullish,"1,015.30",4.12,"09 Apr, 2026",975.10,Apr 15 | 15:53
NIFTY 500,CDS,CDSL,Stock,Bullish,"1,339.80",4.07,"08 Apr, 2026","1,287.40",Apr 15 | 15:59
NIFTY 500,TP13,Torrent Power,Stock,Very Bullish,"1,506.70",4.03,"08 Apr, 2026","1,448.40",Apr 15 | 15:56
NIFTY 500,CU,Carborundum,Stock,Very Bullish,888.15,4.00,"02 Apr, 2026",854.00,Apr 15 | 15:58
NIFTY 500,MSM,Vardhman Text,Stock,Very Bullish,558.00,3.99,"02 Apr, 2026",536.60,Apr 15 | 15:59
NIFTY 500,NLC,NLC India,Stock,Very Bullish,275.20,3.75,"12 Mar, 2026",265.25,Apr 15 | 15:59
NIFTY 500,DSL01,Capri Global,Stock,Very Bullish,185.64,3.64,"08 Apr, 2026",179.12,Apr 15 | 15:59
NIFTY 500,R06,RITES,Stock,Bullish,212.89,3.62,"09 Apr, 2026",205.45,Apr 15 | 15:59
NIFTY 500,AEI01,Amber Enterpris,Stock,Bullish,"7,506.50",3.61,"10 Apr, 2026","7,245.00",Apr 15 | 15:59
NIFTY 500,GRS01,Garden Reach Sh,Stock,Very Bullish,"2,565.90",3.57,"08 Apr, 2026","2,477.40",Apr 15 | 15:59
NIFTY 500,II21,Ircon Internati,Stock,Bullish,141.37,3.56,"10 Apr, 2026",136.51,Apr 15 | 15:58
NIFTY 500,BHFL,Bajaj Housing,Stock,Bullish,89.00,3.56,"10 Apr, 2026",85.94,Apr 15 | 15:59
NIFTY 500,PLL01,Pine Labs,Stock,Bullish,183.81,3.52,"10 Apr, 2026",177.56,Apr 15 | 15:56
NIFTY 500,NBH,Niva Bupa Healt,Stock,Very Bullish,76.17,3.39,"10 Apr, 2026",73.67,Apr 15 | 15:59
NIFTY 500,PCB01,PCBL Chemical,Stock,Bullish,280.17,3.35,"09 Apr, 2026",271.09,Apr 15 | 15:59
NIFTY 500,CAM,CAMS,Stock,Bullish,728.05,3.29,"08 Apr, 2026",704.85,Apr 15 | 15:59
NIFTY 500,JS07,Jindal Stainles,Stock,Very Bullish,781.60,3.24,"09 Apr, 2026",757.10,Apr 15 | 15:54
NIFTY 500,HEG,HEG,Stock,Very Bullish,590.75,3.22,"27 Mar, 2026",572.30,Apr 15 | 15:59
NIFTY 500,AI01,Trident,Stock,Bullish,25.73,3.21,"09 Apr, 2026",24.93,Apr 15 | 15:59
NIFTY 500,MMT,MMTC,Stock,Bullish,60.53,3.14,"08 Apr, 2026",58.69,Apr 15 | 15:59
NIFTY 500,RCM03,Rainbow Childre,Stock,Very Bullish,"1,265.00",3.07,"07 Apr, 2026","1,227.30",Apr 15 | 15:59
NIFTY 500,HFF,Home First,Stock,Bullish,"1,092.45",2.93,"08 Apr, 2026","1,061.40",Apr 15 | 15:59
NIFTY 500,IG04,IGL,Stock,Bullish,166.00,2.89,"10 Apr, 2026",161.33,Apr 15 | 15:59
NIFTY 500,SF35,SBFC Finance,Stock,Bullish,95.33,2.86,"10 Apr, 2026",92.68,Apr 15 | 15:48
NIFTY 500,IL06,Indegene,Stock,Bullish,496.65,2.79,"08 Apr, 2026",483.15,Apr 15 | 15:53
NIFTY 500,KTI05,Kaynes Tech,Stock,Bullish,"4,016.80",2.69,"08 Apr, 2026","3,911.40",Apr 15 | 15:59
NIFTY 500,IKS,Inventurus Know,Stock,Bullish,"1,517.00",2.69,"09 Apr, 2026","1,477.30",Apr 15 | 15:58
NIFTY 500,A06,Atul,Stock,Very Bullish,"6,549.50",2.53,"08 Apr, 2026","6,388.00",Apr 15 | 15:59
NIFTY 500,NH,Narayana Hruda,Stock,Bullish,"1,797.60",2.43,"10 Apr, 2026","1,754.90",Apr 15 | 15:59
NIFTY 500,CFS01,Choice Internat,Stock,Bullish,719.20,2.40,"10 Apr, 2026",702.35,Apr 15 | 15:59
NIFTY 500,ADH,Aster DM Health,Stock,Very Bullish,683.00,2.25,"27 Mar, 2026",668.00,Apr 15 | 15:52
NIFTY 500,CFC,Chambal Fert,Stock,Very Bullish,455.80,2.15,"01 Apr, 2026",446.20,Apr 15 | 15:59
NIFTY 500,TN,Tejas Networks,Stock,Very Bullish,449.85,2.08,"08 Apr, 2026",440.70,Apr 15 | 15:59
NIFTY 500,IC,India Cements,Stock,Bullish,393.90,2.07,"10 Apr, 2026",385.90,Apr 15 | 15:59
NIFTY 500,BSL06,Brainbees Solu,Stock,Very Bullish,247.74,1.93,"07 Apr, 2026",243.05,Apr 15 | 15:59
NIFTY 500,IOB,IOB,Stock,Bullish,35.08,1.89,"08 Apr, 2026",34.43,Apr 15 | 15:59
NIFTY 500,AI,Aarti Ind,Stock,Bullish,431.70,1.88,"10 Apr, 2026",423.75,Apr 15 | 15:59
NIFTY 500,CFH,Can Fin Homes,Stock,Bullish,857.15,1.88,"09 Apr, 2026",841.30,Apr 15 | 15:59
NIFTY 500,DIL03,DOMS Industries,Stock,Bullish,"2,388.20",1.84,"01 Apr, 2026","2,345.10",Apr 15 | 15:58
NIFTY 500,JIL05,JSW Infra,Stock,Bullish,270.82,1.82,"10 Apr, 2026",265.98,Apr 15 | 15:59
NIFTY 500,GUJAR54281,Gujarat Fluoro,Stock,Bullish,"3,379.10",1.81,"08 Apr, 2026","3,318.90",Apr 15 | 15:59
NIFTY 500,CPL,Caplin Labs,Stock,Bullish,"1,735.60",1.59,"10 Apr, 2026","1,708.40",Apr 15 | 15:59
NIFTY 500,EID,EID Parry,Stock,Bullish,866.25,1.38,"10 Apr, 2026",854.50,Apr 15 | 15:59
NIFTY 500,BT,FM,Stock,Very Bullish,"22,377.00",1.37,"08 Apr, 2026","22,075.00",Apr 15 | 15:59
NIFTY 500,TW04,TITAGARH,Stock,Bullish,717.55,1.26,"08 Apr, 2026",708.65,Apr 15 | 15:58
NIFTY 500,CA07,Craftsman,Stock,Very Bullish,"7,433.50",1.12,"08 Apr, 2026","7,351.50",Apr 15 | 15:56
NIFTY 500,PP36,Paradeep Phosph,Stock,Bullish,122.49,1.02,"08 Apr, 2026",121.25,Apr 15 | 15:59
NIFTY 500,ARI02,Anupam,Stock,Very Bullish,"1,287.80",0.93,"09 Apr, 2026","1,275.90",Apr 15 | 15:59
NIFTY 500,P,Pfizer,Stock,Bullish,"4,895.40",0.90,"13 Apr, 2026","4,851.80",Apr 15 | 15:59
NIFTY 500,LTO,LT Foods,Stock,Bullish,411.90,0.81,"08 Apr, 2026",408.60,Apr 15 | 15:59
NIFTY 500,BFI01,Bikaji Foods,Stock,Bullish,644.30,0.73,"08 Apr, 2026",639.65,Apr 15 | 15:59
NIFTY 500,IID01,IRB Infra,Stock,Very Bullish,21.77,0.51,"10 Apr, 2026",21.66,Apr 15 | 15:59
NIFTY 500,RB02,RBL Bank,Stock,Very Bullish,319.70,0.49,"06 Apr, 2026",318.15,Apr 15 | 15:59
NIFTY 500,AHFL,Aadhar Housing ,Stock,Bullish,480.65,0.43,"10 Apr, 2026",478.60,Apr 15 | 15:59
NIFTY 500,BJH,Blue Jet Health,Stock,Bullish,408.20,0.33,"10 Apr, 2026",406.85,Apr 15 | 15:59
NIFTY 500,W05,Wockhardt,Stock,Bullish,"1,353.70",0.29,"08 Apr, 2026","1,349.80",Apr 15 | 15:57
NIFTY 500,ICI,JSW Dulux,Stock,Very Bullish,"2,999.00",0.24,"02 Apr, 2026","2,991.80",Apr 15 | 15:56
NIFTY 500,TC,Tata Chemicals,Stock,Very Bullish,719.30,0.24,"13 Apr, 2026",717.60,Apr 15 | 15:59
NIFTY 500,SBL04,Leela Palaces,Stock,Very Bullish,429.85,0.23,"08 Apr, 2026",428.85,Apr 15 | 15:53
NIFTY 500,SIL25,Sagility,Stock,Bullish,42.82,0.23,"09 Apr, 2026",42.72,Apr 15 | 15:59
NIFTY 500,GP14,Gland,Stock,Bullish,"1,752.70",0.21,"09 Apr, 2026","1,749.10",Apr 15 | 15:59
NIFTY 500,MG02,Mahanagar Gas,Stock,Bullish,"1,077.10",0.13,"10 Apr, 2026","1,075.75",Apr 15 | 15:57
NIFTY 500,KIO01,Krishna Institu,Stock,Bullish,665.05,0.12,"10 Apr, 2026",664.25,Apr 15 | 15:59
NIFTY 500,CHL02,Canara HSBC,Stock,Bullish,146.47,0.10,"08 Apr, 2026",146.33,Apr 15 | 15:57
NIFTY 500,TTL03,TBO Tek,Stock,Bullish,"1,226.30",0.00,"15 Apr, 2026","1,226.30",Apr 15 | 15:59
NIFTY 500,BCM,Balrampur Chini,Stock,Bullish,485.35,0.00,"15 Apr, 2026",485.35,Apr 15 | 15:55
NIFTY 500,ARI,Anant Raj,Stock,Bullish,503.35,0.00,"15 Apr, 2026",503.35,Apr 15 | 15:59
NIFTY 500,BEM,BEML,Stock,Bullish,"1,711.60",0.00,"15 Apr, 2026","1,711.60",Apr 15 | 15:59
NIFTY 500,TH,Honeywell Autom,Stock,Bullish,"30,500.00",0.00,"15 Apr, 2026","30,500.00",Apr 15 | 15:59
NIFTY 500,WI03,Welspun India,Stock,Bullish,124.76,0.00,"15 Apr, 2026",124.76,Apr 15 | 15:59
NIFTY 500,PRC,Navin Fluorine,Stock,Very Bullish,"6,222.50",0.00,"15 Apr, 2026","6,222.50",Apr 15 | 15:59
NIFTY 500,DN,Deepak Nitrite,Stock,Bullish,"1,522.60",0.00,"15 Apr, 2026","1,522.60",Apr 15 | 15:59
NIFTY 500,AVH,APTUS VALUE,Stock,Bullish,230.66,0.00,"15 Apr, 2026",230.66,Apr 15 | 15:59
NIFTY 500,LIC09,LIC India,Stock,Bullish,842.15,0.00,"15 Apr, 2026",842.15,Apr 15 | 15:59
NIFTY 500,GS,Godrej Ind,Stock,Bullish,906.35,0.00,"15 Apr, 2026",906.35,Apr 15 | 15:59
NIFTY 500,OCL,Dalmia Bharat,Stock,Bullish,"1,974.60",0.00,"15 Apr, 2026","1,974.60",Apr 15 | 15:59
NIFTY 500,NBC,NBCC (India),Stock,Bullish,91.00,0.00,"15 Apr, 2026",91.00,Apr 15 | 15:59
NIFTY 500,M09,KPR Mill,Stock,Bullish,907.45,0.00,"15 Apr, 2026",907.45,Apr 15 | 15:57
NIFTY 500,IW,Inox Wind,Stock,Bullish,93.41,0.00,"15 Apr, 2026",93.41,Apr 15 | 15:59
NIFTY 500,AVTL,Aegis Vopak,Stock,Bullish,196.10,0.00,"15 Apr, 2026",196.10,Apr 15 | 15:59
NIFTY 500,UA03,UTI,Stock,Bullish,"1,009.60",0.00,"15 Apr, 2026","1,009.60",Apr 15 | 15:59
NIFTY 500,AC02,Aegis Logistics,Stock,Bullish,658.80,0.00,"15 Apr, 2026",658.80,Apr 15 | 15:59
NIFTY 500,CST,Clean Science,Stock,Bullish,752.65,0.00,"15 Apr, 2026",752.65,Apr 15 | 15:59
NIFTY 500,LVA,Latent View,Stock,Bullish,302.55,0.00,"15 Apr, 2026",302.55,Apr 15 | 15:59
NIFTY 500,CG02,CreditAccess Gr,Stock,Very Bullish,"1,234.60",-0.06,"08 Apr, 2026","1,235.40",Apr 15 | 15:56
NIFTY 500,K04,R R Kabel,Stock,Bullish,"1,392.00",-0.33,"10 Apr, 2026","1,396.60",Apr 15 | 15:58
NIFTY 500,OSPL,OneSource Spec,Stock,Very Bullish,"1,538.10",-0.45,"13 Apr, 2026","1,545.10",Apr 15 | 15:58
NIFTY 500,LTS,L&T Technology,Stock,Bullish,"3,430.70",-0.46,"10 Apr, 2026","3,446.50",Apr 15 | 15:59
NIFTY 500,PHF,PNB Housing Fin,Stock,Bullish,866.55,-0.77,"08 Apr, 2026",873.30,Apr 15 | 15:58
NIFTY 500,CUB,City Union Bank,Stock,Bullish,252.05,-1.21,"08 Apr, 2026",255.13,Apr 15 | 15:59
NIFTY 500,EEC,Elecon Eng,Stock,Bullish,412.85,-1.61,"08 Apr, 2026",419.60,Apr 15 | 15:59
NIFTY 500,ITI,ITI,Stock,Bullish,291.60,-1.95,"09 Apr, 2026",297.39,Apr 15 | 15:59
NIFTY 500,SP42,Cohance Life,Stock,Bullish,356.40,-5.69,"10 Apr, 2026",377.90,Apr 15 | 15:59
ALL NSE,EWP,Excellent Wire ,Stock,Very Bullish,119.00,164.44,"16 Jan, 2026",45.00,Apr 15 | 15:42
ALL NSE,SO03,Sterlite Techno,Stock,Very Bullish,254.91,146.34,"28 Jan, 2026",103.48,Apr 15 | 15:57
ALL NSE,GP10,Gayatri Project,Stock,Very Bullish,18.04,110.26,"03 Sep, 2025",8.58,Apr 15 | 15:59
ALL NSE,PF13,Prime Focus,Stock,Very Bullish,341.40,90.30,"02 Dec, 2025",179.40,Apr 15 | 15:58
ALL NSE,PSO,Seamec,Stock,Very Bullish,"1,565.50",78.24,"17 Nov, 2025",878.30,Apr 15 | 15:48
ALL NSE,AEL12,Avana Electrosy,Stock,Bullish,116.55,73.44,"01 Apr, 2026",67.20,Apr 15 | 15:50
ALL NSE,AEL11,Atlanta Electri,Stock,Very Bullish,"1,326.90",63.08,"06 Feb, 2026",813.65,Apr 15 | 15:59
ALL NSE,KI25,Kotyark,Stock,Bullish,364.90,61.82,"11 Feb, 2026",225.50,Apr 15 | 15:47
ALL NSE,MIP01,Manav Infra Pro,Stock,Very Bullish,37.35,60.30,"21 Nov, 2025",23.30,Apr 15 | 15:31
ALL NSE,AI77,Aeroflex Ind.,Stock,Very Bullish,293.40,57.99,"03 Feb, 2026",185.71,Apr 15 | 15:59
ALL NSE,MRD,Magson Retail,Stock,Very Bullish,191.10,57.93,"23 Dec, 2025",121.00,Apr 15 | 15:31
ALL NSE,AFIL,Akme Fintrade I,Stock,Very Bullish,9.25,57.31,"20 Feb, 2026",5.88,Apr 15 | 15:59
ALL NSE,LMS,Lokesh Machines,Stock,Very Bullish,276.27,56.16,"02 Feb, 2026",176.92,Apr 15 | 15:58
ALL NSE,JB02,PARAMPARA DAIRY,Stock,Very Bullish,12.00,53.85,"16 Dec, 2025",7.80,Apr 15 | 15:59
ALL NSE,UC06,Unihealth Hospi,Stock,Very Bullish,460.95,53.65,"02 Feb, 2026",300.00,Apr 15 | 15:57
ALL NSE,KEC02,Kirl Electric,Stock,Bullish,131.67,51.45,"02 Apr, 2026",86.94,Apr 15 | 15:59
ALL NSE,DPEL,Divine Power,Stock,Very Bullish,445.55,50.14,"12 Mar, 2026",296.75,Apr 15 | 15:40
ALL NSE,GI25,Gretex Industri,Stock,Very Bullish,294.75,49.62,"13 Jan, 2026",197.00,Apr 15 | 15:31
ALL NSE,PEE01,Parth Elec,Stock,Very Bullish,323.00,48.51,"21 Jan, 2026",217.50,Apr 15 | 15:45
ALL NSE,AF21,Avanti Feeds,Stock,Very Bullish,"1,419.00",47.84,"03 Feb, 2026",959.80,Apr 15 | 15:59
ALL NSE,DDR,DRS Dilip Roadl,Stock,Very Bullish,113.55,47.47,"12 Feb, 2026",77.00,Apr 15 | 15:31
ALL NSE,GSC01,Setco Auto,Stock,Very Bullish,25.16,46.28,"24 Mar, 2026",17.20,Apr 15 | 15:43
ALL NSE,GEL01,GNG Electronics,Stock,Bullish,423.40,46.08,"04 Feb, 2026",289.85,Apr 15 | 15:53
ALL NSE,MC25,Mahickra Chemic,Stock,Very Bullish,225.00,45.63,"24 Dec, 2025",154.50,Apr 15 | 15:31
ALL NSE,SH15,Sakar Healthcar,Stock,Very Bullish,587.25,45.47,"03 Feb, 2026",403.70,Apr 15 | 15:59
ALL NSE,LIL03,Likhitha,Stock,Very Bullish,226.43,45.00,"25 Mar, 2026",156.16,Apr 15 | 15:53
ALL NSE,ALF02,Apollo Pipes,Stock,Very Bullish,454.30,44.96,"06 Feb, 2026",313.40,Apr 15 | 15:58
ALL NSE,DG01,CP,Stock,Very Bullish,52.61,43.74,"18 Mar, 2026",36.60,Apr 15 | 15:58
ALL NSE,KIL12,KSH Intl,Stock,Bullish,533.00,43.63,"06 Mar, 2026",371.10,Apr 15 | 15:54
ALL NSE,JIL07,Jinkushal Indus,Stock,Bullish,78.80,42.50,"07 Apr, 2026",55.30,Apr 15 | 15:59
ALL NSE,AI52,AGI Infra,Stock,Very Bullish,374.60,41.92,"19 Feb, 2026",263.95,Apr 15 | 15:58
ALL NSE,IE11,Insolation Ener,Stock,Bullish,133.45,41.89,"06 Apr, 2026",94.05,Apr 15 | 15:59
ALL NSE,VR01,Venus Remedies,Stock,Very Bullish,"1,069.05",41.40,"09 Mar, 2026",756.05,Apr 15 | 15:58
ALL NSE,VC19,Vital Chemtech,Stock,Bullish,66.15,39.73,"02 Apr, 2026",47.34,Apr 15 | 15:40
ALL NSE,LL07,Lloyds Luxuries,Stock,Bullish,80.30,39.65,"08 Apr, 2026",57.50,Apr 15 | 15:40
ALL NSE,PWI,Precision Wires,Stock,Very Bullish,346.00,39.57,"28 Jan, 2026",247.90,Apr 15 | 15:58
ALL NSE,NTL02,Newjaisa Tech,Stock,Bullish,26.15,39.10,"02 Apr, 2026",18.80,Apr 15 | 15:31
ALL NSE,MFP02,Mega Flex,Stock,Very Bullish,152.15,38.32,"01 Feb, 2026",110.00,Apr 15 | 15:31
ALL NSE,RTL04,Rossell Techsys,Stock,Very Bullish,978.00,38.02,"01 Apr, 2026",708.60,Apr 15 | 15:49
ALL NSE,VF08,Viji Finance,Stock,Very Bullish,3.31,37.92,"10 Mar, 2026",2.40,Apr 15 | 15:59
ALL NSE,DD,Bodal Chemicals,Stock,Very Bullish,67.56,37.51,"19 Mar, 2026",49.13,Apr 15 | 15:53
ALL NSE,PJL,Pushpa Jeweller,Stock,Very Bullish,125.20,36.76,"25 Mar, 2026",91.55,Apr 15 | 15:31
ALL NSE,MT14,MTAR,Stock,Very Bullish,"4,941.10",36.29,"17 Mar, 2026","3,625.50",Apr 15 | 15:59
ALL NSE,SP37,SMS Pharma,Stock,Very Bullish,438.30,36.01,"04 Feb, 2026",322.25,Apr 15 | 15:59
ALL NSE,PMWL,Park Medi World,Stock,Very Bullish,208.12,35.47,"30 Jan, 2026",153.63,Apr 15 | 15:59
ALL NSE,GP01,Ganesha Ecosph,Stock,Very Bullish,"1,057.25",35.42,"27 Mar, 2026",780.70,Apr 15 | 15:59
ALL NSE,HFC01,NDL Ventures,Stock,Very Bullish,123.87,34.96,"01 Feb, 2026",91.78,Apr 15 | 15:47
ALL NSE,MAL02,Mobilise App,Stock,Bullish,78.10,34.66,"06 Apr, 2026",58.00,Apr 15 | 15:31
ALL NSE,GAC01,Guj Alkali,Stock,Very Bullish,654.65,34.56,"19 Mar, 2026",486.50,Apr 15 | 15:59
ALL NSE,IWS,Indiabulls,Stock,Bullish,14.10,33.90,"02 Apr, 2026",10.53,Apr 15 | 15:59
ALL NSE,AS29,Accord Synergy,Stock,Bullish,38.25,33.51,"06 Apr, 2026",28.65,Apr 15 | 15:41
ALL NSE,CESCV54233,RPSG VENTURES,Stock,Very Bullish,958.20,32.92,"25 Mar, 2026",720.90,Apr 15 | 15:59
ALL NSE,DHJ,Divine Hira Jew,Stock,Very Bullish,307.00,32.61,"10 Feb, 2026",231.50,Apr 15 | 15:49
ALL NSE,SLL03,Studio LSD,Stock,Bullish,14.70,32.43,"08 Apr, 2026",11.10,Apr 15 | 15:43
ALL NSE,DDEL,DEE Development,Stock,Very Bullish,382.90,32.40,"01 Apr, 2026",289.20,Apr 15 | 15:58
ALL NSE,QPEEL,Quality Power,Stock,Very Bullish,"1,107.65",31.83,"24 Mar, 2026",840.20,Apr 15 | 15:59
ALL NSE,LHI,Lux Industries,Stock,Very Bullish,"1,420.15",31.28,"06 Apr, 2026","1,081.80",Apr 15 | 15:59
ALL NSE,EIEL,Enviro Infra,Stock,Bullish,213.64,30.61,"01 Apr, 2026",163.57,Apr 15 | 15:59
ALL NSE,SAL03,SAL Steel,Stock,Bullish,54.38,30.44,"08 Apr, 2026",41.69,Apr 15 | 16:00
ALL NSE,ASL10,Alpex Solar,Stock,Bullish,"1,021.70",29.10,"24 Mar, 2026",791.40,Apr 15 | 15:59
ALL NSE,AML06,Accent Micro,Stock,Very Bullish,438.70,29.05,"18 Feb, 2026",339.95,Apr 15 | 15:57
ALL NSE,ASE03,Avadh Sugar ,Stock,Very Bullish,480.85,29.00,"27 Feb, 2026",372.75,Apr 15 | 15:55
ALL NSE,JAYBE25040,Jay Bee Laminat,Stock,Very Bullish,113.25,28.84,"01 Apr, 2026",87.90,Apr 15 | 15:41
ALL NSE,MEI04,Maxvolt Energy ,Stock,Bullish,395.70,28.43,"06 Apr, 2026",308.10,Apr 15 | 15:56
ALL NSE,DCI16041,DC Infotech,Stock,Bullish,329.85,28.25,"17 Mar, 2026",257.20,Apr 15 | 15:55
ALL NSE,VCI02,Vinyl Chemicals,Stock,Bullish,266.28,28.13,"07 Apr, 2026",207.82,Apr 15 | 15:54
ALL NSE,BB08,Banka Bioloo,Stock,Very Bullish,76.18,27.58,"07 Apr, 2026",59.71,Apr 15 | 15:44
ALL NSE,DRI02,Divyadhan Recyc,Stock,Bullish,29.55,27.10,"07 Apr, 2026",23.25,Apr 15 | 15:31
ALL NSE,VWL,Vidya Wires,Stock,Bullish,67.93,26.95,"07 Apr, 2026",53.51,Apr 15 | 15:59
ALL NSE,SEC03,Sattva Engineer,Stock,Bullish,66.95,26.68,"25 Mar, 2026",52.85,Apr 15 | 15:41
ALL NSE,SE24,Solex Energy,Stock,Very Bullish,"1,277.50",26.55,"01 Apr, 2026","1,009.45",Apr 15 | 15:57
ALL NSE,MF24,Epigral,Stock,Bullish,"1,203.30",26.54,"07 Apr, 2026",950.90,Apr 15 | 15:58
ALL NSE,ZE,Zenithexpo,Stock,Bullish,239.15,26.53,"06 Apr, 2026",189.00,Apr 15 | 15:44
ALL NSE,SI91,Sportking India,Stock,Very Bullish,142.90,26.16,"17 Mar, 2026",113.27,Apr 15 | 15:58
ALL NSE,NSL04,NINtec SYSTEMS ,Stock,Very Bullish,441.15,26.15,"27 Mar, 2026",349.70,Apr 15 | 15:50
ALL NSE,ACP,Arrow Greentech,Stock,Very Bullish,578.70,26.08,"30 Mar, 2026",459.00,Apr 15 | 15:58
ALL NSE,SPEL,Supreme Power,Stock,Very Bullish,208.85,25.93,"02 Apr, 2026",165.85,Apr 15 | 15:51
ALL NSE,WI11,Wheels,Stock,Very Bullish,"1,032.65",25.85,"03 Feb, 2026",820.55,Apr 15 | 15:49
ALL NSE,Z,Zenith SP&I,Stock,Bullish,6.73,25.56,"09 Apr, 2026",5.36,Apr 15 | 15:50
ALL NSE,AMO,Modi Naturals,Stock,Bullish,379.75,25.45,"01 Apr, 2026",302.70,Apr 15 | 15:55
ALL NSE,KHERL,KRN Heat Ex,Stock,Very Bullish,"1,122.95",25.39,"06 Apr, 2026",895.60,Apr 15 | 15:59
ALL NSE,UNT,United Nilgiri,Stock,Very Bullish,562.95,25.17,"19 Dec, 2025",449.75,Apr 15 | 15:40
ALL NSE,TF14,Tirupati Forge,Stock,Very Bullish,44.60,25.07,"09 Feb, 2026",35.66,Apr 15 | 15:59
ALL NSE,JTL,SG MART,Stock,Bullish,555.10,24.95,"23 Mar, 2026",444.25,Apr 15 | 15:59
ALL NSE,NA,Nacl Industries,Stock,Very Bullish,172.61,24.94,"02 Apr, 2026",138.15,Apr 15 | 15:57
ALL NSE,KB04,Karnataka Bank,Stock,Very Bullish,242.52,24.75,"03 Feb, 2026",194.40,Apr 15 | 15:59
ALL NSE,CCC03,Committed Cargo,Stock,Very Bullish,258.70,24.49,"05 Mar, 2026",207.80,Apr 15 | 15:40
ALL NSE,S06,Steelcast,Stock,Very Bullish,283.86,24.47,"27 Mar, 2026",228.05,Apr 15 | 15:57
ALL NSE,VI20,V-Marc,Stock,Very Bullish,852.85,24.30,"06 Apr, 2026",686.10,Apr 15 | 15:41
ALL NSE,SG14,Sky Gold,Stock,Very Bullish,419.60,24.23,"01 Apr, 2026",337.75,Apr 15 | 15:59
ALL NSE,RPL04,Rashi Periphera,Stock,Very Bullish,440.30,24.05,"01 Apr, 2026",354.95,Apr 15 | 15:59
ALL NSE,ITTL27266,ITTL,Stock,Bullish,103.20,23.96,"11 Mar, 2026",83.25,Apr 15 | 15:31
ALL NSE,IIL04,Inox India,Stock,Very Bullish,"1,468.60",23.49,"18 Mar, 2026","1,189.20",Apr 15 | 15:59
ALL NSE,MAC03,Lords Chloro,Stock,Bullish,159.93,23.49,"06 Apr, 2026",129.51,Apr 15 | 15:51
ALL NSE,PCIL,Prime Cable,Stock,Bullish,96.15,23.27,"06 Apr, 2026",78.00,Apr 15 | 15:53
ALL NSE,SCL14,SRM Contractors,Stock,Very Bullish,516.15,23.24,"06 Apr, 2026",418.80,Apr 15 | 15:59
ALL NSE,SEI03,Paisalo Digital,Stock,Very Bullish,43.51,23.05,"01 Apr, 2026",35.36,Apr 15 | 15:59
ALL NSE,MRI02,Mcleod,Stock,Bullish,47.92,22.97,"08 Apr, 2026",38.97,Apr 15 | 15:59
ALL NSE,W06,D P Wires,Stock,Bullish,189.46,22.95,"08 Apr, 2026",154.09,Apr 15 | 15:59
ALL NSE,WSL,Websol Energy,Stock,Very Bullish,87.58,22.76,"01 Apr, 2026",71.34,Apr 15 | 15:53
ALL NSE,BNH,United Food,Stock,Very Bullish,313.80,22.67,"08 Apr, 2026",255.80,Apr 15 | 15:54
ALL NSE,SGEL,Saatvik Green,Stock,Bullish,470.10,22.55,"27 Mar, 2026",383.60,Apr 15 | 15:58
ALL NSE,SA04,Shilpa,Stock,Bullish,414.20,22.54,"24 Mar, 2026",338.00,Apr 15 | 15:59
ALL NSE,KP14,Krishana Phosch,Stock,Very Bullish,610.50,22.52,"01 Apr, 2026",498.30,Apr 15 | 15:51
ALL NSE,STL13,Shadowfax Tech,Stock,Bullish,143.06,22.28,"25 Mar, 2026",116.99,Apr 15 | 15:59
ALL NSE,NGO,Nakoda Group,Stock,Bullish,31.79,22.27,"01 Apr, 2026",26.00,Apr 15 | 15:41
ALL NSE,MF23,Megastar Foods,Stock,Very Bullish,287.30,22.26,"10 Mar, 2026",234.99,Apr 15 | 15:40
ALL NSE,JIL06,JNK India,Stock,Very Bullish,302.81,22.25,"02 Apr, 2026",247.70,Apr 15 | 15:49
ALL NSE,W3IL,WOL 3D India,Stock,Very Bullish,163.00,22.23,"07 Apr, 2026",133.35,Apr 15 | 15:31
ALL NSE,SEL07,Shilchar Techno,Stock,Bullish,"4,788.40",22.22,"01 Apr, 2026","3,917.90",Apr 15 | 15:55
ALL NSE,AI64,Arfin India,Stock,Bullish,93.19,22.18,"06 Apr, 2026",76.27,Apr 15 | 15:56
ALL NSE,JN02,Jayaswal Neco,Stock,Very Bullish,91.64,22.17,"01 Apr, 2026",75.01,Apr 15 | 15:59
ALL NSE,MCE01,Mitcon Cons,Stock,Very Bullish,71.41,22.13,"01 Apr, 2026",58.47,Apr 15 | 15:55
ALL NSE,BC14,Bajaj Consumer ,Stock,Very Bullish,441.65,22.10,"01 Apr, 2026",361.70,Apr 15 | 15:59
ALL NSE,ODL,Osel Devices,Stock,Very Bullish,644.80,22.09,"18 Mar, 2026",528.15,Apr 15 | 15:56
ALL NSE,PC25,Pashupati Cotsp,Stock,Very Bullish,"1,005.95",22.06,"09 Feb, 2026",824.15,Apr 15 | 15:44
ALL NSE,PAC01,Primo Chemicals,Stock,Bullish,23.35,21.93,"01 Apr, 2026",19.15,Apr 15 | 15:50
ALL NSE,CIL08,Carraro India L,Stock,Very Bullish,586.00,21.93,"09 Apr, 2026",480.60,Apr 15 | 15:58
ALL NSE,STI9,Sutlej Textiles,Stock,Bullish,36.39,21.83,"09 Apr, 2026",29.87,Apr 15 | 15:56
ALL NSE,GI26,Hardwyn,Stock,Very Bullish,20.82,21.75,"10 Feb, 2026",17.10,Apr 15 | 15:59
ALL NSE,CASL,C2C Advanced,Stock,Very Bullish,471.75,21.59,"25 Mar, 2026",388.00,Apr 15 | 15:57
ALL NSE,ITD02,India Tourism D,Stock,Bullish,643.50,21.56,"09 Apr, 2026",529.35,Apr 15 | 15:59
ALL NSE,ODC01,On Door Concept,Stock,Very Bullish,179.00,21.56,"07 Apr, 2026",147.25,Apr 15 | 15:43
ALL NSE,SP24,Suven Life Sci,Stock,Bullish,191.92,21.50,"02 Apr, 2026",157.96,Apr 15 | 15:53
ALL NSE,GL04,Glottis,Stock,Bullish,58.33,21.22,"08 Apr, 2026",48.12,Apr 15 | 15:56
ALL NSE,HFI02,HOAC Foods,Stock,Very Bullish,437.60,21.15,"20 Mar, 2026",361.20,Apr 15 | 15:31
ALL NSE,ITT01,Axiscades Tech,Stock,Very Bullish,"1,711.90",20.91,"24 Mar, 2026","1,415.90",Apr 15 | 15:56
ALL NSE,VT03,Vindhya Telelin,Stock,Bullish,"1,380.65",20.78,"08 Apr, 2026","1,143.10",Apr 15 | 15:58
ALL NSE,AE21,Artemis Elect,Stock,Bullish,19.46,20.57,"06 Apr, 2026",16.14,Apr 15 | 15:42
ALL NSE,KSB,KSB Pumps,Stock,Bullish,941.35,20.17,"26 Feb, 2026",783.35,Apr 15 | 15:58
ALL NSE,ITT02,Indo Tech Trans,Stock,Bullish,"1,716.90",20.00,"13 Apr, 2026","1,430.80",Apr 15 | 16:00
ALL NSE,TJ,Thangamayil,Stock,Very Bullish,"4,252.70",20.00,"02 Apr, 2026","3,543.80",Apr 15 | 15:59
ALL NSE,R09,Refractory Shap,Stock,Bullish,46.00,19.79,"09 Apr, 2026",38.40,Apr 15 | 15:31
ALL NSE,RI46,Rishabh Instru.,Stock,Very Bullish,476.95,19.60,"06 Apr, 2026",398.80,Apr 15 | 15:59
ALL NSE,DI22,Deep Ind,Stock,Very Bullish,489.95,19.57,"20 Mar, 2026",409.75,Apr 15 | 15:59
ALL NSE,DAL01,Delta Autocorp,Stock,Bullish,49.50,19.57,"10 Apr, 2026",41.40,Apr 15 | 15:45
ALL NSE,AL20,Aequs,Stock,Bullish,149.36,19.51,"09 Apr, 2026",124.98,Apr 15 | 15:58
ALL NSE,DSI01,Dwarikesh Sugar,Stock,Very Bullish,47.38,19.41,"20 Mar, 2026",39.68,Apr 15 | 15:58
ALL NSE,ETL01,Exicom Tele-Sys,Stock,Bullish,115.24,19.41,"08 Apr, 2026",96.51,Apr 15 | 15:59
ALL NSE,NHIT6531,NHIT,Stock,Very Bullish,160.00,19.40,"12 Aug, 2025",134.00,Apr 15 | 15:51
ALL NSE,BEL02,Bluspring Ent,Stock,Bullish,69.43,19.30,"02 Apr, 2026",58.20,Apr 15 | 15:50
ALL NSE,BIL04,Bonlon Industri,Stock,Bullish,46.50,19.23,"08 Apr, 2026",39.00,Apr 15 | 15:40
ALL NSE,BM01,Bhagyanagar Ind,Stock,Very Bullish,192.63,19.10,"08 Apr, 2026",161.74,Apr 15 | 15:59
ALL NSE,ETC,Emkay Taps,Stock,Bullish,119.50,18.96,"08 Apr, 2026",100.45,Apr 15 | 15:53
ALL NSE,GB01,Ganesh Benzo,Stock,Very Bullish,96.02,18.92,"06 Apr, 2026",80.74,Apr 15 | 15:53
ALL NSE,SIE,Mawana Sugars,Stock,Very Bullish,98.18,18.86,"20 Mar, 2026",82.60,Apr 15 | 15:51
ALL NSE,MIC02,Rudra Global,Stock,Bullish,21.91,18.75,"08 Apr, 2026",18.45,Apr 15 | 15:57
ALL NSE,VCL03,Voler Car,Stock,Very Bullish,267.60,18.72,"01 Apr, 2026",225.40,Apr 15 | 15:55
ALL NSE,KAR,KN Agri,Stock,Very Bullish,221.91,18.66,"02 Apr, 2026",187.02,Apr 15 | 15:40
ALL NSE,PC20,Setubandhan Inf,Stock,Bullish,0.51,18.60,"08 Apr, 2026",0.43,Apr 15 | 15:45
ALL NSE,FPS01,Fujiyama Power ,Stock,Bullish,239.47,18.54,"20 Mar, 2026",202.01,Apr 15 | 15:58
ALL NSE,AGP,Agni Green,Stock,Bullish,21.50,18.46,"07 Apr, 2026",18.15,Apr 15 | 15:40
ALL NSE,SBP02,Shankara Buildi,Stock,Very Bullish,127.98,18.31,"27 Mar, 2026",108.17,Apr 15 | 15:41
ALL NSE,MOM02,MO NASDAQ 100,ETF,Very Bullish,269.96,18.22,"24 Mar, 2026",228.35,Apr 15 | 15:59
ALL NSE,DCB,Dalmia Sugar,Stock,Very Bullish,378.70,18.12,"20 Mar, 2026",320.60,Apr 15 | 15:59
ALL NSE,NBG,Nath Bio-Genes,Stock,Bullish,174.75,18.11,"08 Apr, 2026",147.96,Apr 15 | 15:59
ALL NSE,SWP,South West Pinn,Stock,Very Bullish,242.55,18.10,"18 Mar, 2026",205.37,Apr 15 | 15:57
ALL NSE,SAT03,Srivasavi,Stock,Very Bullish,57.10,18.10,"06 Apr, 2026",48.35,Apr 15 | 15:46
ALL NSE,MBA,Madhya Bharat A,Stock,Very Bullish,548.75,17.95,"25 Mar, 2026",465.25,Apr 15 | 15:46
ALL NSE,BTC02,B&B Triplewall ,Stock,Very Bullish,210.33,17.94,"07 Apr, 2026",178.33,Apr 15 | 15:54
ALL NSE,SBS01,WE WIN,Stock,Very Bullish,53.83,17.89,"07 Apr, 2026",45.66,Apr 15 | 15:46
ALL NSE,HC06,Hind Composites,Stock,Bullish,491.80,17.85,"10 Apr, 2026",417.30,Apr 15 | 16:00
ALL NSE,SRIL,Sunlite Recycli,Stock,Very Bullish,407.60,17.82,"20 Mar, 2026",345.95,Apr 15 | 15:59
ALL NSE,PC24,Precision Camsh,Stock,Bullish,154.85,17.80,"08 Apr, 2026",131.45,Apr 15 | 15:59
ALL NSE,FC09,Frog Innovation,Stock,Bullish,173.15,17.79,"02 Apr, 2026",147.00,Apr 15 | 15:47
ALL NSE,AEL04,Aimtron Electro,Stock,Very Bullish,971.65,17.60,"25 Mar, 2026",826.20,Apr 15 | 15:55
ALL NSE,SKS04,Sat Kartar Shop,Stock,Very Bullish,196.65,17.51,"02 Apr, 2026",167.35,Apr 15 | 15:31
ALL NSE,BSH,Bombay Super,Stock,Very Bullish,102.69,17.49,"02 Apr, 2026",87.40,Apr 15 | 15:57
ALL NSE,MTN,MTNL,Stock,Bullish,32.93,17.44,"08 Apr, 2026",28.04,Apr 15 | 15:54
ALL NSE,M01,Marsons,Stock,Bullish,157.10,17.40,"01 Apr, 2026",133.82,Apr 15 | 15:58
ALL NSE,AS18,ANDHRSUGAR,Stock,Bullish,86.13,17.36,"02 Apr, 2026",73.39,Apr 15 | 15:58
ALL NSE,HIP,HEC Infra Proje,Stock,Bullish,150.05,17.13,"08 Apr, 2026",128.11,Apr 15 | 15:52
ALL NSE,GML04,Galaxy Medicare,Stock,Bullish,20.20,17.10,"02 Apr, 2026",17.25,Apr 15 | 15:31
ALL NSE,P11,Paushak,Stock,Bullish,504.20,16.94,"07 Apr, 2026",431.15,Apr 15 | 15:50
ALL NSE,MON,MO Nasdaq Q50,ETF,Very Bullish,116.82,16.94,"25 Mar, 2026",99.90,Apr 15 | 15:53
ALL NSE,NSM,Nahar Spinning,Stock,Very Bullish,241.66,16.94,"18 Mar, 2026",206.66,Apr 15 | 15:44
ALL NSE,ETT,Elgi Rubber,Stock,Bullish,48.97,16.90,"08 Apr, 2026",41.89,Apr 15 | 15:59
ALL NSE,OC13,Ortel Comm,Stock,Very Bullish,1.80,16.88,"18 Feb, 2026",1.54,Apr 15 | 15:43
ALL NSE,AEL03,Azad Eng,Stock,Bullish,"1,836.40",16.84,"07 Apr, 2026","1,571.70",Apr 15 | 15:59
ALL NSE,ZGS,Zeal Global,Stock,Bullish,89.85,16.61,"07 Apr, 2026",77.05,Apr 15 | 15:40
ALL NSE,YHT,Yatharth HOSP,Stock,Very Bullish,788.45,16.59,"06 Apr, 2026",676.25,Apr 15 | 15:59
ALL NSE,ASS01,Awfis Space Sol,Stock,Bullish,362.32,16.57,"09 Apr, 2026",310.81,Apr 15 | 15:59
ALL NSE,PCCL,Petro Carbon,Stock,Very Bullish,260.95,16.47,"13 Mar, 2026",224.05,Apr 15 | 15:31
ALL NSE,SPR01,Shriram Pistons,Stock,Very Bullish,"3,645.00",16.42,"08 Apr, 2026","3,130.90",Apr 15 | 15:53
ALL NSE,AI74,Aether Ind.,Stock,Very Bullish,"1,178.10",16.42,"06 Mar, 2026","1,011.95",Apr 15 | 15:59
ALL NSE,DSM,Dhampur Sugar,Stock,Very Bullish,144.04,16.41,"25 Mar, 2026",123.74,Apr 15 | 15:59
ALL NSE,SA13,Waaree Renewabl,Stock,Bullish,"1,039.45",16.39,"08 Apr, 2026",893.10,Apr 15 | 15:59
ALL NSE,SSTL,Sambhv Steel,Stock,Very Bullish,117.37,16.37,"01 Apr, 2026",100.86,Apr 15 | 15:56
ALL NSE,OCSL,Odigma Consulta,Stock,Bullish,30.60,16.31,"08 Apr, 2026",26.31,Apr 15 | 15:51
ALL NSE,RS05,Rana Sugars,Stock,Very Bullish,13.70,16.10,"30 Mar, 2026",11.80,Apr 15 | 15:58
ALL NSE,NEC01,North Eastern,Stock,Bullish,16.32,16.07,"07 Apr, 2026",14.06,Apr 15 | 15:57
ALL NSE,MCCL,Marco Cables & ,Stock,Very Bullish,40.15,16.04,"06 Apr, 2026",34.60,Apr 15 | 15:53
ALL NSE,VSL04,Vikram Solar,Stock,Bullish,222.33,16.03,"08 Apr, 2026",191.61,Apr 15 | 15:59
ALL NSE,TML01,Taurian Mps,Stock,Bullish,251.55,15.92,"02 Apr, 2026",217.00,Apr 15 | 15:44
ALL NSE,DSS04,Dynamic Service,Stock,Bullish,138.90,15.85,"08 Apr, 2026",119.90,Apr 15 | 15:41
ALL NSE,DGP,Windsor,Stock,Bullish,287.50,15.85,"08 Apr, 2026",248.16,Apr 15 | 15:45
ALL NSE,ME,Mirc Electronic,Stock,Very Bullish,31.84,15.78,"01 Apr, 2026",27.50,Apr 15 | 15:51
ALL NSE,GLS01,Alivus Life,Stock,Very Bullish,"1,064.90",15.78,"09 Mar, 2026",919.75,Apr 15 | 15:59
ALL NSE,VIESL,Vision Infra,Stock,Very Bullish,290.40,15.77,"25 Mar, 2026",250.85,Apr 15 | 15:31
ALL NSE,GAI03,GSS Infotech,Stock,Bullish,15.16,15.73,"08 Apr, 2026",13.10,Apr 15 | 15:59
ALL NSE,GJL,P N Gadgil,Stock,Very Bullish,658.40,15.71,"02 Apr, 2026",569.00,Apr 15 | 15:53
ALL NSE,HIE,HG Infra Engg,Stock,Bullish,630.50,15.71,"10 Apr, 2026",544.90,Apr 15 | 15:59
ALL NSE,K01,Kopran,Stock,Very Bullish,155.39,15.69,"07 Apr, 2026",134.32,Apr 15 | 15:58
ALL NSE,BD04,Beta Drugs,Stock,Bullish,"1,390.40",15.67,"25 Mar, 2026","1,202.00",Apr 15 | 15:52
ALL NSE,SI74,Shradha Realty,Stock,Bullish,40.33,15.66,"08 Apr, 2026",34.87,Apr 15 | 15:52
ALL NSE,NPS,Swelect Energy,Stock,Bullish,632.70,15.64,"09 Apr, 2026",547.15,Apr 15 | 15:58
ALL NSE,RSL12,Rajputana Stain,Stock,Bullish,124.91,15.56,"01 Apr, 2026",108.09,Apr 15 | 15:53
ALL NSE,SESL,Solarworld Ener,Stock,Bullish,194.83,15.55,"07 Apr, 2026",168.61,Apr 15 | 15:59
ALL NSE,VEI,VLEGOV,Stock,Bullish,15.24,15.54,"09 Apr, 2026",13.19,Apr 15 | 16:00
ALL NSE,AA13,Aries Agro,Stock,Very Bullish,393.20,15.44,"01 Apr, 2026",340.60,Apr 15 | 15:52
ALL NSE,GOE,Genus Power,Stock,Bullish,296.67,15.40,"09 Apr, 2026",257.09,Apr 15 | 15:59
ALL NSE,ANUP54246,Anup Eng,Stock,Bullish,"2,017.40",15.36,"02 Apr, 2026","1,748.80",Apr 15 | 15:58
ALL NSE,CPS01,CPSE ETF,ETF,Very Bullish,105.02,15.28,"26 Dec, 2025",91.10,Apr 15 | 15:59
ALL NSE,AAL05,Apsis Aerocom,Stock,Bullish,198.80,15.28,"02 Apr, 2026",172.45,Apr 15 | 15:43
ALL NSE,PCS03,Prozone Intu,Stock,Very Bullish,57.14,15.22,"06 Apr, 2026",49.59,Apr 15 | 15:58
ALL NSE,MOL03,Medicamen Organ,Stock,Very Bullish,28.10,15.16,"06 Apr, 2026",24.40,Apr 15 | 15:40
ALL NSE,AML04,Ashoka Metcast ,Stock,Very Bullish,16.66,15.13,"07 Apr, 2026",14.47,Apr 15 | 15:53
ALL NSE,NOC,NOCIL,Stock,Very Bullish,170.40,15.06,"18 Mar, 2026",148.10,Apr 15 | 15:59
ALL NSE,CUDML,Cash Ur Drive,Stock,Bullish,124.95,15.00,"09 Apr, 2026",108.65,Apr 15 | 15:53
ALL NSE,USI,Filatex Fashion,Stock,Bullish,0.23,15.00,"09 Apr, 2026",0.20,Apr 15 | 15:59
ALL NSE,KP15,Kshitij Polylin,Stock,Bullish,2.85,14.92,"08 Apr, 2026",2.48,Apr 15 | 15:59
ALL NSE,BCP01,Bliss GVS,Stock,Very Bullish,257.42,14.88,"25 Mar, 2026",224.08,Apr 15 | 15:59
ALL NSE,UC,Universal Cable,Stock,Very Bullish,800.25,14.86,"07 Apr, 2026",696.70,Apr 15 | 15:56
ALL NSE,BWI02,Bansal Wire Ind,Stock,Bullish,306.93,14.77,"08 Apr, 2026",267.42,Apr 15 | 15:59
ALL NSE,CG03,Cellecor,Stock,Very Bullish,31.00,14.60,"02 Apr, 2026",27.05,Apr 15 | 15:55
ALL NSE,SIS06,ISGEC Heavy Eng,Stock,Very Bullish,"1,042.35",14.59,"01 Apr, 2026",909.60,Apr 15 | 15:58
ALL NSE,STL10,Scoda Tubes,Stock,Very Bullish,157.88,14.55,"01 Apr, 2026",137.83,Apr 15 | 15:58
ALL NSE,VFI01,Vels Film,Stock,Bullish,65.75,14.55,"06 Apr, 2026",57.40,Apr 15 | 15:31
ALL NSE,TCL04,TechD Cybersecu,Stock,Very Bullish,578.50,14.54,"02 Apr, 2026",505.05,Apr 15 | 15:43
ALL NSE,AHL02,Amanta Health,Stock,Bullish,121.03,14.38,"01 Apr, 2026",105.81,Apr 15 | 15:55
ALL NSE,MI57,Megatherm Induc,Stock,Bullish,243.50,14.32,"06 Apr, 2026",213.00,Apr 15 | 15:56
ALL NSE,AO03,Aksh Optifibre,Stock,Bullish,5.62,14.23,"07 Apr, 2026",4.92,Apr 15 | 15:53
ALL NSE,EP,EPL,Stock,Very Bullish,234.45,14.22,"30 Mar, 2026",205.27,Apr 15 | 15:59
ALL NSE,KEL03,K.P. Energy ,Stock,Bullish,329.32,14.21,"07 Apr, 2026",288.35,Apr 15 | 15:52
ALL NSE,RII,Rel Ind Infra,Stock,Bullish,810.50,14.16,"08 Apr, 2026",709.95,Apr 15 | 15:57
ALL NSE,VPT01,Venus Pipes,Stock,Very Bullish,"1,284.55",14.13,"08 Apr, 2026","1,125.50",Apr 15 | 15:58
ALL NSE,DSS01,Dynacons Sys,Stock,Very Bullish,"1,047.80",14.13,"07 Apr, 2026",918.10,Apr 15 | 15:58
ALL NSE,AHL01,Anlon Healthcar,Stock,Bullish,138.79,14.13,"09 Apr, 2026",121.61,Apr 15 | 15:55
ALL NSE,SP44,Swastik Pipe,Stock,Bullish,21.10,14.05,"09 Apr, 2026",18.50,Apr 15 | 15:56
ALL NSE,TAR,Balaxi Pharma,Stock,Bullish,24.95,14.03,"06 Apr, 2026",21.88,Apr 15 | 15:53
ALL NSE,IAM,Innomet Advance,Stock,Very Bullish,90.05,13.99,"01 Apr, 2026",79.00,Apr 15 | 15:44
ALL NSE,RM04,Ruby Mills,Stock,Very Bullish,236.16,13.98,"02 Apr, 2026",207.20,Apr 15 | 15:55
ALL NSE,GRR,GRP,Stock,Very Bullish,"2,106.00",13.97,"20 Mar, 2026","1,847.90",Apr 15 | 15:58
ALL NSE,I11,3i Infotech,Stock,Bullish,16.90,13.96,"02 Apr, 2026",14.83,Apr 15 | 15:58
ALL NSE,TD,Infomedia Press,Stock,Very Bullish,6.15,13.89,"07 Apr, 2026",5.40,Apr 15 | 15:49
ALL NSE,OPL02,Oswal Pumps,Stock,Bullish,391.70,13.88,"07 Apr, 2026",343.95,Apr 15 | 15:59
ALL NSE,DC11,Moneyboxx Finan,Stock,Very Bullish,75.25,13.83,"07 Apr, 2026",66.11,Apr 15 | 15:53
ALL NSE,IMP01,Kanani Ind,Stock,Bullish,1.73,13.82,"07 Apr, 2026",1.52,Apr 15 | 15:52
ALL NSE,SL16,Snowman Logist,Stock,Bullish,43.52,13.78,"08 Apr, 2026",38.25,Apr 15 | 15:58
ALL NSE,NIE,Nahar Ent,Stock,Bullish,107.54,13.76,"07 Apr, 2026",94.53,Apr 15 | 15:52
ALL NSE,AT21,ARHAM,Stock,Very Bullish,148.50,13.75,"02 Apr, 2026",130.55,Apr 15 | 15:51
ALL NSE,SSI,PVP Ventures,Stock,Very Bullish,34.85,13.67,"08 Apr, 2026",30.66,Apr 15 | 15:59
ALL NSE,ASL08,Akshar Spintex,Stock,Very Bullish,0.50,13.64,"02 Apr, 2026",0.44,Apr 15 | 15:59
ALL NSE,JLL01,Jayesh Logistic,Stock,Very Bullish,175.00,13.64,"06 Apr, 2026",154.00,Apr 15 | 15:53
ALL NSE,AFF,Apex Frozen,Stock,Very Bullish,427.45,13.61,"20 Mar, 2026",376.25,Apr 15 | 15:58
ALL NSE,DC04,Diamines Chem,Stock,Bullish,274.23,13.54,"01 Apr, 2026",241.53,Apr 15 | 15:58
ALL NSE,AN01,Art Nirman,Stock,Very Bullish,47.18,13.52,"08 Apr, 2026",41.56,Apr 15 | 15:42
ALL NSE,SS,Sakthi Sugars,Stock,Bullish,18.64,13.45,"09 Apr, 2026",16.43,Apr 15 | 15:44
ALL NSE,SML08,SEDEMAC Mechatr,Stock,Bullish,"1,705.80",13.43,"24 Mar, 2026","1,503.80",Apr 15 | 15:59
ALL NSE,GI10,Goldiam Inter,Stock,Bullish,383.50,13.43,"08 Apr, 2026",338.10,Apr 15 | 15:59
ALL NSE,ST,Sterling Tools,Stock,Bullish,243.16,13.39,"07 Apr, 2026",214.45,Apr 15 | 15:52
ALL NSE,WI01,Walchandnagar,Stock,Bullish,188.82,13.38,"08 Apr, 2026",166.54,Apr 15 | 15:59
ALL NSE,SCL11,Best Agrolife,Stock,Bullish,18.64,13.31,"09 Apr, 2026",16.45,Apr 15 | 15:59
ALL NSE,GBF01,Ganga Bath Fitt,Stock,Very Bullish,23.45,13.29,"06 Apr, 2026",20.70,Apr 15 | 15:40
ALL NSE,LSI01,Lloyds Steels,Stock,Bullish,51.77,13.28,"07 Apr, 2026",45.70,Apr 15 | 15:59
ALL NSE,LAT,Lumax Auto Tech,Stock,Very Bullish,"1,779.30",13.20,"24 Mar, 2026","1,571.80",Apr 15 | 15:58
ALL NSE,JKS,Jaykay Ent,Stock,Bullish,158.49,13.19,"07 Apr, 2026",140.02,Apr 15 | 15:42
ALL NSE,EMIL,Energy-Mission ,Stock,Bullish,164.00,13.10,"08 Apr, 2026",145.00,Apr 15 | 15:31
ALL NSE,YP01,PAKKA,Stock,Bullish,99.64,13.07,"06 Apr, 2026",88.12,Apr 15 | 15:52
ALL NSE,VGI03,Virtual Galaxy ,Stock,Bullish,152.95,13.00,"07 Apr, 2026",135.35,Apr 15 | 15:31
ALL NSE,SW01,Sumit Woods,Stock,Bullish,52.49,12.95,"18 Mar, 2026",46.47,Apr 15 | 15:41
ALL NSE,KD09,Kore Digital,Stock,Bullish,148.25,12.95,"09 Apr, 2026",131.25,Apr 15 | 15:31
ALL NSE,FI17,Intense Tech,Stock,Very Bullish,110.69,12.90,"07 Apr, 2026",98.04,Apr 15 | 15:42
ALL NSE,BC06,BCL Industries,Stock,Very Bullish,32.85,12.89,"02 Apr, 2026",29.10,Apr 15 | 15:55
ALL NSE,NS12,Nitin Spinners,Stock,Very Bullish,409.80,12.89,"01 Apr, 2026",363.00,Apr 15 | 15:54
ALL NSE,PM,Precot,Stock,Very Bullish,551.40,12.89,"12 Mar, 2026",488.45,Apr 15 | 15:47
ALL NSE,DTS,Divgi Torqtrans,Stock,Very Bullish,777.75,12.85,"13 Apr, 2026",689.20,Apr 15 | 15:58
ALL NSE,GBL02,Godavari Bioref,Stock,Very Bullish,315.00,12.84,"06 Feb, 2026",279.15,Apr 15 | 15:56
ALL NSE,MI31,MPS,Stock,Very Bullish,"1,835.90",12.83,"01 Apr, 2026","1,627.10",Apr 15 | 15:58
ALL NSE,EC02,Electrosteel,Stock,Very Bullish,84.39,12.78,"20 Mar, 2026",74.83,Apr 15 | 15:59
ALL NSE,IL03,IKIO Tech,Stock,Bullish,148.29,12.74,"08 Apr, 2026",131.53,Apr 15 | 15:59
ALL NSE,UHTL,United Heat,Stock,Bullish,58.60,12.69,"08 Apr, 2026",52.00,Apr 15 | 15:40
ALL NSE,OCI,Orient Bell,Stock,Very Bullish,319.00,12.68,"13 Apr, 2026",283.10,Apr 15 | 15:57
ALL NSE,IMF01,Indian Metals,Stock,Very Bullish,"1,417.00",12.68,"02 Apr, 2026","1,257.50",Apr 15 | 15:58
ALL NSE,AAB,Assoc Alcohol,Stock,Bullish,882.55,12.66,"07 Apr, 2026",783.35,Apr 15 | 15:58
ALL NSE,KIL09,Kataria Industr,Stock,Very Bullish,117.10,12.65,"09 Apr, 2026",103.95,Apr 15 | 15:31
ALL NSE,AS31,Aartech Solonic,Stock,Bullish,52.72,12.65,"08 Apr, 2026",46.80,Apr 15 | 15:58
ALL NSE,DCG,Dharmaj Crop,Stock,Very Bullish,276.03,12.61,"02 Apr, 2026",245.13,Apr 15 | 15:58
ALL NSE,AV03,Atam Valves,Stock,Bullish,70.63,12.59,"09 Apr, 2026",62.73,Apr 15 | 15:48
ALL NSE,MEI05,Mangal Electric,Stock,Bullish,286.39,12.52,"08 Apr, 2026",254.52,Apr 15 | 15:58
ALL NSE,VPI04,Vigor Plast Ind,Stock,Bullish,64.00,12.48,"08 Apr, 2026",56.90,Apr 15 | 15:40
ALL NSE,ETL02,Emkay Tools,Stock,Very Bullish,956.00,12.47,"16 Feb, 2026",850.00,Apr 15 | 15:31
ALL NSE,SSL17,Sahaj Solar,Stock,Bullish,144.55,12.45,"08 Apr, 2026",128.55,Apr 15 | 15:45
ALL NSE,GPB,Genus Paper,Stock,Very Bullish,13.31,12.42,"09 Apr, 2026",11.84,Apr 15 | 15:49
ALL NSE,DBS,Lancor Holdings,Stock,Very Bullish,25.38,12.40,"07 Apr, 2026",22.58,Apr 15 | 15:56
ALL NSE,UI19,Uniparts India,Stock,Very Bullish,515.45,12.35,"01 Apr, 2026",458.80,Apr 15 | 15:57
ALL NSE,AI45,Ceinsys Tech,Stock,Bullish,"1,104.20",12.34,"01 Apr, 2026",982.90,Apr 15 | 15:58
ALL NSE,CCL06,Connplex Cinema,Stock,Bullish,272.15,12.34,"02 Apr, 2026",242.25,Apr 15 | 15:40
ALL NSE,BG01,Bharat Gears,Stock,Very Bullish,111.65,12.27,"09 Apr, 2026",99.45,Apr 15 | 15:49
ALL NSE,MGS,Peninsula Land,Stock,Bullish,20.22,12.27,"13 Apr, 2026",18.01,Apr 15 | 15:56
ALL NSE,SNL04,STL Networks,Stock,Bullish,22.25,12.26,"09 Apr, 2026",19.82,Apr 15 | 15:59
ALL NSE,WCP,West Coast Pap,Stock,Very Bullish,487.65,12.25,"01 Apr, 2026",434.45,Apr 15 | 15:57
ALL NSE,GF01,Ginni Filaments,Stock,Bullish,42.91,12.24,"08 Apr, 2026",38.23,Apr 15 | 15:46
ALL NSE,MS26,SG FINSERVE,Stock,Very Bullish,463.40,12.22,"24 Mar, 2026",412.95,Apr 15 | 15:58
ALL NSE,CPI08,Cell Point,Stock,Bullish,17.50,12.18,"09 Apr, 2026",15.60,Apr 15 | 15:59
ALL NSE,TEL07,Tankup Engineer,Stock,Very Bullish,599.95,12.14,"09 Apr, 2026",535.00,Apr 15 | 15:31
ALL NSE,IT04,Intrasoft Tech,Stock,Bullish,79.30,12.13,"10 Apr, 2026",70.72,Apr 15 | 15:52
ALL NSE,VSI01,Vishwaraj Sugar,Stock,Bullish,6.11,12.11,"09 Apr, 2026",5.45,Apr 15 | 15:59
ALL NSE,SA10,Strides Pharma,Stock,Very Bullish,"1,001.65",12.05,"11 Mar, 2026",893.95,Apr 15 | 15:54
ALL NSE,KB02,Kirloskar Bros,Stock,Bullish,"1,779.10",12.01,"10 Apr, 2026","1,588.30",Apr 15 | 15:59
ALL NSE,OA,Omax Autos,Stock,Bullish,115.86,11.94,"07 Apr, 2026",103.50,Apr 15 | 15:52
ALL NSE,DTV,Dish TV,Stock,Bullish,3.38,11.92,"07 Apr, 2026",3.02,Apr 15 | 16:00
ALL NSE,GW01,Geekay Wires,Stock,Bullish,26.26,11.89,"08 Apr, 2026",23.47,Apr 15 | 15:53
ALL NSE,PI17,Praj Industries,Stock,Very Bullish,352.45,11.84,"20 Mar, 2026",315.15,Apr 15 | 15:59
ALL NSE,PDS01,Paras Defence,Stock,Bullish,754.85,11.83,"09 Apr, 2026",675.00,Apr 15 | 15:59
ALL NSE,RSL08,Ramdevbaba Solv,Stock,Bullish,98.90,11.81,"10 Apr, 2026",88.45,Apr 15 | 15:31
ALL NSE,ABB01,GE Power India,Stock,Very Bullish,496.85,11.75,"08 Apr, 2026",444.60,Apr 15 | 15:56
ALL NSE,HLV,HLV,Stock,Bullish,8.61,11.67,"08 Apr, 2026",7.71,Apr 15 | 15:59
ALL NSE,IIT01,Industrial Inv,Stock,Bullish,155.67,11.66,"08 Apr, 2026",139.42,Apr 15 | 15:40
ALL NSE,VO03,Valiant Organic,Stock,Bullish,266.64,11.58,"06 Apr, 2026",238.97,Apr 15 | 15:49
ALL NSE,IGP,IG Petro,Stock,Very Bullish,420.05,11.57,"07 Apr, 2026",376.50,Apr 15 | 15:53
ALL NSE,MGF,Motor and Gen F,Stock,Very Bullish,24.16,11.54,"02 Apr, 2026",21.66,Apr 15 | 15:49
ALL NSE,GEL02,GK Energy,Stock,Bullish,120.26,11.53,"09 Apr, 2026",107.83,Apr 15 | 15:54
ALL NSE,BTL03,Beacon Trustees,Stock,Very Bullish,85.30,11.50,"06 Apr, 2026",76.50,Apr 15 | 15:41
ALL NSE,HA04,HP Adhesives,Stock,Bullish,39.37,11.50,"08 Apr, 2026",35.31,Apr 15 | 15:59
ALL NSE,PMP,Power Mech,Stock,Bullish,"2,304.50",11.48,"08 Apr, 2026","2,067.20",Apr 15 | 15:58
ALL NSE,VEV,Victory Electri,Stock,Bullish,17.00,11.48,"09 Apr, 2026",15.25,Apr 15 | 15:53
ALL NSE,E11,eMudhra,Stock,Bullish,501.65,11.45,"07 Apr, 2026",450.10,Apr 15 | 15:59
ALL NSE,KN01,Kriti Nutrients,Stock,Very Bullish,74.62,11.36,"08 Apr, 2026",67.01,Apr 15 | 15:52
ALL NSE,GGB,Ganesh Green,Stock,Bullish,316.05,11.36,"13 Apr, 2026",283.80,Apr 15 | 15:40
ALL NSE,ETL03,Excelsoft Techn,Stock,Bullish,91.49,11.34,"07 Apr, 2026",82.17,Apr 15 | 15:59
ALL NSE,OT6,Oriental Trimex,Stock,Bullish,7.27,11.33,"06 Apr, 2026",6.53,Apr 15 | 15:59
ALL NSE,GH02,GTPL Hathway,Stock,Bullish,71.84,11.33,"08 Apr, 2026",64.53,Apr 15 | 15:52
ALL NSE,NC09,Navkar Corp,Stock,Bullish,102.75,11.31,"08 Apr, 2026",92.31,Apr 15 | 15:59
ALL NSE,KPIGL54232,KPIGREEN,Stock,Bullish,434.50,11.31,"06 Apr, 2026",390.35,Apr 15 | 15:59
ALL NSE,SF22,Signet Ind,Stock,Very Bullish,52.54,11.29,"06 Apr, 2026",47.21,Apr 15 | 15:56
ALL NSE,HSS,Kingfa Science,Stock,Very Bullish,"4,704.70",11.23,"30 Mar, 2026","4,229.60",Apr 15 | 15:56
ALL NSE,APL07,Accretion Pharm,Stock,Very Bullish,77.85,11.21,"02 Apr, 2026",70.00,Apr 15 | 15:31
ALL NSE,TVS03,TVS Srichakra,Stock,Bullish,"4,019.80",11.20,"09 Apr, 2026","3,614.80",Apr 15 | 15:59
ALL NSE,KSC01,Kaveri Seed,Stock,Bullish,927.05,11.16,"01 Apr, 2026",833.95,Apr 15 | 15:59
ALL NSE,SRS03,Shree Renuka,Stock,Very Bullish,27.91,11.15,"25 Mar, 2026",25.11,Apr 15 | 15:59
ALL NSE,BH,Bajaj Hindustha,Stock,Very Bullish,18.85,11.14,"01 Apr, 2026",16.96,Apr 15 | 15:59
ALL NSE,LRR,Lead Reclaim,Stock,Very Bullish,75.00,11.11,"19 Mar, 2026",67.50,Apr 15 | 15:42
ALL NSE,PS16,Prakash Steelag,Stock,Bullish,4.90,11.11,"08 Apr, 2026",4.41,Apr 15 | 16:00
ALL NSE,SIS12,Suntech Infra,Stock,Bullish,41.05,11.10,"06 Apr, 2026",36.95,Apr 15 | 15:40
ALL NSE,SIL17,Sigachi Ind,Stock,Bullish,23.29,11.06,"08 Apr, 2026",20.97,Apr 15 | 15:59
ALL NSE,GAE,Guj Amb Exports,Stock,Very Bullish,154.77,11.05,"01 Apr, 2026",139.37,Apr 15 | 15:59
ALL NSE,SIS05,Sunflag Iron,Stock,Bullish,266.28,11.02,"08 Apr, 2026",239.85,Apr 15 | 15:58
ALL NSE,SBC,Shivalik Bimeta,Stock,Very Bullish,518.30,10.97,"08 Apr, 2026",467.05,Apr 15 | 15:59
ALL NSE,MFC,HYBRIDFIN,Stock,Very Bullish,20.20,10.93,"06 Apr, 2026",18.21,Apr 15 | 15:47
ALL NSE,LOI01,Laxmi Organic,Stock,Bullish,137.73,10.93,"09 Apr, 2026",124.16,Apr 15 | 15:59
ALL NSE,SHL04,Suba Hotels,Stock,Bullish,138.20,10.91,"07 Apr, 2026",124.60,Apr 15 | 15:31
ALL NSE,PWL,Plaza Wires,Stock,Bullish,40.29,10.87,"08 Apr, 2026",36.34,Apr 15 | 15:59
ALL NSE,AT23,Avalon Technolo,Stock,Very Bullish,"1,067.05",10.86,"06 Apr, 2026",962.50,Apr 15 | 15:59
ALL NSE,AM,Arvind,Stock,Very Bullish,388.65,10.84,"01 Apr, 2026",350.65,Apr 15 | 15:59
ALL NSE,SE,Swaraj Engines,Stock,Very Bullish,"4,037.50",10.84,"06 Apr, 2026","3,642.70",Apr 15 | 15:59
ALL NSE,MIL21,Monolithisch,Stock,Bullish,465.95,10.78,"07 Apr, 2026",420.60,Apr 15 | 15:41
ALL NSE,VSC04,Vadivarhe Speci,Stock,Very Bullish,26.75,10.77,"06 Apr, 2026",24.15,Apr 15 | 15:31
ALL NSE,STBATCL,Shree Tirupati ,Stock,Bullish,33.80,10.75,"08 Apr, 2026",30.52,Apr 15 | 15:47
ALL NSE,SPA,Sun Pharma Adv,Stock,Very Bullish,150.78,10.74,"08 Apr, 2026",136.16,Apr 15 | 15:58
ALL NSE,RHL01,ROX Hi-Tech,Stock,Bullish,39.20,10.73,"08 Apr, 2026",35.40,Apr 15 | 15:42
ALL NSE,GIAWHL,Gaudium IVF,Stock,Bullish,98.73,10.72,"09 Apr, 2026",89.17,Apr 15 | 15:59
ALL NSE,SIL24,Slone Infosyste,Stock,Bullish,221.30,10.71,"08 Apr, 2026",199.90,Apr 15 | 15:42
ALL NSE,EHSL,Entero Health,Stock,Very Bullish,"1,230.90",10.70,"18 Mar, 2026","1,111.90",Apr 15 | 15:59
ALL NSE,HTL02,HVAX Technologi,Stock,Very Bullish,857.00,10.67,"01 Apr, 2026",774.35,Apr 15 | 15:31
ALL NSE,DNT,De Neers,Stock,Very Bullish,169.25,10.66,"06 Apr, 2026",152.95,Apr 15 | 15:40
ALL NSE,TII01,Technocraft Ind,Stock,Very Bullish,"2,494.60",10.66,"01 Apr, 2026","2,254.30",Apr 15 | 15:56
ALL NSE,ASC,AB Money,Stock,Bullish,138.31,10.64,"08 Apr, 2026",125.01,Apr 15 | 15:42
ALL NSE,MU,Mayur Uniquoter,Stock,Very Bullish,573.30,10.61,"01 Apr, 2026",518.30,Apr 15 | 15:52
ALL NSE,NT01,Nitco,Stock,Very Bullish,89.88,10.55,"19 Mar, 2026",81.30,Apr 15 | 15:59
ALL NSE,KIL07,Karnika Industr,Stock,Very Bullish,135.95,10.53,"07 Apr, 2026",123.00,Apr 15 | 15:49
ALL NSE,IBS02,Identical Brain,Stock,Bullish,21.00,10.53,"07 Apr, 2026",19.00,Apr 15 | 15:57
ALL NSE,BAB,Styrenix,Stock,Bullish,"2,211.50",10.53,"10 Apr, 2026","2,000.90",Apr 15 | 15:58
ALL NSE,LIF,Laxmi India Fin,Stock,Bullish,109.64,10.50,"09 Apr, 2026",99.22,Apr 15 | 15:49
ALL NSE,KCF,Khaitan Chemica,Stock,Bullish,61.36,10.48,"08 Apr, 2026",55.54,Apr 15 | 15:49
ALL NSE,SNL03,Spunweb Nonwove,Stock,Bullish,115.95,10.48,"01 Apr, 2026",104.95,Apr 15 | 15:45
ALL NSE,TLI01,Tiger Logistics,Stock,Bullish,31.86,10.47,"09 Apr, 2026",28.84,Apr 15 | 15:52
ALL NSE,BWL02,Blue Water Logi,Stock,Very Bullish,169.00,10.46,"01 Apr, 2026",153.00,Apr 15 | 15:31
ALL NSE,AML07,Anondita Medi,Stock,Bullish,867.00,10.45,"02 Apr, 2026",785.00,Apr 15 | 15:50
ALL NSE,IM01,Indef Manufactu,Stock,Bullish,291.25,10.42,"08 Apr, 2026",263.77,Apr 15 | 15:55
ALL NSE,MMEL,Moving Media,Stock,Bullish,36.05,10.41,"10 Apr, 2026",32.65,Apr 15 | 15:49
ALL NSE,LC08,Landmark Cars,Stock,Bullish,442.95,10.41,"01 Apr, 2026",401.20,Apr 15 | 15:45
ALL NSE,IDL,GOCL Corp,Stock,Very Bullish,297.65,10.38,"01 Apr, 2026",269.65,Apr 15 | 15:59
ALL NSE,DP12,Dynemic Product,Stock,Bullish,248.14,10.35,"08 Apr, 2026",224.87,Apr 15 | 15:58
ALL NSE,CR02,Cupid,Stock,Very Bullish,93.40,10.34,"27 Mar, 2026",84.65,Apr 15 | 15:58
ALL NSE,SAS,Shiv Aum Steels,Stock,Very Bullish,339.80,10.32,"18 Mar, 2026",308.00,Apr 15 | 15:31
ALL NSE,BES,BGR Energy,Stock,Very Bullish,346.46,10.25,"10 Apr, 2026",314.26,Apr 15 | 15:46
ALL NSE,GVH,Global Vectra,Stock,Bullish,188.54,10.25,"07 Apr, 2026",171.01,Apr 15 | 15:56
ALL NSE,II16,Insecticides,Stock,Very Bullish,686.00,10.25,"07 Apr, 2026",622.25,Apr 15 | 15:59
ALL NSE,SAG,Sejal Glass,Stock,Bullish,681.10,10.24,"10 Apr, 2026",617.85,Apr 15 | 15:51
ALL NSE,SUL01,Sheetal Univers,Stock,Very Bullish,255.80,10.21,"01 Apr, 2026",232.10,Apr 15 | 15:31
ALL NSE,HCC,Hind Constr,Stock,Bullish,18.46,10.21,"08 Apr, 2026",16.75,Apr 15 | 15:59
ALL NSE,CLL01,Curis Lifescien,Stock,Bullish,112.10,10.17,"08 Apr, 2026",101.75,Apr 15 | 15:31
ALL NSE,MII,Man Industries,Stock,Very Bullish,482.50,10.16,"08 Apr, 2026",438.00,Apr 15 | 15:58
ALL NSE,DWISL,Denta Water,Stock,Bullish,284.31,10.13,"08 Apr, 2026",258.15,Apr 15 | 15:59
ALL NSE,REL02,Rexpro Enterpri,Stock,Bullish,52.25,10.12,"10 Apr, 2026",47.45,Apr 15 | 15:31
ALL NSE,PFL03,Purv Flexipack,Stock,Bullish,63.70,10.11,"10 Apr, 2026",57.85,Apr 15 | 15:40
ALL NSE,PAL05,Patil Automatio,Stock,Bullish,170.60,10.06,"09 Apr, 2026",155.00,Apr 15 | 15:40
ALL NSE,KCI01,Kanoria Chem,Stock,Very Bullish,74.39,10.04,"07 Apr, 2026",67.60,Apr 15 | 15:52
ALL NSE,MAI04,Mandeep Auto In,Stock,Bullish,22.55,10.00,"09 Apr, 2026",20.50,Apr 15 | 15:43
ALL NSE,DB01,Dhanlaxmi Bank,Stock,Very Bullish,26.63,10.00,"07 Apr, 2026",24.21,Apr 15 | 15:58
ALL NSE,BEP,Bhansali Eng,Stock,Very Bullish,94.86,9.98,"01 Apr, 2026",86.25,Apr 15 | 15:56
ALL NSE,MC03,Mangalam Cement,Stock,Very Bullish,911.60,9.98,"06 Apr, 2026",828.85,Apr 15 | 15:49
ALL NSE,XI,Xpro India,Stock,Very Bullish,"1,062.80",9.98,"19 Mar, 2026",966.35,Apr 15 | 15:58
ALL NSE,KOTAK13950,Kotak Nifty 1D,ETF,Very Bullish,"1,099.90",9.97,"29 Jul, 2024","1,000.18",Apr 15 | 15:48
ALL NSE,WB01,Windlas,Stock,Very Bullish,866.30,9.97,"08 Apr, 2026",787.75,Apr 15 | 15:59
ALL NSE,KSC,Kothari Sugars,Stock,Bullish,27.40,9.95,"10 Apr, 2026",24.92,Apr 15 | 15:49
ALL NSE,MB05,Metro,Stock,Bullish,"1,079.65",9.94,"08 Apr, 2026",982.05,Apr 15 | 15:58
ALL NSE,MS02,Mah Seamless,Stock,Very Bullish,637.20,9.91,"25 Mar, 2026",579.75,Apr 15 | 15:53
ALL NSE,GT09,GHCL Textiles,Stock,Very Bullish,84.46,9.90,"07 Apr, 2026",76.85,Apr 15 | 15:59
ALL NSE,C02,Kokuyo Camlin,Stock,Bullish,89.81,9.87,"08 Apr, 2026",81.74,Apr 15 | 15:55
ALL NSE,ADP03,Akums Drugs & P,Stock,Very Bullish,545.30,9.84,"01 Apr, 2026",496.45,Apr 15 | 15:59
ALL NSE,IT05,InfoBeans Tech,Stock,Bullish,172.90,9.79,"09 Apr, 2026",157.48,Apr 15 | 15:58
ALL NSE,PA09,Proventus Agro,Stock,Very Bullish,"1,317.10",9.76,"07 Apr, 2026","1,200.00",Apr 15 | 15:31
ALL NSE,PISL02,Prostarm Info,Stock,Bullish,153.91,9.74,"08 Apr, 2026",140.25,Apr 15 | 15:54
ALL NSE,VT9,Voltamp Trans,Stock,Very Bullish,"9,530.00",9.72,"30 Mar, 2026","8,685.50",Apr 15 | 15:56
ALL NSE,ML08,Maheshwari Logi,Stock,Very Bullish,48.11,9.71,"25 Mar, 2026",43.85,Apr 15 | 15:53
ALL NSE,SSEGL,Sathlokhar Syne,Stock,Bullish,407.75,9.67,"07 Apr, 2026",371.80,Apr 15 | 15:31
ALL NSE,KCP01,KCP Sugar,Stock,Bullish,26.27,9.64,"01 Apr, 2026",23.96,Apr 15 | 15:58
ALL NSE,JS03,Jyoti Structure,Stock,Bullish,12.86,9.63,"08 Apr, 2026",11.73,Apr 15 | 15:55
ALL NSE,AS30,Accuracy Shippi,Stock,Very Bullish,5.36,9.61,"07 Apr, 2026",4.89,Apr 15 | 15:50
ALL NSE,SDB,Som Distillerie,Stock,Bullish,83.07,9.59,"09 Apr, 2026",75.80,Apr 15 | 15:59
ALL NSE,SP36,GP Petroleums,Stock,Bullish,34.07,9.55,"08 Apr, 2026",31.10,Apr 15 | 15:52
ALL NSE,ARVIN54248,AFL,Stock,Bullish,483.10,9.52,"06 Apr, 2026",441.10,Apr 15 | 15:59
ALL NSE,VIKAS54265,Vikas Life,Stock,Bullish,1.62,9.46,"07 Apr, 2026",1.48,Apr 15 | 15:54
ALL NSE,KFL03,KSR Footwear,Stock,Bullish,37.76,9.45,"09 Apr, 2026",34.50,Apr 15 | 15:48
ALL NSE,SI45,Sumeet Ind,Stock,Very Bullish,30.05,9.43,"27 Feb, 2026",27.46,Apr 15 | 15:59
ALL NSE,AA08,Atul Auto,Stock,Very Bullish,471.85,9.40,"09 Apr, 2026",431.30,Apr 15 | 15:59
ALL NSE,IP08,Rattan Power,Stock,Bullish,9.56,9.38,"08 Apr, 2026",8.74,Apr 15 | 15:58
ALL NSE,BPL09,Blue Pebble,Stock,Bullish,143.50,9.38,"06 Apr, 2026",131.20,Apr 15 | 15:31
ALL NSE,SPL12,Senores Pharmac,Stock,Very Bullish,853.85,9.36,"25 Mar, 2026",780.80,Apr 15 | 15:59
ALL NSE,SPL9,SPL Industries,Stock,Bullish,31.10,9.35,"09 Apr, 2026",28.44,Apr 15 | 15:53
ALL NSE,RI45,RBM Infracon,Stock,Bullish,412.45,9.33,"08 Apr, 2026",377.25,Apr 15 | 15:40
ALL NSE,CMPDIL,Central Mine,Stock,Bullish,170.90,9.32,"08 Apr, 2026",156.33,Apr 15 | 15:59
ALL NSE,MSE01,Magadh Sugar ,Stock,Very Bullish,504.70,9.30,"27 Mar, 2026",461.75,Apr 15 | 15:58
ALL NSE,SI26,Singer India,Stock,Bullish,76.97,9.30,"19 Mar, 2026",70.42,Apr 15 | 15:47
ALL NSE,VIT02,Vinyas Innovati,Stock,Bullish,"1,060.30",9.27,"10 Apr, 2026",970.35,Apr 15 | 15:58
ALL NSE,BP06,Bajel Projects,Stock,Bullish,176.52,9.27,"08 Apr, 2026",161.54,Apr 15 | 15:58
ALL NSE,RAC,RACL Geartech,Stock,Very Bullish,"1,398.10",9.24,"02 Apr, 2026","1,279.90",Apr 15 | 15:58
ALL NSE,DEL05,Diffusion Engin,Stock,Very Bullish,294.46,9.23,"01 Apr, 2026",269.57,Apr 15 | 15:55
ALL NSE,APE01,Ameya Precision,Stock,Very Bullish,110.05,9.23,"06 Apr, 2026",100.75,Apr 15 | 15:31
ALL NSE,SPL02,Somany Ceramics,Stock,Bullish,436.50,9.21,"06 Apr, 2026",399.70,Apr 15 | 15:56
ALL NSE,DPL02,Danish Power,Stock,Bullish,718.25,9.21,"08 Apr, 2026",657.65,Apr 15 | 15:54
ALL NSE,PI13,Plastiblends,Stock,Bullish,151.25,9.20,"09 Apr, 2026",138.51,Apr 15 | 15:55
ALL NSE,BB,Bharat Bijlee,Stock,Bullish,"2,618.90",9.17,"08 Apr, 2026","2,399.00",Apr 15 | 15:56
ALL NSE,LD03,Libas Consumer,Stock,Very Bullish,11.61,9.12,"08 Apr, 2026",10.64,Apr 15 | 15:52
ALL NSE,AMT01,Aakaar Medical ,Stock,Bullish,61.00,9.12,"08 Apr, 2026",55.90,Apr 15 | 15:31
ALL NSE,SA12,Shivam Auto,Stock,Bullish,19.89,9.11,"09 Apr, 2026",18.23,Apr 15 | 15:54
ALL NSE,TPS,TD Power System,Stock,Very Bullish,941.90,9.11,"20 Mar, 2026",863.25,Apr 15 | 15:59
ALL NSE,PD05,Parsvnath,Stock,Very Bullish,8.81,9.03,"10 Apr, 2026",8.08,Apr 15 | 15:59
ALL NSE,VTW,Va Tech Wabag,Stock,Very Bullish,"1,373.40",9.03,"06 Apr, 2026","1,259.60",Apr 15 | 15:59
ALL NSE,GCPL,Ganesh Consumer,Stock,Bullish,196.57,9.02,"02 Apr, 2026",180.30,Apr 15 | 15:58
ALL NSE,MTL08,MARC Technocrat,Stock,Bullish,69.20,8.98,"06 Apr, 2026",63.50,Apr 15 | 15:53
ALL NSE,JSFBL,Jana SFB,Stock,Bullish,405.40,8.98,"27 Mar, 2026",372.00,Apr 15 | 15:59
ALL NSE,RSW,RSWM,Stock,Very Bullish,153.63,8.98,"09 Apr, 2026",140.97,Apr 15 | 15:51
ALL NSE,S25,Sona Machinery,Stock,Bullish,45.10,8.94,"07 Apr, 2026",41.40,Apr 15 | 15:54
ALL NSE,CI31,Capacite Infra,Stock,Bullish,250.02,8.91,"08 Apr, 2026",229.57,Apr 15 | 15:59
ALL NSE,AMCL,ANB Metal Cast,Stock,Very Bullish,464.95,8.89,"02 Apr, 2026",427.00,Apr 15 | 15:40
ALL NSE,MI35,ILandFS Engg,Stock,Very Bullish,27.22,8.88,"06 Apr, 2026",25.00,Apr 15 | 15:46
ALL NSE,HCD,Hathway Cable,Stock,Bullish,11.55,8.86,"08 Apr, 2026",10.61,Apr 15 | 16:00
ALL NSE,VL07,Vivimed Labs,Stock,Bullish,7.63,8.84,"09 Apr, 2026",7.01,Apr 15 | 15:48
ALL NSE,SL24,Sacheerome,Stock,Very Bullish,384.20,8.84,"08 Apr, 2026",353.00,Apr 15 | 15:59
ALL NSE,RKD,Ravi Kumar Dist,Stock,Bullish,21.37,8.81,"06 Apr, 2026",19.64,Apr 15 | 15:41
ALL NSE,FCS,FCS Software,Stock,Bullish,1.73,8.81,"07 Apr, 2026",1.59,Apr 15 | 15:59
ALL NSE,TAC01,IOL Chemicals,Stock,Very Bullish,84.21,8.76,"01 Apr, 2026",77.43,Apr 15 | 15:59
ALL NSE,ES10,Essar Shipping,Stock,Very Bullish,27.06,8.76,"09 Apr, 2026",24.88,Apr 15 | 15:48
ALL NSE,R,Raymond,Stock,Bullish,420.10,8.75,"10 Apr, 2026",386.30,Apr 15 | 15:58
ALL NSE,NDRIN22680,NDRINVIT,Stock,Very Bullish,137.00,8.73,"11 Feb, 2026",126.00,Apr 15 | 15:40
ALL NSE,AIC03,Auro Impex,Stock,Bullish,34.90,8.72,"08 Apr, 2026",32.10,Apr 15 | 15:40
ALL NSE,SE31,Shera Energy,Stock,Bullish,131.00,8.71,"08 Apr, 2026",120.50,Apr 15 | 15:31
ALL NSE,BHV,Brigade Hotel,Stock,Bullish,65.20,8.70,"07 Apr, 2026",59.98,Apr 15 | 15:48
ALL NSE,SIFL,Stallion India ,Stock,Bullish,142.63,8.69,"09 Apr, 2026",131.23,Apr 15 | 15:59
ALL NSE,RJL,RBZ Jewellers,Stock,Very Bullish,146.09,8.68,"07 Apr, 2026",134.42,Apr 15 | 15:52
ALL NSE,SED01,Suraj Estate,Stock,Bullish,227.21,8.62,"09 Apr, 2026",209.17,Apr 15 | 15:59
ALL NSE,VI02,Vakrangee,Stock,Bullish,6.95,8.59,"08 Apr, 2026",6.40,Apr 15 | 15:58
ALL NSE,H05,Highway Infra,Stock,Bullish,54.50,8.57,"09 Apr, 2026",50.20,Apr 15 | 15:57
ALL NSE,ACI08,Atlas Cycles,Stock,Very Bullish,111.87,8.55,"10 Apr, 2026",103.06,Apr 15 | 15:57
ALL NSE,SPS05,Servotech Renew,Stock,Bullish,83.76,8.55,"08 Apr, 2026",77.16,Apr 15 | 15:59
ALL NSE,DS10,Dreamfolks Ser.,Stock,Bullish,84.45,8.53,"08 Apr, 2026",77.81,Apr 15 | 15:55
ALL NSE,JP02,JagsonpalPharma,Stock,Very Bullish,194.48,8.50,"11 Mar, 2026",179.24,Apr 15 | 15:58
ALL NSE,METAL24861,Ipru Nifty Meta,ETF,Very Bullish,12.61,8.43,"06 Apr, 2026",11.63,Apr 15 | 15:59
ALL NSE,IIP,Rattanindia Ent,Stock,Bullish,34.34,8.43,"08 Apr, 2026",31.67,Apr 15 | 15:59
ALL NSE,ML13,Maxposure,Stock,Bullish,41.20,8.42,"07 Apr, 2026",38.00,Apr 15 | 15:31
ALL NSE,VPT02,Viviana Power,Stock,Very Bullish,754.15,8.41,"06 Apr, 2026",695.65,Apr 15 | 15:55
ALL NSE,MCM03,Macpower,Stock,Very Bullish,"1,073.60",8.39,"08 Apr, 2026",990.50,Apr 15 | 15:58
ALL NSE,MM05,Modison,Stock,Bullish,145.74,8.37,"07 Apr, 2026",134.48,Apr 15 | 15:52
ALL NSE,JPC,Jainik Power,Stock,Bullish,132.00,8.37,"08 Apr, 2026",121.80,Apr 15 | 15:40
ALL NSE,EPTL,Epack Prefab,Stock,Bullish,189.40,8.31,"08 Apr, 2026",174.87,Apr 15 | 15:58
ALL NSE,TF15,TIPSFILMS,Stock,Bullish,369.30,8.30,"10 Apr, 2026",341.00,Apr 15 | 15:43
ALL NSE,TIL,TIL,Stock,Bullish,224.86,8.29,"10 Apr, 2026",207.65,Apr 15 | 15:48
ALL NSE,A11,GNA Axles,Stock,Very Bullish,443.70,8.29,"08 Apr, 2026",409.75,Apr 15 | 15:58
ALL NSE,IR05,Indoco Remedies,Stock,Bullish,218.07,8.27,"09 Apr, 2026",201.42,Apr 15 | 15:56
ALL NSE,EPP,Euro Panel,Stock,Bullish,175.92,8.27,"08 Apr, 2026",162.48,Apr 15 | 15:50
ALL NSE,CPM01,JK Paper,Stock,Bullish,372.95,8.24,"09 Apr, 2026",344.55,Apr 15 | 15:59
ALL NSE,AOL,Arunaya Organic,Stock,Bullish,19.05,8.24,"09 Apr, 2026",17.60,Apr 15 | 15:40
ALL NSE,DCB01,DCB Bank,Stock,Very Bullish,188.65,8.20,"07 Apr, 2026",174.36,Apr 15 | 15:59
ALL NSE,RSC,Rajshree Sugars,Stock,Bullish,31.82,8.19,"10 Apr, 2026",29.41,Apr 15 | 15:57
ALL NSE,PI40,Priti Internati,Stock,Bullish,50.98,8.15,"09 Apr, 2026",47.14,Apr 15 | 15:49
ALL NSE,JC01,Jai Corp,Stock,Bullish,112.65,8.14,"08 Apr, 2026",104.17,Apr 15 | 15:57
ALL NSE,SDC,Shree Digvijay,Stock,Bullish,73.03,8.11,"06 Apr, 2026",67.55,Apr 15 | 15:51
ALL NSE,GTL02,Globale Tessile,Stock,Bullish,12.67,8.11,"10 Apr, 2026",11.72,Apr 15 | 15:45
ALL NSE,FS05,Palred Tech,Stock,Bullish,35.60,8.11,"09 Apr, 2026",32.93,Apr 15 | 15:31
ALL NSE,KMS,KM Sugar Mills,Stock,Very Bullish,28.01,8.10,"01 Apr, 2026",25.91,Apr 15 | 15:53
ALL NSE,MPG,Anik Industries,Stock,Bullish,46.24,8.09,"09 Apr, 2026",42.78,Apr 15 | 15:43
ALL NSE,OMM,OM Infra,Stock,Bullish,95.00,8.05,"06 Apr, 2026",87.92,Apr 15 | 15:52
ALL NSE,TMB,TMB,Stock,Very Bullish,679.55,8.03,"06 Apr, 2026",629.05,Apr 15 | 15:58
ALL NSE,OIL02,Orkla India,Stock,Very Bullish,637.80,8.03,"24 Mar, 2026",590.40,Apr 15 | 15:59
ALL NSE,SNM,SBIMIDMOM,ETF,Bullish,61.15,7.98,"06 Apr, 2026",56.63,Apr 15 | 15:31
ALL NSE,SBL06,Shankara Build,Stock,Very Bullish,"1,094.50",7.98,"24 Mar, 2026","1,013.60",Apr 15 | 15:50
ALL NSE,NF03,Monarch Net,Stock,Bullish,301.63,7.95,"06 Apr, 2026",279.42,Apr 15 | 15:52
ALL NSE,CCI06,Country Club,Stock,Bullish,14.00,7.94,"09 Apr, 2026",12.97,Apr 15 | 15:52
ALL NSE,TP,TPL Plastech,Stock,Very Bullish,70.66,7.88,"08 Apr, 2026",65.50,Apr 15 | 15:46
ALL NSE,LES,Trigyn Tech,Stock,Bullish,57.52,7.86,"10 Apr, 2026",53.33,Apr 15 | 15:52
ALL NSE,BLA,BLAL,Stock,Bullish,193.57,7.84,"13 Apr, 2026",179.49,Apr 15 | 15:48
ALL NSE,GI09,Federal-Mogul,Stock,Bullish,450.90,7.83,"01 Apr, 2026",418.15,Apr 15 | 15:59
ALL NSE,VCS,Vivo Collaborat,Stock,Bullish,76.00,7.80,"26 Sep, 2025",70.50,Apr 15 | 15:31
ALL NSE,DAL02,Dev Accelerator,Stock,Bullish,41.61,7.80,"13 Apr, 2026",38.60,Apr 15 | 15:53
ALL NSE,SCB,Somi Conveyor,Stock,Bullish,112.96,7.80,"08 Apr, 2026",104.79,Apr 15 | 15:40
ALL NSE,NLAGIL,Neelam Linens,Stock,Bullish,13.15,7.79,"08 Apr, 2026",12.20,Apr 15 | 15:31
ALL NSE,CIL07,Ceigall India,Stock,Very Bullish,299.55,7.79,"01 Apr, 2026",277.90,Apr 15 | 15:59
ALL NSE,NEML,Namo Ewaste Man,Stock,Bullish,179.90,7.76,"13 Apr, 2026",166.95,Apr 15 | 15:51
ALL NSE,OPO,One Point One S,Stock,Very Bullish,53.44,7.76,"08 Apr, 2026",49.59,Apr 15 | 15:59
ALL NSE,AEL06,Aesthetik Engin,Stock,Bullish,84.05,7.76,"08 Apr, 2026",78.00,Apr 15 | 15:31
ALL NSE,PP27,Puravankara,Stock,Bullish,232.69,7.73,"13 Apr, 2026",215.99,Apr 15 | 15:59
ALL NSE,KAL04,KRM Ayurveda,Stock,Bullish,214.00,7.73,"08 Apr, 2026",198.65,Apr 15 | 15:53
ALL NSE,LA01,Lorenzini Appar,Stock,Bullish,7.81,7.72,"07 Apr, 2026",7.25,Apr 15 | 15:55
ALL NSE,CESL,Concord Enviro ,Stock,Bullish,327.85,7.70,"07 Apr, 2026",304.40,Apr 15 | 15:54
ALL NSE,BSL04,Baweja Studios,Stock,Very Bullish,33.60,7.69,"10 Apr, 2026",31.20,Apr 15 | 15:43
ALL NSE,MML05,Madhusudan Masa,Stock,Very Bullish,155.00,7.68,"01 Apr, 2026",143.95,Apr 15 | 15:56
ALL NSE,SWS,Sterling Wilson,Stock,Bullish,188.71,7.65,"09 Apr, 2026",175.30,Apr 15 | 15:58
ALL NSE,CL11,Crizac,Stock,Bullish,227.17,7.65,"09 Apr, 2026",211.03,Apr 15 | 15:59
ALL NSE,LIQUI23915,LIQUIDBETF,ETF,Very Bullish,"1,077.46",7.64,"18 Nov, 2024","1,000.96",Apr 15 | 15:46
ALL NSE,RCL02,Securekloud Tec,Stock,Very Bullish,26.34,7.64,"08 Apr, 2026",24.47,Apr 15 | 15:59
ALL NSE,GBP02,GROWWPOWER,ETF,Bullish,11.41,7.54,"08 Apr, 2026",10.61,Apr 15 | 15:45
ALL NSE,MML07,Muthoot Microfi,Stock,Very Bullish,179.55,7.53,"08 Apr, 2026",166.98,Apr 15 | 15:59
ALL NSE,OP04,Oriana Power,Stock,Bullish,"2,021.15",7.49,"07 Apr, 2026","1,880.35",Apr 15 | 15:59
ALL NSE,TP15,Tarsons Product,Stock,Bullish,209.02,7.47,"08 Apr, 2026",194.49,Apr 15 | 15:45
ALL NSE,CC04,Cheviot Company,Stock,Very Bullish,"1,092.85",7.47,"07 Apr, 2026","1,016.85",Apr 15 | 15:58
ALL NSE,TCP,Tainwala Chem,Stock,Bullish,203.44,7.46,"10 Apr, 2026",189.31,Apr 15 | 15:55
ALL NSE,MVL02,Mayasheel Vent,Stock,Very Bullish,57.00,7.45,"27 Mar, 2026",53.05,Apr 15 | 15:53
ALL NSE,M14,MSTC,Stock,Bullish,450.00,7.44,"09 Apr, 2026",418.85,Apr 15 | 15:58
ALL NSE,RJI,Radhika Jewel,Stock,Bullish,67.17,7.42,"09 Apr, 2026",62.53,Apr 15 | 15:54
ALL NSE,ZIMLA54140,ZIM Lab,Stock,Bullish,76.24,7.41,"08 Apr, 2026",70.98,Apr 15 | 15:53
ALL NSE,ZA,Zuari Ind.,Stock,Bullish,265.84,7.40,"09 Apr, 2026",247.52,Apr 15 | 15:50
ALL NSE,EMI01,Electronics Mar,Stock,Bullish,102.73,7.40,"06 Apr, 2026",95.65,Apr 15 | 15:55
ALL NSE,ALL02,AVG Logistics,Stock,Very Bullish,166.16,7.39,"08 Apr, 2026",154.72,Apr 15 | 15:58
ALL NSE,DSI02,DRC Systems,Stock,Bullish,16.30,7.38,"01 Apr, 2026",15.18,Apr 15 | 15:58
ALL NSE,LI12,Latteys Industr,Stock,Very Bullish,22.42,7.38,"08 Apr, 2026",20.88,Apr 15 | 15:52
ALL NSE,VTL03,Vilas Transcore,Stock,Very Bullish,414.10,7.35,"02 Apr, 2026",385.75,Apr 15 | 15:55
ALL NSE,GNC,GROWWCAPM,ETF,Bullish,10.81,7.35,"08 Apr, 2026",10.07,Apr 15 | 15:43
ALL NSE,DRPL,Dhara Rail Proj,Stock,Bullish,117.10,7.33,"09 Apr, 2026",109.10,Apr 15 | 15:31
ALL NSE,FAL02,Fractal Analyti,Stock,Bullish,873.95,7.33,"08 Apr, 2026",814.30,Apr 15 | 15:58
ALL NSE,HCI,Hikal,Stock,Bullish,187.55,7.32,"09 Apr, 2026",174.75,Apr 15 | 15:57
ALL NSE,AIL05,ADVAIT ENERGY,Stock,Very Bullish,"1,874.00",7.31,"24 Mar, 2026","1,746.40",Apr 15 | 15:59
ALL NSE,PAI04,Pudumjee Ind,Stock,Bullish,36.29,7.30,"07 Apr, 2026",33.82,Apr 15 | 15:55
ALL NSE,ME12,MIC Electronics,Stock,Bullish,40.68,7.28,"08 Apr, 2026",37.92,Apr 15 | 15:57
ALL NSE,SCT01,Sasken Tech,Stock,Bullish,"1,283.60",7.24,"06 Apr, 2026","1,196.90",Apr 15 | 15:58
ALL NSE,ZHC,Zota Health Car,Stock,Bullish,"1,323.90",7.24,"09 Apr, 2026","1,234.50",Apr 15 | 15:58
ALL NSE,KSL04,Kontor Space,Stock,Very Bullish,75.00,7.22,"09 Apr, 2026",69.95,Apr 15 | 15:40
ALL NSE,VST,VST,Stock,Bullish,238.22,7.22,"09 Apr, 2026",222.18,Apr 15 | 15:53
ALL NSE,AI55,Akash Infraproj,Stock,Very Bullish,27.54,7.20,"07 Apr, 2026",25.69,Apr 15 | 15:50
ALL NSE,ML12,Mahindra Logist,Stock,Very Bullish,409.35,7.19,"08 Apr, 2026",381.90,Apr 15 | 15:55
ALL NSE,NE01,Nahar Poly Film,Stock,Very Bullish,260.34,7.19,"09 Apr, 2026",242.88,Apr 15 | 15:59
ALL NSE,AD05,Future Market,Stock,Bullish,8.96,7.18,"08 Apr, 2026",8.36,Apr 15 | 15:47
ALL NSE,RT08,Rossell India,Stock,Very Bullish,51.04,7.16,"06 Apr, 2026",47.63,Apr 15 | 15:52
ALL NSE,SK02,Stove,Stock,Very Bullish,580.60,7.16,"08 Apr, 2026",541.80,Apr 15 | 15:59
ALL NSE,II23,Ishan Intl.,Stock,Very Bullish,0.75,7.14,"06 Apr, 2026",0.70,Apr 15 | 15:40
ALL NSE,JGP01,Jyoti Global,Stock,Bullish,45.00,7.14,"08 Apr, 2026",42.00,Apr 15 | 15:55
ALL NSE,AS22,Avantel,Stock,Bullish,153.81,7.13,"08 Apr, 2026",143.57,Apr 15 | 15:59
ALL NSE,AV02,Aditya Vision,Stock,Very Bullish,512.75,7.11,"08 Apr, 2026",478.70,Apr 15 | 15:59
ALL NSE,CCS02,Urja Global,Stock,Bullish,10.59,7.08,"08 Apr, 2026",9.89,Apr 15 | 16:00
ALL NSE,ALL04,Ashapura Logist,Stock,Bullish,67.45,7.06,"06 Apr, 2026",63.00,Apr 15 | 15:40
ALL NSE,SCP,Simplex Infra,Stock,Bullish,226.74,7.05,"13 Apr, 2026",211.80,Apr 15 | 15:56
ALL NSE,BP11,Bafna Pharma,Stock,Very Bullish,132.49,7.05,"08 Apr, 2026",123.76,Apr 15 | 15:40
ALL NSE,PP15,Poddar Pigments,Stock,Bullish,250.99,7.04,"07 Apr, 2026",234.48,Apr 15 | 15:52
ALL NSE,RR05,Refex Ind,Stock,Bullish,239.96,7.03,"08 Apr, 2026",224.19,Apr 15 | 15:59
ALL NSE,VISL,Vraj Iron,Stock,Very Bullish,129.19,7.03,"08 Apr, 2026",120.71,Apr 15 | 15:53
ALL NSE,RI29,Ramky Infra,Stock,Very Bullish,510.90,7.03,"08 Apr, 2026",477.35,Apr 15 | 15:59
ALL NSE,BVX,Digjam,Stock,Very Bullish,48.40,7.01,"08 Apr, 2026",45.23,Apr 15 | 15:48
ALL NSE,USM,Uttam Sugar,Stock,Very Bullish,246.58,6.99,"20 Mar, 2026",230.47,Apr 15 | 15:56
ALL NSE,KP12,Kothari Petro,Stock,Bullish,125.63,6.98,"07 Apr, 2026",117.43,Apr 15 | 15:51
ALL NSE,IHL02,Influx Health,Stock,Very Bullish,234.85,6.97,"06 Apr, 2026",219.55,Apr 15 | 15:59
ALL NSE,IEL04,Indian Emulsifi,Stock,Bullish,85.55,6.94,"07 Apr, 2026",80.00,Apr 15 | 15:46
ALL NSE,IRI01,Ingersoll Rand,Stock,Very Bullish,"4,063.70",6.93,"08 Apr, 2026","3,800.40",Apr 15 | 15:55
ALL NSE,CMEESL,Clean Max Envir,Stock,Bullish,918.30,6.93,"09 Apr, 2026",858.80,Apr 15 | 15:58
ALL NSE,SM10,Sanghvi Movers,Stock,Bullish,306.46,6.90,"02 Apr, 2026",286.67,Apr 15 | 15:59
ALL NSE,MOCAP30065,MOCAPITAL,ETF,Very Bullish,51.45,6.88,"08 Apr, 2026",48.14,Apr 15 | 15:55
ALL NSE,BT06,Balaji Telefilm,Stock,Bullish,98.32,6.85,"09 Apr, 2026",92.02,Apr 15 | 15:53
ALL NSE,SP07,Sarla Performan,Stock,Bullish,89.50,6.85,"08 Apr, 2026",83.76,Apr 15 | 15:56
ALL NSE,SE27,Tembo Global,Stock,Bullish,587.90,6.84,"09 Apr, 2026",550.25,Apr 15 | 15:54
ALL NSE,SA03,Shah Alloys,Stock,Very Bullish,70.04,6.82,"08 Apr, 2026",65.57,Apr 15 | 15:49
ALL NSE,CCL05,Chembond Chem,Stock,Very Bullish,153.86,6.82,"07 Apr, 2026",144.03,Apr 15 | 15:57
ALL NSE,SMI,Sandur Manganes,Stock,Very Bullish,207.35,6.75,"08 Apr, 2026",194.24,Apr 15 | 15:59
ALL NSE,GTS,GTL,Stock,Bullish,7.60,6.74,"08 Apr, 2026",7.12,Apr 15 | 16:00
ALL NSE,AMF04,Axis Nifty SDL,ETF,Very Bullish,13.30,6.74,"02 Apr, 2025",12.46,Apr 15 | 15:57
ALL NSE,HTM01,Hinduja Global,Stock,Bullish,411.00,6.73,"08 Apr, 2026",385.10,Apr 15 | 15:57
ALL NSE,CCI08,Cool Caps,Stock,Bullish,32.55,6.72,"10 Apr, 2026",30.50,Apr 15 | 15:40
ALL NSE,HMF,Hilton Metal,Stock,Bullish,26.51,6.72,"30 Mar, 2026",24.84,Apr 15 | 15:52
ALL NSE,VA08,Vardhman Acryli,Stock,Very Bullish,36.88,6.68,"08 Apr, 2026",34.57,Apr 15 | 15:59
ALL NSE,ESF,Equitas Bank,Stock,Very Bullish,65.12,6.68,"08 Apr, 2026",61.04,Apr 15 | 15:56
ALL NSE,MH06,Blue Coast,Stock,Bullish,24.78,6.67,"09 Apr, 2026",23.23,Apr 15 | 15:43
ALL NSE,EI18,Emami Realty ,Stock,Bullish,72.38,6.65,"09 Apr, 2026",67.87,Apr 15 | 15:59
ALL NSE,MMF,MM Forgings,Stock,Very Bullish,464.40,6.64,"08 Apr, 2026",435.50,Apr 15 | 15:54
ALL NSE,NC03,Natural Capsule,Stock,Bullish,166.07,6.61,"10 Apr, 2026",155.78,Apr 15 | 15:45
ALL NSE,OTCL,Optivalue Tek,Stock,Very Bullish,79.95,6.60,"07 Apr, 2026",75.00,Apr 15 | 15:40
ALL NSE,SSW01,Steel Str Wheel,Stock,Bullish,214.77,6.59,"08 Apr, 2026",201.50,Apr 15 | 15:50
ALL NSE,NII04,Naman Ind,Stock,Bullish,58.40,6.57,"09 Apr, 2026",54.80,Apr 15 | 15:47
ALL NSE,S19,Skipper,Stock,Bullish,401.90,6.56,"08 Apr, 2026",377.15,Apr 15 | 15:59
ALL NSE,HEI,Harsha Engineer,Stock,Bullish,381.25,6.52,"10 Apr, 2026",357.90,Apr 15 | 15:59
ALL NSE,M08,SIGMA ADVANCED,Stock,Very Bullish,180.80,6.52,"08 Apr, 2026",169.74,Apr 15 | 15:50
ALL NSE,SME03,Silly Monks Ent,Stock,Bullish,17.47,6.52,"13 Apr, 2026",16.40,Apr 15 | 15:49
ALL NSE,SPI05,SPIC,Stock,Bullish,70.84,6.51,"09 Apr, 2026",66.51,Apr 15 | 15:59
ALL NSE,DT9,Ducon Infratech,Stock,Bullish,3.60,6.51,"07 Apr, 2026",3.38,Apr 15 | 15:58
ALL NSE,MAS,CIEINDIA,Stock,Very Bullish,485.75,6.50,"02 Apr, 2026",456.10,Apr 15 | 15:59
ALL NSE,AE16,Imagicaaworld,Stock,Bullish,47.75,6.49,"07 Apr, 2026",44.84,Apr 15 | 15:53
ALL NSE,SC48,Salona Cotspin,Stock,Very Bullish,282.70,6.49,"25 Feb, 2026",265.47,Apr 15 | 15:46
ALL NSE,PR,Patel Integrate,Stock,Bullish,11.19,6.47,"08 Apr, 2026",10.51,Apr 15 | 15:56
ALL NSE,BRN,Bharat Road Net,Stock,Bullish,21.25,6.46,"07 Apr, 2026",19.96,Apr 15 | 15:45
ALL NSE,SE30,Sansera,Stock,Very Bullish,"2,340.80",6.46,"18 Mar, 2026","2,198.80",Apr 15 | 15:55
ALL NSE,AT14,Aptech,Stock,Bullish,88.34,6.46,"09 Apr, 2026",82.98,Apr 15 | 15:59
ALL NSE,SGL01,Standard Eng,Stock,Very Bullish,134.29,6.45,"06 Apr, 2026",126.15,Apr 15 | 15:31
ALL NSE,NCF,Nahar Capital,Stock,Bullish,250.45,6.43,"08 Apr, 2026",235.32,Apr 15 | 15:55
ALL NSE,JW01,Jindal Worldwid,Stock,Bullish,25.68,6.42,"08 Apr, 2026",24.13,Apr 15 | 15:59
ALL NSE,KIO,KIOCL,Stock,Bullish,366.60,6.42,"01 Apr, 2026",344.50,Apr 15 | 15:59
ALL NSE,OCF,Oswal ChemandFe,Stock,Bullish,29.25,6.40,"08 Apr, 2026",27.49,Apr 15 | 15:58
ALL NSE,APSIL,APS India,Stock,Bullish,366.55,6.40,"07 Apr, 2026",344.50,Apr 15 | 15:47
ALL NSE,GST,Gandhi Spl Tube,Stock,Very Bullish,860.85,6.39,"06 Apr, 2026",809.15,Apr 15 | 15:52
ALL NSE,DC13,Dynamic Cables,Stock,Bullish,314.83,6.38,"08 Apr, 2026",295.95,Apr 15 | 15:52
ALL NSE,N06,Nelcast,Stock,Very Bullish,128.71,6.36,"10 Mar, 2026",121.01,Apr 15 | 15:50
ALL NSE,RIL09,Rajputana Indus,Stock,Bullish,79.50,6.35,"09 Apr, 2026",74.75,Apr 15 | 15:31
ALL NSE,WH03,Wonderla,Stock,Very Bullish,555.90,6.34,"01 Apr, 2026",522.75,Apr 15 | 15:56
ALL NSE,PS04,Pennar Inds,Stock,Bullish,171.46,6.34,"08 Apr, 2026",161.23,Apr 15 | 15:59
ALL NSE,DBT,DSP Top10 Banks,ETF,Bullish,16.80,6.33,"07 Apr, 2026",15.80,Apr 15 | 15:56
ALL NSE,TBZ,Tribhovandas,Stock,Bullish,148.95,6.32,"08 Apr, 2026",140.09,Apr 15 | 15:59
ALL NSE,FIA,Fischer Medical,Stock,Bullish,41.21,6.32,"27 Mar, 2026",38.76,Apr 15 | 15:57
ALL NSE,PS19,Palash Securiti,Stock,Bullish,98.25,6.31,"08 Apr, 2026",92.42,Apr 15 | 15:40
ALL NSE,KKC02,Kewal Kiran,Stock,Very Bullish,487.65,6.28,"09 Apr, 2026",458.85,Apr 15 | 15:41
ALL NSE,BCF04,Bella Casa,Stock,Bullish,298.14,6.27,"08 Apr, 2026",280.55,Apr 15 | 15:40
ALL NSE,PI18,Prakash Ind,Stock,Very Bullish,140.12,6.27,"08 Apr, 2026",131.85,Apr 15 | 15:59
ALL NSE,TT08,Time Techno,Stock,Bullish,191.49,6.26,"08 Apr, 2026",180.21,Apr 15 | 15:58
ALL NSE,GP9,Gulshan Poly,Stock,Very Bullish,171.38,6.25,"06 Apr, 2026",161.30,Apr 15 | 15:59
ALL NSE,UFS02,Usha Financial ,Stock,Very Bullish,34.90,6.24,"08 Apr, 2026",32.85,Apr 15 | 15:42
ALL NSE,SDF04,SVP Global,Stock,Bullish,2.90,6.23,"13 Apr, 2026",2.73,Apr 15 | 15:44
ALL NSE,CL10,J G Chemicals,Stock,Bullish,376.80,6.23,"08 Apr, 2026",354.70,Apr 15 | 15:57
ALL NSE,TSC03,TVS Supply,Stock,Bullish,113.73,6.22,"09 Apr, 2026",107.07,Apr 15 | 15:56
ALL NSE,CM07,Chaman Metallic,Stock,Bullish,112.00,6.21,"13 Apr, 2026",105.45,Apr 15 | 15:40
ALL NSE,GAR,Gokul Agro,Stock,Very Bullish,202.80,6.18,"17 Mar, 2026",191.00,Apr 15 | 15:59
ALL NSE,KI09,Vishnu Chemical,Stock,Very Bullish,538.40,6.16,"02 Apr, 2026",507.15,Apr 15 | 15:57
ALL NSE,VLL,Valiant Laborat,Stock,Bullish,62.81,6.15,"07 Apr, 2026",59.17,Apr 15 | 15:59
ALL NSE,PSW01,Marathon Realty,Stock,Bullish,477.15,6.14,"08 Apr, 2026",449.55,Apr 15 | 15:52
ALL NSE,SO05,Shanti Overseas,Stock,Bullish,7.44,6.13,"07 Apr, 2026",7.01,Apr 15 | 15:55
ALL NSE,NA04,Narmada Agrobas,Stock,Very Bullish,34.45,6.10,"01 Apr, 2026",32.47,Apr 15 | 15:51
ALL NSE,SPM05,SPML Infra,Stock,Bullish,196.44,6.09,"08 Apr, 2026",185.16,Apr 15 | 15:59
ALL NSE,PRL02,Patel Retail,Stock,Bullish,192.46,6.06,"08 Apr, 2026",181.47,Apr 15 | 15:59
ALL NSE,DLI01,D-Link India,Stock,Bullish,428.30,6.04,"07 Apr, 2026",403.90,Apr 15 | 15:59
ALL NSE,SI20,Shreyans Ind,Stock,Bullish,162.10,6.02,"07 Apr, 2026",152.89,Apr 15 | 15:49
ALL NSE,GROWW25758,Groww Defence,ETF,Very Bullish,85.36,6.02,"08 Apr, 2026",80.51,Apr 15 | 15:45
ALL NSE,RRW,Ram Ratna Wires,Stock,Bullish,345.90,6.02,"08 Apr, 2026",326.25,Apr 15 | 15:44
ALL NSE,A09,S P Apparels,Stock,Very Bullish,768.55,6.01,"01 Apr, 2026",725.00,Apr 15 | 15:53
ALL NSE,SEP02,Sampann Utpadan,Stock,Very Bullish,31.76,6.01,"09 Apr, 2026",29.96,Apr 15 | 15:46
ALL NSE,MRO,Umiya Buildcon,Stock,Very Bullish,88.70,6.01,"09 Apr, 2026",83.67,Apr 15 | 15:48
ALL NSE,AHE01,Asian Hotel (E),Stock,Very Bullish,159.87,5.98,"01 Apr, 2026",150.85,Apr 15 | 15:31
ALL NSE,AVT,AVT Natural,Stock,Bullish,66.69,5.97,"10 Apr, 2026",62.93,Apr 15 | 15:56
ALL NSE,SS49,Subex,Stock,Bullish,9.44,5.95,"08 Apr, 2026",8.91,Apr 15 | 15:56
ALL NSE,KI08,Kesoram,Stock,Very Bullish,9.98,5.94,"06 Apr, 2026",9.42,Apr 15 | 15:59
ALL NSE,SPL09,Silkflex Poly,Stock,Very Bullish,133.00,5.93,"07 Apr, 2026",125.55,Apr 15 | 15:31
ALL NSE,VEL,Vikran Engineer,Stock,Bullish,69.61,5.92,"09 Apr, 2026",65.72,Apr 15 | 15:59
ALL NSE,TIL06,TAC Infosec,Stock,Bullish,561.90,5.91,"06 Apr, 2026",530.55,Apr 15 | 15:58
ALL NSE,ARA,Affordable Robo,Stock,Bullish,186.76,5.91,"13 Apr, 2026",176.34,Apr 15 | 15:51
ALL NSE,RI21,Rubfila Intl,Stock,Bullish,69.81,5.90,"08 Apr, 2026",65.92,Apr 15 | 15:52
ALL NSE,WWI,Siti Networks,Stock,Bullish,0.36,5.88,"10 Apr, 2026",0.34,Apr 15 | 15:47
ALL NSE,ATI03,Goyal Aluminium,Stock,Bullish,7.23,5.86,"08 Apr, 2026",6.83,Apr 15 | 15:45
ALL NSE,ENI,Ent Network Ind,Stock,Very Bullish,115.35,5.85,"13 Apr, 2026",108.97,Apr 15 | 15:57
ALL NSE,BFS,Basilic Fly,Stock,Bullish,234.80,5.84,"07 Apr, 2026",221.85,Apr 15 | 15:50
ALL NSE,IIL06,iValue Infosolu,Stock,Bullish,252.61,5.84,"07 Apr, 2026",238.68,Apr 15 | 15:48
ALL NSE,CUBEI15078,CUBEINVIT,Stock,Bullish,147.10,5.83,"14 Jan, 2026",138.99,Apr 15 | 15:31
ALL NSE,EKC,Everest Kanto,Stock,Bullish,118.19,5.83,"10 Apr, 2026",111.68,Apr 15 | 15:59
ALL NSE,OL03,OCCL,Stock,Bullish,97.17,5.82,"08 Apr, 2026",91.83,Apr 15 | 15:42
ALL NSE,GIP,Guj Ind Power,Stock,Bullish,146.89,5.81,"10 Apr, 2026",138.83,Apr 15 | 15:59
ALL NSE,NT,Country Condos,Stock,Very Bullish,5.28,5.81,"09 Apr, 2026",4.99,Apr 15 | 15:53
ALL NSE,BAG,BAG Films,Stock,Bullish,5.46,5.81,"09 Apr, 2026",5.16,Apr 15 | 15:45
ALL NSE,TTL02,TECHLABS,Stock,Bullish,235.60,5.79,"10 Apr, 2026",222.70,Apr 15 | 15:49
ALL NSE,CE06,Ausom Enterp,Stock,Bullish,108.44,5.76,"09 Apr, 2026",102.53,Apr 15 | 15:52
ALL NSE,MAB01,MA Defence ETF,ETF,Bullish,70.39,5.75,"08 Apr, 2026",66.56,Apr 15 | 15:55
ALL NSE,SR01,Surya Roshni,Stock,Bullish,235.28,5.69,"13 Apr, 2026",222.61,Apr 15 | 15:59
ALL NSE,PP,Huhtamaki India,Stock,Bullish,185.46,5.66,"08 Apr, 2026",175.53,Apr 15 | 15:48
ALL NSE,DC05,Diamond Power,Stock,Bullish,141.27,5.66,"08 Apr, 2026",133.70,Apr 15 | 15:58
ALL NSE,GES02,GP Eco Solution,Stock,Bullish,379.65,5.66,"07 Apr, 2026",359.30,Apr 15 | 15:31
ALL NSE,PII03,Pilani Invest,Stock,Bullish,"4,856.90",5.65,"10 Apr, 2026","4,597.20",Apr 15 | 15:58
ALL NSE,JBM01,Auto Stampings,Stock,Very Bullish,469.10,5.63,"08 Apr, 2026",444.10,Apr 15 | 15:56
ALL NSE,JHS01,JHS Svendgaard,Stock,Bullish,9.20,5.63,"09 Apr, 2026",8.71,Apr 15 | 15:58
ALL NSE,AHF01,Ashiana Housing,Stock,Very Bullish,327.70,5.62,"07 Apr, 2026",310.25,Apr 15 | 15:43
ALL NSE,SIS07,SIS,Stock,Bullish,318.30,5.62,"09 Apr, 2026",301.35,Apr 15 | 15:56
ALL NSE,GA07,SHAH METACORP,Stock,Very Bullish,5.08,5.61,"02 Apr, 2026",4.81,Apr 15 | 15:53
ALL NSE,HFI,Heritage Foods,Stock,Bullish,356.85,5.58,"10 Apr, 2026",338.00,Apr 15 | 15:56
ALL NSE,MO,Maral Overseas,Stock,Bullish,45.00,5.56,"08 Apr, 2026",42.63,Apr 15 | 15:54
ALL NSE,IRS,Indo Rama Synth,Stock,Bullish,39.16,5.55,"13 Apr, 2026",37.10,Apr 15 | 15:53
ALL NSE,SSF08,Suryoday Small,Stock,Very Bullish,139.26,5.54,"06 Apr, 2026",131.95,Apr 15 | 15:59
ALL NSE,DD01,Dangee Dums,Stock,Very Bullish,3.24,5.54,"02 Apr, 2026",3.07,Apr 15 | 15:54
ALL NSE,M02,Mukand,Stock,Very Bullish,135.73,5.53,"07 Apr, 2026",128.62,Apr 15 | 15:54
ALL NSE,S16,Ujaas Energy,Stock,Very Bullish,164.61,5.53,"09 Apr, 2026",155.99,Apr 15 | 15:54
ALL NSE,TPP,Texmo Pipes,Stock,Bullish,47.59,5.52,"10 Apr, 2026",45.10,Apr 15 | 15:59
ALL NSE,A12,Airan,Stock,Bullish,17.24,5.51,"08 Apr, 2026",16.34,Apr 15 | 15:41
ALL NSE,SP43,Shriram Propert,Stock,Bullish,79.53,5.51,"08 Apr, 2026",75.38,Apr 15 | 15:58
ALL NSE,TS11,Tanla Platforms,Stock,Bullish,480.40,5.49,"08 Apr, 2026",455.40,Apr 15 | 15:59
ALL NSE,RMW,Radaan Media,Stock,Bullish,3.27,5.48,"06 Apr, 2026",3.10,Apr 15 | 15:51
ALL NSE,PC13,Rain Industries,Stock,Bullish,127.13,5.48,"09 Apr, 2026",120.52,Apr 15 | 15:59
ALL NSE,MIL16,MMP Industries,Stock,Bullish,248.35,5.46,"09 Apr, 2026",235.49,Apr 15 | 15:43
ALL NSE,OGP,Orient Green,Stock,Bullish,10.43,5.46,"08 Apr, 2026",9.89,Apr 15 | 15:57
ALL NSE,HEP,HPL Electric & ,Stock,Bullish,338.70,5.45,"08 Apr, 2026",321.20,Apr 15 | 15:58
ALL NSE,ISFCL,India Shelter,Stock,Bullish,794.80,5.44,"25 Mar, 2026",753.80,Apr 15 | 15:59
ALL NSE,BHL02,Bajaj Health,Stock,Bullish,355.95,5.44,"10 Apr, 2026",337.60,Apr 15 | 15:58
ALL NSE,GN5,Groww Nifty50,ETF,Bullish,9.73,5.42,"06 Apr, 2026",9.23,Apr 15 | 15:49
ALL NSE,SIS08,Share India,Stock,Bullish,147.19,5.42,"08 Apr, 2026",139.62,Apr 15 | 15:59
ALL NSE,SPM04,Star Paper,Stock,Bullish,147.90,5.36,"10 Apr, 2026",140.37,Apr 15 | 15:59
ALL NSE,RC12,Rupa and Comp,Stock,Bullish,141.83,5.36,"08 Apr, 2026",134.61,Apr 15 | 15:59
ALL NSE,TRE02,Transindia Real,Stock,Very Bullish,26.58,5.35,"18 Mar, 2026",25.23,Apr 15 | 15:53
ALL NSE,FOI,Fine Organics,Stock,Very Bullish,"4,641.80",5.33,"07 Apr, 2026","4,406.90",Apr 15 | 15:56
ALL NSE,GAE01,Gujarat Apollo,Stock,Very Bullish,444.30,5.32,"02 Apr, 2026",421.85,Apr 15 | 15:43
ALL NSE,VIS01,Vinsys IT,Stock,Bullish,336.95,5.30,"09 Apr, 2026",320.00,Apr 15 | 15:40
ALL NSE,MSP,MSP Steel,Stock,Very Bullish,34.98,5.30,"06 Apr, 2026",33.22,Apr 15 | 15:45
ALL NSE,TIL08,TSC India,Stock,Bullish,38.75,5.30,"08 Apr, 2026",36.80,Apr 15 | 15:31
ALL NSE,PPP,AMJ Land ,Stock,Bullish,43.20,5.29,"07 Apr, 2026",41.03,Apr 15 | 15:59
ALL NSE,REL01,Rulka Elec.,Stock,Bullish,99.95,5.27,"09 Apr, 2026",94.95,Apr 15 | 15:43
ALL NSE,JBM,Jay BharatMarut,Stock,Bullish,93.08,5.27,"09 Apr, 2026",88.42,Apr 15 | 15:59
ALL NSE,NAC02,Ndr Auto Compon,Stock,Bullish,753.00,5.26,"09 Apr, 2026",715.35,Apr 15 | 15:47
ALL NSE,CEL02,Chetana Edu,Stock,Bullish,41.05,5.26,"08 Apr, 2026",39.00,Apr 15 | 15:41
ALL NSE,SF18,Syncom Formula,Stock,Bullish,13.80,5.26,"08 Apr, 2026",13.11,Apr 15 | 15:59
ALL NSE,HS,Himatsingka Sei,Stock,Bullish,91.66,5.26,"09 Apr, 2026",87.08,Apr 15 | 15:59
ALL NSE,EFI01,Electro Force,Stock,Bullish,29.00,5.26,"08 Apr, 2026",27.55,Apr 15 | 15:31
ALL NSE,SMC05,SEL Mgf Company,Stock,Very Bullish,32.58,5.23,"08 Apr, 2026",30.96,Apr 15 | 15:55
ALL NSE,SLDRL,Sri Lotus Devel,Stock,Bullish,142.99,5.22,"08 Apr, 2026",135.89,Apr 15 | 15:59
ALL NSE,EN,E2E Networks,Stock,Very Bullish,"2,591.90",5.22,"08 Apr, 2026","2,463.30",Apr 15 | 15:58
ALL NSE,SRH02,Sree Rayalaseem,Stock,Bullish,475.45,5.21,"10 Apr, 2026",451.90,Apr 15 | 15:53
ALL NSE,CCL04,S Chand and Co,Stock,Bullish,161.58,5.20,"08 Apr, 2026",153.60,Apr 15 | 15:59
ALL NSE,IFG,IFGL Refractory,Stock,Bullish,177.60,5.18,"09 Apr, 2026",168.86,Apr 15 | 15:56
ALL NSE,SHP,Honda India PP,Stock,Bullish,"2,239.00",5.17,"09 Apr, 2026","2,129.00",Apr 15 | 15:56
ALL NSE,GREEN54285,Greenpanel Ind,Stock,Bullish,211.17,5.15,"09 Apr, 2026",200.82,Apr 15 | 15:50
ALL NSE,U02,Utssav CZ Gold ,Stock,Very Bullish,230.15,5.14,"08 Apr, 2026",218.90,Apr 15 | 15:55
ALL NSE,TE13,Thejo Engg,Stock,Very Bullish,"1,786.50",5.14,"13 Apr, 2026","1,699.10",Apr 15 | 15:58
ALL NSE,TLL01,Transrail Light,Stock,Bullish,558.70,5.12,"08 Apr, 2026",531.50,Apr 15 | 15:59
ALL NSE,TE10,Triveni Engg,Stock,Very Bullish,389.25,5.12,"24 Mar, 2026",370.30,Apr 15 | 15:59
ALL NSE,SO01,Kohinoor Foods,Stock,Bullish,25.44,5.12,"09 Apr, 2026",24.20,Apr 15 | 15:49
ALL NSE,OA01,Orient Abrasive,Stock,Very Bullish,42.18,5.11,"07 Apr, 2026",40.13,Apr 15 | 15:41
ALL NSE,AC16,Andhra Cement,Stock,Bullish,57.42,5.11,"09 Apr, 2026",54.63,Apr 15 | 15:47
ALL NSE,ITS,Indo Thai Secu,Stock,Bullish,284.65,5.10,"24 Mar, 2026",270.85,Apr 15 | 15:57
ALL NSE,WIML,WeWork India,Stock,Bullish,503.95,5.08,"10 Apr, 2026",479.60,Apr 15 | 15:50
ALL NSE,WL02,Womancart,Stock,Bullish,193.25,5.06,"08 Apr, 2026",183.95,Apr 15 | 15:57
ALL NSE,TAC,Talbros Auto,Stock,Bullish,266.71,5.04,"08 Apr, 2026",253.91,Apr 15 | 15:59
ALL NSE,PO,Wanbury,Stock,Very Bullish,264.43,5.00,"13 Apr, 2026",251.84,Apr 15 | 15:48
ALL NSE,JJT,Jay Jalaram,Stock,Bullish,120.85,5.00,"13 Apr, 2026",115.10,Apr 15 | 15:40
ALL NSE,RE07,Rajesh Exports,Stock,Bullish,121.00,5.00,"13 Apr, 2026",115.24,Apr 15 | 15:55
ALL NSE,BCP,Biofil Chem,Stock,Bullish,34.73,4.99,"08 Apr, 2026",33.08,Apr 15 | 15:52
ALL NSE,NRA,NR Agarwal,Stock,Very Bullish,468.85,4.99,"10 Apr, 2026",446.55,Apr 15 | 15:50
ALL NSE,OMM01,Owais Metal and,Stock,Bullish,149.80,4.98,"13 Apr, 2026",142.70,Apr 15 | 15:56
ALL NSE,ADP,Aarey Drugs,Stock,Very Bullish,75.02,4.98,"13 Apr, 2026",71.46,Apr 15 | 16:00
ALL NSE,SOLAR54154,SOLARA ACTIVE P,Stock,Bullish,492.45,4.97,"07 Apr, 2026",469.15,Apr 15 | 15:59
ALL NSE,ALTL,Addictive Learn,Stock,Bullish,88.85,4.96,"13 Apr, 2026",84.65,Apr 15 | 15:40
ALL NSE,HO02,Holmarc Opto Me,Stock,Bullish,87.90,4.96,"13 Apr, 2026",83.75,Apr 15 | 15:31
ALL NSE,KI24,Kamdhenu,Stock,Bullish,22.67,4.95,"09 Apr, 2026",21.60,Apr 15 | 15:52
ALL NSE,AF02,Optiemus Infra,Stock,Bullish,396.45,4.94,"10 Apr, 2026",377.80,Apr 15 | 15:58
ALL NSE,RE11,Rudrabhishek En,Stock,Bullish,84.82,4.92,"07 Apr, 2026",80.84,Apr 15 | 15:46
ALL NSE,KEL05,Konstelec,Stock,Bullish,40.60,4.91,"13 Apr, 2026",38.70,Apr 15 | 15:47
ALL NSE,ST08,Suyog Tele,Stock,Very Bullish,806.80,4.91,"08 Apr, 2026",769.05,Apr 15 | 15:58
ALL NSE,RRL04,Rubicon Researc,Stock,Very Bullish,821.30,4.90,"20 Mar, 2026",782.95,Apr 15 | 15:59
ALL NSE,JP12,JagranPrakashan,Stock,Bullish,68.06,4.90,"07 Apr, 2026",64.88,Apr 15 | 15:59
ALL NSE,CAP,ORIENTAL AROMAT,Stock,Bullish,283.60,4.89,"10 Apr, 2026",270.37,Apr 15 | 15:51
ALL NSE,GAIL,Gurunanak Agric,Stock,Bullish,31.25,4.87,"08 Apr, 2026",29.80,Apr 15 | 15:48
ALL NSE,SIP,Sadbhav Infra,Stock,Bullish,3.02,4.86,"13 Apr, 2026",2.88,Apr 15 | 15:59
ALL NSE,GLF01,Guj Lease Fin,Stock,Bullish,4.96,4.86,"13 Apr, 2026",4.73,Apr 15 | 15:59
ALL NSE,MOF,Cera Sanitary,Stock,Bullish,"5,299.00",4.86,"08 Apr, 2026","5,053.40",Apr 15 | 15:55
ALL NSE,CTL03,Cedaar Textile,Stock,Bullish,28.05,4.86,"13 Apr, 2026",26.75,Apr 15 | 15:40
ALL NSE,KV04,KAMOPAINTS,Stock,Bullish,5.62,4.85,"08 Apr, 2026",5.36,Apr 15 | 15:53
ALL NSE,KOE,Kirloskar Ind,Stock,Bullish,"3,117.20",4.84,"08 Apr, 2026","2,973.20",Apr 15 | 15:45
ALL NSE,EDC,Energy Dev,Stock,Bullish,17.10,4.84,"10 Apr, 2026",16.31,Apr 15 | 15:51
ALL NSE,RE,Rajoo Engineers,Stock,Bullish,65.12,4.83,"08 Apr, 2026",62.12,Apr 15 | 15:59
ALL NSE,PDE,Phantom Digital,Stock,Bullish,209.95,4.82,"08 Apr, 2026",200.30,Apr 15 | 15:50
ALL NSE,BWR01,Bharat Wire Rop,Stock,Bullish,180.10,4.81,"08 Apr, 2026",171.84,Apr 15 | 15:59
ALL NSE,PTC01,PTC India,Stock,Bullish,175.37,4.81,"01 Apr, 2026",167.32,Apr 15 | 15:59
ALL NSE,RR10,Rolex,Stock,Very Bullish,133.96,4.80,"08 Apr, 2026",127.83,Apr 15 | 15:57
ALL NSE,SE22,Shemaroo Ent,Stock,Bullish,103.56,4.80,"09 Apr, 2026",98.82,Apr 15 | 15:53
ALL NSE,RGW,Rajratan Global,Stock,Bullish,419.90,4.78,"10 Apr, 2026",400.75,Apr 15 | 15:59
ALL NSE,UMI03,UFO Moviez,Stock,Bullish,70.88,4.77,"08 Apr, 2026",67.65,Apr 15 | 15:53
ALL NSE,PPP04,Pudumjee Paper ,Stock,Very Bullish,87.44,4.77,"08 Apr, 2026",83.46,Apr 15 | 15:52
ALL NSE,JIS03,JISL,Stock,Bullish,23.99,4.76,"08 Apr, 2026",22.90,Apr 15 | 15:40
ALL NSE,D06,Delaplex,Stock,Bullish,108.95,4.76,"08 Apr, 2026",104.00,Apr 15 | 15:53
ALL NSE,AME02,A2Z Infra Eng,Stock,Very Bullish,17.22,4.74,"07 Apr, 2026",16.44,Apr 15 | 15:59
ALL NSE,GS04,U. Y. Fincorp,Stock,Very Bullish,14.35,4.74,"08 Apr, 2026",13.70,Apr 15 | 15:49
ALL NSE,MP22,Mono Pharmacare,Stock,Bullish,13.30,4.72,"13 Apr, 2026",12.70,Apr 15 | 15:40
ALL NSE,MON02,MO Nifty Realt,ETF,Bullish,77.68,4.69,"09 Apr, 2026",74.20,Apr 15 | 15:59
ALL NSE,IT07,Ideaforge Tech,Stock,Bullish,457.10,4.68,"10 Apr, 2026",436.65,Apr 15 | 15:58
ALL NSE,C96,5paisa Capita,Stock,Bullish,314.57,4.68,"09 Apr, 2026",300.50,Apr 15 | 15:57
ALL NSE,SG04,Shanthi Gears,Stock,Bullish,478.40,4.67,"06 Apr, 2026",457.05,Apr 15 | 15:54
ALL NSE,DGCON54268,Digicontent,Stock,Bullish,28.69,4.67,"07 Apr, 2026",27.41,Apr 15 | 15:45
ALL NSE,MHS01,Medplus Health,Stock,Very Bullish,873.20,4.67,"25 Mar, 2026",834.25,Apr 15 | 15:44
ALL NSE,OI14,Omfurn India,Stock,Very Bullish,58.40,4.66,"09 Apr, 2026",55.80,Apr 15 | 15:41
ALL NSE,ME21,Marine Electric,Stock,Very Bullish,200.84,4.66,"08 Apr, 2026",191.89,Apr 15 | 15:52
ALL NSE,ITF,Indian Terrain,Stock,Very Bullish,33.26,4.66,"07 Apr, 2026",31.78,Apr 15 | 15:53
ALL NSE,TIL07,Trom Industries,Stock,Bullish,72.95,4.66,"08 Apr, 2026",69.70,Apr 15 | 15:43
ALL NSE,PFI,Future Ent,Stock,Bullish,0.45,4.65,"10 Apr, 2026",0.43,Apr 15 | 15:56
ALL NSE,RNP01,Shree Rama News,Stock,Very Bullish,35.04,4.63,"10 Apr, 2026",33.49,Apr 15 | 15:45
ALL NSE,ATI02,Agri-Tech,Stock,Bullish,121.46,4.63,"09 Apr, 2026",116.09,Apr 15 | 15:47
ALL NSE,IIF01,IndiGrid Infra,Stock,Very Bullish,172.76,4.61,"24 Mar, 2026",165.14,Apr 15 | 15:49
ALL NSE,NL01,Nectar Life,Stock,Bullish,12.29,4.60,"10 Apr, 2026",11.75,Apr 15 | 15:59
ALL NSE,FLF01,Future Life,Stock,Very Bullish,1.37,4.58,"09 Apr, 2026",1.31,Apr 15 | 15:41
ALL NSE,BS03,Bharat Seats,Stock,Very Bullish,184.81,4.58,"08 Apr, 2026",176.72,Apr 15 | 15:58
ALL NSE,VI17,Vaswani Ind,Stock,Very Bullish,57.85,4.57,"08 Apr, 2026",55.32,Apr 15 | 15:51
ALL NSE,IDL02,Invicta Diagnos,Stock,Very Bullish,73.20,4.57,"01 Apr, 2026",70.00,Apr 15 | 15:40
ALL NSE,VSC01,Veto Switch,Stock,Bullish,104.82,4.57,"10 Apr, 2026",100.24,Apr 15 | 15:53
ALL NSE,HI09,BIRLANU,Stock,Bullish,"1,486.20",4.55,"09 Apr, 2026","1,421.50",Apr 15 | 15:58
ALL NSE,IGT,Integra Essenti,Stock,Bullish,1.38,4.55,"09 Apr, 2026",1.32,Apr 15 | 15:59
ALL NSE,PIF02,PTC India Fin,Stock,Bullish,30.41,4.54,"10 Apr, 2026",29.09,Apr 15 | 15:59
ALL NSE,AE19,AKG Exim,Stock,Bullish,11.51,4.54,"09 Apr, 2026",11.01,Apr 15 | 15:50
ALL NSE,DT05,Dynamatic Tech,Stock,Very Bullish,"10,370.00",4.54,"08 Apr, 2026","9,920.00",Apr 15 | 15:52
ALL NSE,PPL54268,PPL,Stock,Bullish,214.60,4.54,"08 Apr, 2026",205.29,Apr 15 | 15:52
ALL NSE,VST02,Vibhor Steel,Stock,Bullish,119.00,4.51,"08 Apr, 2026",113.87,Apr 15 | 15:52
ALL NSE,EOP,Embassy Office ,Stock,Very Bullish,449.36,4.51,"02 Apr, 2026",429.97,Apr 15 | 15:58
ALL NSE,NGL,NGL Fine Chem,Stock,Very Bullish,"2,323.70",4.51,"06 Apr, 2026","2,223.50",Apr 15 | 15:42
ALL NSE,MI36,MBL Infra,Stock,Bullish,26.93,4.50,"08 Apr, 2026",25.77,Apr 15 | 15:47
ALL NSE,YOL,Yash Optics & L,Stock,Very Bullish,121.00,4.49,"06 Apr, 2026",115.80,Apr 15 | 15:50
ALL NSE,MRI03,MCON Rasayan,Stock,Bullish,52.50,4.48,"07 Apr, 2026",50.25,Apr 15 | 15:40
ALL NSE,TRF,TRF,Stock,Bullish,266.80,4.48,"08 Apr, 2026",255.35,Apr 15 | 15:50
ALL NSE,IN01,Indo-National,Stock,Very Bullish,332.90,4.47,"08 Apr, 2026",318.65,Apr 15 | 15:47
ALL NSE,BA05,Balaji Amines,Stock,Bullish,"1,130.75",4.47,"13 Apr, 2026","1,082.40",Apr 15 | 15:59
ALL NSE,DD03,Drone,Stock,Bullish,52.60,4.47,"08 Apr, 2026",50.35,Apr 15 | 15:40
ALL NSE,DTS01,Durlax Top Surf,Stock,Very Bullish,50.40,4.46,"27 Feb, 2026",48.25,Apr 15 | 15:31
ALL NSE,FAE,Freshara Agro,Stock,Very Bullish,194.55,4.46,"07 Apr, 2026",186.25,Apr 15 | 15:40
ALL NSE,GF07,GFL,Stock,Bullish,47.39,4.45,"10 Apr, 2026",45.37,Apr 15 | 15:55
ALL NSE,NIE04,Nipp Nifty SDL,ETF,Bullish,137.46,4.44,"09 Jul, 2025",131.62,Apr 15 | 15:31
ALL NSE,CGSIL,Creative Graphi,Stock,Bullish,170.45,4.44,"02 Apr, 2026",163.20,Apr 15 | 15:59
ALL NSE,PEC,Patel Eng,Stock,Bullish,27.63,4.42,"08 Apr, 2026",26.46,Apr 15 | 15:58
ALL NSE,SSL14,Sigma Solve,Stock,Bullish,46.03,4.42,"09 Apr, 2026",44.08,Apr 15 | 15:31
ALL NSE,AI10,Alphageo,Stock,Very Bullish,238.20,4.41,"07 Apr, 2026",228.14,Apr 15 | 15:57
ALL NSE,ZE01,Zodiac Energy,Stock,Very Bullish,287.94,4.39,"08 Apr, 2026",275.83,Apr 15 | 15:56
ALL NSE,UL02,Unichem Labs,Stock,Bullish,346.95,4.39,"09 Apr, 2026",332.35,Apr 15 | 15:58
ALL NSE,UI20,Udayshivakumar,Stock,Bullish,24.70,4.35,"13 Apr, 2026",23.67,Apr 15 | 15:58
ALL NSE,NC12,Neogen,Stock,Very Bullish,"1,448.70",4.34,"13 Apr, 2026","1,388.40",Apr 15 | 15:59
ALL NSE,SE29,SBC Exports,Stock,Very Bullish,33.01,4.33,"07 Apr, 2026",31.64,Apr 15 | 15:58
ALL NSE,EGJ,Alankit,Stock,Bullish,9.15,4.33,"07 Apr, 2026",8.77,Apr 15 | 15:53
ALL NSE,RP25,Ruchira Papers,Stock,Bullish,114.83,4.32,"08 Apr, 2026",110.08,Apr 15 | 15:53
ALL NSE,UI18,Univastu India,Stock,Very Bullish,69.35,4.30,"08 Apr, 2026",66.49,Apr 15 | 15:53
ALL NSE,LI05,Lumax Inds,Stock,Very Bullish,"5,475.00",4.27,"08 Apr, 2026","5,251.00",Apr 15 | 15:57
ALL NSE,BCL09,Brand Concepts,Stock,Bullish,259.81,4.27,"10 Apr, 2026",249.18,Apr 15 | 15:53
ALL NSE,NR,NELCO,Stock,Bullish,661.10,4.26,"08 Apr, 2026",634.10,Apr 15 | 15:59
ALL NSE,MVGJL,Manoj Vaibhav G,Stock,Bullish,173.18,4.26,"08 Apr, 2026",166.10,Apr 15 | 15:59
ALL NSE,IMR,ICE Make Refrig,Stock,Bullish,816.30,4.26,"10 Apr, 2026",782.95,Apr 15 | 15:48
ALL NSE,MAN12,MA Energy ETF,ETF,Bullish,38.16,4.26,"08 Apr, 2026",36.60,Apr 15 | 15:59
ALL NSE,BS15,Borosil Sci,Stock,Bullish,115.93,4.26,"02 Apr, 2026",111.19,Apr 15 | 15:59
ALL NSE,EL02,EMS L,Stock,Bullish,321.43,4.25,"08 Apr, 2026",308.33,Apr 15 | 15:54
ALL NSE,PA,Premier,Stock,Bullish,3.20,4.23,"08 Apr, 2026",3.07,Apr 15 | 15:52
ALL NSE,ASL09,Aarti Surfactan,Stock,Bullish,407.80,4.22,"08 Apr, 2026",391.30,Apr 15 | 15:58
ALL NSE,ZPO,Zaggle Prepaid,Stock,Bullish,261.53,4.22,"08 Apr, 2026",250.94,Apr 15 | 15:58
ALL NSE,TFC,Tourism Finance,Stock,Very Bullish,70.22,4.21,"08 Apr, 2026",67.38,Apr 15 | 15:56
ALL NSE,MON06,MOENERGY,ETF,Bullish,38.19,4.20,"08 Apr, 2026",36.65,Apr 15 | 15:53
ALL NSE,VSG,Vardhman Hold,Stock,Bullish,"3,373.10",4.20,"06 Apr, 2026","3,237.00",Apr 15 | 15:31
ALL NSE,ACI12,Ahluwalia,Stock,Bullish,817.35,4.16,"13 Apr, 2026",784.70,Apr 15 | 15:51
ALL NSE,RM09,Rajnandini Meta,Stock,Bullish,4.02,4.15,"07 Apr, 2026",3.86,Apr 15 | 15:50
ALL NSE,DB03,Dilip Buildcon,Stock,Bullish,453.65,4.14,"10 Apr, 2026",435.60,Apr 15 | 15:59
ALL NSE,SSC02,Sukhjit Starch,Stock,Very Bullish,178.18,4.14,"08 Apr, 2026",171.09,Apr 15 | 15:44
ALL NSE,OC04,Oricon Ent,Stock,Very Bullish,68.62,4.13,"02 Apr, 2026",65.90,Apr 15 | 15:54
ALL NSE,MPL05,Mukka Proteins,Stock,Bullish,23.23,4.12,"09 Apr, 2026",22.31,Apr 15 | 15:57
ALL NSE,GS18,Ganges Securiti,Stock,Bullish,126.97,4.11,"09 Apr, 2026",121.96,Apr 15 | 15:31
ALL NSE,RTT,Rategain Travel,Stock,Bullish,574.50,4.09,"08 Apr, 2026",551.95,Apr 15 | 15:52
ALL NSE,RCV02,Reliance Comm,Stock,Bullish,1.02,4.08,"09 Apr, 2026",0.98,Apr 15 | 15:50
ALL NSE,SI36,Standard Ind,Stock,Bullish,15.31,4.08,"10 Apr, 2026",14.71,Apr 15 | 15:59
ALL NSE,SME02,Pritika Auto,Stock,Bullish,13.51,4.08,"08 Apr, 2026",12.98,Apr 15 | 15:56
ALL NSE,BCI01,Bhagiradh Chem,Stock,Very Bullish,218.91,4.08,"06 Apr, 2026",210.32,Apr 15 | 15:59
ALL NSE,PIL08,Platinum Indust,Stock,Bullish,217.55,4.04,"09 Apr, 2026",209.10,Apr 15 | 15:59
ALL NSE,RF14,Suraj,Stock,Very Bullish,268.80,4.03,"01 Apr, 2026",258.39,Apr 15 | 15:55
ALL NSE,HNSL,HRH Next,Stock,Bullish,28.40,4.03,"13 Apr, 2026",27.30,Apr 15 | 15:31
ALL NSE,RBL02,Rajputana Bio,Stock,Bullish,234.75,4.03,"13 Apr, 2026",225.65,Apr 15 | 15:49
ALL NSE,ADS01,Allied Digital,Stock,Bullish,117.75,4.02,"08 Apr, 2026",113.20,Apr 15 | 15:59
ALL NSE,MOINF75703,MOINFRA,Stock,Very Bullish,61.94,4.01,"08 Apr, 2026",59.55,Apr 15 | 15:31
ALL NSE,HFL,HF,Stock,Very Bullish,517.10,3.98,"24 Mar, 2026",497.30,Apr 15 | 15:52
ALL NSE,PVSL,Popular Vehicle,Stock,Bullish,100.25,3.98,"07 Apr, 2026",96.41,Apr 15 | 15:56
ALL NSE,GROWW29527,GROWWRAIL,ETF,Bullish,31.90,3.98,"09 Apr, 2026",30.68,Apr 15 | 15:59
ALL NSE,IL05,V R Infraspace,Stock,Bullish,162.75,3.96,"10 Apr, 2026",156.55,Apr 15 | 15:31
ALL NSE,PO03,Pondy Oxides,Stock,Bullish,"1,209.10",3.96,"08 Apr, 2026","1,163.00",Apr 15 | 15:59
ALL NSE,MAN11,INFRA,ETF,Bullish,11.54,3.96,"09 Apr, 2026",11.10,Apr 15 | 15:31
ALL NSE,TPL,Tamilnadu Petro,Stock,Bullish,91.12,3.94,"09 Apr, 2026",87.67,Apr 15 | 15:59
ALL NSE,JTL01,JTL Ind.,Stock,Very Bullish,68.39,3.94,"09 Apr, 2026",65.80,Apr 15 | 15:58
ALL NSE,LC07,Laxmi Cotspin,Stock,Bullish,15.58,3.94,"10 Apr, 2026",14.99,Apr 15 | 15:47
ALL NSE,GNM,GROWWMETAL,ETF,Bullish,11.91,3.93,"08 Apr, 2026",11.46,Apr 15 | 15:51
ALL NSE,ZIL,Z-Tech India,Stock,Bullish,559.15,3.93,"07 Apr, 2026",538.00,Apr 15 | 15:31
ALL NSE,CTI02,Capillary Tech,Stock,Bullish,566.25,3.93,"09 Apr, 2026",544.85,Apr 15 | 15:58
ALL NSE,MIDSM23855,Mirae NiftyMid,ETF,Very Bullish,48.62,3.91,"08 Apr, 2026",46.79,Apr 15 | 15:52
ALL NSE,DPS,DPSC,Stock,Bullish,9.30,3.91,"09 Apr, 2026",8.95,Apr 15 | 15:50
ALL NSE,AD06,Alcokraft Disti,Stock,Bullish,80.00,3.90,"10 Apr, 2026",77.00,Apr 15 | 15:45
ALL NSE,JSL01,Jeena Sikho,Stock,Very Bullish,681.15,3.90,"08 Apr, 2026",655.60,Apr 15 | 15:59
ALL NSE,VF10,Vedant Fashions,Stock,Bullish,434.35,3.89,"13 Apr, 2026",418.10,Apr 15 | 15:59
ALL NSE,CTE,Cambridge Tech,Stock,Bullish,30.91,3.86,"07 Apr, 2026",29.76,Apr 15 | 15:53
ALL NSE,TC07,Thirumalai Chem,Stock,Bullish,195.48,3.85,"10 Apr, 2026",188.24,Apr 15 | 15:59
ALL NSE,HMV,Hindustan Media,Stock,Bullish,70.04,3.84,"10 Apr, 2026",67.45,Apr 15 | 15:57
ALL NSE,SC47,Sharda Crop,Stock,Very Bullish,"1,092.70",3.83,"08 Apr, 2026","1,052.40",Apr 15 | 15:58
ALL NSE,ACM04,Ambika Cotton,Stock,Very Bullish,"1,428.60",3.82,"08 Apr, 2026","1,376.00",Apr 15 | 15:49
ALL NSE,GNM01,Gr MCAP150,ETF,Bullish,217.00,3.81,"09 Apr, 2026",209.04,Apr 15 | 15:31
ALL NSE,SKFL,Shree Karni Fab,Stock,Very Bullish,426.15,3.81,"08 Apr, 2026",410.50,Apr 15 | 15:40
ALL NSE,EI10,Excel,Stock,Bullish,950.10,3.80,"09 Apr, 2026",915.35,Apr 15 | 15:41
ALL NSE,ACS08,Arvind Port,Stock,Bullish,35.50,3.80,"08 Apr, 2026",34.20,Apr 15 | 15:31
ALL NSE,PS12,Aurionpro Solut,Stock,Bullish,902.00,3.80,"10 Apr, 2026",869.00,Apr 15 | 15:58
ALL NSE,AHT02,ANANTAM,Stock,Bullish,106.90,3.79,"30 Mar, 2026",103.00,Apr 15 | 15:49
ALL NSE,LIL04,S J Logistics,Stock,Bullish,315.95,3.79,"07 Apr, 2026",304.40,Apr 15 | 15:40
ALL NSE,GE05,Gokaldas Export,Stock,Bullish,694.80,3.79,"08 Apr, 2026",669.40,Apr 15 | 15:59
ALL NSE,FAIL,Forge Auto Intl,Stock,Bullish,90.50,3.78,"10 Apr, 2026",87.20,Apr 15 | 15:31
ALL NSE,KET,Kabra Extrusion,Stock,Bullish,235.63,3.77,"09 Apr, 2026",227.06,Apr 15 | 15:50
ALL NSE,SIL23,Signpost India,Stock,Very Bullish,245.59,3.76,"08 Apr, 2026",236.69,Apr 15 | 15:40
ALL NSE,DCW,DCW,Stock,Bullish,48.24,3.76,"13 Apr, 2026",46.49,Apr 15 | 15:58
ALL NSE,SL17,Shalby ,Stock,Bullish,159.67,3.76,"10 Apr, 2026",153.89,Apr 15 | 15:59
ALL NSE,TC05,Themis Medicare,Stock,Bullish,84.90,3.75,"08 Apr, 2026",81.83,Apr 15 | 15:49
ALL NSE,SMALL22832,SMALLCAP,ETF,Bullish,42.70,3.74,"08 Apr, 2026",41.16,Apr 15 | 15:59
ALL NSE,ABS04,ABSL SIL ETF,ETF,Bullish,244.85,3.73,"13 Apr, 2026",236.04,Apr 15 | 15:59
ALL NSE,TC08,De Nora India,Stock,Very Bullish,749.15,3.70,"01 Apr, 2026",722.40,Apr 15 | 15:56
ALL NSE,ADL02,Arkade Develop,Stock,Bullish,117.94,3.70,"08 Apr, 2026",113.73,Apr 15 | 15:59
ALL NSE,TCP02,Tatva Chintan,Stock,Bullish,"1,246.80",3.70,"08 Apr, 2026","1,202.30",Apr 15 | 15:58
ALL NSE,FIE,FIEM Ind,Stock,Very Bullish,"2,241.30",3.70,"08 Apr, 2026","2,161.30",Apr 15 | 15:58
ALL NSE,IMC03,Indraprastha,Stock,Very Bullish,430.85,3.69,"07 Apr, 2026",415.50,Apr 15 | 15:59
ALL NSE,SSM04,Simbhaoli Sugar,Stock,Bullish,8.74,3.68,"09 Apr, 2026",8.43,Apr 15 | 15:45
ALL NSE,SIL27,Sellowrap Indus,Stock,Bullish,74.65,3.68,"10 Apr, 2026",72.00,Apr 15 | 15:31
ALL NSE,CC03,Chembond Materi,Stock,Bullish,149.51,3.68,"08 Apr, 2026",144.20,Apr 15 | 15:50
ALL NSE,IP09,India Pesticide,Stock,Bullish,153.40,3.67,"10 Apr, 2026",147.97,Apr 15 | 15:59
ALL NSE,RRL03,Regaal Resource,Stock,Very Bullish,80.46,3.67,"08 Apr, 2026",77.61,Apr 15 | 15:52
ALL NSE,JAO,Jayant Agro-Org,Stock,Bullish,199.12,3.67,"08 Apr, 2026",192.07,Apr 15 | 15:48
ALL NSE,SVL01,Shree Vasu,Stock,Bullish,591.80,3.67,"07 Apr, 2026",570.85,Apr 15 | 15:51
ALL NSE,IA,Indo Amines,Stock,Bullish,109.44,3.65,"08 Apr, 2026",105.59,Apr 15 | 15:53
ALL NSE,IFE,Indo Farm Equip,Stock,Bullish,147.81,3.64,"08 Apr, 2026",142.62,Apr 15 | 15:59
ALL NSE,ZNS,Zer SCAP100,Stock,Bullish,9.70,3.63,"08 Apr, 2026",9.36,Apr 15 | 15:54
ALL NSE,SCH,Sanofi Consumer,Stock,Very Bullish,"4,699.90",3.62,"01 Apr, 2026","4,535.70",Apr 15 | 15:54
ALL NSE,SPC03,Shree Pushkar,Stock,Bullish,339.30,3.60,"06 Apr, 2026",327.50,Apr 15 | 15:59
ALL NSE,CI39,Cigniti Tech,Stock,Bullish,"1,259.20",3.60,"07 Apr, 2026","1,215.40",Apr 15 | 15:49
ALL NSE,GNR02,GROWWRLTY,ETF,Bullish,8.66,3.59,"08 Apr, 2026",8.36,Apr 15 | 15:57
ALL NSE,MHH,Mohini Health &,Stock,Bullish,40.45,3.59,"06 Apr, 2026",39.05,Apr 15 | 15:41
ALL NSE,SE28,Supreme Enginee,Stock,Bullish,1.16,3.57,"13 Apr, 2026",1.12,Apr 15 | 15:45
ALL NSE,ALL01,Alldigi Tech,Stock,Bullish,832.90,3.57,"07 Apr, 2026",804.20,Apr 15 | 15:53
ALL NSE,GIE01,Teamo Productio,Stock,Bullish,0.58,3.57,"08 Apr, 2026",0.56,Apr 15 | 15:57
ALL NSE,AMP01,Astra Microwave,Stock,Bullish,"1,032.50",3.57,"07 Apr, 2026",996.90,Apr 15 | 15:59
ALL NSE,SH11,Sinclairs Hotel,Stock,Bullish,78.84,3.57,"02 Apr, 2026",76.12,Apr 15 | 15:51
ALL NSE,TFL04,Trust Fintech,Stock,Bullish,42.05,3.57,"08 Apr, 2026",40.60,Apr 15 | 15:31
ALL NSE,T02,Texmaco Infra,Stock,Very Bullish,101.11,3.56,"25 Mar, 2026",97.63,Apr 15 | 15:59
ALL NSE,BRL,Brandman Retail,Stock,Bullish,169.95,3.56,"07 Apr, 2026",164.10,Apr 15 | 15:42
ALL NSE,STC,STC India,Stock,Bullish,115.37,3.56,"08 Apr, 2026",111.40,Apr 15 | 15:58
ALL NSE,BAS,BASF,Stock,Bullish,"3,669.90",3.56,"09 Apr, 2026","3,543.60",Apr 15 | 15:45
ALL NSE,MBP02,Mindspace REIT,Stock,Very Bullish,476.69,3.54,"06 Apr, 2026",460.39,Apr 15 | 15:59
ALL NSE,ICICI4529,Ipru NiftyNext,ETF,Very Bullish,72.18,3.54,"09 Apr, 2026",69.71,Apr 15 | 15:57
ALL NSE,DNM01,DSP MIDCAPADD,ETF,Bullish,21.67,3.54,"09 Apr, 2026",20.93,Apr 15 | 15:31
ALL NSE,MON03,MO Nifty Small,ETF,Bullish,16.11,3.53,"08 Apr, 2026",15.56,Apr 15 | 15:56
ALL NSE,FI20,Felix Industrie,Stock,Very Bullish,189.50,3.52,"07 Apr, 2026",183.05,Apr 15 | 15:31
ALL NSE,WS01,AYM Syntex,Stock,Very Bullish,191.71,3.51,"07 Apr, 2026",185.21,Apr 15 | 15:31
ALL NSE,EDI,Encompass Desig,Stock,Bullish,272.50,3.51,"02 Apr, 2026",263.25,Apr 15 | 15:53
ALL NSE,GE07,Global Educatio,Stock,Very Bullish,102.94,3.48,"02 Apr, 2026",99.48,Apr 15 | 15:52
ALL NSE,CMI01,Cyber Media,Stock,Bullish,15.25,3.46,"08 Apr, 2026",14.74,Apr 15 | 15:53
ALL NSE,BMF04,Nipp NiftyNext,ETF,Very Bullish,738.62,3.46,"09 Apr, 2026",713.92,Apr 15 | 15:57
ALL NSE,VI11,Visaka Ind,Stock,Bullish,64.06,3.44,"08 Apr, 2026",61.93,Apr 15 | 15:55
ALL NSE,HI13,Hindprakash Ind,Stock,Very Bullish,131.36,3.44,"08 Apr, 2026",126.99,Apr 15 | 15:56
ALL NSE,OCT,Oil Country,Stock,Bullish,47.90,3.43,"13 Apr, 2026",46.31,Apr 15 | 15:58
ALL NSE,SBI24,SBI Nifty Nt50,ETF,Very Bullish,733.28,3.42,"09 Apr, 2026",709.06,Apr 15 | 15:44
ALL NSE,AC22,Aspinwall,Stock,Bullish,228.45,3.42,"10 Apr, 2026",220.90,Apr 15 | 15:56
ALL NSE,KLL,Kaushalya Logis,Stock,Bullish,42.45,3.41,"09 Apr, 2026",41.05,Apr 15 | 15:41
ALL NSE,LS06,Lasa Supergener,Stock,Bullish,7.88,3.41,"10 Apr, 2026",7.62,Apr 15 | 15:55
ALL NSE,HNS,HDFC Nifty 250,ETF,Very Bullish,161.37,3.40,"08 Apr, 2026",156.07,Apr 15 | 15:59
ALL NSE,AFG,Agarwal Float,Stock,Bullish,35.00,3.40,"13 Apr, 2026",33.85,Apr 15 | 15:31
ALL NSE,MA03,Maan Aluminium,Stock,Very Bullish,143.34,3.38,"08 Apr, 2026",138.66,Apr 15 | 15:55
ALL NSE,GNP01,GROWWPSE,ETF,Bullish,103.65,3.36,"08 Apr, 2026",100.28,Apr 15 | 15:31
ALL NSE,APB,Astron Paper & ,Stock,Very Bullish,4.62,3.36,"09 Apr, 2026",4.47,Apr 15 | 15:46
ALL NSE,PPL06,Premium Plast,Stock,Very Bullish,37.00,3.35,"06 Apr, 2026",35.80,Apr 15 | 15:31
ALL NSE,QC,Quess Corp,Stock,Bullish,195.18,3.34,"09 Apr, 2026",188.87,Apr 15 | 15:56
ALL NSE,TCL01,TARACHAND,Stock,Bullish,65.37,3.34,"10 Apr, 2026",63.26,Apr 15 | 15:58
ALL NSE,PC08,Polyplex Corp,Stock,Bullish,880.00,3.33,"08 Apr, 2026",851.65,Apr 15 | 15:59
ALL NSE,GHL02,GPT Healthcare,Stock,Very Bullish,135.23,3.32,"07 Apr, 2026",130.88,Apr 15 | 15:59
ALL NSE,EC06,Edelweiss,Stock,Very Bullish,117.49,3.31,"08 Apr, 2026",113.73,Apr 15 | 15:59
ALL NSE,SSC06,Xchanging Sol,Stock,Bullish,64.00,3.31,"09 Apr, 2026",61.95,Apr 15 | 15:59
ALL NSE,S12,Saksoft,Stock,Bullish,142.48,3.30,"08 Apr, 2026",137.93,Apr 15 | 15:59
ALL NSE,O02,Omaxe,Stock,Bullish,77.65,3.29,"08 Apr, 2026",75.18,Apr 15 | 15:56
ALL NSE,OPI,Orient Paper,Stock,Bullish,18.91,3.28,"08 Apr, 2026",18.31,Apr 15 | 15:59
ALL NSE,RVIL,Rappid Valves,Stock,Bullish,284.00,3.27,"08 Apr, 2026",275.00,Apr 15 | 15:40
ALL NSE,HT,HT Media,Stock,Very Bullish,23.06,3.27,"07 Apr, 2026",22.33,Apr 15 | 15:59
ALL NSE,U,Unitech,Stock,Bullish,5.07,3.26,"08 Apr, 2026",4.91,Apr 15 | 15:58
ALL NSE,BFU,BF Utilities,Stock,Bullish,491.65,3.26,"13 Apr, 2026",476.15,Apr 15 | 15:59
ALL NSE,HPL01,Hi-Tech Pipes,Stock,Bullish,88.03,3.26,"08 Apr, 2026",85.25,Apr 15 | 15:59
ALL NSE,GNS01,GROWWSC250,ETF,Bullish,9.22,3.25,"08 Apr, 2026",8.93,Apr 15 | 15:31
ALL NSE,AF29,Inspirisys Solu,Stock,Bullish,86.95,3.25,"10 Apr, 2026",84.21,Apr 15 | 15:46
ALL NSE,MC19,Monte Carlo,Stock,Bullish,566.95,3.24,"10 Apr, 2026",549.15,Apr 15 | 15:53
ALL NSE,USF,Ujjivan Small,Stock,Very Bullish,58.50,3.21,"06 Apr, 2026",56.68,Apr 15 | 15:59
ALL NSE,S07,Subros,Stock,Bullish,774.40,3.21,"10 Apr, 2026",750.30,Apr 15 | 15:58
ALL NSE,BIL08,Bhadora Industr,Stock,Bullish,68.10,3.18,"09 Apr, 2026",66.00,Apr 15 | 15:31
ALL NSE,KP06,Kothari Product,Stock,Bullish,68.08,3.18,"08 Apr, 2026",65.98,Apr 15 | 15:56
ALL NSE,IVP,IVP,Stock,Bullish,144.39,3.18,"10 Apr, 2026",139.94,Apr 15 | 15:50
ALL NSE,TVS02,TVS Electronics,Stock,Very Bullish,411.00,3.18,"08 Apr, 2026",398.35,Apr 15 | 15:58
ALL NSE,R03,Rollatainers,Stock,Bullish,1.30,3.17,"10 Apr, 2026",1.26,Apr 15 | 15:46
ALL NSE,GSF,GSFC,Stock,Bullish,168.93,3.16,"10 Apr, 2026",163.76,Apr 15 | 15:59
ALL NSE,M10,Manaksia,Stock,Bullish,57.21,3.16,"09 Apr, 2026",55.46,Apr 15 | 15:53
ALL NSE,KCP,KCP,Stock,Bullish,162.94,3.15,"09 Apr, 2026",157.97,Apr 15 | 15:59
ALL NSE,IDC,Ishan Dyes,Stock,Bullish,60.88,3.15,"13 Apr, 2026",59.02,Apr 15 | 15:40
ALL NSE,USF01,UTKARSHBNK,Stock,Bullish,13.46,3.14,"09 Apr, 2026",13.05,Apr 15 | 15:59
ALL NSE,GHC,Guj Heavy Chem,Stock,Bullish,504.65,3.14,"13 Apr, 2026",489.30,Apr 15 | 15:59
ALL NSE,GNN,GROWWNXT50,ETF,Bullish,68.57,3.14,"08 Apr, 2026",66.48,Apr 15 | 15:50
ALL NSE,QFT,Quadrant Future,Stock,Bullish,312.40,3.14,"08 Apr, 2026",302.90,Apr 15 | 15:59
ALL NSE,PL,Pitti Engineeri,Stock,Bullish,854.55,3.14,"09 Apr, 2026",828.50,Apr 15 | 15:58
ALL NSE,AON,AONETMMQ50,ETF,Very Bullish,9.86,3.14,"08 Apr, 2026",9.56,Apr 15 | 15:31
ALL NSE,SCS10,Smartworks Cowo,Stock,Bullish,409.85,3.13,"09 Apr, 2026",397.40,Apr 15 | 15:52
ALL NSE,AET02,Advanced Enzyme,Stock,Very Bullish,302.00,3.12,"08 Apr, 2026",292.85,Apr 15 | 15:59
ALL NSE,KNN,NEXT50ETF,ETF,Bullish,68.94,3.11,"09 Apr, 2026",66.86,Apr 15 | 15:40
ALL NSE,BJL,Bluestone Jewel,Stock,Bullish,510.45,3.10,"10 Apr, 2026",495.10,Apr 15 | 15:59
ALL NSE,ST25,Systango Tech,Stock,Very Bullish,281.25,3.10,"07 Apr, 2026",272.80,Apr 15 | 15:55
ALL NSE,NHI,Nila Infra,Stock,Bullish,8.32,3.10,"07 Apr, 2026",8.07,Apr 15 | 15:53
ALL NSE,BGW,Borosil Renew,Stock,Bullish,482.00,3.09,"10 Apr, 2026",467.55,Apr 15 | 15:59
ALL NSE,MA02,Mukta Arts,Stock,Bullish,49.64,3.09,"13 Apr, 2026",48.15,Apr 15 | 15:42
ALL NSE,ABSLN7339,ABSL NiftyNext,ETF,Very Bullish,71.76,3.09,"09 Apr, 2026",69.61,Apr 15 | 15:42
ALL NSE,EIRL,Effwa Infra & R,Stock,Very Bullish,222.50,3.08,"07 Apr, 2026",215.85,Apr 15 | 15:40
ALL NSE,DNS,DSP SMALLADD,ETF,Very Bullish,16.14,3.07,"09 Apr, 2026",15.66,Apr 15 | 15:46
ALL NSE,NSE,NESCO,Stock,Bullish,"1,149.10",3.07,"08 Apr, 2026","1,114.90",Apr 15 | 15:59
ALL NSE,GE02,AION-TECH,Stock,Bullish,42.00,3.07,"10 Apr, 2026",40.75,Apr 15 | 15:46
ALL NSE,MONEX75716,MONEXT50,ETF,Very Bullish,68.14,3.06,"09 Apr, 2026",66.12,Apr 15 | 15:41
ALL NSE,EMULT25996,EMULTIMQ,ETF,Bullish,41.38,3.04,"09 Apr, 2026",40.16,Apr 15 | 15:49
ALL NSE,YIL01,Yasho Ind.,Stock,Bullish,"1,495.60",3.04,"07 Apr, 2026","1,451.50",Apr 15 | 15:58
ALL NSE,KF11,NIBE,Stock,Bullish,"1,034.20",3.02,"13 Apr, 2026","1,003.85",Apr 15 | 15:58
ALL NSE,CIF02,Coral India Fin,Stock,Bullish,33.90,3.01,"10 Apr, 2026",32.91,Apr 15 | 15:40
ALL NSE,AI66,Arvind Smart,Stock,Very Bullish,605.55,3.01,"08 Apr, 2026",587.85,Apr 15 | 15:59
ALL NSE,WH01,Venkys,Stock,Very Bullish,"1,498.00",3.00,"08 Apr, 2026","1,454.30",Apr 15 | 15:58
ALL NSE,DI11,Dolat Algotech,Stock,Bullish,81.46,3.00,"09 Apr, 2026",79.09,Apr 15 | 15:59
ALL NSE,MON07,MOALPHA50,ETF,Bullish,50.13,3.00,"09 Apr, 2026",48.67,Apr 15 | 15:31
ALL NSE,RCM04,Radiant Cash,Stock,Bullish,42.21,3.00,"08 Apr, 2026",40.98,Apr 15 | 15:57
ALL NSE,IPN04,Ipru Nifty Fin,ETF,Very Bullish,31.62,3.00,"09 Apr, 2026",30.70,Apr 15 | 15:49
ALL NSE,CRAMCL,Canara Robeco,Stock,Bullish,264.46,2.99,"08 Apr, 2026",256.77,Apr 15 | 15:54
ALL NSE,AAC,Alkyl Amines,Stock,Bullish,"1,404.70",2.99,"09 Apr, 2026","1,363.90",Apr 15 | 15:58
ALL NSE,ARL,Atal,Stock,Very Bullish,25.13,2.99,"02 Apr, 2026",24.40,Apr 15 | 16:00
ALL NSE,SNXT375745,SNXT30BEES,ETF,Very Bullish,40.84,2.98,"08 Apr, 2026",39.66,Apr 15 | 15:31
ALL NSE,RSL11,P S Raj Steels,Stock,Very Bullish,280.00,2.94,"10 Apr, 2026",272.00,Apr 15 | 15:31
ALL NSE,BC07,Birla Corp,Stock,Bullish,964.90,2.94,"13 Apr, 2026",937.35,Apr 15 | 15:57
ALL NSE,ATL04,AAA,Stock,Very Bullish,99.09,2.93,"07 Apr, 2026",96.27,Apr 15 | 15:52
ALL NSE,SGB13,SGBAUG27,ETF,Very Bullish,"15,073.07",2.91,"13 Apr, 2026","14,647.42",Apr 15 | 15:45
ALL NSE,PSE03,Ponni Sugars(E),Stock,Very Bullish,283.00,2.91,"30 Mar, 2026",275.00,Apr 15 | 15:47
ALL NSE,A14,P E Analytics,Stock,Bullish,200.65,2.90,"10 Apr, 2026",195.00,Apr 15 | 15:31
ALL NSE,BL05,Borosil,Stock,Bullish,256.01,2.89,"08 Apr, 2026",248.83,Apr 15 | 15:59
ALL NSE,GIP03,GVPTECHPP,Stock,Bullish,2.86,2.88,"10 Apr, 2026",2.78,Apr 15 | 15:31
ALL NSE,SI51,SIL Invest,Stock,Bullish,439.30,2.88,"08 Apr, 2026",427.00,Apr 15 | 15:49
ALL NSE,MOM01,MO Midcap 100,ETF,Very Bullish,63.23,2.88,"09 Apr, 2026",61.46,Apr 15 | 15:58
ALL NSE,DOC,Ducol Organics,Stock,Bullish,127.00,2.88,"13 Apr, 2026",123.45,Apr 15 | 15:40
ALL NSE,UTISX9168,UTI BSE Sen Ne,ETF,Bullish,89.33,2.88,"09 Apr, 2026",86.83,Apr 15 | 15:31
ALL NSE,LDL01,Laxmi Dental,Stock,Bullish,197.62,2.86,"08 Apr, 2026",192.12,Apr 15 | 15:59
ALL NSE,AP10,Anuh Pharma,Stock,Very Bullish,80.27,2.86,"09 Apr, 2026",78.04,Apr 15 | 15:54
ALL NSE,FAL01,Flysbs Aviation,Stock,Bullish,451.40,2.85,"08 Apr, 2026",438.90,Apr 15 | 15:59
ALL NSE,SET,ANTELOPUS,Stock,Bullish,585.90,2.84,"30 Mar, 2026",569.70,Apr 15 | 15:59
ALL NSE,CF02,Gufic Bio,Stock,Bullish,307.80,2.84,"08 Apr, 2026",299.30,Apr 15 | 15:42
ALL NSE,SMP01,Sundaram Multi,Stock,Bullish,1.45,2.84,"09 Apr, 2026",1.41,Apr 15 | 15:55
ALL NSE,GCI05,GeeCee Ventures,Stock,Bullish,291.30,2.83,"08 Apr, 2026",283.29,Apr 15 | 15:56
ALL NSE,AIIL,ARC Insulation,Stock,Bullish,52.65,2.83,"08 Apr, 2026",51.20,Apr 15 | 15:31
ALL NSE,PT10,Pyramid Techno,Stock,Bullish,154.84,2.82,"08 Apr, 2026",150.59,Apr 15 | 15:47
ALL NSE,PC01,Paramount Comm,Stock,Bullish,38.26,2.82,"08 Apr, 2026",37.21,Apr 15 | 15:59
ALL NSE,FWIL,Flair Writing,Stock,Very Bullish,316.50,2.81,"08 Apr, 2026",307.85,Apr 15 | 15:59
ALL NSE,ECAPI29019,ECAPINSURE,ETF,Very Bullish,24.13,2.81,"10 Apr, 2026",23.47,Apr 15 | 15:44
ALL NSE,ML06,Morepen Lab,Stock,Bullish,41.31,2.76,"08 Apr, 2026",40.20,Apr 15 | 15:59
ALL NSE,SGB48,SGBJAN30IX,ETF,Bullish,"15,198.87",2.76,"13 Apr, 2026","14,790.56",Apr 15 | 15:48
ALL NSE,CI14,DIC India,Stock,Very Bullish,535.25,2.76,"10 Apr, 2026",520.85,Apr 15 | 15:47
ALL NSE,GRM01,GRM Overseas,Stock,Very Bullish,165.61,2.74,"06 Apr, 2026",161.19,Apr 15 | 15:57
ALL NSE,SL02,Finkurve Fin,Stock,Bullish,64.92,2.74,"09 Apr, 2026",63.19,Apr 15 | 15:40
ALL NSE,SGT,LLOYDS ENTER,Stock,Bullish,60.56,2.73,"08 Apr, 2026",58.95,Apr 15 | 15:59
ALL NSE,AH11,Aatmaj Health,Stock,Very Bullish,20.70,2.73,"08 Apr, 2026",20.15,Apr 15 | 15:40
ALL NSE,PL11,Powerica,Stock,Bullish,421.30,2.72,"10 Apr, 2026",410.15,Apr 15 | 15:50
ALL NSE,SCN,Satin Credit,Stock,Very Bullish,160.24,2.72,"08 Apr, 2026",155.99,Apr 15 | 15:59
ALL NSE,NE,Nagreeka Export,Stock,Bullish,24.25,2.71,"09 Apr, 2026",23.61,Apr 15 | 15:43
ALL NSE,KL02,Kalpataru,Stock,Bullish,306.80,2.71,"09 Apr, 2026",298.70,Apr 15 | 15:49
ALL NSE,BSR02,Baazar Style Re,Stock,Bullish,302.40,2.70,"01 Apr, 2026",294.45,Apr 15 | 15:53
ALL NSE,MP02,Manali Petro,Stock,Bullish,54.70,2.70,"09 Apr, 2026",53.26,Apr 15 | 15:59
ALL NSE,ACI14,Archean Chem,Stock,Very Bullish,608.10,2.70,"13 Mar, 2026",592.10,Apr 15 | 15:56
ALL NSE,ICI14,MIDS ELIET ETF,ETF,Bullish,17.57,2.69,"09 Apr, 2026",17.11,Apr 15 | 15:56
ALL NSE,ESL04,Envirotech Sys,Stock,Bullish,107.20,2.68,"13 Apr, 2026",104.40,Apr 15 | 15:31
ALL NSE,BCL12,Biopol Chemical,Stock,Bullish,101.65,2.68,"07 Apr, 2026",99.00,Apr 15 | 15:40
ALL NSE,PDC02,Par Drugs,Stock,Bullish,93.75,2.68,"08 Apr, 2026",91.30,Apr 15 | 15:55
ALL NSE,SI90,SATIA,Stock,Bullish,65.76,2.67,"08 Apr, 2026",64.05,Apr 15 | 15:59
ALL NSE,HBS,Hb Stockhol,Stock,Bullish,57.66,2.67,"10 Apr, 2026",56.16,Apr 15 | 15:46
ALL NSE,AXISV30155,AXISVALUE,Stock,Very Bullish,33.48,2.67,"08 Apr, 2026",32.61,Apr 15 | 15:58
ALL NSE,NR03,Nupur,Stock,Bullish,55.26,2.66,"13 Apr, 2026",53.83,Apr 15 | 15:49
ALL NSE,SGF04,Shreeji Global ,Stock,Bullish,122.05,2.65,"20 Mar, 2026",118.90,Apr 15 | 15:40
ALL NSE,TCI08,TCI Express,Stock,Bullish,539.00,2.65,"08 Apr, 2026",525.10,Apr 15 | 15:42
ALL NSE,GLOST54235,Gloster,Stock,Bullish,578.30,2.64,"06 Apr, 2026",563.40,Apr 15 | 15:44
ALL NSE,NPS02,Network People,Stock,Bullish,"1,260.20",2.63,"08 Apr, 2026","1,227.85",Apr 15 | 15:58
ALL NSE,AI61,Incredible Ind,Stock,Bullish,35.96,2.63,"10 Apr, 2026",35.04,Apr 15 | 15:54
ALL NSE,IGE02,Inox Green Ener,Stock,Bullish,164.26,2.63,"13 Apr, 2026",160.05,Apr 15 | 15:59
ALL NSE,SC,Sundaram-Clayto,Stock,Bullish,"14,488.00",2.63,"13 Apr, 2026","14,117.00",Apr 15 | 15:44
ALL NSE,CD06,Cyient DLM,Stock,Bullish,325.50,2.62,"13 Apr, 2026",317.20,Apr 15 | 15:57
ALL NSE,RRL02,Raymond Realty,Stock,Bullish,432.30,2.60,"06 Apr, 2026",421.35,Apr 15 | 15:59
ALL NSE,FDS01,GVP Infotech,Stock,Very Bullish,7.11,2.60,"09 Apr, 2026",6.93,Apr 15 | 15:59
ALL NSE,MON08,MOMNC,ETF,Bullish,30.50,2.59,"09 Apr, 2026",29.73,Apr 15 | 15:40
ALL NSE,STT01,Silver Touch Te,Stock,Bullish,126.66,2.59,"07 Apr, 2026",123.46,Apr 15 | 15:50
ALL NSE,RIP01,RPP Infra Proj,Stock,Bullish,76.88,2.58,"08 Apr, 2026",74.95,Apr 15 | 15:53
ALL NSE,MOMEN25606,MO N500M50ETF,ETF,Bullish,51.16,2.57,"09 Apr, 2026",49.88,Apr 15 | 15:57
ALL NSE,KCS,Keynote Finance,Stock,Bullish,278.49,2.56,"09 Apr, 2026",271.53,Apr 15 | 15:43
ALL NSE,VO04,Vinny Overseas,Stock,Bullish,1.20,2.56,"08 Apr, 2026",1.17,Apr 15 | 15:55
ALL NSE,MW01,Mangalam Worldw,Stock,Very Bullish,272.45,2.56,"09 Apr, 2026",265.65,Apr 15 | 15:46
ALL NSE,CPI05,Control Print,Stock,Very Bullish,658.70,2.56,"08 Apr, 2026",642.25,Apr 15 | 15:52
ALL NSE,DCW01,DCG Cables & Wi,Stock,Bullish,64.40,2.55,"08 Apr, 2026",62.80,Apr 15 | 15:46
ALL NSE,BBaH,TGB Banquets,Stock,Very Bullish,9.68,2.54,"10 Apr, 2026",9.44,Apr 15 | 15:48
ALL NSE,ISL,Ind-Swift Labs,Stock,Very Bullish,144.05,2.54,"06 Apr, 2026",140.48,Apr 15 | 15:59
ALL NSE,KL01,Kross,Stock,Bullish,191.08,2.53,"10 Apr, 2026",186.36,Apr 15 | 15:59
ALL NSE,VAL3025851,ICICI VAL30IETF,ETF,Very Bullish,15.79,2.53,"08 Apr, 2026",15.40,Apr 15 | 15:43
ALL NSE,LS02,Liberty Shoes,Stock,Very Bullish,265.56,2.51,"06 Apr, 2026",259.06,Apr 15 | 15:55
ALL NSE,HCL06,Hi-Green Carbon,Stock,Bullish,141.65,2.50,"08 Apr, 2026",138.20,Apr 15 | 15:31
ALL NSE,GNP,Kansai Nerolac,Stock,Bullish,196.30,2.50,"10 Apr, 2026",191.52,Apr 15 | 15:59
ALL NSE,HMT,HMT,Stock,Very Bullish,63.20,2.50,"02 Apr, 2026",61.66,Apr 15 | 15:40
ALL NSE,MON05,MONIFTY100,ETF,Bullish,25.11,2.49,"09 Apr, 2026",24.50,Apr 15 | 15:31
ALL NSE,PCA,Prudent Advisor,Stock,Bullish,"2,593.90",2.49,"10 Apr, 2026","2,530.80",Apr 15 | 15:49
ALL NSE,SGB29,SGBSEP28VI,ETF,Bullish,"15,026.80",2.49,"13 Apr, 2026","14,661.70",Apr 15 | 15:49
ALL NSE,SGB42,SGBSEP29VI,ETF,Very Bullish,"15,150.00",2.49,"13 Apr, 2026","14,782.53",Apr 15 | 15:40
ALL NSE,IPN05,Ipru Nifty Com,ETF,Very Bullish,100.71,2.49,"08 Apr, 2026",98.26,Apr 15 | 15:58
ALL NSE,SFC02,Star Cement,Stock,Bullish,219.83,2.48,"08 Apr, 2026",214.50,Apr 15 | 15:54
ALL NSE,KW,Kritika Wires,Stock,Bullish,6.20,2.48,"13 Apr, 2026",6.05,Apr 15 | 15:59
ALL NSE,TP01,Marksans Pharma,Stock,Bullish,178.92,2.47,"08 Apr, 2026",174.60,Apr 15 | 15:59
ALL NSE,SGB27,SGBJUL28IV,ETF,Bullish,"15,014.06",2.47,"13 Apr, 2026","14,652.00",Apr 15 | 15:40
ALL NSE,MAB,MA DIVIDEND,ETF,Bullish,36.49,2.47,"08 Apr, 2026",35.61,Apr 15 | 15:31
ALL NSE,ALF,Arman Financial,Stock,Very Bullish,"1,586.30",2.47,"07 Apr, 2026","1,548.10",Apr 15 | 15:59
ALL NSE,RI01,Rajdarshan Ind,Stock,Very Bullish,41.73,2.46,"13 Apr, 2026",40.73,Apr 15 | 15:40
ALL NSE,AE20,Ahlada Engineer,Stock,Bullish,45.94,2.45,"10 Apr, 2026",44.84,Apr 15 | 15:55
ALL NSE,KMM,Kotak NiftyPSU,ETF,Bullish,880.79,2.44,"09 Apr, 2026",859.83,Apr 15 | 15:59
ALL NSE,SGB44,SGBNV29VII,ETF,Bullish,"15,110.00",2.44,"13 Apr, 2026","14,750.00",Apr 15 | 15:50
ALL NSE,GNV,GNFC,Stock,Bullish,450.35,2.42,"13 Apr, 2026",439.70,Apr 15 | 15:59
ALL NSE,NF06,NFL,Stock,Bullish,75.64,2.41,"08 Apr, 2026",73.86,Apr 15 | 15:57
ALL NSE,HI14,Heranba,Stock,Bullish,205.10,2.41,"13 Apr, 2026",200.27,Apr 15 | 15:59
ALL NSE,TWO,Veedol Corp,Stock,Bullish,"1,414.80",2.41,"10 Apr, 2026","1,381.50",Apr 15 | 15:58
ALL NSE,PS14,Swan Defence,Stock,Bullish,"1,896.00",2.41,"10 Apr, 2026","1,851.30",Apr 15 | 15:57
ALL NSE,AOS,Asian Energy,Stock,Bullish,299.71,2.41,"09 Apr, 2026",292.67,Apr 15 | 15:50
ALL NSE,ALI07,Amiable Logisti,Stock,Very Bullish,82.90,2.41,"18 Dec, 2025",80.95,Apr 15 | 15:42
ALL NSE,GA08,Godrej Agrovet,Stock,Bullish,605.60,2.40,"08 Apr, 2026",591.40,Apr 15 | 15:59
ALL NSE,LT02,Lambodhara Text,Stock,Bullish,106.38,2.40,"08 Apr, 2026",103.89,Apr 15 | 15:40
ALL NSE,SGB35,SGBFEB29XI,ETF,Bullish,"15,152.78",2.39,"13 Apr, 2026","14,798.99",Apr 15 | 15:31
ALL NSE,ABSLP23806,ABSLPSE,ETF,Very Bullish,10.75,2.38,"09 Apr, 2026",10.50,Apr 15 | 15:49
ALL NSE,AG01,Antarctica,Stock,Bullish,0.86,2.38,"08 Apr, 2026",0.84,Apr 15 | 15:41
ALL NSE,RCF01,Rashtriya Chem,Stock,Bullish,128.49,2.37,"08 Apr, 2026",125.51,Apr 15 | 15:59
ALL NSE,MOPSE75743,MOPSE,ETF,Very Bullish,105.71,2.35,"09 Apr, 2026",103.28,Apr 15 | 15:31
ALL NSE,SIP06,Magellanic,Stock,Bullish,26.65,2.34,"08 Apr, 2026",26.04,Apr 15 | 15:59
ALL NSE,VTL04,VMS TMT,Stock,Bullish,45.06,2.32,"10 Apr, 2026",44.04,Apr 15 | 15:56
ALL NSE,ASL13,Arisinfra Solut,Stock,Very Bullish,117.11,2.32,"08 Apr, 2026",114.46,Apr 15 | 15:59
ALL NSE,GPT01,GPT Infra,Stock,Very Bullish,115.23,2.32,"08 Apr, 2026",112.62,Apr 15 | 15:59
ALL NSE,GROWW75781,GROWWNET,ETF,Bullish,8.89,2.30,"09 Apr, 2026",8.69,Apr 15 | 15:42
ALL NSE,NPM01,Balkrishna ,Stock,Very Bullish,16.94,2.29,"07 Apr, 2026",16.56,Apr 15 | 15:58
ALL NSE,BEL,BLS E-Services,Stock,Bullish,166.13,2.28,"25 Mar, 2026",162.43,Apr 15 | 15:59
ALL NSE,KN2,MOMENTUM30,ETF,Bullish,30.54,2.28,"09 Apr, 2026",29.86,Apr 15 | 15:31
ALL NSE,CCI07,Cords Cable Ind,Stock,Bullish,164.72,2.27,"08 Apr, 2026",161.07,Apr 15 | 15:54
ALL NSE,MOQUA10822,MOQUALITY,ETF,Very Bullish,195.62,2.27,"09 Apr, 2026",191.27,Apr 15 | 15:31
ALL NSE,RIIT,Raajmarg Infra ,Stock,Bullish,112.00,2.26,"08 Apr, 2026",109.52,Apr 15 | 15:53
ALL NSE,KJL,Kabra Jewels,Stock,Very Bullish,101.70,2.26,"07 Apr, 2026",99.45,Apr 15 | 15:31
ALL NSE,AI71,Anmol India,Stock,Very Bullish,11.74,2.26,"08 Apr, 2026",11.48,Apr 15 | 15:44
ALL NSE,SR,Crest Ventures,Stock,Bullish,355.95,2.26,"10 Apr, 2026",348.10,Apr 15 | 15:45
ALL NSE,IG,India Glycols,Stock,Bullish,935.85,2.25,"08 Apr, 2026",915.25,Apr 15 | 15:56
ALL NSE,RH04,Robust Hotels,Stock,Bullish,187.44,2.25,"09 Apr, 2026",183.31,Apr 15 | 15:31
ALL NSE,DIT02,Dev Information,Stock,Very Bullish,29.99,2.25,"09 Apr, 2026",29.33,Apr 15 | 15:52
ALL NSE,BFI,BF Investment,Stock,Bullish,402.50,2.24,"10 Apr, 2026",393.70,Apr 15 | 15:58
ALL NSE,GBH,Gr Hospitals,ETF,Bullish,47.54,2.24,"10 Apr, 2026",46.50,Apr 15 | 15:41
ALL NSE,BE,Bajaj Electric,Stock,Bullish,388.55,2.24,"13 Apr, 2026",380.05,Apr 15 | 15:59
ALL NSE,CC,Sudarshan Color,Stock,Bullish,341.95,2.24,"09 Apr, 2026",334.45,Apr 15 | 15:58
ALL NSE,VDM,Vidhi Spec,Stock,Very Bullish,322.20,2.22,"02 Apr, 2026",315.20,Apr 15 | 15:53
ALL NSE,FFS03,The Investment ,Stock,Bullish,104.94,2.22,"08 Apr, 2026",102.66,Apr 15 | 15:52
ALL NSE,EP09,Emmbi Ind,Stock,Bullish,87.75,2.21,"13 Apr, 2026",85.85,Apr 15 | 15:54
ALL NSE,MON09,MOSERVICE,ETF,Bullish,31.19,2.20,"09 Apr, 2026",30.52,Apr 15 | 15:31
ALL NSE,AGI04,Asian Granito,Stock,Very Bullish,71.06,2.20,"10 Apr, 2026",69.53,Apr 15 | 15:59
ALL NSE,KEC,Summit Sec,Stock,Bullish,"1,691.00",2.18,"08 Apr, 2026","1,654.90",Apr 15 | 15:58
ALL NSE,GROWW75608,GROWWMOM50,ETF,Bullish,10.33,2.18,"09 Apr, 2026",10.11,Apr 15 | 15:40
ALL NSE,MOB,MOIPO,ETF,Bullish,42.69,2.18,"10 Apr, 2026",41.78,Apr 15 | 15:55
ALL NSE,ICI15,Bhar at 22 ETF ,ETF,Very Bullish,123.87,2.17,"08 Apr, 2026",121.24,Apr 15 | 15:51
ALL NSE,RCDL,Rajgor Castor,Stock,Bullish,23.50,2.17,"06 Apr, 2026",23.00,Apr 15 | 15:41
ALL NSE,SGB39,SGBJUL29IV,ETF,Bullish,"14,994.55",2.15,"13 Apr, 2026","14,679.58",Apr 15 | 15:41
ALL NSE,USW,Ugar Sugar Work,Stock,Very Bullish,39.61,2.14,"25 Mar, 2026",38.78,Apr 15 | 15:53
ALL NSE,RHI,Advani Hotels,Stock,Bullish,54.40,2.12,"10 Apr, 2026",53.27,Apr 15 | 15:55
ALL NSE,KMI,Kernex Micro,Stock,Very Bullish,"1,165.25",2.10,"08 Apr, 2026","1,141.30",Apr 15 | 15:59
ALL NSE,MO04,Meghmani Organi,Stock,Bullish,50.46,2.10,"08 Apr, 2026",49.42,Apr 15 | 15:55
ALL NSE,MID1530469,MID150,ETF,Bullish,22.03,2.09,"10 Apr, 2026",21.58,Apr 15 | 15:31
ALL NSE,SGB46,SGBD29VIII,ETF,Bullish,"15,053.90",2.09,"13 Apr, 2026","14,746.02",Apr 15 | 15:48
ALL NSE,SGB37,SGBJU29III,ETF,Bullish,"15,038.50",2.09,"13 Apr, 2026","14,730.00",Apr 15 | 15:31
ALL NSE,AI42,Archidply Ind,Stock,Bullish,81.80,2.08,"09 Apr, 2026",80.13,Apr 15 | 15:55
ALL NSE,MLS,Mittal Life Sty,Stock,Bullish,0.98,2.08,"08 Apr, 2026",0.96,Apr 15 | 15:55
ALL NSE,RA04,Rico Auto,Stock,Bullish,118.08,2.07,"08 Apr, 2026",115.68,Apr 15 | 15:59
ALL NSE,TT14,Thyrocare Techn,Stock,Bullish,398.50,2.06,"08 Apr, 2026",390.45,Apr 15 | 15:59
ALL NSE,CLS,Chaman Lal Seti,Stock,Bullish,270.60,2.06,"08 Apr, 2026",265.15,Apr 15 | 15:59
ALL NSE,AOS01,Angel Silver ET,ETF,Bullish,9.41,2.06,"08 Apr, 2026",9.22,Apr 15 | 15:45
ALL NSE,SPL13,Sudeep Pharma,Stock,Bullish,628.65,2.05,"08 Apr, 2026",616.05,Apr 15 | 15:46
ALL NSE,SGBNO6355,SGBNOV26,ETF,Bullish,"15,102.00",2.04,"10 Apr, 2026","14,800.00",Apr 15 | 15:50
ALL NSE,MAN07,MA Nifty Intern,ETF,Bullish,12.01,2.04,"08 Apr, 2026",11.77,Apr 15 | 15:31
ALL NSE,AP29,Alembic Pharma,Stock,Bullish,734.80,2.03,"09 Apr, 2026",720.15,Apr 15 | 15:59
ALL NSE,KP02,Kanpur Plast,Stock,Bullish,190.88,2.02,"09 Apr, 2026",187.10,Apr 15 | 15:56
ALL NSE,ATP01,All Time Plasti,Stock,Bullish,222.36,2.02,"09 Apr, 2026",217.96,Apr 15 | 15:57
ALL NSE,SI03,Sangam India,Stock,Very Bullish,450.85,2.01,"06 Apr, 2026",441.95,Apr 15 | 15:54
ALL NSE,GLS,Good Luck,Stock,Very Bullish,"1,136.35",2.00,"10 Apr, 2026","1,114.05",Apr 15 | 15:58
ALL NSE,JMA01,Jullundur Motor,Stock,Bullish,85.24,1.99,"10 Apr, 2026",83.58,Apr 15 | 15:41
ALL NSE,IPS01,Ipru SilverETF,ETF,Bullish,245.13,1.99,"08 Apr, 2026",240.34,Apr 15 | 15:59
ALL NSE,BHI,Indus Infra Tru,Stock,Very Bullish,126.52,1.98,"02 Apr, 2026",124.06,Apr 15 | 15:52
ALL NSE,SGB18,SGBJ28VIII,ETF,Bullish,"15,180.00",1.98,"10 Apr, 2026","14,885.90",Apr 15 | 15:50
ALL NSE,FI10,Foods and Inns,Stock,Bullish,60.81,1.98,"08 Apr, 2026",59.63,Apr 15 | 15:49
ALL NSE,SGB25,SGBMAY28,ETF,Bullish,"15,046.23",1.97,"10 Apr, 2026","14,755.56",Apr 15 | 15:50
ALL NSE,SGB34,SGBJAN29X,ETF,Bullish,"14,970.07",1.97,"13 Apr, 2026","14,681.31",Apr 15 | 15:41
ALL NSE,RGE,Inve Gold ETF,ETF,Bullish,"13,229.35",1.97,"13 Apr, 2026","12,973.25",Apr 15 | 15:56
ALL NSE,SII06,SKFINDUS,Stock,Bullish,"2,309.60",1.96,"10 Apr, 2026","2,265.10",Apr 15 | 15:45
ALL NSE,ATS01,Anlon Technolog,Stock,Very Bullish,404.00,1.96,"06 Apr, 2026",396.25,Apr 15 | 15:40
ALL NSE,KOTAK10676,Kotak NiftyMNC,ETF,Very Bullish,31.28,1.96,"09 Apr, 2026",30.68,Apr 15 | 15:40
ALL NSE,WI05,Wendt,Stock,Bullish,"7,032.50",1.95,"10 Apr, 2026","6,898.00",Apr 15 | 15:55
ALL NSE,SMPL,Saakshi Medtech,Stock,Very Bullish,198.80,1.95,"01 Apr, 2026",195.00,Apr 15 | 15:48
ALL NSE,SSC07,Shreeoswal Seed,Stock,Bullish,12.58,1.94,"09 Apr, 2026",12.34,Apr 15 | 15:50
ALL NSE,FTL03,Fabtech Technol,Stock,Very Bullish,156.50,1.93,"08 Apr, 2026",153.53,Apr 15 | 15:59
ALL NSE,EN5,ENIFTY,ETF,Bullish,24.30,1.93,"13 Apr, 2026",23.84,Apr 15 | 15:40
ALL NSE,TATSI21428,Tata SilverETF,ETF,Bullish,23.89,1.92,"08 Apr, 2026",23.44,Apr 15 | 15:59
ALL NSE,SBISI24366,SBI Silver ETF,ETF,Bullish,240.70,1.91,"08 Apr, 2026",236.20,Apr 15 | 15:58
ALL NSE,SILVE15085,UTI SILVER ETF,ETF,Bullish,237.50,1.90,"08 Apr, 2026",233.07,Apr 15 | 15:59
ALL NSE,SSD02,Saraswati Saree,Stock,Bullish,63.83,1.90,"13 Apr, 2026",62.64,Apr 15 | 15:52
ALL NSE,USL02,Updater Service,Stock,Bullish,159.20,1.90,"08 Apr, 2026",156.23,Apr 15 | 15:59
ALL NSE,DBI,DB (Int) Stock,Stock,Very Bullish,26.45,1.89,"01 Apr, 2026",25.96,Apr 15 | 15:43
ALL NSE,HSE,HDFC SIL ETF,ETF,Bullish,235.64,1.88,"08 Apr, 2026",231.30,Apr 15 | 15:58
ALL NSE,PPP03,PPAP Automotive,Stock,Bullish,211.92,1.88,"10 Apr, 2026",208.00,Apr 15 | 15:54
ALL NSE,SERFL,Safe Enterprise,Stock,Bullish,238.25,1.88,"08 Apr, 2026",233.85,Apr 15 | 15:51
ALL NSE,SP40,Vintage Coffee,Stock,Bullish,143.55,1.88,"08 Apr, 2026",140.90,Apr 15 | 15:59
ALL NSE,BLB,BLB,Stock,Very Bullish,16.85,1.87,"06 Apr, 2026",16.54,Apr 15 | 15:41
ALL NSE,HFL03,Happy Forgings,Stock,Very Bullish,"1,304.00",1.87,"08 Apr, 2026","1,280.10",Apr 15 | 15:59
ALL NSE,SGB32,SGBN28VIII,ETF,Bullish,"15,097.42",1.87,"08 Apr, 2026","14,820.00",Apr 15 | 15:40
ALL NSE,QUAL317808,IC QUAL30IETF,ETF,Bullish,20.47,1.84,"13 Apr, 2026",20.10,Apr 15 | 15:40
ALL NSE,TI25,Tips Music,Stock,Bullish,551.35,1.82,"07 Apr, 2026",541.50,Apr 15 | 15:52
ALL NSE,GOLD330105,GOLD360,Stock,Bullish,148.10,1.82,"10 Apr, 2026",145.45,Apr 15 | 15:55
ALL NSE,NIE02,Nipp Nifty Mid,ETF,Very Bullish,223.76,1.81,"10 Apr, 2026",219.79,Apr 15 | 15:59
ALL NSE,ZN5,NIFTYCASE,ETF,Bullish,9.64,1.80,"09 Apr, 2026",9.47,Apr 15 | 15:56
ALL NSE,KOTAK13082,Kotak Silver ET,ETF,Bullish,23.89,1.79,"08 Apr, 2026",23.47,Apr 15 | 15:59
ALL NSE,OBC01,Orissa Bengal C,Stock,Very Bullish,56.99,1.79,"13 Apr, 2026",55.99,Apr 15 | 15:42
ALL NSE,SGB10,SGBMAY26,ETF,Bullish,"15,100.00",1.79,"08 Apr, 2026","14,834.44",Apr 15 | 15:31
ALL NSE,QHT,Quick Heal Tech,Stock,Bullish,169.03,1.79,"10 Apr, 2026",166.06,Apr 15 | 15:58
ALL NSE,WP01,Worth Periphera,Stock,Bullish,140.22,1.79,"10 Apr, 2026",137.75,Apr 15 | 15:54
ALL NSE,AXISI11193,Axis Silver ETF,ETF,Bullish,244.17,1.78,"08 Apr, 2026",239.91,Apr 15 | 15:49
ALL NSE,SSL16,Sadhav Shipping,Stock,Bullish,111.95,1.77,"02 Apr, 2026",110.00,Apr 15 | 15:31
ALL NSE,HDFCM14236,HDFC Nifty Mid,ETF,Bullish,21.84,1.77,"10 Apr, 2026",21.46,Apr 15 | 15:52
ALL NSE,MB04,Music Broadcast,Stock,Bullish,6.33,1.77,"07 Apr, 2026",6.22,Apr 15 | 15:41
ALL NSE,SDL02,Suraksha Diagno,Stock,Very Bullish,280.03,1.77,"10 Apr, 2026",275.15,Apr 15 | 15:57
ALL NSE,ABS05,ABSLMSCIN,ETF,Bullish,28.93,1.76,"08 Apr, 2026",28.43,Apr 15 | 15:31
ALL NSE,EF08,Eureka Forbes,Stock,Bullish,502.45,1.76,"10 Apr, 2026",493.75,Apr 15 | 15:52
ALL NSE,GB201,SGBMAY29I,ETF,Bullish,"15,092.69",1.75,"13 Apr, 2026","14,832.73",Apr 15 | 15:40
ALL NSE,LICNM22722,LIC Nifty Mid,ETF,Very Bullish,59.19,1.75,"10 Apr, 2026",58.17,Apr 15 | 15:31
ALL NSE,BD02,Bhageria Indu,Stock,Bullish,161.95,1.74,"08 Apr, 2026",159.18,Apr 15 | 15:52
ALL NSE,AMF02,Axis Gold ETF,ETF,Bullish,126.52,1.74,"10 Apr, 2026",124.36,Apr 15 | 15:58
ALL NSE,OH,Oriental Hotels,Stock,Bullish,98.74,1.74,"08 Apr, 2026",97.05,Apr 15 | 15:59
ALL NSE,SGB17,SGBDC27VII,ETF,Bullish,"15,000.01",1.73,"13 Apr, 2026","14,745.50",Apr 15 | 15:50
ALL NSE,CC22,Adroit Infotech,Stock,Bullish,10.05,1.72,"09 Apr, 2026",9.88,Apr 15 | 15:40
ALL NSE,GD01,Gateway Distri,Stock,Bullish,57.61,1.71,"09 Apr, 2026",56.64,Apr 15 | 15:59
ALL NSE,AGG,Archies,Stock,Bullish,14.85,1.71,"09 Apr, 2026",14.60,Apr 15 | 15:40
ALL NSE,TT03,BLACK BOX,Stock,Very Bullish,532.65,1.70,"10 Apr, 2026",523.75,Apr 15 | 15:59
ALL NSE,KNC,Kotak CHEMICAL,ETF,Bullish,27.55,1.70,"13 Apr, 2026",27.09,Apr 15 | 15:41
ALL NSE,EQUAL30121,EQUAL200,ETF,Bullish,13.16,1.70,"10 Apr, 2026",12.94,Apr 15 | 15:31
ALL NSE,MASIL16777,Mirae SilverET,ETF,Bullish,238.83,1.69,"08 Apr, 2026",234.86,Apr 15 | 15:50
ALL NSE,SPENC54233,Spencer Retail,Stock,Bullish,34.42,1.68,"10 Apr, 2026",33.85,Apr 15 | 15:53
ALL NSE,NILAS7450,Nila Spaces,Stock,Bullish,13.96,1.68,"09 Apr, 2026",13.73,Apr 15 | 15:52
ALL NSE,KNQ,KM QUALITY30,ETF,Bullish,20.13,1.67,"08 Apr, 2026",19.80,Apr 15 | 15:31
ALL NSE,CMC01,Centum Electron,Stock,Very Bullish,"2,862.30",1.67,"10 Apr, 2026","2,815.40",Apr 15 | 15:59
ALL NSE,AM11,Alkali Metals,Stock,Bullish,65.92,1.65,"08 Apr, 2026",64.85,Apr 15 | 15:41
ALL NSE,HPF01,Pearl Global In,Stock,Very Bullish,"1,556.10",1.64,"06 Apr, 2026","1,531.00",Apr 15 | 15:58
ALL NSE,CIT,Cerebra Int,Stock,Bullish,5.00,1.63,"09 Apr, 2026",4.92,Apr 15 | 15:41
ALL NSE,SCAML,Sharp Chucks,Stock,Very Bullish,140.00,1.63,"18 Mar, 2026",137.75,Apr 15 | 15:31
ALL NSE,TCL03,TBI Corn,Stock,Bullish,72.05,1.62,"08 Apr, 2026",70.90,Apr 15 | 15:51
ALL NSE,VL04,Vimta Labs,Stock,Bullish,470.65,1.62,"10 Apr, 2026",463.15,Apr 15 | 15:59
ALL NSE,SE32,Sungarner,Stock,Very Bullish,189.00,1.61,"07 Apr, 2026",186.00,Apr 15 | 15:31
ALL NSE,PEI01,Sambhaav Media,Stock,Bullish,6.94,1.61,"09 Apr, 2026",6.83,Apr 15 | 15:45
ALL NSE,VTF,Viyash Scientif,Stock,Very Bullish,210.20,1.61,"08 Apr, 2026",206.87,Apr 15 | 15:51
ALL NSE,DP06,Mangalam Organ,Stock,Bullish,428.85,1.60,"09 Apr, 2026",422.10,Apr 15 | 15:31
ALL NSE,GCE01,Garuda Const,Stock,Bullish,173.92,1.59,"10 Apr, 2026",171.20,Apr 15 | 15:59
ALL NSE,MOS,MO S&P BSE Enh,ETF,Bullish,116.99,1.59,"10 Apr, 2026",115.16,Apr 15 | 15:46
ALL NSE,ENL,ELM250,ETF,Bullish,15.97,1.59,"13 Apr, 2026",15.72,Apr 15 | 15:31
ALL NSE,HNM,HDFC Momentum,ETF,Bullish,30.82,1.58,"10 Apr, 2026",30.34,Apr 15 | 15:48
ALL NSE,GI19,Greenply Ind,Stock,Bullish,215.37,1.58,"09 Apr, 2026",212.03,Apr 15 | 15:52
ALL NSE,TWI,The Western Ind,Stock,Very Bullish,157.19,1.56,"08 Apr, 2026",154.78,Apr 15 | 15:57
ALL NSE,DNF,DSPFLEXIADD,ETF,Bullish,9.74,1.56,"08 Apr, 2026",9.59,Apr 15 | 15:40
ALL NSE,GL02,Stylam Ind,Stock,Very Bullish,"2,250.60",1.56,"06 Apr, 2026","2,216.10",Apr 15 | 15:46
ALL NSE,NCS02,Niraj Cement,Stock,Bullish,29.23,1.56,"10 Apr, 2026",28.78,Apr 15 | 15:52
ALL NSE,SE26,Softtech Engine,Stock,Very Bullish,309.75,1.55,"08 Apr, 2026",305.01,Apr 15 | 15:40
ALL NSE,IC07,Iris Clothings ,Stock,Bullish,33.07,1.54,"08 Apr, 2026",32.57,Apr 15 | 15:49
ALL NSE,P09,M K Proteins,Stock,Very Bullish,5.26,1.54,"06 Apr, 2026",5.18,Apr 15 | 15:53
ALL NSE,KMF03,Kotak Gold ETF,ETF,Bullish,126.50,1.54,"10 Apr, 2026",124.58,Apr 15 | 15:59
ALL NSE,MAS02,Mirae SP 500,ETF,Very Bullish,71.02,1.54,"06 Apr, 2026",69.94,Apr 15 | 15:59
ALL NSE,LGJ,Lypsa Gems,Stock,Bullish,5.30,1.53,"08 Apr, 2026",5.22,Apr 15 | 15:47
ALL NSE,DNN,DSP NEXT50ADD,ETF,Bullish,68.63,1.51,"10 Apr, 2026",67.61,Apr 15 | 15:56
ALL NSE,ILF,ILandFS,Stock,Very Bullish,7.38,1.51,"09 Apr, 2026",7.27,Apr 15 | 15:58
ALL NSE,EEI,Eimco Elecon,Stock,Bullish,"1,631.10",1.51,"07 Apr, 2026","1,606.90",Apr 15 | 15:59
ALL NSE,CB08,CSB Bank,Stock,Bullish,412.25,1.50,"08 Apr, 2026",406.15,Apr 15 | 15:59
ALL NSE,KWI,Kwality Walls,Stock,Bullish,25.22,1.49,"10 Apr, 2026",24.85,Apr 15 | 15:59
ALL NSE,SELEC30109,SELECTIPO,ETF,Bullish,42.37,1.49,"10 Apr, 2026",41.75,Apr 15 | 15:31
ALL NSE,SI84,Sahyadri Ind,Stock,Bullish,247.64,1.47,"08 Apr, 2026",244.06,Apr 15 | 15:52
ALL NSE,ICI10,Ipru Gold ETF,ETF,Bullish,129.81,1.47,"10 Apr, 2026",127.93,Apr 15 | 15:57
ALL NSE,PIC01,Pricol,Stock,Very Bullish,577.70,1.47,"08 Apr, 2026",569.35,Apr 15 | 15:59
ALL NSE,BVL01,BMW Ventures,Stock,Very Bullish,59.19,1.46,"08 Apr, 2026",58.34,Apr 15 | 15:57
ALL NSE,PFTL,PRO FX Tech,Stock,Bullish,70.00,1.45,"07 Apr, 2026",69.00,Apr 15 | 15:42
ALL NSE,EGOLD19933,EGOLD,ETF,Bullish,151.55,1.44,"13 Apr, 2026",149.40,Apr 15 | 15:55
ALL NSE,SGB30,SGBOC28VII,ETF,Bullish,"15,020.85",1.44,"09 Apr, 2026","14,808.21",Apr 15 | 15:50
ALL NSE,MF15,Madras Fert,Stock,Bullish,67.59,1.44,"09 Apr, 2026",66.63,Apr 15 | 15:53
ALL NSE,UTI18,UTI Gold ETF,ETF,Bullish,127.55,1.43,"13 Apr, 2026",125.75,Apr 15 | 15:53
ALL NSE,RO01,Royal Orchid,Stock,Bullish,361.50,1.43,"09 Apr, 2026",356.40,Apr 15 | 15:58
ALL NSE,NCIL,Nephro Care Ind,Stock,Bullish,85.05,1.43,"09 Apr, 2026",83.85,Apr 15 | 15:58
ALL NSE,DSPGO15356,DSP Gold ETF,ETF,Bullish,147.23,1.42,"13 Apr, 2026",145.17,Apr 15 | 15:40
ALL NSE,KNA,Kotak NiftyAlp,ETF,Bullish,48.29,1.41,"10 Apr, 2026",47.62,Apr 15 | 15:54
ALL NSE,JFL04,Jet Freight Log,Stock,Bullish,17.99,1.41,"09 Apr, 2026",17.74,Apr 15 | 15:59
ALL NSE,ICF01,Indostar Capita,Stock,Bullish,217.15,1.40,"08 Apr, 2026",214.15,Apr 15 | 15:57
ALL NSE,KTP,Kavveri Defence,Stock,Bullish,65.20,1.40,"10 Apr, 2026",64.30,Apr 15 | 15:47
ALL NSE,SR04,Speciality Rest,Stock,Bullish,103.40,1.40,"08 Apr, 2026",101.97,Apr 15 | 15:59
ALL NSE,PII04,Powergrid,Stock,Very Bullish,93.46,1.40,"02 Apr, 2026",92.17,Apr 15 | 15:56
ALL NSE,TNP,Tamil Newsprint,Stock,Very Bullish,137.80,1.38,"10 Apr, 2026",135.92,Apr 15 | 15:59
ALL NSE,UTINE21478,UTI Nifty Next,ETF,Very Bullish,73.84,1.37,"10 Apr, 2026",72.84,Apr 15 | 15:44
ALL NSE,E09,SJS Enterprises,Stock,Very Bullish,"1,747.10",1.37,"08 Apr, 2026","1,723.50",Apr 15 | 15:59
ALL NSE,NHSL,Nephrocare Heal,Stock,Bullish,559.85,1.37,"09 Apr, 2026",552.30,Apr 15 | 15:59
ALL NSE,MAGOL14286,Mirae Gold ETF,ETF,Bullish,147.09,1.36,"13 Apr, 2026",145.12,Apr 15 | 15:52
ALL NSE,BSL02,ABSL Life Gold,ETF,Bullish,133.27,1.36,"13 Apr, 2026",131.48,Apr 15 | 15:42
ALL NSE,AA02,BOSCH-HCIL,Stock,Bullish,"1,359.30",1.35,"09 Apr, 2026","1,341.20",Apr 15 | 15:45
ALL NSE,SGB24,SGBAPR28I,ETF,Bullish,"15,151.30",1.35,"10 Apr, 2026","14,949.00",Apr 15 | 15:57
ALL NSE,SBI15,SBI Gold ETF,ETF,Bullish,129.31,1.34,"13 Apr, 2026",127.60,Apr 15 | 15:59
ALL NSE,RI03,Rallis India,Stock,Bullish,262.19,1.34,"08 Apr, 2026",258.73,Apr 15 | 15:59
ALL NSE,AONET29975,AONETOTAL,ETF,Bullish,11.44,1.33,"10 Apr, 2026",11.29,Apr 15 | 15:57
ALL NSE,NIFTY10690,NIFTYQLITY,ETF,Bullish,20.79,1.32,"13 Apr, 2026",20.52,Apr 15 | 15:56
ALL NSE,AMS,Apollo Micro Sy,Stock,Bullish,235.58,1.32,"09 Apr, 2026",232.52,Apr 15 | 15:59
ALL NSE,SCL19,Siddhi Cotspin,Stock,Very Bullish,30.90,1.31,"01 Apr, 2026",30.50,Apr 15 | 15:59
ALL NSE,ZNM,Zero Nifty Mid,ETF,Very Bullish,10.81,1.31,"10 Apr, 2026",10.67,Apr 15 | 15:55
ALL NSE,PRAXI54090,Praxis Home Ret,Stock,Very Bullish,7.81,1.30,"09 Apr, 2026",7.71,Apr 15 | 15:43
ALL NSE,SPB,Seshasayee Pape,Stock,Very Bullish,263.47,1.29,"08 Apr, 2026",260.11,Apr 15 | 15:59
ALL NSE,SGB16,SGBOCT27VI,ETF,Bullish,"15,092.87",1.29,"10 Apr, 2026","14,900.00",Apr 15 | 15:31
ALL NSE,MOMGF75709,MOMGF,ETF,Very Bullish,153.19,1.29,"10 Apr, 2026",151.24,Apr 15 | 15:31
ALL NSE,MULTI25080,MA N500 502525,ETF,Bullish,15.83,1.28,"10 Apr, 2026",15.63,Apr 15 | 15:59
ALL NSE,GOLDC22901,Zerodha Gold,ETF,Bullish,23.82,1.28,"13 Apr, 2026",23.52,Apr 15 | 15:57
ALL NSE,SSM05,Siyaram Silk,Stock,Bullish,544.10,1.27,"08 Apr, 2026",537.30,Apr 15 | 15:59
ALL NSE,MANXT17181,Mirae NiftyNext,ETF,Very Bullish,705.70,1.26,"10 Apr, 2026",696.93,Apr 15 | 15:31
ALL NSE,ABS06,ABSL Top10 Bk,ETF,Bullish,169.04,1.26,"08 Apr, 2026",166.93,Apr 15 | 15:31
ALL NSE,UNION29687,UNIONGOLD,Stock,Bullish,148.70,1.26,"13 Apr, 2026",146.85,Apr 15 | 15:31
ALL NSE,BVC,Barak Vally Cem,Stock,Bullish,43.03,1.25,"09 Apr, 2026",42.50,Apr 15 | 15:42
ALL NSE,HNN,HDFC NiftyNext,ETF,Very Bullish,69.80,1.25,"10 Apr, 2026",68.94,Apr 15 | 15:58
ALL NSE,HDF02,HDFC GOLD ETF,ETF,Bullish,129.42,1.24,"13 Apr, 2026",127.83,Apr 15 | 15:56
ALL NSE,RCP,Semac Construct,Stock,Very Bullish,268.16,1.23,"08 Apr, 2026",264.89,Apr 15 | 15:58
ALL NSE,RMF04,Nipp Nifty Div,ETF,Bullish,80.52,1.21,"08 Apr, 2026",79.56,Apr 15 | 15:31
ALL NSE,SDI01,Shyam Dhani Ind,Stock,Bullish,71.90,1.20,"07 Apr, 2026",71.05,Apr 15 | 15:41
ALL NSE,KD05,KDDL,Stock,Very Bullish,"2,393.70",1.20,"10 Apr, 2026","2,365.40",Apr 15 | 15:59
ALL NSE,TEL06,Tunwal E-Motors,Stock,Very Bullish,34.10,1.19,"07 Apr, 2026",33.70,Apr 15 | 15:58
ALL NSE,SGBJA8308,SGBJAN27,ETF,Bullish,"15,050.00",1.18,"13 Apr, 2026","14,874.90",Apr 15 | 15:40
ALL NSE,MOMID75781,MOMIDMTM,ETF,Very Bullish,62.44,1.17,"10 Apr, 2026",61.72,Apr 15 | 15:51
ALL NSE,AMD01,AMD Industries,Stock,Very Bullish,43.16,1.15,"08 Apr, 2026",42.67,Apr 15 | 15:45
ALL NSE,OPL01,OBSC Perfection,Stock,Very Bullish,320.75,1.14,"08 Apr, 2026",317.15,Apr 15 | 15:57
ALL NSE,GNC01,GROWWCHEM,ETF,Bullish,27.48,1.14,"10 Apr, 2026",27.17,Apr 15 | 15:43
ALL NSE,PAI03,Piccadily Agro,Stock,Bullish,569.70,1.12,"08 Apr, 2026",563.40,Apr 15 | 15:59
ALL NSE,RSL09,RNFI Services,Stock,Bullish,300.00,1.10,"08 Apr, 2026",296.75,Apr 15 | 15:31
ALL NSE,BP02,Bal Pharma,Stock,Bullish,76.56,1.10,"08 Apr, 2026",75.73,Apr 15 | 15:53
ALL NSE,ALPHA19640,ALPHAETF,ETF,Very Bullish,25.10,1.09,"10 Apr, 2026",24.83,Apr 15 | 15:46
ALL NSE,AEL05,Aprameya Engine,Stock,Bullish,237.50,1.09,"09 Apr, 2026",234.95,Apr 15 | 15:31
ALL NSE,SH17,Samhi Hotels,Stock,Bullish,161.02,1.09,"08 Apr, 2026",159.29,Apr 15 | 15:59
ALL NSE,M11,MOIL,Stock,Bullish,309.00,1.08,"10 Apr, 2026",305.70,Apr 15 | 15:59
ALL NSE,PT01,Pix Transmis,Stock,Very Bullish,"1,466.40",1.08,"25 Mar, 2026","1,450.80",Apr 15 | 15:58
ALL NSE,GS12,Geojit Fin,Stock,Bullish,64.89,1.06,"10 Apr, 2026",64.21,Apr 15 | 15:52
ALL NSE,KCE,Kay Cee Energy ,Stock,Bullish,129.40,1.05,"08 Apr, 2026",128.05,Apr 15 | 15:53
ALL NSE,GBE,Nipp Gold Bees,ETF,Bullish,125.06,1.05,"13 Apr, 2026",123.76,Apr 15 | 15:59
ALL NSE,KF02,Kalyani Forge,Stock,Very Bullish,608.65,1.05,"13 Apr, 2026",602.35,Apr 15 | 15:31
ALL NSE,HOE01,HOEC,Stock,Very Bullish,156.48,1.05,"10 Apr, 2026",154.86,Apr 15 | 15:58
ALL NSE,AD,Aarti Drugs,Stock,Bullish,365.30,1.04,"08 Apr, 2026",361.55,Apr 15 | 15:59
ALL NSE,RRM01,Raghav Producti,Stock,Bullish,708.45,1.03,"10 Apr, 2026",701.20,Apr 15 | 15:56
ALL NSE,RPE,Ratnaveer Preci,Stock,Very Bullish,158.75,1.02,"13 Apr, 2026",157.15,Apr 15 | 15:59
ALL NSE,CONSU28969,CONSUMER,ETF,Bullish,10.95,1.01,"10 Apr, 2026",10.84,Apr 15 | 15:47
ALL NSE,ETP01,Easy Trip,Stock,Bullish,7.97,1.01,"08 Apr, 2026",7.89,Apr 15 | 15:59
ALL NSE,BMF,Nipp Nifty PSU,ETF,Bullish,98.11,1.00,"08 Apr, 2026",97.14,Apr 15 | 15:59
ALL NSE,GNP02,Groww PSU Bk,ETF,Bullish,88.22,1.00,"08 Apr, 2026",87.35,Apr 15 | 15:31
ALL NSE,MII02,Manilam Industr,Stock,Bullish,56.90,0.98,"01 Apr, 2026",56.35,Apr 15 | 15:31
ALL NSE,IFB02,IFB Industries,Stock,Bullish,"1,091.70",0.97,"10 Apr, 2026","1,081.25",Apr 15 | 15:59
ALL NSE,MV02,Magnum Ventures,Stock,Bullish,21.82,0.97,"06 Apr, 2026",21.61,Apr 15 | 15:40
ALL NSE,MC07,Mazda,Stock,Bullish,204.73,0.94,"10 Apr, 2026",202.82,Apr 15 | 15:42
ALL NSE,SV04,Surana Solar,Stock,Bullish,23.64,0.94,"08 Apr, 2026",23.42,Apr 15 | 15:48
ALL NSE,PSUBA14584,Ipru Nifty PSU,ETF,Bullish,89.14,0.94,"08 Apr, 2026",88.31,Apr 15 | 15:52
ALL NSE,REI05,Revathi Equipme,Stock,Bullish,635.95,0.93,"08 Apr, 2026",630.10,Apr 15 | 15:31
ALL NSE,UPG,United Polyfab ,Stock,Very Bullish,28.63,0.92,"08 Apr, 2026",28.37,Apr 15 | 15:59
ALL NSE,HOV,HANDSON GLOBAL,Stock,Bullish,54.50,0.91,"13 Apr, 2026",54.01,Apr 15 | 15:40
ALL NSE,SR06,Silgo Retail,Stock,Very Bullish,75.51,0.90,"01 Apr, 2026",74.84,Apr 15 | 15:56
ALL NSE,CAL02,Canarys Automat,Stock,Bullish,22.70,0.89,"09 Apr, 2026",22.50,Apr 15 | 15:42
ALL NSE,MAN01,Mirae NiftyFin,ETF,Bullish,27.34,0.89,"10 Apr, 2026",27.10,Apr 15 | 15:49
ALL NSE,JHL,Juniper Hotels,Stock,Bullish,219.56,0.89,"10 Apr, 2026",217.62,Apr 15 | 15:59
ALL NSE,MI54,Mallcom (India),Stock,Bullish,"1,111.10",0.88,"08 Apr, 2026","1,101.45",Apr 15 | 15:47
ALL NSE,SG16,Senco Gold,Stock,Bullish,326.30,0.88,"06 Apr, 2026",323.45,Apr 15 | 15:59
ALL NSE,EI06,Esab India,Stock,Bullish,"5,463.60",0.87,"09 Apr, 2026","5,416.40",Apr 15 | 15:43
ALL NSE,DNM,DSP MidcapQual,ETF,Bullish,235.92,0.86,"10 Apr, 2026",233.91,Apr 15 | 15:49
ALL NSE,YS02,Yudiz Solutions,Stock,Bullish,29.65,0.85,"09 Apr, 2026",29.40,Apr 15 | 15:31
ALL NSE,GS15,Globus Spirits,Stock,Bullish,927.75,0.81,"07 Apr, 2026",920.30,Apr 15 | 15:46
ALL NSE,PRL01,Premier Road,Stock,Bullish,62.50,0.81,"07 Apr, 2026",62.00,Apr 15 | 15:40
ALL NSE,R08,Redtape,Stock,Very Bullish,122.20,0.80,"08 Apr, 2026",121.23,Apr 15 | 15:59
ALL NSE,TCI,Thomas Cook,Stock,Bullish,107.70,0.79,"10 Apr, 2026",106.86,Apr 15 | 15:59
ALL NSE,GRI,Guj Raffia Ind,Stock,Very Bullish,39.68,0.79,"08 Apr, 2026",39.37,Apr 15 | 15:40
ALL NSE,KOTAK10512,Kotak NiftyInd,ETF,Bullish,11.56,0.78,"10 Apr, 2026",11.47,Apr 15 | 15:56
ALL NSE,NIN02,MANUFGBEES,ETF,Bullish,153.27,0.78,"10 Apr, 2026",152.08,Apr 15 | 15:44
ALL NSE,AIL07,AVP Infracon,Stock,Bullish,104.70,0.77,"07 Apr, 2026",103.90,Apr 15 | 15:58
ALL NSE,TT01,Tamil Telecom,Stock,Very Bullish,10.70,0.75,"08 Apr, 2026",10.62,Apr 15 | 15:44
ALL NSE,ACML,Ashwini Contain,Stock,Bullish,142.55,0.74,"09 Apr, 2026",141.50,Apr 15 | 15:40
ALL NSE,E10,Ethos,Stock,Bullish,"2,461.80",0.71,"08 Apr, 2026","2,444.40",Apr 15 | 15:54
ALL NSE,RL07,S D Retail,Stock,Bullish,85.00,0.71,"10 Apr, 2026",84.40,Apr 15 | 15:31
ALL NSE,SHF02,SRG Housing Fin,Stock,Bullish,267.83,0.69,"08 Apr, 2026",266.00,Apr 15 | 15:55
ALL NSE,MFS09,MAS Financial S,Stock,Bullish,313.70,0.69,"08 Apr, 2026",311.55,Apr 15 | 15:57
ALL NSE,UAM,Unimech Aerospa,Stock,Bullish,913.60,0.69,"13 Apr, 2026",907.35,Apr 15 | 15:59
ALL NSE,NAG,Nirman Agri,Stock,Very Bullish,51.45,0.68,"10 Apr, 2026",51.10,Apr 15 | 15:43
ALL NSE,BMF01,Nipp Hang Seng,ETF,Very Bullish,527.28,0.67,"08 Apr, 2026",523.77,Apr 15 | 15:59
ALL NSE,SANL,Shri Ahimsa,Stock,Very Bullish,250.15,0.66,"08 Apr, 2026",248.50,Apr 15 | 15:51
ALL NSE,NIFMI18347,NIFMID150,ETF,Very Bullish,217.76,0.65,"10 Apr, 2026",216.36,Apr 15 | 15:31
ALL NSE,IFB,IFB Agro,Stock,Very Bullish,866.95,0.65,"10 Apr, 2026",861.35,Apr 15 | 15:58
ALL NSE,MAN02,Mirae INDIAETF,ETF,Very Bullish,155.40,0.65,"10 Apr, 2026",154.39,Apr 15 | 15:54
ALL NSE,HR01,Hind Rectifiers,Stock,Very Bullish,845.75,0.64,"10 Apr, 2026",840.40,Apr 15 | 15:58
ALL NSE,MOGSE1507,MOGSEC,ETF,Very Bullish,64.19,0.63,"08 Apr, 2026",63.79,Apr 15 | 15:49
ALL NSE,ADL,Archidply Decor,Stock,Bullish,70.52,0.63,"10 Apr, 2026",70.08,Apr 15 | 15:46
ALL NSE,RMT,Ratnamani Metal,Stock,Bullish,"2,335.20",0.63,"09 Apr, 2026","2,320.60",Apr 15 | 15:56
ALL NSE,FS11,Fidel Softech,Stock,Bullish,144.90,0.63,"08 Apr, 2026",144.00,Apr 15 | 15:31
ALL NSE,IBC,Indo Borax,Stock,Very Bullish,255.26,0.62,"06 Apr, 2026",253.68,Apr 15 | 15:48
ALL NSE,VL09,Vineet Lab,Stock,Bullish,32.49,0.62,"08 Apr, 2026",32.29,Apr 15 | 15:54
ALL NSE,KLS,Kronox Lab Scie,Stock,Very Bullish,131.60,0.61,"06 Apr, 2026",130.80,Apr 15 | 15:50
ALL NSE,BANKP25725,BANKPSU,ETF,Bullish,88.42,0.61,"10 Apr, 2026",87.88,Apr 15 | 15:31
ALL NSE,HDFCB14230,HDFC BSE 500,ETF,Bullish,36.15,0.61,"10 Apr, 2026",35.93,Apr 15 | 15:31
ALL NSE,SBIET7218,SBI QualityETF,ETF,Bullish,215.91,0.60,"10 Apr, 2026",214.63,Apr 15 | 15:31
ALL NSE,NIE05,Nipp Nifty 5yr,ETF,Very Bullish,64.60,0.58,"08 Apr, 2026",64.23,Apr 15 | 15:50
ALL NSE,NIFTY29944,NIFTY100EW,Stock,Bullish,33.43,0.57,"10 Apr, 2026",33.24,Apr 15 | 15:40
ALL NSE,SES03,Sahasra Electro,Stock,Bullish,248.70,0.57,"10 Apr, 2026",247.30,Apr 15 | 15:43
ALL NSE,PL06,Pokarna,Stock,Very Bullish,901.55,0.54,"06 Apr, 2026",896.70,Apr 15 | 15:59
ALL NSE,JPF,Consol Finvest,Stock,Bullish,221.10,0.54,"10 Apr, 2026",219.91,Apr 15 | 15:44
ALL NSE,MON5075690,MON50EQUAL,ETF,Bullish,32.54,0.53,"10 Apr, 2026",32.37,Apr 15 | 15:31
ALL NSE,WFP,Wealth First Po,Stock,Bullish,944.10,0.53,"10 Apr, 2026",939.10,Apr 15 | 15:58
ALL NSE,DCI,Dredging Corp,Stock,Bullish,905.35,0.51,"13 Apr, 2026",900.75,Apr 15 | 15:51
ALL NSE,SF31,Sarveshwar Food,Stock,Bullish,3.97,0.51,"08 Apr, 2026",3.95,Apr 15 | 15:58
ALL NSE,IBP01,Interarch Build,Stock,Bullish,"1,931.40",0.49,"08 Apr, 2026","1,922.00",Apr 15 | 15:56
ALL NSE,EVIND24461,Mirae EV ETF,ETF,Bullish,29.46,0.48,"10 Apr, 2026",29.32,Apr 15 | 15:58
ALL NSE,NIF5G22521,UTI NIF5GETF,ETF,Very Bullish,65.21,0.48,"09 Apr, 2026",64.90,Apr 15 | 15:31
ALL NSE,GNENAA,GROW Nifty EV,ETF,Bullish,29.51,0.48,"10 Apr, 2026",29.37,Apr 15 | 15:57
ALL NSE,BL04,Brooks Labs,Stock,Bullish,72.07,0.47,"08 Apr, 2026",71.73,Apr 15 | 15:49
ALL NSE,PEP03,Pratham EPC Pro,Stock,Very Bullish,138.00,0.47,"07 Apr, 2026",137.35,Apr 15 | 15:46
ALL NSE,AP07,Amines Plast,Stock,Bullish,160.52,0.47,"10 Apr, 2026",159.77,Apr 15 | 15:43
ALL NSE,SMS,HALEOSLABS,Stock,Very Bullish,"1,293.60",0.46,"02 Apr, 2026","1,287.70",Apr 15 | 15:31
ALL NSE,SBE02,Nipp Nifty50 Sh,ETF,Bullish,469.75,0.46,"08 Apr, 2026",467.59,Apr 15 | 15:49
ALL NSE,PEL06,Positron Energy,Stock,Bullish,164.70,0.46,"07 Apr, 2026",163.95,Apr 15 | 15:43
ALL NSE,BLF,Baid Finserv,Stock,Very Bullish,11.19,0.45,"08 Apr, 2026",11.14,Apr 15 | 15:55
ALL NSE,GAC03,Gillanders Arbu,Stock,Very Bullish,90.02,0.45,"09 Apr, 2026",89.62,Apr 15 | 15:31
ALL NSE,DSPPS17616,DSP PSBank ETF,ETF,Bullish,88.44,0.44,"10 Apr, 2026",88.05,Apr 15 | 15:48
ALL NSE,DLI,Smartlink Net,Stock,Bullish,124.32,0.43,"09 Apr, 2026",123.79,Apr 15 | 15:54
ALL NSE,HDFCP22595,HDFCPSUBK,Stock,Bullish,88.91,0.41,"10 Apr, 2026",88.55,Apr 15 | 15:49
ALL NSE,AH10,Abans Financial,Stock,Very Bullish,208.57,0.36,"13 Apr, 2026",207.82,Apr 15 | 15:53
ALL NSE,AS32,Annapurna,Stock,Bullish,182.50,0.36,"01 Apr, 2026",181.85,Apr 15 | 15:55
ALL NSE,BBE02,BB Apr 32 ETF,ETF,Very Bullish,"1,316.84",0.36,"10 Apr, 2026","1,312.18",Apr 15 | 15:54
ALL NSE,VSS01,Vardhman Steels,Stock,Bullish,253.01,0.35,"13 Apr, 2026",252.14,Apr 15 | 15:44
ALL NSE,HM02,Harrisons Malay,Stock,Very Bullish,190.25,0.33,"06 Apr, 2026",189.63,Apr 15 | 15:41
ALL NSE,MPM03,Malu Paper,Stock,Bullish,33.34,0.33,"08 Apr, 2026",33.23,Apr 15 | 15:59
ALL NSE,BKI01,Restaurant Bran,Stock,Bullish,62.91,0.33,"10 Apr, 2026",62.70,Apr 15 | 15:59
ALL NSE,FFS05,Finbud Financia,Stock,Bullish,108.85,0.32,"10 Apr, 2026",108.50,Apr 15 | 15:40
ALL NSE,EVIET75588,ICICI EVIETF,ETF,Bullish,29.57,0.31,"10 Apr, 2026",29.48,Apr 15 | 15:40
ALL NSE,CRL02,Corona Remedies,Stock,Bullish,"1,582.00",0.30,"13 Apr, 2026","1,577.30",Apr 15 | 15:48
ALL NSE,EIE,Eurotex,Stock,Very Bullish,13.99,0.29,"08 Apr, 2026",13.95,Apr 15 | 15:42
ALL NSE,DN02,Den Networks,Stock,Bullish,29.04,0.28,"10 Apr, 2026",28.96,Apr 15 | 15:54
ALL NSE,AWH,Antony Waste,Stock,Bullish,512.05,0.27,"09 Apr, 2026",510.65,Apr 15 | 15:59
ALL NSE,BGT,Bikewo Green,Stock,Very Bullish,20.00,0.25,"07 Apr, 2026",19.95,Apr 15 | 15:49
ALL NSE,AD01,Albert David,Stock,Very Bullish,727.60,0.25,"09 Apr, 2026",725.80,Apr 15 | 15:49
ALL NSE,HCL,HCL Info,Stock,Bullish,12.50,0.24,"08 Apr, 2026",12.47,Apr 15 | 15:46
ALL NSE,DRL02,Deem Roll-Tech,Stock,Bullish,41.05,0.24,"09 Apr, 2026",40.95,Apr 15 | 15:31
ALL NSE,AL19,Atmastco L,Stock,Bullish,150.65,0.23,"08 Apr, 2026",150.30,Apr 15 | 15:47
ALL NSE,FC06,Fineotex Chem,Stock,Bullish,23.04,0.22,"08 Apr, 2026",22.99,Apr 15 | 15:59
ALL NSE,GKSSL,Gujarat Kidney,Stock,Bullish,108.10,0.22,"07 Apr, 2026",107.86,Apr 15 | 15:58
ALL NSE,CE,Century Enka,Stock,Bullish,428.80,0.20,"10 Apr, 2026",427.95,Apr 15 | 15:58
ALL NSE,NAL,Nova Agritech,Stock,Bullish,29.99,0.20,"08 Apr, 2026",29.93,Apr 15 | 15:54
ALL NSE,HTG,The Hi-Tech Gea,Stock,Bullish,620.25,0.19,"13 Apr, 2026",619.05,Apr 15 | 15:46
ALL NSE,CA01,Chemfab Alkalis,Stock,Bullish,391.80,0.19,"10 Apr, 2026",391.05,Apr 15 | 15:51
ALL NSE,DT,Damodar Ind,Stock,Bullish,27.16,0.18,"10 Apr, 2026",27.11,Apr 15 | 15:51
ALL NSE,BAS01,Bannari A Spg,Stock,Bullish,22.29,0.18,"09 Apr, 2026",22.25,Apr 15 | 15:57
ALL NSE,VR03,V-Mart Retail,Stock,Bullish,613.50,0.17,"06 Apr, 2026",612.45,Apr 15 | 15:59
ALL NSE,AL05,Apcotex Ind,Stock,Very Bullish,382.35,0.17,"08 Apr, 2026",381.70,Apr 15 | 15:57
ALL NSE,EIF,Euro India Fres,Stock,Very Bullish,240.73,0.16,"06 Apr, 2026",240.35,Apr 15 | 15:31
ALL NSE,SCP02,Sheetal Cool Pr,Stock,Bullish,319.85,0.14,"01 Apr, 2026",319.40,Apr 15 | 15:47
ALL NSE,TTK,TTK Healthcare,Stock,Bullish,887.60,0.14,"10 Apr, 2026",886.35,Apr 15 | 15:40
ALL NSE,MON01,MO Nifty200Mom,ETF,Bullish,61.70,0.13,"10 Apr, 2026",61.62,Apr 15 | 15:56
ALL NSE,KE9,Karma Energy,Stock,Bullish,41.46,0.12,"09 Apr, 2026",41.41,Apr 15 | 15:31
ALL NSE,A9,Atlanta,Stock,Bullish,41.58,0.12,"08 Apr, 2026",41.53,Apr 15 | 15:54
ALL NSE,EC07,Krishival Foods,Stock,Bullish,324.95,0.12,"15 Apr, 2026",324.55,Apr 15 | 15:31
ALL NSE,BBE,BB ETF-April 31,ETF,Very Bullish,"1,399.25",0.11,"10 Apr, 2026","1,397.71",Apr 15 | 15:54
ALL NSE,MAN08,Mir Top20 Eq.,ETF,Bullish,8.83,0.11,"08 Apr, 2026",8.82,Apr 15 | 15:31
ALL NSE,IPN03,Ipru Nifty 200,ETF,Bullish,31.11,0.10,"10 Apr, 2026",31.08,Apr 15 | 15:57
ALL NSE,BBE03,BB Apr 33 ETF,ETF,Very Bullish,"1,274.74",0.10,"10 Apr, 2026","1,273.53",Apr 15 | 15:54
ALL NSE,AI43,Race Eco Chain,Stock,Very Bullish,129.17,0.09,"06 Apr, 2026",129.06,Apr 15 | 15:41
ALL NSE,IRS01,INFOLLION,Stock,Bullish,325.70,0.08,"07 Apr, 2026",325.45,Apr 15 | 15:31
ALL NSE,SBIBP30290,SBIBPB,ETF,Bullish,50.76,0.08,"08 Apr, 2026",50.72,Apr 15 | 15:59
ALL NSE,EBBET16253,BB Apr 30 ETF,ETF,Very Bullish,"1,570.60",0.06,"10 Apr, 2026","1,569.62",Apr 15 | 15:54
ALL NSE,SEP,SKM Egg Product,Stock,Bullish,175.95,0.05,"08 Apr, 2026",175.86,Apr 15 | 15:50
ALL NSE,DML03,DJ Mediaprint,Stock,Bullish,85.78,0.05,"13 Apr, 2026",85.74,Apr 15 | 15:51
ALL NSE,STE01,STEL Holdings,Stock,Bullish,477.65,0.02,"07 Apr, 2026",477.55,Apr 15 | 15:58
ALL NSE,TEIL,TechEra Enginee,Stock,Bullish,202.00,0.02,"10 Apr, 2026",201.95,Apr 15 | 15:51
ALL NSE,RMF03,NIPP Nifty Ind,ETF,Bullish,125.28,0.00,"15 Apr, 2026",125.28,Apr 15 | 15:57
ALL NSE,SPI14,Sylvan Plyboard,Stock,Bullish,54.00,0.00,"15 Apr, 2026",54.00,Apr 15 | 15:44
ALL NSE,WMC,Williamson Mago,Stock,Bullish,27.76,0.00,"15 Apr, 2026",27.76,Apr 15 | 15:53
ALL NSE,MIL20,Mason Infratech,Stock,Bullish,164.00,0.00,"15 Apr, 2026",164.00,Apr 15 | 15:46
ALL NSE,JTI,Jayshree Tea,Stock,Bullish,84.76,0.00,"15 Apr, 2026",84.76,Apr 15 | 15:58
ALL NSE,GA09,Greenchef,Stock,Bullish,50.95,0.00,"15 Apr, 2026",50.95,Apr 15 | 15:40
ALL NSE,GSEC124847,GSEC10ABSL,ETF,Bullish,111.25,0.00,"15 Apr, 2026",111.25,Apr 15 | 15:50
ALL NSE,PP33,PSP Projects,Stock,Bullish,710.85,0.00,"15 Apr, 2026",710.85,Apr 15 | 15:59
ALL NSE,G,Greaves Cotton,Stock,Bullish,157.35,0.00,"15 Apr, 2026",157.35,Apr 15 | 15:59
ALL NSE,BDM,BOMDYEING,Stock,Bullish,113.59,0.00,"15 Apr, 2026",113.59,Apr 15 | 15:59
ALL NSE,BFP01,Baba Food Proce,Stock,Bullish,28.45,0.00,"15 Apr, 2026",28.45,Apr 15 | 15:40
ALL NSE,SFH,TSF Investments,Stock,Bullish,390.75,0.00,"15 Apr, 2026",390.75,Apr 15 | 15:49
ALL NSE,PDL01,Pace Digitek,Stock,Bullish,168.17,0.00,"15 Apr, 2026",168.17,Apr 15 | 15:57
ALL NSE,TT17,Tracxn,Stock,Bullish,34.86,0.00,"15 Apr, 2026",34.86,Apr 15 | 15:58
ALL NSE,WCIL,Western Carrier,Stock,Bullish,99.02,0.00,"15 Apr, 2026",99.02,Apr 15 | 15:57
ALL NSE,BHT,Visagar Polytex,Stock,Bullish,0.60,0.00,"09 Apr, 2026",0.60,Apr 15 | 15:58
ALL NSE,VE07,Vascon Engineer,Stock,Bullish,38.46,0.00,"15 Apr, 2026",38.46,Apr 15 | 15:53
ALL NSE,VE08,Varroc Engineer,Stock,Bullish,539.55,0.00,"15 Apr, 2026",539.55,Apr 15 | 15:59
ALL NSE,SKF,SKF India,Stock,Bullish,"1,656.00",0.00,"15 Apr, 2026","1,656.00",Apr 15 | 15:56
ALL NSE,SKS05,Shri Kanha Stai,Stock,Bullish,22.50,0.00,"15 Apr, 2026",22.50,Apr 15 | 15:40
ALL NSE,PL09,Pelatro,Stock,Bullish,310.00,0.00,"15 Apr, 2026",310.00,Apr 15 | 15:31
ALL NSE,PMF01,Parag Milk Food,Stock,Bullish,220.81,0.00,"15 Apr, 2026",220.81,Apr 15 | 15:59
ALL NSE,JS02,Nalwa Sons,Stock,Bullish,"5,814.60",0.00,"15 Apr, 2026","5,814.60",Apr 15 | 15:56
ALL NSE,BLC,BALMLAWRIE,Stock,Bullish,172.09,0.00,"15 Apr, 2026",172.09,Apr 15 | 15:54
ALL NSE,BLK,BL Kashyap,Stock,Bullish,50.36,0.00,"15 Apr, 2026",50.36,Apr 15 | 15:58
ALL NSE,KIL06,Khadim India,Stock,Bullish,106.73,0.00,"15 Apr, 2026",106.73,Apr 15 | 15:57
ALL NSE,NIS01,Nipp SilverETF,ETF,Bullish,235.08,0.00,"15 Apr, 2026",235.08,Apr 15 | 15:59
ALL NSE,NF07,Network 18,Stock,Bullish,34.98,0.00,"15 Apr, 2026",34.98,Apr 15 | 15:58
ALL NSE,CF08,Cosmo First,Stock,Very Bullish,673.60,0.00,"15 Apr, 2026",673.60,Apr 15 | 15:56
ALL NSE,GEL03,Greenleaf Envir,Stock,Bullish,79.60,0.00,"15 Apr, 2026",79.60,Apr 15 | 15:40
ALL NSE,BPI,Banco Products,Stock,Bullish,596.90,0.00,"15 Apr, 2026",596.90,Apr 15 | 15:59
ALL NSE,BPL,BPL,Stock,Bullish,53.22,0.00,"15 Apr, 2026",53.22,Apr 15 | 15:54
ALL NSE,MML08,Mamata Machiner,Stock,Bullish,396.25,0.00,"15 Apr, 2026",396.25,Apr 15 | 15:59
ALL NSE,SM16,Sarthak Metals,Stock,Bullish,70.40,0.00,"15 Apr, 2026",70.40,Apr 15 | 15:58
ALL NSE,BRI,BCPL Railway In,Stock,Bullish,67.38,0.00,"15 Apr, 2026",67.38,Apr 15 | 15:57
ALL NSE,KDA,Krishna Defence,Stock,Bullish,966.55,0.00,"15 Apr, 2026",966.55,Apr 15 | 15:51
ALL NSE,NCI02,Nagreeka Cap,Stock,Bullish,25.09,0.00,"15 Apr, 2026",25.09,Apr 15 | 15:45
ALL NSE,AGL02,Allcargo,Stock,Bullish,8.90,0.00,"15 Apr, 2026",8.90,Apr 15 | 15:59
ALL NSE,GB202,SGBJUN29II,ETF,Bullish,"15,025.76",0.00,"15 Apr, 2026","15,025.76",Apr 15 | 15:40
ALL NSE,RF07,Relaxo Footwear,Stock,Bullish,305.08,0.00,"15 Apr, 2026",305.08,Apr 15 | 15:56
ALL NSE,NSL05,Newmalayalam,Stock,Bullish,24.90,0.00,"15 Apr, 2026",24.90,Apr 15 | 15:31
ALL NSE,MSCII29758,MSCIINDIA,ETF,Bullish,29.30,0.00,"15 Apr, 2026",29.30,Apr 15 | 15:41
ALL NSE,SBI25,SBI BankingETF,ETF,Bullish,577.26,0.00,"15 Apr, 2026",577.26,Apr 15 | 15:53
ALL NSE,ORIEN54130,Orient Electric,Stock,Bullish,171.89,0.00,"15 Apr, 2026",171.89,Apr 15 | 15:59
ALL NSE,GIL08,Gajanand Intl,Stock,Bullish,8.50,0.00,"15 Apr, 2026",8.50,Apr 15 | 15:44
ALL NSE,AM13,Avro India,Stock,Bullish,127.75,0.00,"15 Apr, 2026",127.75,Apr 15 | 15:54
ALL NSE,SV05,Sula Vineyards,Stock,Bullish,171.42,0.00,"15 Apr, 2026",171.42,Apr 15 | 15:59
ALL NSE,SHS02,Shri Hare-Krish,Stock,Bullish,45.50,0.00,"10 Apr, 2026",45.50,Apr 15 | 15:31
ALL NSE,DMC04,Diligent Media ,Stock,Bullish,3.31,0.00,"15 Apr, 2026",3.31,Apr 15 | 15:47
ALL NSE,KRT,Knowledge Realt,Stock,Bullish,116.02,0.00,"15 Apr, 2026",116.02,Apr 15 | 15:54
ALL NSE,SE01,Salzer Electro,Stock,Bullish,628.40,0.00,"15 Apr, 2026",628.40,Apr 15 | 15:59
ALL NSE,CDE,Coffee Day,Stock,Bullish,28.11,0.00,"15 Apr, 2026",28.11,Apr 15 | 15:59
ALL NSE,RS20,RMC Switchgears,Stock,Bullish,418.55,0.00,"15 Apr, 2026",418.55,Apr 15 | 15:59
ALL NSE,AI04,Carysil,Stock,Bullish,885.00,0.00,"15 Apr, 2026",885.00,Apr 15 | 15:52
ALL NSE,ASPHL,Apeejay Park,Stock,Bullish,119.39,0.00,"15 Apr, 2026",119.39,Apr 15 | 15:57
ALL NSE,CGI,Igarashi Motors,Stock,Bullish,349.15,0.00,"15 Apr, 2026",349.15,Apr 15 | 15:58
ALL NSE,SILVE30274,Zero SilverETF,ETF,Bullish,24.97,0.00,"15 Apr, 2026",24.97,Apr 15 | 15:59
ALL NSE,GOR,Gandhar Oil,Stock,Bullish,141.58,0.00,"15 Apr, 2026",141.58,Apr 15 | 15:54
ALL NSE,SR07,Shivalik Rasa,Stock,Bullish,276.33,0.00,"15 Apr, 2026",276.33,Apr 15 | 15:51
ALL NSE,AAL04,Advance Agro,Stock,Bullish,109.94,0.00,"15 Apr, 2026",109.94,Apr 15 | 15:59
ALL NSE,OMSL,One Mobikwik,Stock,Bullish,196.44,0.00,"15 Apr, 2026",196.44,Apr 15 | 15:57
ALL NSE,MH09,Metropolis,Stock,Bullish,477.55,0.00,"15 Apr, 2026",477.55,Apr 15 | 15:56
ALL NSE,SCF01,Shyam Century,Stock,Bullish,5.03,0.00,"15 Apr, 2026",5.03,Apr 15 | 15:45
ALL NSE,SA15,Sagardeep Alloy,Stock,Bullish,23.93,0.00,"15 Apr, 2026",23.93,Apr 15 | 15:44
ALL NSE,PDS,PDS,Stock,Bullish,302.55,0.00,"15 Apr, 2026",302.55,Apr 15 | 15:56
ALL NSE,DMI02,DSP MSCIADD,ETF,Bullish,29.10,0.00,"15 Apr, 2026",29.10,Apr 15 | 15:31
ALL NSE,UC05,Uma Converter,Stock,Bullish,18.25,0.00,"15 Apr, 2026",18.25,Apr 15 | 15:42
ALL NSE,KOTAK8632,Kotak Nifty100,ETF,Bullish,20.63,0.00,"15 Apr, 2026",20.63,Apr 15 | 15:50
ALL NSE,KS10,The Byke Hosp,Stock,Bullish,41.88,0.00,"15 Apr, 2026",41.88,Apr 15 | 15:57
ALL NSE,GCI07,Auri Grow India,Stock,Bullish,0.31,0.00,"15 Apr, 2026",0.31,Apr 15 | 15:58
ALL NSE,FLF03,Focus Lighting ,Stock,Bullish,74.29,0.00,"15 Apr, 2026",74.29,Apr 15 | 15:59
ALL NSE,STL05,Sandhar Technol,Stock,Bullish,499.65,0.00,"15 Apr, 2026",499.65,Apr 15 | 15:59
ALL NSE,SIL18,Sonu Infratech,Stock,Bullish,56.80,0.00,"15 Apr, 2026",56.80,Apr 15 | 15:41
ALL NSE,UP02,Uniphos Ent,Stock,Bullish,105.12,0.00,"15 Apr, 2026",105.12,Apr 15 | 15:54
ALL NSE,SILVE75615,SILVER360,ETF,Bullish,240.69,0.00,"15 Apr, 2026",240.69,Apr 15 | 15:43
ALL NSE,2M,20 Microns,Stock,Bullish,168.64,0.00,"15 Apr, 2026",168.64,Apr 15 | 15:59
ALL NSE,NT03,Nazara,Stock,Bullish,256.83,0.00,"15 Apr, 2026",256.83,Apr 15 | 15:59
ALL NSE,MAH01,Medi Assist Hea,Stock,Bullish,364.80,0.00,"15 Apr, 2026",364.80,Apr 15 | 15:59
ALL NSE,EE02,Everest Ind,Stock,Bullish,403.80,0.00,"15 Apr, 2026",403.80,Apr 15 | 15:49
ALL NSE,PE02,Premier Explo,Stock,Bullish,476.60,0.00,"15 Apr, 2026",476.60,Apr 15 | 15:59
ALL NSE,NBE01,Nipp Nifty 50,ETF,Bullish,273.77,0.00,"15 Apr, 2026",273.77,Apr 15 | 15:58
ALL NSE,DS11,DCX Systems,Stock,Bullish,189.00,0.00,"15 Apr, 2026",189.00,Apr 15 | 15:59
ALL NSE,IPC03,Ipru Nifty Con,ETF,Bullish,116.59,0.00,"15 Apr, 2026",116.59,Apr 15 | 15:44
ALL NSE,GSL09,Goyal Salt,Stock,Bullish,124.50,0.00,"15 Apr, 2026",124.50,Apr 15 | 15:31
ALL NSE,MEL02,Max Estates,Stock,Bullish,382.05,0.00,"15 Apr, 2026",382.05,Apr 15 | 15:59
ALL NSE,RSC02,Nipp Nifty 100,ETF,Bullish,264.39,0.00,"15 Apr, 2026",264.39,Apr 15 | 15:49
ALL NSE,SGB57,SGBDE31III,ETF,Bullish,"15,399.90",0.00,"15 Apr, 2026","15,399.90",Apr 15 | 15:58
ALL NSE,SGB58,SGBFEB32IV,ETF,Bullish,"16,009.18",0.00,"15 Apr, 2026","16,009.18",Apr 15 | 15:58
ALL NSE,M12,Aurum Proptech,Stock,Bullish,177.05,0.00,"15 Apr, 2026",177.05,Apr 15 | 15:51
ALL NSE,SGB51,SGBAUG30,ETF,Bullish,"15,106.60",0.00,"15 Apr, 2026","15,106.60",Apr 15 | 15:40
ALL NSE,SGB55,SGB232402,ETF,Bullish,"15,242.66",0.00,"15 Apr, 2026","15,242.66",Apr 15 | 15:58
ALL NSE,SGB53,SGB Sr IV22-23,ETF,Bullish,"15,242.65",0.00,"15 Apr, 2026","15,242.65",Apr 15 | 15:40
ALL NSE,SGB54,SGBJUNE31,ETF,Bullish,"15,279.34",0.00,"15 Apr, 2026","15,279.34",Apr 15 | 15:58
ALL NSE,DAH,Dr Agarwals,Stock,Bullish,446.45,0.00,"15 Apr, 2026",446.45,Apr 15 | 15:59
ALL NSE,SGB26,SGBJUN28,ETF,Bullish,"15,001.60",0.00,"15 Apr, 2026","15,001.60",Apr 15 | 15:40
ALL NSE,TCI04,Transport Corp,Stock,Bullish,996.45,0.00,"15 Apr, 2026",996.45,Apr 15 | 15:47
ALL NSE,SGB28,SGBAUG28V,ETF,Bullish,"15,014.16",0.00,"15 Apr, 2026","15,014.16",Apr 15 | 15:58
ALL NSE,SGB20,SGBMAR28X,ETF,Bullish,"14,967.40",0.00,"15 Apr, 2026","14,967.40",Apr 15 | 15:52
ALL NSE,SGB21,SGBFEB28IX,ETF,Bullish,"14,986.00",0.00,"15 Apr, 2026","14,986.00",Apr 15 | 15:40
ALL NSE,SGB15,SGBJUN27,ETF,Bullish,"15,005.00",0.00,"15 Apr, 2026","15,005.00",Apr 15 | 15:50
ALL NSE,NDT01,NDTV,Stock,Bullish,79.24,0.00,"15 Apr, 2026",79.24,Apr 15 | 15:57
ALL NSE,SGB12,SGBJUL27,ETF,Bullish,"15,000.00",0.00,"15 Apr, 2026","15,000.00",Apr 15 | 15:50
ALL NSE,GC04,Goa Carbon,Stock,Bullish,348.10,0.00,"15 Apr, 2026",348.10,Apr 15 | 15:56
ALL NSE,SGB49,SGBMAR30X,ETF,Bullish,"15,100.73",0.00,"15 Apr, 2026","15,100.73",Apr 15 | 15:40
ALL NSE,SGB40,SGBAUG29V,ETF,Bullish,"15,040.00",0.00,"15 Apr, 2026","15,040.00",Apr 15 | 15:49
ALL NSE,SGB36,SGBMR29XII,ETF,Bullish,"15,020.67",0.00,"15 Apr, 2026","15,020.67",Apr 15 | 15:54
ALL NSE,HN1,HDFC Nifty Qua,ETF,Bullish,56.87,0.00,"15 Apr, 2026",56.87,Apr 15 | 15:46
ALL NSE,SGB33,SGBJAN29IX,ETF,Bullish,"15,031.00",0.00,"15 Apr, 2026","15,031.00",Apr 15 | 15:41
ALL NSE,IE08,Indowind Energy,Stock,Bullish,9.81,0.00,"15 Apr, 2026",9.81,Apr 15 | 15:59
ALL NSE,HNP,HDFC Nifty Pri,ETF,Bullish,27.46,0.00,"15 Apr, 2026",27.46,Apr 15 | 15:40
ALL NSE,AB,Ashoka Buildcon,Stock,Bullish,135.57,0.00,"15 Apr, 2026",135.57,Apr 15 | 15:59
ALL NSE,AN,Hubtown,Stock,Bullish,206.22,0.00,"15 Apr, 2026",206.22,Apr 15 | 15:57
ALL NSE,AW,Delta Corp,Stock,Bullish,61.33,0.00,"15 Apr, 2026",61.33,Apr 15 | 15:55
ALL NSE,MAGS814938,Mirae Nifty8-13,ETF,Very Bullish,30.06,0.00,"15 Apr, 2026",30.06,Apr 15 | 15:40
ALL NSE,IPN02,Ipru Nifty Inf,ETF,Bullish,94.55,0.00,"15 Apr, 2026",94.55,Apr 15 | 15:46
ALL NSE,GMM01,GMM Pfaudler,Stock,Bullish,932.95,0.00,"15 Apr, 2026",932.95,Apr 15 | 15:59
ALL NSE,DR,DB Realty,Stock,Bullish,109.84,0.00,"15 Apr, 2026",109.84,Apr 15 | 15:59
ALL NSE,HSI,AGI Greenpac,Stock,Bullish,565.55,0.00,"15 Apr, 2026",565.55,Apr 15 | 15:59
ALL NSE,SS12,Transworld Ship,Stock,Bullish,156.05,0.00,"15 Apr, 2026",156.05,Apr 15 | 15:54
ALL NSE,RP22,RKEC Projects,Stock,Bullish,41.49,0.00,"15 Apr, 2026",41.49,Apr 15 | 15:51
ALL NSE,GN,Grindwell Norto,Stock,Bullish,"1,560.30",0.00,"15 Apr, 2026","1,560.30",Apr 15 | 15:56
ALL NSE,DN5,DSP Nifty EW ,ETF,Bullish,333.23,0.00,"15 Apr, 2026",333.23,Apr 15 | 15:42
ALL NSE,GP15,Goldstar Power,Stock,Bullish,7.10,0.00,"15 Apr, 2026",7.10,Apr 15 | 15:31
ALL NSE,QGF,Quant Gold ETF,ETF,Bullish,125.45,0.00,"15 Apr, 2026",125.45,Apr 15 | 15:53
ALL NSE,AF10,Shiva Texyarn,Stock,Bullish,153.88,0.00,"15 Apr, 2026",153.88,Apr 15 | 15:40
ALL NSE,MAN,Mirae NYSEFANG,ETF,Very Bullish,163.53,0.00,"15 Apr, 2026",163.53,Apr 15 | 15:59
ALL NSE,MI43,Manorama Indust,Stock,Bullish,"1,357.30",0.00,"15 Apr, 2026","1,357.30",Apr 15 | 15:59
ALL NSE,KC17,S H Kelkar,Stock,Bullish,142.85,0.00,"15 Apr, 2026",142.85,Apr 15 | 15:59
ALL NSE,KC01,Kakatiya Cement,Stock,Bullish,108.78,0.00,"15 Apr, 2026",108.78,Apr 15 | 15:40
ALL NSE,SGI01,Synergy Green I,Stock,Bullish,511.90,0.00,"15 Apr, 2026",511.90,Apr 15 | 15:49
ALL NSE,MST02,Moschip Tech,Stock,Bullish,184.06,0.00,"15 Apr, 2026",184.06,Apr 15 | 15:56
ALL NSE,DSF,DCM Shriram Fin,Stock,Bullish,23.36,0.00,"15 Apr, 2026",23.36,Apr 15 | 16:00
ALL NSE,MDN,Mishra Dhatu Ni,Stock,Bullish,348.65,0.00,"15 Apr, 2026",348.65,Apr 15 | 15:59
ALL NSE,DSE,DSP Silver ETF,ETF,Bullish,237.12,0.00,"15 Apr, 2026",237.12,Apr 15 | 15:58
ALL NSE,AS08,Ashima,Stock,Bullish,15.10,0.00,"15 Apr, 2026",15.10,Apr 15 | 15:44
ALL NSE,DTI,Dhunseri Ventur,Stock,Bullish,243.78,0.00,"15 Apr, 2026",243.78,Apr 15 | 15:50
ALL NSE,AS19,Almondz Global,Stock,Bullish,15.01,0.00,"15 Apr, 2026",15.01,Apr 15 | 15:53
ALL NSE,LS07,Lagnam Spintex ,Stock,Bullish,68.77,0.00,"15 Apr, 2026",68.77,Apr 15 | 15:52
ALL NSE,PB,Panacea Biotec,Stock,Bullish,346.95,0.00,"15 Apr, 2026",346.95,Apr 15 | 15:59
ALL NSE,PC,Prism Johnson,Stock,Bullish,125.42,0.00,"15 Apr, 2026",125.42,Apr 15 | 15:59
ALL NSE,ZAC,Zuari Agro Chem,Stock,Bullish,228.72,0.00,"15 Apr, 2026",228.72,Apr 15 | 15:59
ALL NSE,IBE,Nipp InfraBeES,ETF,Bullish,952.33,0.00,"15 Apr, 2026",952.33,Apr 15 | 15:40
ALL NSE,BR01,Bharat Rasayan,Stock,Bullish,"1,570.00",0.00,"10 Apr, 2026","1,570.00",Apr 15 | 15:58
ALL NSE,MJL,Motisons Jewell,Stock,Bullish,14.07,0.00,"15 Apr, 2026",14.07,Apr 15 | 15:55
ALL NSE,SEP03,SBI ETF PVT BAN,ETF,Bullish,274.82,0.00,"15 Apr, 2026",274.82,Apr 15 | 15:40
ALL NSE,ICR,ICRA,Stock,Bullish,"5,468.50",0.00,"15 Apr, 2026","5,468.50",Apr 15 | 15:51
ALL NSE,SGE02,HLE Glascoat,Stock,Bullish,320.00,0.00,"15 Apr, 2026",320.00,Apr 15 | 15:59
ALL NSE,MMG,Madhav Marbles,Stock,Bullish,36.12,0.00,"15 Apr, 2026",36.12,Apr 15 | 15:49
ALL NSE,VP,Vardhman Poly,Stock,Bullish,7.88,0.00,"10 Apr, 2026",7.88,Apr 15 | 15:57
ALL NSE,MA04,Maithan Alloys,Stock,Bullish,981.80,0.00,"15 Apr, 2026",981.80,Apr 15 | 15:56
ALL NSE,EIH01,EIH Assoc Hotel,Stock,Bullish,322.50,0.00,"15 Apr, 2026",322.50,Apr 15 | 15:53
ALL NSE,WY,Winsome Yarns,Stock,Bullish,1.73,0.00,"15 Apr, 2026",1.73,Apr 15 | 15:55
ALL NSE,SAL07,Speb Adhesives,Stock,Bullish,55.00,0.00,"08 Apr, 2026",55.00,Apr 15 | 15:45
ALL NSE,AEL09,Ajax Eng,Stock,Bullish,498.25,0.00,"15 Apr, 2026",498.25,Apr 15 | 15:59
ALL NSE,PETL,Protean eGov,Stock,Bullish,568.25,0.00,"15 Apr, 2026",568.25,Apr 15 | 15:59
ALL NSE,YO,Yatra Online,Stock,Bullish,122.65,0.00,"15 Apr, 2026",122.65,Apr 15 | 15:59
ALL NSE,MAC04,Manaksia Alumin,Stock,Bullish,28.90,0.00,"15 Apr, 2026",28.90,Apr 15 | 15:52
ALL NSE,HN101,HDFC Nifty 100,ETF,Bullish,25.67,0.00,"15 Apr, 2026",25.67,Apr 15 | 15:40
ALL NSE,EBS,EDL ESENSEX,ETF,Bullish,78.11,0.00,"15 Apr, 2026",78.11,Apr 15 | 15:31
ALL NSE,HIGHW10757,Vertis Infra,Stock,Very Bullish,108.50,0.00,"15 Apr, 2026",108.50,Apr 15 | 15:31
ALL NSE,ABGSE24404,ABGSEC,Stock,Bullish,112.15,0.00,"15 Apr, 2026",112.15,Apr 15 | 15:31
ALL NSE,GPEL,Gala Precision ,Stock,Bullish,778.90,0.00,"15 Apr, 2026",778.90,Apr 15 | 15:58
ALL NSE,EDL,EPack Durables,Stock,Bullish,247.19,0.00,"15 Apr, 2026",247.19,Apr 15 | 15:59
ALL NSE,INE,India Nippon,Stock,Bullish,790.65,0.00,"15 Apr, 2026",790.65,Apr 15 | 15:53
ALL NSE,QLL01,Quest Lab,Stock,Bullish,115.70,0.00,"15 Apr, 2026",115.70,Apr 15 | 15:44
ALL NSE,MOHEA10508,MOHEALTH,ETF,Bullish,43.90,0.00,"15 Apr, 2026",43.90,Apr 15 | 15:46
ALL NSE,PCP01,Punjab Chemical,Stock,Bullish,"1,073.45",0.00,"15 Apr, 2026","1,073.45",Apr 15 | 15:53
ALL NSE,TF10,Transwarranty,Stock,Bullish,13.37,0.00,"15 Apr, 2026",13.37,Apr 15 | 15:41
ALL NSE,ATE02,TCC CONCEPT,Stock,Bullish,377.50,0.00,"15 Apr, 2026",377.50,Apr 15 | 15:43
ALL NSE,KFL02,Kaytex Fabrics,Stock,Bullish,71.65,0.00,"15 Apr, 2026",71.65,Apr 15 | 15:41
ALL NSE,SC04,Savita Oil Tech,Stock,Bullish,356.20,0.00,"15 Apr, 2026",356.20,Apr 15 | 15:59
ALL NSE,ACW,Alembic,Stock,Bullish,88.17,0.00,"15 Apr, 2026",88.17,Apr 15 | 15:59
ALL NSE,ITN,ILandFS Trans,Stock,Bullish,2.44,0.00,"15 Apr, 2026",2.44,Apr 15 | 15:42
ALL NSE,W02,Weizmann,Stock,Bullish,83.13,0.00,"15 Apr, 2026",83.13,Apr 15 | 15:58
ALL NSE,SC56,Service Care,Stock,Bullish,52.50,0.00,"15 Apr, 2026",52.50,Apr 15 | 15:31
ALL NSE,RPL05,Renol Polychem,Stock,Bullish,145.00,0.00,"15 Apr, 2026",145.00,Apr 15 | 15:31
ALL NSE,KD07,Kolte-Patil,Stock,Bullish,342.90,0.00,"15 Apr, 2026",342.90,Apr 15 | 15:52
ALL NSE,AHW,Asian Hotel (W),Stock,Bullish,192.74,0.00,"15 Apr, 2026",192.74,Apr 15 | 15:51
ALL NSE,TFC03,TCPL Packaging,Stock,Bullish,"2,596.80",0.00,"15 Apr, 2026","2,596.80",Apr 15 | 15:48
ALL NSE,NBS,Neochem Bio,Stock,Bullish,74.60,0.00,"15 Apr, 2026",74.60,Apr 15 | 15:47
ALL NSE,CI28,Compuage Info,Stock,Bullish,1.19,0.00,"10 Apr, 2026",1.19,Apr 15 | 15:41
ALL NSE,NCJ,Nimbus Projects,Stock,Bullish,196.80,0.00,"15 Apr, 2026",196.80,Apr 15 | 15:58
ALL NSE,NDG,Naga Dhunseri,Stock,Bullish,"2,571.20",0.00,"15 Apr, 2026","2,571.20",Apr 15 | 15:41
ALL NSE,MF11,Mohit Ind,Stock,Bullish,23.74,0.00,"15 Apr, 2026",23.74,Apr 15 | 15:43
ALL NSE,ESILV20257,ESILVER,ETF,Bullish,244.66,0.00,"15 Apr, 2026",244.66,Apr 15 | 15:48
ALL NSE,CI45,Cadsys India,Stock,Very Bullish,50.30,0.00,"15 Apr, 2026",50.30,Apr 15 | 15:48
ALL NSE,S01,Sandesh,Stock,Bullish,975.90,0.00,"15 Apr, 2026",975.90,Apr 15 | 15:43
ALL NSE,RM07,Rane Madras,Stock,Bullish,764.90,0.00,"15 Apr, 2026",764.90,Apr 15 | 15:50
ALL NSE,WT01,63 Moons Tech,Stock,Bullish,615.15,0.00,"15 Apr, 2026",615.15,Apr 15 | 15:59
ALL NSE,PEL08,Prabha Energy,Stock,Very Bullish,163.66,0.00,"15 Apr, 2026",163.66,Apr 15 | 15:55
ALL NSE,B04,Beardsell,Stock,Bullish,27.01,0.00,"15 Apr, 2026",27.01,Apr 15 | 15:49
ALL NSE,ESS01,Emkay Global,Stock,Bullish,235.50,0.00,"15 Apr, 2026",235.50,Apr 15 | 15:50
ALL NSE,AOG,AONEGOLD,ETF,Bullish,14.15,0.00,"15 Apr, 2026",14.15,Apr 15 | 15:57
ALL NSE,NII,NIIT,Stock,Bullish,68.21,0.00,"15 Apr, 2026",68.21,Apr 15 | 15:59
ALL NSE,APP,Andhra Paper,Stock,Bullish,67.31,0.00,"15 Apr, 2026",67.31,Apr 15 | 15:51
ALL NSE,GFL01,GSM Foils,Stock,Bullish,207.00,0.00,"15 Apr, 2026",207.00,Apr 15 | 15:31
ALL NSE,JBS,Jai Balaji Ind,Stock,Bullish,66.44,0.00,"15 Apr, 2026",66.44,Apr 15 | 15:59
ALL NSE,CE10,CL Educate,Stock,Bullish,52.87,0.00,"15 Apr, 2026",52.87,Apr 15 | 15:49
ALL NSE,KMM01,Kotak Nifty 50,ETF,Bullish,266.78,0.00,"15 Apr, 2026",266.78,Apr 15 | 15:54
ALL NSE,NKI,NK Industries,Stock,Very Bullish,68.86,0.00,"15 Apr, 2026",68.86,Apr 15 | 15:46
ALL NSE,DTLL,Deccan Transcon,Stock,Bullish,22.45,0.00,"15 Apr, 2026",22.45,Apr 15 | 15:49
ALL NSE,RSS,RS Software,Stock,Bullish,33.96,0.00,"15 Apr, 2026",33.96,Apr 15 | 15:56
ALL NSE,MONIF19237,MONIFTY500,ETF,Bullish,23.03,0.00,"15 Apr, 2026",23.03,Apr 15 | 15:59
ALL NSE,NPL04,Neptune Petroch,Stock,Bullish,200.00,0.00,"15 Apr, 2026",200.00,Apr 15 | 15:44
ALL NSE,SGIL,Shanti Gold,Stock,Bullish,192.52,0.00,"15 Apr, 2026",192.52,Apr 15 | 15:59
ALL NSE,MB01,Menon Bearings,Stock,Very Bullish,127.71,0.00,"15 Apr, 2026",127.71,Apr 15 | 15:57
ALL NSE,ATI,Alok Industries,Stock,Bullish,14.33,0.00,"15 Apr, 2026",14.33,Apr 15 | 15:59
ALL NSE,BSL03,ABSL Nifty 50,ETF,Bullish,28.24,0.00,"15 Apr, 2026",28.24,Apr 15 | 15:59
ALL NSE,LP06,Lincoln Pharma,Stock,Bullish,593.80,0.00,"15 Apr, 2026",593.80,Apr 15 | 15:53
ALL NSE,KIE02,Kotak Nifty IT,ETF,Bullish,34.67,0.00,"15 Apr, 2026",34.67,Apr 15 | 15:54
ALL NSE,LIC06,LIC ETF Nifty50,ETF,Bullish,269.37,0.00,"15 Apr, 2026",269.37,Apr 15 | 15:40
ALL NSE,AP32,AARTIPHARM,Stock,Bullish,702.65,0.00,"15 Apr, 2026",702.65,Apr 15 | 15:59
ALL NSE,THE01,Tree House,Stock,Bullish,8.28,0.00,"15 Apr, 2026",8.28,Apr 15 | 15:44
ALL NSE,DCA01,DAM Capital Adv,Stock,Bullish,157.19,0.00,"15 Apr, 2026",157.19,Apr 15 | 15:59
ALL NSE,NRB,NRB Bearings,Stock,Bullish,265.84,0.00,"15 Apr, 2026",265.84,Apr 15 | 15:59
ALL NSE,LPL01,Lakshya Power,Stock,Bullish,115.00,0.00,"15 Apr, 2026",115.00,Apr 15 | 15:58
ALL NSE,HET01,Algoquant Fin,Stock,Bullish,55.67,0.00,"15 Apr, 2026",55.67,Apr 15 | 15:59
ALL NSE,KOTAK8077,Kotak NiftyMid,ETF,Bullish,17.13,0.00,"15 Apr, 2026",17.13,Apr 15 | 15:50
ALL NSE,CPI07,CP Capital,Stock,Bullish,97.51,0.00,"15 Apr, 2026",97.51,Apr 15 | 15:59
ALL NSE,AONEN75709,AONENIFTY,ETF,Bullish,9.92,0.00,"15 Apr, 2026",9.92,Apr 15 | 15:56
ALL NSE,PNB04,PNB Gilts,Stock,Bullish,75.89,0.00,"15 Apr, 2026",75.89,Apr 15 | 15:59
ALL NSE,LL05,Lovable Lingeri,Stock,Bullish,71.41,0.00,"15 Apr, 2026",71.41,Apr 15 | 15:56
ALL NSE,SOL05,Snehaa Organics,Stock,Bullish,46.90,0.00,"15 Apr, 2026",46.90,Apr 15 | 15:31
ALL NSE,MYMUD25211,MYMUDRA,Stock,Bullish,81.25,0.00,"15 Apr, 2026",81.25,Apr 15 | 15:40
ALL NSE,ICL01,Innova Captab,Stock,Very Bullish,734.65,0.00,"15 Apr, 2026",734.65,Apr 15 | 15:53
ALL NSE,GCP02,Globe Civil Pro,Stock,Bullish,48.25,0.00,"15 Apr, 2026",48.25,Apr 15 | 15:45
ALL NSE,EQUAL75714,EQUAL50,ETF,Bullish,324.47,-0.02,"15 Apr, 2026",324.55,Apr 15 | 15:31
ALL NSE,FI06,Filatex India,Stock,Bullish,44.27,-0.02,"08 Apr, 2026",44.28,Apr 15 | 15:56
ALL NSE,CIS02,CMS Info System,Stock,Bullish,305.90,-0.03,"13 Apr, 2026",306.00,Apr 15 | 15:59
ALL NSE,LIC05,LIC G-sec LT,ETF,Bullish,28.76,-0.03,"15 Apr, 2026",28.77,Apr 15 | 15:31
ALL NSE,HCL04,Hindcon Chemica,Stock,Bullish,23.16,-0.04,"08 Apr, 2026",23.17,Apr 15 | 15:59
ALL NSE,DM04,Delta,Stock,Bullish,59.48,-0.05,"10 Apr, 2026",59.51,Apr 15 | 15:46
ALL NSE,VPP01,Vishnu Prakash,Stock,Bullish,42.76,-0.05,"10 Apr, 2026",42.78,Apr 15 | 15:58
ALL NSE,MAN10,HEALTHCARE,ETF,Bullish,18.41,-0.05,"15 Apr, 2026",18.42,Apr 15 | 15:31
ALL NSE,CE02,Century Extr,Stock,Bullish,20.73,-0.05,"08 Apr, 2026",20.74,Apr 15 | 15:59
ALL NSE,IPN01,Ipru Nifty5yr,ETF,Bullish,64.55,-0.06,"09 Apr, 2026",64.59,Apr 15 | 15:31
ALL NSE,IPI03,Ipru Nifty IT,ETF,Bullish,34.80,-0.06,"08 Apr, 2026",34.82,Apr 15 | 15:48
ALL NSE,NBI02,NBI Industrial,Stock,Bullish,"1,863.50",-0.08,"15 Apr, 2026","1,865.00",Apr 15 | 15:31
ALL NSE,ICICI3001,Ipru BSE 500,ETF,Bullish,38.12,-0.08,"15 Apr, 2026",38.15,Apr 15 | 15:31
ALL NSE,PT03,PTL Enterprises,Stock,Bullish,38.65,-0.08,"10 Apr, 2026",38.68,Apr 15 | 15:58
ALL NSE,AH,Asian Hotels,Stock,Bullish,299.20,-0.10,"13 Apr, 2026",299.50,Apr 15 | 15:31
ALL NSE,SOEL,Shree OSFM,Stock,Bullish,85.85,-0.12,"08 Apr, 2026",85.95,Apr 15 | 15:31
ALL NSE,MOMEN10693,ABSL Nifty 200,ETF,Bullish,30.77,-0.13,"10 Apr, 2026",30.81,Apr 15 | 15:40
ALL NSE,HT01,Hexa Tradex,Stock,Very Bullish,163.82,-0.13,"08 Apr, 2026",164.03,Apr 15 | 15:46
ALL NSE,SEI09,SBI IT ETF,ETF,Bullish,346.92,-0.14,"08 Apr, 2026",347.41,Apr 15 | 15:42
ALL NSE,KRB,KRBL,Stock,Bullish,331.30,-0.15,"10 Apr, 2026",331.80,Apr 15 | 15:59
ALL NSE,RT11,Rhetan TMT,Stock,Bullish,25.47,-0.16,"10 Apr, 2026",25.51,Apr 15 | 15:40
ALL NSE,CI38,Cineline India,Stock,Bullish,87.90,-0.18,"10 Apr, 2026",88.06,Apr 15 | 15:49
ALL NSE,EPS,Euro Pratik,Stock,Bullish,238.94,-0.22,"10 Apr, 2026",239.46,Apr 15 | 15:58
ALL NSE,PC26,Party,Stock,Very Bullish,86.00,-0.23,"01 Apr, 2026",86.20,Apr 15 | 15:41
ALL NSE,LEC02,Lotus Eye Care,Stock,Bullish,108.60,-0.24,"09 Apr, 2026",108.86,Apr 15 | 15:54
ALL NSE,SL19,Supriya Lifesci,Stock,Bullish,635.35,-0.25,"08 Apr, 2026",636.95,Apr 15 | 15:56
ALL NSE,CP9,CenturyPlyboard,Stock,Bullish,739.85,-0.26,"08 Apr, 2026",741.75,Apr 15 | 15:47
ALL NSE,AIS02,ACE Integrated,Stock,Bullish,18.23,-0.27,"07 Apr, 2026",18.28,Apr 15 | 15:58
ALL NSE,SBIET5168,SBIETFCON,ETF,Bullish,115.79,-0.27,"15 Apr, 2026",116.10,Apr 15 | 15:31
ALL NSE,NST02,Nexus Select,Stock,Bullish,156.90,-0.30,"09 Apr, 2026",157.37,Apr 15 | 15:57
ALL NSE,LGS,Brightcom Group,Stock,Bullish,9.89,-0.30,"10 Apr, 2026",9.92,Apr 15 | 15:58
ALL NSE,WEL,Winsol Engineer,Stock,Bullish,126.00,-0.32,"10 Apr, 2026",126.40,Apr 15 | 15:43
ALL NSE,AFL04,Aye Finance,Stock,Bullish,108.60,-0.33,"13 Apr, 2026",108.96,Apr 15 | 15:58
ALL NSE,MIL18,Max India,Stock,Bullish,152.88,-0.36,"08 Apr, 2026",153.44,Apr 15 | 15:49
ALL NSE,SBINE24524,SBINEQWETF,ETF,Bullish,32.59,-0.37,"15 Apr, 2026",32.71,Apr 15 | 15:31
ALL NSE,HKA,Privi Special,Stock,Bullish,"2,929.80",-0.40,"24 Mar, 2026","2,941.60",Apr 15 | 15:55
ALL NSE,SBL,Sundaram Brake,Stock,Bullish,626.25,-0.41,"09 Apr, 2026",628.85,Apr 15 | 15:53
ALL NSE,PJ,PC Jeweller,Stock,Bullish,9.40,-0.42,"08 Apr, 2026",9.44,Apr 15 | 15:59
ALL NSE,GAYAH54154,Gayatri Highway,Stock,Bullish,2.34,-0.43,"10 Apr, 2026",2.35,Apr 15 | 15:55
ALL NSE,VPAIL,Vishnusurya Pro,Stock,Very Bullish,168.00,-0.44,"10 Apr, 2026",168.75,Apr 15 | 15:42
ALL NSE,DCS01,Dhruv Consultan,Stock,Bullish,35.12,-0.45,"07 Apr, 2026",35.28,Apr 15 | 15:48
ALL NSE,MI45,VIP Clothing,Stock,Bullish,21.81,-0.46,"06 Apr, 2026",21.91,Apr 15 | 15:59
ALL NSE,VSL03,Vdeal System,Stock,Very Bullish,186.00,-0.48,"01 Apr, 2026",186.90,Apr 15 | 15:44
ALL NSE,MI55,Mask Investment,Stock,Bullish,140.11,-0.49,"13 Apr, 2026",140.80,Apr 15 | 15:40
ALL NSE,EI02,Electrotherm,Stock,Bullish,714.20,-0.51,"10 Apr, 2026",717.85,Apr 15 | 15:54
ALL NSE,TTI01,E to E Transpor,Stock,Bullish,196.00,-0.51,"15 Apr, 2026",197.00,Apr 15 | 15:31
ALL NSE,IPN,Ipru NiftyAuto,ETF,Bullish,27.28,-0.51,"10 Apr, 2026",27.42,Apr 15 | 15:59
ALL NSE,SHIVA54096,Shiva Mills Lim,Stock,Bullish,53.42,-0.52,"15 Apr, 2026",53.70,Apr 15 | 15:31
ALL NSE,NTB,Noida Toll,Stock,Bullish,3.69,-0.54,"09 Apr, 2026",3.71,Apr 15 | 15:59
ALL NSE,ITC02,Sundrop Brands,Stock,Bullish,642.10,-0.57,"09 Apr, 2026",645.80,Apr 15 | 15:53
ALL NSE,ETL,Esconet Technol,Stock,Very Bullish,131.45,-0.60,"09 Apr, 2026",132.25,Apr 15 | 15:49
ALL NSE,KSS02,KRISHCA,Stock,Bullish,177.35,-0.62,"13 Apr, 2026",178.45,Apr 15 | 15:43
ALL NSE,STL09,Sanathan Textil,Stock,Very Bullish,430.65,-0.63,"06 Apr, 2026",433.40,Apr 15 | 15:56
ALL NSE,HTP,Hitech Corp,Stock,Bullish,144.08,-0.63,"08 Apr, 2026",144.99,Apr 15 | 15:57
ALL NSE,CS14,Compucom Soft,Stock,Bullish,13.87,-0.64,"13 Apr, 2026",13.96,Apr 15 | 15:44
ALL NSE,SEI02,Steel Exchange ,Stock,Bullish,8.90,-0.67,"08 Apr, 2026",8.96,Apr 15 | 15:59
ALL NSE,BPL10,Barflex Polyfil,Stock,Bullish,59.50,-0.67,"15 Apr, 2026",59.90,Apr 15 | 15:31
ALL NSE,DI13,Donear Ind,Stock,Bullish,92.36,-0.68,"08 Apr, 2026",92.99,Apr 15 | 15:53
ALL NSE,SIL26,Savy Infra and ,Stock,Very Bullish,138.10,-0.68,"02 Apr, 2026",139.05,Apr 15 | 15:40
ALL NSE,WIC01,Welspun Invest,Stock,Bullish,"1,292.60",-0.68,"02 Apr, 2026","1,301.40",Apr 15 | 15:31
ALL NSE,NIN01,Nipp NiftyAuto,ETF,Bullish,271.66,-0.71,"10 Apr, 2026",273.59,Apr 15 | 15:58
ALL NSE,BEO,Birla Cable,Stock,Bullish,145.29,-0.72,"13 Apr, 2026",146.35,Apr 15 | 15:58
ALL NSE,ASC01,Asahi Songwon,Stock,Bullish,228.75,-0.72,"07 Apr, 2026",230.40,Apr 15 | 15:42
ALL NSE,RHF01,Repco Home,Stock,Bullish,386.25,-0.72,"08 Apr, 2026",389.05,Apr 15 | 15:50
ALL NSE,TBL01,TruAlt Bioenerg,Stock,Bullish,408.90,-0.72,"25 Mar, 2026",411.85,Apr 15 | 15:59
ALL NSE,PS,Prime Sec,Stock,Very Bullish,285.15,-0.73,"06 Apr, 2026",287.25,Apr 15 | 15:50
ALL NSE,ST12,Surana Telecom,Stock,Bullish,18.25,-0.76,"06 Apr, 2026",18.39,Apr 15 | 15:59
ALL NSE,ML14,Midwest,Stock,Bullish,"1,280.20",-0.77,"06 Apr, 2026","1,290.10",Apr 15 | 15:58
ALL NSE,KB03,Krebs Biochem,Stock,Very Bullish,61.31,-0.79,"07 Apr, 2026",61.80,Apr 15 | 15:58
ALL NSE,ACE02,Axis NiftyCons,ETF,Bullish,116.99,-0.79,"15 Apr, 2026",117.92,Apr 15 | 15:31
ALL NSE,JAI,Jamna Auto,Stock,Bullish,123.81,-0.79,"10 Apr, 2026",124.80,Apr 15 | 15:59
ALL NSE,SI72,Sikko Industrie,Stock,Bullish,4.94,-0.80,"09 Apr, 2026",4.98,Apr 15 | 15:50
ALL NSE,UDT,United Drilling,Stock,Bullish,201.76,-0.82,"07 Apr, 2026",203.43,Apr 15 | 15:46
ALL NSE,CSF01,Capital SFB,Stock,Bullish,262.89,-0.86,"08 Apr, 2026",265.17,Apr 15 | 15:45
ALL NSE,RT06,Tarmat,Stock,Very Bullish,54.81,-0.89,"08 Apr, 2026",55.30,Apr 15 | 15:43
ALL NSE,AAL02,ASK Auto,Stock,Very Bullish,440.15,-0.90,"25 Mar, 2026",444.15,Apr 15 | 15:59
ALL NSE,MPT01,Madhya Pradesh ,Stock,Bullish,43.05,-0.92,"18 Nov, 2025",43.45,Apr 15 | 15:42
ALL NSE,TGF,Team India,Stock,Very Bullish,269.96,-0.93,"08 Apr, 2026",272.50,Apr 15 | 15:54
ALL NSE,SI78,Suvidhaa Info,Stock,Bullish,3.12,-0.95,"09 Apr, 2026",3.15,Apr 15 | 15:59
ALL NSE,VL08,VRL Logistics,Stock,Bullish,264.37,-0.97,"13 Apr, 2026",266.96,Apr 15 | 15:59
ALL NSE,AATL,Avi Ansh Textil,Stock,Bullish,110.80,-1.03,"08 Apr, 2026",111.95,Apr 15 | 15:31
ALL NSE,MS01,Mah Scooters,Stock,Bullish,"12,989.00",-1.03,"09 Apr, 2026","13,124.00",Apr 15 | 15:55
ALL NSE,SIL31,Striders Impex,Stock,Bullish,66.35,-1.04,"06 Apr, 2026",67.05,Apr 15 | 15:43
ALL NSE,SS56,Swaraj Suiting,Stock,Bullish,293.10,-1.06,"07 Apr, 2026",296.25,Apr 15 | 15:31
ALL NSE,IFL02,IBL Finance,Stock,Bullish,50.65,-1.07,"07 Apr, 2026",51.20,Apr 15 | 15:31
ALL NSE,HALDE53985,Halder Venture,Stock,Bullish,255.19,-1.09,"13 Apr, 2026",257.99,Apr 15 | 15:51
ALL NSE,MAL,Mangalam Alloys,Stock,Bullish,40.55,-1.10,"10 Apr, 2026",41.00,Apr 15 | 15:40
ALL NSE,NE06,Nandan Denim,Stock,Bullish,2.59,-1.15,"07 Apr, 2026",2.62,Apr 15 | 15:59
ALL NSE,FFSL,Fedbank Financi,Stock,Very Bullish,139.99,-1.16,"08 Apr, 2026",141.63,Apr 15 | 15:59
ALL NSE,BAL01,Balu Forge Indu,Stock,Bullish,475.15,-1.19,"08 Apr, 2026",480.85,Apr 15 | 15:59
ALL NSE,GCS03,Gretex Corporat,Stock,Bullish,344.20,-1.28,"15 Apr, 2026",348.65,Apr 15 | 15:31
ALL NSE,AMSL,ABS Marine,Stock,Very Bullish,192.60,-1.28,"06 Apr, 2026",195.10,Apr 15 | 15:40
ALL NSE,AT22,All E Technolog,Stock,Bullish,178.20,-1.30,"06 Apr, 2026",180.55,Apr 15 | 15:47
ALL NSE,GC10,Munjal Auto Ind,Stock,Bullish,78.81,-1.31,"10 Apr, 2026",79.86,Apr 15 | 15:59
ALL NSE,AL11,Alpa Labs,Stock,Bullish,68.38,-1.36,"07 Apr, 2026",69.32,Apr 15 | 15:53
ALL NSE,LPD,Landmark Prop,Stock,Very Bullish,6.87,-1.43,"07 Apr, 2026",6.97,Apr 15 | 15:59
ALL NSE,CCC02,CCCL,Stock,Bullish,16.28,-1.45,"08 Apr, 2026",16.52,Apr 15 | 15:52
ALL NSE,PES,Prajay Engineer,Stock,Very Bullish,22.64,-1.48,"09 Apr, 2026",22.98,Apr 15 | 15:48
ALL NSE,AL13,Astec Life,Stock,Bullish,649.10,-1.49,"10 Apr, 2026",658.95,Apr 15 | 15:59
ALL NSE,SFL04,Shivashrit Food,Stock,Bullish,124.00,-1.51,"13 Apr, 2026",125.90,Apr 15 | 15:40
ALL NSE,GTL01,GTL Infra,Stock,Bullish,1.23,-1.60,"08 Apr, 2026",1.25,Apr 15 | 15:59
ALL NSE,SCS09,Steel City Secu,Stock,Bullish,82.97,-1.64,"10 Apr, 2026",84.35,Apr 15 | 15:59
ALL NSE,SM,SML Mahindra,Stock,Very Bullish,"4,239.00",-1.85,"08 Apr, 2026","4,319.10",Apr 15 | 15:59
ALL NSE,AC24,Axita Cotton ,Stock,Bullish,8.97,-1.86,"08 Apr, 2026",9.14,Apr 15 | 15:59
ALL NSE,CPE01,Career Point,Stock,Bullish,192.14,-1.86,"10 Apr, 2026",195.79,Apr 15 | 15:42
ALL NSE,SL,Superhouse,Stock,Bullish,150.74,-1.98,"10 Apr, 2026",153.78,Apr 15 | 15:59
ALL NSE,AID,AstraZeneca,Stock,Bullish,"8,549.50",-2.01,"13 Apr, 2026","8,725.00",Apr 15 | 15:56
ALL NSE,EPC,Mahindra EPC,Stock,Very Bullish,124.07,-2.03,"13 Apr, 2026",126.64,Apr 15 | 15:51
ALL NSE,JDI,Jindal Drilling,Stock,Very Bullish,544.55,-2.06,"07 Apr, 2026",556.00,Apr 15 | 15:55
ALL NSE,CHL01,Chandan Healthc,Stock,Bullish,264.20,-2.13,"08 Apr, 2026",269.95,Apr 15 | 15:42
ALL NSE,MP16,Madhucon Proj,Stock,Bullish,4.85,-2.22,"08 Apr, 2026",4.96,Apr 15 | 15:59
ALL NSE,SE21,SEPC,Stock,Bullish,7.38,-2.25,"09 Apr, 2026",7.55,Apr 15 | 15:58
ALL NSE,MC13,Murudeshwar Cer,Stock,Bullish,31.18,-2.32,"10 Apr, 2026",31.92,Apr 15 | 15:53
ALL NSE,MTP02,Mold-Tek Pack,Stock,Bullish,541.50,-2.41,"07 Apr, 2026",554.90,Apr 15 | 15:59
ALL NSE,MAF,MVK Agro Food P,Stock,Bullish,536.15,-2.43,"27 Mar, 2026",549.50,Apr 15 | 15:40
ALL NSE,CL07,Crown Lifters,Stock,Bullish,124.11,-2.45,"08 Apr, 2026",127.23,Apr 15 | 15:40
ALL NSE,SMC07,Arihant Super,Stock,Very Bullish,255.70,-2.46,"10 Apr, 2026",262.14,Apr 15 | 15:58
ALL NSE,KKS,G-Tec Jainx,Stock,Bullish,20.18,-2.51,"10 Apr, 2026",20.70,Apr 15 | 15:49
ALL NSE,ATGIL,Agarwal Toughen,Stock,Bullish,106.95,-2.55,"08 Apr, 2026",109.75,Apr 15 | 15:40
ALL NSE,SI75,Sintercom India,Stock,Bullish,83.03,-2.56,"13 Apr, 2026",85.21,Apr 15 | 15:31
ALL NSE,SH07,Supreme Holding,Stock,Bullish,55.78,-2.64,"10 Apr, 2026",57.29,Apr 15 | 15:51
ALL NSE,ME16,MT Educare,Stock,Bullish,1.46,-2.67,"09 Apr, 2026",1.50,Apr 15 | 15:42
ALL NSE,API08,Akanksha Power,Stock,Bullish,72.05,-2.70,"13 Apr, 2026",74.05,Apr 15 | 15:31
ALL NSE,RC04,Regency Ceramic,Stock,Very Bullish,45.76,-2.74,"07 Apr, 2026",47.05,Apr 15 | 15:51
ALL NSE,LCC,LCC Infotech,Stock,Bullish,4.98,-2.92,"01 Apr, 2026",5.13,Apr 15 | 15:31
ALL NSE,CSS,Cybertech,Stock,Very Bullish,127.19,-3.07,"07 Apr, 2026",131.22,Apr 15 | 15:59
ALL NSE,PSL03,Picturepost Stu,Stock,Very Bullish,7.75,-3.13,"10 Apr, 2026",8.00,Apr 15 | 15:40
ALL NSE,SPCL01,Srinibas Pradha,Stock,Bullish,124.00,-3.13,"09 Apr, 2026",128.00,Apr 15 | 15:40
ALL NSE,YDL,Yaap Digital,Stock,Bullish,160.50,-3.17,"02 Apr, 2026",165.75,Apr 15 | 15:53
ALL NSE,RCML,Readymix Constr,Stock,Bullish,92.75,-3.18,"15 Apr, 2026",95.80,Apr 15 | 15:31
ALL NSE,ACL10,Aeron Composite,Stock,Very Bullish,97.85,-3.31,"08 Apr, 2026",101.20,Apr 15 | 15:40
ALL NSE,SE18,Sakuma Exports,Stock,Very Bullish,2.02,-3.35,"07 Apr, 2026",2.09,Apr 15 | 15:58
ALL NSE,KII,Kriti Ind,Stock,Bullish,82.76,-3.37,"08 Apr, 2026",85.65,Apr 15 | 15:46
ALL NSE,CEIL,Classic Electro,Stock,Bullish,53.95,-3.40,"08 Apr, 2026",55.85,Apr 15 | 15:31
ALL NSE,SOCL,Sundrex Oil,Stock,Bullish,29.70,-3.41,"08 Apr, 2026",30.75,Apr 15 | 15:31
ALL NSE,BHE02,Bhandari Hosier,Stock,Bullish,3.22,-3.59,"08 Apr, 2026",3.34,Apr 15 | 15:50
ALL NSE,OAM,Oswal Agro Mill,Stock,Bullish,51.80,-3.90,"08 Apr, 2026",53.90,Apr 15 | 15:42
ALL NSE,MFL09,Munish Forge,Stock,Bullish,71.00,-3.92,"09 Apr, 2026",73.90,Apr 15 | 15:53
ALL NSE,VL06,Vikas Ecotech,Stock,Bullish,1.43,-4.03,"08 Apr, 2026",1.49,Apr 15 | 15:42
ALL NSE,SCL12,SecMark Consult,Stock,Very Bullish,125.51,-4.06,"10 Apr, 2026",130.82,Apr 15 | 15:56
ALL NSE,JE04,Jash Engineerin,Stock,Bullish,392.25,-4.33,"08 Apr, 2026",410.00,Apr 15 | 15:59
ALL NSE,SPS07,Smarten Power S,Stock,Bullish,60.35,-4.89,"07 Apr, 2026",63.45,Apr 15 | 15:47
ALL NSE,AES02,ATC Energies,Stock,Bullish,31.90,-5.06,"06 Apr, 2026",33.60,Apr 15 | 15:31
ALL NSE,AL18,Arvee Lab,Stock,Bullish,160.23,-5.34,"09 Apr, 2026",169.27,Apr 15 | 15:55
ALL NSE,WSI,WS Industries,Stock,Very Bullish,75.34,-5.79,"06 Apr, 2026",79.97,Apr 15 | 15:47
ALL NSE,SG12,STL Global,Stock,Bullish,11.95,-6.42,"07 Apr, 2026",12.77,Apr 15 | 15:50
ALL NSE,KFM,Kapston Service,Stock,Very Bullish,287.05,-6.53,"02 Jan, 2026",307.10,Apr 15 | 15:56
ALL NSE,JGFL,Jeyyam Global F,Stock,Bullish,35.85,-7.24,"07 Apr, 2026",38.65,Apr 15 | 15:31
ALL NSE,UE,Uma Exports,Stock,Bullish,26.93,-7.55,"08 Apr, 2026",29.13,Apr 15 | 15:59
ALL NSE,EIL04,Eleganz Interio,Stock,Bullish,76.70,-9.23,"08 Apr, 2026",84.50,Apr 15 | 15:41
ALL NSE,RI27,Ruchinfra,Stock,Very Bullish,6.17,-10.32,"06 Apr, 2026",6.88,Apr 15 | 15:51
ALL NSE,PR04,Pentagon Rubber,Stock,Bullish,67.20,-10.34,"10 Apr, 2026",74.95,Apr 15 | 15:40
ALL NSE,SAAIL,Sameera Agro,Stock,Bullish,11.60,-11.11,"08 Apr, 2026",13.05,Apr 15 | 15:45
FNO,AT18,Adani Energy,Stock,Very Bullish,"1,171.15",18.14,"06 Apr, 2026",991.35,Apr 15 | 15:59
FNO,FEV,FSN E-Co Nykaa,Stock,Very Bullish,261.92,5.64,"07 Apr, 2026",247.94,Apr 15 | 15:59
FNO,MDS01,Mazagon Dock,Stock,Bullish,"2,538.50",4.23,"09 Apr, 2026","2,435.50",Apr 15 | 15:59
FNO,OC10,One 97 Paytm,Stock,Bullish,"1,140.10",2.44,"08 Apr, 2026","1,112.95",Apr 15 | 15:59
FNO,BT,Force Motors,Stock,Very Bullish,"22,377.00",1.37,"08 Apr, 2026","22,075.00",Apr 15 | 15:59
LARGECAP,GEC,GE Vernova TD,Stock,Very Bullish,"4,134.50",8.58,"18 Mar, 2026","3,807.70",Apr 15 | 15:58
MIDCAP,EOP,Embassy Office,Stock,Very Bullish,449.36,4.51,"02 Apr, 2026",429.97,Apr 15 | 15:58
MIDCAP,LTS,LT Technology,Stock,Bullish,"3,430.70",-0.46,"10 Apr, 2026","3,446.50",Apr 15 | 15:59
SMALLCAP,KI25,Kotyark Ind,Stock,Bullish,364.90,61.82,"11 Feb, 2026",225.50,Apr 15 | 15:47
SMALLCAP,DG01,ConfidencePetro,Stock,Very Bullish,52.61,43.74,"18 Mar, 2026",36.60,Apr 15 | 15:58
SMALLCAP,NTL02,Newjaisa Techno,Stock,Bullish,26.15,39.10,"02 Apr, 2026",18.80,Apr 15 | 15:31
SMALLCAP,MT14,MTAR Tech,Stock,Very Bullish,"4,941.10",36.29,"17 Mar, 2026","3,625.50",Apr 15 | 15:59
SMALLCAP,Z,Zenith SPI,Stock,Bullish,6.73,25.56,"09 Apr, 2026",5.36,Apr 15 | 15:50
SMALLCAP,CIL08,Carraro India,Stock,Very Bullish,586.00,21.93,"09 Apr, 2026",480.60,Apr 15 | 15:58
SMALLCAP,RI46,Rishabh Instru,Stock,Very Bullish,476.95,19.60,"06 Apr, 2026",398.80,Apr 15 | 15:59
SMALLCAP,ETL01,Exicom Tele,Stock,Bullish,115.24,19.41,"08 Apr, 2026",96.51,Apr 15 | 15:59
SMALLCAP,KAR,KN Agri Res,Stock,Very Bullish,221.91,18.66,"02 Apr, 2026",187.02,Apr 15 | 15:40
SMALLCAP,BTC02,BB Triplewall ,Stock,Very Bullish,210.33,17.94,"07 Apr, 2026",178.33,Apr 15 | 15:54
SMALLCAP,AI74,Aether Ind,Stock,Very Bullish,"1,178.10",16.42,"06 Mar, 2026","1,011.95",Apr 15 | 15:59
SMALLCAP,MCCL,Marco Cables,Stock,Very Bullish,40.15,16.04,"06 Apr, 2026",34.60,Apr 15 | 15:53
SMALLCAP,HIE,HG Infra Eng,Stock,Bullish,630.50,15.71,"10 Apr, 2026",544.90,Apr 15 | 15:59
SMALLCAP,PCS03,Prozone Realty,Stock,Very Bullish,57.14,15.22,"06 Apr, 2026",49.59,Apr 15 | 15:58
SMALLCAP,MI57,Megatherm,Stock,Bullish,243.50,14.32,"06 Apr, 2026",213.00,Apr 15 | 15:56
SMALLCAP,AT21,Arham Tech,Stock,Very Bullish,148.50,13.75,"02 Apr, 2026",130.55,Apr 15 | 15:51
SMALLCAP,LSI01,Lloyds Engineer,Stock,Bullish,51.77,13.28,"07 Apr, 2026",45.70,Apr 15 | 15:59
SMALLCAP,GBL02,Godavari Bio,Stock,Very Bullish,315.00,12.84,"06 Feb, 2026",279.15,Apr 15 | 15:56
SMALLCAP,KIL09,Kataria Ind,Stock,Very Bullish,117.10,12.65,"09 Apr, 2026",103.95,Apr 15 | 15:31
SMALLCAP,RSL08,Ramdevbaba,Stock,Bullish,98.90,11.81,"10 Apr, 2026",88.45,Apr 15 | 15:31
SMALLCAP,MFC,Hybrid Fin Ser,Stock,Very Bullish,20.20,10.93,"06 Apr, 2026",18.21,Apr 15 | 15:47
SMALLCAP,AT23,Avalon Tech,Stock,Very Bullish,"1,067.05",10.86,"06 Apr, 2026",962.50,Apr 15 | 15:59
SMALLCAP,HTL02,HVAX Tech,Stock,Very Bullish,857.00,10.67,"01 Apr, 2026",774.35,Apr 15 | 15:31
SMALLCAP,DNT,De Neers Tools,Stock,Very Bullish,169.25,10.66,"06 Apr, 2026",152.95,Apr 15 | 15:40
SMALLCAP,KIL07,Karnika Ind,Stock,Very Bullish,135.95,10.53,"07 Apr, 2026",123.00,Apr 15 | 15:49
SMALLCAP,REL02,Rexpro Ent,Stock,Bullish,52.25,10.12,"10 Apr, 2026",47.45,Apr 15 | 15:31
SMALLCAP,WB01,Windlas Biotech,Stock,Very Bullish,866.30,9.97,"08 Apr, 2026",787.75,Apr 15 | 15:59
SMALLCAP,MB05,Metro Brands,Stock,Bullish,"1,079.65",9.94,"08 Apr, 2026",982.05,Apr 15 | 15:58
SMALLCAP,ADP03,Akums Drugs P,Stock,Very Bullish,545.30,9.84,"01 Apr, 2026",496.45,Apr 15 | 15:59
SMALLCAP,PA09,Proventus,Stock,Very Bullish,"1,317.10",9.76,"07 Apr, 2026","1,200.00",Apr 15 | 15:31
SMALLCAP,AS30,Accuracy Ship,Stock,Very Bullish,5.36,9.61,"07 Apr, 2026",4.89,Apr 15 | 15:50
SMALLCAP,SPL12,Senores Pharma,Stock,Very Bullish,853.85,9.36,"25 Mar, 2026",780.80,Apr 15 | 15:59
SMALLCAP,VIT02,Vinyas,Stock,Bullish,"1,060.30",9.27,"10 Apr, 2026",970.35,Apr 15 | 15:58
SMALLCAP,DEL05,Diffusion Eng,Stock,Very Bullish,294.46,9.23,"01 Apr, 2026",269.57,Apr 15 | 15:55
SMALLCAP,NDRIN22680,NDR InvIT Trust,Stock,Very Bullish,137.00,8.73,"11 Feb, 2026",126.00,Apr 15 | 15:40
SMALLCAP,TF15,Tips Films,Stock,Bullish,369.30,8.30,"10 Apr, 2026",341.00,Apr 15 | 15:43
SMALLCAP,NEML,Namo Ewaste,Stock,Bullish,179.90,7.76,"13 Apr, 2026",166.95,Apr 15 | 15:51
SMALLCAP,OPO,One Point One,Stock,Very Bullish,53.44,7.76,"08 Apr, 2026",49.59,Apr 15 | 15:59
SMALLCAP,AEL06,Aesthetik Eng,Stock,Bullish,84.05,7.76,"08 Apr, 2026",78.00,Apr 15 | 15:31
SMALLCAP,ABL06,ABLBL,Stock,Bullish,107.21,7.62,"09 Apr, 2026",99.62,Apr 15 | 15:59
SMALLCAP,MML07,Muthoot Micro,Stock,Very Bullish,179.55,7.53,"08 Apr, 2026",166.98,Apr 15 | 15:59
SMALLCAP,LI12,Latteys Ind.,Stock,Very Bullish,22.42,7.38,"08 Apr, 2026",20.88,Apr 15 | 15:52
SMALLCAP,SK02,Stove Kraft,Stock,Very Bullish,580.60,7.16,"08 Apr, 2026",541.80,Apr 15 | 15:59
SMALLCAP,SE30,Sansera Eng,Stock,Very Bullish,"2,340.80",6.46,"18 Mar, 2026","2,198.80",Apr 15 | 15:55
SMALLCAP,VLL,Valiant Lab,Stock,Bullish,62.81,6.15,"07 Apr, 2026",59.17,Apr 15 | 15:59
SMALLCAP,TTL02,Trident Techlab,Stock,Bullish,235.60,5.79,"10 Apr, 2026",222.70,Apr 15 | 15:49
SMALLCAP,SP43,Shriram Prop,Stock,Bullish,79.53,5.51,"08 Apr, 2026",75.38,Apr 15 | 15:58
SMALLCAP,HEP,HPL Electric ,Stock,Bullish,338.70,5.45,"08 Apr, 2026",321.20,Apr 15 | 15:58
SMALLCAP,OA01,ORIENT CERATECH,Stock,Very Bullish,42.18,5.11,"07 Apr, 2026",40.13,Apr 15 | 15:41
SMALLCAP,OMM01,Owais Metal,Stock,Bullish,149.80,4.98,"13 Apr, 2026",142.70,Apr 15 | 15:56
SMALLCAP,HO02,Holmarc Opto,Stock,Bullish,87.90,4.96,"13 Apr, 2026",83.75,Apr 15 | 15:31
SMALLCAP,RE11,RUDRABHISHEK,Stock,Bullish,84.82,4.92,"07 Apr, 2026",80.84,Apr 15 | 15:46
SMALLCAP,RRL04,Rubicon Res,Stock,Very Bullish,821.30,4.90,"20 Mar, 2026",782.95,Apr 15 | 15:59
SMALLCAP,RR10,Rolex Rings,Stock,Very Bullish,133.96,4.80,"08 Apr, 2026",127.83,Apr 15 | 15:57
SMALLCAP,JIS03,Jain Ir. DVR,Stock,Bullish,23.99,4.76,"08 Apr, 2026",22.90,Apr 15 | 15:40
SMALLCAP,YOL,Yash Optics,Stock,Very Bullish,121.00,4.49,"06 Apr, 2026",115.80,Apr 15 | 15:50
SMALLCAP,DD03,Drone Desti,Stock,Bullish,52.60,4.47,"08 Apr, 2026",50.35,Apr 15 | 15:40
SMALLCAP,EL02,M & B Eng,Stock,Bullish,321.43,4.25,"08 Apr, 2026",308.33,Apr 15 | 15:54
SMALLCAP,PIL08,Platinum Ind,Stock,Bullish,217.55,4.04,"09 Apr, 2026",209.10,Apr 15 | 15:59
SMALLCAP,HFL,Hindustan Foods,Stock,Very Bullish,517.10,3.98,"24 Mar, 2026",497.30,Apr 15 | 15:52
SMALLCAP,MHH,Mohini Health,Stock,Bullish,40.45,3.59,"06 Apr, 2026",39.05,Apr 15 | 15:41
SMALLCAP,APB,Astron Paper,Stock,Very Bullish,4.62,3.36,"09 Apr, 2026",4.47,Apr 15 | 15:46
SMALLCAP,EIRL,Effwa Infra R,Stock,Very Bullish,222.50,3.08,"07 Apr, 2026",215.85,Apr 15 | 15:40
SMALLCAP,RCM03,Rainbow Child,Stock,Very Bullish,"1,265.00",3.07,"07 Apr, 2026","1,227.30",Apr 15 | 15:59
SMALLCAP,BSR02,Baazar Style,Stock,Bullish,302.40,2.70,"01 Apr, 2026",294.45,Apr 15 | 15:53
SMALLCAP,SI90,Satia Ind,Stock,Bullish,65.76,2.67,"08 Apr, 2026",64.05,Apr 15 | 15:59
SMALLCAP,NR03,Nupur Rec,Stock,Bullish,55.26,2.66,"13 Apr, 2026",53.83,Apr 15 | 15:49
SMALLCAP,IGE02,Inox Green,Stock,Bullish,164.26,2.63,"13 Apr, 2026",160.05,Apr 15 | 15:59
SMALLCAP,SC,TVS Holdings,Stock,Bullish,"14,488.00",2.63,"13 Apr, 2026","14,117.00",Apr 15 | 15:44
SMALLCAP,MW01,Mangalam World,Stock,Very Bullish,272.45,2.56,"09 Apr, 2026",265.65,Apr 15 | 15:46
SMALLCAP,DCW01,DCG Cables,Stock,Bullish,64.40,2.55,"08 Apr, 2026",62.80,Apr 15 | 15:46
SMALLCAP,ALI07,Amiable,Stock,Very Bullish,82.90,2.41,"18 Dec, 2025",80.95,Apr 15 | 15:42
SMALLCAP,ATS01,Anlon Tech,Stock,Very Bullish,404.00,1.96,"06 Apr, 2026",396.25,Apr 15 | 15:40
SMALLCAP,FTL03,Fabtech Tech,Stock,Very Bullish,156.50,1.93,"08 Apr, 2026",153.53,Apr 15 | 15:59
SMALLCAP,OBC01,Orissa Bengal,Stock,Very Bullish,56.99,1.79,"13 Apr, 2026",55.99,Apr 15 | 15:42
SMALLCAP,PII04,PowerGrid InvIT,Stock,Very Bullish,93.46,1.40,"02 Apr, 2026",92.17,Apr 15 | 15:56
SMALLCAP,RRM01,Raghav Product,Stock,Bullish,708.45,1.03,"10 Apr, 2026",701.20,Apr 15 | 15:56
SMALLCAP,PP36,Paradeep Phosp,Stock,Bullish,122.49,1.02,"08 Apr, 2026",121.25,Apr 15 | 15:59
SMALLCAP,RPE,Ratnaveer,Stock,Very Bullish,158.75,1.02,"13 Apr, 2026",157.15,Apr 15 | 15:59
SMALLCAP,ARI02,Anupam Rasayan,Stock,Very Bullish,"1,287.80",0.93,"09 Apr, 2026","1,275.90",Apr 15 | 15:59
SMALLCAP,CAL02,Canarys,Stock,Bullish,22.70,0.89,"09 Apr, 2026",22.50,Apr 15 | 15:42
SMALLCAP,AS32,Annapurna Swa,Stock,Bullish,182.50,0.36,"01 Apr, 2026",181.85,Apr 15 | 15:55
SMALLCAP,BJH,Blue Jet,Stock,Bullish,408.20,0.33,"10 Apr, 2026",406.85,Apr 15 | 15:59
SMALLCAP,FFS05,Finbud Fin,Stock,Bullish,108.85,0.32,"10 Apr, 2026",108.50,Apr 15 | 15:40
SMALLCAP,DRL02,Deem Roll Tech,Stock,Bullish,41.05,0.24,"09 Apr, 2026",40.95,Apr 15 | 15:31
SMALLCAP,AL19,Atmastco,Stock,Bullish,150.65,0.23,"08 Apr, 2026",150.30,Apr 15 | 15:47
SMALLCAP,KIO01,Krishna Inst.,Stock,Bullish,665.05,0.12,"10 Apr, 2026",664.25,Apr 15 | 15:59
SMALLCAP,A9,Atlantaa,Stock,Bullish,41.58,0.12,"08 Apr, 2026",41.53,Apr 15 | 15:54
SMALLCAP,IRS01,Infollion,Stock,Bullish,325.70,0.08,"07 Apr, 2026",325.45,Apr 15 | 15:31
SMALLCAP,GA09,Greenchef Appli,Stock,Bullish,50.95,0.00,"15 Apr, 2026",50.95,Apr 15 | 15:40
SMALLCAP,TT17,Tracxn Tech,Stock,Bullish,34.86,0.00,"15 Apr, 2026",34.86,Apr 15 | 15:58
SMALLCAP,SKS05,Shri Kanha,Stock,Bullish,22.50,0.00,"15 Apr, 2026",22.50,Apr 15 | 15:40
SMALLCAP,WI03,Welspun Living,Stock,Bullish,124.76,0.00,"15 Apr, 2026",124.76,Apr 15 | 15:59
SMALLCAP,DR,Valor Estate,Stock,Bullish,109.84,0.00,"15 Apr, 2026",109.84,Apr 15 | 15:59
SMALLCAP,MDN,Mishra Dhatu,Stock,Bullish,348.65,0.00,"15 Apr, 2026",348.65,Apr 15 | 15:59
SMALLCAP,UA03,UTI AMC,Stock,Bullish,"1,009.60",0.00,"15 Apr, 2026","1,009.60",Apr 15 | 15:59
SMALLCAP,NPL04,Neptune Petro,Stock,Bullish,200.00,0.00,"15 Apr, 2026",200.00,Apr 15 | 15:44
SMALLCAP,HCL04,Hindcon Chem,Stock,Bullish,23.16,-0.04,"08 Apr, 2026",23.17,Apr 15 | 15:59
SMALLCAP,PC26,Party Cruisers,Stock,Very Bullish,86.00,-0.23,"01 Apr, 2026",86.20,Apr 15 | 15:41
SMALLCAP,VPAIL,Vishnusurya,Stock,Very Bullish,168.00,-0.44,"10 Apr, 2026",168.75,Apr 15 | 15:42
SMALLCAP,ETL,Esconet Tech,Stock,Very Bullish,131.45,-0.60,"09 Apr, 2026",132.25,Apr 15 | 15:49
SMALLCAP,KSS02,Krishca Strap,Stock,Bullish,177.35,-0.62,"13 Apr, 2026",178.45,Apr 15 | 15:43
SMALLCAP,SIL26,Savy Infra,Stock,Very Bullish,138.10,-0.68,"02 Apr, 2026",139.05,Apr 15 | 15:40
SMALLCAP,MAF,MVK Agro Food,Stock,Bullish,536.15,-2.43,"27 Mar, 2026",549.50,Apr 15 | 15:40
SMALLCAP,OAM,Oswal Agro,Stock,Bullish,51.80,-3.90,"08 Apr, 2026",53.90,Apr 15 | 15:42
