lastupdt,scannerDetails,scannerCode,scannerName,scannerDescription,catId,catName,scannerDesc,scannerVideo,did_u_know,refreshFlag,scanproflg,displayLock,scannerFormula,scanId
1777461317,"{'stkname': 'KN Agri Res', 'ltp': '', 'perChg': '', 'stkId': 'KAR', 'displayLock': 'N', 'scanproflg': 1, 'scUrl': 'vegetable-oilsproducts/knagriresources/KAR', 'columns': [{'name': 'D Smart Indicator value', 'value': '234.55'}, {'name': 'change %', 'value': '-7.46'}, {'name': 'LTP', 'value': '180.00'}]}",OHLC_D_I_DSMARTBEARC,Smart Breakdown,Stock giving Sell signal today on DSMART indicator,25,Breakout Scan,Stock giving Sell signal today on DSMART indicator,,,False,1,N,,OHLC_D_I_DSMARTBEARC
1777461317,"{'stkname': 'Nipp Nifty1D', 'ltp': '', 'perChg': '', 'stkId': 'LB', 'displayLock': 'N', 'scanproflg': 1, 'scUrl': 'etf/nipponindiaetfnifty1drateliquidbees/LB', 'columns': [{'name': 'change %', 'value': '0.00'}, {'name': 'LTP', 'value': '1,000.01'}, {'name': 'Close Price value', 'value': '1,000.01'}, {'name': 'change absolute', 'value': '0.01'}]}",OHLC_D_I_SQZBEARBO,Squeeze Breakdown,Negative breakdown after squeeze in Bollinger band,25,Breakout Scan,Stocks giving lower band breakdown after squeeze in bollinger band. It indicates fresh momentum after consolidation,,,False,1,N,,OHLC_D_I_SQZBEARBO
1777461317,"{'stkname': 'Go Digit', 'ltp': '', 'perChg': '', 'stkId': 'GDGIL', 'displayLock': 'N', 'scanproflg': 1, 'scUrl': 'multiline-insurancebrokers/godigitgeneralinsurance/GDGIL', 'columns': [{'name': 'change %', 'value': '-1.20'}, {'name': 'LTP', 'value': '313.00'}, {'name': 'Close Price value', 'value': '313.00'}, {'name': 'change absolute', 'value': '-3.80'}]}",OHLC_D_I_SQZBEARBO,Squeeze Breakdown,Negative breakdown after squeeze in Bollinger band,25,Breakout Scan,Stocks giving lower band breakdown after squeeze in bollinger band. It indicates fresh momentum after consolidation,,,False,1,N,,OHLC_D_I_SQZBEARBO
1777461317,"{'stkname': 'MOGSEC', 'ltp': '', 'perChg': '', 'stkId': 'MOGSE1507', 'displayLock': 'N', 'scanproflg': 1, 'scUrl': 'etf/motilaloswal5yeargsecetf-growth/MOGSE1507', 'columns': [{'name': 'change %', 'value': '-0.24'}, {'name': 'LTP', 'value': '63.57'}, {'name': 'Close Price value', 'value': '63.57'}, {'name': 'change absolute', 'value': '-0.15'}]}",OHLC_D_I_SQZBEARBO,Squeeze Breakdown,Negative breakdown after squeeze in Bollinger band,25,Breakout Scan,Stocks giving lower band breakdown after squeeze in bollinger band. It indicates fresh momentum after consolidation,,,False,1,N,,OHLC_D_I_SQZBEARBO
1777461317,"{'stkname': 'BlackBuck', 'ltp': '', 'perChg': '', 'stkId': 'ZLSL', 'displayLock': 'N', 'scanproflg': 1, 'scUrl': 'online-services/blackbuck/ZLSL', 'columns': [{'name': 'change %', 'value': '-5.46'}, {'name': 'LTP', 'value': '549.90'}, {'name': 'Close Price value', 'value': '549.90'}, {'name': 'change absolute', 'value': '-31.75'}]}",OHLC_D_I_ST5133BEAR,Trend Rider (Bearish),Ride the bearish trend with Sell signal from trend rider indicator,25,Breakout Scan,Stock in bearish long term trend and short term indicator giving fresh Sell signal indicating more short term correction in stock,,,False,1,N,,OHLC_D_I_ST5133BEAR
1777461317,"{'stkname': 'Asian Granito', 'ltp': '', 'perChg': '', 'stkId': 'AGI04', 'displayLock': 'N', 'scanproflg': 1, 'scUrl': 'ceramicsgranite/asiangranitoindia/AGI04', 'columns': [{'name': 'change %', 'value': '-16.28'}, {'name': 'LTP', 'value': '64.44'}, {'name': 'Close Price value', 'value': '64.44'}, {'name': 'change absolute', 'value': '-12.53'}]}",OHLC_D_I_ST5133BEAR,Trend Rider (Bearish),Ride the bearish trend with Sell signal from trend rider indicator,25,Breakout Scan,Stock in bearish long term trend and short term indicator giving fresh Sell signal indicating more short term correction in stock,,,False,1,N,,OHLC_D_I_ST5133BEAR
1777461317,"{'stkname': '', 'ltp': '', 'perChg': '', 'stkId': 'SAB', 'displayLock': 'Y', 'scanproflg': 3, 'scUrl': 'mediaentertainment/aqylonnexus/SAB', 'columns': [{'name': 'RSI Indicator value', 'value': '35.67'}, {'name': 'change %', 'value': '5.00'}, {'name': 'LTP', 'value': '50.22'}]}",OHLC_D_I_RSI70607DNBE,Breakdown after consolidation,Stocks breaking down after a period of consolidation,25,Breakout Scan,"Stocks breaking down after a period of consolidation, signalling potential upward momentum and renewed market activity.",,,False,3,Y,,OHLC_D_I_RSI70607DNBE
1777461317,"{'stkname': '', 'ltp': '', 'perChg': '', 'stkId': 'MT02', 'displayLock': 'Y', 'scanproflg': 3, 'scUrl': 'finance-leasinghire-purchase/mastertrust/MT02', 'columns': [{'name': 'RSI Indicator value', 'value': '27.47'}, {'name': 'change %', 'value': '-8.67'}, {'name': 'LTP', 'value': '59.60'}]}",OHLC_D_I_RSI70607DNBE,Breakdown after consolidation,Stocks breaking down after a period of consolidation,25,Breakout Scan,"Stocks breaking down after a period of consolidation, signalling potential upward momentum and renewed market activity.",,,False,3,Y,,OHLC_D_I_RSI70607DNBE
1777461317,"{'stkname': '', 'ltp': '', 'perChg': '', 'stkId': 'MCM02', 'displayLock': 'Y', 'scanproflg': 3, 'scUrl': 'steel-mediumsmall/manaksiacoatedmetalsindustries/MCM02', 'columns': [{'name': 'RSI Indicator value', 'value': '34.32'}, {'name': 'change %', 'value': '-6.76'}, {'name': 'LTP', 'value': '100.78'}]}",OHLC_D_I_RSI70607DNBE,Breakdown after consolidation,Stocks breaking down after a period of consolidation,25,Breakout Scan,"Stocks breaking down after a period of consolidation, signalling potential upward momentum and renewed market activity.",,,False,3,Y,,OHLC_D_I_RSI70607DNBE
1777461317,"{'stkname': '', 'ltp': '', 'perChg': '', 'stkId': 'SL02', 'displayLock': 'Y', 'scanproflg': 3, 'scUrl': 'finance-investments/finkurvefinancialservices/SL02', 'columns': [{'name': 'RSI Indicator value', 'value': '35.39'}, {'name': 'change %', 'value': '2.06'}, {'name': 'LTP', 'value': '55.45'}]}",OHLC_D_I_RSI70607DNBE,Breakdown after consolidation,Stocks breaking down after a period of consolidation,25,Breakout Scan,"Stocks breaking down after a period of consolidation, signalling potential upward momentum and renewed market activity.",,,False,3,Y,,OHLC_D_I_RSI70607DNBE
1777461317,"{'stkname': '', 'ltp': '', 'perChg': '', 'stkId': 'IFG', 'displayLock': 'Y', 'scanproflg': 3, 'scUrl': 'cement-productsbuilding-materials/ifglrefractories/IFG', 'columns': [{'name': 'RSI Indicator value', 'value': '26.08'}, {'name': 'change %', 'value': '-6.14'}, {'name': 'LTP', 'value': '131.00'}]}",OHLC_D_I_RSI70607DNBE,Breakdown after consolidation,Stocks breaking down after a period of consolidation,25,Breakout Scan,"Stocks breaking down after a period of consolidation, signalling potential upward momentum and renewed market activity.",,,False,3,Y,,OHLC_D_I_RSI70607DNBE
1777461317,"{'stkname': '', 'ltp': '', 'perChg': '', 'stkId': 'P11', 'displayLock': 'Y', 'scanproflg': 3, 'scUrl': 'chemicals/paushak/P11', 'columns': [{'name': 'RSI Indicator value', 'value': '30.08'}, {'name': 'change %', 'value': '-4.06'}, {'name': 'LTP', 'value': '372.00'}]}",OHLC_D_I_RSI70607DNBE,Breakdown after consolidation,Stocks breaking down after a period of consolidation,25,Breakout Scan,"Stocks breaking down after a period of consolidation, signalling potential upward momentum and renewed market activity.",,,False,3,Y,,OHLC_D_I_RSI70607DNBE
1777461317,"{'stkname': '', 'ltp': '', 'perChg': '', 'stkId': 'ATE01', 'displayLock': 'Y', 'scanproflg': 3, 'scUrl': 'trading/efci/ATE01', 'columns': [{'name': 'change %', 'value': '-4.49'}, {'name': 'LTP', 'value': '190.97'}, {'name': 'Close Price value', 'value': '190.97'}, {'name': 'change absolute', 'value': '-8.97'}]}",OHLC_D_I_MOMRAVBE,Momentum Breakdown,Stocks with strong momeuntum and bearish breakouts,25,Breakout Scan,Stocks with strong momentum and several price pattern and technical indicator giving bearish  breakouts,,,False,3,Y,,OHLC_D_I_MOMRAVBE
1777461317,"{'stkname': 'Omnitech Engine', 'ltp': '', 'perChg': '', 'stkId': 'OEL', 'displayLock': 'N', 'scanproflg': 1, 'scUrl': 'engineering-industrial-equipments/omnitechengineering/OEL', 'columns': [{'name': 'change %', 'value': '-4.72'}, {'name': 'LTP', 'value': '380.70'}, {'name': 'Close Price value', 'value': '380.70'}, {'name': 'change absolute', 'value': '-2.60'}]}",OHLC_D_I_ADBBPSELL,Perfect Sell,Stock breaking support along with Sell signal in directional indicator,25,Breakout Scan,Stock breaking support along with Sell signal in ADX directional indicator. These stocks likely to trade weak in short term,,,False,1,N,,OHLC_D_I_ADBBPSELL
1777461317,"{'stkname': 'Crizac', 'ltp': '', 'perChg': '', 'stkId': 'CL11', 'displayLock': 'N', 'scanproflg': 1, 'scUrl': 'educational-institutions/crizac/CL12', 'columns': [{'name': 'change %', 'value': '-3.96'}, {'name': 'LTP', 'value': '206.61'}, {'name': 'Close Price value', 'value': '206.61'}, {'name': 'change absolute', 'value': '-0.78'}]}",OHLC_D_I_ADBBPSELL,Perfect Sell,Stock breaking support along with Sell signal in directional indicator,25,Breakout Scan,Stock breaking support along with Sell signal in ADX directional indicator. These stocks likely to trade weak in short term,,,False,1,N,,OHLC_D_I_ADBBPSELL
1777461317,"{'stkname': 'Lenskart Solu', 'ltp': '', 'perChg': '', 'stkId': 'LSL', 'displayLock': 'N', 'scanproflg': 1, 'scUrl': 'retailing/lenskartsolutions/LSL', 'columns': [{'name': 'change %', 'value': '-3.21'}, {'name': 'LTP', 'value': '519.75'}, {'name': 'Close Price value', 'value': '519.75'}, {'name': 'change absolute', 'value': '-1.15'}]}",OHLC_D_I_ADBBPSELL,Perfect Sell,Stock breaking support along with Sell signal in directional indicator,25,Breakout Scan,Stock breaking support along with Sell signal in ADX directional indicator. These stocks likely to trade weak in short term,,,False,1,N,,OHLC_D_I_ADBBPSELL
1777461317,"{'stkname': 'Kothari Product', 'ltp': '', 'perChg': '', 'stkId': 'KP06', 'displayLock': 'N', 'scanproflg': 1, 'scUrl': 'cigarettes/kothariproducts/KP06', 'columns': [{'name': 'change %', 'value': '-0.67'}, {'name': 'LTP', 'value': '73.00'}, {'name': 'Close Price value', 'value': '73.00'}, {'name': 'change absolute', 'value': '-0.10'}]}",OHLC_D_I_ADBBPSELL,Perfect Sell,Stock breaking support along with Sell signal in directional indicator,25,Breakout Scan,Stock breaking support along with Sell signal in ADX directional indicator. These stocks likely to trade weak in short term,,,False,1,N,,OHLC_D_I_ADBBPSELL
1777461317,"{'stkname': 'Uma Exports', 'ltp': '', 'perChg': '', 'stkId': 'UE', 'displayLock': 'N', 'scanproflg': 1, 'scUrl': 'trading/umaexports/UE01', 'columns': [{'name': 'change %', 'value': '-3.51'}, {'name': 'LTP', 'value': '25.53'}, {'name': 'Close Price value', 'value': '25.53'}, {'name': 'change absolute', 'value': '-0.77'}]}",OHLC_D_I_ADBBPSELL,Perfect Sell,Stock breaking support along with Sell signal in directional indicator,25,Breakout Scan,Stock breaking support along with Sell signal in ADX directional indicator. These stocks likely to trade weak in short term,,,False,1,N,,OHLC_D_I_ADBBPSELL
1777461317,"{'stkname': 'Pasupati Acrylo', 'ltp': '', 'perChg': '', 'stkId': 'PA03', 'displayLock': 'N', 'scanproflg': 1, 'scUrl': 'textiles-manmade/pasupatiacrylon/PA03', 'columns': [{'name': 'change %', 'value': '-1.93'}, {'name': 'LTP', 'value': '49.30'}, {'name': 'Close Price value', 'value': '49.30'}, {'name': 'change absolute', 'value': '-1.43'}]}",OHLC_D_I_ADBBPSELL,Perfect Sell,Stock breaking support along with Sell signal in directional indicator,25,Breakout Scan,Stock breaking support along with Sell signal in ADX directional indicator. These stocks likely to trade weak in short term,,,False,1,N,,OHLC_D_I_ADBBPSELL
1777461317,"{'stkname': 'VIP Clothing', 'ltp': '', 'perChg': '', 'stkId': 'MI45', 'displayLock': 'N', 'scanproflg': 1, 'scUrl': 'textiles-readymade-apparels/vipclothing/MI53', 'columns': [{'name': 'change %', 'value': '-5.71'}, {'name': 'LTP', 'value': '21.30'}, {'name': 'Close Price value', 'value': '21.30'}, {'name': 'change absolute', 'value': '-1.07'}]}",OHLC_D_I_ADBBPSELL,Perfect Sell,Stock breaking support along with Sell signal in directional indicator,25,Breakout Scan,Stock breaking support along with Sell signal in ADX directional indicator. These stocks likely to trade weak in short term,,,False,1,N,,OHLC_D_I_ADBBPSELL
1777461317,"{'stkname': 'KAMOPAINTS', 'ltp': '', 'perChg': '', 'stkId': 'KV04', 'displayLock': 'N', 'scanproflg': 1, 'scUrl': 'paints/kamdhenuventures/KV04', 'columns': [{'name': 'change %', 'value': '-0.54'}, {'name': 'LTP', 'value': '5.55'}, {'name': 'Close Price value', 'value': '5.55'}, {'name': 'change absolute', 'value': '0.11'}]}",OHLC_D_I_ADBBPSELL,Perfect Sell,Stock breaking support along with Sell signal in directional indicator,25,Breakout Scan,Stock breaking support along with Sell signal in ADX directional indicator. These stocks likely to trade weak in short term,,,False,1,N,,OHLC_D_I_ADBBPSELL
1777461317,"{'stkname': 'Incredible Ind', 'ltp': '', 'perChg': '', 'stkId': 'AI61', 'displayLock': 'N', 'scanproflg': 1, 'scUrl': 'steel-mediumsmall/incredibleindustries/AI67', 'columns': [{'name': 'change %', 'value': '-6.33'}, {'name': 'LTP', 'value': '33.57'}, {'name': 'Close Price value', 'value': '33.57'}, {'name': 'change absolute', 'value': '-0.62'}]}",OHLC_D_I_ADBBPSELL,Perfect Sell,Stock breaking support along with Sell signal in directional indicator,25,Breakout Scan,Stock breaking support along with Sell signal in ADX directional indicator. These stocks likely to trade weak in short term,,,False,1,N,,OHLC_D_I_ADBBPSELL
1777461317,"{'stkname': 'Take Solutions', 'ltp': '', 'perChg': '', 'stkId': 'TS09', 'displayLock': 'N', 'scanproflg': 1, 'scUrl': 'pharmaceuticals/takesolutions/TS09', 'columns': [{'name': 'change %', 'value': '0.00'}, {'name': 'LTP', 'value': '44.44'}, {'name': 'Close Price value', 'value': '44.44'}, {'name': 'change absolute', 'value': '-0.90'}]}",OHLC_D_I_ADBBPSELL,Perfect Sell,Stock breaking support along with Sell signal in directional indicator,25,Breakout Scan,Stock breaking support along with Sell signal in ADX directional indicator. These stocks likely to trade weak in short term,,,False,1,N,,OHLC_D_I_ADBBPSELL
1777461317,"{'stkname': 'Oswal ChemandFe', 'ltp': '', 'perChg': '', 'stkId': 'OCF', 'displayLock': 'N', 'scanproflg': 1, 'scUrl': 'fertilisers/oswalchemicalsfertilisers/OCF', 'columns': [{'name': 'change %', 'value': '-1.94'}, {'name': 'LTP', 'value': '27.85'}, {'name': 'Close Price value', 'value': '27.85'}, {'name': 'change absolute', 'value': '-0.15'}]}",OHLC_D_I_ADBBPSELL,Perfect Sell,Stock breaking support along with Sell signal in directional indicator,25,Breakout Scan,Stock breaking support along with Sell signal in ADX directional indicator. These stocks likely to trade weak in short term,,,False,1,N,,OHLC_D_I_ADBBPSELL
1777461317,"{'stkname': 'ABSL AMC', 'ltp': '', 'perChg': '', 'stkId': 'ABS', 'displayLock': 'N', 'scanproflg': 1, 'scUrl': 'finance-investment/adityabirlasunlifeamc/ABS', 'columns': [{'name': 'change %', 'value': '-4.62'}, {'name': 'LTP', 'value': '1,017.00'}, {'name': 'Close Price value', 'value': '1,017.00'}, {'name': 'change absolute', 'value': '-7.05'}]}",OHLC_D_I_ADBBPSELL,Perfect Sell,Stock breaking support along with Sell signal in directional indicator,25,Breakout Scan,Stock breaking support along with Sell signal in ADX directional indicator. These stocks likely to trade weak in short term,,,False,1,N,,OHLC_D_I_ADBBPSELL
1777461317,"{'stkname': 'Dhanuka Agritec', 'ltp': '', 'perChg': '', 'stkId': 'DP04', 'displayLock': 'N', 'scanproflg': 1, 'scUrl': 'pesticidesagro-chemicals/dhanukaagritech/DA01', 'columns': [{'name': 'change %', 'value': '-0.75'}, {'name': 'LTP', 'value': '1,058.00'}, {'name': 'Close Price value', 'value': '1,058.00'}, {'name': 'change absolute', 'value': '2.95'}]}",OHLC_D_I_ADBBPSELL,Perfect Sell,Stock breaking support along with Sell signal in directional indicator,25,Breakout Scan,Stock breaking support along with Sell signal in ADX directional indicator. These stocks likely to trade weak in short term,,,False,1,N,,OHLC_D_I_ADBBPSELL
1777461317,"{'stkname': 'United Drilling', 'ltp': '', 'perChg': '', 'stkId': 'UDT', 'displayLock': 'N', 'scanproflg': 1, 'scUrl': 'engineering-industrial-equipments/uniteddrillingtools/UDT', 'columns': [{'name': 'change %', 'value': '-3.56'}, {'name': 'LTP', 'value': '203.00'}, {'name': 'Close Price value', 'value': '203.00'}, {'name': 'change absolute', 'value': '-1.02'}]}",OHLC_D_I_ADBBPSELL,Perfect Sell,Stock breaking support along with Sell signal in directional indicator,25,Breakout Scan,Stock breaking support along with Sell signal in ADX directional indicator. These stocks likely to trade weak in short term,,,False,1,N,,OHLC_D_I_ADBBPSELL
1777461317,"{'stkname': 'Anup Eng', 'ltp': '', 'perChg': '', 'stkId': 'ANUP54246', 'displayLock': 'N', 'scanproflg': 1, 'scUrl': 'engineering-industrial-equipments/theanupengineering/ANUP54246', 'columns': [{'name': 'change %', 'value': '-4.70'}, {'name': 'LTP', 'value': '2,070.00'}, {'name': 'Close Price value', 'value': '2,070.00'}, {'name': 'change absolute', 'value': '-32.00'}]}",OHLC_D_I_ADBBPSELL,Perfect Sell,Stock breaking support along with Sell signal in directional indicator,25,Breakout Scan,Stock breaking support along with Sell signal in ADX directional indicator. These stocks likely to trade weak in short term,,,False,1,N,,OHLC_D_I_ADBBPSELL
1777461317,"{'stkname': 'Focus Lighting ', 'ltp': '', 'perChg': '', 'stkId': 'FLF03', 'displayLock': 'N', 'scanproflg': 1, 'scUrl': 'miscellaneous/focuslightingfixtures/FLF03', 'columns': [{'name': 'change %', 'value': '-3.66'}, {'name': 'LTP', 'value': '76.55'}, {'name': 'Close Price value', 'value': '76.55'}, {'name': 'change absolute', 'value': '-1.00'}]}",OHLC_D_I_ADBBPSELL,Perfect Sell,Stock breaking support along with Sell signal in directional indicator,25,Breakout Scan,Stock breaking support along with Sell signal in ADX directional indicator. These stocks likely to trade weak in short term,,,False,1,N,,OHLC_D_I_ADBBPSELL
1777461317,"{'stkname': 'TARC', 'ltp': '', 'perChg': '', 'stkId': 'ARG', 'displayLock': 'N', 'scanproflg': 1, 'scUrl': 'construction-real-estate/tarc/ARG', 'columns': [{'name': 'change %', 'value': '-1.77'}, {'name': 'LTP', 'value': '132.00'}, {'name': 'Close Price value', 'value': '132.00'}, {'name': 'change absolute', 'value': '-0.42'}]}",OHLC_D_I_ADBBPSELL,Perfect Sell,Stock breaking support along with Sell signal in directional indicator,25,Breakout Scan,Stock breaking support along with Sell signal in ADX directional indicator. These stocks likely to trade weak in short term,,,False,1,N,,OHLC_D_I_ADBBPSELL
1777461317,"{'stkname': 'Vishnu Chemical', 'ltp': '', 'perChg': '', 'stkId': 'KI09', 'displayLock': 'N', 'scanproflg': 1, 'scUrl': 'speciality-chemicals/vishnuchemicals/VC17', 'columns': [{'name': 'change %', 'value': '-0.60'}, {'name': 'LTP', 'value': '583.95'}, {'name': 'Close Price value', 'value': '583.95'}, {'name': 'change absolute', 'value': '2.10'}]}",OHLC_D_I_ADBBPSELL,Perfect Sell,Stock breaking support along with Sell signal in directional indicator,25,Breakout Scan,Stock breaking support along with Sell signal in ADX directional indicator. These stocks likely to trade weak in short term,,,False,1,N,,OHLC_D_I_ADBBPSELL
1777461317,"{'stkname': 'Asian Granito', 'ltp': '', 'perChg': '', 'stkId': 'AGI04', 'displayLock': 'N', 'scanproflg': 1, 'scUrl': 'ceramicsgranite/asiangranitoindia/AGI04', 'columns': [{'name': 'change %', 'value': '-16.28'}, {'name': 'LTP', 'value': '64.44'}, {'name': 'Close Price value', 'value': '64.44'}, {'name': 'change absolute', 'value': '0.49'}]}",OHLC_D_I_ADBBPSELL,Perfect Sell,Stock breaking support along with Sell signal in directional indicator,25,Breakout Scan,Stock breaking support along with Sell signal in ADX directional indicator. These stocks likely to trade weak in short term,,,False,1,N,,OHLC_D_I_ADBBPSELL
1777461317,"{'stkname': 'Nuvoco Vistas', 'ltp': '', 'perChg': '', 'stkId': 'NVC', 'displayLock': 'N', 'scanproflg': 1, 'scUrl': 'cement/nuvocovistascorporation/NVC', 'columns': [{'name': 'change %', 'value': '-1.95'}, {'name': 'LTP', 'value': '287.00'}, {'name': 'Close Price value', 'value': '287.00'}, {'name': 'change absolute', 'value': '-0.15'}]}",OHLC_D_I_ADBBPSELL,Perfect Sell,Stock breaking support along with Sell signal in directional indicator,25,Breakout Scan,Stock breaking support along with Sell signal in ADX directional indicator. These stocks likely to trade weak in short term,,,False,1,N,,OHLC_D_I_ADBBPSELL
1777461317,"{'stkname': 'Mah Scooters', 'ltp': '', 'perChg': '', 'stkId': 'MS01', 'displayLock': 'N', 'scanproflg': 1, 'scUrl': 'auto-23-wheelers/maharashtrascooters/MS01', 'columns': [{'name': 'change %', 'value': '-1.10'}, {'name': 'LTP', 'value': '12,263.00'}, {'name': 'Close Price value', 'value': '12,263.00'}, {'name': 'change absolute', 'value': '-37.00'}]}",OHLC_D_I_ADBBPSELL,Perfect Sell,Stock breaking support along with Sell signal in directional indicator,25,Breakout Scan,Stock breaking support along with Sell signal in ADX directional indicator. These stocks likely to trade weak in short term,,,False,1,N,,OHLC_D_I_ADBBPSELL
1777461317,"{'stkname': 'JSW Infra', 'ltp': '', 'perChg': '', 'stkId': 'JIL05', 'displayLock': 'N', 'scanproflg': 1, 'scUrl': 'infrastructure/jswinfrastructure/JIL01', 'columns': [{'name': 'change %', 'value': '-4.19'}, {'name': 'LTP', 'value': '273.00'}, {'name': 'Close Price value', 'value': '273.00'}, {'name': 'change absolute', 'value': '-0.35'}]}",OHLC_D_I_ADBBPSELL,Perfect Sell,Stock breaking support along with Sell signal in directional indicator,25,Breakout Scan,Stock breaking support along with Sell signal in ADX directional indicator. These stocks likely to trade weak in short term,,,False,1,N,,OHLC_D_I_ADBBPSELL
1777461317,"{'stkname': 'Jindal Saw', 'ltp': '', 'perChg': '', 'stkId': 'SP09', 'displayLock': 'N', 'scanproflg': 1, 'scUrl': 'steel-tubespipes/jindalsaw/JS08', 'columns': [{'name': 'change %', 'value': '-4.44'}, {'name': 'LTP', 'value': '229.60'}, {'name': 'Close Price value', 'value': '229.60'}, {'name': 'change absolute', 'value': '0.05'}]}",OHLC_D_I_ADBBPSELL,Perfect Sell,Stock breaking support along with Sell signal in directional indicator,25,Breakout Scan,Stock breaking support along with Sell signal in ADX directional indicator. These stocks likely to trade weak in short term,,,False,1,N,,OHLC_D_I_ADBBPSELL
1777461317,"{'stkname': 'Harrisons Malay', 'ltp': '', 'perChg': '', 'stkId': 'HM02', 'displayLock': 'N', 'scanproflg': 1, 'scUrl': 'plantations-teacoffee/harrisonsmalyalam/HM02', 'columns': [{'name': 'change %', 'value': '-1.46'}, {'name': 'LTP', 'value': '219.60'}, {'name': 'Close Price value', 'value': '219.60'}, {'name': 'change absolute', 'value': '-0.70'}]}",OHLC_D_I_ADBBPSELL,Perfect Sell,Stock breaking support along with Sell signal in directional indicator,25,Breakout Scan,Stock breaking support along with Sell signal in ADX directional indicator. These stocks likely to trade weak in short term,,,False,1,N,,OHLC_D_I_ADBBPSELL
1777461317,"{'stkname': 'Federal Bank', 'ltp': '', 'perChg': '', 'stkId': 'FB', 'displayLock': 'N', 'scanproflg': 1, 'scUrl': 'banks-private-sector/federalbank/FB', 'columns': [{'name': 'change %', 'value': '-2.34'}, {'name': 'LTP', 'value': '283.80'}, {'name': 'Close Price value', 'value': '283.80'}, {'name': 'change absolute', 'value': '-1.85'}]}",OHLC_D_I_ADBBPSELL,Perfect Sell,Stock breaking support along with Sell signal in directional indicator,25,Breakout Scan,Stock breaking support along with Sell signal in ADX directional indicator. These stocks likely to trade weak in short term,,,False,1,N,,OHLC_D_I_ADBBPSELL
1777461317,"{'stkname': 'One 97 Paytm', 'ltp': '', 'perChg': '', 'stkId': 'OC10', 'displayLock': 'N', 'scanproflg': 1, 'scUrl': 'online-services/one97communicationspaytm/OC03', 'columns': [{'name': 'change %', 'value': '-2.14'}, {'name': 'LTP', 'value': '1,105.00'}, {'name': 'Close Price value', 'value': '1,105.00'}, {'name': 'change absolute', 'value': '-0.35'}]}",OHLC_D_I_ADBBPSELL,Perfect Sell,Stock breaking support along with Sell signal in directional indicator,25,Breakout Scan,Stock breaking support along with Sell signal in ADX directional indicator. These stocks likely to trade weak in short term,,,False,1,N,,OHLC_D_I_ADBBPSELL
1777461317,"{'stkname': 'Ipru Nifty5yr', 'ltp': '', 'perChg': '', 'stkId': 'IPN01', 'displayLock': 'N', 'scanproflg': 1, 'scUrl': 'etf/iciciprudentialnifty5yrbenchmarkg-secetf/IPN01', 'columns': [{'name': 'change %', 'value': '-0.23'}, {'name': 'LTP', 'value': '64.35'}, {'name': 'Close Price value', 'value': '64.35'}, {'name': 'change absolute', 'value': '-0.27'}]}",OHLC_D_I_ADBBPSELL,Perfect Sell,Stock breaking support along with Sell signal in directional indicator,25,Breakout Scan,Stock breaking support along with Sell signal in ADX directional indicator. These stocks likely to trade weak in short term,,,False,1,N,,OHLC_D_I_ADBBPSELL
1777461317,"{'stkname': 'MO BSE Bank', 'ltp': '', 'perChg': '', 'stkId': 'MOB01', 'displayLock': 'N', 'scanproflg': 1, 'scUrl': 'etf/motilaloswalbsetop10banksetf/MOB01', 'columns': [{'name': 'change %', 'value': '-0.18'}, {'name': 'Low Price value', 'value': '16.55'}, {'name': 'LTP', 'value': '16.48'}, {'name': 'change absolute', 'value': '-0.08'}]}",OHLC_D_I_RSIPOWBD,RSI Power Breakdown,RSI Power Breakdown,25,Breakout Scan,RSI Power Breakdown,,,False,1,N,,OHLC_D_I_RSIPOWBD
1777461317,"{'stkname': 'ABSL NiftyHeal', 'ltp': '', 'perChg': '', 'stkId': 'ABS02', 'displayLock': 'N', 'scanproflg': 1, 'scUrl': 'etf/adityabirlasunlifeniftyhealthcareetf/ABS02', 'columns': [{'name': 'change %', 'value': '0.07'}, {'name': 'Low Price value', 'value': '15.28'}, {'name': 'LTP', 'value': '15.22'}, {'name': 'change absolute', 'value': '-0.09'}]}",OHLC_D_I_RSIPOWBD,RSI Power Breakdown,RSI Power Breakdown,25,Breakout Scan,RSI Power Breakdown,,,False,1,N,,OHLC_D_I_RSIPOWBD
1777461317,"{'stkname': 'EBANKNIFTY', 'ltp': '', 'perChg': '', 'stkId': 'EBANK25258', 'displayLock': 'N', 'scanproflg': 1, 'scUrl': 'etf/edelweissniftybanketf/EBANK25258', 'columns': [{'name': 'change %', 'value': '0.09'}, {'name': 'Low Price value', 'value': '55.85'}, {'name': 'LTP', 'value': '55.80'}, {'name': 'change absolute', 'value': '-0.05'}]}",OHLC_D_I_RSIPOWBD,RSI Power Breakdown,RSI Power Breakdown,25,Breakout Scan,RSI Power Breakdown,,,False,1,N,,OHLC_D_I_RSIPOWBD
1777461317,"{'stkname': 'EMULTIMQ', 'ltp': '', 'perChg': '', 'stkId': 'EMULT25996', 'displayLock': 'N', 'scanproflg': 1, 'scUrl': 'etf/edelnifty500multicapmomentumquality50etf/EMULT25996', 'columns': [{'name': 'change %', 'value': '-0.33'}, {'name': 'Low Price value', 'value': '42.12'}, {'name': 'LTP', 'value': '41.70'}, {'name': 'change absolute', 'value': '-0.42'}]}",OHLC_D_I_RSIPOWBD,RSI Power Breakdown,RSI Power Breakdown,25,Breakout Scan,RSI Power Breakdown,,,False,1,N,,OHLC_D_I_RSIPOWBD
1777461317,"{'stkname': 'EQUAL200', 'ltp': '', 'perChg': '', 'stkId': 'EQUAL30121', 'displayLock': 'N', 'scanproflg': 1, 'scUrl': 'etf/miraeassetbse200equalweightetf/EQUAL30121', 'columns': [{'name': 'change %', 'value': '-0.30'}, {'name': 'Low Price value', 'value': '13.44'}, {'name': 'LTP', 'value': '13.41'}, {'name': 'change absolute', 'value': '-0.06'}]}",OHLC_D_I_RSIPOWBD,RSI Power Breakdown,RSI Power Breakdown,25,Breakout Scan,RSI Power Breakdown,,,False,1,N,,OHLC_D_I_RSIPOWBD
1777461317,"{'stkname': 'Axis Nifty50', 'ltp': '', 'perChg': '', 'stkId': 'AET03', 'displayLock': 'N', 'scanproflg': 1, 'scUrl': 'etf/axisnifty50etf/AET02', 'columns': [{'name': 'change %', 'value': '0.41'}, {'name': 'Low Price value', 'value': '265.18'}, {'name': 'LTP', 'value': '265.14'}, {'name': 'change absolute', 'value': '-0.28'}]}",OHLC_D_I_RSIPOWBD,RSI Power Breakdown,RSI Power Breakdown,25,Breakout Scan,RSI Power Breakdown,,,False,1,N,,OHLC_D_I_RSIPOWBD
1777461317,"{'stkname': 'Ravindra Energy', 'ltp': '', 'perChg': '', 'stkId': 'RTA', 'displayLock': 'N', 'scanproflg': 1, 'scUrl': 'finance-investments/ravindraenergy/RTA', 'columns': [{'name': 'change %', 'value': '1.35'}, {'name': 'Low Price value', 'value': '151.95'}, {'name': 'LTP', 'value': '151.15'}, {'name': 'change absolute', 'value': '-1.38'}]}",OHLC_D_I_RSIPOWBD,RSI Power Breakdown,RSI Power Breakdown,25,Breakout Scan,RSI Power Breakdown,,,False,1,N,,OHLC_D_I_RSIPOWBD
1777461317,"{'stkname': 'Jubilant Agri', 'ltp': '', 'perChg': '', 'stkId': 'JAC01', 'displayLock': 'N', 'scanproflg': 1, 'scUrl': 'miscellaneous/jubilantagriconsumerproducts/JAC01', 'columns': [{'name': 'change %', 'value': '-0.76'}, {'name': 'Low Price value', 'value': '1,720.00'}, {'name': 'LTP', 'value': '1,714.60'}, {'name': 'change absolute', 'value': '-11.40'}]}",OHLC_D_I_RSIPOWBD,RSI Power Breakdown,RSI Power Breakdown,25,Breakout Scan,RSI Power Breakdown,,,False,1,N,,OHLC_D_I_RSIPOWBD
1777461317,"{'stkname': 'Aye Finance', 'ltp': '', 'perChg': '', 'stkId': 'AFL04', 'displayLock': 'N', 'scanproflg': 1, 'scUrl': 'finance-nbfc/ayefinance/AFL04', 'columns': [{'name': 'change %', 'value': '-4.88'}, {'name': 'Low Price value', 'value': '138.72'}, {'name': 'LTP', 'value': '138.00'}, {'name': 'change absolute', 'value': '-1.51'}]}",OHLC_D_I_RSIPOWBD,RSI Power Breakdown,RSI Power Breakdown,25,Breakout Scan,RSI Power Breakdown,,,False,1,N,,OHLC_D_I_RSIPOWBD
1777461317,"{'stkname': 'Patel Retail', 'ltp': '', 'perChg': '', 'stkId': 'PRL02', 'displayLock': 'N', 'scanproflg': 1, 'scUrl': 'retailing/patelretail/PRL02', 'columns': [{'name': 'change %', 'value': '-1.79'}, {'name': 'Low Price value', 'value': '208.10'}, {'name': 'LTP', 'value': '208.01'}, {'name': 'change absolute', 'value': '-2.31'}]}",OHLC_D_I_RSIPOWBD,RSI Power Breakdown,RSI Power Breakdown,25,Breakout Scan,RSI Power Breakdown,,,False,1,N,,OHLC_D_I_RSIPOWBD
1777461317,"{'stkname': 'Fabtech Tech', 'ltp': '', 'perChg': '', 'stkId': 'FTL03', 'displayLock': 'N', 'scanproflg': 1, 'scUrl': 'engineering-industrial-equipments/fabtechtechnologies/FTL03', 'columns': [{'name': 'change %', 'value': '-0.96'}, {'name': 'Low Price value', 'value': '170.26'}, {'name': 'LTP', 'value': '171.00'}, {'name': 'change absolute', 'value': '-1.14'}]}",OHLC_D_I_RSIPOWBD,RSI Power Breakdown,RSI Power Breakdown,25,Breakout Scan,RSI Power Breakdown,,,False,1,N,,OHLC_D_I_RSIPOWBD
1777461317,"{'stkname': 'KSH Intl', 'ltp': '', 'perChg': '', 'stkId': 'KIL12', 'displayLock': 'N', 'scanproflg': 1, 'scUrl': 'electricals/kshinternational/KIL11', 'columns': [{'name': 'change %', 'value': '-3.08'}, {'name': 'Low Price value', 'value': '662.40'}, {'name': 'LTP', 'value': '663.00'}, {'name': 'change absolute', 'value': '-1.20'}]}",OHLC_D_I_RSIPOWBD,RSI Power Breakdown,RSI Power Breakdown,25,Breakout Scan,RSI Power Breakdown,,,False,1,N,,OHLC_D_I_RSIPOWBD
1777461317,"{'stkname': 'Orkla India', 'ltp': '', 'perChg': '', 'stkId': 'OIL02', 'displayLock': 'N', 'scanproflg': 1, 'scUrl': 'consumer-food/orklaindia/OIL02', 'columns': [{'name': 'change %', 'value': '-0.50'}, {'name': 'Low Price value', 'value': '642.75'}, {'name': 'LTP', 'value': '642.00'}, {'name': 'change absolute', 'value': '-5.00'}]}",OHLC_D_I_RSIPOWBD,RSI Power Breakdown,RSI Power Breakdown,25,Breakout Scan,RSI Power Breakdown,,,False,1,N,,OHLC_D_I_RSIPOWBD
1777461317,"{'stkname': 'Niva Bupa Healt', 'ltp': '', 'perChg': '', 'stkId': 'NBH', 'displayLock': 'N', 'scanproflg': 1, 'scUrl': 'lifehealth-insurance/nivabupahealthinsurancecompany/NBH', 'columns': [{'name': 'change %', 'value': '1.38'}, {'name': 'Low Price value', 'value': '78.30'}, {'name': 'LTP', 'value': '78.06'}, {'name': 'change absolute', 'value': '-0.61'}]}",OHLC_D_I_RSIPOWBD,RSI Power Breakdown,RSI Power Breakdown,25,Breakout Scan,RSI Power Breakdown,,,False,1,N,,OHLC_D_I_RSIPOWBD
1777461317,"{'stkname': 'Mangalam World', 'ltp': '', 'perChg': '', 'stkId': 'MW01', 'displayLock': 'N', 'scanproflg': 1, 'scUrl': 'ironsteel/mangalamworldwide/MW01', 'columns': [{'name': 'change %', 'value': '-0.30'}, {'name': 'Low Price value', 'value': '318.00'}, {'name': 'LTP', 'value': '316.70'}, {'name': 'change absolute', 'value': '-4.50'}]}",OHLC_D_I_RSIPOWBD,RSI Power Breakdown,RSI Power Breakdown,25,Breakout Scan,RSI Power Breakdown,,,False,1,N,,OHLC_D_I_RSIPOWBD
1777461317,"{'stkname': 'Creative New', 'ltp': '', 'perChg': '', 'stkId': 'CPD', 'displayLock': 'N', 'scanproflg': 1, 'scUrl': 'miscellaneous/creativenewtech/CPD', 'columns': [{'name': 'change %', 'value': '-2.99'}, {'name': 'Low Price value', 'value': '592.00'}, {'name': 'LTP', 'value': '590.00'}, {'name': 'change absolute', 'value': '-10.00'}]}",OHLC_D_I_RSIPOWBD,RSI Power Breakdown,RSI Power Breakdown,25,Breakout Scan,RSI Power Breakdown,,,False,1,N,,OHLC_D_I_RSIPOWBD
1777461317,"{'stkname': 'RSWM', 'ltp': '', 'perChg': '', 'stkId': 'RSW', 'displayLock': 'N', 'scanproflg': 1, 'scUrl': 'textiles-spinning-synthetic-blended/rswm/RSW01', 'columns': [{'name': 'change %', 'value': '-0.67'}, {'name': 'Low Price value', 'value': '162.53'}, {'name': 'LTP', 'value': '162.00'}, {'name': 'change absolute', 'value': '-0.68'}]}",OHLC_D_I_RSIPOWBD,RSI Power Breakdown,RSI Power Breakdown,25,Breakout Scan,RSI Power Breakdown,,,False,1,N,,OHLC_D_I_RSIPOWBD
1777461317,"{'stkname': 'V-Mart Retail', 'ltp': '', 'perChg': '', 'stkId': 'VR03', 'displayLock': 'N', 'scanproflg': 1, 'scUrl': 'retail/v-martretail/VR03', 'columns': [{'name': 'change %', 'value': '0.91'}, {'name': 'Low Price value', 'value': '632.15'}, {'name': 'LTP', 'value': '635.00'}, {'name': 'change absolute', 'value': '-0.50'}]}",OHLC_D_I_RSIPOWBD,RSI Power Breakdown,RSI Power Breakdown,25,Breakout Scan,RSI Power Breakdown,,,False,1,N,,OHLC_D_I_RSIPOWBD
1777461317,"{'stkname': 'Banswara Syntex', 'ltp': '', 'perChg': '', 'stkId': 'BS01', 'displayLock': 'N', 'scanproflg': 1, 'scUrl': 'textiles-spinning-synthetic-blended/banswarasyntex/BS01', 'columns': [{'name': 'change %', 'value': '-1.78'}, {'name': 'Low Price value', 'value': '118.51'}, {'name': 'LTP', 'value': '118.21'}, {'name': 'change absolute', 'value': '-0.80'}]}",OHLC_D_I_RSIPOWBD,RSI Power Breakdown,RSI Power Breakdown,25,Breakout Scan,RSI Power Breakdown,,,False,1,N,,OHLC_D_I_RSIPOWBD
1777461317,"{'stkname': 'VIP Clothing', 'ltp': '', 'perChg': '', 'stkId': 'MI45', 'displayLock': 'N', 'scanproflg': 1, 'scUrl': 'textiles-readymade-apparels/vipclothing/MI53', 'columns': [{'name': 'change %', 'value': '-5.71'}, {'name': 'Low Price value', 'value': '22.20'}, {'name': 'LTP', 'value': '21.30'}, {'name': 'change absolute', 'value': '-1.05'}]}",OHLC_D_I_RSIPOWBD,RSI Power Breakdown,RSI Power Breakdown,25,Breakout Scan,RSI Power Breakdown,,,False,1,N,,OHLC_D_I_RSIPOWBD
1777461317,"{'stkname': 'Nandan Denim', 'ltp': '', 'perChg': '', 'stkId': 'NE06', 'displayLock': 'N', 'scanproflg': 1, 'scUrl': 'textiles-denim/nandandenim/NE06', 'columns': [{'name': 'change %', 'value': '-0.70'}, {'name': 'Low Price value', 'value': '2.86'}, {'name': 'LTP', 'value': '2.85'}, {'name': 'change absolute', 'value': '-0.01'}]}",OHLC_D_I_RSIPOWBD,RSI Power Breakdown,RSI Power Breakdown,25,Breakout Scan,RSI Power Breakdown,,,False,1,N,,OHLC_D_I_RSIPOWBD
1777461317,"{'stkname': 'Procter Gamble', 'ltp': '', 'perChg': '', 'stkId': 'EMI', 'displayLock': 'N', 'scanproflg': 1, 'scUrl': 'pharmaceuticals/proctergamblehealth/M12', 'columns': [{'name': 'change %', 'value': '-0.04'}, {'name': 'Low Price value', 'value': '5,120.90'}, {'name': 'LTP', 'value': '5,111.00'}, {'name': 'change absolute', 'value': '-26.10'}]}",OHLC_D_I_RSIPOWBD,RSI Power Breakdown,RSI Power Breakdown,25,Breakout Scan,RSI Power Breakdown,,,False,1,N,,OHLC_D_I_RSIPOWBD
1777461317,"{'stkname': 'Rushil Decor', 'ltp': '', 'perChg': '', 'stkId': 'RD02', 'displayLock': 'N', 'scanproflg': 1, 'scUrl': 'woodwood-products/rushildecor/RD02', 'columns': [{'name': 'change %', 'value': '0.35'}, {'name': 'Low Price value', 'value': '17.17'}, {'name': 'LTP', 'value': '17.12'}, {'name': 'change absolute', 'value': '-0.24'}]}",OHLC_D_I_RSIPOWBD,RSI Power Breakdown,RSI Power Breakdown,25,Breakout Scan,RSI Power Breakdown,,,False,1,N,,OHLC_D_I_RSIPOWBD
1777461317,"{'stkname': 'Wendt', 'ltp': '', 'perChg': '', 'stkId': 'WI05', 'displayLock': 'N', 'scanproflg': 1, 'scUrl': 'abrasives/wendtindia/WI05', 'columns': [{'name': 'change %', 'value': '0.79'}, {'name': 'Low Price value', 'value': '6,960.00'}, {'name': 'LTP', 'value': '6,930.00'}, {'name': 'change absolute', 'value': '-40.00'}]}",OHLC_D_I_RSIPOWBD,RSI Power Breakdown,RSI Power Breakdown,25,Breakout Scan,RSI Power Breakdown,,,False,1,N,,OHLC_D_I_RSIPOWBD
1777461317,"{'stkname': 'MMP Industries', 'ltp': '', 'perChg': '', 'stkId': 'MIL16', 'displayLock': 'N', 'scanproflg': 1, 'scUrl': 'aluminiumaluminium-products/mmpindustries/MIL17', 'columns': [{'name': 'change %', 'value': '-1.87'}, {'name': 'Low Price value', 'value': '252.00'}, {'name': 'LTP', 'value': '250.00'}, {'name': 'change absolute', 'value': '-4.90'}]}",OHLC_D_I_RSIPOWBD,RSI Power Breakdown,RSI Power Breakdown,25,Breakout Scan,RSI Power Breakdown,,,False,1,N,,OHLC_D_I_RSIPOWBD
1777461317,"{'stkname': 'KIOCL', 'ltp': '', 'perChg': '', 'stkId': 'KIO', 'displayLock': 'N', 'scanproflg': 1, 'scUrl': 'steel-sponge-iron/kiocl/KIO', 'columns': [{'name': 'change %', 'value': '-1.81'}, {'name': 'Low Price value', 'value': '411.80'}, {'name': 'LTP', 'value': '412.30'}, {'name': 'change absolute', 'value': '-4.20'}]}",OHLC_D_I_RSIPOWBD,RSI Power Breakdown,RSI Power Breakdown,25,Breakout Scan,RSI Power Breakdown,,,False,1,N,,OHLC_D_I_RSIPOWBD
1777461317,"{'stkname': '20 Microns', 'ltp': '', 'perChg': '', 'stkId': '2M', 'displayLock': 'N', 'scanproflg': 1, 'scUrl': 'miningminerals/20microns/2M', 'columns': [{'name': 'change %', 'value': '-0.13'}, {'name': 'Low Price value', 'value': '179.40'}, {'name': 'LTP', 'value': '178.14'}, {'name': 'change absolute', 'value': '-1.36'}]}",OHLC_D_I_RSIPOWBD,RSI Power Breakdown,RSI Power Breakdown,25,Breakout Scan,RSI Power Breakdown,,,False,1,N,,OHLC_D_I_RSIPOWBD
1777461317,"{'stkname': 'Steel Exchange ', 'ltp': '', 'perChg': '', 'stkId': 'SEI02', 'displayLock': 'N', 'scanproflg': 1, 'scUrl': 'steel-large/steelexchangeindia/SEI02', 'columns': [{'name': 'change %', 'value': '0.20'}, {'name': 'Low Price value', 'value': '10.03'}, {'name': 'LTP', 'value': '10.02'}, {'name': 'change absolute', 'value': '-0.05'}]}",OHLC_D_I_RSIPOWBD,RSI Power Breakdown,RSI Power Breakdown,25,Breakout Scan,RSI Power Breakdown,,,False,1,N,,OHLC_D_I_RSIPOWBD
1777461317,"{'stkname': 'Electrotherm', 'ltp': '', 'perChg': '', 'stkId': 'EI02', 'displayLock': 'N', 'scanproflg': 1, 'scUrl': 'engineering/electrothermindia/EI02', 'columns': [{'name': 'change %', 'value': '-3.88'}, {'name': 'Low Price value', 'value': '836.85'}, {'name': 'LTP', 'value': '830.10'}, {'name': 'change absolute', 'value': '-12.55'}]}",OHLC_D_I_RSIPOWBD,RSI Power Breakdown,RSI Power Breakdown,25,Breakout Scan,RSI Power Breakdown,,,False,1,N,,OHLC_D_I_RSIPOWBD
1777461317,"{'stkname': 'Lupin', 'ltp': '', 'perChg': '', 'stkId': 'LC03', 'displayLock': 'N', 'scanproflg': 1, 'scUrl': 'pharmaceuticals/lupin/L', 'columns': [{'name': 'change %', 'value': '0.00'}, {'name': 'Low Price value', 'value': '2,303.10'}, {'name': 'LTP', 'value': '2,302.70'}, {'name': 'change absolute', 'value': '-5.90'}]}",OHLC_D_I_RSIPOWBD,RSI Power Breakdown,RSI Power Breakdown,25,Breakout Scan,RSI Power Breakdown,,,False,1,N,,OHLC_D_I_RSIPOWBD
1777461317,"{'stkname': 'Ritco Logistics', 'ltp': '', 'perChg': '', 'stkId': 'RL06', 'displayLock': 'N', 'scanproflg': 1, 'scUrl': 'transportlogistics/ritcologistics/RL06', 'columns': [{'name': 'change %', 'value': '-1.10'}, {'name': 'Low Price value', 'value': '211.05'}, {'name': 'LTP', 'value': '210.73'}, {'name': 'change absolute', 'value': '-1.11'}]}",OHLC_D_I_RSIPOWBD,RSI Power Breakdown,RSI Power Breakdown,25,Breakout Scan,RSI Power Breakdown,,,False,1,N,,OHLC_D_I_RSIPOWBD
1777461317,"{'stkname': 'Spacenet Ent', 'ltp': '', 'perChg': '', 'stkId': 'NCT', 'displayLock': 'N', 'scanproflg': 1, 'scUrl': 'it-servicesconsulting/spacenetenterprisesindia/NCT', 'columns': [{'name': 'change %', 'value': '3.19'}, {'name': 'Low Price value', 'value': '4.20'}, {'name': 'LTP', 'value': '4.20'}, {'name': 'change absolute', 'value': '-0.02'}]}",OHLC_D_I_RSIPOWBD,RSI Power Breakdown,RSI Power Breakdown,25,Breakout Scan,RSI Power Breakdown,,,False,1,N,,OHLC_D_I_RSIPOWBD
1777461317,"{'stkname': 'ITC Hotels', 'ltp': '', 'perChg': '', 'stkId': 'IHL01', 'displayLock': 'N', 'scanproflg': 1, 'scUrl': 'hotel-resortrestaurants/itchotels/IHL02', 'columns': [{'name': 'change %', 'value': '0.80'}, {'name': 'Low Price value', 'value': '159.54'}, {'name': 'LTP', 'value': '159.21'}, {'name': 'change absolute', 'value': '-0.39'}]}",OHLC_D_I_RSIPOWBD,RSI Power Breakdown,RSI Power Breakdown,25,Breakout Scan,RSI Power Breakdown,,,False,1,N,,OHLC_D_I_RSIPOWBD
1777461317,"{'stkname': 'Quick Heal Tech', 'ltp': '', 'perChg': '', 'stkId': 'QHT', 'displayLock': 'N', 'scanproflg': 1, 'scUrl': 'computers-software/quickhealtechnologies/QHT', 'columns': [{'name': 'change %', 'value': '-1.56'}, {'name': 'Low Price value', 'value': '164.35'}, {'name': 'LTP', 'value': '165.00'}, {'name': 'change absolute', 'value': '-0.89'}]}",OHLC_D_I_RSIPOWBD,RSI Power Breakdown,RSI Power Breakdown,25,Breakout Scan,RSI Power Breakdown,,,False,1,N,,OHLC_D_I_RSIPOWBD
1777461317,"{'stkname': 'General Insuran', 'ltp': '', 'perChg': '', 'stkId': 'GIC12', 'displayLock': 'N', 'scanproflg': 1, 'scUrl': 'diversified/generalinsurancecorporationindia/GIC12', 'columns': [{'name': 'change %', 'value': '-0.14'}, {'name': 'Low Price value', 'value': '399.10'}, {'name': 'LTP', 'value': '399.00'}, {'name': 'change absolute', 'value': '-1.00'}]}",OHLC_D_I_RSIPOWBD,RSI Power Breakdown,RSI Power Breakdown,25,Breakout Scan,RSI Power Breakdown,,,False,1,N,,OHLC_D_I_RSIPOWBD
1777461317,"{'stkname': 'Intense Tech', 'ltp': '', 'perChg': '', 'stkId': 'FI17', 'displayLock': 'N', 'scanproflg': 1, 'scUrl': 'computers-software-mediumsmall/intensetechnologies/FI17', 'columns': [{'name': 'change %', 'value': '-2.64'}, {'name': 'Low Price value', 'value': '98.66'}, {'name': 'LTP', 'value': '97.30'}, {'name': 'change absolute', 'value': '-1.50'}]}",OHLC_D_I_RSIPOWBD,RSI Power Breakdown,RSI Power Breakdown,25,Breakout Scan,RSI Power Breakdown,,,False,1,N,,OHLC_D_I_RSIPOWBD
1777461317,"{'stkname': 'Container Corp', 'ltp': '', 'perChg': '', 'stkId': 'CCI', 'displayLock': 'N', 'scanproflg': 1, 'scUrl': 'transportlogistics/containercorporationindia/CCI', 'columns': [{'name': 'change %', 'value': '0.60'}, {'name': 'Low Price value', 'value': '512.70'}, {'name': 'LTP', 'value': '513.55'}, {'name': 'change absolute', 'value': '-0.75'}]}",OHLC_D_I_RSIPOWBD,RSI Power Breakdown,RSI Power Breakdown,25,Breakout Scan,RSI Power Breakdown,,,False,1,N,,OHLC_D_I_RSIPOWBD
1777461317,"{'stkname': 'Foods and Inns', 'ltp': '', 'perChg': '', 'stkId': 'FI10', 'displayLock': 'N', 'scanproflg': 1, 'scUrl': 'food-processing/foodsinns/FI10', 'columns': [{'name': 'change %', 'value': '-2.00'}, {'name': 'Low Price value', 'value': '64.74'}, {'name': 'LTP', 'value': '64.15'}, {'name': 'change absolute', 'value': '-1.09'}]}",OHLC_D_I_RSIPOWBD,RSI Power Breakdown,RSI Power Breakdown,25,Breakout Scan,RSI Power Breakdown,,,False,1,N,,OHLC_D_I_RSIPOWBD
1777461317,"{'stkname': 'Nippon', 'ltp': '', 'perChg': '', 'stkId': 'RNL', 'displayLock': 'N', 'scanproflg': 1, 'scUrl': 'miscellaneous/nipponlifeindiaassetmanagement/RNL', 'columns': [{'name': 'change %', 'value': '-0.20'}, {'name': 'Low Price value', 'value': '1,024.40'}, {'name': 'LTP', 'value': '1,021.20'}, {'name': 'change absolute', 'value': '-6.00'}]}",OHLC_D_I_RSIPOWBD,RSI Power Breakdown,RSI Power Breakdown,25,Breakout Scan,RSI Power Breakdown,,,False,1,N,,OHLC_D_I_RSIPOWBD
1777461317,"{'stkname': 'Rane Holdings', 'ltp': '', 'perChg': '', 'stkId': 'RM', 'displayLock': 'N', 'scanproflg': 1, 'scUrl': 'auto-ancillaries/raneholdings/RH01', 'columns': [{'name': 'change %', 'value': '-1.26'}, {'name': 'Low Price value', 'value': '1,112.40'}, {'name': 'LTP', 'value': '1,105.00'}, {'name': 'change absolute', 'value': '-11.35'}]}",OHLC_D_I_RSIPOWBD,RSI Power Breakdown,RSI Power Breakdown,25,Breakout Scan,RSI Power Breakdown,,,False,1,N,,OHLC_D_I_RSIPOWBD
1777461317,"{'stkname': 'Euro India Fres', 'ltp': '', 'perChg': '', 'stkId': 'EIF', 'displayLock': 'N', 'scanproflg': 1, 'scUrl': 'food-processing/euroindiafreshfoods/EIF', 'columns': [{'name': 'change %', 'value': '-1.00'}, {'name': 'Low Price value', 'value': '244.35'}, {'name': 'LTP', 'value': '244.01'}, {'name': 'change absolute', 'value': '-1.99'}]}",OHLC_D_I_RSIPOWBD,RSI Power Breakdown,RSI Power Breakdown,25,Breakout Scan,RSI Power Breakdown,,,False,1,N,,OHLC_D_I_RSIPOWBD
1777461317,"{'stkname': 'Relaxo Footwear', 'ltp': '', 'perChg': '', 'stkId': 'RF07', 'displayLock': 'N', 'scanproflg': 1, 'scUrl': 'leather-products/relaxofootwears/RF07', 'columns': [{'name': 'change %', 'value': '-0.77'}, {'name': 'Low Price value', 'value': '302.50'}, {'name': 'LTP', 'value': '302.00'}, {'name': 'change absolute', 'value': '-1.65'}]}",OHLC_D_I_RSIPOWBD,RSI Power Breakdown,RSI Power Breakdown,25,Breakout Scan,RSI Power Breakdown,,,False,1,N,,OHLC_D_I_RSIPOWBD
1777461317,"{'stkname': 'Capri Global', 'ltp': '', 'perChg': '', 'stkId': 'DSL01', 'displayLock': 'N', 'scanproflg': 1, 'scUrl': 'finance-general/capriglobalcapital/MMF05', 'columns': [{'name': 'change %', 'value': '-1.10'}, {'name': 'Low Price value', 'value': '183.54'}, {'name': 'LTP', 'value': '183.00'}, {'name': 'change absolute', 'value': '-1.17'}]}",OHLC_D_I_RSIPOWBD,RSI Power Breakdown,RSI Power Breakdown,25,Breakout Scan,RSI Power Breakdown,,,False,1,N,,OHLC_D_I_RSIPOWBD
1777461317,"{'stkname': 'Chola Invest.', 'ltp': '', 'perChg': '', 'stkId': 'CIF01', 'displayLock': 'N', 'scanproflg': 1, 'scUrl': 'finance-nbfc/cholamandalaminvestmentfinancecompany/CDB', 'columns': [{'name': 'change %', 'value': '0.49'}, {'name': 'Low Price value', 'value': '1,549.70'}, {'name': 'LTP', 'value': '1,543.90'}, {'name': 'change absolute', 'value': '-8.90'}]}",OHLC_D_I_RSIPOWBD,RSI Power Breakdown,RSI Power Breakdown,25,Breakout Scan,RSI Power Breakdown,,,False,1,N,,OHLC_D_I_RSIPOWBD
1777461317,"{'stkname': 'Heranba', 'ltp': '', 'perChg': '', 'stkId': 'HI14', 'displayLock': 'N', 'scanproflg': 1, 'scUrl': 'pesticidesagrochemicals/heranbaindustries/HI14', 'columns': [{'name': 'change %', 'value': '-2.60'}, {'name': 'Low Price value', 'value': '222.00'}, {'name': 'LTP', 'value': '220.10'}, {'name': 'change absolute', 'value': '-3.38'}]}",OHLC_D_I_RSIPOWBD,RSI Power Breakdown,RSI Power Breakdown,25,Breakout Scan,RSI Power Breakdown,,,False,1,N,,OHLC_D_I_RSIPOWBD
1777461317,"{'stkname': 'Manoj Vaibhav G', 'ltp': '', 'perChg': '', 'stkId': 'MVGJL', 'displayLock': 'N', 'scanproflg': 1, 'scUrl': 'diamondjewellery/manojvaibhavgemsnjewellers/MVGJL', 'columns': [{'name': 'change %', 'value': '-2.29'}, {'name': 'Low Price value', 'value': '176.00'}, {'name': 'LTP', 'value': '176.30'}, {'name': 'change absolute', 'value': '-1.06'}]}",OHLC_D_I_RSIPOWBD,RSI Power Breakdown,RSI Power Breakdown,25,Breakout Scan,RSI Power Breakdown,,,False,1,N,,OHLC_D_I_RSIPOWBD
1777461317,"{'stkname': 'D. P. Abhushan', 'ltp': '', 'perChg': '', 'stkId': 'DPA01', 'displayLock': 'N', 'scanproflg': 1, 'scUrl': 'miscellaneous/dpabhushan/DPA01', 'columns': [{'name': 'change %', 'value': '-3.79'}, {'name': 'Low Price value', 'value': '1,074.30'}, {'name': 'LTP', 'value': '1,078.95'}, {'name': 'change absolute', 'value': '-0.45'}]}",OHLC_D_I_RSIPOWBD,RSI Power Breakdown,RSI Power Breakdown,25,Breakout Scan,RSI Power Breakdown,,,False,1,N,,OHLC_D_I_RSIPOWBD
1777461317,"{'stkname': 'KPIL', 'ltp': '', 'perChg': '', 'stkId': 'KPT', 'displayLock': 'N', 'scanproflg': 1, 'scUrl': 'power-transmissionequipment/kalpataruprojectsinternational/KPT', 'columns': [{'name': 'change %', 'value': '0.24'}, {'name': 'Low Price value', 'value': '1,260.00'}, {'name': 'LTP', 'value': '1,257.20'}, {'name': 'change absolute', 'value': '-3.80'}]}",OHLC_D_I_RSIPOWBD,RSI Power Breakdown,RSI Power Breakdown,25,Breakout Scan,RSI Power Breakdown,,,False,1,N,,OHLC_D_I_RSIPOWBD
1777461317,"{'stkname': 'Aartech Solonic', 'ltp': '', 'perChg': '', 'stkId': 'AS31', 'displayLock': 'N', 'scanproflg': 1, 'scUrl': 'electronics-components/aartechsolonics/AS27', 'columns': [{'name': 'change %', 'value': '0.14'}, {'name': 'Low Price value', 'value': '49.11'}, {'name': 'LTP', 'value': '49.00'}, {'name': 'change absolute', 'value': '-0.90'}]}",OHLC_D_I_RSIPOWBD,RSI Power Breakdown,RSI Power Breakdown,25,Breakout Scan,RSI Power Breakdown,,,False,1,N,,OHLC_D_I_RSIPOWBD
1777461317,"{'stkname': 'Butterfly', 'ltp': '', 'perChg': '', 'stkId': 'GA', 'displayLock': 'N', 'scanproflg': 1, 'scUrl': 'domestic-appliances/butterflygandhimathiappliances/GA', 'columns': [{'name': 'change %', 'value': '-0.88'}, {'name': 'Low Price value', 'value': '598.70'}, {'name': 'LTP', 'value': '598.00'}, {'name': 'change absolute', 'value': '-2.20'}]}",OHLC_D_I_RSIPOWBD,RSI Power Breakdown,RSI Power Breakdown,25,Breakout Scan,RSI Power Breakdown,,,False,1,N,,OHLC_D_I_RSIPOWBD
1777461317,"{'stkname': 'Bhageria Indu', 'ltp': '', 'perChg': '', 'stkId': 'BD02', 'displayLock': 'N', 'scanproflg': 1, 'scUrl': 'dyespigments/bhageriaindustries/BD02', 'columns': [{'name': 'change %', 'value': '-1.82'}, {'name': 'Low Price value', 'value': '174.05'}, {'name': 'LTP', 'value': '173.50'}, {'name': 'change absolute', 'value': '-0.55'}]}",OHLC_D_I_RSIPOWBD,RSI Power Breakdown,RSI Power Breakdown,25,Breakout Scan,RSI Power Breakdown,,,False,1,N,,OHLC_D_I_RSIPOWBD
1777461317,"{'stkname': 'Premier Explo', 'ltp': '', 'perChg': '', 'stkId': 'PE02', 'displayLock': 'N', 'scanproflg': 1, 'scUrl': 'chemicals/premierexplosives/PE02', 'columns': [{'name': 'change %', 'value': '0.78'}, {'name': 'Low Price value', 'value': '555.00'}, {'name': 'LTP', 'value': '552.10'}, {'name': 'change absolute', 'value': '-5.15'}]}",OHLC_D_I_RSIPOWBD,RSI Power Breakdown,RSI Power Breakdown,25,Breakout Scan,RSI Power Breakdown,,,False,1,N,,OHLC_D_I_RSIPOWBD
1777461317,"{'stkname': 'Gujarat Fluoro', 'ltp': '', 'perChg': '', 'stkId': 'GUJAR54281', 'displayLock': 'N', 'scanproflg': 1, 'scUrl': 'chemicals/gujaratfluorochemicalslimited/GUJAR54281', 'columns': [{'name': 'change %', 'value': '-1.43'}, {'name': 'Low Price value', 'value': '3,347.90'}, {'name': 'LTP', 'value': '3,341.00'}, {'name': 'change absolute', 'value': '-18.00'}]}",OHLC_D_I_RSIPOWBD,RSI Power Breakdown,RSI Power Breakdown,25,Breakout Scan,RSI Power Breakdown,,,False,1,N,,OHLC_D_I_RSIPOWBD
1777461317,"{'stkname': 'TTK Prestige', 'ltp': '', 'perChg': '', 'stkId': 'TTK02', 'displayLock': 'N', 'scanproflg': 1, 'scUrl': 'domestic-appliances/ttkprestige/TTK02', 'columns': [{'name': 'change %', 'value': '-0.09'}, {'name': 'Low Price value', 'value': '515.45'}, {'name': 'LTP', 'value': '513.50'}, {'name': 'change absolute', 'value': '-2.95'}]}",OHLC_D_I_RSIPOWBD,RSI Power Breakdown,RSI Power Breakdown,25,Breakout Scan,RSI Power Breakdown,,,False,1,N,,OHLC_D_I_RSIPOWBD
1777461317,"{'stkname': 'Transindia Real', 'ltp': '', 'perChg': '', 'stkId': 'TRE02', 'displayLock': 'N', 'scanproflg': 1, 'scUrl': 'real-estate-operations/transindiarealestate/TRE02', 'columns': [{'name': 'change %', 'value': '-1.23'}, {'name': 'Low Price value', 'value': '26.80'}, {'name': 'LTP', 'value': '26.60'}, {'name': 'change absolute', 'value': '-0.34'}]}",OHLC_D_I_RSIPOWBD,RSI Power Breakdown,RSI Power Breakdown,25,Breakout Scan,RSI Power Breakdown,,,False,1,N,,OHLC_D_I_RSIPOWBD
1777461317,"{'stkname': 'Orient Bell', 'ltp': '', 'perChg': '', 'stkId': 'OCI', 'displayLock': 'N', 'scanproflg': 1, 'scUrl': 'ceramicsgranite/orientbell/OCI', 'columns': [{'name': 'change %', 'value': '-2.46'}, {'name': 'Low Price value', 'value': '314.10'}, {'name': 'LTP', 'value': '312.80'}, {'name': 'change absolute', 'value': '-1.30'}]}",OHLC_D_I_RSIPOWBD,RSI Power Breakdown,RSI Power Breakdown,25,Breakout Scan,RSI Power Breakdown,,,False,1,N,,OHLC_D_I_RSIPOWBD
1777461317,"{'stkname': 'Lords Chloro', 'ltp': '', 'perChg': '', 'stkId': 'MAC03', 'displayLock': 'N', 'scanproflg': 1, 'scUrl': 'chemicals/lordschloroalkali/LCA01', 'columns': [{'name': 'change %', 'value': '-1.43'}, {'name': 'Low Price value', 'value': '146.00'}, {'name': 'LTP', 'value': '145.25'}, {'name': 'change absolute', 'value': '-1.03'}]}",OHLC_D_I_RSIPOWBD,RSI Power Breakdown,RSI Power Breakdown,25,Breakout Scan,RSI Power Breakdown,,,False,1,N,,OHLC_D_I_RSIPOWBD
1777461317,"{'stkname': 'NRB Bearings', 'ltp': '', 'perChg': '', 'stkId': 'NRB', 'displayLock': 'N', 'scanproflg': 1, 'scUrl': 'bearings/nrbbearings/NRB', 'columns': [{'name': 'change %', 'value': '-0.74'}, {'name': 'Low Price value', 'value': '283.00'}, {'name': 'LTP', 'value': '282.35'}, {'name': 'change absolute', 'value': '-2.94'}]}",OHLC_D_I_RSIPOWBD,RSI Power Breakdown,RSI Power Breakdown,25,Breakout Scan,RSI Power Breakdown,,,False,1,N,,OHLC_D_I_RSIPOWBD
1777461317,"{'stkname': 'Aether Ind', 'ltp': '', 'perChg': '', 'stkId': 'AI74', 'displayLock': 'N', 'scanproflg': 1, 'scUrl': 'speciality-chemicals/aetherindustries/AI84', 'columns': [{'name': 'change %', 'value': '-1.16'}, {'name': 'Low Price value', 'value': '1,165.10'}, {'name': 'LTP', 'value': '1,156.50'}, {'name': 'change absolute', 'value': '-11.50'}]}",OHLC_D_I_RSIPOWBD,RSI Power Breakdown,RSI Power Breakdown,25,Breakout Scan,RSI Power Breakdown,,,False,1,N,,OHLC_D_I_RSIPOWBD
1777461317,"{'stkname': 'Munjal Showa', 'ltp': '', 'perChg': '', 'stkId': 'MS', 'displayLock': 'N', 'scanproflg': 1, 'scUrl': 'auto-ancillaries/munjalshowa/MS', 'columns': [{'name': 'change %', 'value': '-0.26'}, {'name': 'Low Price value', 'value': '128.70'}, {'name': 'LTP', 'value': '128.50'}, {'name': 'change absolute', 'value': '-0.49'}]}",OHLC_D_I_RSIPOWBD,RSI Power Breakdown,RSI Power Breakdown,25,Breakout Scan,RSI Power Breakdown,,,False,1,N,,OHLC_D_I_RSIPOWBD
1777461317,"{'stkname': 'Shivam Auto', 'ltp': '', 'perChg': '', 'stkId': 'SA12', 'displayLock': 'N', 'scanproflg': 1, 'scUrl': 'auto-ancillaries/shivamautotech/SA13', 'columns': [{'name': 'change %', 'value': '1.28'}, {'name': 'Low Price value', 'value': '19.02'}, {'name': 'LTP', 'value': '19.00'}, {'name': 'change absolute', 'value': '-0.06'}]}",OHLC_D_I_RSIPOWBD,RSI Power Breakdown,RSI Power Breakdown,25,Breakout Scan,RSI Power Breakdown,,,False,1,N,,OHLC_D_I_RSIPOWBD
1777461317,"{'stkname': 'Global Surfaces', 'ltp': '', 'perChg': '', 'stkId': 'GS19', 'displayLock': 'N', 'scanproflg': 1, 'scUrl': 'ceramicsmarblegranitesanitaryware/globalsurfaces/GS17', 'columns': [{'name': 'change %', 'value': '-1.18'}, {'name': 'Low Price value', 'value': '56.99'}, {'name': 'LTP', 'value': '56.90'}, {'name': 'change absolute', 'value': '-0.13'}]}",OHLC_D_I_RSIPOWBD,RSI Power Breakdown,RSI Power Breakdown,25,Breakout Scan,RSI Power Breakdown,,,False,1,N,,OHLC_D_I_RSIPOWBD
1777461317,"{'stkname': 'VST Tillers', 'ltp': '', 'perChg': '', 'stkId': 'VST01', 'displayLock': 'N', 'scanproflg': 1, 'scUrl': 'auto-tractors/vsttillerstractors/VST01', 'columns': [{'name': 'change %', 'value': '-1.28'}, {'name': 'Low Price value', 'value': '5,181.30'}, {'name': 'LTP', 'value': '5,180.10'}, {'name': 'change absolute', 'value': '-20.30'}]}",OHLC_D_I_RSIPOWBD,RSI Power Breakdown,RSI Power Breakdown,25,Breakout Scan,RSI Power Breakdown,,,False,1,N,,OHLC_D_I_RSIPOWBD
1777461317,"{'stkname': 'Happiest Minds ', 'ltp': '', 'perChg': '', 'stkId': 'HMT01', 'displayLock': 'N', 'scanproflg': 1, 'scUrl': 'it-servicesconsulting/happiestmindstechnologies/HMT01', 'columns': [{'name': 'change %', 'value': '-0.44'}, {'name': 'Low Price value', 'value': '369.30'}, {'name': 'LTP', 'value': '369.15'}, {'name': 'change absolute', 'value': '-2.50'}]}",OHLC_D_I_RSIPOWBD,RSI Power Breakdown,RSI Power Breakdown,25,Breakout Scan,RSI Power Breakdown,,,False,1,N,,OHLC_D_I_RSIPOWBD
1777461317,"{'stkname': 'Shreeoswal Seed', 'ltp': '', 'perChg': '', 'stkId': 'SSC07', 'displayLock': 'N', 'scanproflg': 1, 'scUrl': 'pesticidesagro-chemicals/shreeoswalseedschemicals/SSC07', 'columns': [{'name': 'change %', 'value': '-0.72'}, {'name': 'Low Price value', 'value': '12.40'}, {'name': 'LTP', 'value': '12.40'}, {'name': 'change absolute', 'value': '-0.06'}]}",OHLC_D_I_RSIPOWBD,RSI Power Breakdown,RSI Power Breakdown,25,Breakout Scan,RSI Power Breakdown,,,False,1,N,,OHLC_D_I_RSIPOWBD
1777461317,"{'stkname': 'CAMS', 'ltp': '', 'perChg': '', 'stkId': 'CAM', 'displayLock': 'N', 'scanproflg': 1, 'scUrl': 'finance-investment/computeragemanagementservices/CAM', 'columns': [{'name': 'change %', 'value': '-0.32'}, {'name': 'Low Price value', 'value': '759.75'}, {'name': 'LTP', 'value': '758.00'}, {'name': 'change absolute', 'value': '-2.35'}]}",OHLC_D_I_RSIPOWBD,RSI Power Breakdown,RSI Power Breakdown,25,Breakout Scan,RSI Power Breakdown,,,False,1,N,,OHLC_D_I_RSIPOWBD
1777461317,"{'stkname': 'TVS Srichakra', 'ltp': '', 'perChg': '', 'stkId': 'TVS03', 'displayLock': 'N', 'scanproflg': 1, 'scUrl': 'tyres/tvssrichakra/TVS03', 'columns': [{'name': 'change %', 'value': '0.99'}, {'name': 'Low Price value', 'value': '3,904.50'}, {'name': 'LTP', 'value': '3,880.00'}, {'name': 'change absolute', 'value': '-43.10'}]}",OHLC_D_I_RSIPOWBD,RSI Power Breakdown,RSI Power Breakdown,25,Breakout Scan,RSI Power Breakdown,,,False,1,N,,OHLC_D_I_RSIPOWBD
1777461317,"{'stkname': 'Tata Comm', 'ltp': '', 'perChg': '', 'stkId': 'VSN', 'displayLock': 'N', 'scanproflg': 1, 'scUrl': 'telecommunications-service/tatacommunications/TC17', 'columns': [{'name': 'change %', 'value': '-0.34'}, {'name': 'Low Price value', 'value': '1,593.80'}, {'name': 'LTP', 'value': '1,593.20'}, {'name': 'change absolute', 'value': '-0.60'}]}",OHLC_D_I_RSIPOWBD,RSI Power Breakdown,RSI Power Breakdown,25,Breakout Scan,RSI Power Breakdown,,,False,1,N,,OHLC_D_I_RSIPOWBD
1777461317,"{'stkname': 'APL Apollo', 'ltp': '', 'perChg': '', 'stkId': 'BT09', 'displayLock': 'N', 'scanproflg': 1, 'scUrl': 'steel-tubespipes/aplapollotubes/BT09', 'columns': [{'name': 'change %', 'value': '-0.54'}, {'name': 'Low Price value', 'value': '1,961.80'}, {'name': 'LTP', 'value': '1,965.40'}, {'name': 'change absolute', 'value': '-2.60'}]}",OHLC_D_I_RSIPOWBD,RSI Power Breakdown,RSI Power Breakdown,25,Breakout Scan,RSI Power Breakdown,,,False,1,N,,OHLC_D_I_RSIPOWBD
1777461317,"{'stkname': 'TCS', 'ltp': '', 'perChg': '', 'stkId': 'TCS', 'displayLock': 'N', 'scanproflg': 1, 'scUrl': 'computers-software/tataconsultancyservices/TCS', 'columns': [{'name': 'change %', 'value': '0.83'}, {'name': 'Low Price value', 'value': '2,467.30'}, {'name': 'LTP', 'value': '2,465.00'}, {'name': 'change absolute', 'value': '-6.00'}]}",OHLC_D_I_RSIPOWBD,RSI Power Breakdown,RSI Power Breakdown,25,Breakout Scan,RSI Power Breakdown,,,False,1,N,,OHLC_D_I_RSIPOWBD
1777461317,"{'stkname': 'Kotak Nifty 50', 'ltp': '', 'perChg': '', 'stkId': 'KMM01', 'displayLock': 'N', 'scanproflg': 1, 'scUrl': 'etf/kotaknifty50etf/KMM01', 'columns': [{'name': 'change %', 'value': '0.40'}, {'name': 'Low Price value', 'value': '266.14'}, {'name': 'LTP', 'value': '265.96'}, {'name': 'change absolute', 'value': '-0.54'}]}",OHLC_D_I_RSIPOWBD,RSI Power Breakdown,RSI Power Breakdown,25,Breakout Scan,RSI Power Breakdown,,,False,1,N,,OHLC_D_I_RSIPOWBD
1777461317,"{'stkname': 'Mirae BSE Sens', 'ltp': '', 'perChg': '', 'stkId': 'SENSE19224', 'displayLock': 'N', 'scanproflg': 1, 'scUrl': 'etf/miraeassetspbsesensexetf/SENSE19224', 'columns': [{'name': 'change %', 'value': '0.60'}, {'name': 'Low Price value', 'value': '79.50'}, {'name': 'LTP', 'value': '79.35'}, {'name': 'change absolute', 'value': '-0.17'}]}",OHLC_D_I_RSIPOWBD,RSI Power Breakdown,RSI Power Breakdown,25,Breakout Scan,RSI Power Breakdown,,,False,1,N,,OHLC_D_I_RSIPOWBD
1777461317,"{'stkname': 'NETF', 'ltp': '', 'perChg': '', 'stkId': 'NETF7838', 'displayLock': 'N', 'scanproflg': 1, 'scUrl': 'it-networking/tatanifty50exchangetradedfund/NETF7838', 'columns': [{'name': 'change %', 'value': '0.14'}, {'name': 'Low Price value', 'value': '260.47'}, {'name': 'LTP', 'value': '260.00'}, {'name': 'change absolute', 'value': '-1.60'}]}",OHLC_D_I_RSIPOWBD,RSI Power Breakdown,RSI Power Breakdown,25,Breakout Scan,RSI Power Breakdown,,,False,1,N,,OHLC_D_I_RSIPOWBD
1777461317,"{'stkname': 'Mirae Value50', 'ltp': '', 'perChg': '', 'stkId': 'MAN14', 'displayLock': 'N', 'scanproflg': 1, 'scUrl': 'etf/miraeassetnifty500value50etf/MAN14', 'columns': [{'name': 'change %', 'value': '0.18'}, {'name': 'Low Price value', 'value': '16.84'}, {'name': 'LTP', 'value': '16.83'}, {'name': 'change absolute', 'value': '-0.05'}]}",OHLC_D_I_RSIPOWBD,RSI Power Breakdown,RSI Power Breakdown,25,Breakout Scan,RSI Power Breakdown,,,False,1,N,,OHLC_D_I_RSIPOWBD
1777461317,"{'stkname': 'DSP SMALLADD', 'ltp': '', 'perChg': '', 'stkId': 'DNS', 'displayLock': 'N', 'scanproflg': 1, 'scUrl': 'etf/dspniftysmallcap250etf/DNS', 'columns': [{'name': 'change %', 'value': '-0.06'}, {'name': 'Low Price value', 'value': '16.85'}, {'name': 'LTP', 'value': '16.78'}, {'name': 'change absolute', 'value': '-0.07'}]}",OHLC_D_I_RSIPOWBD,RSI Power Breakdown,RSI Power Breakdown,25,Breakout Scan,RSI Power Breakdown,,,False,1,N,,OHLC_D_I_RSIPOWBD
1777461317,"{'stkname': 'SBINEQWETF', 'ltp': '', 'perChg': '', 'stkId': 'SBINE24524', 'displayLock': 'N', 'scanproflg': 1, 'scUrl': 'etf/sbinifty50equalweightetf/SBINE24524', 'columns': [{'name': 'change %', 'value': '0.18'}, {'name': 'Low Price value', 'value': '32.80'}, {'name': 'LTP', 'value': '32.71'}, {'name': 'change absolute', 'value': '-0.18'}]}",OHLC_D_I_RSIPOWBD,RSI Power Breakdown,RSI Power Breakdown,25,Breakout Scan,RSI Power Breakdown,,,False,1,N,,OHLC_D_I_RSIPOWBD
1777461317,"{'stkname': 'UTI BSE Sensex', 'ltp': '', 'perChg': '', 'stkId': 'UTI20', 'displayLock': 'N', 'scanproflg': 1, 'scUrl': 'etf/utibsesensexetf/UTI20', 'columns': [{'name': 'change %', 'value': '0.46'}, {'name': 'Low Price value', 'value': '851.55'}, {'name': 'LTP', 'value': '851.00'}, {'name': 'change absolute', 'value': '-3.72'}]}",OHLC_D_I_RSIPOWBD,RSI Power Breakdown,RSI Power Breakdown,25,Breakout Scan,RSI Power Breakdown,,,False,1,N,,OHLC_D_I_RSIPOWBD
1777461317,"{'stkname': 'MOHEALTH', 'ltp': '', 'perChg': '', 'stkId': 'MOHEA10508', 'displayLock': 'N', 'scanproflg': 1, 'scUrl': 'etf/motilaloswalspbsehealthcareetf/MOHEA10508', 'columns': [{'name': 'change %', 'value': '-0.89'}, {'name': 'Low Price value', 'value': '45.06'}, {'name': 'LTP', 'value': '44.66'}, {'name': 'change absolute', 'value': '-0.41'}]}",OHLC_D_I_RSIPOWBD,RSI Power Breakdown,RSI Power Breakdown,25,Breakout Scan,RSI Power Breakdown,,,False,1,N,,OHLC_D_I_RSIPOWBD
1777461317,"{'stkname': 'MID150', 'ltp': '', 'perChg': '', 'stkId': 'MID1530469', 'displayLock': 'N', 'scanproflg': 1, 'scUrl': 'etf/kotakniftymidcap150etf/MID1530469', 'columns': [{'name': 'change %', 'value': '-0.27'}, {'name': 'Low Price value', 'value': '22.51'}, {'name': 'LTP', 'value': '22.45'}, {'name': 'change absolute', 'value': '-0.11'}]}",OHLC_D_I_RSIPOWBD,RSI Power Breakdown,RSI Power Breakdown,25,Breakout Scan,RSI Power Breakdown,,,False,1,N,,OHLC_D_I_RSIPOWBD
1777461317,"{'stkname': 'Kotak Niftyban', 'ltp': '', 'perChg': '', 'stkId': 'KMM03', 'displayLock': 'N', 'scanproflg': 1, 'scUrl': 'etf/kotakniftybanketf/KMM03', 'columns': [{'name': 'change %', 'value': '-0.03'}, {'name': 'LTP', 'value': '57.23'}, {'name': 'Close Price value', 'value': '57.23'}, {'name': 'change absolute', 'value': '-0.02'}]}",OHLC_D_I_CLSERIESBEAR,Weak Stocks,Stocks with strong downtrend,25,Breakout Scan,Stocks with strong downtrend and closing negative since last 5 trading session,,,False,1,N,,OHLC_D_I_CLSERIESBEAR
1777461317,"{'stkname': 'Nipp Nifty 5yr', 'ltp': '', 'perChg': '', 'stkId': 'NIE05', 'displayLock': 'N', 'scanproflg': 1, 'scUrl': 'etf/nipponindiaetfnifty5yrbenchmarkgsec/NIE05', 'columns': [{'name': 'change %', 'value': '0.00'}, {'name': 'LTP', 'value': '64.39'}, {'name': 'Close Price value', 'value': '64.39'}, {'name': 'change absolute', 'value': '0.00'}]}",OHLC_D_I_CLSERIESBEAR,Weak Stocks,Stocks with strong downtrend,25,Breakout Scan,Stocks with strong downtrend and closing negative since last 5 trading session,,,False,1,N,,OHLC_D_I_CLSERIESBEAR
1777461317,"{'stkname': 'Swiggy', 'ltp': '', 'perChg': '', 'stkId': 'SL23', 'displayLock': 'N', 'scanproflg': 1, 'scUrl': 'online-services/swiggy/SL24', 'columns': [{'name': 'change %', 'value': '-2.66'}, {'name': 'LTP', 'value': '274.80'}, {'name': 'Close Price value', 'value': '274.80'}, {'name': 'change absolute', 'value': '-7.50'}]}",OHLC_D_I_CLSERIESBEAR,Weak Stocks,Stocks with strong downtrend,25,Breakout Scan,Stocks with strong downtrend and closing negative since last 5 trading session,,,False,1,N,,OHLC_D_I_CLSERIESBEAR
1777461317,"{'stkname': 'Innovana', 'ltp': '', 'perChg': '', 'stkId': 'IT06', 'displayLock': 'N', 'scanproflg': 1, 'scUrl': 'computers-software/innovanathinklabs/IT06', 'columns': [{'name': 'change %', 'value': '-0.57'}, {'name': 'LTP', 'value': '375.10'}, {'name': 'Close Price value', 'value': '375.10'}, {'name': 'change absolute', 'value': '-2.15'}]}",OHLC_D_I_CLSERIESBEAR,Weak Stocks,Stocks with strong downtrend,25,Breakout Scan,Stocks with strong downtrend and closing negative since last 5 trading session,,,False,1,N,,OHLC_D_I_CLSERIESBEAR
1777461317,"{'stkname': 'Reliance Chemo', 'ltp': '', 'perChg': '', 'stkId': 'RCI02', 'displayLock': 'N', 'scanproflg': 1, 'scUrl': 'textiles-spinning-synthetic-blended/reliancechemotexindustries/RCI02', 'columns': [{'name': 'change %', 'value': '-0.84'}, {'name': 'LTP', 'value': '115.00'}, {'name': 'Close Price value', 'value': '115.00'}, {'name': 'change absolute', 'value': '-0.98'}]}",OHLC_D_I_CLSERIESBEAR,Weak Stocks,Stocks with strong downtrend,25,Breakout Scan,Stocks with strong downtrend and closing negative since last 5 trading session,,,False,1,N,,OHLC_D_I_CLSERIESBEAR
1777461317,"{'stkname': 'AB Cotspin', 'ltp': '', 'perChg': '', 'stkId': 'ACI13', 'displayLock': 'N', 'scanproflg': 1, 'scUrl': 'textiles/abcotspinindia/ACI01', 'columns': [{'name': 'change %', 'value': '-5.65'}, {'name': 'LTP', 'value': '225.55'}, {'name': 'Close Price value', 'value': '225.55'}, {'name': 'change absolute', 'value': '-13.50'}]}",OHLC_D_I_CLSERIESBEAR,Weak Stocks,Stocks with strong downtrend,25,Breakout Scan,Stocks with strong downtrend and closing negative since last 5 trading session,,,False,1,N,,OHLC_D_I_CLSERIESBEAR
1777461317,"{'stkname': 'Tata Motors Com', 'ltp': '', 'perChg': '', 'stkId': 'TML02', 'displayLock': 'N', 'scanproflg': 1, 'scUrl': 'automobile-truckslcvs/tatamotors/TML02', 'columns': [{'name': 'change %', 'value': '-0.37'}, {'name': 'LTP', 'value': '416.75'}, {'name': 'Close Price value', 'value': '416.75'}, {'name': 'change absolute', 'value': '-1.55'}]}",OHLC_D_I_CLSERIESBEAR,Weak Stocks,Stocks with strong downtrend,25,Breakout Scan,Stocks with strong downtrend and closing negative since last 5 trading session,,,False,1,N,,OHLC_D_I_CLSERIESBEAR
1777461317,"{'stkname': 'Brand Concepts', 'ltp': '', 'perChg': '', 'stkId': 'BCL09', 'displayLock': 'N', 'scanproflg': 1, 'scUrl': 'glassglass-products/brandconcepts/BCL09', 'columns': [{'name': 'change %', 'value': '-0.11'}, {'name': 'LTP', 'value': '245.00'}, {'name': 'Close Price value', 'value': '245.00'}, {'name': 'change absolute', 'value': '-0.28'}]}",OHLC_D_I_CLSERIESBEAR,Weak Stocks,Stocks with strong downtrend,25,Breakout Scan,Stocks with strong downtrend and closing negative since last 5 trading session,,,False,1,N,,OHLC_D_I_CLSERIESBEAR
1777461317,"{'stkname': 'Ethos', 'ltp': '', 'perChg': '', 'stkId': 'E10', 'displayLock': 'N', 'scanproflg': 1, 'scUrl': 'watchesaccessories/ethos/E12', 'columns': [{'name': 'change %', 'value': '-5.31'}, {'name': 'LTP', 'value': '2,450.00'}, {'name': 'Close Price value', 'value': '2,450.00'}, {'name': 'change absolute', 'value': '-137.50'}]}",OHLC_D_I_CLSERIESBEAR,Weak Stocks,Stocks with strong downtrend,25,Breakout Scan,Stocks with strong downtrend and closing negative since last 5 trading session,,,False,1,N,,OHLC_D_I_CLSERIESBEAR
1777461317,"{'stkname': 'Mold-Tek Pack', 'ltp': '', 'perChg': '', 'stkId': 'MTP02', 'displayLock': 'N', 'scanproflg': 1, 'scUrl': 'plastics/mold-tekpackaging/MTP01', 'columns': [{'name': 'change %', 'value': '-0.91'}, {'name': 'LTP', 'value': '565.00'}, {'name': 'Close Price value', 'value': '565.00'}, {'name': 'change absolute', 'value': '-5.20'}]}",OHLC_D_I_CLSERIESBEAR,Weak Stocks,Stocks with strong downtrend,25,Breakout Scan,Stocks with strong downtrend and closing negative since last 5 trading session,,,False,1,N,,OHLC_D_I_CLSERIESBEAR
1777461317,"{'stkname': 'Satia Ind', 'ltp': '', 'perChg': '', 'stkId': 'SI90', 'displayLock': 'N', 'scanproflg': 1, 'scUrl': 'paper/satiaindustries/SI96', 'columns': [{'name': 'change %', 'value': '-1.71'}, {'name': 'LTP', 'value': '68.50'}, {'name': 'Close Price value', 'value': '68.50'}, {'name': 'change absolute', 'value': '-1.19'}]}",OHLC_D_I_CLSERIESBEAR,Weak Stocks,Stocks with strong downtrend,25,Breakout Scan,Stocks with strong downtrend and closing negative since last 5 trading session,,,False,1,N,,OHLC_D_I_CLSERIESBEAR
1777461317,"{'stkname': 'Genus Paper', 'ltp': '', 'perChg': '', 'stkId': 'GPB', 'displayLock': 'N', 'scanproflg': 1, 'scUrl': 'paper/genuspaperboards/GPB', 'columns': [{'name': 'change %', 'value': '-0.22'}, {'name': 'LTP', 'value': '13.70'}, {'name': 'Close Price value', 'value': '13.70'}, {'name': 'change absolute', 'value': '-0.03'}]}",OHLC_D_I_CLSERIESBEAR,Weak Stocks,Stocks with strong downtrend,25,Breakout Scan,Stocks with strong downtrend and closing negative since last 5 trading session,,,False,1,N,,OHLC_D_I_CLSERIESBEAR
1777461317,"{'stkname': 'Sirca Paints', 'ltp': '', 'perChg': '', 'stkId': 'SPI12', 'displayLock': 'N', 'scanproflg': 1, 'scUrl': 'paintsvarnishes/sircapaintsindia/SPI06', 'columns': [{'name': 'change %', 'value': '-0.83'}, {'name': 'LTP', 'value': '426.00'}, {'name': 'Close Price value', 'value': '426.00'}, {'name': 'change absolute', 'value': '-3.55'}]}",OHLC_D_I_CLSERIESBEAR,Weak Stocks,Stocks with strong downtrend,25,Breakout Scan,Stocks with strong downtrend and closing negative since last 5 trading session,,,False,1,N,,OHLC_D_I_CLSERIESBEAR
1777461317,"{'stkname': 'Manaksia Steels', 'ltp': '', 'perChg': '', 'stkId': 'MS24', 'displayLock': 'N', 'scanproflg': 1, 'scUrl': 'steel-large/manaksiasteels/MS27', 'columns': [{'name': 'change %', 'value': '-1.74'}, {'name': 'LTP', 'value': '68.70'}, {'name': 'Close Price value', 'value': '68.70'}, {'name': 'change absolute', 'value': '-1.22'}]}",OHLC_D_I_CLSERIESBEAR,Weak Stocks,Stocks with strong downtrend,25,Breakout Scan,Stocks with strong downtrend and closing negative since last 5 trading session,,,False,1,N,,OHLC_D_I_CLSERIESBEAR
1777461317,"{'stkname': 'GSS Infotech', 'ltp': '', 'perChg': '', 'stkId': 'GAI03', 'displayLock': 'N', 'scanproflg': 1, 'scUrl': 'computers-software-mediumsmall/gssinfotech/GAI05', 'columns': [{'name': 'change %', 'value': '-2.76'}, {'name': 'LTP', 'value': '14.10'}, {'name': 'Close Price value', 'value': '14.10'}, {'name': 'change absolute', 'value': '-0.40'}]}",OHLC_D_I_CLSERIESBEAR,Weak Stocks,Stocks with strong downtrend,25,Breakout Scan,Stocks with strong downtrend and closing negative since last 5 trading session,,,False,1,N,,OHLC_D_I_CLSERIESBEAR
1777461317,"{'stkname': 'Take Solutions', 'ltp': '', 'perChg': '', 'stkId': 'TS09', 'displayLock': 'N', 'scanproflg': 1, 'scUrl': 'pharmaceuticals/takesolutions/TS09', 'columns': [{'name': 'change %', 'value': '0.00'}, {'name': 'LTP', 'value': '44.44'}, {'name': 'Close Price value', 'value': '44.44'}, {'name': 'change absolute', 'value': '0.00'}]}",OHLC_D_I_CLSERIESBEAR,Weak Stocks,Stocks with strong downtrend,25,Breakout Scan,Stocks with strong downtrend and closing negative since last 5 trading session,,,False,1,N,,OHLC_D_I_CLSERIESBEAR
1777461317,"{'stkname': 'SBFC Finance', 'ltp': '', 'perChg': '', 'stkId': 'SF35', 'displayLock': 'N', 'scanproflg': 1, 'scUrl': 'finance-others/sbfcfinance/SF33', 'columns': [{'name': 'change %', 'value': '-0.55'}, {'name': 'LTP', 'value': '93.99'}, {'name': 'Close Price value', 'value': '93.99'}, {'name': 'change absolute', 'value': '-0.52'}]}",OHLC_D_I_CLSERIESBEAR,Weak Stocks,Stocks with strong downtrend,25,Breakout Scan,Stocks with strong downtrend and closing negative since last 5 trading session,,,False,1,N,,OHLC_D_I_CLSERIESBEAR
1777461317,"{'stkname': 'Sadbhav Engg', 'ltp': '', 'perChg': '', 'stkId': 'SE19', 'displayLock': 'N', 'scanproflg': 1, 'scUrl': 'infrastructure-general/sadbhavengineering/SE19', 'columns': [{'name': 'change %', 'value': '-1.90'}, {'name': 'LTP', 'value': '9.79'}, {'name': 'Close Price value', 'value': '9.79'}, {'name': 'change absolute', 'value': '-0.19'}]}",OHLC_D_I_CLSERIESBEAR,Weak Stocks,Stocks with strong downtrend,25,Breakout Scan,Stocks with strong downtrend and closing negative since last 5 trading session,,,False,1,N,,OHLC_D_I_CLSERIESBEAR
1777461317,"{'stkname': 'Vidhi Spec', 'ltp': '', 'perChg': '', 'stkId': 'VDM', 'displayLock': 'N', 'scanproflg': 1, 'scUrl': 'dyespigments/vidhispecialtyfoodingredients/VDM', 'columns': [{'name': 'change %', 'value': '-0.90'}, {'name': 'LTP', 'value': '296.00'}, {'name': 'Close Price value', 'value': '296.00'}, {'name': 'change absolute', 'value': '-2.70'}]}",OHLC_D_I_CLSERIESBEAR,Weak Stocks,Stocks with strong downtrend,25,Breakout Scan,Stocks with strong downtrend and closing negative since last 5 trading session,,,False,1,N,,OHLC_D_I_CLSERIESBEAR
1777461317,"{'stkname': 'Sigachi Ind', 'ltp': '', 'perChg': '', 'stkId': 'SIL17', 'displayLock': 'N', 'scanproflg': 1, 'scUrl': 'pharmaceuticalsdrugs/sigachiindustries/SIL19', 'columns': [{'name': 'change %', 'value': '-0.40'}, {'name': 'LTP', 'value': '20.17'}, {'name': 'Close Price value', 'value': '20.17'}, {'name': 'change absolute', 'value': '-0.08'}]}",OHLC_D_I_CLSERIESBEAR,Weak Stocks,Stocks with strong downtrend,25,Breakout Scan,Stocks with strong downtrend and closing negative since last 5 trading session,,,False,1,N,,OHLC_D_I_CLSERIESBEAR
1777461317,"{'stkname': 'Jay BharatMarut', 'ltp': '', 'perChg': '', 'stkId': 'JBM', 'displayLock': 'N', 'scanproflg': 1, 'scUrl': 'auto-ancillaries/jaybharatmaruti/JBM', 'columns': [{'name': 'change %', 'value': '-1.15'}, {'name': 'LTP', 'value': '91.72'}, {'name': 'Close Price value', 'value': '91.72'}, {'name': 'change absolute', 'value': '-1.07'}]}",OHLC_D_I_CLSERIESBEAR,Weak Stocks,Stocks with strong downtrend,25,Breakout Scan,Stocks with strong downtrend and closing negative since last 5 trading session,,,False,1,N,,OHLC_D_I_CLSERIESBEAR
1777461317,"{'stkname': 'Sammaan Capital', 'ltp': '', 'perChg': '', 'stkId': 'IHF01', 'displayLock': 'N', 'scanproflg': 1, 'scUrl': 'finance-housing/sammaancapital/IHF01', 'columns': [{'name': 'change %', 'value': '-1.65'}, {'name': 'LTP', 'value': '141.00'}, {'name': 'Close Price value', 'value': '141.00'}, {'name': 'change absolute', 'value': '-2.36'}]}",OHLC_D_I_CLSERIESBEAR,Weak Stocks,Stocks with strong downtrend,25,Breakout Scan,Stocks with strong downtrend and closing negative since last 5 trading session,,,False,1,N,,OHLC_D_I_CLSERIESBEAR
1777461317,"{'stkname': 'L&T Finance', 'ltp': '', 'perChg': '', 'stkId': 'LFH', 'displayLock': 'N', 'scanproflg': 1, 'scUrl': 'finance-nbfc/ltfinance/LFH', 'columns': [{'name': 'change %', 'value': '-0.27'}, {'name': 'LTP', 'value': '285.01'}, {'name': 'Close Price value', 'value': '285.01'}, {'name': 'change absolute', 'value': '-0.77'}]}",OHLC_D_I_CLSERIESBEAR,Weak Stocks,Stocks with strong downtrend,25,Breakout Scan,Stocks with strong downtrend and closing negative since last 5 trading session,,,False,1,N,,OHLC_D_I_CLSERIESBEAR
1777461317,"{'stkname': 'Union Bank', 'ltp': '', 'perChg': '', 'stkId': 'UBI01', 'displayLock': 'N', 'scanproflg': 1, 'scUrl': 'banks-public-sector/unionbankindia/UBI01', 'columns': [{'name': 'change %', 'value': '-1.97'}, {'name': 'LTP', 'value': '167.12'}, {'name': 'Close Price value', 'value': '167.12'}, {'name': 'change absolute', 'value': '-3.36'}]}",OHLC_D_I_CLSERIESBEAR,Weak Stocks,Stocks with strong downtrend,25,Breakout Scan,Stocks with strong downtrend and closing negative since last 5 trading session,,,False,1,N,,OHLC_D_I_CLSERIESBEAR
1777461317,"{'stkname': 'APL Apollo', 'ltp': '', 'perChg': '', 'stkId': 'BT09', 'displayLock': 'N', 'scanproflg': 1, 'scUrl': 'steel-tubespipes/aplapollotubes/BT09', 'columns': [{'name': 'change %', 'value': '-0.54'}, {'name': 'LTP', 'value': '1,965.40'}, {'name': 'Close Price value', 'value': '1,965.40'}, {'name': 'change absolute', 'value': '-10.60'}]}",OHLC_D_I_CLSERIESBEAR,Weak Stocks,Stocks with strong downtrend,25,Breakout Scan,Stocks with strong downtrend and closing negative since last 5 trading session,,,False,1,N,,OHLC_D_I_CLSERIESBEAR
1777461317,"{'stkname': 'Canara Bank', 'ltp': '', 'perChg': '', 'stkId': 'CB06', 'displayLock': 'N', 'scanproflg': 1, 'scUrl': 'banks-public-sector/canarabank/CB06', 'columns': [{'name': 'change %', 'value': '-0.10'}, {'name': 'LTP', 'value': '136.96'}, {'name': 'Close Price value', 'value': '136.96'}, {'name': 'change absolute', 'value': '-0.14'}]}",OHLC_D_I_CLSERIESBEAR,Weak Stocks,Stocks with strong downtrend,25,Breakout Scan,Stocks with strong downtrend and closing negative since last 5 trading session,,,False,1,N,,OHLC_D_I_CLSERIESBEAR
1777461317,"{'stkname': 'ICICI Bank', 'ltp': '', 'perChg': '', 'stkId': 'ICI02', 'displayLock': 'N', 'scanproflg': 1, 'scUrl': 'banks-private-sector/icicibank/ICI02', 'columns': [{'name': 'change %', 'value': '-1.01'}, {'name': 'LTP', 'value': '1,279.00'}, {'name': 'Close Price value', 'value': '1,279.00'}, {'name': 'change absolute', 'value': '-13.00'}]}",OHLC_D_I_CLSERIESBEAR,Weak Stocks,Stocks with strong downtrend,25,Breakout Scan,Stocks with strong downtrend and closing negative since last 5 trading session,,,False,1,N,,OHLC_D_I_CLSERIESBEAR
1777461317,"{'stkname': 'DSP Priv Bank', 'ltp': '', 'perChg': '', 'stkId': 'DSPPV17576', 'displayLock': 'N', 'scanproflg': 1, 'scUrl': 'etf/dspniftyprivatebanketf/DSPPV17576', 'columns': [{'name': 'change %', 'value': '-0.30'}, {'name': 'LTP', 'value': '26.70'}, {'name': 'Close Price value', 'value': '26.70'}, {'name': 'change absolute', 'value': '-0.08'}]}",OHLC_D_I_CLSERIESBEAR,Weak Stocks,Stocks with strong downtrend,25,Breakout Scan,Stocks with strong downtrend and closing negative since last 5 trading session,,,False,1,N,,OHLC_D_I_CLSERIESBEAR
1777461317,"{'stkname': 'One 97 Paytm', 'ltp': '', 'perChg': '', 'stkId': 'OC10', 'displayLock': 'N', 'scanproflg': 1, 'scUrl': 'online-services/one97communicationspaytm/OC03', 'columns': [{'name': 'change %', 'value': '-2.14'}, {'name': 'LTP', 'value': '1,105.00'}, {'name': 'Close Price value', 'value': '1,105.00'}, {'name': 'change absolute', 'value': '-24.15'}]}",OHLC_D_I_CLSERIESBEAR,Weak Stocks,Stocks with strong downtrend,25,Breakout Scan,Stocks with strong downtrend and closing negative since last 5 trading session,,,False,1,N,,OHLC_D_I_CLSERIESBEAR
1777461317,"{'stkname': 'Ashok Leyland', 'ltp': '', 'perChg': '', 'stkId': 'AL', 'displayLock': 'N', 'scanproflg': 1, 'scUrl': 'auto-lcvshcvs/ashokleyland/AL', 'columns': [{'name': 'change %', 'value': '-1.03'}, {'name': 'LTP', 'value': '165.80'}, {'name': 'Close Price value', 'value': '165.80'}, {'name': 'change absolute', 'value': '-1.72'}]}",OHLC_D_I_CLSERIESBEAR,Weak Stocks,Stocks with strong downtrend,25,Breakout Scan,Stocks with strong downtrend and closing negative since last 5 trading session,,,False,1,N,,OHLC_D_I_CLSERIESBEAR
1777461317,"{'stkname': 'HDFC NiftyBank', 'ltp': '', 'perChg': '', 'stkId': 'HBE02', 'displayLock': 'N', 'scanproflg': 1, 'scUrl': 'etf/hdfcniftybankingetf/HBE02', 'columns': [{'name': 'change %', 'value': '-0.23'}, {'name': 'LTP', 'value': '56.76'}, {'name': 'Close Price value', 'value': '56.76'}, {'name': 'change absolute', 'value': '-0.13'}]}",OHLC_D_I_CLSERIESBEAR,Weak Stocks,Stocks with strong downtrend,25,Breakout Scan,Stocks with strong downtrend and closing negative since last 5 trading session,,,False,1,N,,OHLC_D_I_CLSERIESBEAR
1777461317,"{'stkname': 'Cinevista', 'ltp': '', 'perChg': '', 'stkId': 'CC25', 'displayLock': 'N', 'scanproflg': 1, 'scUrl': 'mediaentertainment/cinevista/C97', 'columns': [{'name': 'change %', 'value': '-0.84'}, {'name': 'LTP', 'value': '14.15'}, {'name': 'Close Price value', 'value': '14.15'}, {'name': 'change absolute', 'value': '-0.12'}]}",OHLC_D_I_CLSERIESBEAR,Weak Stocks,Stocks with strong downtrend,25,Breakout Scan,Stocks with strong downtrend and closing negative since last 5 trading session,,,False,1,N,,OHLC_D_I_CLSERIESBEAR
1777461317,"{'stkname': 'Mirae Gold ETF', 'ltp': '', 'perChg': '', 'stkId': 'MAGOL14286', 'displayLock': 'N', 'scanproflg': 1, 'scUrl': 'gold-etf/miraeassetgoldetf/MAGOL14286', 'columns': [{'name': 'change %', 'value': '-1.01'}, {'name': 'Low Price value', 'value': '142.52'}, {'name': 'LTP', 'value': '142.75'}, {'name': 'change absolute', 'value': '-1.46'}]}",OHLC_D_I_RISE3BEAR,Rising Three Breakdown,Bearish Rising Three Patter,25,Breakout Scan,"The Rising three pattern is a 5-candle bullish breakout and trend continuation pattern. The rising three candlestick pattern is a price chart formation that signifies a continuation of the bullish trend. The rising three candlestick pattern occurs in the middle of an ongoing bullish trend, which resumes at the end of the pattern. The rising three candlestick pattern comprises five candlesticks, including a bullish candlestick with a large body, three consecutive bearish candlesticks and a final bullish candlestick that breaks the high of the first candlestick and closes above it. The fifth and final candlestick of the rising three candlestick pattern is considered the decisive candlestick of the pattern as it indicates that the bulls are back in control of the market. ",,,False,1,N,,OHLC_D_I_RISE3BEAR
1777461317,"{'stkname': 'SKFINDUS', 'ltp': '', 'perChg': '', 'stkId': 'SII06', 'displayLock': 'N', 'scanproflg': 1, 'scUrl': 'auto-ancillaries-bearings/skfindiaindustrial/SII06', 'columns': [{'name': 'change %', 'value': '-0.65'}, {'name': 'Low Price value', 'value': '2,203.30'}, {'name': 'LTP', 'value': '2,245.00'}, {'name': 'change absolute', 'value': '-14.80'}]}",OHLC_D_I_RISE3BEAR,Rising Three Breakdown,Bearish Rising Three Patter,25,Breakout Scan,"The Rising three pattern is a 5-candle bullish breakout and trend continuation pattern. The rising three candlestick pattern is a price chart formation that signifies a continuation of the bullish trend. The rising three candlestick pattern occurs in the middle of an ongoing bullish trend, which resumes at the end of the pattern. The rising three candlestick pattern comprises five candlesticks, including a bullish candlestick with a large body, three consecutive bearish candlesticks and a final bullish candlestick that breaks the high of the first candlestick and closes above it. The fifth and final candlestick of the rising three candlestick pattern is considered the decisive candlestick of the pattern as it indicates that the bulls are back in control of the market. ",,,False,1,N,,OHLC_D_I_RISE3BEAR
1777461317,"{'stkname': 'Crizac', 'ltp': '', 'perChg': '', 'stkId': 'CL11', 'displayLock': 'N', 'scanproflg': 1, 'scUrl': 'educational-institutions/crizac/CL12', 'columns': [{'name': 'change %', 'value': '-3.96'}, {'name': 'Low Price value', 'value': '206.00'}, {'name': 'LTP', 'value': '206.61'}, {'name': 'change absolute', 'value': '-8.52'}]}",OHLC_D_I_RISE3BEAR,Rising Three Breakdown,Bearish Rising Three Patter,25,Breakout Scan,"The Rising three pattern is a 5-candle bullish breakout and trend continuation pattern. The rising three candlestick pattern is a price chart formation that signifies a continuation of the bullish trend. The rising three candlestick pattern occurs in the middle of an ongoing bullish trend, which resumes at the end of the pattern. The rising three candlestick pattern comprises five candlesticks, including a bullish candlestick with a large body, three consecutive bearish candlesticks and a final bullish candlestick that breaks the high of the first candlestick and closes above it. The fifth and final candlestick of the rising three candlestick pattern is considered the decisive candlestick of the pattern as it indicates that the bulls are back in control of the market. ",,,False,1,N,,OHLC_D_I_RISE3BEAR
1777461317,"{'stkname': 'PDS', 'ltp': '', 'perChg': '', 'stkId': 'PDS', 'displayLock': 'N', 'scanproflg': 1, 'scUrl': 'textiles-general/pds/PDS', 'columns': [{'name': 'change %', 'value': '-2.06'}, {'name': 'Low Price value', 'value': '276.60'}, {'name': 'LTP', 'value': '277.55'}, {'name': 'change absolute', 'value': '-5.85'}]}",OHLC_D_I_RISE3BEAR,Rising Three Breakdown,Bearish Rising Three Patter,25,Breakout Scan,"The Rising three pattern is a 5-candle bullish breakout and trend continuation pattern. The rising three candlestick pattern is a price chart formation that signifies a continuation of the bullish trend. The rising three candlestick pattern occurs in the middle of an ongoing bullish trend, which resumes at the end of the pattern. The rising three candlestick pattern comprises five candlesticks, including a bullish candlestick with a large body, three consecutive bearish candlesticks and a final bullish candlestick that breaks the high of the first candlestick and closes above it. The fifth and final candlestick of the rising three candlestick pattern is considered the decisive candlestick of the pattern as it indicates that the bulls are back in control of the market. ",,,False,1,N,,OHLC_D_I_RISE3BEAR
1777461317,"{'stkname': 'Angel One', 'ltp': '', 'perChg': '', 'stkId': 'ABL03', 'displayLock': 'N', 'scanproflg': 1, 'scUrl': 'finance-stock-broking/angelone/ABL03', 'columns': [{'name': 'change %', 'value': '-1.96'}, {'name': 'Low Price value', 'value': '311.79'}, {'name': 'LTP', 'value': '313.00'}, {'name': 'change absolute', 'value': '-6.27'}]}",OHLC_D_I_RISE3BEAR,Rising Three Breakdown,Bearish Rising Three Patter,25,Breakout Scan,"The Rising three pattern is a 5-candle bullish breakout and trend continuation pattern. The rising three candlestick pattern is a price chart formation that signifies a continuation of the bullish trend. The rising three candlestick pattern occurs in the middle of an ongoing bullish trend, which resumes at the end of the pattern. The rising three candlestick pattern comprises five candlesticks, including a bullish candlestick with a large body, three consecutive bearish candlesticks and a final bullish candlestick that breaks the high of the first candlestick and closes above it. The fifth and final candlestick of the rising three candlestick pattern is considered the decisive candlestick of the pattern as it indicates that the bulls are back in control of the market. ",,,False,1,N,,OHLC_D_I_RISE3BEAR
1777461317,"{'stkname': 'Share India', 'ltp': '', 'perChg': '', 'stkId': 'SIS08', 'displayLock': 'N', 'scanproflg': 1, 'scUrl': 'diversified/shareindiasecurities/SIS09', 'columns': [{'name': 'change %', 'value': '-3.38'}, {'name': 'Low Price value', 'value': '139.70'}, {'name': 'LTP', 'value': '140.21'}, {'name': 'change absolute', 'value': '-4.90'}]}",OHLC_D_I_RISE3BEAR,Rising Three Breakdown,Bearish Rising Three Patter,25,Breakout Scan,"The Rising three pattern is a 5-candle bullish breakout and trend continuation pattern. The rising three candlestick pattern is a price chart formation that signifies a continuation of the bullish trend. The rising three candlestick pattern occurs in the middle of an ongoing bullish trend, which resumes at the end of the pattern. The rising three candlestick pattern comprises five candlesticks, including a bullish candlestick with a large body, three consecutive bearish candlesticks and a final bullish candlestick that breaks the high of the first candlestick and closes above it. The fifth and final candlestick of the rising three candlestick pattern is considered the decisive candlestick of the pattern as it indicates that the bulls are back in control of the market. ",,,False,1,N,,OHLC_D_I_RISE3BEAR
1777461317,"{'stkname': 'Zuari Agro Chem', 'ltp': '', 'perChg': '', 'stkId': 'ZAC', 'displayLock': 'N', 'scanproflg': 1, 'scUrl': 'fertilisers/zuariagrochemicals/ZAC', 'columns': [{'name': 'change %', 'value': '-2.59'}, {'name': 'Low Price value', 'value': '239.25'}, {'name': 'LTP', 'value': '239.25'}, {'name': 'change absolute', 'value': '-6.35'}]}",OHLC_D_I_RISE3BEAR,Rising Three Breakdown,Bearish Rising Three Patter,25,Breakout Scan,"The Rising three pattern is a 5-candle bullish breakout and trend continuation pattern. The rising three candlestick pattern is a price chart formation that signifies a continuation of the bullish trend. The rising three candlestick pattern occurs in the middle of an ongoing bullish trend, which resumes at the end of the pattern. The rising three candlestick pattern comprises five candlesticks, including a bullish candlestick with a large body, three consecutive bearish candlesticks and a final bullish candlestick that breaks the high of the first candlestick and closes above it. The fifth and final candlestick of the rising three candlestick pattern is considered the decisive candlestick of the pattern as it indicates that the bulls are back in control of the market. ",,,False,1,N,,OHLC_D_I_RISE3BEAR
1777461317,"{'stkname': 'Yasho Ind.', 'ltp': '', 'perChg': '', 'stkId': 'YIL01', 'displayLock': 'N', 'scanproflg': 1, 'scUrl': 'chemicals/yashoindustries/YIL01', 'columns': [{'name': 'change %', 'value': '-1.50'}, {'name': 'Low Price value', 'value': '1,458.60'}, {'name': 'LTP', 'value': '1,470.00'}, {'name': 'change absolute', 'value': '-22.40'}]}",OHLC_D_I_RISE3BEAR,Rising Three Breakdown,Bearish Rising Three Patter,25,Breakout Scan,"The Rising three pattern is a 5-candle bullish breakout and trend continuation pattern. The rising three candlestick pattern is a price chart formation that signifies a continuation of the bullish trend. The rising three candlestick pattern occurs in the middle of an ongoing bullish trend, which resumes at the end of the pattern. The rising three candlestick pattern comprises five candlesticks, including a bullish candlestick with a large body, three consecutive bearish candlesticks and a final bullish candlestick that breaks the high of the first candlestick and closes above it. The fifth and final candlestick of the rising three candlestick pattern is considered the decisive candlestick of the pattern as it indicates that the bulls are back in control of the market. ",,,False,1,N,,OHLC_D_I_RISE3BEAR
1777461317,"{'stkname': 'Dynemic Product', 'ltp': '', 'perChg': '', 'stkId': 'DP12', 'displayLock': 'N', 'scanproflg': 1, 'scUrl': 'dyespigments/dynemicproducts/DP12', 'columns': [{'name': 'change %', 'value': '-3.66'}, {'name': 'Low Price value', 'value': '226.10'}, {'name': 'LTP', 'value': '226.10'}, {'name': 'change absolute', 'value': '-8.60'}]}",OHLC_D_I_RISE3BEAR,Rising Three Breakdown,Bearish Rising Three Patter,25,Breakout Scan,"The Rising three pattern is a 5-candle bullish breakout and trend continuation pattern. The rising three candlestick pattern is a price chart formation that signifies a continuation of the bullish trend. The rising three candlestick pattern occurs in the middle of an ongoing bullish trend, which resumes at the end of the pattern. The rising three candlestick pattern comprises five candlesticks, including a bullish candlestick with a large body, three consecutive bearish candlesticks and a final bullish candlestick that breaks the high of the first candlestick and closes above it. The fifth and final candlestick of the rising three candlestick pattern is considered the decisive candlestick of the pattern as it indicates that the bulls are back in control of the market. ",,,False,1,N,,OHLC_D_I_RISE3BEAR
1777461317,"{'stkname': 'IVP', 'ltp': '', 'perChg': '', 'stkId': 'IVP', 'displayLock': 'N', 'scanproflg': 1, 'scUrl': 'vanaspatioils/ivp/IVP', 'columns': [{'name': 'change %', 'value': '-3.69'}, {'name': 'Low Price value', 'value': '139.50'}, {'name': 'LTP', 'value': '140.00'}, {'name': 'change absolute', 'value': '-5.37'}]}",OHLC_D_I_RISE3BEAR,Rising Three Breakdown,Bearish Rising Three Patter,25,Breakout Scan,"The Rising three pattern is a 5-candle bullish breakout and trend continuation pattern. The rising three candlestick pattern is a price chart formation that signifies a continuation of the bullish trend. The rising three candlestick pattern occurs in the middle of an ongoing bullish trend, which resumes at the end of the pattern. The rising three candlestick pattern comprises five candlesticks, including a bullish candlestick with a large body, three consecutive bearish candlesticks and a final bullish candlestick that breaks the high of the first candlestick and closes above it. The fifth and final candlestick of the rising three candlestick pattern is considered the decisive candlestick of the pattern as it indicates that the bulls are back in control of the market. ",,,False,1,N,,OHLC_D_I_RISE3BEAR
1777461317,"{'stkname': 'Pokarna', 'ltp': '', 'perChg': '', 'stkId': 'PL06', 'displayLock': 'N', 'scanproflg': 1, 'scUrl': 'ceramicsgranite/pokarna/PL06', 'columns': [{'name': 'change %', 'value': '-2.86'}, {'name': 'Low Price value', 'value': '874.55'}, {'name': 'LTP', 'value': '884.00'}, {'name': 'change absolute', 'value': '-26.00'}]}",OHLC_D_I_RISE3BEAR,Rising Three Breakdown,Bearish Rising Three Patter,25,Breakout Scan,"The Rising three pattern is a 5-candle bullish breakout and trend continuation pattern. The rising three candlestick pattern is a price chart formation that signifies a continuation of the bullish trend. The rising three candlestick pattern occurs in the middle of an ongoing bullish trend, which resumes at the end of the pattern. The rising three candlestick pattern comprises five candlesticks, including a bullish candlestick with a large body, three consecutive bearish candlesticks and a final bullish candlestick that breaks the high of the first candlestick and closes above it. The fifth and final candlestick of the rising three candlestick pattern is considered the decisive candlestick of the pattern as it indicates that the bulls are back in control of the market. ",,,False,1,N,,OHLC_D_I_RISE3BEAR
1777461317,"{'stkname': 'Bosch', 'ltp': '', 'perChg': '', 'stkId': 'MIC', 'displayLock': 'N', 'scanproflg': 1, 'scUrl': 'auto-ancillaries/bosch/B05', 'columns': [{'name': 'change %', 'value': '-2.56'}, {'name': 'Low Price value', 'value': '36,190.00'}, {'name': 'LTP', 'value': '36,365.00'}, {'name': 'change absolute', 'value': '-955.00'}]}",OHLC_D_I_RISE3BEAR,Rising Three Breakdown,Bearish Rising Three Patter,25,Breakout Scan,"The Rising three pattern is a 5-candle bullish breakout and trend continuation pattern. The rising three candlestick pattern is a price chart formation that signifies a continuation of the bullish trend. The rising three candlestick pattern occurs in the middle of an ongoing bullish trend, which resumes at the end of the pattern. The rising three candlestick pattern comprises five candlesticks, including a bullish candlestick with a large body, three consecutive bearish candlesticks and a final bullish candlestick that breaks the high of the first candlestick and closes above it. The fifth and final candlestick of the rising three candlestick pattern is considered the decisive candlestick of the pattern as it indicates that the bulls are back in control of the market. ",,,False,1,N,,OHLC_D_I_RISE3BEAR
1777461317,"{'stkname': 'EFC', 'ltp': '', 'perChg': '', 'stkId': 'ATE01', 'displayLock': 'N', 'scanproflg': 1, 'scUrl': 'trading/efci/ATE01', 'columns': [{'name': 'change %', 'value': '-4.49'}, {'name': 'LTP', 'value': '190.97'}, {'name': 'Close Price value', 'value': '190.97'}, {'name': 'change absolute', 'value': '-8.97'}]}",OHLC_D_I_BOLDBEAR,Bold Bears,Fresh selling by bears in strong downtrend stock,25,Breakout Scan,Fresh selling by bears in strong downtrend stock as indicated by RSI and Supertrend indicator,,,False,1,N,,OHLC_D_I_BOLDBEAR
1777461317,"{'stkname': 'BlackBuck', 'ltp': '', 'perChg': '', 'stkId': 'ZLSL', 'displayLock': 'N', 'scanproflg': 1, 'scUrl': 'online-services/blackbuck/ZLSL', 'columns': [{'name': 'change %', 'value': '-5.46'}, {'name': 'LTP', 'value': '549.90'}, {'name': 'Close Price value', 'value': '549.90'}, {'name': 'change absolute', 'value': '-31.75'}]}",OHLC_D_I_BOLDBEAR,Bold Bears,Fresh selling by bears in strong downtrend stock,25,Breakout Scan,Fresh selling by bears in strong downtrend stock as indicated by RSI and Supertrend indicator,,,False,1,N,,OHLC_D_I_BOLDBEAR
1777461317,"{'stkname': 'eClerx Services', 'ltp': '', 'perChg': '', 'stkId': 'ES07', 'displayLock': 'N', 'scanproflg': 1, 'scUrl': 'computers-software-mediumsmall/eclerxservices/eS06', 'columns': [{'name': 'change %', 'value': '-2.35'}, {'name': 'LTP', 'value': '1,415.00'}, {'name': 'Close Price value', 'value': '1,415.00'}, {'name': 'change absolute', 'value': '-34.10'}]}",OHLC_D_I_BOLDBEAR,Bold Bears,Fresh selling by bears in strong downtrend stock,25,Breakout Scan,Fresh selling by bears in strong downtrend stock as indicated by RSI and Supertrend indicator,,,False,1,N,,OHLC_D_I_BOLDBEAR
1777461317,"{'stkname': 'CSL Fin', 'ltp': '', 'perChg': '', 'stkId': 'CSL01', 'displayLock': 'N', 'scanproflg': 1, 'scUrl': 'finance-leasinghire-purchase/cslfinance/CSL01', 'columns': [{'name': 'change %', 'value': '-0.92'}, {'name': 'LTP', 'value': '226.00'}, {'name': 'Close Price value', 'value': '226.00'}, {'name': 'change absolute', 'value': '-2.09'}]}",OHLC_D_I_BOLDBEAR,Bold Bears,Fresh selling by bears in strong downtrend stock,25,Breakout Scan,Fresh selling by bears in strong downtrend stock as indicated by RSI and Supertrend indicator,,,False,1,N,,OHLC_D_I_BOLDBEAR
1777461317,"{'stkname': 'Nuvoco Vistas', 'ltp': '', 'perChg': '', 'stkId': 'NVC', 'displayLock': 'N', 'scanproflg': 1, 'scUrl': 'cement/nuvocovistascorporation/NVC', 'columns': [{'name': 'change %', 'value': '-1.95'}, {'name': 'LTP', 'value': '287.00'}, {'name': 'Close Price value', 'value': '287.00'}, {'name': 'change absolute', 'value': '-5.70'}]}",OHLC_D_I_BOLDBEAR,Bold Bears,Fresh selling by bears in strong downtrend stock,25,Breakout Scan,Fresh selling by bears in strong downtrend stock as indicated by RSI and Supertrend indicator,,,False,1,N,,OHLC_D_I_BOLDBEAR
1777461317,"{'stkname': 'CarTrade Tech', 'ltp': '', 'perChg': '', 'stkId': 'CT09', 'displayLock': 'N', 'scanproflg': 1, 'scUrl': 'automobile-dealersdistributors/cartradetech/CT12', 'columns': [{'name': 'change %', 'value': '-0.91'}, {'name': 'LTP', 'value': '1,648.00'}, {'name': 'Close Price value', 'value': '1,648.00'}, {'name': 'change absolute', 'value': '-15.20'}]}",OHLC_D_I_BOLDBEAR,Bold Bears,Fresh selling by bears in strong downtrend stock,25,Breakout Scan,Fresh selling by bears in strong downtrend stock as indicated by RSI and Supertrend indicator,,,False,1,N,,OHLC_D_I_BOLDBEAR
1777461317,"{'stkname': 'ICRA', 'ltp': '', 'perChg': '', 'stkId': 'ICR', 'displayLock': 'N', 'scanproflg': 1, 'scUrl': 'miscellaneous/icra/ICR', 'columns': [{'name': 'change %', 'value': '-3.09'}, {'name': 'LTP', 'value': '5,133.00'}, {'name': 'Close Price value', 'value': '5,133.00'}, {'name': 'change absolute', 'value': '-163.50'}]}",OHLC_D_I_BOLDBEAR,Bold Bears,Fresh selling by bears in strong downtrend stock,25,Breakout Scan,Fresh selling by bears in strong downtrend stock as indicated by RSI and Supertrend indicator,,,False,1,N,,OHLC_D_I_BOLDBEAR
1777461317,"{'stkname': 'Manaksia Coated', 'ltp': '', 'perChg': '', 'stkId': 'MCM02', 'displayLock': 'N', 'scanproflg': 1, 'scUrl': 'steel-mediumsmall/manaksiacoatedmetalsindustries/MCM02', 'columns': [{'name': 'change %', 'value': '-6.76'}, {'name': 'LTP', 'value': '100.78'}, {'name': 'Close Price value', 'value': '100.78'}, {'name': 'change absolute', 'value': '-7.31'}]}",OHLC_D_I_BOLDBEAR,Bold Bears,Fresh selling by bears in strong downtrend stock,25,Breakout Scan,Fresh selling by bears in strong downtrend stock as indicated by RSI and Supertrend indicator,,,False,1,N,,OHLC_D_I_BOLDBEAR
1777461317,"{'stkname': 'Kotak Gold ETF', 'ltp': '', 'perChg': '', 'stkId': 'KMF03', 'displayLock': 'N', 'scanproflg': 1, 'scUrl': 'gold-etf/kotakgoldexchangetradedfund/KMF03', 'columns': [{'name': 'change %', 'value': '-0.78'}, {'name': 'Low Price value', 'value': '123.40'}, {'name': 'LTP', 'value': '122.64'}, {'name': 'change absolute', 'value': '-0.97'}]}",OHLC_20D_P_CLBLWPWL,Bearish Turtle Trading,Stock giving breakdown using Bearish Turtle trading method today,25,Breakout Scan,Stock giving breakdown using Bearish Turtle trading method,,,False,1,N,,OHLC_20D_P_CLBLWPWL
1777461317,"{'stkname': 'GOLDBND', 'ltp': '', 'perChg': '', 'stkId': 'BGE', 'displayLock': 'N', 'scanproflg': 1, 'scUrl': 'etf/bandhangoldetf/BGE', 'columns': [{'name': 'change %', 'value': '-0.89'}, {'name': 'Low Price value', 'value': '147.14'}, {'name': 'LTP', 'value': '147.02'}, {'name': 'change absolute', 'value': '-1.32'}]}",OHLC_20D_P_CLBLWPWL,Bearish Turtle Trading,Stock giving breakdown using Bearish Turtle trading method today,25,Breakout Scan,Stock giving breakdown using Bearish Turtle trading method,,,False,1,N,,OHLC_20D_P_CLBLWPWL
1777461317,"{'stkname': 'Axis Gold ETF', 'ltp': '', 'perChg': '', 'stkId': 'AMF02', 'displayLock': 'N', 'scanproflg': 1, 'scUrl': 'gold-etf/axismutualfund-goldetf/AMF02', 'columns': [{'name': 'change %', 'value': '-1.00'}, {'name': 'Low Price value', 'value': '121.25'}, {'name': 'LTP', 'value': '122.23'}, {'name': 'change absolute', 'value': '-1.23'}]}",OHLC_20D_P_CLBLWPWL,Bearish Turtle Trading,Stock giving breakdown using Bearish Turtle trading method today,25,Breakout Scan,Stock giving breakdown using Bearish Turtle trading method,,,False,1,N,,OHLC_20D_P_CLBLWPWL
1777461317,"{'stkname': 'EGOLD', 'ltp': '', 'perChg': '', 'stkId': 'EGOLD19933', 'displayLock': 'N', 'scanproflg': 1, 'scUrl': 'etf/edelweissgoldetf/EGOLD19933', 'columns': [{'name': 'change %', 'value': '-0.78'}, {'name': 'Low Price value', 'value': '147.65'}, {'name': 'LTP', 'value': '147.10'}, {'name': 'change absolute', 'value': '-1.15'}]}",OHLC_20D_P_CLBLWPWL,Bearish Turtle Trading,Stock giving breakdown using Bearish Turtle trading method today,25,Breakout Scan,Stock giving breakdown using Bearish Turtle trading method,,,False,1,N,,OHLC_20D_P_CLBLWPWL
1777461317,"{'stkname': 'ESILVER', 'ltp': '', 'perChg': '', 'stkId': 'ESILV20257', 'displayLock': 'N', 'scanproflg': 1, 'scUrl': 'etf/edelweisssilveretf/ESILV20257', 'columns': [{'name': 'change %', 'value': '-0.05'}, {'name': 'Low Price value', 'value': '233.41'}, {'name': 'LTP', 'value': '234.53'}, {'name': 'change absolute', 'value': '-0.12'}]}",OHLC_20D_P_CLBLWPWL,Bearish Turtle Trading,Stock giving breakdown using Bearish Turtle trading method today,25,Breakout Scan,Stock giving breakdown using Bearish Turtle trading method,,,False,1,N,,OHLC_20D_P_CLBLWPWL
1777461317,"{'stkname': 'DSP Gold ETF', 'ltp': '', 'perChg': '', 'stkId': 'DSPGO15356', 'displayLock': 'N', 'scanproflg': 1, 'scUrl': 'gold-etf/dspgoldetf/DSPGO15356', 'columns': [{'name': 'change %', 'value': '-0.81'}, {'name': 'Low Price value', 'value': '142.65'}, {'name': 'LTP', 'value': '142.79'}, {'name': 'change absolute', 'value': '-1.17'}]}",OHLC_20D_P_CLBLWPWL,Bearish Turtle Trading,Stock giving breakdown using Bearish Turtle trading method today,25,Breakout Scan,Stock giving breakdown using Bearish Turtle trading method,,,False,1,N,,OHLC_20D_P_CLBLWPWL
1777461317,"{'stkname': 'Nipp Gold Bees', 'ltp': '', 'perChg': '', 'stkId': 'GBE', 'displayLock': 'N', 'scanproflg': 1, 'scUrl': 'gold-etf/nipponindiaetfgoldbees/GBE', 'columns': [{'name': 'change %', 'value': '-0.89'}, {'name': 'Low Price value', 'value': '122.51'}, {'name': 'LTP', 'value': '121.59'}, {'name': 'change absolute', 'value': '-1.09'}]}",OHLC_20D_P_CLBLWPWL,Bearish Turtle Trading,Stock giving breakdown using Bearish Turtle trading method today,25,Breakout Scan,Stock giving breakdown using Bearish Turtle trading method,,,False,1,N,,OHLC_20D_P_CLBLWPWL
1777461317,"{'stkname': 'UTI Gold ETF', 'ltp': '', 'perChg': '', 'stkId': 'UTI18', 'displayLock': 'N', 'scanproflg': 1, 'scUrl': 'gold-etf/utigoldexchangetradedfund/UTI18', 'columns': [{'name': 'change %', 'value': '-0.96'}, {'name': 'Low Price value', 'value': '124.40'}, {'name': 'LTP', 'value': '123.70'}, {'name': 'change absolute', 'value': '-1.20'}]}",OHLC_20D_P_CLBLWPWL,Bearish Turtle Trading,Stock giving breakdown using Bearish Turtle trading method today,25,Breakout Scan,Stock giving breakdown using Bearish Turtle trading method,,,False,1,N,,OHLC_20D_P_CLBLWPWL
1777461317,"{'stkname': 'GROWWGOLD ETF', 'ltp': '', 'perChg': '', 'stkId': 'GROWW25872', 'displayLock': 'N', 'scanproflg': 1, 'scUrl': 'etf/growwgoldetf/GROWW25872', 'columns': [{'name': 'change %', 'value': '-0.76'}, {'name': 'Low Price value', 'value': '14.36'}, {'name': 'LTP', 'value': '14.38'}, {'name': 'change absolute', 'value': '-0.11'}]}",OHLC_20D_P_CLBLWPWL,Bearish Turtle Trading,Stock giving breakdown using Bearish Turtle trading method today,25,Breakout Scan,Stock giving breakdown using Bearish Turtle trading method,,,False,1,N,,OHLC_20D_P_CLBLWPWL
1777461317,"{'stkname': 'Pritish Nandy', 'ltp': '', 'perChg': '', 'stkId': 'PNC', 'displayLock': 'N', 'scanproflg': 1, 'scUrl': 'mediaentertainment/pritishnandycommunications/PNC', 'columns': [{'name': 'change %', 'value': '-3.69'}, {'name': 'Low Price value', 'value': '20.80'}, {'name': 'LTP', 'value': '20.62'}, {'name': 'change absolute', 'value': '-0.79'}]}",OHLC_20D_P_CLBLWPWL,Bearish Turtle Trading,Stock giving breakdown using Bearish Turtle trading method today,25,Breakout Scan,Stock giving breakdown using Bearish Turtle trading method,,,False,1,N,,OHLC_20D_P_CLBLWPWL
1777461317,"{'stkname': 'Diligent Media ', 'ltp': '', 'perChg': '', 'stkId': 'DMC04', 'displayLock': 'N', 'scanproflg': 1, 'scUrl': 'mediaentertainment/diligentmediacorporationltd/DMC05', 'columns': [{'name': 'change %', 'value': '-1.00'}, {'name': 'Low Price value', 'value': '2.94'}, {'name': 'LTP', 'value': '2.96'}, {'name': 'change absolute', 'value': '-0.03'}]}",OHLC_20D_P_CLBLWPWL,Bearish Turtle Trading,Stock giving breakdown using Bearish Turtle trading method today,25,Breakout Scan,Stock giving breakdown using Bearish Turtle trading method,,,False,1,N,,OHLC_20D_P_CLBLWPWL
1777461317,"{'stkname': 'Sambhaav Media', 'ltp': '', 'perChg': '', 'stkId': 'PEI01', 'displayLock': 'N', 'scanproflg': 1, 'scUrl': 'printingstationery/sambhaavmedia/SM16', 'columns': [{'name': 'change %', 'value': '-1.78'}, {'name': 'Low Price value', 'value': '6.70'}, {'name': 'LTP', 'value': '6.63'}, {'name': 'change absolute', 'value': '-0.12'}]}",OHLC_20D_P_CLBLWPWL,Bearish Turtle Trading,Stock giving breakdown using Bearish Turtle trading method today,25,Breakout Scan,Stock giving breakdown using Bearish Turtle trading method,,,False,1,N,,OHLC_20D_P_CLBLWPWL
1777461317,"{'stkname': 'Travel Food Ser', 'ltp': '', 'perChg': '', 'stkId': 'TFS02', 'displayLock': 'N', 'scanproflg': 1, 'scUrl': 'hotel-resortrestaurants/travelfoodservices/TFS01', 'columns': [{'name': 'change %', 'value': '0.02'}, {'name': 'Low Price value', 'value': '1,270.00'}, {'name': 'LTP', 'value': '1,285.00'}, {'name': 'change absolute', 'value': '0.20'}]}",OHLC_20D_P_CLBLWPWL,Bearish Turtle Trading,Stock giving breakdown using Bearish Turtle trading method today,25,Breakout Scan,Stock giving breakdown using Bearish Turtle trading method,,,False,1,N,,OHLC_20D_P_CLBLWPWL
1777461317,"{'stkname': 'EFC', 'ltp': '', 'perChg': '', 'stkId': 'ATE01', 'displayLock': 'N', 'scanproflg': 1, 'scUrl': 'trading/efci/ATE01', 'columns': [{'name': 'change %', 'value': '-4.49'}, {'name': 'Low Price value', 'value': '190.50'}, {'name': 'LTP', 'value': '190.97'}, {'name': 'change absolute', 'value': '-8.97'}]}",OHLC_20D_P_CLBLWPWL,Bearish Turtle Trading,Stock giving breakdown using Bearish Turtle trading method today,25,Breakout Scan,Stock giving breakdown using Bearish Turtle trading method,,,False,1,N,,OHLC_20D_P_CLBLWPWL
1777461317,"{'stkname': 'Crizac', 'ltp': '', 'perChg': '', 'stkId': 'CL11', 'displayLock': 'N', 'scanproflg': 1, 'scUrl': 'educational-institutions/crizac/CL12', 'columns': [{'name': 'change %', 'value': '-3.96'}, {'name': 'Low Price value', 'value': '209.84'}, {'name': 'LTP', 'value': '206.61'}, {'name': 'change absolute', 'value': '-8.52'}]}",OHLC_20D_P_CLBLWPWL,Bearish Turtle Trading,Stock giving breakdown using Bearish Turtle trading method today,25,Breakout Scan,Stock giving breakdown using Bearish Turtle trading method,,,False,1,N,,OHLC_20D_P_CLBLWPWL
1777461317,"{'stkname': 'Gem Aromatics', 'ltp': '', 'perChg': '', 'stkId': 'GAL', 'displayLock': 'N', 'scanproflg': 1, 'scUrl': 'speciality-chemicals/gemaromatics/GAL', 'columns': [{'name': 'change %', 'value': '-1.39'}, {'name': 'Low Price value', 'value': '162.00'}, {'name': 'LTP', 'value': '167.00'}, {'name': 'change absolute', 'value': '-2.36'}]}",OHLC_20D_P_CLBLWPWL,Bearish Turtle Trading,Stock giving breakdown using Bearish Turtle trading method today,25,Breakout Scan,Stock giving breakdown using Bearish Turtle trading method,,,False,1,N,,OHLC_20D_P_CLBLWPWL
1777461317,"{'stkname': 'Midwest', 'ltp': '', 'perChg': '', 'stkId': 'ML14', 'displayLock': 'N', 'scanproflg': 1, 'scUrl': 'specialty-miningmetals/midwest/ML12', 'columns': [{'name': 'change %', 'value': '-2.33'}, {'name': 'Low Price value', 'value': '1,256.30'}, {'name': 'LTP', 'value': '1,248.40'}, {'name': 'change absolute', 'value': '-29.80'}]}",OHLC_20D_P_CLBLWPWL,Bearish Turtle Trading,Stock giving breakdown using Bearish Turtle trading method today,25,Breakout Scan,Stock giving breakdown using Bearish Turtle trading method,,,False,1,N,,OHLC_20D_P_CLBLWPWL
1777461317,"{'stkname': 'Medi Assist Hea', 'ltp': '', 'perChg': '', 'stkId': 'MAH01', 'displayLock': 'N', 'scanproflg': 1, 'scUrl': 'hospitalhealthcare-services/mediassisthealthcareservices/MAH01', 'columns': [{'name': 'change %', 'value': '-3.88'}, {'name': 'Low Price value', 'value': '340.95'}, {'name': 'LTP', 'value': '331.95'}, {'name': 'change absolute', 'value': '-13.40'}]}",OHLC_20D_P_CLBLWPWL,Bearish Turtle Trading,Stock giving breakdown using Bearish Turtle trading method today,25,Breakout Scan,Stock giving breakdown using Bearish Turtle trading method,,,False,1,N,,OHLC_20D_P_CLBLWPWL
1777461317,"{'stkname': 'BlackBuck', 'ltp': '', 'perChg': '', 'stkId': 'ZLSL', 'displayLock': 'N', 'scanproflg': 1, 'scUrl': 'online-services/blackbuck/ZLSL', 'columns': [{'name': 'change %', 'value': '-5.46'}, {'name': 'Low Price value', 'value': '560.25'}, {'name': 'LTP', 'value': '549.90'}, {'name': 'change absolute', 'value': '-31.75'}]}",OHLC_20D_P_CLBLWPWL,Bearish Turtle Trading,Stock giving breakdown using Bearish Turtle trading method today,25,Breakout Scan,Stock giving breakdown using Bearish Turtle trading method,,,False,1,N,,OHLC_20D_P_CLBLWPWL
1777461317,"{'stkname': 'Uma Exports', 'ltp': '', 'perChg': '', 'stkId': 'UE', 'displayLock': 'N', 'scanproflg': 1, 'scUrl': 'trading/umaexports/UE01', 'columns': [{'name': 'change %', 'value': '-3.51'}, {'name': 'Low Price value', 'value': '25.66'}, {'name': 'LTP', 'value': '25.53'}, {'name': 'change absolute', 'value': '-0.93'}]}",OHLC_20D_P_CLBLWPWL,Bearish Turtle Trading,Stock giving breakdown using Bearish Turtle trading method today,25,Breakout Scan,Stock giving breakdown using Bearish Turtle trading method,,,False,1,N,,OHLC_20D_P_CLBLWPWL
1777461317,"{'stkname': 'AB Cotspin', 'ltp': '', 'perChg': '', 'stkId': 'ACI13', 'displayLock': 'N', 'scanproflg': 1, 'scUrl': 'textiles/abcotspinindia/ACI01', 'columns': [{'name': 'change %', 'value': '-5.65'}, {'name': 'Low Price value', 'value': '226.60'}, {'name': 'LTP', 'value': '225.55'}, {'name': 'change absolute', 'value': '-13.50'}]}",OHLC_20D_P_CLBLWPWL,Bearish Turtle Trading,Stock giving breakdown using Bearish Turtle trading method today,25,Breakout Scan,Stock giving breakdown using Bearish Turtle trading method,,,False,1,N,,OHLC_20D_P_CLBLWPWL
1777461317,"{'stkname': 'KN Agri Res', 'ltp': '', 'perChg': '', 'stkId': 'KAR', 'displayLock': 'N', 'scanproflg': 1, 'scUrl': 'vegetable-oilsproducts/knagriresources/KAR', 'columns': [{'name': 'change %', 'value': '-7.46'}, {'name': 'Low Price value', 'value': '185.51'}, {'name': 'LTP', 'value': '180.00'}, {'name': 'change absolute', 'value': '-14.51'}]}",OHLC_20D_P_CLBLWPWL,Bearish Turtle Trading,Stock giving breakdown using Bearish Turtle trading method today,25,Breakout Scan,Stock giving breakdown using Bearish Turtle trading method,,,False,1,N,,OHLC_20D_P_CLBLWPWL
1777461317,"{'stkname': 'Tata Motors Com', 'ltp': '', 'perChg': '', 'stkId': 'TML02', 'displayLock': 'N', 'scanproflg': 1, 'scUrl': 'automobile-truckslcvs/tatamotors/TML02', 'columns': [{'name': 'change %', 'value': '-0.37'}, {'name': 'Low Price value', 'value': '416.45'}, {'name': 'LTP', 'value': '416.75'}, {'name': 'change absolute', 'value': '-1.55'}]}",OHLC_20D_P_CLBLWPWL,Bearish Turtle Trading,Stock giving breakdown using Bearish Turtle trading method today,25,Breakout Scan,Stock giving breakdown using Bearish Turtle trading method,,,False,1,N,,OHLC_20D_P_CLBLWPWL
1777461317,"{'stkname': 'VIP Clothing', 'ltp': '', 'perChg': '', 'stkId': 'MI45', 'displayLock': 'N', 'scanproflg': 1, 'scUrl': 'textiles-readymade-apparels/vipclothing/MI53', 'columns': [{'name': 'change %', 'value': '-5.71'}, {'name': 'Low Price value', 'value': '21.57'}, {'name': 'LTP', 'value': '21.30'}, {'name': 'change absolute', 'value': '-1.29'}]}",OHLC_20D_P_CLBLWPWL,Bearish Turtle Trading,Stock giving breakdown using Bearish Turtle trading method today,25,Breakout Scan,Stock giving breakdown using Bearish Turtle trading method,,,False,1,N,,OHLC_20D_P_CLBLWPWL
1777461317,"{'stkname': 'Avadh Sugar ', 'ltp': '', 'perChg': '', 'stkId': 'ASE03', 'displayLock': 'N', 'scanproflg': 1, 'scUrl': 'sugar/avadhsugarenergy/ASE03', 'columns': [{'name': 'change %', 'value': '0.53'}, {'name': 'Low Price value', 'value': '462.00'}, {'name': 'LTP', 'value': '468.00'}, {'name': 'change absolute', 'value': '2.45'}]}",OHLC_20D_P_CLBLWPWL,Bearish Turtle Trading,Stock giving breakdown using Bearish Turtle trading method today,25,Breakout Scan,Stock giving breakdown using Bearish Turtle trading method,,,False,1,N,,OHLC_20D_P_CLBLWPWL
1777461317,"{'stkname': 'AFL', 'ltp': '', 'perChg': '', 'stkId': 'ARVIN54248', 'displayLock': 'N', 'scanproflg': 1, 'scUrl': 'miscellaneous/arvindfashionslimited/ARVIN54248', 'columns': [{'name': 'change %', 'value': '-0.11'}, {'name': 'Low Price value', 'value': '442.80'}, {'name': 'LTP', 'value': '443.95'}, {'name': 'change absolute', 'value': '-0.50'}]}",OHLC_20D_P_CLBLWPWL,Bearish Turtle Trading,Stock giving breakdown using Bearish Turtle trading method today,25,Breakout Scan,Stock giving breakdown using Bearish Turtle trading method,,,False,1,N,,OHLC_20D_P_CLBLWPWL
1777461317,"{'stkname': 'Norben Tea', 'ltp': '', 'perChg': '', 'stkId': 'NTE', 'displayLock': 'N', 'scanproflg': 1, 'scUrl': 'plantations-teacoffee/norbenteaexports/NTE', 'columns': [{'name': 'change %', 'value': '-1.94'}, {'name': 'Low Price value', 'value': '59.36'}, {'name': 'LTP', 'value': '60.10'}, {'name': 'change absolute', 'value': '-1.19'}]}",OHLC_20D_P_CLBLWPWL,Bearish Turtle Trading,Stock giving breakdown using Bearish Turtle trading method today,25,Breakout Scan,Stock giving breakdown using Bearish Turtle trading method,,,False,1,N,,OHLC_20D_P_CLBLWPWL
1777461317,"{'stkname': 'Kriti Ind', 'ltp': '', 'perChg': '', 'stkId': 'KII', 'displayLock': 'N', 'scanproflg': 1, 'scUrl': 'plastics/kritiindustriesindia/KII', 'columns': [{'name': 'change %', 'value': '0.20'}, {'name': 'Low Price value', 'value': '79.01'}, {'name': 'LTP', 'value': '80.81'}, {'name': 'change absolute', 'value': '0.16'}]}",OHLC_20D_P_CLBLWPWL,Bearish Turtle Trading,Stock giving breakdown using Bearish Turtle trading method today,25,Breakout Scan,Stock giving breakdown using Bearish Turtle trading method,,,False,1,N,,OHLC_20D_P_CLBLWPWL
1777461317,"{'stkname': 'Apollo Pipes', 'ltp': '', 'perChg': '', 'stkId': 'ALF02', 'displayLock': 'N', 'scanproflg': 1, 'scUrl': 'plastics/apollopipes/ALF02', 'columns': [{'name': 'change %', 'value': '3.88'}, {'name': 'Low Price value', 'value': '427.35'}, {'name': 'LTP', 'value': '450.00'}, {'name': 'change absolute', 'value': '16.80'}]}",OHLC_20D_P_CLBLWPWL,Bearish Turtle Trading,Stock giving breakdown using Bearish Turtle trading method today,25,Breakout Scan,Stock giving breakdown using Bearish Turtle trading method,,,False,1,N,,OHLC_20D_P_CLBLWPWL
1777461317,"{'stkname': 'Shoppers Stop', 'ltp': '', 'perChg': '', 'stkId': 'SS51', 'displayLock': 'N', 'scanproflg': 1, 'scUrl': 'retail/shoppersstop/SS51', 'columns': [{'name': 'change %', 'value': '1.09'}, {'name': 'Low Price value', 'value': '287.30'}, {'name': 'LTP', 'value': '295.50'}, {'name': 'change absolute', 'value': '3.20'}]}",OHLC_20D_P_CLBLWPWL,Bearish Turtle Trading,Stock giving breakdown using Bearish Turtle trading method today,25,Breakout Scan,Stock giving breakdown using Bearish Turtle trading method,,,False,1,N,,OHLC_20D_P_CLBLWPWL
1777461317,"{'stkname': 'Brooks Labs', 'ltp': '', 'perChg': '', 'stkId': 'BL04', 'displayLock': 'N', 'scanproflg': 1, 'scUrl': 'pharmaceuticals/brookslaboratories/BL', 'columns': [{'name': 'change %', 'value': '-4.66'}, {'name': 'Low Price value', 'value': '60.50'}, {'name': 'LTP', 'value': '58.90'}, {'name': 'change absolute', 'value': '-2.88'}]}",OHLC_20D_P_CLBLWPWL,Bearish Turtle Trading,Stock giving breakdown using Bearish Turtle trading method today,25,Breakout Scan,Stock giving breakdown using Bearish Turtle trading method,,,False,1,N,,OHLC_20D_P_CLBLWPWL
1777461317,"{'stkname': 'Alpa Labs', 'ltp': '', 'perChg': '', 'stkId': 'AL11', 'displayLock': 'N', 'scanproflg': 1, 'scUrl': 'pharmaceuticals/alpalaboratories/AL11', 'columns': [{'name': 'change %', 'value': '-6.24'}, {'name': 'Low Price value', 'value': '64.55'}, {'name': 'LTP', 'value': '64.00'}, {'name': 'change absolute', 'value': '-4.26'}]}",OHLC_20D_P_CLBLWPWL,Bearish Turtle Trading,Stock giving breakdown using Bearish Turtle trading method today,25,Breakout Scan,Stock giving breakdown using Bearish Turtle trading method,,,False,1,N,,OHLC_20D_P_CLBLWPWL
1777461317,"{'stkname': 'Alivus Life', 'ltp': '', 'perChg': '', 'stkId': 'GLS01', 'displayLock': 'N', 'scanproflg': 1, 'scUrl': 'pharmaceuticalsdrugs/alivuslifesciences/GLS01', 'columns': [{'name': 'change %', 'value': '-0.45'}, {'name': 'Low Price value', 'value': '1,000.50'}, {'name': 'LTP', 'value': '1,003.10'}, {'name': 'change absolute', 'value': '-4.55'}]}",OHLC_20D_P_CLBLWPWL,Bearish Turtle Trading,Stock giving breakdown using Bearish Turtle trading method today,25,Breakout Scan,Stock giving breakdown using Bearish Turtle trading method,,,False,1,N,,OHLC_20D_P_CLBLWPWL
1777461317,"{'stkname': 'Motherson SWI', 'ltp': '', 'perChg': '', 'stkId': 'MSW', 'displayLock': 'N', 'scanproflg': 1, 'scUrl': 'auto-ancillaries/mothersonsumiwiringindia/MSW', 'columns': [{'name': 'change %', 'value': '0.94'}, {'name': 'Low Price value', 'value': '38.03'}, {'name': 'LTP', 'value': '39.61'}, {'name': 'change absolute', 'value': '0.37'}]}",OHLC_20D_P_CLBLWPWL,Bearish Turtle Trading,Stock giving breakdown using Bearish Turtle trading method today,25,Breakout Scan,Stock giving breakdown using Bearish Turtle trading method,,,False,1,N,,OHLC_20D_P_CLBLWPWL
1777461317,"{'stkname': 'Xpro India', 'ltp': '', 'perChg': '', 'stkId': 'XI', 'displayLock': 'N', 'scanproflg': 1, 'scUrl': 'packaging/xproindia/XI', 'columns': [{'name': 'change %', 'value': '1.56'}, {'name': 'Low Price value', 'value': '1,008.70'}, {'name': 'LTP', 'value': '1,031.00'}, {'name': 'change absolute', 'value': '15.80'}]}",OHLC_20D_P_CLBLWPWL,Bearish Turtle Trading,Stock giving breakdown using Bearish Turtle trading method today,25,Breakout Scan,Stock giving breakdown using Bearish Turtle trading method,,,False,1,N,,OHLC_20D_P_CLBLWPWL
1777461317,"{'stkname': 'Prime Focus', 'ltp': '', 'perChg': '', 'stkId': 'PF13', 'displayLock': 'N', 'scanproflg': 1, 'scUrl': 'mediaentertainment/primefocus/PF13', 'columns': [{'name': 'change %', 'value': '2.23'}, {'name': 'Low Price value', 'value': '303.10'}, {'name': 'LTP', 'value': '316.70'}, {'name': 'change absolute', 'value': '6.90'}]}",OHLC_20D_P_CLBLWPWL,Bearish Turtle Trading,Stock giving breakdown using Bearish Turtle trading method today,25,Breakout Scan,Stock giving breakdown using Bearish Turtle trading method,,,False,1,N,,OHLC_20D_P_CLBLWPWL
1777461317,"{'stkname': 'Gandhi Spl Tube', 'ltp': '', 'perChg': '', 'stkId': 'GST', 'displayLock': 'N', 'scanproflg': 1, 'scUrl': 'steel-tubespipes/gandhispecialtubes/GST', 'columns': [{'name': 'change %', 'value': '-1.20'}, {'name': 'Low Price value', 'value': '840.60'}, {'name': 'LTP', 'value': '836.00'}, {'name': 'change absolute', 'value': '-10.15'}]}",OHLC_20D_P_CLBLWPWL,Bearish Turtle Trading,Stock giving breakdown using Bearish Turtle trading method today,25,Breakout Scan,Stock giving breakdown using Bearish Turtle trading method,,,False,1,N,,OHLC_20D_P_CLBLWPWL
1777461317,"{'stkname': 'AvenuesAI', 'ltp': '', 'perChg': '', 'stkId': 'IIL03', 'displayLock': 'N', 'scanproflg': 1, 'scUrl': 'online-services/avenuesai/IIL03', 'columns': [{'name': 'change %', 'value': '-1.63'}, {'name': 'Low Price value', 'value': '13.88'}, {'name': 'LTP', 'value': '13.92'}, {'name': 'change absolute', 'value': '-0.23'}]}",OHLC_20D_P_CLBLWPWL,Bearish Turtle Trading,Stock giving breakdown using Bearish Turtle trading method today,25,Breakout Scan,Stock giving breakdown using Bearish Turtle trading method,,,False,1,N,,OHLC_20D_P_CLBLWPWL
1777461317,"{'stkname': 'GSS Infotech', 'ltp': '', 'perChg': '', 'stkId': 'GAI03', 'displayLock': 'N', 'scanproflg': 1, 'scUrl': 'computers-software-mediumsmall/gssinfotech/GAI05', 'columns': [{'name': 'change %', 'value': '-2.76'}, {'name': 'Low Price value', 'value': '14.40'}, {'name': 'LTP', 'value': '14.10'}, {'name': 'change absolute', 'value': '-0.40'}]}",OHLC_20D_P_CLBLWPWL,Bearish Turtle Trading,Stock giving breakdown using Bearish Turtle trading method today,25,Breakout Scan,Stock giving breakdown using Bearish Turtle trading method,,,False,1,N,,OHLC_20D_P_CLBLWPWL
1777461317,"{'stkname': 'Take Solutions', 'ltp': '', 'perChg': '', 'stkId': 'TS09', 'displayLock': 'N', 'scanproflg': 1, 'scUrl': 'pharmaceuticals/takesolutions/TS09', 'columns': [{'name': 'change %', 'value': '0.00'}, {'name': 'Low Price value', 'value': '44.44'}, {'name': 'LTP', 'value': '44.44'}, {'name': 'change absolute', 'value': '0.00'}]}",OHLC_20D_P_CLBLWPWL,Bearish Turtle Trading,Stock giving breakdown using Bearish Turtle trading method today,25,Breakout Scan,Stock giving breakdown using Bearish Turtle trading method,,,False,1,N,,OHLC_20D_P_CLBLWPWL
1777461317,"{'stkname': 'Go Digit', 'ltp': '', 'perChg': '', 'stkId': 'GDGIL', 'displayLock': 'N', 'scanproflg': 1, 'scUrl': 'multiline-insurancebrokers/godigitgeneralinsurance/GDGIL', 'columns': [{'name': 'change %', 'value': '-1.20'}, {'name': 'Low Price value', 'value': '314.30'}, {'name': 'LTP', 'value': '313.00'}, {'name': 'change absolute', 'value': '-3.80'}]}",OHLC_20D_P_CLBLWPWL,Bearish Turtle Trading,Stock giving breakdown using Bearish Turtle trading method today,25,Breakout Scan,Stock giving breakdown using Bearish Turtle trading method,,,False,1,N,,OHLC_20D_P_CLBLWPWL
1777461317,"{'stkname': 'Trejhara', 'ltp': '', 'perChg': '', 'stkId': 'TREJH7605', 'displayLock': 'N', 'scanproflg': 1, 'scUrl': 'miscellaneous/trejharasolutionslimited/TREJH7605', 'columns': [{'name': 'change %', 'value': '-3.31'}, {'name': 'Low Price value', 'value': '150.51'}, {'name': 'LTP', 'value': '152.00'}, {'name': 'change absolute', 'value': '-5.20'}]}",OHLC_20D_P_CLBLWPWL,Bearish Turtle Trading,Stock giving breakdown using Bearish Turtle trading method today,25,Breakout Scan,Stock giving breakdown using Bearish Turtle trading method,,,False,1,N,,OHLC_20D_P_CLBLWPWL
1777461317,"{'stkname': 'eClerx Services', 'ltp': '', 'perChg': '', 'stkId': 'ES07', 'displayLock': 'N', 'scanproflg': 1, 'scUrl': 'computers-software-mediumsmall/eclerxservices/eS06', 'columns': [{'name': 'change %', 'value': '-2.35'}, {'name': 'Low Price value', 'value': '1,434.00'}, {'name': 'LTP', 'value': '1,415.00'}, {'name': 'change absolute', 'value': '-34.10'}]}",OHLC_20D_P_CLBLWPWL,Bearish Turtle Trading,Stock giving breakdown using Bearish Turtle trading method today,25,Breakout Scan,Stock giving breakdown using Bearish Turtle trading method,,,False,1,N,,OHLC_20D_P_CLBLWPWL
1777461317,"{'stkname': 'FCS Software', 'ltp': '', 'perChg': '', 'stkId': 'FCS', 'displayLock': 'N', 'scanproflg': 1, 'scUrl': 'computers-software-mediumsmall/fcssoftwaresolutions/FCS', 'columns': [{'name': 'change %', 'value': '1.20'}, {'name': 'Low Price value', 'value': '1.65'}, {'name': 'LTP', 'value': '1.69'}, {'name': 'change absolute', 'value': '0.02'}]}",OHLC_20D_P_CLBLWPWL,Bearish Turtle Trading,Stock giving breakdown using Bearish Turtle trading method today,25,Breakout Scan,Stock giving breakdown using Bearish Turtle trading method,,,False,1,N,,OHLC_20D_P_CLBLWPWL
1777461317,"{'stkname': 'RPSG VENTURES', 'ltp': '', 'perChg': '', 'stkId': 'CESCV54233', 'displayLock': 'N', 'scanproflg': 1, 'scUrl': 'miscellaneous/rpsgventures/CESCV54233', 'columns': [{'name': 'change %', 'value': '5.24'}, {'name': 'Low Price value', 'value': '811.80'}, {'name': 'LTP', 'value': '859.00'}, {'name': 'change absolute', 'value': '42.75'}]}",OHLC_20D_P_CLBLWPWL,Bearish Turtle Trading,Stock giving breakdown using Bearish Turtle trading method today,25,Breakout Scan,Stock giving breakdown using Bearish Turtle trading method,,,False,1,N,,OHLC_20D_P_CLBLWPWL
1777461317,"{'stkname': 'Intense Tech', 'ltp': '', 'perChg': '', 'stkId': 'FI17', 'displayLock': 'N', 'scanproflg': 1, 'scUrl': 'computers-software-mediumsmall/intensetechnologies/FI17', 'columns': [{'name': 'change %', 'value': '-2.64'}, {'name': 'Low Price value', 'value': '98.00'}, {'name': 'LTP', 'value': '97.30'}, {'name': 'change absolute', 'value': '-2.64'}]}",OHLC_20D_P_CLBLWPWL,Bearish Turtle Trading,Stock giving breakdown using Bearish Turtle trading method today,25,Breakout Scan,Stock giving breakdown using Bearish Turtle trading method,,,False,1,N,,OHLC_20D_P_CLBLWPWL
1777461317,"{'stkname': 'Royal Orchid', 'ltp': '', 'perChg': '', 'stkId': 'RO01', 'displayLock': 'N', 'scanproflg': 1, 'scUrl': 'hotels/royalorchidhotels/RO01', 'columns': [{'name': 'change %', 'value': '-1.68'}, {'name': 'Low Price value', 'value': '335.80'}, {'name': 'LTP', 'value': '334.00'}, {'name': 'change absolute', 'value': '-5.70'}]}",OHLC_20D_P_CLBLWPWL,Bearish Turtle Trading,Stock giving breakdown using Bearish Turtle trading method today,25,Breakout Scan,Stock giving breakdown using Bearish Turtle trading method,,,False,1,N,,OHLC_20D_P_CLBLWPWL
1777461317,"{'stkname': 'Taj GVK Hotels', 'ltp': '', 'perChg': '', 'stkId': 'TGV', 'displayLock': 'N', 'scanproflg': 1, 'scUrl': 'hotels/tajgvkhotelsresorts/TGV', 'columns': [{'name': 'change %', 'value': '-1.22'}, {'name': 'Low Price value', 'value': '319.00'}, {'name': 'LTP', 'value': '316.40'}, {'name': 'change absolute', 'value': '-3.90'}]}",OHLC_20D_P_CLBLWPWL,Bearish Turtle Trading,Stock giving breakdown using Bearish Turtle trading method today,25,Breakout Scan,Stock giving breakdown using Bearish Turtle trading method,,,False,1,N,,OHLC_20D_P_CLBLWPWL
1777461317,"{'stkname': 'SKM Egg Product', 'ltp': '', 'perChg': '', 'stkId': 'SEP', 'displayLock': 'N', 'scanproflg': 1, 'scUrl': 'food-processing/skmeggproductsexportindia/SKM', 'columns': [{'name': 'change %', 'value': '-3.04'}, {'name': 'Low Price value', 'value': '165.10'}, {'name': 'LTP', 'value': '162.00'}, {'name': 'change absolute', 'value': '-5.08'}]}",OHLC_20D_P_CLBLWPWL,Bearish Turtle Trading,Stock giving breakdown using Bearish Turtle trading method today,25,Breakout Scan,Stock giving breakdown using Bearish Turtle trading method,,,False,1,N,,OHLC_20D_P_CLBLWPWL
1777461317,"{'stkname': 'Safari Ind', 'ltp': '', 'perChg': '', 'stkId': 'SII01', 'displayLock': 'N', 'scanproflg': 1, 'scUrl': 'householdpersonal-products/safariindustriesindia/SII01', 'columns': [{'name': 'change %', 'value': '-1.87'}, {'name': 'Low Price value', 'value': '1,442.30'}, {'name': 'LTP', 'value': '1,431.50'}, {'name': 'change absolute', 'value': '-27.30'}]}",OHLC_20D_P_CLBLWPWL,Bearish Turtle Trading,Stock giving breakdown using Bearish Turtle trading method today,25,Breakout Scan,Stock giving breakdown using Bearish Turtle trading method,,,False,1,N,,OHLC_20D_P_CLBLWPWL
1777461317,"{'stkname': 'Choice Internat', 'ltp': '', 'perChg': '', 'stkId': 'CFS01', 'displayLock': 'N', 'scanproflg': 1, 'scUrl': 'finance-general/choiceinternational/CFS01', 'columns': [{'name': 'change %', 'value': '-2.21'}, {'name': 'Low Price value', 'value': '673.60'}, {'name': 'LTP', 'value': '662.45'}, {'name': 'change absolute', 'value': '-15.00'}]}",OHLC_20D_P_CLBLWPWL,Bearish Turtle Trading,Stock giving breakdown using Bearish Turtle trading method today,25,Breakout Scan,Stock giving breakdown using Bearish Turtle trading method,,,False,1,N,,OHLC_20D_P_CLBLWPWL
1777461317,"{'stkname': 'Summit Sec', 'ltp': '', 'perChg': '', 'stkId': 'KEC', 'displayLock': 'N', 'scanproflg': 1, 'scUrl': 'finance-investments/summitsecurities/SS56', 'columns': [{'name': 'change %', 'value': '-2.14'}, {'name': 'Low Price value', 'value': '1,582.90'}, {'name': 'LTP', 'value': '1,615.00'}, {'name': 'change absolute', 'value': '-35.40'}]}",OHLC_20D_P_CLBLWPWL,Bearish Turtle Trading,Stock giving breakdown using Bearish Turtle trading method today,25,Breakout Scan,Stock giving breakdown using Bearish Turtle trading method,,,False,1,N,,OHLC_20D_P_CLBLWPWL
1777461317,"{'stkname': 'Bharat Rasayan', 'ltp': '', 'perChg': '', 'stkId': 'BR01', 'displayLock': 'N', 'scanproflg': 1, 'scUrl': 'pesticidesagro-chemicals/bharatrasayan/BR01', 'columns': [{'name': 'change %', 'value': '-0.25'}, {'name': 'Low Price value', 'value': '1,371.20'}, {'name': 'LTP', 'value': '1,384.90'}, {'name': 'change absolute', 'value': '-3.50'}]}",OHLC_20D_P_CLBLWPWL,Bearish Turtle Trading,Stock giving breakdown using Bearish Turtle trading method today,25,Breakout Scan,Stock giving breakdown using Bearish Turtle trading method,,,False,1,N,,OHLC_20D_P_CLBLWPWL
1777461317,"{'stkname': 'Eimco Elecon', 'ltp': '', 'perChg': '', 'stkId': 'EEI', 'displayLock': 'N', 'scanproflg': 1, 'scUrl': 'engineering-heavy/eimcoeleconindia/EEI', 'columns': [{'name': 'change %', 'value': '-1.29'}, {'name': 'Low Price value', 'value': '1,590.20'}, {'name': 'LTP', 'value': '1,599.80'}, {'name': 'change absolute', 'value': '-20.90'}]}",OHLC_20D_P_CLBLWPWL,Bearish Turtle Trading,Stock giving breakdown using Bearish Turtle trading method today,25,Breakout Scan,Stock giving breakdown using Bearish Turtle trading method,,,False,1,N,,OHLC_20D_P_CLBLWPWL
1777461317,"{'stkname': 'Tega Industries', 'ltp': '', 'perChg': '', 'stkId': 'TI30', 'displayLock': 'N', 'scanproflg': 1, 'scUrl': 'engineering-industrial-equipments/tegaindustries/TI26', 'columns': [{'name': 'change %', 'value': '-1.26'}, {'name': 'Low Price value', 'value': '1,664.00'}, {'name': 'LTP', 'value': '1,651.30'}, {'name': 'change absolute', 'value': '-21.00'}]}",OHLC_20D_P_CLBLWPWL,Bearish Turtle Trading,Stock giving breakdown using Bearish Turtle trading method today,25,Breakout Scan,Stock giving breakdown using Bearish Turtle trading method,,,False,1,N,,OHLC_20D_P_CLBLWPWL
1777461317,"{'stkname': 'Vidhi Spec', 'ltp': '', 'perChg': '', 'stkId': 'VDM', 'displayLock': 'N', 'scanproflg': 1, 'scUrl': 'dyespigments/vidhispecialtyfoodingredients/VDM', 'columns': [{'name': 'change %', 'value': '-0.90'}, {'name': 'Low Price value', 'value': '297.10'}, {'name': 'LTP', 'value': '296.00'}, {'name': 'change absolute', 'value': '-2.70'}]}",OHLC_20D_P_CLBLWPWL,Bearish Turtle Trading,Stock giving breakdown using Bearish Turtle trading method today,25,Breakout Scan,Stock giving breakdown using Bearish Turtle trading method,,,False,1,N,,OHLC_20D_P_CLBLWPWL
1777461317,"{'stkname': 'Sigachi Ind', 'ltp': '', 'perChg': '', 'stkId': 'SIL17', 'displayLock': 'N', 'scanproflg': 1, 'scUrl': 'pharmaceuticalsdrugs/sigachiindustries/SIL19', 'columns': [{'name': 'change %', 'value': '-0.40'}, {'name': 'Low Price value', 'value': '20.10'}, {'name': 'LTP', 'value': '20.17'}, {'name': 'change absolute', 'value': '-0.08'}]}",OHLC_20D_P_CLBLWPWL,Bearish Turtle Trading,Stock giving breakdown using Bearish Turtle trading method today,25,Breakout Scan,Stock giving breakdown using Bearish Turtle trading method,,,False,1,N,,OHLC_20D_P_CLBLWPWL
1777461317,"{'stkname': 'Asian Granito', 'ltp': '', 'perChg': '', 'stkId': 'AGI04', 'displayLock': 'N', 'scanproflg': 1, 'scUrl': 'ceramicsgranite/asiangranitoindia/AGI04', 'columns': [{'name': 'change %', 'value': '-16.28'}, {'name': 'Low Price value', 'value': '63.19'}, {'name': 'LTP', 'value': '64.44'}, {'name': 'change absolute', 'value': '-12.53'}]}",OHLC_20D_P_CLBLWPWL,Bearish Turtle Trading,Stock giving breakdown using Bearish Turtle trading method today,25,Breakout Scan,Stock giving breakdown using Bearish Turtle trading method,,,False,1,N,,OHLC_20D_P_CLBLWPWL
1777461317,"{'stkname': 'Nuvoco Vistas', 'ltp': '', 'perChg': '', 'stkId': 'NVC', 'displayLock': 'N', 'scanproflg': 1, 'scUrl': 'cement/nuvocovistascorporation/NVC', 'columns': [{'name': 'change %', 'value': '-1.95'}, {'name': 'Low Price value', 'value': '291.35'}, {'name': 'LTP', 'value': '287.00'}, {'name': 'change absolute', 'value': '-5.70'}]}",OHLC_20D_P_CLBLWPWL,Bearish Turtle Trading,Stock giving breakdown using Bearish Turtle trading method today,25,Breakout Scan,Stock giving breakdown using Bearish Turtle trading method,,,False,1,N,,OHLC_20D_P_CLBLWPWL
1777461317,"{'stkname': 'Global Surfaces', 'ltp': '', 'perChg': '', 'stkId': 'GS19', 'displayLock': 'N', 'scanproflg': 1, 'scUrl': 'ceramicsmarblegranitesanitaryware/globalsurfaces/GS17', 'columns': [{'name': 'change %', 'value': '-1.18'}, {'name': 'Low Price value', 'value': '56.45'}, {'name': 'LTP', 'value': '56.90'}, {'name': 'change absolute', 'value': '-0.68'}]}",OHLC_20D_P_CLBLWPWL,Bearish Turtle Trading,Stock giving breakdown using Bearish Turtle trading method today,25,Breakout Scan,Stock giving breakdown using Bearish Turtle trading method,,,False,1,N,,OHLC_20D_P_CLBLWPWL
1777461317,"{'stkname': 'Ramco Cements', 'ltp': '', 'perChg': '', 'stkId': 'MC', 'displayLock': 'N', 'scanproflg': 1, 'scUrl': 'cement-major/theramcocements/MC', 'columns': [{'name': 'change %', 'value': '-0.92'}, {'name': 'Low Price value', 'value': '945.05'}, {'name': 'LTP', 'value': '948.00'}, {'name': 'change absolute', 'value': '-8.80'}]}",OHLC_20D_P_CLBLWPWL,Bearish Turtle Trading,Stock giving breakdown using Bearish Turtle trading method today,25,Breakout Scan,Stock giving breakdown using Bearish Turtle trading method,,,False,1,N,,OHLC_20D_P_CLBLWPWL
1777461317,"{'stkname': 'Lumax Auto Tech', 'ltp': '', 'perChg': '', 'stkId': 'LAT', 'displayLock': 'N', 'scanproflg': 1, 'scUrl': 'auto-ancillaries/lumaxautotechnologies/LAT01', 'columns': [{'name': 'change %', 'value': '-2.78'}, {'name': 'Low Price value', 'value': '1,660.00'}, {'name': 'LTP', 'value': '1,617.00'}, {'name': 'change absolute', 'value': '-46.20'}]}",OHLC_20D_P_CLBLWPWL,Bearish Turtle Trading,Stock giving breakdown using Bearish Turtle trading method today,25,Breakout Scan,Stock giving breakdown using Bearish Turtle trading method,,,False,1,N,,OHLC_20D_P_CLBLWPWL
1777461317,"{'stkname': 'Thomas Cook', 'ltp': '', 'perChg': '', 'stkId': 'TCI', 'displayLock': 'N', 'scanproflg': 1, 'scUrl': 'miscellaneous/thomascookindia/TCI', 'columns': [{'name': 'change %', 'value': '-3.12'}, {'name': 'Low Price value', 'value': '95.77'}, {'name': 'LTP', 'value': '95.50'}, {'name': 'change absolute', 'value': '-3.08'}]}",OHLC_20D_P_CLBLWPWL,Bearish Turtle Trading,Stock giving breakdown using Bearish Turtle trading method today,25,Breakout Scan,Stock giving breakdown using Bearish Turtle trading method,,,False,1,N,,OHLC_20D_P_CLBLWPWL
1777461317,"{'stkname': 'CarTrade Tech', 'ltp': '', 'perChg': '', 'stkId': 'CT09', 'displayLock': 'N', 'scanproflg': 1, 'scUrl': 'automobile-dealersdistributors/cartradetech/CT12', 'columns': [{'name': 'change %', 'value': '-0.91'}, {'name': 'Low Price value', 'value': '1,657.40'}, {'name': 'LTP', 'value': '1,648.00'}, {'name': 'change absolute', 'value': '-15.20'}]}",OHLC_20D_P_CLBLWPWL,Bearish Turtle Trading,Stock giving breakdown using Bearish Turtle trading method today,25,Breakout Scan,Stock giving breakdown using Bearish Turtle trading method,,,False,1,N,,OHLC_20D_P_CLBLWPWL
1777461317,"{'stkname': 'Zensar Tech', 'ltp': '', 'perChg': '', 'stkId': 'FIC', 'displayLock': 'N', 'scanproflg': 1, 'scUrl': 'computers-software/zensartechnologies/ZT02', 'columns': [{'name': 'change %', 'value': '-1.38'}, {'name': 'Low Price value', 'value': '525.10'}, {'name': 'LTP', 'value': '520.90'}, {'name': 'change absolute', 'value': '-7.30'}]}",OHLC_20D_P_CLBLWPWL,Bearish Turtle Trading,Stock giving breakdown using Bearish Turtle trading method today,25,Breakout Scan,Stock giving breakdown using Bearish Turtle trading method,,,False,1,N,,OHLC_20D_P_CLBLWPWL
1777461317,"{'stkname': 'JSW Holdings', 'ltp': '', 'perChg': '', 'stkId': 'JSW', 'displayLock': 'N', 'scanproflg': 1, 'scUrl': 'finance-investments/jswholdings/JSW', 'columns': [{'name': 'change %', 'value': '-1.41'}, {'name': 'Low Price value', 'value': '12,801.00'}, {'name': 'LTP', 'value': '12,663.00'}, {'name': 'change absolute', 'value': '-181.00'}]}",OHLC_20D_P_CLBLWPWL,Bearish Turtle Trading,Stock giving breakdown using Bearish Turtle trading method today,25,Breakout Scan,Stock giving breakdown using Bearish Turtle trading method,,,False,1,N,,OHLC_20D_P_CLBLWPWL
1777461317,"{'stkname': 'Sun TV Network', 'ltp': '', 'perChg': '', 'stkId': 'STV01', 'displayLock': 'N', 'scanproflg': 1, 'scUrl': 'mediaentertainment/suntvnetwork/STN01', 'columns': [{'name': 'change %', 'value': '-1.53'}, {'name': 'Low Price value', 'value': '588.90'}, {'name': 'LTP', 'value': '585.95'}, {'name': 'change absolute', 'value': '-9.10'}]}",OHLC_20D_P_CLBLWPWL,Bearish Turtle Trading,Stock giving breakdown using Bearish Turtle trading method today,25,Breakout Scan,Stock giving breakdown using Bearish Turtle trading method,,,False,1,N,,OHLC_20D_P_CLBLWPWL
1777461317,"{'stkname': 'Cyient', 'ltp': '', 'perChg': '', 'stkId': 'IE07', 'displayLock': 'N', 'scanproflg': 1, 'scUrl': 'computers-software/cyient/IE07', 'columns': [{'name': 'change %', 'value': '-1.75'}, {'name': 'Low Price value', 'value': '853.95'}, {'name': 'LTP', 'value': '843.50'}, {'name': 'change absolute', 'value': '-15.00'}]}",OHLC_20D_P_CLBLWPWL,Bearish Turtle Trading,Stock giving breakdown using Bearish Turtle trading method today,25,Breakout Scan,Stock giving breakdown using Bearish Turtle trading method,,,False,1,N,,OHLC_20D_P_CLBLWPWL
1777461317,"{'stkname': 'SML Mahindra', 'ltp': '', 'perChg': '', 'stkId': 'SM', 'displayLock': 'N', 'scanproflg': 1, 'scUrl': 'automobile-truckslcvs/smlmahindra/SM', 'columns': [{'name': 'change %', 'value': '-2.51'}, {'name': 'Low Price value', 'value': '3,771.10'}, {'name': 'LTP', 'value': '3,776.00'}, {'name': 'change absolute', 'value': '-97.40'}]}",OHLC_20D_P_CLBLWPWL,Bearish Turtle Trading,Stock giving breakdown using Bearish Turtle trading method today,25,Breakout Scan,Stock giving breakdown using Bearish Turtle trading method,,,False,1,N,,OHLC_20D_P_CLBLWPWL
1777461317,"{'stkname': 'Sammaan Capital', 'ltp': '', 'perChg': '', 'stkId': 'IHF01', 'displayLock': 'N', 'scanproflg': 1, 'scUrl': 'finance-housing/sammaancapital/IHF01', 'columns': [{'name': 'change %', 'value': '-1.65'}, {'name': 'Low Price value', 'value': '142.21'}, {'name': 'LTP', 'value': '141.00'}, {'name': 'change absolute', 'value': '-2.36'}]}",OHLC_20D_P_CLBLWPWL,Bearish Turtle Trading,Stock giving breakdown using Bearish Turtle trading method today,25,Breakout Scan,Stock giving breakdown using Bearish Turtle trading method,,,False,1,N,,OHLC_20D_P_CLBLWPWL
1777461317,"{'stkname': 'HCL Tech', 'ltp': '', 'perChg': '', 'stkId': 'HCL02', 'displayLock': 'N', 'scanproflg': 1, 'scUrl': 'computers-software/hcltechnologies/HCL02', 'columns': [{'name': 'change %', 'value': '0.17'}, {'name': 'Low Price value', 'value': '1,192.30'}, {'name': 'LTP', 'value': '1,198.00'}, {'name': 'change absolute', 'value': '2.00'}]}",OHLC_20D_P_CLBLWPWL,Bearish Turtle Trading,Stock giving breakdown using Bearish Turtle trading method today,25,Breakout Scan,Stock giving breakdown using Bearish Turtle trading method,,,False,1,N,,OHLC_20D_P_CLBLWPWL
1777461317,"{'stkname': 'Axis Bank', 'ltp': '', 'perChg': '', 'stkId': 'UTI10', 'displayLock': 'N', 'scanproflg': 1, 'scUrl': 'banks-private-sector/axisbank/AB16', 'columns': [{'name': 'change %', 'value': '0.44'}, {'name': 'Low Price value', 'value': '1,285.50'}, {'name': 'LTP', 'value': '1,294.70'}, {'name': 'change absolute', 'value': '5.70'}]}",OHLC_20D_P_CLBLWPWL,Bearish Turtle Trading,Stock giving breakdown using Bearish Turtle trading method today,25,Breakout Scan,Stock giving breakdown using Bearish Turtle trading method,,,False,1,N,,OHLC_20D_P_CLBLWPWL
1777461317,"{'stkname': 'Bosch', 'ltp': '', 'perChg': '', 'stkId': 'MIC', 'displayLock': 'N', 'scanproflg': 1, 'scUrl': 'auto-ancillaries/bosch/B05', 'columns': [{'name': 'change %', 'value': '-2.56'}, {'name': 'Low Price value', 'value': '36,295.00'}, {'name': 'LTP', 'value': '36,365.00'}, {'name': 'change absolute', 'value': '-955.00'}]}",OHLC_20D_P_CLBLWPWL,Bearish Turtle Trading,Stock giving breakdown using Bearish Turtle trading method today,25,Breakout Scan,Stock giving breakdown using Bearish Turtle trading method,,,False,1,N,,OHLC_20D_P_CLBLWPWL
1777461317,"{'stkname': 'Redington', 'ltp': '', 'perChg': '', 'stkId': 'RI37', 'displayLock': 'N', 'scanproflg': 1, 'scUrl': 'computers-hardware/redington/RI37', 'columns': [{'name': 'change %', 'value': '-0.22'}, {'name': 'Low Price value', 'value': '211.80'}, {'name': 'LTP', 'value': '214.50'}, {'name': 'change absolute', 'value': '-0.47'}]}",OHLC_20D_P_CLBLWPWL,Bearish Turtle Trading,Stock giving breakdown using Bearish Turtle trading method today,25,Breakout Scan,Stock giving breakdown using Bearish Turtle trading method,,,False,1,N,,OHLC_20D_P_CLBLWPWL
1777461317,"{'stkname': 'Union Bank', 'ltp': '', 'perChg': '', 'stkId': 'UBI01', 'displayLock': 'N', 'scanproflg': 1, 'scUrl': 'banks-public-sector/unionbankindia/UBI01', 'columns': [{'name': 'change %', 'value': '-1.97'}, {'name': 'Low Price value', 'value': '169.17'}, {'name': 'LTP', 'value': '167.12'}, {'name': 'change absolute', 'value': '-3.36'}]}",OHLC_20D_P_CLBLWPWL,Bearish Turtle Trading,Stock giving breakdown using Bearish Turtle trading method today,25,Breakout Scan,Stock giving breakdown using Bearish Turtle trading method,,,False,1,N,,OHLC_20D_P_CLBLWPWL
1777461317,"{'stkname': 'Indian Bank', 'ltp': '', 'perChg': '', 'stkId': 'IB04', 'displayLock': 'N', 'scanproflg': 1, 'scUrl': 'banks-public-sector/indianbank/IB04', 'columns': [{'name': 'change %', 'value': '-2.47'}, {'name': 'Low Price value', 'value': '894.40'}, {'name': 'LTP', 'value': '874.00'}, {'name': 'change absolute', 'value': '-22.10'}]}",OHLC_20D_P_CLBLWPWL,Bearish Turtle Trading,Stock giving breakdown using Bearish Turtle trading method today,25,Breakout Scan,Stock giving breakdown using Bearish Turtle trading method,,,False,1,N,,OHLC_20D_P_CLBLWPWL
1777461317,"{'stkname': 'SBI Card', 'ltp': '', 'perChg': '', 'stkId': 'SCP03', 'displayLock': 'N', 'scanproflg': 1, 'scUrl': 'finance-term-lending/sbicardspaymentservices/SCP02', 'columns': [{'name': 'change %', 'value': '0.69'}, {'name': 'Low Price value', 'value': '646.10'}, {'name': 'LTP', 'value': '651.90'}, {'name': 'change absolute', 'value': '4.45'}]}",OHLC_20D_P_CLBLWPWL,Bearish Turtle Trading,Stock giving breakdown using Bearish Turtle trading method today,25,Breakout Scan,Stock giving breakdown using Bearish Turtle trading method,,,False,1,N,,OHLC_20D_P_CLBLWPWL
1777461317,"{'stkname': 'ICICI Bank', 'ltp': '', 'perChg': '', 'stkId': 'ICI02', 'displayLock': 'N', 'scanproflg': 1, 'scUrl': 'banks-private-sector/icicibank/ICI02', 'columns': [{'name': 'change %', 'value': '-1.01'}, {'name': 'Low Price value', 'value': '1,286.70'}, {'name': 'LTP', 'value': '1,279.00'}, {'name': 'change absolute', 'value': '-13.00'}]}",OHLC_20D_P_CLBLWPWL,Bearish Turtle Trading,Stock giving breakdown using Bearish Turtle trading method today,25,Breakout Scan,Stock giving breakdown using Bearish Turtle trading method,,,False,1,N,,OHLC_20D_P_CLBLWPWL
1777461317,"{'stkname': 'Ashok Leyland', 'ltp': '', 'perChg': '', 'stkId': 'AL', 'displayLock': 'N', 'scanproflg': 1, 'scUrl': 'auto-lcvshcvs/ashokleyland/AL', 'columns': [{'name': 'change %', 'value': '-1.03'}, {'name': 'Low Price value', 'value': '167.01'}, {'name': 'LTP', 'value': '165.80'}, {'name': 'change absolute', 'value': '-1.72'}]}",OHLC_20D_P_CLBLWPWL,Bearish Turtle Trading,Stock giving breakdown using Bearish Turtle trading method today,25,Breakout Scan,Stock giving breakdown using Bearish Turtle trading method,,,False,1,N,,OHLC_20D_P_CLBLWPWL
1777461317,"{'stkname': 'Tata Gold ETF', 'ltp': '', 'perChg': '', 'stkId': 'TATAG21401', 'displayLock': 'N', 'scanproflg': 1, 'scUrl': 'etf/tatagoldetf/TATAG21401', 'columns': [{'name': 'change %', 'value': '-0.90'}, {'name': 'Low Price value', 'value': '14.31'}, {'name': 'LTP', 'value': '14.27'}, {'name': 'change absolute', 'value': '-0.13'}]}",OHLC_20D_P_CLBLWPWL,Bearish Turtle Trading,Stock giving breakdown using Bearish Turtle trading method today,25,Breakout Scan,Stock giving breakdown using Bearish Turtle trading method,,,False,1,N,,OHLC_20D_P_CLBLWPWL
1777461317,"{'stkname': 'Zero SilverETF', 'ltp': '', 'perChg': '', 'stkId': 'SILVE30274', 'displayLock': 'N', 'scanproflg': 1, 'scUrl': 'etf/zerodhasilveretf/SILVE30274', 'columns': [{'name': 'change %', 'value': '-0.17'}, {'name': 'Low Price value', 'value': '23.31'}, {'name': 'LTP', 'value': '23.80'}, {'name': 'change absolute', 'value': '-0.04'}]}",OHLC_20D_P_CLBLWPWL,Bearish Turtle Trading,Stock giving breakdown using Bearish Turtle trading method today,25,Breakout Scan,Stock giving breakdown using Bearish Turtle trading method,,,False,1,N,,OHLC_20D_P_CLBLWPWL
1777461317,"{'stkname': 'Mirae SilverET', 'ltp': '', 'perChg': '', 'stkId': 'MASIL16777', 'displayLock': 'N', 'scanproflg': 1, 'scUrl': 'etf/miraeassetsilveretf/MASIL16777', 'columns': [{'name': 'change %', 'value': '-0.14'}, {'name': 'Low Price value', 'value': '227.81'}, {'name': 'LTP', 'value': '228.20'}, {'name': 'change absolute', 'value': '-0.32'}]}",OHLC_20D_P_CLBLWPWL,Bearish Turtle Trading,Stock giving breakdown using Bearish Turtle trading method today,25,Breakout Scan,Stock giving breakdown using Bearish Turtle trading method,,,False,1,N,,OHLC_20D_P_CLBLWPWL
1777461317,"{'stkname': 'Ipru Nifty IT', 'ltp': '', 'perChg': '', 'stkId': 'IPI03', 'displayLock': 'N', 'scanproflg': 1, 'scUrl': 'etf/iciciprudentialniftyitetf/IPI03', 'columns': [{'name': 'change %', 'value': '0.75'}, {'name': 'Low Price value', 'value': '31.50'}, {'name': 'LTP', 'value': '32.29'}, {'name': 'change absolute', 'value': '0.24'}]}",OHLC_20D_P_CLBLWPWL,Bearish Turtle Trading,Stock giving breakdown using Bearish Turtle trading method today,25,Breakout Scan,Stock giving breakdown using Bearish Turtle trading method,,,False,1,N,,OHLC_20D_P_CLBLWPWL
1777461317,"{'stkname': 'MOGSEC', 'ltp': '', 'perChg': '', 'stkId': 'MOGSE1507', 'displayLock': 'N', 'scanproflg': 1, 'scUrl': 'etf/motilaloswal5yeargsecetf-growth/MOGSE1507', 'columns': [{'name': 'change %', 'value': '-0.24'}, {'name': 'Low Price value', 'value': '62.52'}, {'name': 'LTP', 'value': '63.57'}, {'name': 'change absolute', 'value': '-0.15'}]}",OHLC_20D_P_CLBLWPWL,Bearish Turtle Trading,Stock giving breakdown using Bearish Turtle trading method today,25,Breakout Scan,Stock giving breakdown using Bearish Turtle trading method,,,False,1,N,,OHLC_20D_P_CLBLWPWL
1777461317,"{'stkname': 'LIC Gold ETF', 'ltp': '', 'perChg': '', 'stkId': 'IDB01', 'displayLock': 'N', 'scanproflg': 1, 'scUrl': 'gold-etf/licmfgoldexchangetradedfund/IDB01', 'columns': [{'name': 'change %', 'value': '-1.27'}, {'name': 'Low Price value', 'value': '133.05'}, {'name': 'LTP', 'value': '132.00'}, {'name': 'change absolute', 'value': '-1.70'}]}",OHLC_20D_P_CLBLWPWL,Bearish Turtle Trading,Stock giving breakdown using Bearish Turtle trading method today,25,Breakout Scan,Stock giving breakdown using Bearish Turtle trading method,,,False,1,N,,OHLC_20D_P_CLBLWPWL
1777461317,"{'stkname': 'DSP Liquid ETF', 'ltp': '', 'perChg': '', 'stkId': 'DBL', 'displayLock': 'N', 'scanproflg': 1, 'scUrl': 'etf/dspliquidetf/DBL', 'columns': [{'name': 'change %', 'value': '0.00'}, {'name': 'Low Price value', 'value': '999.99'}, {'name': 'LTP', 'value': '1,000.00'}, {'name': 'change absolute', 'value': '0.01'}]}",OHLC_20D_P_CLBLWPWL,Bearish Turtle Trading,Stock giving breakdown using Bearish Turtle trading method today,25,Breakout Scan,Stock giving breakdown using Bearish Turtle trading method,,,False,1,N,,OHLC_20D_P_CLBLWPWL
1777461317,"{'stkname': 'GOLD360', 'ltp': '', 'perChg': '', 'stkId': 'GOLD330105', 'displayLock': 'N', 'scanproflg': 1, 'scUrl': 'miscellaneous/gold360/GOLD330105', 'columns': [{'name': 'change %', 'value': '-0.66'}, {'name': 'Low Price value', 'value': '144.05'}, {'name': 'LTP', 'value': '143.65'}, {'name': 'change absolute', 'value': '-0.95'}]}",OHLC_20D_P_CLBLWPWL,Bearish Turtle Trading,Stock giving breakdown using Bearish Turtle trading method today,25,Breakout Scan,Stock giving breakdown using Bearish Turtle trading method,,,False,1,N,,OHLC_20D_P_CLBLWPWL
1777461317,"{'stkname': 'HDFC GOLD ETF', 'ltp': '', 'perChg': '', 'stkId': 'HDF02', 'displayLock': 'N', 'scanproflg': 1, 'scUrl': 'gold-etf/hdfcgoldetf/HDF02', 'columns': [{'name': 'change %', 'value': '-1.07'}, {'name': 'Low Price value', 'value': '125.44'}, {'name': 'LTP', 'value': '125.45'}, {'name': 'change absolute', 'value': '-1.36'}]}",OHLC_20D_P_CLBLWPWL,Bearish Turtle Trading,Stock giving breakdown using Bearish Turtle trading method today,25,Breakout Scan,Stock giving breakdown using Bearish Turtle trading method,,,False,1,N,,OHLC_20D_P_CLBLWPWL
1777461317,"{'stkname': 'HSBC Gold', 'ltp': '', 'perChg': '', 'stkId': 'HGE02', 'displayLock': 'N', 'scanproflg': 1, 'scUrl': 'etf/hsbcgoldetf/HGE02', 'columns': [{'name': 'change %', 'value': '-0.73'}, {'name': 'Low Price value', 'value': '128.36'}, {'name': 'LTP', 'value': '127.92'}, {'name': 'change absolute', 'value': '-0.94'}]}",OHLC_20D_P_CLBLWPWL,Bearish Turtle Trading,Stock giving breakdown using Bearish Turtle trading method today,25,Breakout Scan,Stock giving breakdown using Bearish Turtle trading method,,,False,1,N,,OHLC_20D_P_CLBLWPWL
1777461317,"{'stkname': 'Inve Gold ETF', 'ltp': '', 'perChg': '', 'stkId': 'RGE', 'displayLock': 'N', 'scanproflg': 1, 'scUrl': 'gold-etf/invescoindiagoldexchangetradedfund/RGE', 'columns': [{'name': 'change %', 'value': '-0.76'}, {'name': 'Low Price value', 'value': '12,851.00'}, {'name': 'LTP', 'value': '12,770.00'}, {'name': 'change absolute', 'value': '-98.30'}]}",OHLC_20D_P_CLBLWPWL,Bearish Turtle Trading,Stock giving breakdown using Bearish Turtle trading method today,25,Breakout Scan,Stock giving breakdown using Bearish Turtle trading method,,,False,1,N,,OHLC_20D_P_CLBLWPWL
1777461317,"{'stkname': 'LIQUIDSBI', 'ltp': '', 'perChg': '', 'stkId': 'LIQUI19705', 'displayLock': 'N', 'scanproflg': 1, 'scUrl': 'etf/sbinifty1drateetf/LIQUI19705', 'columns': [{'name': 'change %', 'value': '0.00'}, {'name': 'Low Price value', 'value': '999.99'}, {'name': 'LTP', 'value': '999.99'}, {'name': 'change absolute', 'value': '-0.01'}]}",OHLC_20D_P_CLBLWPWL,Bearish Turtle Trading,Stock giving breakdown using Bearish Turtle trading method today,25,Breakout Scan,Stock giving breakdown using Bearish Turtle trading method,,,False,1,N,,OHLC_20D_P_CLBLWPWL
1777461317,"{'stkname': 'ABSLLIQUID', 'ltp': '', 'perChg': '', 'stkId': 'ABSLL14518', 'displayLock': 'N', 'scanproflg': 1, 'scUrl': 'etf/abslcrisilliquidovernightetf/ABSLL14518', 'columns': [{'name': 'change %', 'value': '0.00'}, {'name': 'Low Price value', 'value': '999.99'}, {'name': 'LTP', 'value': '1,000.00'}, {'name': 'change absolute', 'value': '0.00'}]}",OHLC_20D_P_CLBLWPWL,Bearish Turtle Trading,Stock giving breakdown using Bearish Turtle trading method today,25,Breakout Scan,Stock giving breakdown using Bearish Turtle trading method,,,False,1,N,,OHLC_20D_P_CLBLWPWL
1777461317,"{'stkname': 'Mirae Gold ETF', 'ltp': '', 'perChg': '', 'stkId': 'MAGOL14286', 'displayLock': 'N', 'scanproflg': 1, 'scUrl': 'gold-etf/miraeassetgoldetf/MAGOL14286', 'columns': [{'name': 'change %', 'value': '-1.01'}, {'name': 'Low Price value', 'value': '143.12'}, {'name': 'LTP', 'value': '142.75'}, {'name': 'change absolute', 'value': '-1.46'}]}",OHLC_20D_P_CLBLWPWL,Bearish Turtle Trading,Stock giving breakdown using Bearish Turtle trading method today,25,Breakout Scan,Stock giving breakdown using Bearish Turtle trading method,,,False,1,N,,OHLC_20D_P_CLBLWPWL
1777461317,"{'stkname': 'ABSL Life Gold', 'ltp': '', 'perChg': '', 'stkId': 'BSL02', 'displayLock': 'N', 'scanproflg': 1, 'scUrl': 'gold-etf/birlasunlifegoldetf/BSL02', 'columns': [{'name': 'change %', 'value': '-1.03'}, {'name': 'Low Price value', 'value': '129.47'}, {'name': 'LTP', 'value': '129.22'}, {'name': 'change absolute', 'value': '-1.35'}]}",OHLC_20D_P_CLBLWPWL,Bearish Turtle Trading,Stock giving breakdown using Bearish Turtle trading method today,25,Breakout Scan,Stock giving breakdown using Bearish Turtle trading method,,,False,1,N,,OHLC_20D_P_CLBLWPWL
1777461317,"{'stkname': 'Cinevista', 'ltp': '', 'perChg': '', 'stkId': 'CC25', 'displayLock': 'N', 'scanproflg': 1, 'scUrl': 'mediaentertainment/cinevista/C97', 'columns': [{'name': 'change %', 'value': '-0.84'}, {'name': 'Low Price value', 'value': '14.01'}, {'name': 'LTP', 'value': '14.15'}, {'name': 'change absolute', 'value': '-0.12'}]}",OHLC_20D_P_CLBLWPWL,Bearish Turtle Trading,Stock giving breakdown using Bearish Turtle trading method today,25,Breakout Scan,Stock giving breakdown using Bearish Turtle trading method,,,False,1,N,,OHLC_20D_P_CLBLWPWL
1777461317,"{'stkname': 'Master Trust', 'ltp': '', 'perChg': '', 'stkId': 'MT02', 'displayLock': 'N', 'scanproflg': 1, 'scUrl': 'finance-leasinghire-purchase/mastertrust/MT02', 'columns': [{'name': 'change %', 'value': '-8.67'}, {'name': 'Low Price value', 'value': '62.00'}, {'name': 'LTP', 'value': '59.60'}, {'name': 'change absolute', 'value': '-5.66'}]}",OHLC_20D_P_CLBLWPWL,Bearish Turtle Trading,Stock giving breakdown using Bearish Turtle trading method today,25,Breakout Scan,Stock giving breakdown using Bearish Turtle trading method,,,False,1,N,,OHLC_20D_P_CLBLWPWL
1777461317,"{'stkname': 'Systematix Corp', 'ltp': '', 'perChg': '', 'stkId': 'SCS05', 'displayLock': 'N', 'scanproflg': 1, 'scUrl': 'finance-leasinghire-purchase/systematixcorporateservices/SCS05', 'columns': [{'name': 'change %', 'value': '-9.99'}, {'name': 'Low Price value', 'value': '57.25'}, {'name': 'LTP', 'value': '56.24'}, {'name': 'change absolute', 'value': '-6.24'}]}",OHLC_20D_P_CLBLWPWL,Bearish Turtle Trading,Stock giving breakdown using Bearish Turtle trading method today,25,Breakout Scan,Stock giving breakdown using Bearish Turtle trading method,,,False,1,N,,OHLC_20D_P_CLBLWPWL
1777461317,"{'stkname': 'IFGL Refractory', 'ltp': '', 'perChg': '', 'stkId': 'IFG', 'displayLock': 'N', 'scanproflg': 1, 'scUrl': 'cement-productsbuilding-materials/ifglrefractories/IFG', 'columns': [{'name': 'change %', 'value': '-6.14'}, {'name': 'Low Price value', 'value': '135.50'}, {'name': 'LTP', 'value': '131.00'}, {'name': 'change absolute', 'value': '-8.57'}]}",OHLC_20D_P_CLBLWPWL,Bearish Turtle Trading,Stock giving breakdown using Bearish Turtle trading method today,25,Breakout Scan,Stock giving breakdown using Bearish Turtle trading method,,,False,1,N,,OHLC_20D_P_CLBLWPWL
1777461317,"{'stkname': 'BBNPPGOLD', 'ltp': '', 'perChg': '', 'stkId': 'BBNPP20547', 'displayLock': 'N', 'scanproflg': 1, 'scUrl': 'miscellaneous/bbnppgold/BBNPP20547', 'columns': [{'name': 'change %', 'value': '-0.70'}, {'name': 'Low Price value', 'value': '142.20'}, {'name': 'LTP', 'value': '142.50'}, {'name': 'change absolute', 'value': '-1.00'}]}",OHLC_D_I_TRNGLCANDBEAR,Triangle Breakdown,Stock giving downside breakdown of triange pattern on daily chart.,25,Breakout Scan,Stock giving breakout of Triangle pattern in chart. The triangle pattern is a consolidation pattern and stock rallies in the direction of breakdown,,,False,1,N,,OHLC_D_I_TRNGLCANDBEAR
1777461317,"{'stkname': 'UTI NIF5GETF', 'ltp': '', 'perChg': '', 'stkId': 'NIF5G22521', 'displayLock': 'N', 'scanproflg': 1, 'scUrl': 'etf/utinifty5yrbenchmarkg-secetf/NIF5G22521', 'columns': [{'name': 'change %', 'value': '-0.49'}, {'name': 'Low Price value', 'value': '64.02'}, {'name': 'LTP', 'value': '64.55'}, {'name': 'change absolute', 'value': '-0.32'}]}",OHLC_D_I_TRNGLCANDBEAR,Triangle Breakdown,Stock giving downside breakdown of triange pattern on daily chart.,25,Breakout Scan,Stock giving breakout of Triangle pattern in chart. The triangle pattern is a consolidation pattern and stock rallies in the direction of breakdown,,,False,1,N,,OHLC_D_I_TRNGLCANDBEAR
1777461317,"{'stkname': 'GROWWN200', 'ltp': '', 'perChg': '', 'stkId': 'GROWW29872', 'displayLock': 'N', 'scanproflg': 1, 'scUrl': 'etf/growwnifty200etf/GROWW29872', 'columns': [{'name': 'change %', 'value': '0.63'}, {'name': 'Low Price value', 'value': '11.05'}, {'name': 'LTP', 'value': '11.24'}, {'name': 'change absolute', 'value': '0.07'}]}",OHLC_D_I_TRNGLCANDBEAR,Triangle Breakdown,Stock giving downside breakdown of triange pattern on daily chart.,25,Breakout Scan,Stock giving breakout of Triangle pattern in chart. The triangle pattern is a consolidation pattern and stock rallies in the direction of breakdown,,,False,1,N,,OHLC_D_I_TRNGLCANDBEAR
1777461317,"{'stkname': 'Wakefit Inno', 'ltp': '', 'perChg': '', 'stkId': 'WIL01', 'displayLock': 'N', 'scanproflg': 1, 'scUrl': 'householdpersonal-products/wakefitinnovations/WIL01', 'columns': [{'name': 'change %', 'value': '-1.25'}, {'name': 'Low Price value', 'value': '142.03'}, {'name': 'LTP', 'value': '142.76'}, {'name': 'change absolute', 'value': '-1.81'}]}",OHLC_D_I_TRNGLCANDBEAR,Triangle Breakdown,Stock giving downside breakdown of triange pattern on daily chart.,25,Breakout Scan,Stock giving breakout of Triangle pattern in chart. The triangle pattern is a consolidation pattern and stock rallies in the direction of breakdown,,,False,1,N,,OHLC_D_I_TRNGLCANDBEAR
1777461317,"{'stkname': 'Juniper Hotels', 'ltp': '', 'perChg': '', 'stkId': 'JHL', 'displayLock': 'N', 'scanproflg': 1, 'scUrl': 'hotel-resortrestaurants/juniperhotels/JHL', 'columns': [{'name': 'change %', 'value': '-0.86'}, {'name': 'Low Price value', 'value': '208.12'}, {'name': 'LTP', 'value': '208.51'}, {'name': 'change absolute', 'value': '-1.81'}]}",OHLC_D_I_TRNGLCANDBEAR,Triangle Breakdown,Stock giving downside breakdown of triange pattern on daily chart.,25,Breakout Scan,Stock giving breakout of Triangle pattern in chart. The triangle pattern is a consolidation pattern and stock rallies in the direction of breakdown,,,False,1,N,,OHLC_D_I_TRNGLCANDBEAR
1777461317,"{'stkname': 'Brigade Hotel', 'ltp': '', 'perChg': '', 'stkId': 'BHV', 'displayLock': 'N', 'scanproflg': 1, 'scUrl': 'hotel-resortrestaurants/brigadehotelventures/BHV', 'columns': [{'name': 'change %', 'value': '-0.29'}, {'name': 'Low Price value', 'value': '67.41'}, {'name': 'LTP', 'value': '67.85'}, {'name': 'change absolute', 'value': '-0.20'}]}",OHLC_D_I_TRNGLCANDBEAR,Triangle Breakdown,Stock giving downside breakdown of triange pattern on daily chart.,25,Breakout Scan,Stock giving breakout of Triangle pattern in chart. The triangle pattern is a consolidation pattern and stock rallies in the direction of breakdown,,,False,1,N,,OHLC_D_I_TRNGLCANDBEAR
1777461317,"{'stkname': 'SRM Contractors', 'ltp': '', 'perChg': '', 'stkId': 'SCL14', 'displayLock': 'N', 'scanproflg': 1, 'scUrl': 'engineering-construction/srmcontractors/SCL14', 'columns': [{'name': 'change %', 'value': '-3.12'}, {'name': 'Low Price value', 'value': '505.00'}, {'name': 'LTP', 'value': '510.00'}, {'name': 'change absolute', 'value': '-16.45'}]}",OHLC_D_I_TRNGLCANDBEAR,Triangle Breakdown,Stock giving downside breakdown of triange pattern on daily chart.,25,Breakout Scan,Stock giving breakout of Triangle pattern in chart. The triangle pattern is a consolidation pattern and stock rallies in the direction of breakdown,,,False,1,N,,OHLC_D_I_TRNGLCANDBEAR
1777461317,"{'stkname': 'Amanta Health', 'ltp': '', 'perChg': '', 'stkId': 'AHL02', 'displayLock': 'N', 'scanproflg': 1, 'scUrl': 'pharmaceuticalsdrugs/amantahealthcare/AHL02', 'columns': [{'name': 'change %', 'value': '-1.49'}, {'name': 'Low Price value', 'value': '130.00'}, {'name': 'LTP', 'value': '130.40'}, {'name': 'change absolute', 'value': '-1.97'}]}",OHLC_D_I_TRNGLCANDBEAR,Triangle Breakdown,Stock giving downside breakdown of triange pattern on daily chart.,25,Breakout Scan,Stock giving breakout of Triangle pattern in chart. The triangle pattern is a consolidation pattern and stock rallies in the direction of breakdown,,,False,1,N,,OHLC_D_I_TRNGLCANDBEAR
1777461317,"{'stkname': 'Exicom Tele', 'ltp': '', 'perChg': '', 'stkId': 'ETL01', 'displayLock': 'N', 'scanproflg': 1, 'scUrl': 'telecommunication-equipment/exicomtele-systems/ETL01', 'columns': [{'name': 'change %', 'value': '-3.59'}, {'name': 'Low Price value', 'value': '111.00'}, {'name': 'LTP', 'value': '112.80'}, {'name': 'change absolute', 'value': '-4.20'}]}",OHLC_D_I_TRNGLCANDBEAR,Triangle Breakdown,Stock giving downside breakdown of triange pattern on daily chart.,25,Breakout Scan,Stock giving breakout of Triangle pattern in chart. The triangle pattern is a consolidation pattern and stock rallies in the direction of breakdown,,,False,1,N,,OHLC_D_I_TRNGLCANDBEAR
1777461317,"{'stkname': 'Medi Assist Hea', 'ltp': '', 'perChg': '', 'stkId': 'MAH01', 'displayLock': 'N', 'scanproflg': 1, 'scUrl': 'hospitalhealthcare-services/mediassisthealthcareservices/MAH01', 'columns': [{'name': 'change %', 'value': '-3.88'}, {'name': 'Low Price value', 'value': '326.45'}, {'name': 'LTP', 'value': '331.95'}, {'name': 'change absolute', 'value': '-13.40'}]}",OHLC_D_I_TRNGLCANDBEAR,Triangle Breakdown,Stock giving downside breakdown of triange pattern on daily chart.,25,Breakout Scan,Stock giving breakout of Triangle pattern in chart. The triangle pattern is a consolidation pattern and stock rallies in the direction of breakdown,,,False,1,N,,OHLC_D_I_TRNGLCANDBEAR
1777461317,"{'stkname': 'Welspun Living', 'ltp': '', 'perChg': '', 'stkId': 'WI03', 'displayLock': 'N', 'scanproflg': 1, 'scUrl': 'textilesapparel/welspunliving/WI03', 'columns': [{'name': 'change %', 'value': '-0.74'}, {'name': 'Low Price value', 'value': '129.88'}, {'name': 'LTP', 'value': '130.80'}, {'name': 'change absolute', 'value': '-0.98'}]}",OHLC_D_I_TRNGLCANDBEAR,Triangle Breakdown,Stock giving downside breakdown of triange pattern on daily chart.,25,Breakout Scan,Stock giving breakout of Triangle pattern in chart. The triangle pattern is a consolidation pattern and stock rallies in the direction of breakdown,,,False,1,N,,OHLC_D_I_TRNGLCANDBEAR
1777461317,"{'stkname': 'Ashima', 'ltp': '', 'perChg': '', 'stkId': 'AS08', 'displayLock': 'N', 'scanproflg': 1, 'scUrl': 'textiles-spinning-cotton-blended/ashima/A10', 'columns': [{'name': 'change %', 'value': '0.81'}, {'name': 'Low Price value', 'value': '15.80'}, {'name': 'LTP', 'value': '16.15'}, {'name': 'change absolute', 'value': '0.13'}]}",OHLC_D_I_TRNGLCANDBEAR,Triangle Breakdown,Stock giving downside breakdown of triange pattern on daily chart.,25,Breakout Scan,Stock giving breakout of Triangle pattern in chart. The triangle pattern is a consolidation pattern and stock rallies in the direction of breakdown,,,False,1,N,,OHLC_D_I_TRNGLCANDBEAR
1777461317,"{'stkname': 'EID Parry', 'ltp': '', 'perChg': '', 'stkId': 'EID', 'displayLock': 'N', 'scanproflg': 1, 'scUrl': 'sugar/eidparryindia/EID', 'columns': [{'name': 'change %', 'value': '-0.64'}, {'name': 'Low Price value', 'value': '833.50'}, {'name': 'LTP', 'value': '839.90'}, {'name': 'change absolute', 'value': '-5.45'}]}",OHLC_D_I_TRNGLCANDBEAR,Triangle Breakdown,Stock giving downside breakdown of triange pattern on daily chart.,25,Breakout Scan,Stock giving breakout of Triangle pattern in chart. The triangle pattern is a consolidation pattern and stock rallies in the direction of breakdown,,,False,1,N,,OHLC_D_I_TRNGLCANDBEAR
1777461317,"{'stkname': 'Ponni Sugars(E)', 'ltp': '', 'perChg': '', 'stkId': 'PSE03', 'displayLock': 'N', 'scanproflg': 1, 'scUrl': 'sugar/ponnisugarserode/PSE03', 'columns': [{'name': 'change %', 'value': '-1.23'}, {'name': 'Low Price value', 'value': '300.00'}, {'name': 'LTP', 'value': '300.55'}, {'name': 'change absolute', 'value': '-3.75'}]}",OHLC_D_I_TRNGLCANDBEAR,Triangle Breakdown,Stock giving downside breakdown of triange pattern on daily chart.,25,Breakout Scan,Stock giving breakout of Triangle pattern in chart. The triangle pattern is a consolidation pattern and stock rallies in the direction of breakdown,,,False,1,N,,OHLC_D_I_TRNGLCANDBEAR
1777461317,"{'stkname': 'Gland', 'ltp': '', 'perChg': '', 'stkId': 'GP14', 'displayLock': 'N', 'scanproflg': 1, 'scUrl': 'pharmaceuticalsdrugs/glandpharma/GP14', 'columns': [{'name': 'change %', 'value': '-0.32'}, {'name': 'Low Price value', 'value': '1,735.10'}, {'name': 'LTP', 'value': '1,755.10'}, {'name': 'change absolute', 'value': '-5.70'}]}",OHLC_D_I_TRNGLCANDBEAR,Triangle Breakdown,Stock giving downside breakdown of triange pattern on daily chart.,25,Breakout Scan,Stock giving breakout of Triangle pattern in chart. The triangle pattern is a consolidation pattern and stock rallies in the direction of breakdown,,,False,1,N,,OHLC_D_I_TRNGLCANDBEAR
1777461317,"{'stkname': 'Wockhardt', 'ltp': '', 'perChg': '', 'stkId': 'W05', 'displayLock': 'N', 'scanproflg': 1, 'scUrl': 'pharmaceuticals/wockhardt/W05', 'columns': [{'name': 'change %', 'value': '-1.29'}, {'name': 'Low Price value', 'value': '1,383.00'}, {'name': 'LTP', 'value': '1,399.00'}, {'name': 'change absolute', 'value': '-18.30'}]}",OHLC_D_I_TRNGLCANDBEAR,Triangle Breakdown,Stock giving downside breakdown of triange pattern on daily chart.,25,Breakout Scan,Stock giving breakout of Triangle pattern in chart. The triangle pattern is a consolidation pattern and stock rallies in the direction of breakdown,,,False,1,N,,OHLC_D_I_TRNGLCANDBEAR
1777461317,"{'stkname': 'Indoco Remedies', 'ltp': '', 'perChg': '', 'stkId': 'IR05', 'displayLock': 'N', 'scanproflg': 1, 'scUrl': 'pharmaceuticals/indocoremedies/IR05', 'columns': [{'name': 'change %', 'value': '-0.69'}, {'name': 'Low Price value', 'value': '207.32'}, {'name': 'LTP', 'value': '210.00'}, {'name': 'change absolute', 'value': '-1.45'}]}",OHLC_D_I_TRNGLCANDBEAR,Triangle Breakdown,Stock giving downside breakdown of triange pattern on daily chart.,25,Breakout Scan,Stock giving breakout of Triangle pattern in chart. The triangle pattern is a consolidation pattern and stock rallies in the direction of breakdown,,,False,1,N,,OHLC_D_I_TRNGLCANDBEAR
1777461317,"{'stkname': 'Alkem Lab', 'ltp': '', 'perChg': '', 'stkId': 'AL16', 'displayLock': 'N', 'scanproflg': 1, 'scUrl': 'pharmaceuticals/alkemlaboratories/AL05', 'columns': [{'name': 'change %', 'value': '-1.21'}, {'name': 'Low Price value', 'value': '5,305.50'}, {'name': 'LTP', 'value': '5,353.00'}, {'name': 'change absolute', 'value': '-65.50'}]}",OHLC_D_I_TRNGLCANDBEAR,Triangle Breakdown,Stock giving downside breakdown of triange pattern on daily chart.,25,Breakout Scan,Stock giving breakout of Triangle pattern in chart. The triangle pattern is a consolidation pattern and stock rallies in the direction of breakdown,,,False,1,N,,OHLC_D_I_TRNGLCANDBEAR
1777461317,"{'stkname': 'Mah Seamless', 'ltp': '', 'perChg': '', 'stkId': 'MS02', 'displayLock': 'N', 'scanproflg': 1, 'scUrl': 'steel-tubespipes/maharashtraseamless/MS02', 'columns': [{'name': 'change %', 'value': '0.14'}, {'name': 'Low Price value', 'value': '645.15'}, {'name': 'LTP', 'value': '650.60'}, {'name': 'change absolute', 'value': '0.90'}]}",OHLC_D_I_TRNGLCANDBEAR,Triangle Breakdown,Stock giving downside breakdown of triange pattern on daily chart.,25,Breakout Scan,Stock giving breakout of Triangle pattern in chart. The triangle pattern is a consolidation pattern and stock rallies in the direction of breakdown,,,False,1,N,,OHLC_D_I_TRNGLCANDBEAR
1777461317,"{'stkname': 'Gandhi Spl Tube', 'ltp': '', 'perChg': '', 'stkId': 'GST', 'displayLock': 'N', 'scanproflg': 1, 'scUrl': 'steel-tubespipes/gandhispecialtubes/GST', 'columns': [{'name': 'change %', 'value': '-1.20'}, {'name': 'Low Price value', 'value': '831.00'}, {'name': 'LTP', 'value': '836.00'}, {'name': 'change absolute', 'value': '-10.15'}]}",OHLC_D_I_TRNGLCANDBEAR,Triangle Breakdown,Stock giving downside breakdown of triange pattern on daily chart.,25,Breakout Scan,Stock giving breakout of Triangle pattern in chart. The triangle pattern is a consolidation pattern and stock rallies in the direction of breakdown,,,False,1,N,,OHLC_D_I_TRNGLCANDBEAR
1777461317,"{'stkname': 'Snowman Logist', 'ltp': '', 'perChg': '', 'stkId': 'SL16', 'displayLock': 'N', 'scanproflg': 1, 'scUrl': 'transportlogistics/snowmanlogistics/SL17', 'columns': [{'name': 'change %', 'value': '-0.87'}, {'name': 'Low Price value', 'value': '41.00'}, {'name': 'LTP', 'value': '41.25'}, {'name': 'change absolute', 'value': '-0.36'}]}",OHLC_D_I_TRNGLCANDBEAR,Triangle Breakdown,Stock giving downside breakdown of triange pattern on daily chart.,25,Breakout Scan,Stock giving breakout of Triangle pattern in chart. The triangle pattern is a consolidation pattern and stock rallies in the direction of breakdown,,,False,1,N,,OHLC_D_I_TRNGLCANDBEAR
1777461317,"{'stkname': 'Aspinwall', 'ltp': '', 'perChg': '', 'stkId': 'AC22', 'displayLock': 'N', 'scanproflg': 1, 'scUrl': 'miscellaneous/aspinwallcompany/AC27', 'columns': [{'name': 'change %', 'value': '-2.04'}, {'name': 'Low Price value', 'value': '226.16'}, {'name': 'LTP', 'value': '228.10'}, {'name': 'change absolute', 'value': '-4.74'}]}",OHLC_D_I_TRNGLCANDBEAR,Triangle Breakdown,Stock giving downside breakdown of triange pattern on daily chart.,25,Breakout Scan,Stock giving breakout of Triangle pattern in chart. The triangle pattern is a consolidation pattern and stock rallies in the direction of breakdown,,,False,1,N,,OHLC_D_I_TRNGLCANDBEAR
1777461317,"{'stkname': 'Lemon Tree', 'ltp': '', 'perChg': '', 'stkId': 'LTH', 'displayLock': 'N', 'scanproflg': 1, 'scUrl': 'hotel-resortrestaurants/lemontreehotels/LTH', 'columns': [{'name': 'change %', 'value': '0.32'}, {'name': 'Low Price value', 'value': '117.91'}, {'name': 'LTP', 'value': '118.99'}, {'name': 'change absolute', 'value': '0.38'}]}",OHLC_D_I_TRNGLCANDBEAR,Triangle Breakdown,Stock giving downside breakdown of triange pattern on daily chart.,25,Breakout Scan,Stock giving breakout of Triangle pattern in chart. The triangle pattern is a consolidation pattern and stock rallies in the direction of breakdown,,,False,1,N,,OHLC_D_I_TRNGLCANDBEAR
1777461317,"{'stkname': 'Speciality Rest', 'ltp': '', 'perChg': '', 'stkId': 'SR04', 'displayLock': 'N', 'scanproflg': 1, 'scUrl': 'hotels/specialityrestaurants/SR06', 'columns': [{'name': 'change %', 'value': '0.44'}, {'name': 'Low Price value', 'value': '99.91'}, {'name': 'LTP', 'value': '101.47'}, {'name': 'change absolute', 'value': '0.44'}]}",OHLC_D_I_TRNGLCANDBEAR,Triangle Breakdown,Stock giving downside breakdown of triange pattern on daily chart.,25,Breakout Scan,Stock giving breakout of Triangle pattern in chart. The triangle pattern is a consolidation pattern and stock rallies in the direction of breakdown,,,False,1,N,,OHLC_D_I_TRNGLCANDBEAR
1777461317,"{'stkname': 'Alldigi Tech', 'ltp': '', 'perChg': '', 'stkId': 'ALL01', 'displayLock': 'N', 'scanproflg': 1, 'scUrl': 'bpoites/alldigitech/ALL01', 'columns': [{'name': 'change %', 'value': '-2.25'}, {'name': 'Low Price value', 'value': '816.05'}, {'name': 'LTP', 'value': '817.80'}, {'name': 'change absolute', 'value': '-18.85'}]}",OHLC_D_I_TRNGLCANDBEAR,Triangle Breakdown,Stock giving downside breakdown of triange pattern on daily chart.,25,Breakout Scan,Stock giving breakout of Triangle pattern in chart. The triangle pattern is a consolidation pattern and stock rallies in the direction of breakdown,,,False,1,N,,OHLC_D_I_TRNGLCANDBEAR
1777461317,"{'stkname': 'Hilton Metal', 'ltp': '', 'perChg': '', 'stkId': 'HMF', 'displayLock': 'N', 'scanproflg': 1, 'scUrl': 'castingsforgings/hiltonmetalforging/HMF', 'columns': [{'name': 'change %', 'value': '-4.31'}, {'name': 'Low Price value', 'value': '23.30'}, {'name': 'LTP', 'value': '23.34'}, {'name': 'change absolute', 'value': '-1.05'}]}",OHLC_D_I_TRNGLCANDBEAR,Triangle Breakdown,Stock giving downside breakdown of triange pattern on daily chart.,25,Breakout Scan,Stock giving breakout of Triangle pattern in chart. The triangle pattern is a consolidation pattern and stock rallies in the direction of breakdown,,,False,1,N,,OHLC_D_I_TRNGLCANDBEAR
1777461317,"{'stkname': 'Khadim India', 'ltp': '', 'perChg': '', 'stkId': 'KIL06', 'displayLock': 'N', 'scanproflg': 1, 'scUrl': 'footwear/khadimindia/KIL', 'columns': [{'name': 'change %', 'value': '0.39'}, {'name': 'Low Price value', 'value': '101.05'}, {'name': 'LTP', 'value': '102.13'}, {'name': 'change absolute', 'value': '0.40'}]}",OHLC_D_I_TRNGLCANDBEAR,Triangle Breakdown,Stock giving downside breakdown of triange pattern on daily chart.,25,Breakout Scan,Stock giving breakout of Triangle pattern in chart. The triangle pattern is a consolidation pattern and stock rallies in the direction of breakdown,,,False,1,N,,OHLC_D_I_TRNGLCANDBEAR
1777461317,"{'stkname': 'Tejas Networks', 'ltp': '', 'perChg': '', 'stkId': 'TN', 'displayLock': 'N', 'scanproflg': 1, 'scUrl': 'telecommunications-equipment/tejasnetworks/TN', 'columns': [{'name': 'change %', 'value': '1.56'}, {'name': 'Low Price value', 'value': '409.40'}, {'name': 'LTP', 'value': '419.20'}, {'name': 'change absolute', 'value': '6.45'}]}",OHLC_D_I_TRNGLCANDBEAR,Triangle Breakdown,Stock giving downside breakdown of triange pattern on daily chart.,25,Breakout Scan,Stock giving breakout of Triangle pattern in chart. The triangle pattern is a consolidation pattern and stock rallies in the direction of breakdown,,,False,1,N,,OHLC_D_I_TRNGLCANDBEAR
1777461317,"{'stkname': 'Relaxo Footwear', 'ltp': '', 'perChg': '', 'stkId': 'RF07', 'displayLock': 'N', 'scanproflg': 1, 'scUrl': 'leather-products/relaxofootwears/RF07', 'columns': [{'name': 'change %', 'value': '-0.77'}, {'name': 'Low Price value', 'value': '302.00'}, {'name': 'LTP', 'value': '302.00'}, {'name': 'change absolute', 'value': '-2.34'}]}",OHLC_D_I_TRNGLCANDBEAR,Triangle Breakdown,Stock giving downside breakdown of triange pattern on daily chart.,25,Breakout Scan,Stock giving breakout of Triangle pattern in chart. The triangle pattern is a consolidation pattern and stock rallies in the direction of breakdown,,,False,1,N,,OHLC_D_I_TRNGLCANDBEAR
1777461317,"{'stkname': 'Parag Milk Food', 'ltp': '', 'perChg': '', 'stkId': 'PMF01', 'displayLock': 'N', 'scanproflg': 1, 'scUrl': 'food-processing/paragmilkfoods/PMF01', 'columns': [{'name': 'change %', 'value': '-1.42'}, {'name': 'Low Price value', 'value': '225.00'}, {'name': 'LTP', 'value': '226.95'}, {'name': 'change absolute', 'value': '-3.26'}]}",OHLC_D_I_TRNGLCANDBEAR,Triangle Breakdown,Stock giving downside breakdown of triange pattern on daily chart.,25,Breakout Scan,Stock giving breakout of Triangle pattern in chart. The triangle pattern is a consolidation pattern and stock rallies in the direction of breakdown,,,False,1,N,,OHLC_D_I_TRNGLCANDBEAR
1777461317,"{'stkname': 'IRB Infra', 'ltp': '', 'perChg': '', 'stkId': 'IID01', 'displayLock': 'N', 'scanproflg': 1, 'scUrl': 'transport-infrastructure/irbinfrastructuredevelopers/IID01', 'columns': [{'name': 'change %', 'value': '-0.69'}, {'name': 'Low Price value', 'value': '21.68'}, {'name': 'LTP', 'value': '21.71'}, {'name': 'change absolute', 'value': '-0.15'}]}",OHLC_D_I_TRNGLCANDBEAR,Triangle Breakdown,Stock giving downside breakdown of triange pattern on daily chart.,25,Breakout Scan,Stock giving breakout of Triangle pattern in chart. The triangle pattern is a consolidation pattern and stock rallies in the direction of breakdown,,,False,1,N,,OHLC_D_I_TRNGLCANDBEAR
1777461317,"{'stkname': 'UTI AMC', 'ltp': '', 'perChg': '', 'stkId': 'UA03', 'displayLock': 'N', 'scanproflg': 1, 'scUrl': 'finance-investment/utiassetmanagementcompany/UA04', 'columns': [{'name': 'change %', 'value': '-0.89'}, {'name': 'Low Price value', 'value': '951.10'}, {'name': 'LTP', 'value': '953.90'}, {'name': 'change absolute', 'value': '-8.60'}]}",OHLC_D_I_TRNGLCANDBEAR,Triangle Breakdown,Stock giving downside breakdown of triange pattern on daily chart.,25,Breakout Scan,Stock giving breakout of Triangle pattern in chart. The triangle pattern is a consolidation pattern and stock rallies in the direction of breakdown,,,False,1,N,,OHLC_D_I_TRNGLCANDBEAR
1777461317,"{'stkname': 'Dhanuka Agritec', 'ltp': '', 'perChg': '', 'stkId': 'DP04', 'displayLock': 'N', 'scanproflg': 1, 'scUrl': 'pesticidesagro-chemicals/dhanukaagritech/DA01', 'columns': [{'name': 'change %', 'value': '-0.75'}, {'name': 'Low Price value', 'value': '1,049.45'}, {'name': 'LTP', 'value': '1,058.00'}, {'name': 'change absolute', 'value': '-8.00'}]}",OHLC_D_I_TRNGLCANDBEAR,Triangle Breakdown,Stock giving downside breakdown of triange pattern on daily chart.,25,Breakout Scan,Stock giving breakout of Triangle pattern in chart. The triangle pattern is a consolidation pattern and stock rallies in the direction of breakdown,,,False,1,N,,OHLC_D_I_TRNGLCANDBEAR
1777461317,"{'stkname': 'BASF', 'ltp': '', 'perChg': '', 'stkId': 'BAS', 'displayLock': 'N', 'scanproflg': 1, 'scUrl': 'chemicals/basfindia/BAS', 'columns': [{'name': 'change %', 'value': '-1.27'}, {'name': 'Low Price value', 'value': '3,583.10'}, {'name': 'LTP', 'value': '3,605.00'}, {'name': 'change absolute', 'value': '-46.30'}]}",OHLC_D_I_TRNGLCANDBEAR,Triangle Breakdown,Stock giving downside breakdown of triange pattern on daily chart.,25,Breakout Scan,Stock giving breakout of Triangle pattern in chart. The triangle pattern is a consolidation pattern and stock rallies in the direction of breakdown,,,False,1,N,,OHLC_D_I_TRNGLCANDBEAR
1777461317,"{'stkname': 'Zen Tech', 'ltp': '', 'perChg': '', 'stkId': 'ZT01', 'displayLock': 'N', 'scanproflg': 1, 'scUrl': 'defence/zentechnologies/ZT01', 'columns': [{'name': 'change %', 'value': '0.14'}, {'name': 'Low Price value', 'value': '1,671.00'}, {'name': 'LTP', 'value': '1,690.00'}, {'name': 'change absolute', 'value': '2.30'}]}",OHLC_D_I_TRNGLCANDBEAR,Triangle Breakdown,Stock giving downside breakdown of triange pattern on daily chart.,25,Breakout Scan,Stock giving breakout of Triangle pattern in chart. The triangle pattern is a consolidation pattern and stock rallies in the direction of breakdown,,,False,1,N,,OHLC_D_I_TRNGLCANDBEAR
1777461317,"{'stkname': 'PC Jeweller', 'ltp': '', 'perChg': '', 'stkId': 'PJ', 'displayLock': 'N', 'scanproflg': 1, 'scUrl': 'diamond-cuttingjewelleryprecious-metals/pcjeweller/PJ', 'columns': [{'name': 'change %', 'value': '0.21'}, {'name': 'Low Price value', 'value': '9.45'}, {'name': 'LTP', 'value': '9.49'}, {'name': 'change absolute', 'value': '0.02'}]}",OHLC_D_I_TRNGLCANDBEAR,Triangle Breakdown,Stock giving downside breakdown of triange pattern on daily chart.,25,Breakout Scan,Stock giving breakout of Triangle pattern in chart. The triangle pattern is a consolidation pattern and stock rallies in the direction of breakdown,,,False,1,N,,OHLC_D_I_TRNGLCANDBEAR
1777461317,"{'stkname': 'IFB Industries', 'ltp': '', 'perChg': '', 'stkId': 'IFB02', 'displayLock': 'N', 'scanproflg': 1, 'scUrl': 'consumer-goods-white-goods/ifbindustries/IFB02', 'columns': [{'name': 'change %', 'value': '-1.44'}, {'name': 'Low Price value', 'value': '1,156.25'}, {'name': 'LTP', 'value': '1,160.00'}, {'name': 'change absolute', 'value': '-16.90'}]}",OHLC_D_I_TRNGLCANDBEAR,Triangle Breakdown,Stock giving downside breakdown of triange pattern on daily chart.,25,Breakout Scan,Stock giving breakout of Triangle pattern in chart. The triangle pattern is a consolidation pattern and stock rallies in the direction of breakdown,,,False,1,N,,OHLC_D_I_TRNGLCANDBEAR
1777461317,"{'stkname': 'Oberoi Realty', 'ltp': '', 'perChg': '', 'stkId': 'OR', 'displayLock': 'N', 'scanproflg': 1, 'scUrl': 'constructioncontracting-real-estate/oberoirealty/OR', 'columns': [{'name': 'change %', 'value': '-0.43'}, {'name': 'Low Price value', 'value': '1,693.80'}, {'name': 'LTP', 'value': '1,703.00'}, {'name': 'change absolute', 'value': '-7.30'}]}",OHLC_D_I_TRNGLCANDBEAR,Triangle Breakdown,Stock giving downside breakdown of triange pattern on daily chart.,25,Breakout Scan,Stock giving breakout of Triangle pattern in chart. The triangle pattern is a consolidation pattern and stock rallies in the direction of breakdown,,,False,1,N,,OHLC_D_I_TRNGLCANDBEAR
1777461317,"{'stkname': 'CHEMPLAST SANMA', 'ltp': '', 'perChg': '', 'stkId': 'CS18', 'displayLock': 'N', 'scanproflg': 1, 'scUrl': 'speciality-chemicals/chemplastsanmar/CS23', 'columns': [{'name': 'change %', 'value': '-0.02'}, {'name': 'Low Price value', 'value': '235.15'}, {'name': 'LTP', 'value': '236.80'}, {'name': 'change absolute', 'value': '-0.05'}]}",OHLC_D_I_TRNGLCANDBEAR,Triangle Breakdown,Stock giving downside breakdown of triange pattern on daily chart.,25,Breakout Scan,Stock giving breakout of Triangle pattern in chart. The triangle pattern is a consolidation pattern and stock rallies in the direction of breakdown,,,False,1,N,,OHLC_D_I_TRNGLCANDBEAR
1777461317,"{'stkname': 'Mah Scooters', 'ltp': '', 'perChg': '', 'stkId': 'MS01', 'displayLock': 'N', 'scanproflg': 1, 'scUrl': 'auto-23-wheelers/maharashtrascooters/MS01', 'columns': [{'name': 'change %', 'value': '-1.10'}, {'name': 'Low Price value', 'value': '12,220.00'}, {'name': 'LTP', 'value': '12,263.00'}, {'name': 'change absolute', 'value': '-136.00'}]}",OHLC_D_I_TRNGLCANDBEAR,Triangle Breakdown,Stock giving downside breakdown of triange pattern on daily chart.,25,Breakout Scan,Stock giving breakout of Triangle pattern in chart. The triangle pattern is a consolidation pattern and stock rallies in the direction of breakdown,,,False,1,N,,OHLC_D_I_TRNGLCANDBEAR
1777461317,"{'stkname': 'TataTeleservice', 'ltp': '', 'perChg': '', 'stkId': 'HTC02', 'displayLock': 'N', 'scanproflg': 1, 'scUrl': 'telecommunications-service/tatateleservicesmaharashtra/TTM01', 'columns': [{'name': 'change %', 'value': '-1.08'}, {'name': 'Low Price value', 'value': '43.27'}, {'name': 'LTP', 'value': '43.81'}, {'name': 'change absolute', 'value': '-0.48'}]}",OHLC_D_I_TRNGLCANDBEAR,Triangle Breakdown,Stock giving downside breakdown of triange pattern on daily chart.,25,Breakout Scan,Stock giving breakout of Triangle pattern in chart. The triangle pattern is a consolidation pattern and stock rallies in the direction of breakdown,,,False,1,N,,OHLC_D_I_TRNGLCANDBEAR
1777461317,"{'stkname': 'Anant Raj', 'ltp': '', 'perChg': '', 'stkId': 'ARI', 'displayLock': 'N', 'scanproflg': 1, 'scUrl': 'construction-real-estate/anantraj/ARI', 'columns': [{'name': 'change %', 'value': '-0.14'}, {'name': 'Low Price value', 'value': '489.20'}, {'name': 'LTP', 'value': '492.40'}, {'name': 'change absolute', 'value': '-0.70'}]}",OHLC_D_I_TRNGLCANDBEAR,Triangle Breakdown,Stock giving downside breakdown of triange pattern on daily chart.,25,Breakout Scan,Stock giving breakout of Triangle pattern in chart. The triangle pattern is a consolidation pattern and stock rallies in the direction of breakdown,,,False,1,N,,OHLC_D_I_TRNGLCANDBEAR
1777461317,"{'stkname': 'Mahindra Logist', 'ltp': '', 'perChg': '', 'stkId': 'ML12', 'displayLock': 'N', 'scanproflg': 1, 'scUrl': 'diversified/mahindralogistics/ML04', 'columns': [{'name': 'change %', 'value': '0.32'}, {'name': 'Low Price value', 'value': '406.25'}, {'name': 'LTP', 'value': '411.40'}, {'name': 'change absolute', 'value': '1.30'}]}",OHLC_D_I_TRNGLCANDBEAR,Triangle Breakdown,Stock giving downside breakdown of triange pattern on daily chart.,25,Breakout Scan,Stock giving breakout of Triangle pattern in chart. The triangle pattern is a consolidation pattern and stock rallies in the direction of breakdown,,,False,1,N,,OHLC_D_I_TRNGLCANDBEAR
1777461317,"{'stkname': 'Dreamfolks Ser.', 'ltp': '', 'perChg': '', 'stkId': 'DS10', 'displayLock': 'N', 'scanproflg': 1, 'scUrl': 'miscellaneous/dreamfolksservices/DS09', 'columns': [{'name': 'change %', 'value': '-1.10'}, {'name': 'Low Price value', 'value': '81.49'}, {'name': 'LTP', 'value': '81.50'}, {'name': 'change absolute', 'value': '-0.91'}]}",OHLC_D_I_TRNGLCANDBEAR,Triangle Breakdown,Stock giving downside breakdown of triange pattern on daily chart.,25,Breakout Scan,Stock giving breakout of Triangle pattern in chart. The triangle pattern is a consolidation pattern and stock rallies in the direction of breakdown,,,False,1,N,,OHLC_D_I_TRNGLCANDBEAR
1777461317,"{'stkname': 'Ipru Nifty IT', 'ltp': '', 'perChg': '', 'stkId': 'IPI03', 'displayLock': 'N', 'scanproflg': 1, 'scUrl': 'etf/iciciprudentialniftyitetf/IPI03', 'columns': [{'name': 'change %', 'value': '0.75'}, {'name': 'Low Price value', 'value': '31.24'}, {'name': 'LTP', 'value': '32.29'}, {'name': 'change absolute', 'value': '0.24'}]}",OHLC_D_I_TRNGLCANDBEAR,Triangle Breakdown,Stock giving downside breakdown of triange pattern on daily chart.,25,Breakout Scan,Stock giving breakout of Triangle pattern in chart. The triangle pattern is a consolidation pattern and stock rallies in the direction of breakdown,,,False,1,N,,OHLC_D_I_TRNGLCANDBEAR
1777461317,"{'stkname': 'HDFC BSE Sensex', 'ltp': '', 'perChg': '', 'stkId': 'HDF05', 'displayLock': 'N', 'scanproflg': 1, 'scUrl': 'etf/hdfcbsesensexetf/HDF05', 'columns': [{'name': 'change %', 'value': '0.65'}, {'name': 'Low Price value', 'value': '86.41'}, {'name': 'LTP', 'value': '87.33'}, {'name': 'change absolute', 'value': '0.56'}]}",OHLC_D_I_TRNGLCANDBEAR,Triangle Breakdown,Stock giving downside breakdown of triange pattern on daily chart.,25,Breakout Scan,Stock giving breakout of Triangle pattern in chart. The triangle pattern is a consolidation pattern and stock rallies in the direction of breakdown,,,False,1,N,,OHLC_D_I_TRNGLCANDBEAR
1777461317,"{'stkname': '', 'ltp': '', 'perChg': '', 'stkId': 'ABSLB13987', 'displayLock': 'Y', 'scanproflg': 3, 'scUrl': 'etf/adityabirlasunlifeniftybanketf/ABSLB13987', 'columns': [{'name': 'change %', 'value': '-0.07'}, {'name': 'Low Price value', 'value': '56.32'}, {'name': 'LTP', 'value': '56.54'}, {'name': 'change absolute', 'value': '-0.04'}]}",OHLC_D_I_10DSTOCHBEAR,Swing Breakdown,Stock crossing below swing low and momentum indicator generating Buy signal,25,Breakout Scan,Stock crossing previous swing low and momentum indicator generating Sell signal. It indicates fresh selling in stock below its previous low,,,False,3,Y,,OHLC_D_I_10DSTOCHBEAR
1777461317,"{'stkname': '', 'ltp': '', 'perChg': '', 'stkId': 'KMF03', 'displayLock': 'Y', 'scanproflg': 3, 'scUrl': 'gold-etf/kotakgoldexchangetradedfund/KMF03', 'columns': [{'name': 'change %', 'value': '-0.78'}, {'name': 'Low Price value', 'value': '120.50'}, {'name': 'LTP', 'value': '122.64'}, {'name': 'change absolute', 'value': '-0.97'}]}",OHLC_D_I_10DSTOCHBEAR,Swing Breakdown,Stock crossing below swing low and momentum indicator generating Buy signal,25,Breakout Scan,Stock crossing previous swing low and momentum indicator generating Sell signal. It indicates fresh selling in stock below its previous low,,,False,3,Y,,OHLC_D_I_10DSTOCHBEAR
1777461317,"{'stkname': '', 'ltp': '', 'perChg': '', 'stkId': 'EBS', 'displayLock': 'Y', 'scanproflg': 3, 'scUrl': 'etf/edelweissbsesensexetf/EBS', 'columns': [{'name': 'change %', 'value': '0.77'}, {'name': 'Low Price value', 'value': '75.55'}, {'name': 'LTP', 'value': '77.68'}, {'name': 'change absolute', 'value': '0.59'}]}",OHLC_D_I_10DSTOCHBEAR,Swing Breakdown,Stock crossing below swing low and momentum indicator generating Buy signal,25,Breakout Scan,Stock crossing previous swing low and momentum indicator generating Sell signal. It indicates fresh selling in stock below its previous low,,,False,3,Y,,OHLC_D_I_10DSTOCHBEAR
1777461317,"{'stkname': '', 'ltp': '', 'perChg': '', 'stkId': 'BGE', 'displayLock': 'Y', 'scanproflg': 3, 'scUrl': 'etf/bandhangoldetf/BGE', 'columns': [{'name': 'change %', 'value': '-0.89'}, {'name': 'Low Price value', 'value': '146.51'}, {'name': 'LTP', 'value': '147.02'}, {'name': 'change absolute', 'value': '-1.32'}]}",OHLC_D_I_10DSTOCHBEAR,Swing Breakdown,Stock crossing below swing low and momentum indicator generating Buy signal,25,Breakout Scan,Stock crossing previous swing low and momentum indicator generating Sell signal. It indicates fresh selling in stock below its previous low,,,False,3,Y,,OHLC_D_I_10DSTOCHBEAR
1777461317,"{'stkname': '', 'ltp': '', 'perChg': '', 'stkId': 'MAGOL14286', 'displayLock': 'Y', 'scanproflg': 3, 'scUrl': 'gold-etf/miraeassetgoldetf/MAGOL14286', 'columns': [{'name': 'change %', 'value': '-1.01'}, {'name': 'Low Price value', 'value': '142.52'}, {'name': 'LTP', 'value': '142.75'}, {'name': 'change absolute', 'value': '-1.46'}]}",OHLC_D_I_10DSTOCHBEAR,Swing Breakdown,Stock crossing below swing low and momentum indicator generating Buy signal,25,Breakout Scan,Stock crossing previous swing low and momentum indicator generating Sell signal. It indicates fresh selling in stock below its previous low,,,False,3,Y,,OHLC_D_I_10DSTOCHBEAR
1777461317,"{'stkname': '', 'ltp': '', 'perChg': '', 'stkId': 'AMF02', 'displayLock': 'Y', 'scanproflg': 3, 'scUrl': 'gold-etf/axismutualfund-goldetf/AMF02', 'columns': [{'name': 'change %', 'value': '-1.00'}, {'name': 'Low Price value', 'value': '120.37'}, {'name': 'LTP', 'value': '122.23'}, {'name': 'change absolute', 'value': '-1.23'}]}",OHLC_D_I_10DSTOCHBEAR,Swing Breakdown,Stock crossing below swing low and momentum indicator generating Buy signal,25,Breakout Scan,Stock crossing previous swing low and momentum indicator generating Sell signal. It indicates fresh selling in stock below its previous low,,,False,3,Y,,OHLC_D_I_10DSTOCHBEAR
1777461317,"{'stkname': '', 'ltp': '', 'perChg': '', 'stkId': 'BSL02', 'displayLock': 'Y', 'scanproflg': 3, 'scUrl': 'gold-etf/birlasunlifegoldetf/BSL02', 'columns': [{'name': 'change %', 'value': '-1.03'}, {'name': 'Low Price value', 'value': '129.02'}, {'name': 'LTP', 'value': '129.22'}, {'name': 'change absolute', 'value': '-1.35'}]}",OHLC_D_I_10DSTOCHBEAR,Swing Breakdown,Stock crossing below swing low and momentum indicator generating Buy signal,25,Breakout Scan,Stock crossing previous swing low and momentum indicator generating Sell signal. It indicates fresh selling in stock below its previous low,,,False,3,Y,,OHLC_D_I_10DSTOCHBEAR
1777461317,"{'stkname': '', 'ltp': '', 'perChg': '', 'stkId': 'GROWW25447', 'displayLock': 'Y', 'scanproflg': 3, 'scUrl': 'etf/growwnifty1drateliquidetf/GROWW25447', 'columns': [{'name': 'change %', 'value': '0.02'}, {'name': 'Low Price value', 'value': '108.55'}, {'name': 'LTP', 'value': '108.84'}, {'name': 'change absolute', 'value': '0.02'}]}",OHLC_D_I_10DSTOCHBEAR,Swing Breakdown,Stock crossing below swing low and momentum indicator generating Buy signal,25,Breakout Scan,Stock crossing previous swing low and momentum indicator generating Sell signal. It indicates fresh selling in stock below its previous low,,,False,3,Y,,OHLC_D_I_10DSTOCHBEAR
1777461317,"{'stkname': '', 'ltp': '', 'perChg': '', 'stkId': 'MAN01', 'displayLock': 'Y', 'scanproflg': 3, 'scUrl': 'etf/miraeassetniftyfinancialservicesetf/MAN01', 'columns': [{'name': 'change %', 'value': '-0.11'}, {'name': 'Low Price value', 'value': '26.73'}, {'name': 'LTP', 'value': '26.80'}, {'name': 'change absolute', 'value': '-0.03'}]}",OHLC_D_I_10DSTOCHBEAR,Swing Breakdown,Stock crossing below swing low and momentum indicator generating Buy signal,25,Breakout Scan,Stock crossing previous swing low and momentum indicator generating Sell signal. It indicates fresh selling in stock below its previous low,,,False,3,Y,,OHLC_D_I_10DSTOCHBEAR
1777461317,"{'stkname': '', 'ltp': '', 'perChg': '', 'stkId': 'EGOLD19933', 'displayLock': 'Y', 'scanproflg': 3, 'scUrl': 'etf/edelweissgoldetf/EGOLD19933', 'columns': [{'name': 'change %', 'value': '-0.78'}, {'name': 'Low Price value', 'value': '146.55'}, {'name': 'LTP', 'value': '147.10'}, {'name': 'change absolute', 'value': '-1.15'}]}",OHLC_D_I_10DSTOCHBEAR,Swing Breakdown,Stock crossing below swing low and momentum indicator generating Buy signal,25,Breakout Scan,Stock crossing previous swing low and momentum indicator generating Sell signal. It indicates fresh selling in stock below its previous low,,,False,3,Y,,OHLC_D_I_10DSTOCHBEAR
1777461317,"{'stkname': '', 'ltp': '', 'perChg': '', 'stkId': 'BANKE17419', 'displayLock': 'Y', 'scanproflg': 3, 'scUrl': 'etf/miraeassetniftybanketf/BANKE17419', 'columns': [{'name': 'change %', 'value': '-0.24'}, {'name': 'Low Price value', 'value': '560.75'}, {'name': 'LTP', 'value': '561.60'}, {'name': 'change absolute', 'value': '-1.34'}]}",OHLC_D_I_10DSTOCHBEAR,Swing Breakdown,Stock crossing below swing low and momentum indicator generating Buy signal,25,Breakout Scan,Stock crossing previous swing low and momentum indicator generating Sell signal. It indicates fresh selling in stock below its previous low,,,False,3,Y,,OHLC_D_I_10DSTOCHBEAR
1777461317,"{'stkname': '', 'ltp': '', 'perChg': '', 'stkId': 'BANKP25725', 'displayLock': 'Y', 'scanproflg': 3, 'scUrl': 'etf/miraeassetniftypsubanketf/BANKP25725', 'columns': [{'name': 'change %', 'value': '-0.38'}, {'name': 'Low Price value', 'value': '86.50'}, {'name': 'LTP', 'value': '86.64'}, {'name': 'change absolute', 'value': '-0.33'}]}",OHLC_D_I_10DSTOCHBEAR,Swing Breakdown,Stock crossing below swing low and momentum indicator generating Buy signal,25,Breakout Scan,Stock crossing previous swing low and momentum indicator generating Sell signal. It indicates fresh selling in stock below its previous low,,,False,3,Y,,OHLC_D_I_10DSTOCHBEAR
1777461317,"{'stkname': '', 'ltp': '', 'perChg': '', 'stkId': 'ESILV20257', 'displayLock': 'Y', 'scanproflg': 3, 'scUrl': 'etf/edelweisssilveretf/ESILV20257', 'columns': [{'name': 'change %', 'value': '-0.05'}, {'name': 'Low Price value', 'value': '233.37'}, {'name': 'LTP', 'value': '234.53'}, {'name': 'change absolute', 'value': '-0.12'}]}",OHLC_D_I_10DSTOCHBEAR,Swing Breakdown,Stock crossing below swing low and momentum indicator generating Buy signal,25,Breakout Scan,Stock crossing previous swing low and momentum indicator generating Sell signal. It indicates fresh selling in stock below its previous low,,,False,3,Y,,OHLC_D_I_10DSTOCHBEAR
1777461317,"{'stkname': '', 'ltp': '', 'perChg': '', 'stkId': 'DSPGO15356', 'displayLock': 'Y', 'scanproflg': 3, 'scUrl': 'gold-etf/dspgoldetf/DSPGO15356', 'columns': [{'name': 'change %', 'value': '-0.81'}, {'name': 'Low Price value', 'value': '142.49'}, {'name': 'LTP', 'value': '142.79'}, {'name': 'change absolute', 'value': '-1.17'}]}",OHLC_D_I_10DSTOCHBEAR,Swing Breakdown,Stock crossing below swing low and momentum indicator generating Buy signal,25,Breakout Scan,Stock crossing previous swing low and momentum indicator generating Sell signal. It indicates fresh selling in stock below its previous low,,,False,3,Y,,OHLC_D_I_10DSTOCHBEAR
1777461317,"{'stkname': '', 'ltp': '', 'perChg': '', 'stkId': 'AOG', 'displayLock': 'Y', 'scanproflg': 3, 'scUrl': 'etf/angelonegoldetf/AOG', 'columns': [{'name': 'change %', 'value': '-0.79'}, {'name': 'Low Price value', 'value': '13.72'}, {'name': 'LTP', 'value': '13.75'}, {'name': 'change absolute', 'value': '-0.11'}]}",OHLC_D_I_10DSTOCHBEAR,Swing Breakdown,Stock crossing below swing low and momentum indicator generating Buy signal,25,Breakout Scan,Stock crossing previous swing low and momentum indicator generating Sell signal. It indicates fresh selling in stock below its previous low,,,False,3,Y,,OHLC_D_I_10DSTOCHBEAR
1777461317,"{'stkname': '', 'ltp': '', 'perChg': '', 'stkId': 'GBE', 'displayLock': 'Y', 'scanproflg': 3, 'scUrl': 'gold-etf/nipponindiaetfgoldbees/GBE', 'columns': [{'name': 'change %', 'value': '-0.89'}, {'name': 'Low Price value', 'value': '121.40'}, {'name': 'LTP', 'value': '121.59'}, {'name': 'change absolute', 'value': '-1.09'}]}",OHLC_D_I_10DSTOCHBEAR,Swing Breakdown,Stock crossing below swing low and momentum indicator generating Buy signal,25,Breakout Scan,Stock crossing previous swing low and momentum indicator generating Sell signal. It indicates fresh selling in stock below its previous low,,,False,3,Y,,OHLC_D_I_10DSTOCHBEAR
1777461317,"{'stkname': '', 'ltp': '', 'perChg': '', 'stkId': 'UTI18', 'displayLock': 'Y', 'scanproflg': 3, 'scUrl': 'gold-etf/utigoldexchangetradedfund/UTI18', 'columns': [{'name': 'change %', 'value': '-0.96'}, {'name': 'Low Price value', 'value': '121.80'}, {'name': 'LTP', 'value': '123.70'}, {'name': 'change absolute', 'value': '-1.20'}]}",OHLC_D_I_10DSTOCHBEAR,Swing Breakdown,Stock crossing below swing low and momentum indicator generating Buy signal,25,Breakout Scan,Stock crossing previous swing low and momentum indicator generating Sell signal. It indicates fresh selling in stock below its previous low,,,False,3,Y,,OHLC_D_I_10DSTOCHBEAR
1777461317,"{'stkname': '', 'ltp': '', 'perChg': '', 'stkId': 'BBNPN24117', 'displayLock': 'Y', 'scanproflg': 3, 'scUrl': 'etf/barodabnpparibasniftybanketf/BBNPN24117', 'columns': [{'name': 'change %', 'value': '1.92'}, {'name': 'Low Price value', 'value': '55.68'}, {'name': 'LTP', 'value': '56.91'}, {'name': 'change absolute', 'value': '1.07'}]}",OHLC_D_I_10DSTOCHBEAR,Swing Breakdown,Stock crossing below swing low and momentum indicator generating Buy signal,25,Breakout Scan,Stock crossing previous swing low and momentum indicator generating Sell signal. It indicates fresh selling in stock below its previous low,,,False,3,Y,,OHLC_D_I_10DSTOCHBEAR
1777461317,"{'stkname': '', 'ltp': '', 'perChg': '', 'stkId': 'GROWW25872', 'displayLock': 'Y', 'scanproflg': 3, 'scUrl': 'etf/growwgoldetf/GROWW25872', 'columns': [{'name': 'change %', 'value': '-0.76'}, {'name': 'Low Price value', 'value': '14.34'}, {'name': 'LTP', 'value': '14.38'}, {'name': 'change absolute', 'value': '-0.11'}]}",OHLC_D_I_10DSTOCHBEAR,Swing Breakdown,Stock crossing below swing low and momentum indicator generating Buy signal,25,Breakout Scan,Stock crossing previous swing low and momentum indicator generating Sell signal. It indicates fresh selling in stock below its previous low,,,False,3,Y,,OHLC_D_I_10DSTOCHBEAR
1777461317,"{'stkname': '', 'ltp': '', 'perChg': '', 'stkId': 'AOS01', 'displayLock': 'Y', 'scanproflg': 3, 'scUrl': 'etf/angelonesilveretf/AOS01', 'columns': [{'name': 'change %', 'value': '-0.33'}, {'name': 'Low Price value', 'value': '8.92'}, {'name': 'LTP', 'value': '9.00'}, {'name': 'change absolute', 'value': '-0.03'}]}",OHLC_D_I_10DSTOCHBEAR,Swing Breakdown,Stock crossing below swing low and momentum indicator generating Buy signal,25,Breakout Scan,Stock crossing previous swing low and momentum indicator generating Sell signal. It indicates fresh selling in stock below its previous low,,,False,3,Y,,OHLC_D_I_10DSTOCHBEAR
1777461317,"{'stkname': '', 'ltp': '', 'perChg': '', 'stkId': 'PNC', 'displayLock': 'Y', 'scanproflg': 3, 'scUrl': 'mediaentertainment/pritishnandycommunications/PNC', 'columns': [{'name': 'change %', 'value': '-3.69'}, {'name': 'Low Price value', 'value': '20.43'}, {'name': 'LTP', 'value': '20.62'}, {'name': 'change absolute', 'value': '-0.79'}]}",OHLC_D_I_10DSTOCHBEAR,Swing Breakdown,Stock crossing below swing low and momentum indicator generating Buy signal,25,Breakout Scan,Stock crossing previous swing low and momentum indicator generating Sell signal. It indicates fresh selling in stock below its previous low,,,False,3,Y,,OHLC_D_I_10DSTOCHBEAR
1777461317,"{'stkname': '', 'ltp': '', 'perChg': '', 'stkId': 'DMC04', 'displayLock': 'Y', 'scanproflg': 3, 'scUrl': 'mediaentertainment/diligentmediacorporationltd/DMC05', 'columns': [{'name': 'change %', 'value': '-1.00'}, {'name': 'Low Price value', 'value': '2.91'}, {'name': 'LTP', 'value': '2.96'}, {'name': 'change absolute', 'value': '-0.03'}]}",OHLC_D_I_10DSTOCHBEAR,Swing Breakdown,Stock crossing below swing low and momentum indicator generating Buy signal,25,Breakout Scan,Stock crossing previous swing low and momentum indicator generating Sell signal. It indicates fresh selling in stock below its previous low,,,False,3,Y,,OHLC_D_I_10DSTOCHBEAR
1777461317,"{'stkname': '', 'ltp': '', 'perChg': '', 'stkId': 'PEI01', 'displayLock': 'Y', 'scanproflg': 3, 'scUrl': 'printingstationery/sambhaavmedia/SM16', 'columns': [{'name': 'change %', 'value': '-1.78'}, {'name': 'Low Price value', 'value': '6.45'}, {'name': 'LTP', 'value': '6.63'}, {'name': 'change absolute', 'value': '-0.12'}]}",OHLC_D_I_10DSTOCHBEAR,Swing Breakdown,Stock crossing below swing low and momentum indicator generating Buy signal,25,Breakout Scan,Stock crossing previous swing low and momentum indicator generating Sell signal. It indicates fresh selling in stock below its previous low,,,False,3,Y,,OHLC_D_I_10DSTOCHBEAR
1777461317,"{'stkname': '', 'ltp': '', 'perChg': '', 'stkId': 'SII06', 'displayLock': 'Y', 'scanproflg': 3, 'scUrl': 'auto-ancillaries-bearings/skfindiaindustrial/SII06', 'columns': [{'name': 'change %', 'value': '-0.65'}, {'name': 'Low Price value', 'value': '2,203.30'}, {'name': 'LTP', 'value': '2,245.00'}, {'name': 'change absolute', 'value': '-14.80'}]}",OHLC_D_I_10DSTOCHBEAR,Swing Breakdown,Stock crossing below swing low and momentum indicator generating Buy signal,25,Breakout Scan,Stock crossing previous swing low and momentum indicator generating Sell signal. It indicates fresh selling in stock below its previous low,,,False,3,Y,,OHLC_D_I_10DSTOCHBEAR
1777461317,"{'stkname': '', 'ltp': '', 'perChg': '', 'stkId': 'CRAMCL', 'displayLock': 'Y', 'scanproflg': 3, 'scUrl': 'finance-investment/canararobecoassetmanagementcompany/CRAMCL', 'columns': [{'name': 'change %', 'value': '-3.71'}, {'name': 'Low Price value', 'value': '255.78'}, {'name': 'LTP', 'value': '258.00'}, {'name': 'change absolute', 'value': '-9.95'}]}",OHLC_D_I_10DSTOCHBEAR,Swing Breakdown,Stock crossing below swing low and momentum indicator generating Buy signal,25,Breakout Scan,Stock crossing previous swing low and momentum indicator generating Sell signal. It indicates fresh selling in stock below its previous low,,,False,3,Y,,OHLC_D_I_10DSTOCHBEAR
1777461317,"{'stkname': '', 'ltp': '', 'perChg': '', 'stkId': 'I10', 'displayLock': 'Y', 'scanproflg': 3, 'scUrl': 'miscellaneous/indosolar/I03', 'columns': [{'name': 'change %', 'value': '-2.97'}, {'name': 'Low Price value', 'value': '428.05'}, {'name': 'LTP', 'value': '436.50'}, {'name': 'change absolute', 'value': '-13.35'}]}",OHLC_D_I_10DSTOCHBEAR,Swing Breakdown,Stock crossing below swing low and momentum indicator generating Buy signal,25,Breakout Scan,Stock crossing previous swing low and momentum indicator generating Sell signal. It indicates fresh selling in stock below its previous low,,,False,3,Y,,OHLC_D_I_10DSTOCHBEAR
1777461317,"{'stkname': '', 'ltp': '', 'perChg': '', 'stkId': 'JAC01', 'displayLock': 'Y', 'scanproflg': 3, 'scUrl': 'miscellaneous/jubilantagriconsumerproducts/JAC01', 'columns': [{'name': 'change %', 'value': '-0.76'}, {'name': 'Low Price value', 'value': '1,690.80'}, {'name': 'LTP', 'value': '1,714.60'}, {'name': 'change absolute', 'value': '-13.20'}]}",OHLC_D_I_10DSTOCHBEAR,Swing Breakdown,Stock crossing below swing low and momentum indicator generating Buy signal,25,Breakout Scan,Stock crossing previous swing low and momentum indicator generating Sell signal. It indicates fresh selling in stock below its previous low,,,False,3,Y,,OHLC_D_I_10DSTOCHBEAR
1777461317,"{'stkname': '', 'ltp': '', 'perChg': '', 'stkId': 'AE16', 'displayLock': 'Y', 'scanproflg': 3, 'scUrl': 'amusement-parksrecreationclub/imagicaaworldentertainment/AE01', 'columns': [{'name': 'change %', 'value': '-1.51'}, {'name': 'Low Price value', 'value': '45.20'}, {'name': 'LTP', 'value': '45.52'}, {'name': 'change absolute', 'value': '-0.70'}]}",OHLC_D_I_10DSTOCHBEAR,Swing Breakdown,Stock crossing below swing low and momentum indicator generating Buy signal,25,Breakout Scan,Stock crossing previous swing low and momentum indicator generating Sell signal. It indicates fresh selling in stock below its previous low,,,False,3,Y,,OHLC_D_I_10DSTOCHBEAR
1777461317,"{'stkname': '', 'ltp': '', 'perChg': '', 'stkId': 'ITS', 'displayLock': 'Y', 'scanproflg': 3, 'scUrl': 'finance-general/indothaisecurities/ITS', 'columns': [{'name': 'change %', 'value': '2.28'}, {'name': 'Low Price value', 'value': '284.80'}, {'name': 'LTP', 'value': '298.90'}, {'name': 'change absolute', 'value': '6.65'}]}",OHLC_D_I_10DSTOCHBEAR,Swing Breakdown,Stock crossing below swing low and momentum indicator generating Buy signal,25,Breakout Scan,Stock crossing previous swing low and momentum indicator generating Sell signal. It indicates fresh selling in stock below its previous low,,,False,3,Y,,OHLC_D_I_10DSTOCHBEAR
1777461317,"{'stkname': '', 'ltp': '', 'perChg': '', 'stkId': 'TFS02', 'displayLock': 'Y', 'scanproflg': 3, 'scUrl': 'hotel-resortrestaurants/travelfoodservices/TFS01', 'columns': [{'name': 'change %', 'value': '0.02'}, {'name': 'Low Price value', 'value': '1,262.60'}, {'name': 'LTP', 'value': '1,285.00'}, {'name': 'change absolute', 'value': '0.20'}]}",OHLC_D_I_10DSTOCHBEAR,Swing Breakdown,Stock crossing below swing low and momentum indicator generating Buy signal,25,Breakout Scan,Stock crossing previous swing low and momentum indicator generating Sell signal. It indicates fresh selling in stock below its previous low,,,False,3,Y,,OHLC_D_I_10DSTOCHBEAR
1777461317,"{'stkname': '', 'ltp': '', 'perChg': '', 'stkId': 'ATE01', 'displayLock': 'Y', 'scanproflg': 3, 'scUrl': 'trading/efci/ATE01', 'columns': [{'name': 'change %', 'value': '-4.49'}, {'name': 'Low Price value', 'value': '189.67'}, {'name': 'LTP', 'value': '190.97'}, {'name': 'change absolute', 'value': '-8.97'}]}",OHLC_D_I_10DSTOCHBEAR,Swing Breakdown,Stock crossing below swing low and momentum indicator generating Buy signal,25,Breakout Scan,Stock crossing previous swing low and momentum indicator generating Sell signal. It indicates fresh selling in stock below its previous low,,,False,3,Y,,OHLC_D_I_10DSTOCHBEAR
1777461317,"{'stkname': '', 'ltp': '', 'perChg': '', 'stkId': 'CL11', 'displayLock': 'Y', 'scanproflg': 3, 'scUrl': 'educational-institutions/crizac/CL12', 'columns': [{'name': 'change %', 'value': '-3.96'}, {'name': 'Low Price value', 'value': '206.00'}, {'name': 'LTP', 'value': '206.61'}, {'name': 'change absolute', 'value': '-8.52'}]}",OHLC_D_I_10DSTOCHBEAR,Swing Breakdown,Stock crossing below swing low and momentum indicator generating Buy signal,25,Breakout Scan,Stock crossing previous swing low and momentum indicator generating Sell signal. It indicates fresh selling in stock below its previous low,,,False,3,Y,,OHLC_D_I_10DSTOCHBEAR
1777461317,"{'stkname': '', 'ltp': '', 'perChg': '', 'stkId': 'GAL', 'displayLock': 'Y', 'scanproflg': 3, 'scUrl': 'speciality-chemicals/gemaromatics/GAL', 'columns': [{'name': 'change %', 'value': '-1.39'}, {'name': 'Low Price value', 'value': '160.90'}, {'name': 'LTP', 'value': '167.00'}, {'name': 'change absolute', 'value': '-2.36'}]}",OHLC_D_I_10DSTOCHBEAR,Swing Breakdown,Stock crossing below swing low and momentum indicator generating Buy signal,25,Breakout Scan,Stock crossing previous swing low and momentum indicator generating Sell signal. It indicates fresh selling in stock below its previous low,,,False,3,Y,,OHLC_D_I_10DSTOCHBEAR
1777461317,"{'stkname': '', 'ltp': '', 'perChg': '', 'stkId': 'ML14', 'displayLock': 'Y', 'scanproflg': 3, 'scUrl': 'specialty-miningmetals/midwest/ML12', 'columns': [{'name': 'change %', 'value': '-2.33'}, {'name': 'Low Price value', 'value': '1,245.00'}, {'name': 'LTP', 'value': '1,248.40'}, {'name': 'change absolute', 'value': '-29.80'}]}",OHLC_D_I_10DSTOCHBEAR,Swing Breakdown,Stock crossing below swing low and momentum indicator generating Buy signal,25,Breakout Scan,Stock crossing previous swing low and momentum indicator generating Sell signal. It indicates fresh selling in stock below its previous low,,,False,3,Y,,OHLC_D_I_10DSTOCHBEAR
1777461317,"{'stkname': '', 'ltp': '', 'perChg': '', 'stkId': 'UEL', 'displayLock': 'Y', 'scanproflg': 3, 'scUrl': 'it-servicesconsulting/unicommerceesolutions/UeL', 'columns': [{'name': 'change %', 'value': '-4.53'}, {'name': 'Low Price value', 'value': '91.92'}, {'name': 'LTP', 'value': '94.00'}, {'name': 'change absolute', 'value': '-4.46'}]}",OHLC_D_I_10DSTOCHBEAR,Swing Breakdown,Stock crossing below swing low and momentum indicator generating Buy signal,25,Breakout Scan,Stock crossing previous swing low and momentum indicator generating Sell signal. It indicates fresh selling in stock below its previous low,,,False,3,Y,,OHLC_D_I_10DSTOCHBEAR
1777461317,"{'stkname': '', 'ltp': '', 'perChg': '', 'stkId': 'SCL14', 'displayLock': 'Y', 'scanproflg': 3, 'scUrl': 'engineering-construction/srmcontractors/SCL14', 'columns': [{'name': 'change %', 'value': '-3.12'}, {'name': 'Low Price value', 'value': '505.00'}, {'name': 'LTP', 'value': '510.00'}, {'name': 'change absolute', 'value': '-16.45'}]}",OHLC_D_I_10DSTOCHBEAR,Swing Breakdown,Stock crossing below swing low and momentum indicator generating Buy signal,25,Breakout Scan,Stock crossing previous swing low and momentum indicator generating Sell signal. It indicates fresh selling in stock below its previous low,,,False,3,Y,,OHLC_D_I_10DSTOCHBEAR
1777461317,"{'stkname': '', 'ltp': '', 'perChg': '', 'stkId': 'GSL10', 'displayLock': 'Y', 'scanproflg': 3, 'scUrl': 'consumer-food/gopalsnacks/GSL10', 'columns': [{'name': 'change %', 'value': '-2.63'}, {'name': 'Low Price value', 'value': '266.45'}, {'name': 'LTP', 'value': '267.90'}, {'name': 'change absolute', 'value': '-7.25'}]}",OHLC_D_I_10DSTOCHBEAR,Swing Breakdown,Stock crossing below swing low and momentum indicator generating Buy signal,25,Breakout Scan,Stock crossing previous swing low and momentum indicator generating Sell signal. It indicates fresh selling in stock below its previous low,,,False,3,Y,,OHLC_D_I_10DSTOCHBEAR
1777461317,"{'stkname': '', 'ltp': '', 'perChg': '', 'stkId': 'EHSL', 'displayLock': 'Y', 'scanproflg': 3, 'scUrl': 'pharmaceuticalsdrugs/enterohealthcaresolutions/EHSL', 'columns': [{'name': 'change %', 'value': '0.54'}, {'name': 'Low Price value', 'value': '1,172.80'}, {'name': 'LTP', 'value': '1,202.00'}, {'name': 'change absolute', 'value': '6.50'}]}",OHLC_D_I_10DSTOCHBEAR,Swing Breakdown,Stock crossing below swing low and momentum indicator generating Buy signal,25,Breakout Scan,Stock crossing previous swing low and momentum indicator generating Sell signal. It indicates fresh selling in stock below its previous low,,,False,3,Y,,OHLC_D_I_10DSTOCHBEAR
1777461317,"{'stkname': '', 'ltp': '', 'perChg': '', 'stkId': 'DEL05', 'displayLock': 'Y', 'scanproflg': 3, 'scUrl': 'electrodeswelding-equipment/diffusionengineers/DEL03', 'columns': [{'name': 'change %', 'value': '-0.48'}, {'name': 'Low Price value', 'value': '294.00'}, {'name': 'LTP', 'value': '298.00'}, {'name': 'change absolute', 'value': '-1.44'}]}",OHLC_D_I_10DSTOCHBEAR,Swing Breakdown,Stock crossing below swing low and momentum indicator generating Buy signal,25,Breakout Scan,Stock crossing previous swing low and momentum indicator generating Sell signal. It indicates fresh selling in stock below its previous low,,,False,3,Y,,OHLC_D_I_10DSTOCHBEAR
1777461317,"{'stkname': '', 'ltp': '', 'perChg': '', 'stkId': 'MAH01', 'displayLock': 'Y', 'scanproflg': 3, 'scUrl': 'hospitalhealthcare-services/mediassisthealthcareservices/MAH01', 'columns': [{'name': 'change %', 'value': '-3.88'}, {'name': 'Low Price value', 'value': '326.45'}, {'name': 'LTP', 'value': '331.95'}, {'name': 'change absolute', 'value': '-13.40'}]}",OHLC_D_I_10DSTOCHBEAR,Swing Breakdown,Stock crossing below swing low and momentum indicator generating Buy signal,25,Breakout Scan,Stock crossing previous swing low and momentum indicator generating Sell signal. It indicates fresh selling in stock below its previous low,,,False,3,Y,,OHLC_D_I_10DSTOCHBEAR
1777461317,"{'stkname': '', 'ltp': '', 'perChg': '', 'stkId': 'AFIL', 'displayLock': 'Y', 'scanproflg': 3, 'scUrl': 'finance-investment/akmefintradeindia/AFIL', 'columns': [{'name': 'change %', 'value': '2.15'}, {'name': 'Low Price value', 'value': '8.70'}, {'name': 'LTP', 'value': '9.02'}, {'name': 'change absolute', 'value': '0.19'}]}",OHLC_D_I_10DSTOCHBEAR,Swing Breakdown,Stock crossing below swing low and momentum indicator generating Buy signal,25,Breakout Scan,Stock crossing previous swing low and momentum indicator generating Sell signal. It indicates fresh selling in stock below its previous low,,,False,3,Y,,OHLC_D_I_10DSTOCHBEAR
1777461317,"{'stkname': '', 'ltp': '', 'perChg': '', 'stkId': 'SL23', 'displayLock': 'Y', 'scanproflg': 3, 'scUrl': 'online-services/swiggy/SL24', 'columns': [{'name': 'change %', 'value': '-2.66'}, {'name': 'Low Price value', 'value': '272.50'}, {'name': 'LTP', 'value': '274.80'}, {'name': 'change absolute', 'value': '-7.50'}]}",OHLC_D_I_10DSTOCHBEAR,Swing Breakdown,Stock crossing below swing low and momentum indicator generating Buy signal,25,Breakout Scan,Stock crossing previous swing low and momentum indicator generating Sell signal. It indicates fresh selling in stock below its previous low,,,False,3,Y,,OHLC_D_I_10DSTOCHBEAR
1777461317,"{'stkname': '', 'ltp': '', 'perChg': '', 'stkId': 'FFSL', 'displayLock': 'Y', 'scanproflg': 3, 'scUrl': 'finance-nbfc/fedbankfinancialservices/FFSL', 'columns': [{'name': 'change %', 'value': '-2.32'}, {'name': 'Low Price value', 'value': '143.22'}, {'name': 'LTP', 'value': '148.09'}, {'name': 'change absolute', 'value': '-3.52'}]}",OHLC_D_I_10DSTOCHBEAR,Swing Breakdown,Stock crossing below swing low and momentum indicator generating Buy signal,25,Breakout Scan,Stock crossing previous swing low and momentum indicator generating Sell signal. It indicates fresh selling in stock below its previous low,,,False,3,Y,,OHLC_D_I_10DSTOCHBEAR
1777461317,"{'stkname': '', 'ltp': '', 'perChg': '', 'stkId': 'IT06', 'displayLock': 'Y', 'scanproflg': 3, 'scUrl': 'computers-software/innovanathinklabs/IT06', 'columns': [{'name': 'change %', 'value': '-0.57'}, {'name': 'Low Price value', 'value': '365.00'}, {'name': 'LTP', 'value': '375.10'}, {'name': 'change absolute', 'value': '-2.15'}]}",OHLC_D_I_10DSTOCHBEAR,Swing Breakdown,Stock crossing below swing low and momentum indicator generating Buy signal,25,Breakout Scan,Stock crossing previous swing low and momentum indicator generating Sell signal. It indicates fresh selling in stock below its previous low,,,False,3,Y,,OHLC_D_I_10DSTOCHBEAR
1777461317,"{'stkname': '', 'ltp': '', 'perChg': '', 'stkId': 'ZLSL', 'displayLock': 'Y', 'scanproflg': 3, 'scUrl': 'online-services/blackbuck/ZLSL', 'columns': [{'name': 'change %', 'value': '-5.46'}, {'name': 'Low Price value', 'value': '545.20'}, {'name': 'LTP', 'value': '549.90'}, {'name': 'change absolute', 'value': '-31.75'}]}",OHLC_D_I_10DSTOCHBEAR,Swing Breakdown,Stock crossing below swing low and momentum indicator generating Buy signal,25,Breakout Scan,Stock crossing previous swing low and momentum indicator generating Sell signal. It indicates fresh selling in stock below its previous low,,,False,3,Y,,OHLC_D_I_10DSTOCHBEAR
1777461317,"{'stkname': '', 'ltp': '', 'perChg': '', 'stkId': 'BHFL', 'displayLock': 'Y', 'scanproflg': 3, 'scUrl': 'finance-housing/bajajhousingfinance/BHFL', 'columns': [{'name': 'change %', 'value': '-1.54'}, {'name': 'Low Price value', 'value': '87.91'}, {'name': 'LTP', 'value': '87.99'}, {'name': 'change absolute', 'value': '-1.38'}]}",OHLC_D_I_10DSTOCHBEAR,Swing Breakdown,Stock crossing below swing low and momentum indicator generating Buy signal,25,Breakout Scan,Stock crossing previous swing low and momentum indicator generating Sell signal. It indicates fresh selling in stock below its previous low,,,False,3,Y,,OHLC_D_I_10DSTOCHBEAR
1777461317,"{'stkname': '', 'ltp': '', 'perChg': '', 'stkId': 'BSL06', 'displayLock': 'Y', 'scanproflg': 3, 'scUrl': 'miscellaneous/brainbeessolutions/BSL06', 'columns': [{'name': 'change %', 'value': '-1.70'}, {'name': 'Low Price value', 'value': '240.05'}, {'name': 'LTP', 'value': '241.41'}, {'name': 'change absolute', 'value': '-4.17'}]}",OHLC_D_I_10DSTOCHBEAR,Swing Breakdown,Stock crossing below swing low and momentum indicator generating Buy signal,25,Breakout Scan,Stock crossing previous swing low and momentum indicator generating Sell signal. It indicates fresh selling in stock below its previous low,,,False,3,Y,,OHLC_D_I_10DSTOCHBEAR
1777461317,"{'stkname': '', 'ltp': '', 'perChg': '', 'stkId': 'RCI02', 'displayLock': 'Y', 'scanproflg': 3, 'scUrl': 'textiles-spinning-synthetic-blended/reliancechemotexindustries/RCI02', 'columns': [{'name': 'change %', 'value': '-0.84'}, {'name': 'Low Price value', 'value': '114.10'}, {'name': 'LTP', 'value': '115.00'}, {'name': 'change absolute', 'value': '-0.98'}]}",OHLC_D_I_10DSTOCHBEAR,Swing Breakdown,Stock crossing below swing low and momentum indicator generating Buy signal,25,Breakout Scan,Stock crossing previous swing low and momentum indicator generating Sell signal. It indicates fresh selling in stock below its previous low,,,False,3,Y,,OHLC_D_I_10DSTOCHBEAR
1777461317,"{'stkname': '', 'ltp': '', 'perChg': '', 'stkId': 'ZA', 'displayLock': 'Y', 'scanproflg': 3, 'scUrl': 'fertilisers/zuariindustries/ZI01', 'columns': [{'name': 'change %', 'value': '-0.79'}, {'name': 'Low Price value', 'value': '260.50'}, {'name': 'LTP', 'value': '264.81'}, {'name': 'change absolute', 'value': '-2.10'}]}",OHLC_D_I_10DSTOCHBEAR,Swing Breakdown,Stock crossing below swing low and momentum indicator generating Buy signal,25,Breakout Scan,Stock crossing previous swing low and momentum indicator generating Sell signal. It indicates fresh selling in stock below its previous low,,,False,3,Y,,OHLC_D_I_10DSTOCHBEAR
1777461317,"{'stkname': '', 'ltp': '', 'perChg': '', 'stkId': 'UE', 'displayLock': 'Y', 'scanproflg': 3, 'scUrl': 'trading/umaexports/UE01', 'columns': [{'name': 'change %', 'value': '-3.51'}, {'name': 'Low Price value', 'value': '25.31'}, {'name': 'LTP', 'value': '25.53'}, {'name': 'change absolute', 'value': '-0.93'}]}",OHLC_D_I_10DSTOCHBEAR,Swing Breakdown,Stock crossing below swing low and momentum indicator generating Buy signal,25,Breakout Scan,Stock crossing previous swing low and momentum indicator generating Sell signal. It indicates fresh selling in stock below its previous low,,,False,3,Y,,OHLC_D_I_10DSTOCHBEAR
1777461317,"{'stkname': '', 'ltp': '', 'perChg': '', 'stkId': 'PL10', 'displayLock': 'Y', 'scanproflg': 3, 'scUrl': 'educational-institutions/physicswallah/PL09', 'columns': [{'name': 'change %', 'value': '3.93'}, {'name': 'Low Price value', 'value': '105.65'}, {'name': 'LTP', 'value': '110.50'}, {'name': 'change absolute', 'value': '4.18'}]}",OHLC_D_I_10DSTOCHBEAR,Swing Breakdown,Stock crossing below swing low and momentum indicator generating Buy signal,25,Breakout Scan,Stock crossing previous swing low and momentum indicator generating Sell signal. It indicates fresh selling in stock below its previous low,,,False,3,Y,,OHLC_D_I_10DSTOCHBEAR
1777461317,"{'stkname': '', 'ltp': '', 'perChg': '', 'stkId': 'ACI13', 'displayLock': 'Y', 'scanproflg': 3, 'scUrl': 'textiles/abcotspinindia/ACI01', 'columns': [{'name': 'change %', 'value': '-5.65'}, {'name': 'Low Price value', 'value': '220.05'}, {'name': 'LTP', 'value': '225.55'}, {'name': 'change absolute', 'value': '-13.50'}]}",OHLC_D_I_10DSTOCHBEAR,Swing Breakdown,Stock crossing below swing low and momentum indicator generating Buy signal,25,Breakout Scan,Stock crossing previous swing low and momentum indicator generating Sell signal. It indicates fresh selling in stock below its previous low,,,False,3,Y,,OHLC_D_I_10DSTOCHBEAR
1777461317,"{'stkname': '', 'ltp': '', 'perChg': '', 'stkId': 'KAR', 'displayLock': 'Y', 'scanproflg': 3, 'scUrl': 'vegetable-oilsproducts/knagriresources/KAR', 'columns': [{'name': 'change %', 'value': '-7.46'}, {'name': 'Low Price value', 'value': '179.00'}, {'name': 'LTP', 'value': '180.00'}, {'name': 'change absolute', 'value': '-14.51'}]}",OHLC_D_I_10DSTOCHBEAR,Swing Breakdown,Stock crossing below swing low and momentum indicator generating Buy signal,25,Breakout Scan,Stock crossing previous swing low and momentum indicator generating Sell signal. It indicates fresh selling in stock below its previous low,,,False,3,Y,,OHLC_D_I_10DSTOCHBEAR
1777461317,"{'stkname': '', 'ltp': '', 'perChg': '', 'stkId': 'STC', 'displayLock': 'Y', 'scanproflg': 3, 'scUrl': 'trading/statetradingcorporationindia/STC', 'columns': [{'name': 'change %', 'value': '-1.42'}, {'name': 'Low Price value', 'value': '118.00'}, {'name': 'LTP', 'value': '118.02'}, {'name': 'change absolute', 'value': '-1.70'}]}",OHLC_D_I_10DSTOCHBEAR,Swing Breakdown,Stock crossing below swing low and momentum indicator generating Buy signal,25,Breakout Scan,Stock crossing previous swing low and momentum indicator generating Sell signal. It indicates fresh selling in stock below its previous low,,,False,3,Y,,OHLC_D_I_10DSTOCHBEAR
1777461317,"{'stkname': '', 'ltp': '', 'perChg': '', 'stkId': 'ICC01', 'displayLock': 'Y', 'scanproflg': 3, 'scUrl': 'textiles-machinery/indiancardclothing/ICC01', 'columns': [{'name': 'change %', 'value': '-2.33'}, {'name': 'Low Price value', 'value': '202.15'}, {'name': 'LTP', 'value': '205.80'}, {'name': 'change absolute', 'value': '-4.90'}]}",OHLC_D_I_10DSTOCHBEAR,Swing Breakdown,Stock crossing below swing low and momentum indicator generating Buy signal,25,Breakout Scan,Stock crossing previous swing low and momentum indicator generating Sell signal. It indicates fresh selling in stock below its previous low,,,False,3,Y,,OHLC_D_I_10DSTOCHBEAR
1777461317,"{'stkname': '', 'ltp': '', 'perChg': '', 'stkId': 'HPF01', 'displayLock': 'Y', 'scanproflg': 3, 'scUrl': 'textiles-readymade-apparels/pearlglobalindustries/HPF01', 'columns': [{'name': 'change %', 'value': '-1.86'}, {'name': 'Low Price value', 'value': '1,525.00'}, {'name': 'LTP', 'value': '1,526.80'}, {'name': 'change absolute', 'value': '-28.90'}]}",OHLC_D_I_10DSTOCHBEAR,Swing Breakdown,Stock crossing below swing low and momentum indicator generating Buy signal,25,Breakout Scan,Stock crossing previous swing low and momentum indicator generating Sell signal. It indicates fresh selling in stock below its previous low,,,False,3,Y,,OHLC_D_I_10DSTOCHBEAR
1777461317,"{'stkname': '', 'ltp': '', 'perChg': '', 'stkId': 'TML02', 'displayLock': 'Y', 'scanproflg': 3, 'scUrl': 'automobile-truckslcvs/tatamotors/TML02', 'columns': [{'name': 'change %', 'value': '-0.37'}, {'name': 'Low Price value', 'value': '414.10'}, {'name': 'LTP', 'value': '416.75'}, {'name': 'change absolute', 'value': '-1.55'}]}",OHLC_D_I_10DSTOCHBEAR,Swing Breakdown,Stock crossing below swing low and momentum indicator generating Buy signal,25,Breakout Scan,Stock crossing previous swing low and momentum indicator generating Sell signal. It indicates fresh selling in stock below its previous low,,,False,3,Y,,OHLC_D_I_10DSTOCHBEAR
1777461317,"{'stkname': '', 'ltp': '', 'perChg': '', 'stkId': 'CIS02', 'displayLock': 'Y', 'scanproflg': 3, 'scUrl': 'software/cmsinfosystems/CIS03', 'columns': [{'name': 'change %', 'value': '-2.10'}, {'name': 'Low Price value', 'value': '291.40'}, {'name': 'LTP', 'value': '293.80'}, {'name': 'change absolute', 'value': '-6.30'}]}",OHLC_D_I_10DSTOCHBEAR,Swing Breakdown,Stock crossing below swing low and momentum indicator generating Buy signal,25,Breakout Scan,Stock crossing previous swing low and momentum indicator generating Sell signal. It indicates fresh selling in stock below its previous low,,,False,3,Y,,OHLC_D_I_10DSTOCHBEAR
1777461317,"{'stkname': '', 'ltp': '', 'perChg': '', 'stkId': 'SPL9', 'displayLock': 'Y', 'scanproflg': 3, 'scUrl': 'textiles-readymade-apparels/splindustries/SPL9', 'columns': [{'name': 'change %', 'value': '0.40'}, {'name': 'Low Price value', 'value': '31.30'}, {'name': 'LTP', 'value': '32.40'}, {'name': 'change absolute', 'value': '0.13'}]}",OHLC_D_I_10DSTOCHBEAR,Swing Breakdown,Stock crossing below swing low and momentum indicator generating Buy signal,25,Breakout Scan,Stock crossing previous swing low and momentum indicator generating Sell signal. It indicates fresh selling in stock below its previous low,,,False,3,Y,,OHLC_D_I_10DSTOCHBEAR
1777461317,"{'stkname': '', 'ltp': '', 'perChg': '', 'stkId': 'VSI01', 'displayLock': 'Y', 'scanproflg': 3, 'scUrl': 'sugar/vishwarajsugarindustries/VSI01', 'columns': [{'name': 'change %', 'value': '2.21'}, {'name': 'Low Price value', 'value': '5.58'}, {'name': 'LTP', 'value': '6.00'}, {'name': 'change absolute', 'value': '0.13'}]}",OHLC_D_I_10DSTOCHBEAR,Swing Breakdown,Stock crossing below swing low and momentum indicator generating Buy signal,25,Breakout Scan,Stock crossing previous swing low and momentum indicator generating Sell signal. It indicates fresh selling in stock below its previous low,,,False,3,Y,,OHLC_D_I_10DSTOCHBEAR
1777461317,"{'stkname': '', 'ltp': '', 'perChg': '', 'stkId': 'MI45', 'displayLock': 'Y', 'scanproflg': 3, 'scUrl': 'textiles-readymade-apparels/vipclothing/MI53', 'columns': [{'name': 'change %', 'value': '-5.71'}, {'name': 'Low Price value', 'value': '20.78'}, {'name': 'LTP', 'value': '21.30'}, {'name': 'change absolute', 'value': '-1.29'}]}",OHLC_D_I_10DSTOCHBEAR,Swing Breakdown,Stock crossing below swing low and momentum indicator generating Buy signal,25,Breakout Scan,Stock crossing previous swing low and momentum indicator generating Sell signal. It indicates fresh selling in stock below its previous low,,,False,3,Y,,OHLC_D_I_10DSTOCHBEAR
1777461317,"{'stkname': '', 'ltp': '', 'perChg': '', 'stkId': 'ASE03', 'displayLock': 'Y', 'scanproflg': 3, 'scUrl': 'sugar/avadhsugarenergy/ASE03', 'columns': [{'name': 'change %', 'value': '0.53'}, {'name': 'Low Price value', 'value': '457.80'}, {'name': 'LTP', 'value': '468.00'}, {'name': 'change absolute', 'value': '2.45'}]}",OHLC_D_I_10DSTOCHBEAR,Swing Breakdown,Stock crossing below swing low and momentum indicator generating Buy signal,25,Breakout Scan,Stock crossing previous swing low and momentum indicator generating Sell signal. It indicates fresh selling in stock below its previous low,,,False,3,Y,,OHLC_D_I_10DSTOCHBEAR
1777461317,"{'stkname': '', 'ltp': '', 'perChg': '', 'stkId': 'RSC', 'displayLock': 'Y', 'scanproflg': 3, 'scUrl': 'sugar/rajshreesugarschemicals/RSC', 'columns': [{'name': 'change %', 'value': '0.69'}, {'name': 'Low Price value', 'value': '33.00'}, {'name': 'LTP', 'value': '33.61'}, {'name': 'change absolute', 'value': '0.23'}]}",OHLC_D_I_10DSTOCHBEAR,Swing Breakdown,Stock crossing below swing low and momentum indicator generating Buy signal,25,Breakout Scan,Stock crossing previous swing low and momentum indicator generating Sell signal. It indicates fresh selling in stock below its previous low,,,False,3,Y,,OHLC_D_I_10DSTOCHBEAR
1777461317,"{'stkname': '', 'ltp': '', 'perChg': '', 'stkId': 'HSS', 'displayLock': 'Y', 'scanproflg': 3, 'scUrl': 'plastics/kingfasciencetechnology/HSS', 'columns': [{'name': 'change %', 'value': '0.57'}, {'name': 'Low Price value', 'value': '4,545.00'}, {'name': 'LTP', 'value': '4,684.00'}, {'name': 'change absolute', 'value': '26.40'}]}",OHLC_D_I_10DSTOCHBEAR,Swing Breakdown,Stock crossing below swing low and momentum indicator generating Buy signal,25,Breakout Scan,Stock crossing previous swing low and momentum indicator generating Sell signal. It indicates fresh selling in stock below its previous low,,,False,3,Y,,OHLC_D_I_10DSTOCHBEAR
1777461317,"{'stkname': '', 'ltp': '', 'perChg': '', 'stkId': 'EID', 'displayLock': 'Y', 'scanproflg': 3, 'scUrl': 'sugar/eidparryindia/EID', 'columns': [{'name': 'change %', 'value': '-0.64'}, {'name': 'Low Price value', 'value': '833.50'}, {'name': 'LTP', 'value': '839.90'}, {'name': 'change absolute', 'value': '-5.45'}]}",OHLC_D_I_10DSTOCHBEAR,Swing Breakdown,Stock crossing below swing low and momentum indicator generating Buy signal,25,Breakout Scan,Stock crossing previous swing low and momentum indicator generating Sell signal. It indicates fresh selling in stock below its previous low,,,False,3,Y,,OHLC_D_I_10DSTOCHBEAR
1777461317,"{'stkname': '', 'ltp': '', 'perChg': '', 'stkId': 'GWR', 'displayLock': 'Y', 'scanproflg': 3, 'scUrl': 'textiles-general/garwaretechnicalfibres/GWR', 'columns': [{'name': 'change %', 'value': '-0.89'}, {'name': 'Low Price value', 'value': '603.85'}, {'name': 'LTP', 'value': '611.00'}, {'name': 'change absolute', 'value': '-5.50'}]}",OHLC_D_I_10DSTOCHBEAR,Swing Breakdown,Stock crossing below swing low and momentum indicator generating Buy signal,25,Breakout Scan,Stock crossing previous swing low and momentum indicator generating Sell signal. It indicates fresh selling in stock below its previous low,,,False,3,Y,,OHLC_D_I_10DSTOCHBEAR
1777461317,"{'stkname': '', 'ltp': '', 'perChg': '', 'stkId': 'ARVIN54248', 'displayLock': 'Y', 'scanproflg': 3, 'scUrl': 'miscellaneous/arvindfashionslimited/ARVIN54248', 'columns': [{'name': 'change %', 'value': '-0.11'}, {'name': 'Low Price value', 'value': '431.00'}, {'name': 'LTP', 'value': '443.95'}, {'name': 'change absolute', 'value': '-0.50'}]}",OHLC_D_I_10DSTOCHBEAR,Swing Breakdown,Stock crossing below swing low and momentum indicator generating Buy signal,25,Breakout Scan,Stock crossing previous swing low and momentum indicator generating Sell signal. It indicates fresh selling in stock below its previous low,,,False,3,Y,,OHLC_D_I_10DSTOCHBEAR
1777461317,"{'stkname': '', 'ltp': '', 'perChg': '', 'stkId': 'DCM02', 'displayLock': 'Y', 'scanproflg': 3, 'scUrl': 'diversified/dcmshriram/DCM02', 'columns': [{'name': 'change %', 'value': '0.50'}, {'name': 'Low Price value', 'value': '1,162.50'}, {'name': 'LTP', 'value': '1,185.00'}, {'name': 'change absolute', 'value': '5.90'}]}",OHLC_D_I_10DSTOCHBEAR,Swing Breakdown,Stock crossing below swing low and momentum indicator generating Buy signal,25,Breakout Scan,Stock crossing previous swing low and momentum indicator generating Sell signal. It indicates fresh selling in stock below its previous low,,,False,3,Y,,OHLC_D_I_10DSTOCHBEAR
1777461317,"{'stkname': '', 'ltp': '', 'perChg': '', 'stkId': 'GI', 'displayLock': 'Y', 'scanproflg': 3, 'scUrl': 'pharmaceuticals/glaxosmithklinepharmaceuticals/GSK', 'columns': [{'name': 'change %', 'value': '-1.79'}, {'name': 'Low Price value', 'value': '2,359.50'}, {'name': 'LTP', 'value': '2,367.00'}, {'name': 'change absolute', 'value': '-43.20'}]}",OHLC_D_I_10DSTOCHBEAR,Swing Breakdown,Stock crossing below swing low and momentum indicator generating Buy signal,25,Breakout Scan,Stock crossing previous swing low and momentum indicator generating Sell signal. It indicates fresh selling in stock below its previous low,,,False,3,Y,,OHLC_D_I_10DSTOCHBEAR
1777461317,"{'stkname': '', 'ltp': '', 'perChg': '', 'stkId': 'KII', 'displayLock': 'Y', 'scanproflg': 3, 'scUrl': 'plastics/kritiindustriesindia/KII', 'columns': [{'name': 'change %', 'value': '0.20'}, {'name': 'Low Price value', 'value': '78.80'}, {'name': 'LTP', 'value': '80.81'}, {'name': 'change absolute', 'value': '0.16'}]}",OHLC_D_I_10DSTOCHBEAR,Swing Breakdown,Stock crossing below swing low and momentum indicator generating Buy signal,25,Breakout Scan,Stock crossing previous swing low and momentum indicator generating Sell signal. It indicates fresh selling in stock below its previous low,,,False,3,Y,,OHLC_D_I_10DSTOCHBEAR
1777461317,"{'stkname': '', 'ltp': '', 'perChg': '', 'stkId': 'ALF02', 'displayLock': 'Y', 'scanproflg': 3, 'scUrl': 'plastics/apollopipes/ALF02', 'columns': [{'name': 'change %', 'value': '3.88'}, {'name': 'Low Price value', 'value': '421.00'}, {'name': 'LTP', 'value': '450.00'}, {'name': 'change absolute', 'value': '16.80'}]}",OHLC_D_I_10DSTOCHBEAR,Swing Breakdown,Stock crossing below swing low and momentum indicator generating Buy signal,25,Breakout Scan,Stock crossing previous swing low and momentum indicator generating Sell signal. It indicates fresh selling in stock below its previous low,,,False,3,Y,,OHLC_D_I_10DSTOCHBEAR
1777461317,"{'stkname': '', 'ltp': '', 'perChg': '', 'stkId': 'SS51', 'displayLock': 'Y', 'scanproflg': 3, 'scUrl': 'retail/shoppersstop/SS51', 'columns': [{'name': 'change %', 'value': '1.09'}, {'name': 'Low Price value', 'value': '286.05'}, {'name': 'LTP', 'value': '295.50'}, {'name': 'change absolute', 'value': '3.20'}]}",OHLC_D_I_10DSTOCHBEAR,Swing Breakdown,Stock crossing below swing low and momentum indicator generating Buy signal,25,Breakout Scan,Stock crossing previous swing low and momentum indicator generating Sell signal. It indicates fresh selling in stock below its previous low,,,False,3,Y,,OHLC_D_I_10DSTOCHBEAR
1777461317,"{'stkname': '', 'ltp': '', 'perChg': '', 'stkId': 'BL04', 'displayLock': 'Y', 'scanproflg': 3, 'scUrl': 'pharmaceuticals/brookslaboratories/BL', 'columns': [{'name': 'change %', 'value': '-4.66'}, {'name': 'Low Price value', 'value': '58.70'}, {'name': 'LTP', 'value': '58.90'}, {'name': 'change absolute', 'value': '-2.88'}]}",OHLC_D_I_10DSTOCHBEAR,Swing Breakdown,Stock crossing below swing low and momentum indicator generating Buy signal,25,Breakout Scan,Stock crossing previous swing low and momentum indicator generating Sell signal. It indicates fresh selling in stock below its previous low,,,False,3,Y,,OHLC_D_I_10DSTOCHBEAR
1777461317,"{'stkname': '', 'ltp': '', 'perChg': '', 'stkId': 'AID', 'displayLock': 'Y', 'scanproflg': 3, 'scUrl': 'pharmaceuticals/astrazenecapharma/AZP', 'columns': [{'name': 'change %', 'value': '-0.50'}, {'name': 'Low Price value', 'value': '8,320.00'}, {'name': 'LTP', 'value': '8,423.00'}, {'name': 'change absolute', 'value': '-42.50'}]}",OHLC_D_I_10DSTOCHBEAR,Swing Breakdown,Stock crossing below swing low and momentum indicator generating Buy signal,25,Breakout Scan,Stock crossing previous swing low and momentum indicator generating Sell signal. It indicates fresh selling in stock below its previous low,,,False,3,Y,,OHLC_D_I_10DSTOCHBEAR
1777461317,"{'stkname': '', 'ltp': '', 'perChg': '', 'stkId': 'BPI02', 'displayLock': 'Y', 'scanproflg': 3, 'scUrl': 'paintsvarnishes/bergerpaintsindia/BPI02', 'columns': [{'name': 'change %', 'value': '0.45'}, {'name': 'Low Price value', 'value': '456.85'}, {'name': 'LTP', 'value': '461.90'}, {'name': 'change absolute', 'value': '2.05'}]}",OHLC_D_I_10DSTOCHBEAR,Swing Breakdown,Stock crossing below swing low and momentum indicator generating Buy signal,25,Breakout Scan,Stock crossing previous swing low and momentum indicator generating Sell signal. It indicates fresh selling in stock below its previous low,,,False,3,Y,,OHLC_D_I_10DSTOCHBEAR
1777461317,"{'stkname': '', 'ltp': '', 'perChg': '', 'stkId': 'NP', 'displayLock': 'Y', 'scanproflg': 3, 'scUrl': 'printingstationery/navneeteducation/NP01', 'columns': [{'name': 'change %', 'value': '-1.38'}, {'name': 'Low Price value', 'value': '141.55'}, {'name': 'LTP', 'value': '143.00'}, {'name': 'change absolute', 'value': '-2.00'}]}",OHLC_D_I_10DSTOCHBEAR,Swing Breakdown,Stock crossing below swing low and momentum indicator generating Buy signal,25,Breakout Scan,Stock crossing previous swing low and momentum indicator generating Sell signal. It indicates fresh selling in stock below its previous low,,,False,3,Y,,OHLC_D_I_10DSTOCHBEAR
1777461317,"{'stkname': '', 'ltp': '', 'perChg': '', 'stkId': 'SI20', 'displayLock': 'Y', 'scanproflg': 3, 'scUrl': 'paper/shreyansindustries/SI20', 'columns': [{'name': 'change %', 'value': '6.81'}, {'name': 'Low Price value', 'value': '161.40'}, {'name': 'LTP', 'value': '179.00'}, {'name': 'change absolute', 'value': '11.42'}]}",OHLC_D_I_10DSTOCHBEAR,Swing Breakdown,Stock crossing below swing low and momentum indicator generating Buy signal,25,Breakout Scan,Stock crossing previous swing low and momentum indicator generating Sell signal. It indicates fresh selling in stock below its previous low,,,False,3,Y,,OHLC_D_I_10DSTOCHBEAR
1777461317,"{'stkname': '', 'ltp': '', 'perChg': '', 'stkId': 'AL11', 'displayLock': 'Y', 'scanproflg': 3, 'scUrl': 'pharmaceuticals/alpalaboratories/AL11', 'columns': [{'name': 'change %', 'value': '-6.24'}, {'name': 'Low Price value', 'value': '63.75'}, {'name': 'LTP', 'value': '64.00'}, {'name': 'change absolute', 'value': '-4.26'}]}",OHLC_D_I_10DSTOCHBEAR,Swing Breakdown,Stock crossing below swing low and momentum indicator generating Buy signal,25,Breakout Scan,Stock crossing previous swing low and momentum indicator generating Sell signal. It indicates fresh selling in stock below its previous low,,,False,3,Y,,OHLC_D_I_10DSTOCHBEAR
1777461317,"{'stkname': '', 'ltp': '', 'perChg': '', 'stkId': 'SC04', 'displayLock': 'Y', 'scanproflg': 3, 'scUrl': 'petrochemicals/savitaoiltechnologies/SOT01', 'columns': [{'name': 'change %', 'value': '-0.87'}, {'name': 'Low Price value', 'value': '356.35'}, {'name': 'LTP', 'value': '365.00'}, {'name': 'change absolute', 'value': '-3.20'}]}",OHLC_D_I_10DSTOCHBEAR,Swing Breakdown,Stock crossing below swing low and momentum indicator generating Buy signal,25,Breakout Scan,Stock crossing previous swing low and momentum indicator generating Sell signal. It indicates fresh selling in stock below its previous low,,,False,3,Y,,OHLC_D_I_10DSTOCHBEAR
1777461317,"{'stkname': '', 'ltp': '', 'perChg': '', 'stkId': 'GLS01', 'displayLock': 'Y', 'scanproflg': 3, 'scUrl': 'pharmaceuticalsdrugs/alivuslifesciences/GLS01', 'columns': [{'name': 'change %', 'value': '-0.45'}, {'name': 'Low Price value', 'value': '994.30'}, {'name': 'LTP', 'value': '1,003.10'}, {'name': 'change absolute', 'value': '-4.55'}]}",OHLC_D_I_10DSTOCHBEAR,Swing Breakdown,Stock crossing below swing low and momentum indicator generating Buy signal,25,Breakout Scan,Stock crossing previous swing low and momentum indicator generating Sell signal. It indicates fresh selling in stock below its previous low,,,False,3,Y,,OHLC_D_I_10DSTOCHBEAR
1777461317,"{'stkname': '', 'ltp': '', 'perChg': '', 'stkId': 'KV04', 'displayLock': 'Y', 'scanproflg': 3, 'scUrl': 'paints/kamdhenuventures/KV04', 'columns': [{'name': 'change %', 'value': '-0.54'}, {'name': 'Low Price value', 'value': '5.37'}, {'name': 'LTP', 'value': '5.55'}, {'name': 'change absolute', 'value': '-0.03'}]}",OHLC_D_I_10DSTOCHBEAR,Swing Breakdown,Stock crossing below swing low and momentum indicator generating Buy signal,25,Breakout Scan,Stock crossing previous swing low and momentum indicator generating Sell signal. It indicates fresh selling in stock below its previous low,,,False,3,Y,,OHLC_D_I_10DSTOCHBEAR
1777461317,"{'stkname': '', 'ltp': '', 'perChg': '', 'stkId': 'MSW', 'displayLock': 'Y', 'scanproflg': 3, 'scUrl': 'auto-ancillaries/mothersonsumiwiringindia/MSW', 'columns': [{'name': 'change %', 'value': '0.94'}, {'name': 'Low Price value', 'value': '37.91'}, {'name': 'LTP', 'value': '39.61'}, {'name': 'change absolute', 'value': '0.37'}]}",OHLC_D_I_10DSTOCHBEAR,Swing Breakdown,Stock crossing below swing low and momentum indicator generating Buy signal,25,Breakout Scan,Stock crossing previous swing low and momentum indicator generating Sell signal. It indicates fresh selling in stock below its previous low,,,False,3,Y,,OHLC_D_I_10DSTOCHBEAR
1777461317,"{'stkname': '', 'ltp': '', 'perChg': '', 'stkId': 'MII', 'displayLock': 'Y', 'scanproflg': 3, 'scUrl': 'steel-tubespipes/manindustriesindia/MII', 'columns': [{'name': 'change %', 'value': '-1.14'}, {'name': 'Low Price value', 'value': '513.70'}, {'name': 'LTP', 'value': '524.00'}, {'name': 'change absolute', 'value': '-6.05'}]}",OHLC_D_I_10DSTOCHBEAR,Swing Breakdown,Stock crossing below swing low and momentum indicator generating Buy signal,25,Breakout Scan,Stock crossing previous swing low and momentum indicator generating Sell signal. It indicates fresh selling in stock below its previous low,,,False,3,Y,,OHLC_D_I_10DSTOCHBEAR
1777461317,"{'stkname': '', 'ltp': '', 'perChg': '', 'stkId': 'XI', 'displayLock': 'Y', 'scanproflg': 3, 'scUrl': 'packaging/xproindia/XI', 'columns': [{'name': 'change %', 'value': '1.56'}, {'name': 'Low Price value', 'value': '1,004.40'}, {'name': 'LTP', 'value': '1,031.00'}, {'name': 'change absolute', 'value': '15.80'}]}",OHLC_D_I_10DSTOCHBEAR,Swing Breakdown,Stock crossing below swing low and momentum indicator generating Buy signal,25,Breakout Scan,Stock crossing previous swing low and momentum indicator generating Sell signal. It indicates fresh selling in stock below its previous low,,,False,3,Y,,OHLC_D_I_10DSTOCHBEAR
1777461317,"{'stkname': '', 'ltp': '', 'perChg': '', 'stkId': 'PF13', 'displayLock': 'Y', 'scanproflg': 3, 'scUrl': 'mediaentertainment/primefocus/PF13', 'columns': [{'name': 'change %', 'value': '2.23'}, {'name': 'Low Price value', 'value': '299.50'}, {'name': 'LTP', 'value': '316.70'}, {'name': 'change absolute', 'value': '6.90'}]}",OHLC_D_I_10DSTOCHBEAR,Swing Breakdown,Stock crossing below swing low and momentum indicator generating Buy signal,25,Breakout Scan,Stock crossing previous swing low and momentum indicator generating Sell signal. It indicates fresh selling in stock below its previous low,,,False,3,Y,,OHLC_D_I_10DSTOCHBEAR
1777461317,"{'stkname': '', 'ltp': '', 'perChg': '', 'stkId': 'GST', 'displayLock': 'Y', 'scanproflg': 3, 'scUrl': 'steel-tubespipes/gandhispecialtubes/GST', 'columns': [{'name': 'change %', 'value': '-1.20'}, {'name': 'Low Price value', 'value': '831.00'}, {'name': 'LTP', 'value': '836.00'}, {'name': 'change absolute', 'value': '-10.15'}]}",OHLC_D_I_10DSTOCHBEAR,Swing Breakdown,Stock crossing below swing low and momentum indicator generating Buy signal,25,Breakout Scan,Stock crossing previous swing low and momentum indicator generating Sell signal. It indicates fresh selling in stock below its previous low,,,False,3,Y,,OHLC_D_I_10DSTOCHBEAR
1777461317,"{'stkname': '', 'ltp': '', 'perChg': '', 'stkId': 'KW', 'displayLock': 'Y', 'scanproflg': 3, 'scUrl': 'ironsteel/kritikawires/KW', 'columns': [{'name': 'change %', 'value': '-2.75'}, {'name': 'Low Price value', 'value': '5.66'}, {'name': 'LTP', 'value': '6.36'}, {'name': 'change absolute', 'value': '-0.18'}]}",OHLC_D_I_10DSTOCHBEAR,Swing Breakdown,Stock crossing below swing low and momentum indicator generating Buy signal,25,Breakout Scan,Stock crossing previous swing low and momentum indicator generating Sell signal. It indicates fresh selling in stock below its previous low,,,False,3,Y,,OHLC_D_I_10DSTOCHBEAR
1777461317,"{'stkname': '', 'ltp': '', 'perChg': '', 'stkId': 'TVT', 'displayLock': 'Y', 'scanproflg': 3, 'scUrl': 'mediaentertainment/tvtodaynetwork/TVT', 'columns': [{'name': 'change %', 'value': '-0.64'}, {'name': 'Low Price value', 'value': '110.73'}, {'name': 'LTP', 'value': '112.50'}, {'name': 'change absolute', 'value': '-0.72'}]}",OHLC_D_I_10DSTOCHBEAR,Swing Breakdown,Stock crossing below swing low and momentum indicator generating Buy signal,25,Breakout Scan,Stock crossing previous swing low and momentum indicator generating Sell signal. It indicates fresh selling in stock below its previous low,,,False,3,Y,,OHLC_D_I_10DSTOCHBEAR
1777461317,"{'stkname': '', 'ltp': '', 'perChg': '', 'stkId': 'IIL03', 'displayLock': 'Y', 'scanproflg': 3, 'scUrl': 'online-services/avenuesai/IIL03', 'columns': [{'name': 'change %', 'value': '-1.63'}, {'name': 'Low Price value', 'value': '13.87'}, {'name': 'LTP', 'value': '13.92'}, {'name': 'change absolute', 'value': '-0.23'}]}",OHLC_D_I_10DSTOCHBEAR,Swing Breakdown,Stock crossing below swing low and momentum indicator generating Buy signal,25,Breakout Scan,Stock crossing previous swing low and momentum indicator generating Sell signal. It indicates fresh selling in stock below its previous low,,,False,3,Y,,OHLC_D_I_10DSTOCHBEAR
1777461317,"{'stkname': '', 'ltp': '', 'perChg': '', 'stkId': 'SE22', 'displayLock': 'Y', 'scanproflg': 3, 'scUrl': 'mediaentertainment/shemarooentertainment/SE03', 'columns': [{'name': 'change %', 'value': '-2.45'}, {'name': 'Low Price value', 'value': '98.00'}, {'name': 'LTP', 'value': '101.05'}, {'name': 'change absolute', 'value': '-2.54'}]}",OHLC_D_I_10DSTOCHBEAR,Swing Breakdown,Stock crossing below swing low and momentum indicator generating Buy signal,25,Breakout Scan,Stock crossing previous swing low and momentum indicator generating Sell signal. It indicates fresh selling in stock below its previous low,,,False,3,Y,,OHLC_D_I_10DSTOCHBEAR
1777461317,"{'stkname': '', 'ltp': '', 'perChg': '', 'stkId': 'GAI03', 'displayLock': 'Y', 'scanproflg': 3, 'scUrl': 'computers-software-mediumsmall/gssinfotech/GAI05', 'columns': [{'name': 'change %', 'value': '-2.76'}, {'name': 'Low Price value', 'value': '13.86'}, {'name': 'LTP', 'value': '14.10'}, {'name': 'change absolute', 'value': '-0.40'}]}",OHLC_D_I_10DSTOCHBEAR,Swing Breakdown,Stock crossing below swing low and momentum indicator generating Buy signal,25,Breakout Scan,Stock crossing previous swing low and momentum indicator generating Sell signal. It indicates fresh selling in stock below its previous low,,,False,3,Y,,OHLC_D_I_10DSTOCHBEAR
1777461317,"{'stkname': '', 'ltp': '', 'perChg': '', 'stkId': 'TS09', 'displayLock': 'Y', 'scanproflg': 3, 'scUrl': 'pharmaceuticals/takesolutions/TS09', 'columns': [{'name': 'change %', 'value': '0.00'}, {'name': 'Low Price value', 'value': '43.56'}, {'name': 'LTP', 'value': '44.44'}, {'name': 'change absolute', 'value': '0.00'}]}",OHLC_D_I_10DSTOCHBEAR,Swing Breakdown,Stock crossing below swing low and momentum indicator generating Buy signal,25,Breakout Scan,Stock crossing previous swing low and momentum indicator generating Sell signal. It indicates fresh selling in stock below its previous low,,,False,3,Y,,OHLC_D_I_10DSTOCHBEAR
1777461317,"{'stkname': '', 'ltp': '', 'perChg': '', 'stkId': 'GDGIL', 'displayLock': 'Y', 'scanproflg': 3, 'scUrl': 'multiline-insurancebrokers/godigitgeneralinsurance/GDGIL', 'columns': [{'name': 'change %', 'value': '-1.20'}, {'name': 'Low Price value', 'value': '312.10'}, {'name': 'LTP', 'value': '313.00'}, {'name': 'change absolute', 'value': '-3.80'}]}",OHLC_D_I_10DSTOCHBEAR,Swing Breakdown,Stock crossing below swing low and momentum indicator generating Buy signal,25,Breakout Scan,Stock crossing previous swing low and momentum indicator generating Sell signal. It indicates fresh selling in stock below its previous low,,,False,3,Y,,OHLC_D_I_10DSTOCHBEAR
1777461317,"{'stkname': '', 'ltp': '', 'perChg': '', 'stkId': 'TREJH7605', 'displayLock': 'Y', 'scanproflg': 3, 'scUrl': 'miscellaneous/trejharasolutionslimited/TREJH7605', 'columns': [{'name': 'change %', 'value': '-3.31'}, {'name': 'Low Price value', 'value': '150.01'}, {'name': 'LTP', 'value': '152.00'}, {'name': 'change absolute', 'value': '-5.20'}]}",OHLC_D_I_10DSTOCHBEAR,Swing Breakdown,Stock crossing below swing low and momentum indicator generating Buy signal,25,Breakout Scan,Stock crossing previous swing low and momentum indicator generating Sell signal. It indicates fresh selling in stock below its previous low,,,False,3,Y,,OHLC_D_I_10DSTOCHBEAR
1777461317,"{'stkname': '', 'ltp': '', 'perChg': '', 'stkId': 'NIA', 'displayLock': 'Y', 'scanproflg': 3, 'scUrl': 'miscellaneous/newindiaassurancecompany/NIA', 'columns': [{'name': 'change %', 'value': '-0.93'}, {'name': 'Low Price value', 'value': '161.02'}, {'name': 'LTP', 'value': '162.00'}, {'name': 'change absolute', 'value': '-1.52'}]}",OHLC_D_I_10DSTOCHBEAR,Swing Breakdown,Stock crossing below swing low and momentum indicator generating Buy signal,25,Breakout Scan,Stock crossing previous swing low and momentum indicator generating Sell signal. It indicates fresh selling in stock below its previous low,,,False,3,Y,,OHLC_D_I_10DSTOCHBEAR
1777461317,"{'stkname': '', 'ltp': '', 'perChg': '', 'stkId': 'ES07', 'displayLock': 'Y', 'scanproflg': 3, 'scUrl': 'computers-software-mediumsmall/eclerxservices/eS06', 'columns': [{'name': 'change %', 'value': '-2.35'}, {'name': 'Low Price value', 'value': '1,406.50'}, {'name': 'LTP', 'value': '1,415.00'}, {'name': 'change absolute', 'value': '-34.10'}]}",OHLC_D_I_10DSTOCHBEAR,Swing Breakdown,Stock crossing below swing low and momentum indicator generating Buy signal,25,Breakout Scan,Stock crossing previous swing low and momentum indicator generating Sell signal. It indicates fresh selling in stock below its previous low,,,False,3,Y,,OHLC_D_I_10DSTOCHBEAR
1777461317,"{'stkname': '', 'ltp': '', 'perChg': '', 'stkId': 'HLV', 'displayLock': 'Y', 'scanproflg': 3, 'scUrl': 'hotels/hlv/HLV', 'columns': [{'name': 'change %', 'value': '-2.71'}, {'name': 'Low Price value', 'value': '8.12'}, {'name': 'LTP', 'value': '8.60'}, {'name': 'change absolute', 'value': '-0.24'}]}",OHLC_D_I_10DSTOCHBEAR,Swing Breakdown,Stock crossing below swing low and momentum indicator generating Buy signal,25,Breakout Scan,Stock crossing previous swing low and momentum indicator generating Sell signal. It indicates fresh selling in stock below its previous low,,,False,3,Y,,OHLC_D_I_10DSTOCHBEAR
1777461317,"{'stkname': '', 'ltp': '', 'perChg': '', 'stkId': 'NT03', 'displayLock': 'Y', 'scanproflg': 3, 'scUrl': 'software/nazaratechnologies/NT', 'columns': [{'name': 'change %', 'value': '-1.54'}, {'name': 'Low Price value', 'value': '263.50'}, {'name': 'LTP', 'value': '264.89'}, {'name': 'change absolute', 'value': '-4.15'}]}",OHLC_D_I_10DSTOCHBEAR,Swing Breakdown,Stock crossing below swing low and momentum indicator generating Buy signal,25,Breakout Scan,Stock crossing previous swing low and momentum indicator generating Sell signal. It indicates fresh selling in stock below its previous low,,,False,3,Y,,OHLC_D_I_10DSTOCHBEAR
1777461317,"{'stkname': '', 'ltp': '', 'perChg': '', 'stkId': 'FCS', 'displayLock': 'Y', 'scanproflg': 3, 'scUrl': 'computers-software-mediumsmall/fcssoftwaresolutions/FCS', 'columns': [{'name': 'change %', 'value': '1.20'}, {'name': 'Low Price value', 'value': '1.65'}, {'name': 'LTP', 'value': '1.69'}, {'name': 'change absolute', 'value': '0.02'}]}",OHLC_D_I_10DSTOCHBEAR,Swing Breakdown,Stock crossing below swing low and momentum indicator generating Buy signal,25,Breakout Scan,Stock crossing previous swing low and momentum indicator generating Sell signal. It indicates fresh selling in stock below its previous low,,,False,3,Y,,OHLC_D_I_10DSTOCHBEAR
1777461317,"{'stkname': '', 'ltp': '', 'perChg': '', 'stkId': 'RS17', 'displayLock': 'Y', 'scanproflg': 3, 'scUrl': 'computers-software/ramcosystem/RS17', 'columns': [{'name': 'change %', 'value': '-1.53'}, {'name': 'Low Price value', 'value': '412.50'}, {'name': 'LTP', 'value': '413.25'}, {'name': 'change absolute', 'value': '-6.40'}]}",OHLC_D_I_10DSTOCHBEAR,Swing Breakdown,Stock crossing below swing low and momentum indicator generating Buy signal,25,Breakout Scan,Stock crossing previous swing low and momentum indicator generating Sell signal. It indicates fresh selling in stock below its previous low,,,False,3,Y,,OHLC_D_I_10DSTOCHBEAR
1777461317,"{'stkname': '', 'ltp': '', 'perChg': '', 'stkId': 'CESCV54233', 'displayLock': 'Y', 'scanproflg': 3, 'scUrl': 'miscellaneous/rpsgventures/CESCV54233', 'columns': [{'name': 'change %', 'value': '5.24'}, {'name': 'Low Price value', 'value': '802.25'}, {'name': 'LTP', 'value': '859.00'}, {'name': 'change absolute', 'value': '42.75'}]}",OHLC_D_I_10DSTOCHBEAR,Swing Breakdown,Stock crossing below swing low and momentum indicator generating Buy signal,25,Breakout Scan,Stock crossing previous swing low and momentum indicator generating Sell signal. It indicates fresh selling in stock below its previous low,,,False,3,Y,,OHLC_D_I_10DSTOCHBEAR
1777461317,"{'stkname': '', 'ltp': '', 'perChg': '', 'stkId': 'FI17', 'displayLock': 'Y', 'scanproflg': 3, 'scUrl': 'computers-software-mediumsmall/intensetechnologies/FI17', 'columns': [{'name': 'change %', 'value': '-2.64'}, {'name': 'Low Price value', 'value': '97.30'}, {'name': 'LTP', 'value': '97.30'}, {'name': 'change absolute', 'value': '-2.64'}]}",OHLC_D_I_10DSTOCHBEAR,Swing Breakdown,Stock crossing below swing low and momentum indicator generating Buy signal,25,Breakout Scan,Stock crossing previous swing low and momentum indicator generating Sell signal. It indicates fresh selling in stock below its previous low,,,False,3,Y,,OHLC_D_I_10DSTOCHBEAR
1777461317,"{'stkname': '', 'ltp': '', 'perChg': '', 'stkId': 'DLP01', 'displayLock': 'Y', 'scanproflg': 3, 'scUrl': 'pharmaceuticals/drlalpathlabs/DLP01', 'columns': [{'name': 'change %', 'value': '-0.99'}, {'name': 'Low Price value', 'value': '1,389.20'}, {'name': 'LTP', 'value': '1,397.70'}, {'name': 'change absolute', 'value': '-14.00'}]}",OHLC_D_I_10DSTOCHBEAR,Swing Breakdown,Stock crossing below swing low and momentum indicator generating Buy signal,25,Breakout Scan,Stock crossing previous swing low and momentum indicator generating Sell signal. It indicates fresh selling in stock below its previous low,,,False,3,Y,,OHLC_D_I_10DSTOCHBEAR
1777461317,"{'stkname': '', 'ltp': '', 'perChg': '', 'stkId': 'HMF', 'displayLock': 'Y', 'scanproflg': 3, 'scUrl': 'castingsforgings/hiltonmetalforging/HMF', 'columns': [{'name': 'change %', 'value': '-4.31'}, {'name': 'Low Price value', 'value': '23.30'}, {'name': 'LTP', 'value': '23.34'}, {'name': 'change absolute', 'value': '-1.05'}]}",OHLC_D_I_10DSTOCHBEAR,Swing Breakdown,Stock crossing below swing low and momentum indicator generating Buy signal,25,Breakout Scan,Stock crossing previous swing low and momentum indicator generating Sell signal. It indicates fresh selling in stock below its previous low,,,False,3,Y,,OHLC_D_I_10DSTOCHBEAR
1777461317,"{'stkname': '', 'ltp': '', 'perChg': '', 'stkId': 'RO01', 'displayLock': 'Y', 'scanproflg': 3, 'scUrl': 'hotels/royalorchidhotels/RO01', 'columns': [{'name': 'change %', 'value': '-1.68'}, {'name': 'Low Price value', 'value': '333.00'}, {'name': 'LTP', 'value': '334.00'}, {'name': 'change absolute', 'value': '-5.70'}]}",OHLC_D_I_10DSTOCHBEAR,Swing Breakdown,Stock crossing below swing low and momentum indicator generating Buy signal,25,Breakout Scan,Stock crossing previous swing low and momentum indicator generating Sell signal. It indicates fresh selling in stock below its previous low,,,False,3,Y,,OHLC_D_I_10DSTOCHBEAR
1777461317,"{'stkname': '', 'ltp': '', 'perChg': '', 'stkId': 'TGV', 'displayLock': 'Y', 'scanproflg': 3, 'scUrl': 'hotels/tajgvkhotelsresorts/TGV', 'columns': [{'name': 'change %', 'value': '-1.22'}, {'name': 'Low Price value', 'value': '315.25'}, {'name': 'LTP', 'value': '316.40'}, {'name': 'change absolute', 'value': '-3.90'}]}",OHLC_D_I_10DSTOCHBEAR,Swing Breakdown,Stock crossing below swing low and momentum indicator generating Buy signal,25,Breakout Scan,Stock crossing previous swing low and momentum indicator generating Sell signal. It indicates fresh selling in stock below its previous low,,,False,3,Y,,OHLC_D_I_10DSTOCHBEAR
1777461317,"{'stkname': '', 'ltp': '', 'perChg': '', 'stkId': 'OPO', 'displayLock': 'Y', 'scanproflg': 3, 'scUrl': 'bpoites/onepointonesolutions/OPO', 'columns': [{'name': 'change %', 'value': '-2.17'}, {'name': 'Low Price value', 'value': '51.62'}, {'name': 'LTP', 'value': '52.63'}, {'name': 'change absolute', 'value': '-1.17'}]}",OHLC_D_I_10DSTOCHBEAR,Swing Breakdown,Stock crossing below swing low and momentum indicator generating Buy signal,25,Breakout Scan,Stock crossing previous swing low and momentum indicator generating Sell signal. It indicates fresh selling in stock below its previous low,,,False,3,Y,,OHLC_D_I_10DSTOCHBEAR
1777461317,"{'stkname': '', 'ltp': '', 'perChg': '', 'stkId': 'SEP', 'displayLock': 'Y', 'scanproflg': 3, 'scUrl': 'food-processing/skmeggproductsexportindia/SKM', 'columns': [{'name': 'change %', 'value': '-3.04'}, {'name': 'Low Price value', 'value': '160.35'}, {'name': 'LTP', 'value': '162.00'}, {'name': 'change absolute', 'value': '-5.08'}]}",OHLC_D_I_10DSTOCHBEAR,Swing Breakdown,Stock crossing below swing low and momentum indicator generating Buy signal,25,Breakout Scan,Stock crossing previous swing low and momentum indicator generating Sell signal. It indicates fresh selling in stock below its previous low,,,False,3,Y,,OHLC_D_I_10DSTOCHBEAR
1777461317,"{'stkname': '', 'ltp': '', 'perChg': '', 'stkId': 'AIE01', 'displayLock': 'Y', 'scanproflg': 3, 'scUrl': 'castingsforgings/aiaengineering/AIE01', 'columns': [{'name': 'change %', 'value': '-0.50'}, {'name': 'Low Price value', 'value': '3,921.40'}, {'name': 'LTP', 'value': '3,974.00'}, {'name': 'change absolute', 'value': '-19.80'}]}",OHLC_D_I_10DSTOCHBEAR,Swing Breakdown,Stock crossing below swing low and momentum indicator generating Buy signal,25,Breakout Scan,Stock crossing previous swing low and momentum indicator generating Sell signal. It indicates fresh selling in stock below its previous low,,,False,3,Y,,OHLC_D_I_10DSTOCHBEAR
1777461317,"{'stkname': '', 'ltp': '', 'perChg': '', 'stkId': 'KD08', 'displayLock': 'Y', 'scanproflg': 3, 'scUrl': 'hospitalhealthcare-services/krsnaadiagnostics/KD03', 'columns': [{'name': 'change %', 'value': '-0.81'}, {'name': 'Low Price value', 'value': '578.40'}, {'name': 'LTP', 'value': '585.00'}, {'name': 'change absolute', 'value': '-4.80'}]}",OHLC_D_I_10DSTOCHBEAR,Swing Breakdown,Stock crossing below swing low and momentum indicator generating Buy signal,25,Breakout Scan,Stock crossing previous swing low and momentum indicator generating Sell signal. It indicates fresh selling in stock below its previous low,,,False,3,Y,,OHLC_D_I_10DSTOCHBEAR
1777461317,"{'stkname': '', 'ltp': '', 'perChg': '', 'stkId': 'SII01', 'displayLock': 'Y', 'scanproflg': 3, 'scUrl': 'householdpersonal-products/safariindustriesindia/SII01', 'columns': [{'name': 'change %', 'value': '-1.87'}, {'name': 'Low Price value', 'value': '1,423.00'}, {'name': 'LTP', 'value': '1,431.50'}, {'name': 'change absolute', 'value': '-27.30'}]}",OHLC_D_I_10DSTOCHBEAR,Swing Breakdown,Stock crossing below swing low and momentum indicator generating Buy signal,25,Breakout Scan,Stock crossing previous swing low and momentum indicator generating Sell signal. It indicates fresh selling in stock below its previous low,,,False,3,Y,,OHLC_D_I_10DSTOCHBEAR
1777461317,"{'stkname': '', 'ltp': '', 'perChg': '', 'stkId': 'CFS01', 'displayLock': 'Y', 'scanproflg': 3, 'scUrl': 'finance-general/choiceinternational/CFS01', 'columns': [{'name': 'change %', 'value': '-2.21'}, {'name': 'Low Price value', 'value': '661.00'}, {'name': 'LTP', 'value': '662.45'}, {'name': 'change absolute', 'value': '-15.00'}]}",OHLC_D_I_10DSTOCHBEAR,Swing Breakdown,Stock crossing below swing low and momentum indicator generating Buy signal,25,Breakout Scan,Stock crossing previous swing low and momentum indicator generating Sell signal. It indicates fresh selling in stock below its previous low,,,False,3,Y,,OHLC_D_I_10DSTOCHBEAR
1777461317,"{'stkname': '', 'ltp': '', 'perChg': '', 'stkId': 'SIS08', 'displayLock': 'Y', 'scanproflg': 3, 'scUrl': 'diversified/shareindiasecurities/SIS09', 'columns': [{'name': 'change %', 'value': '-3.38'}, {'name': 'Low Price value', 'value': '139.70'}, {'name': 'LTP', 'value': '140.21'}, {'name': 'change absolute', 'value': '-4.90'}]}",OHLC_D_I_10DSTOCHBEAR,Swing Breakdown,Stock crossing below swing low and momentum indicator generating Buy signal,25,Breakout Scan,Stock crossing previous swing low and momentum indicator generating Sell signal. It indicates fresh selling in stock below its previous low,,,False,3,Y,,OHLC_D_I_10DSTOCHBEAR
1777461317,"{'stkname': '', 'ltp': '', 'perChg': '', 'stkId': 'BCF03', 'displayLock': 'Y', 'scanproflg': 3, 'scUrl': 'finance-investments/sindhutradelinks/BCF03', 'columns': [{'name': 'change %', 'value': '-2.65'}, {'name': 'Low Price value', 'value': '23.02'}, {'name': 'LTP', 'value': '23.10'}, {'name': 'change absolute', 'value': '-0.63'}]}",OHLC_D_I_10DSTOCHBEAR,Swing Breakdown,Stock crossing below swing low and momentum indicator generating Buy signal,25,Breakout Scan,Stock crossing previous swing low and momentum indicator generating Sell signal. It indicates fresh selling in stock below its previous low,,,False,3,Y,,OHLC_D_I_10DSTOCHBEAR
1777461317,"{'stkname': '', 'ltp': '', 'perChg': '', 'stkId': 'KEC', 'displayLock': 'Y', 'scanproflg': 3, 'scUrl': 'finance-investments/summitsecurities/SS56', 'columns': [{'name': 'change %', 'value': '-2.14'}, {'name': 'Low Price value', 'value': '1,560.00'}, {'name': 'LTP', 'value': '1,615.00'}, {'name': 'change absolute', 'value': '-35.40'}]}",OHLC_D_I_10DSTOCHBEAR,Swing Breakdown,Stock crossing below swing low and momentum indicator generating Buy signal,25,Breakout Scan,Stock crossing previous swing low and momentum indicator generating Sell signal. It indicates fresh selling in stock below its previous low,,,False,3,Y,,OHLC_D_I_10DSTOCHBEAR
1777461317,"{'stkname': '', 'ltp': '', 'perChg': '', 'stkId': 'CDS', 'displayLock': 'Y', 'scanproflg': 3, 'scUrl': 'finance-investment/centraldepositoryservices/CDS', 'columns': [{'name': 'change %', 'value': '-1.48'}, {'name': 'Low Price value', 'value': '1,300.20'}, {'name': 'LTP', 'value': '1,305.00'}, {'name': 'change absolute', 'value': '-19.60'}]}",OHLC_D_I_10DSTOCHBEAR,Swing Breakdown,Stock crossing below swing low and momentum indicator generating Buy signal,25,Breakout Scan,Stock crossing previous swing low and momentum indicator generating Sell signal. It indicates fresh selling in stock below its previous low,,,False,3,Y,,OHLC_D_I_10DSTOCHBEAR
1777461317,"{'stkname': '', 'ltp': '', 'perChg': '', 'stkId': 'IFC', 'displayLock': 'Y', 'scanproflg': 3, 'scUrl': 'finance-term-lending-institutions/ifci/IFC02', 'columns': [{'name': 'change %', 'value': '-2.77'}, {'name': 'Low Price value', 'value': '58.04'}, {'name': 'LTP', 'value': '58.34'}, {'name': 'change absolute', 'value': '-1.66'}]}",OHLC_D_I_10DSTOCHBEAR,Swing Breakdown,Stock crossing below swing low and momentum indicator generating Buy signal,25,Breakout Scan,Stock crossing previous swing low and momentum indicator generating Sell signal. It indicates fresh selling in stock below its previous low,,,False,3,Y,,OHLC_D_I_10DSTOCHBEAR
1777461317,"{'stkname': '', 'ltp': '', 'perChg': '', 'stkId': 'ZPO', 'displayLock': 'Y', 'scanproflg': 3, 'scUrl': 'it-servicesconsulting/zaggleprepaidoceanservices/ZPO', 'columns': [{'name': 'change %', 'value': '-4.63'}, {'name': 'Low Price value', 'value': '242.80'}, {'name': 'LTP', 'value': '243.10'}, {'name': 'change absolute', 'value': '-11.79'}]}",OHLC_D_I_10DSTOCHBEAR,Swing Breakdown,Stock crossing below swing low and momentum indicator generating Buy signal,25,Breakout Scan,Stock crossing previous swing low and momentum indicator generating Sell signal. It indicates fresh selling in stock below its previous low,,,False,3,Y,,OHLC_D_I_10DSTOCHBEAR
1777461317,"{'stkname': '', 'ltp': '', 'perChg': '', 'stkId': 'SE19', 'displayLock': 'Y', 'scanproflg': 3, 'scUrl': 'infrastructure-general/sadbhavengineering/SE19', 'columns': [{'name': 'change %', 'value': '-1.90'}, {'name': 'Low Price value', 'value': '9.79'}, {'name': 'LTP', 'value': '9.79'}, {'name': 'change absolute', 'value': '-0.19'}]}",OHLC_D_I_10DSTOCHBEAR,Swing Breakdown,Stock crossing below swing low and momentum indicator generating Buy signal,25,Breakout Scan,Stock crossing previous swing low and momentum indicator generating Sell signal. It indicates fresh selling in stock below its previous low,,,False,3,Y,,OHLC_D_I_10DSTOCHBEAR
1777461317,"{'stkname': '', 'ltp': '', 'perChg': '', 'stkId': 'SPM05', 'displayLock': 'Y', 'scanproflg': 3, 'scUrl': 'constructioncontracting-civil/spmlinfra/SPM05', 'columns': [{'name': 'change %', 'value': '-1.27'}, {'name': 'Low Price value', 'value': '208.29'}, {'name': 'LTP', 'value': '209.95'}, {'name': 'change absolute', 'value': '-2.70'}]}",OHLC_D_I_10DSTOCHBEAR,Swing Breakdown,Stock crossing below swing low and momentum indicator generating Buy signal,25,Breakout Scan,Stock crossing previous swing low and momentum indicator generating Sell signal. It indicates fresh selling in stock below its previous low,,,False,3,Y,,OHLC_D_I_10DSTOCHBEAR
1777461317,"{'stkname': '', 'ltp': '', 'perChg': '', 'stkId': 'BAS', 'displayLock': 'Y', 'scanproflg': 3, 'scUrl': 'chemicals/basfindia/BAS', 'columns': [{'name': 'change %', 'value': '-1.27'}, {'name': 'Low Price value', 'value': '3,583.10'}, {'name': 'LTP', 'value': '3,605.00'}, {'name': 'change absolute', 'value': '-46.30'}]}",OHLC_D_I_10DSTOCHBEAR,Swing Breakdown,Stock crossing below swing low and momentum indicator generating Buy signal,25,Breakout Scan,Stock crossing previous swing low and momentum indicator generating Sell signal. It indicates fresh selling in stock below its previous low,,,False,3,Y,,OHLC_D_I_10DSTOCHBEAR
1777461317,"{'stkname': '', 'ltp': '', 'perChg': '', 'stkId': 'KP14', 'displayLock': 'Y', 'scanproflg': 3, 'scUrl': 'miscellaneous/krishanaphoschem/KP11', 'columns': [{'name': 'change %', 'value': '-9.42'}, {'name': 'Low Price value', 'value': '598.85'}, {'name': 'LTP', 'value': '606.00'}, {'name': 'change absolute', 'value': '-63.05'}]}",OHLC_D_I_10DSTOCHBEAR,Swing Breakdown,Stock crossing below swing low and momentum indicator generating Buy signal,25,Breakout Scan,Stock crossing previous swing low and momentum indicator generating Sell signal. It indicates fresh selling in stock below its previous low,,,False,3,Y,,OHLC_D_I_10DSTOCHBEAR
1777461317,"{'stkname': '', 'ltp': '', 'perChg': '', 'stkId': 'BR01', 'displayLock': 'Y', 'scanproflg': 3, 'scUrl': 'pesticidesagro-chemicals/bharatrasayan/BR01', 'columns': [{'name': 'change %', 'value': '-0.25'}, {'name': 'Low Price value', 'value': '1,371.10'}, {'name': 'LTP', 'value': '1,384.90'}, {'name': 'change absolute', 'value': '-3.50'}]}",OHLC_D_I_10DSTOCHBEAR,Swing Breakdown,Stock crossing below swing low and momentum indicator generating Buy signal,25,Breakout Scan,Stock crossing previous swing low and momentum indicator generating Sell signal. It indicates fresh selling in stock below its previous low,,,False,3,Y,,OHLC_D_I_10DSTOCHBEAR
1777461317,"{'stkname': '', 'ltp': '', 'perChg': '', 'stkId': 'ACE3', 'displayLock': 'Y', 'scanproflg': 3, 'scUrl': 'engineering-heavy/actionconstructionequipment/ACE3', 'columns': [{'name': 'change %', 'value': '-0.47'}, {'name': 'Low Price value', 'value': '897.05'}, {'name': 'LTP', 'value': '900.00'}, {'name': 'change absolute', 'value': '-4.25'}]}",OHLC_D_I_10DSTOCHBEAR,Swing Breakdown,Stock crossing below swing low and momentum indicator generating Buy signal,25,Breakout Scan,Stock crossing previous swing low and momentum indicator generating Sell signal. It indicates fresh selling in stock below its previous low,,,False,3,Y,,OHLC_D_I_10DSTOCHBEAR
1777461317,"{'stkname': '', 'ltp': '', 'perChg': '', 'stkId': 'UDT', 'displayLock': 'Y', 'scanproflg': 3, 'scUrl': 'engineering-industrial-equipments/uniteddrillingtools/UDT', 'columns': [{'name': 'change %', 'value': '-3.56'}, {'name': 'Low Price value', 'value': '201.00'}, {'name': 'LTP', 'value': '203.00'}, {'name': 'change absolute', 'value': '-7.49'}]}",OHLC_D_I_10DSTOCHBEAR,Swing Breakdown,Stock crossing below swing low and momentum indicator generating Buy signal,25,Breakout Scan,Stock crossing previous swing low and momentum indicator generating Sell signal. It indicates fresh selling in stock below its previous low,,,False,3,Y,,OHLC_D_I_10DSTOCHBEAR
1777461317,"{'stkname': '', 'ltp': '', 'perChg': '', 'stkId': 'AT23', 'displayLock': 'Y', 'scanproflg': 3, 'scUrl': 'electronics-components/avalontechnologies/AT27', 'columns': [{'name': 'change %', 'value': '2.80'}, {'name': 'Low Price value', 'value': '1,029.00'}, {'name': 'LTP', 'value': '1,065.00'}, {'name': 'change absolute', 'value': '29.05'}]}",OHLC_D_I_10DSTOCHBEAR,Swing Breakdown,Stock crossing below swing low and momentum indicator generating Buy signal,25,Breakout Scan,Stock crossing previous swing low and momentum indicator generating Sell signal. It indicates fresh selling in stock below its previous low,,,False,3,Y,,OHLC_D_I_10DSTOCHBEAR
1777461317,"{'stkname': '', 'ltp': '', 'perChg': '', 'stkId': 'EEI', 'displayLock': 'Y', 'scanproflg': 3, 'scUrl': 'engineering-heavy/eimcoeleconindia/EEI', 'columns': [{'name': 'change %', 'value': '-1.29'}, {'name': 'Low Price value', 'value': '1,590.00'}, {'name': 'LTP', 'value': '1,599.80'}, {'name': 'change absolute', 'value': '-20.90'}]}",OHLC_D_I_10DSTOCHBEAR,Swing Breakdown,Stock crossing below swing low and momentum indicator generating Buy signal,25,Breakout Scan,Stock crossing previous swing low and momentum indicator generating Sell signal. It indicates fresh selling in stock below its previous low,,,False,3,Y,,OHLC_D_I_10DSTOCHBEAR
1777461317,"{'stkname': '', 'ltp': '', 'perChg': '', 'stkId': 'E13', 'displayLock': 'Y', 'scanproflg': 3, 'scUrl': 'engineering-construction/ems/E15', 'columns': [{'name': 'change %', 'value': '-1.34'}, {'name': 'Low Price value', 'value': '350.90'}, {'name': 'LTP', 'value': '354.60'}, {'name': 'change absolute', 'value': '-4.80'}]}",OHLC_D_I_10DSTOCHBEAR,Swing Breakdown,Stock crossing below swing low and momentum indicator generating Buy signal,25,Breakout Scan,Stock crossing previous swing low and momentum indicator generating Sell signal. It indicates fresh selling in stock below its previous low,,,False,3,Y,,OHLC_D_I_10DSTOCHBEAR
1777461317,"{'stkname': '', 'ltp': '', 'perChg': '', 'stkId': 'TI30', 'displayLock': 'Y', 'scanproflg': 3, 'scUrl': 'engineering-industrial-equipments/tegaindustries/TI26', 'columns': [{'name': 'change %', 'value': '-1.26'}, {'name': 'Low Price value', 'value': '1,646.10'}, {'name': 'LTP', 'value': '1,651.30'}, {'name': 'change absolute', 'value': '-21.00'}]}",OHLC_D_I_10DSTOCHBEAR,Swing Breakdown,Stock crossing below swing low and momentum indicator generating Buy signal,25,Breakout Scan,Stock crossing previous swing low and momentum indicator generating Sell signal. It indicates fresh selling in stock below its previous low,,,False,3,Y,,OHLC_D_I_10DSTOCHBEAR
1777461317,"{'stkname': '', 'ltp': '', 'perChg': '', 'stkId': 'FLF03', 'displayLock': 'Y', 'scanproflg': 3, 'scUrl': 'miscellaneous/focuslightingfixtures/FLF03', 'columns': [{'name': 'change %', 'value': '-3.66'}, {'name': 'Low Price value', 'value': '75.11'}, {'name': 'LTP', 'value': '76.55'}, {'name': 'change absolute', 'value': '-2.91'}]}",OHLC_D_I_10DSTOCHBEAR,Swing Breakdown,Stock crossing below swing low and momentum indicator generating Buy signal,25,Breakout Scan,Stock crossing previous swing low and momentum indicator generating Sell signal. It indicates fresh selling in stock below its previous low,,,False,3,Y,,OHLC_D_I_10DSTOCHBEAR
1777461317,"{'stkname': '', 'ltp': '', 'perChg': '', 'stkId': 'DPA01', 'displayLock': 'Y', 'scanproflg': 3, 'scUrl': 'miscellaneous/dpabhushan/DPA01', 'columns': [{'name': 'change %', 'value': '-3.79'}, {'name': 'Low Price value', 'value': '1,067.10'}, {'name': 'LTP', 'value': '1,078.95'}, {'name': 'change absolute', 'value': '-42.45'}]}",OHLC_D_I_10DSTOCHBEAR,Swing Breakdown,Stock crossing below swing low and momentum indicator generating Buy signal,25,Breakout Scan,Stock crossing previous swing low and momentum indicator generating Sell signal. It indicates fresh selling in stock below its previous low,,,False,3,Y,,OHLC_D_I_10DSTOCHBEAR
1777461317,"{'stkname': '', 'ltp': '', 'perChg': '', 'stkId': 'ARG', 'displayLock': 'Y', 'scanproflg': 3, 'scUrl': 'construction-real-estate/tarc/ARG', 'columns': [{'name': 'change %', 'value': '-1.77'}, {'name': 'Low Price value', 'value': '131.10'}, {'name': 'LTP', 'value': '132.00'}, {'name': 'change absolute', 'value': '-2.38'}]}",OHLC_D_I_10DSTOCHBEAR,Swing Breakdown,Stock crossing below swing low and momentum indicator generating Buy signal,25,Breakout Scan,Stock crossing previous swing low and momentum indicator generating Sell signal. It indicates fresh selling in stock below its previous low,,,False,3,Y,,OHLC_D_I_10DSTOCHBEAR
1777461317,"{'stkname': '', 'ltp': '', 'perChg': '', 'stkId': 'PCS03', 'displayLock': 'Y', 'scanproflg': 3, 'scUrl': 'constructioncontracting-real-estate/prozonerealty/PCS03', 'columns': [{'name': 'change %', 'value': '-0.86'}, {'name': 'Low Price value', 'value': '58.20'}, {'name': 'LTP', 'value': '62.50'}, {'name': 'change absolute', 'value': '-0.54'}]}",OHLC_D_I_10DSTOCHBEAR,Swing Breakdown,Stock crossing below swing low and momentum indicator generating Buy signal,25,Breakout Scan,Stock crossing previous swing low and momentum indicator generating Sell signal. It indicates fresh selling in stock below its previous low,,,False,3,Y,,OHLC_D_I_10DSTOCHBEAR
1777461317,"{'stkname': '', 'ltp': '', 'perChg': '', 'stkId': 'VDM', 'displayLock': 'Y', 'scanproflg': 3, 'scUrl': 'dyespigments/vidhispecialtyfoodingredients/VDM', 'columns': [{'name': 'change %', 'value': '-0.90'}, {'name': 'Low Price value', 'value': '296.00'}, {'name': 'LTP', 'value': '296.00'}, {'name': 'change absolute', 'value': '-2.70'}]}",OHLC_D_I_10DSTOCHBEAR,Swing Breakdown,Stock crossing below swing low and momentum indicator generating Buy signal,25,Breakout Scan,Stock crossing previous swing low and momentum indicator generating Sell signal. It indicates fresh selling in stock below its previous low,,,False,3,Y,,OHLC_D_I_10DSTOCHBEAR
1777461317,"{'stkname': '', 'ltp': '', 'perChg': '', 'stkId': 'MGS', 'displayLock': 'Y', 'scanproflg': 3, 'scUrl': 'constructioncontracting-housing/peninsulaland/PL10', 'columns': [{'name': 'change %', 'value': '-3.47'}, {'name': 'Low Price value', 'value': '17.30'}, {'name': 'LTP', 'value': '17.50'}, {'name': 'change absolute', 'value': '-0.63'}]}",OHLC_D_I_10DSTOCHBEAR,Swing Breakdown,Stock crossing below swing low and momentum indicator generating Buy signal,25,Breakout Scan,Stock crossing previous swing low and momentum indicator generating Sell signal. It indicates fresh selling in stock below its previous low,,,False,3,Y,,OHLC_D_I_10DSTOCHBEAR
1777461317,"{'stkname': '', 'ltp': '', 'perChg': '', 'stkId': 'SPR01', 'displayLock': 'Y', 'scanproflg': 3, 'scUrl': 'auto-ancillaries/shrirampistonsrings/SPR02', 'columns': [{'name': 'change %', 'value': '-0.75'}, {'name': 'Low Price value', 'value': '3,394.20'}, {'name': 'LTP', 'value': '3,450.00'}, {'name': 'change absolute', 'value': '-26.20'}]}",OHLC_D_I_10DSTOCHBEAR,Swing Breakdown,Stock crossing below swing low and momentum indicator generating Buy signal,25,Breakout Scan,Stock crossing previous swing low and momentum indicator generating Sell signal. It indicates fresh selling in stock below its previous low,,,False,3,Y,,OHLC_D_I_10DSTOCHBEAR
1777461317,"{'stkname': '', 'ltp': '', 'perChg': '', 'stkId': 'FOI', 'displayLock': 'Y', 'scanproflg': 3, 'scUrl': 'miscellaneous/fineorganicsindustries/FOI', 'columns': [{'name': 'change %', 'value': '-0.57'}, {'name': 'Low Price value', 'value': '4,696.00'}, {'name': 'LTP', 'value': '4,718.00'}, {'name': 'change absolute', 'value': '-27.00'}]}",OHLC_D_I_10DSTOCHBEAR,Swing Breakdown,Stock crossing below swing low and momentum indicator generating Buy signal,25,Breakout Scan,Stock crossing previous swing low and momentum indicator generating Sell signal. It indicates fresh selling in stock below its previous low,,,False,3,Y,,OHLC_D_I_10DSTOCHBEAR
1777461317,"{'stkname': '', 'ltp': '', 'perChg': '', 'stkId': 'SIL17', 'displayLock': 'Y', 'scanproflg': 3, 'scUrl': 'pharmaceuticalsdrugs/sigachiindustries/SIL19', 'columns': [{'name': 'change %', 'value': '-0.40'}, {'name': 'Low Price value', 'value': '19.80'}, {'name': 'LTP', 'value': '20.17'}, {'name': 'change absolute', 'value': '-0.08'}]}",OHLC_D_I_10DSTOCHBEAR,Swing Breakdown,Stock crossing below swing low and momentum indicator generating Buy signal,25,Breakout Scan,Stock crossing previous swing low and momentum indicator generating Sell signal. It indicates fresh selling in stock below its previous low,,,False,3,Y,,OHLC_D_I_10DSTOCHBEAR
1777461317,"{'stkname': '', 'ltp': '', 'perChg': '', 'stkId': 'MO04', 'displayLock': 'Y', 'scanproflg': 3, 'scUrl': 'pesticidesagro-chemicals/meghmaniorganics/MO04', 'columns': [{'name': 'change %', 'value': '-3.85'}, {'name': 'Low Price value', 'value': '49.69'}, {'name': 'LTP', 'value': '50.24'}, {'name': 'change absolute', 'value': '-2.01'}]}",OHLC_D_I_10DSTOCHBEAR,Swing Breakdown,Stock crossing below swing low and momentum indicator generating Buy signal,25,Breakout Scan,Stock crossing previous swing low and momentum indicator generating Sell signal. It indicates fresh selling in stock below its previous low,,,False,3,Y,,OHLC_D_I_10DSTOCHBEAR
1777461317,"{'stkname': '', 'ltp': '', 'perChg': '', 'stkId': 'YIL01', 'displayLock': 'Y', 'scanproflg': 3, 'scUrl': 'chemicals/yashoindustries/YIL01', 'columns': [{'name': 'change %', 'value': '-1.50'}, {'name': 'Low Price value', 'value': '1,458.60'}, {'name': 'LTP', 'value': '1,470.00'}, {'name': 'change absolute', 'value': '-22.40'}]}",OHLC_D_I_10DSTOCHBEAR,Swing Breakdown,Stock crossing below swing low and momentum indicator generating Buy signal,25,Breakout Scan,Stock crossing previous swing low and momentum indicator generating Sell signal. It indicates fresh selling in stock below its previous low,,,False,3,Y,,OHLC_D_I_10DSTOCHBEAR
1777461317,"{'stkname': '', 'ltp': '', 'perChg': '', 'stkId': 'TH', 'displayLock': 'Y', 'scanproflg': 3, 'scUrl': 'telecommunications-equipment/honeywellautomation/HA04', 'columns': [{'name': 'change %', 'value': '1.06'}, {'name': 'Low Price value', 'value': '31,075.00'}, {'name': 'LTP', 'value': '31,585.00'}, {'name': 'change absolute', 'value': '330.00'}]}",OHLC_D_I_10DSTOCHBEAR,Swing Breakdown,Stock crossing below swing low and momentum indicator generating Buy signal,25,Breakout Scan,Stock crossing previous swing low and momentum indicator generating Sell signal. It indicates fresh selling in stock below its previous low,,,False,3,Y,,OHLC_D_I_10DSTOCHBEAR
1777461317,"{'stkname': '', 'ltp': '', 'perChg': '', 'stkId': 'AF08', 'displayLock': 'Y', 'scanproflg': 3, 'scUrl': 'constructioncontracting-real-estate/vipul/V04', 'columns': [{'name': 'change %', 'value': '-1.36'}, {'name': 'Low Price value', 'value': '9.88'}, {'name': 'LTP', 'value': '10.15'}, {'name': 'change absolute', 'value': '-0.14'}]}",OHLC_D_I_10DSTOCHBEAR,Swing Breakdown,Stock crossing below swing low and momentum indicator generating Buy signal,25,Breakout Scan,Stock crossing previous swing low and momentum indicator generating Sell signal. It indicates fresh selling in stock below its previous low,,,False,3,Y,,OHLC_D_I_10DSTOCHBEAR
1777461317,"{'stkname': '', 'ltp': '', 'perChg': '', 'stkId': 'DP12', 'displayLock': 'Y', 'scanproflg': 3, 'scUrl': 'dyespigments/dynemicproducts/DP12', 'columns': [{'name': 'change %', 'value': '-3.66'}, {'name': 'Low Price value', 'value': '226.10'}, {'name': 'LTP', 'value': '226.10'}, {'name': 'change absolute', 'value': '-8.60'}]}",OHLC_D_I_10DSTOCHBEAR,Swing Breakdown,Stock crossing below swing low and momentum indicator generating Buy signal,25,Breakout Scan,Stock crossing previous swing low and momentum indicator generating Sell signal. It indicates fresh selling in stock below its previous low,,,False,3,Y,,OHLC_D_I_10DSTOCHBEAR
1777461317,"{'stkname': '', 'ltp': '', 'perChg': '', 'stkId': 'IC', 'displayLock': 'Y', 'scanproflg': 3, 'scUrl': 'cement-major/indiacements/IC', 'columns': [{'name': 'change %', 'value': '-4.45'}, {'name': 'Low Price value', 'value': '400.00'}, {'name': 'LTP', 'value': '400.55'}, {'name': 'change absolute', 'value': '-18.65'}]}",OHLC_D_I_10DSTOCHBEAR,Swing Breakdown,Stock crossing below swing low and momentum indicator generating Buy signal,25,Breakout Scan,Stock crossing previous swing low and momentum indicator generating Sell signal. It indicates fresh selling in stock below its previous low,,,False,3,Y,,OHLC_D_I_10DSTOCHBEAR
1777461317,"{'stkname': '', 'ltp': '', 'perChg': '', 'stkId': 'AGI04', 'displayLock': 'Y', 'scanproflg': 3, 'scUrl': 'ceramicsgranite/asiangranitoindia/AGI04', 'columns': [{'name': 'change %', 'value': '-16.28'}, {'name': 'Low Price value', 'value': '62.29'}, {'name': 'LTP', 'value': '64.44'}, {'name': 'change absolute', 'value': '-12.53'}]}",OHLC_D_I_10DSTOCHBEAR,Swing Breakdown,Stock crossing below swing low and momentum indicator generating Buy signal,25,Breakout Scan,Stock crossing previous swing low and momentum indicator generating Sell signal. It indicates fresh selling in stock below its previous low,,,False,3,Y,,OHLC_D_I_10DSTOCHBEAR
1777461317,"{'stkname': '', 'ltp': '', 'perChg': '', 'stkId': 'SDC', 'displayLock': 'Y', 'scanproflg': 3, 'scUrl': 'cement-major/shreedigvijaycementcompany/SDC', 'columns': [{'name': 'change %', 'value': '-1.26'}, {'name': 'Low Price value', 'value': '69.16'}, {'name': 'LTP', 'value': '73.00'}, {'name': 'change absolute', 'value': '-0.93'}]}",OHLC_D_I_10DSTOCHBEAR,Swing Breakdown,Stock crossing below swing low and momentum indicator generating Buy signal,25,Breakout Scan,Stock crossing previous swing low and momentum indicator generating Sell signal. It indicates fresh selling in stock below its previous low,,,False,3,Y,,OHLC_D_I_10DSTOCHBEAR
1777461317,"{'stkname': '', 'ltp': '', 'perChg': '', 'stkId': 'IVP', 'displayLock': 'Y', 'scanproflg': 3, 'scUrl': 'vanaspatioils/ivp/IVP', 'columns': [{'name': 'change %', 'value': '-3.69'}, {'name': 'Low Price value', 'value': '139.50'}, {'name': 'LTP', 'value': '140.00'}, {'name': 'change absolute', 'value': '-5.37'}]}",OHLC_D_I_10DSTOCHBEAR,Swing Breakdown,Stock crossing below swing low and momentum indicator generating Buy signal,25,Breakout Scan,Stock crossing previous swing low and momentum indicator generating Sell signal. It indicates fresh selling in stock below its previous low,,,False,3,Y,,OHLC_D_I_10DSTOCHBEAR
1777461317,"{'stkname': '', 'ltp': '', 'perChg': '', 'stkId': 'PDC02', 'displayLock': 'Y', 'scanproflg': 3, 'scUrl': 'chemicals/pardrugschemicals/PDC02', 'columns': [{'name': 'change %', 'value': '0.26'}, {'name': 'Low Price value', 'value': '90.55'}, {'name': 'LTP', 'value': '91.30'}, {'name': 'change absolute', 'value': '0.24'}]}",OHLC_D_I_10DSTOCHBEAR,Swing Breakdown,Stock crossing below swing low and momentum indicator generating Buy signal,25,Breakout Scan,Stock crossing previous swing low and momentum indicator generating Sell signal. It indicates fresh selling in stock below its previous low,,,False,3,Y,,OHLC_D_I_10DSTOCHBEAR
1777461317,"{'stkname': '', 'ltp': '', 'perChg': '', 'stkId': 'NVC', 'displayLock': 'Y', 'scanproflg': 3, 'scUrl': 'cement/nuvocovistascorporation/NVC', 'columns': [{'name': 'change %', 'value': '-1.95'}, {'name': 'Low Price value', 'value': '286.00'}, {'name': 'LTP', 'value': '287.00'}, {'name': 'change absolute', 'value': '-5.70'}]}",OHLC_D_I_10DSTOCHBEAR,Swing Breakdown,Stock crossing below swing low and momentum indicator generating Buy signal,25,Breakout Scan,Stock crossing previous swing low and momentum indicator generating Sell signal. It indicates fresh selling in stock below its previous low,,,False,3,Y,,OHLC_D_I_10DSTOCHBEAR
1777461317,"{'stkname': '', 'ltp': '', 'perChg': '', 'stkId': 'PL06', 'displayLock': 'Y', 'scanproflg': 3, 'scUrl': 'ceramicsgranite/pokarna/PL06', 'columns': [{'name': 'change %', 'value': '-2.86'}, {'name': 'Low Price value', 'value': '874.55'}, {'name': 'LTP', 'value': '884.00'}, {'name': 'change absolute', 'value': '-26.00'}]}",OHLC_D_I_10DSTOCHBEAR,Swing Breakdown,Stock crossing below swing low and momentum indicator generating Buy signal,25,Breakout Scan,Stock crossing previous swing low and momentum indicator generating Sell signal. It indicates fresh selling in stock below its previous low,,,False,3,Y,,OHLC_D_I_10DSTOCHBEAR
1777461317,"{'stkname': '', 'ltp': '', 'perChg': '', 'stkId': 'MC22', 'displayLock': 'Y', 'scanproflg': 3, 'scUrl': 'auto-ancillaries/mindacorporation/MC23', 'columns': [{'name': 'change %', 'value': '0.22'}, {'name': 'Low Price value', 'value': '514.00'}, {'name': 'LTP', 'value': '521.05'}, {'name': 'change absolute', 'value': '1.15'}]}",OHLC_D_I_10DSTOCHBEAR,Swing Breakdown,Stock crossing below swing low and momentum indicator generating Buy signal,25,Breakout Scan,Stock crossing previous swing low and momentum indicator generating Sell signal. It indicates fresh selling in stock below its previous low,,,False,3,Y,,OHLC_D_I_10DSTOCHBEAR
1777461317,"{'stkname': '', 'ltp': '', 'perChg': '', 'stkId': 'KI08', 'displayLock': 'Y', 'scanproflg': 3, 'scUrl': 'diversified/kesoramindustries/KI08', 'columns': [{'name': 'change %', 'value': '-1.08'}, {'name': 'Low Price value', 'value': '10.00'}, {'name': 'LTP', 'value': '10.10'}, {'name': 'change absolute', 'value': '-0.11'}]}",OHLC_D_I_10DSTOCHBEAR,Swing Breakdown,Stock crossing below swing low and momentum indicator generating Buy signal,25,Breakout Scan,Stock crossing previous swing low and momentum indicator generating Sell signal. It indicates fresh selling in stock below its previous low,,,False,3,Y,,OHLC_D_I_10DSTOCHBEAR
1777461317,"{'stkname': '', 'ltp': '', 'perChg': '', 'stkId': 'GS19', 'displayLock': 'Y', 'scanproflg': 3, 'scUrl': 'ceramicsmarblegranitesanitaryware/globalsurfaces/GS17', 'columns': [{'name': 'change %', 'value': '-1.18'}, {'name': 'Low Price value', 'value': '56.15'}, {'name': 'LTP', 'value': '56.90'}, {'name': 'change absolute', 'value': '-0.68'}]}",OHLC_D_I_10DSTOCHBEAR,Swing Breakdown,Stock crossing below swing low and momentum indicator generating Buy signal,25,Breakout Scan,Stock crossing previous swing low and momentum indicator generating Sell signal. It indicates fresh selling in stock below its previous low,,,False,3,Y,,OHLC_D_I_10DSTOCHBEAR
1777461317,"{'stkname': '', 'ltp': '', 'perChg': '', 'stkId': 'MC', 'displayLock': 'Y', 'scanproflg': 3, 'scUrl': 'cement-major/theramcocements/MC', 'columns': [{'name': 'change %', 'value': '-0.92'}, {'name': 'Low Price value', 'value': '938.70'}, {'name': 'LTP', 'value': '948.00'}, {'name': 'change absolute', 'value': '-8.80'}]}",OHLC_D_I_10DSTOCHBEAR,Swing Breakdown,Stock crossing below swing low and momentum indicator generating Buy signal,25,Breakout Scan,Stock crossing previous swing low and momentum indicator generating Sell signal. It indicates fresh selling in stock below its previous low,,,False,3,Y,,OHLC_D_I_10DSTOCHBEAR
1777461317,"{'stkname': '', 'ltp': '', 'perChg': '', 'stkId': 'A11', 'displayLock': 'Y', 'scanproflg': 3, 'scUrl': 'auto-ancillaries/gnaaxles/A03', 'columns': [{'name': 'change %', 'value': '0.09'}, {'name': 'Low Price value', 'value': '423.50'}, {'name': 'LTP', 'value': '430.40'}, {'name': 'change absolute', 'value': '0.40'}]}",OHLC_D_I_10DSTOCHBEAR,Swing Breakdown,Stock crossing below swing low and momentum indicator generating Buy signal,25,Breakout Scan,Stock crossing previous swing low and momentum indicator generating Sell signal. It indicates fresh selling in stock below its previous low,,,False,3,Y,,OHLC_D_I_10DSTOCHBEAR
1777461317,"{'stkname': '', 'ltp': '', 'perChg': '', 'stkId': 'TT04', 'displayLock': 'Y', 'scanproflg': 3, 'scUrl': 'bearings/timkenindia/TI23', 'columns': [{'name': 'change %', 'value': '-2.73'}, {'name': 'Low Price value', 'value': '3,415.20'}, {'name': 'LTP', 'value': '3,439.00'}, {'name': 'change absolute', 'value': '-96.40'}]}",OHLC_D_I_10DSTOCHBEAR,Swing Breakdown,Stock crossing below swing low and momentum indicator generating Buy signal,25,Breakout Scan,Stock crossing previous swing low and momentum indicator generating Sell signal. It indicates fresh selling in stock below its previous low,,,False,3,Y,,OHLC_D_I_10DSTOCHBEAR
1777461317,"{'stkname': '', 'ltp': '', 'perChg': '', 'stkId': 'PPP03', 'displayLock': 'Y', 'scanproflg': 3, 'scUrl': 'auto-ancillaries/ppapautomotive/PPP03', 'columns': [{'name': 'change %', 'value': '-0.76'}, {'name': 'Low Price value', 'value': '206.60'}, {'name': 'LTP', 'value': '211.60'}, {'name': 'change absolute', 'value': '-1.62'}]}",OHLC_D_I_10DSTOCHBEAR,Swing Breakdown,Stock crossing below swing low and momentum indicator generating Buy signal,25,Breakout Scan,Stock crossing previous swing low and momentum indicator generating Sell signal. It indicates fresh selling in stock below its previous low,,,False,3,Y,,OHLC_D_I_10DSTOCHBEAR
1777461317,"{'stkname': '', 'ltp': '', 'perChg': '', 'stkId': 'LAT', 'displayLock': 'Y', 'scanproflg': 3, 'scUrl': 'auto-ancillaries/lumaxautotechnologies/LAT01', 'columns': [{'name': 'change %', 'value': '-2.78'}, {'name': 'Low Price value', 'value': '1,604.00'}, {'name': 'LTP', 'value': '1,617.00'}, {'name': 'change absolute', 'value': '-46.20'}]}",OHLC_D_I_10DSTOCHBEAR,Swing Breakdown,Stock crossing below swing low and momentum indicator generating Buy signal,25,Breakout Scan,Stock crossing previous swing low and momentum indicator generating Sell signal. It indicates fresh selling in stock below its previous low,,,False,3,Y,,OHLC_D_I_10DSTOCHBEAR
1777461317,"{'stkname': '', 'ltp': '', 'perChg': '', 'stkId': 'TCI', 'displayLock': 'Y', 'scanproflg': 3, 'scUrl': 'miscellaneous/thomascookindia/TCI', 'columns': [{'name': 'change %', 'value': '-3.12'}, {'name': 'Low Price value', 'value': '94.33'}, {'name': 'LTP', 'value': '95.50'}, {'name': 'change absolute', 'value': '-3.08'}]}",OHLC_D_I_10DSTOCHBEAR,Swing Breakdown,Stock crossing below swing low and momentum indicator generating Buy signal,25,Breakout Scan,Stock crossing previous swing low and momentum indicator generating Sell signal. It indicates fresh selling in stock below its previous low,,,False,3,Y,,OHLC_D_I_10DSTOCHBEAR
1777461317,"{'stkname': '', 'ltp': '', 'perChg': '', 'stkId': 'TCL06', 'displayLock': 'Y', 'scanproflg': 3, 'scUrl': 'finance-nbfc/tatacapital/TCL06', 'columns': [{'name': 'change %', 'value': '-0.09'}, {'name': 'Low Price value', 'value': '322.20'}, {'name': 'LTP', 'value': '325.50'}, {'name': 'change absolute', 'value': '-0.30'}]}",OHLC_D_I_10DSTOCHBEAR,Swing Breakdown,Stock crossing below swing low and momentum indicator generating Buy signal,25,Breakout Scan,Stock crossing previous swing low and momentum indicator generating Sell signal. It indicates fresh selling in stock below its previous low,,,False,3,Y,,OHLC_D_I_10DSTOCHBEAR
1777461317,"{'stkname': '', 'ltp': '', 'perChg': '', 'stkId': 'T', 'displayLock': 'Y', 'scanproflg': 3, 'scUrl': 'infrastructure-general/thermax/T', 'columns': [{'name': 'change %', 'value': '-0.26'}, {'name': 'Low Price value', 'value': '3,960.00'}, {'name': 'LTP', 'value': '4,004.90'}, {'name': 'change absolute', 'value': '-10.40'}]}",OHLC_D_I_10DSTOCHBEAR,Swing Breakdown,Stock crossing below swing low and momentum indicator generating Buy signal,25,Breakout Scan,Stock crossing previous swing low and momentum indicator generating Sell signal. It indicates fresh selling in stock below its previous low,,,False,3,Y,,OHLC_D_I_10DSTOCHBEAR
1777461317,"{'stkname': '', 'ltp': '', 'perChg': '', 'stkId': 'CT09', 'displayLock': 'Y', 'scanproflg': 3, 'scUrl': 'automobile-dealersdistributors/cartradetech/CT12', 'columns': [{'name': 'change %', 'value': '-0.91'}, {'name': 'Low Price value', 'value': '1,640.00'}, {'name': 'LTP', 'value': '1,648.00'}, {'name': 'change absolute', 'value': '-15.20'}]}",OHLC_D_I_10DSTOCHBEAR,Swing Breakdown,Stock crossing below swing low and momentum indicator generating Buy signal,25,Breakout Scan,Stock crossing previous swing low and momentum indicator generating Sell signal. It indicates fresh selling in stock below its previous low,,,False,3,Y,,OHLC_D_I_10DSTOCHBEAR
1777461317,"{'stkname': '', 'ltp': '', 'perChg': '', 'stkId': 'FIC', 'displayLock': 'Y', 'scanproflg': 3, 'scUrl': 'computers-software/zensartechnologies/ZT02', 'columns': [{'name': 'change %', 'value': '-1.38'}, {'name': 'Low Price value', 'value': '520.00'}, {'name': 'LTP', 'value': '520.90'}, {'name': 'change absolute', 'value': '-7.30'}]}",OHLC_D_I_10DSTOCHBEAR,Swing Breakdown,Stock crossing below swing low and momentum indicator generating Buy signal,25,Breakout Scan,Stock crossing previous swing low and momentum indicator generating Sell signal. It indicates fresh selling in stock below its previous low,,,False,3,Y,,OHLC_D_I_10DSTOCHBEAR
1777461317,"{'stkname': '', 'ltp': '', 'perChg': '', 'stkId': 'JSW', 'displayLock': 'Y', 'scanproflg': 3, 'scUrl': 'finance-investments/jswholdings/JSW', 'columns': [{'name': 'change %', 'value': '-1.41'}, {'name': 'Low Price value', 'value': '12,521.00'}, {'name': 'LTP', 'value': '12,663.00'}, {'name': 'change absolute', 'value': '-181.00'}]}",OHLC_D_I_10DSTOCHBEAR,Swing Breakdown,Stock crossing below swing low and momentum indicator generating Buy signal,25,Breakout Scan,Stock crossing previous swing low and momentum indicator generating Sell signal. It indicates fresh selling in stock below its previous low,,,False,3,Y,,OHLC_D_I_10DSTOCHBEAR
1777461317,"{'stkname': '', 'ltp': '', 'perChg': '', 'stkId': 'STV01', 'displayLock': 'Y', 'scanproflg': 3, 'scUrl': 'mediaentertainment/suntvnetwork/STN01', 'columns': [{'name': 'change %', 'value': '-1.53'}, {'name': 'Low Price value', 'value': '584.00'}, {'name': 'LTP', 'value': '585.95'}, {'name': 'change absolute', 'value': '-9.10'}]}",OHLC_D_I_10DSTOCHBEAR,Swing Breakdown,Stock crossing below swing low and momentum indicator generating Buy signal,25,Breakout Scan,Stock crossing previous swing low and momentum indicator generating Sell signal. It indicates fresh selling in stock below its previous low,,,False,3,Y,,OHLC_D_I_10DSTOCHBEAR
1777461317,"{'stkname': '', 'ltp': '', 'perChg': '', 'stkId': 'IE07', 'displayLock': 'Y', 'scanproflg': 3, 'scUrl': 'computers-software/cyient/IE07', 'columns': [{'name': 'change %', 'value': '-1.75'}, {'name': 'Low Price value', 'value': '841.50'}, {'name': 'LTP', 'value': '843.50'}, {'name': 'change absolute', 'value': '-15.00'}]}",OHLC_D_I_10DSTOCHBEAR,Swing Breakdown,Stock crossing below swing low and momentum indicator generating Buy signal,25,Breakout Scan,Stock crossing previous swing low and momentum indicator generating Sell signal. It indicates fresh selling in stock below its previous low,,,False,3,Y,,OHLC_D_I_10DSTOCHBEAR
1777461317,"{'stkname': '', 'ltp': '', 'perChg': '', 'stkId': 'REC02', 'displayLock': 'Y', 'scanproflg': 3, 'scUrl': 'finance-term-lending-institutions/rec/REC02', 'columns': [{'name': 'change %', 'value': '-3.59'}, {'name': 'Low Price value', 'value': '358.10'}, {'name': 'LTP', 'value': '362.30'}, {'name': 'change absolute', 'value': '-13.50'}]}",OHLC_D_I_10DSTOCHBEAR,Swing Breakdown,Stock crossing below swing low and momentum indicator generating Buy signal,25,Breakout Scan,Stock crossing previous swing low and momentum indicator generating Sell signal. It indicates fresh selling in stock below its previous low,,,False,3,Y,,OHLC_D_I_10DSTOCHBEAR
1777461317,"{'stkname': '', 'ltp': '', 'perChg': '', 'stkId': 'SL20', 'displayLock': 'Y', 'scanproflg': 3, 'scUrl': 'metal-castingforgings/sundaram-clayton/SL21', 'columns': [{'name': 'change %', 'value': '-2.67'}, {'name': 'Low Price value', 'value': '1,358.40'}, {'name': 'LTP', 'value': '1,358.40'}, {'name': 'change absolute', 'value': '-37.30'}]}",OHLC_D_I_10DSTOCHBEAR,Swing Breakdown,Stock crossing below swing low and momentum indicator generating Buy signal,25,Breakout Scan,Stock crossing previous swing low and momentum indicator generating Sell signal. It indicates fresh selling in stock below its previous low,,,False,3,Y,,OHLC_D_I_10DSTOCHBEAR
1777461317,"{'stkname': '', 'ltp': '', 'perChg': '', 'stkId': 'IA05', 'displayLock': 'Y', 'scanproflg': 3, 'scUrl': 'transportlogistics/interglobeaviation/IA04', 'columns': [{'name': 'change %', 'value': '-2.31'}, {'name': 'Low Price value', 'value': '4,335.10'}, {'name': 'LTP', 'value': '4,340.00'}, {'name': 'change absolute', 'value': '-102.40'}]}",OHLC_D_I_10DSTOCHBEAR,Swing Breakdown,Stock crossing below swing low and momentum indicator generating Buy signal,25,Breakout Scan,Stock crossing previous swing low and momentum indicator generating Sell signal. It indicates fresh selling in stock below its previous low,,,False,3,Y,,OHLC_D_I_10DSTOCHBEAR
1777461317,"{'stkname': '', 'ltp': '', 'perChg': '', 'stkId': 'SM', 'displayLock': 'Y', 'scanproflg': 3, 'scUrl': 'automobile-truckslcvs/smlmahindra/SM', 'columns': [{'name': 'change %', 'value': '-2.51'}, {'name': 'Low Price value', 'value': '3,770.00'}, {'name': 'LTP', 'value': '3,776.00'}, {'name': 'change absolute', 'value': '-97.40'}]}",OHLC_D_I_10DSTOCHBEAR,Swing Breakdown,Stock crossing below swing low and momentum indicator generating Buy signal,25,Breakout Scan,Stock crossing previous swing low and momentum indicator generating Sell signal. It indicates fresh selling in stock below its previous low,,,False,3,Y,,OHLC_D_I_10DSTOCHBEAR
1777461317,"{'stkname': '', 'ltp': '', 'perChg': '', 'stkId': 'BI01', 'displayLock': 'Y', 'scanproflg': 3, 'scUrl': 'leather-products/bataindia/BI01', 'columns': [{'name': 'change %', 'value': '0.03'}, {'name': 'Low Price value', 'value': '723.50'}, {'name': 'LTP', 'value': '725.70'}, {'name': 'change absolute', 'value': '0.20'}]}",OHLC_D_I_10DSTOCHBEAR,Swing Breakdown,Stock crossing below swing low and momentum indicator generating Buy signal,25,Breakout Scan,Stock crossing previous swing low and momentum indicator generating Sell signal. It indicates fresh selling in stock below its previous low,,,False,3,Y,,OHLC_D_I_10DSTOCHBEAR
1777461317,"{'stkname': '', 'ltp': '', 'perChg': '', 'stkId': 'AF21', 'displayLock': 'Y', 'scanproflg': 3, 'scUrl': 'aquaculture/avantifeeds/AF21', 'columns': [{'name': 'change %', 'value': '-1.46'}, {'name': 'Low Price value', 'value': '1,378.90'}, {'name': 'LTP', 'value': '1,394.00'}, {'name': 'change absolute', 'value': '-20.60'}]}",OHLC_D_I_10DSTOCHBEAR,Swing Breakdown,Stock crossing below swing low and momentum indicator generating Buy signal,25,Breakout Scan,Stock crossing previous swing low and momentum indicator generating Sell signal. It indicates fresh selling in stock below its previous low,,,False,3,Y,,OHLC_D_I_10DSTOCHBEAR
1777461317,"{'stkname': '', 'ltp': '', 'perChg': '', 'stkId': 'IHF01', 'displayLock': 'Y', 'scanproflg': 3, 'scUrl': 'finance-housing/sammaancapital/IHF01', 'columns': [{'name': 'change %', 'value': '-1.65'}, {'name': 'Low Price value', 'value': '140.10'}, {'name': 'LTP', 'value': '141.00'}, {'name': 'change absolute', 'value': '-2.36'}]}",OHLC_D_I_10DSTOCHBEAR,Swing Breakdown,Stock crossing below swing low and momentum indicator generating Buy signal,25,Breakout Scan,Stock crossing previous swing low and momentum indicator generating Sell signal. It indicates fresh selling in stock below its previous low,,,False,3,Y,,OHLC_D_I_10DSTOCHBEAR
1777461317,"{'stkname': '', 'ltp': '', 'perChg': '', 'stkId': 'PI35', 'displayLock': 'Y', 'scanproflg': 3, 'scUrl': 'textiles-readymade-apparels/pageindustries/PI35', 'columns': [{'name': 'change %', 'value': '-1.59'}, {'name': 'Low Price value', 'value': '36,700.00'}, {'name': 'LTP', 'value': '36,910.00'}, {'name': 'change absolute', 'value': '-595.00'}]}",OHLC_D_I_10DSTOCHBEAR,Swing Breakdown,Stock crossing below swing low and momentum indicator generating Buy signal,25,Breakout Scan,Stock crossing previous swing low and momentum indicator generating Sell signal. It indicates fresh selling in stock below its previous low,,,False,3,Y,,OHLC_D_I_10DSTOCHBEAR
1777461317,"{'stkname': '', 'ltp': '', 'perChg': '', 'stkId': 'JSP', 'displayLock': 'Y', 'scanproflg': 3, 'scUrl': 'ironsteel/jindalsteel/JSP', 'columns': [{'name': 'change %', 'value': '-2.88'}, {'name': 'Low Price value', 'value': '1,224.50'}, {'name': 'LTP', 'value': '1,229.00'}, {'name': 'change absolute', 'value': '-36.50'}]}",OHLC_D_I_10DSTOCHBEAR,Swing Breakdown,Stock crossing below swing low and momentum indicator generating Buy signal,25,Breakout Scan,Stock crossing previous swing low and momentum indicator generating Sell signal. It indicates fresh selling in stock below its previous low,,,False,3,Y,,OHLC_D_I_10DSTOCHBEAR
1777461317,"{'stkname': '', 'ltp': '', 'perChg': '', 'stkId': 'HCL02', 'displayLock': 'Y', 'scanproflg': 3, 'scUrl': 'computers-software/hcltechnologies/HCL02', 'columns': [{'name': 'change %', 'value': '0.17'}, {'name': 'Low Price value', 'value': '1,192.10'}, {'name': 'LTP', 'value': '1,198.00'}, {'name': 'change absolute', 'value': '2.00'}]}",OHLC_D_I_10DSTOCHBEAR,Swing Breakdown,Stock crossing below swing low and momentum indicator generating Buy signal,25,Breakout Scan,Stock crossing previous swing low and momentum indicator generating Sell signal. It indicates fresh selling in stock below its previous low,,,False,3,Y,,OHLC_D_I_10DSTOCHBEAR
1777461317,"{'stkname': '', 'ltp': '', 'perChg': '', 'stkId': 'UTI10', 'displayLock': 'Y', 'scanproflg': 3, 'scUrl': 'banks-private-sector/axisbank/AB16', 'columns': [{'name': 'change %', 'value': '0.44'}, {'name': 'Low Price value', 'value': '1,279.00'}, {'name': 'LTP', 'value': '1,294.70'}, {'name': 'change absolute', 'value': '5.70'}]}",OHLC_D_I_10DSTOCHBEAR,Swing Breakdown,Stock crossing below swing low and momentum indicator generating Buy signal,25,Breakout Scan,Stock crossing previous swing low and momentum indicator generating Sell signal. It indicates fresh selling in stock below its previous low,,,False,3,Y,,OHLC_D_I_10DSTOCHBEAR
1777461317,"{'stkname': '', 'ltp': '', 'perChg': '', 'stkId': 'MIC', 'displayLock': 'Y', 'scanproflg': 3, 'scUrl': 'auto-ancillaries/bosch/B05', 'columns': [{'name': 'change %', 'value': '-2.56'}, {'name': 'Low Price value', 'value': '36,190.00'}, {'name': 'LTP', 'value': '36,365.00'}, {'name': 'change absolute', 'value': '-955.00'}]}",OHLC_D_I_10DSTOCHBEAR,Swing Breakdown,Stock crossing below swing low and momentum indicator generating Buy signal,25,Breakout Scan,Stock crossing previous swing low and momentum indicator generating Sell signal. It indicates fresh selling in stock below its previous low,,,False,3,Y,,OHLC_D_I_10DSTOCHBEAR
1777461317,"{'stkname': '', 'ltp': '', 'perChg': '', 'stkId': 'RI37', 'displayLock': 'Y', 'scanproflg': 3, 'scUrl': 'computers-hardware/redington/RI37', 'columns': [{'name': 'change %', 'value': '-0.22'}, {'name': 'Low Price value', 'value': '211.51'}, {'name': 'LTP', 'value': '214.50'}, {'name': 'change absolute', 'value': '-0.47'}]}",OHLC_D_I_10DSTOCHBEAR,Swing Breakdown,Stock crossing below swing low and momentum indicator generating Buy signal,25,Breakout Scan,Stock crossing previous swing low and momentum indicator generating Sell signal. It indicates fresh selling in stock below its previous low,,,False,3,Y,,OHLC_D_I_10DSTOCHBEAR
1777461317,"{'stkname': '', 'ltp': '', 'perChg': '', 'stkId': 'UBI01', 'displayLock': 'Y', 'scanproflg': 3, 'scUrl': 'banks-public-sector/unionbankindia/UBI01', 'columns': [{'name': 'change %', 'value': '-1.97'}, {'name': 'Low Price value', 'value': '164.28'}, {'name': 'LTP', 'value': '167.12'}, {'name': 'change absolute', 'value': '-3.36'}]}",OHLC_D_I_10DSTOCHBEAR,Swing Breakdown,Stock crossing below swing low and momentum indicator generating Buy signal,25,Breakout Scan,Stock crossing previous swing low and momentum indicator generating Sell signal. It indicates fresh selling in stock below its previous low,,,False,3,Y,,OHLC_D_I_10DSTOCHBEAR
1777461317,"{'stkname': '', 'ltp': '', 'perChg': '', 'stkId': 'API', 'displayLock': 'Y', 'scanproflg': 3, 'scUrl': 'paintsvarnishes/asianpaints/AP31', 'columns': [{'name': 'change %', 'value': '-0.74'}, {'name': 'Low Price value', 'value': '2,438.60'}, {'name': 'LTP', 'value': '2,444.40'}, {'name': 'change absolute', 'value': '-18.20'}]}",OHLC_D_I_10DSTOCHBEAR,Swing Breakdown,Stock crossing below swing low and momentum indicator generating Buy signal,25,Breakout Scan,Stock crossing previous swing low and momentum indicator generating Sell signal. It indicates fresh selling in stock below its previous low,,,False,3,Y,,OHLC_D_I_10DSTOCHBEAR
1777461317,"{'stkname': '', 'ltp': '', 'perChg': '', 'stkId': 'PNB05', 'displayLock': 'Y', 'scanproflg': 3, 'scUrl': 'banks-public-sector/punjabnationalbank/PNB05', 'columns': [{'name': 'change %', 'value': '-0.10'}, {'name': 'Low Price value', 'value': '110.87'}, {'name': 'LTP', 'value': '111.28'}, {'name': 'change absolute', 'value': '-0.11'}]}",OHLC_D_I_10DSTOCHBEAR,Swing Breakdown,Stock crossing below swing low and momentum indicator generating Buy signal,25,Breakout Scan,Stock crossing previous swing low and momentum indicator generating Sell signal. It indicates fresh selling in stock below its previous low,,,False,3,Y,,OHLC_D_I_10DSTOCHBEAR
1777461317,"{'stkname': '', 'ltp': '', 'perChg': '', 'stkId': 'SC12', 'displayLock': 'Y', 'scanproflg': 3, 'scUrl': 'cement-major/shreecements/SC12', 'columns': [{'name': 'change %', 'value': '-1.10'}, {'name': 'Low Price value', 'value': '24,500.00'}, {'name': 'LTP', 'value': '24,615.00'}, {'name': 'change absolute', 'value': '-275.00'}]}",OHLC_D_I_10DSTOCHBEAR,Swing Breakdown,Stock crossing below swing low and momentum indicator generating Buy signal,25,Breakout Scan,Stock crossing previous swing low and momentum indicator generating Sell signal. It indicates fresh selling in stock below its previous low,,,False,3,Y,,OHLC_D_I_10DSTOCHBEAR
1777461317,"{'stkname': '', 'ltp': '', 'perChg': '', 'stkId': 'SBIBP30290', 'displayLock': 'Y', 'scanproflg': 3, 'scUrl': 'etf/sbibsepsubanketf/SBIBP30290', 'columns': [{'name': 'change %', 'value': '-1.32'}, {'name': 'Low Price value', 'value': '49.45'}, {'name': 'LTP', 'value': '49.46'}, {'name': 'change absolute', 'value': '-0.66'}]}",OHLC_D_I_10DSTOCHBEAR,Swing Breakdown,Stock crossing below swing low and momentum indicator generating Buy signal,25,Breakout Scan,Stock crossing previous swing low and momentum indicator generating Sell signal. It indicates fresh selling in stock below its previous low,,,False,3,Y,,OHLC_D_I_10DSTOCHBEAR
1777461317,"{'stkname': '', 'ltp': '', 'perChg': '', 'stkId': 'IB04', 'displayLock': 'Y', 'scanproflg': 3, 'scUrl': 'banks-public-sector/indianbank/IB04', 'columns': [{'name': 'change %', 'value': '-2.47'}, {'name': 'Low Price value', 'value': '862.20'}, {'name': 'LTP', 'value': '874.00'}, {'name': 'change absolute', 'value': '-22.10'}]}",OHLC_D_I_10DSTOCHBEAR,Swing Breakdown,Stock crossing below swing low and momentum indicator generating Buy signal,25,Breakout Scan,Stock crossing previous swing low and momentum indicator generating Sell signal. It indicates fresh selling in stock below its previous low,,,False,3,Y,,OHLC_D_I_10DSTOCHBEAR
1777461317,"{'stkname': '', 'ltp': '', 'perChg': '', 'stkId': 'SCP03', 'displayLock': 'Y', 'scanproflg': 3, 'scUrl': 'finance-term-lending/sbicardspaymentservices/SCP02', 'columns': [{'name': 'change %', 'value': '0.69'}, {'name': 'Low Price value', 'value': '643.05'}, {'name': 'LTP', 'value': '651.90'}, {'name': 'change absolute', 'value': '4.45'}]}",OHLC_D_I_10DSTOCHBEAR,Swing Breakdown,Stock crossing below swing low and momentum indicator generating Buy signal,25,Breakout Scan,Stock crossing previous swing low and momentum indicator generating Sell signal. It indicates fresh selling in stock below its previous low,,,False,3,Y,,OHLC_D_I_10DSTOCHBEAR
1777461317,"{'stkname': '', 'ltp': '', 'perChg': '', 'stkId': 'ICI02', 'displayLock': 'Y', 'scanproflg': 3, 'scUrl': 'banks-private-sector/icicibank/ICI02', 'columns': [{'name': 'change %', 'value': '-1.01'}, {'name': 'Low Price value', 'value': '1,276.20'}, {'name': 'LTP', 'value': '1,279.00'}, {'name': 'change absolute', 'value': '-13.00'}]}",OHLC_D_I_10DSTOCHBEAR,Swing Breakdown,Stock crossing below swing low and momentum indicator generating Buy signal,25,Breakout Scan,Stock crossing previous swing low and momentum indicator generating Sell signal. It indicates fresh selling in stock below its previous low,,,False,3,Y,,OHLC_D_I_10DSTOCHBEAR
1777461317,"{'stkname': '', 'ltp': '', 'perChg': '', 'stkId': 'SBI25', 'displayLock': 'Y', 'scanproflg': 3, 'scUrl': 'etf/sbietfbanking/SBI26', 'columns': [{'name': 'change %', 'value': '-0.14'}, {'name': 'Low Price value', 'value': '565.62'}, {'name': 'LTP', 'value': '566.35'}, {'name': 'change absolute', 'value': '-0.79'}]}",OHLC_D_I_10DSTOCHBEAR,Swing Breakdown,Stock crossing below swing low and momentum indicator generating Buy signal,25,Breakout Scan,Stock crossing previous swing low and momentum indicator generating Sell signal. It indicates fresh selling in stock below its previous low,,,False,3,Y,,OHLC_D_I_10DSTOCHBEAR
1777461317,"{'stkname': '', 'ltp': '', 'perChg': '', 'stkId': 'SILVE75615', 'displayLock': 'Y', 'scanproflg': 3, 'scUrl': 'etf/360onesilveretf/SILVE75615', 'columns': [{'name': 'change %', 'value': '-0.63'}, {'name': 'Low Price value', 'value': '229.70'}, {'name': 'LTP', 'value': '230.03'}, {'name': 'change absolute', 'value': '-1.45'}]}",OHLC_D_I_10DSTOCHBEAR,Swing Breakdown,Stock crossing below swing low and momentum indicator generating Buy signal,25,Breakout Scan,Stock crossing previous swing low and momentum indicator generating Sell signal. It indicates fresh selling in stock below its previous low,,,False,3,Y,,OHLC_D_I_10DSTOCHBEAR
1777461317,"{'stkname': '', 'ltp': '', 'perChg': '', 'stkId': 'UNION29687', 'displayLock': 'Y', 'scanproflg': 3, 'scUrl': 'miscellaneous/uniongold/UNION29687', 'columns': [{'name': 'change %', 'value': '-0.38'}, {'name': 'Low Price value', 'value': '143.70'}, {'name': 'LTP', 'value': '144.10'}, {'name': 'change absolute', 'value': '-0.55'}]}",OHLC_D_I_10DSTOCHBEAR,Swing Breakdown,Stock crossing below swing low and momentum indicator generating Buy signal,25,Breakout Scan,Stock crossing previous swing low and momentum indicator generating Sell signal. It indicates fresh selling in stock below its previous low,,,False,3,Y,,OHLC_D_I_10DSTOCHBEAR
1777461317,"{'stkname': '', 'ltp': '', 'perChg': '', 'stkId': 'FB', 'displayLock': 'Y', 'scanproflg': 3, 'scUrl': 'banks-private-sector/federalbank/FB', 'columns': [{'name': 'change %', 'value': '-2.34'}, {'name': 'Low Price value', 'value': '282.55'}, {'name': 'LTP', 'value': '283.80'}, {'name': 'change absolute', 'value': '-6.80'}]}",OHLC_D_I_10DSTOCHBEAR,Swing Breakdown,Stock crossing below swing low and momentum indicator generating Buy signal,25,Breakout Scan,Stock crossing previous swing low and momentum indicator generating Sell signal. It indicates fresh selling in stock below its previous low,,,False,3,Y,,OHLC_D_I_10DSTOCHBEAR
1777461317,"{'stkname': '', 'ltp': '', 'perChg': '', 'stkId': 'IPS01', 'displayLock': 'Y', 'scanproflg': 3, 'scUrl': 'etf/iciciprudentialsilveretf/IPS02', 'columns': [{'name': 'change %', 'value': '-0.21'}, {'name': 'Low Price value', 'value': '233.30'}, {'name': 'LTP', 'value': '233.79'}, {'name': 'change absolute', 'value': '-0.50'}]}",OHLC_D_I_10DSTOCHBEAR,Swing Breakdown,Stock crossing below swing low and momentum indicator generating Buy signal,25,Breakout Scan,Stock crossing previous swing low and momentum indicator generating Sell signal. It indicates fresh selling in stock below its previous low,,,False,3,Y,,OHLC_D_I_10DSTOCHBEAR
1777461317,"{'stkname': '', 'ltp': '', 'perChg': '', 'stkId': 'TATSI21428', 'displayLock': 'Y', 'scanproflg': 3, 'scUrl': 'etf/tatasilveretf/TATSI21428', 'columns': [{'name': 'change %', 'value': '0.09'}, {'name': 'Low Price value', 'value': '22.75'}, {'name': 'LTP', 'value': '22.85'}, {'name': 'change absolute', 'value': '0.02'}]}",OHLC_D_I_10DSTOCHBEAR,Swing Breakdown,Stock crossing below swing low and momentum indicator generating Buy signal,25,Breakout Scan,Stock crossing previous swing low and momentum indicator generating Sell signal. It indicates fresh selling in stock below its previous low,,,False,3,Y,,OHLC_D_I_10DSTOCHBEAR
1777461317,"{'stkname': '', 'ltp': '', 'perChg': '', 'stkId': 'AL', 'displayLock': 'Y', 'scanproflg': 3, 'scUrl': 'auto-lcvshcvs/ashokleyland/AL', 'columns': [{'name': 'change %', 'value': '-1.03'}, {'name': 'Low Price value', 'value': '165.11'}, {'name': 'LTP', 'value': '165.80'}, {'name': 'change absolute', 'value': '-1.72'}]}",OHLC_D_I_10DSTOCHBEAR,Swing Breakdown,Stock crossing below swing low and momentum indicator generating Buy signal,25,Breakout Scan,Stock crossing previous swing low and momentum indicator generating Sell signal. It indicates fresh selling in stock below its previous low,,,False,3,Y,,OHLC_D_I_10DSTOCHBEAR
1777461317,"{'stkname': '', 'ltp': '', 'perChg': '', 'stkId': 'TATAG21401', 'displayLock': 'Y', 'scanproflg': 3, 'scUrl': 'etf/tatagoldetf/TATAG21401', 'columns': [{'name': 'change %', 'value': '-0.90'}, {'name': 'Low Price value', 'value': '14.25'}, {'name': 'LTP', 'value': '14.27'}, {'name': 'change absolute', 'value': '-0.13'}]}",OHLC_D_I_10DSTOCHBEAR,Swing Breakdown,Stock crossing below swing low and momentum indicator generating Buy signal,25,Breakout Scan,Stock crossing previous swing low and momentum indicator generating Sell signal. It indicates fresh selling in stock below its previous low,,,False,3,Y,,OHLC_D_I_10DSTOCHBEAR
1777461317,"{'stkname': '', 'ltp': '', 'perChg': '', 'stkId': 'DSE', 'displayLock': 'Y', 'scanproflg': 3, 'scUrl': 'etf/dspsilveretf/DSE', 'columns': [{'name': 'change %', 'value': '-0.17'}, {'name': 'Low Price value', 'value': '225.54'}, {'name': 'LTP', 'value': '225.89'}, {'name': 'change absolute', 'value': '-0.38'}]}",OHLC_D_I_10DSTOCHBEAR,Swing Breakdown,Stock crossing below swing low and momentum indicator generating Buy signal,25,Breakout Scan,Stock crossing previous swing low and momentum indicator generating Sell signal. It indicates fresh selling in stock below its previous low,,,False,3,Y,,OHLC_D_I_10DSTOCHBEAR
1777461317,"{'stkname': '', 'ltp': '', 'perChg': '', 'stkId': 'BMF', 'displayLock': 'Y', 'scanproflg': 3, 'scUrl': 'etf/nipponindiaetfniftypsubankbees/BMF', 'columns': [{'name': 'change %', 'value': '-0.21'}, {'name': 'Low Price value', 'value': '95.75'}, {'name': 'LTP', 'value': '96.06'}, {'name': 'change absolute', 'value': '-0.20'}]}",OHLC_D_I_10DSTOCHBEAR,Swing Breakdown,Stock crossing below swing low and momentum indicator generating Buy signal,25,Breakout Scan,Stock crossing previous swing low and momentum indicator generating Sell signal. It indicates fresh selling in stock below its previous low,,,False,3,Y,,OHLC_D_I_10DSTOCHBEAR
1777461317,"{'stkname': '', 'ltp': '', 'perChg': '', 'stkId': 'NIS01', 'displayLock': 'Y', 'scanproflg': 3, 'scUrl': 'etf/nipponindiasilveretf/NIS01', 'columns': [{'name': 'change %', 'value': '-0.30'}, {'name': 'Low Price value', 'value': '223.83'}, {'name': 'LTP', 'value': '224.05'}, {'name': 'change absolute', 'value': '-0.68'}]}",OHLC_D_I_10DSTOCHBEAR,Swing Breakdown,Stock crossing below swing low and momentum indicator generating Buy signal,25,Breakout Scan,Stock crossing previous swing low and momentum indicator generating Sell signal. It indicates fresh selling in stock below its previous low,,,False,3,Y,,OHLC_D_I_10DSTOCHBEAR
1777461317,"{'stkname': '', 'ltp': '', 'perChg': '', 'stkId': 'SILVE15085', 'displayLock': 'Y', 'scanproflg': 3, 'scUrl': 'etf/utisilveretf/SILVE15085', 'columns': [{'name': 'change %', 'value': '-0.16'}, {'name': 'Low Price value', 'value': '226.03'}, {'name': 'LTP', 'value': '226.30'}, {'name': 'change absolute', 'value': '-0.36'}]}",OHLC_D_I_10DSTOCHBEAR,Swing Breakdown,Stock crossing below swing low and momentum indicator generating Buy signal,25,Breakout Scan,Stock crossing previous swing low and momentum indicator generating Sell signal. It indicates fresh selling in stock below its previous low,,,False,3,Y,,OHLC_D_I_10DSTOCHBEAR
1777461317,"{'stkname': '', 'ltp': '', 'perChg': '', 'stkId': 'SILVE30274', 'displayLock': 'Y', 'scanproflg': 3, 'scUrl': 'etf/zerodhasilveretf/SILVE30274', 'columns': [{'name': 'change %', 'value': '-0.17'}, {'name': 'Low Price value', 'value': '23.24'}, {'name': 'LTP', 'value': '23.80'}, {'name': 'change absolute', 'value': '-0.04'}]}",OHLC_D_I_10DSTOCHBEAR,Swing Breakdown,Stock crossing below swing low and momentum indicator generating Buy signal,25,Breakout Scan,Stock crossing previous swing low and momentum indicator generating Sell signal. It indicates fresh selling in stock below its previous low,,,False,3,Y,,OHLC_D_I_10DSTOCHBEAR
1777461317,"{'stkname': '', 'ltp': '', 'perChg': '', 'stkId': 'NETF7838', 'displayLock': 'Y', 'scanproflg': 3, 'scUrl': 'it-networking/tatanifty50exchangetradedfund/NETF7838', 'columns': [{'name': 'change %', 'value': '0.14'}, {'name': 'Low Price value', 'value': '253.13'}, {'name': 'LTP', 'value': '260.00'}, {'name': 'change absolute', 'value': '0.37'}]}",OHLC_D_I_10DSTOCHBEAR,Swing Breakdown,Stock crossing below swing low and momentum indicator generating Buy signal,25,Breakout Scan,Stock crossing previous swing low and momentum indicator generating Sell signal. It indicates fresh selling in stock below its previous low,,,False,3,Y,,OHLC_D_I_10DSTOCHBEAR
1777461317,"{'stkname': '', 'ltp': '', 'perChg': '', 'stkId': 'ABS04', 'displayLock': 'Y', 'scanproflg': 3, 'scUrl': 'etf/adityabirlasunlifesilveretf/ABS04', 'columns': [{'name': 'change %', 'value': '-0.26'}, {'name': 'Low Price value', 'value': '233.56'}, {'name': 'LTP', 'value': '233.80'}, {'name': 'change absolute', 'value': '-0.60'}]}",OHLC_D_I_10DSTOCHBEAR,Swing Breakdown,Stock crossing below swing low and momentum indicator generating Buy signal,25,Breakout Scan,Stock crossing previous swing low and momentum indicator generating Sell signal. It indicates fresh selling in stock below its previous low,,,False,3,Y,,OHLC_D_I_10DSTOCHBEAR
1777461317,"{'stkname': '', 'ltp': '', 'perChg': '', 'stkId': 'KMM', 'displayLock': 'Y', 'scanproflg': 3, 'scUrl': 'etf/kotakniftypsubanketf/KMM', 'columns': [{'name': 'change %', 'value': '0.20'}, {'name': 'Low Price value', 'value': '857.01'}, {'name': 'LTP', 'value': '865.00'}, {'name': 'change absolute', 'value': '1.76'}]}",OHLC_D_I_10DSTOCHBEAR,Swing Breakdown,Stock crossing below swing low and momentum indicator generating Buy signal,25,Breakout Scan,Stock crossing previous swing low and momentum indicator generating Sell signal. It indicates fresh selling in stock below its previous low,,,False,3,Y,,OHLC_D_I_10DSTOCHBEAR
1777461317,"{'stkname': '', 'ltp': '', 'perChg': '', 'stkId': 'MOS01', 'displayLock': 'Y', 'scanproflg': 3, 'scUrl': 'etf/motilaloswalsilveretf/MOS01', 'columns': [{'name': 'change %', 'value': '-0.59'}, {'name': 'Low Price value', 'value': '230.91'}, {'name': 'LTP', 'value': '231.10'}, {'name': 'change absolute', 'value': '-1.38'}]}",OHLC_D_I_10DSTOCHBEAR,Swing Breakdown,Stock crossing below swing low and momentum indicator generating Buy signal,25,Breakout Scan,Stock crossing previous swing low and momentum indicator generating Sell signal. It indicates fresh selling in stock below its previous low,,,False,3,Y,,OHLC_D_I_10DSTOCHBEAR
1777461317,"{'stkname': '', 'ltp': '', 'perChg': '', 'stkId': 'SBI15', 'displayLock': 'Y', 'scanproflg': 3, 'scUrl': 'gold-etf/sbimutualfund-goldexchangetradedscheme/SBI16', 'columns': [{'name': 'change %', 'value': '-1.00'}, {'name': 'Low Price value', 'value': '125.19'}, {'name': 'LTP', 'value': '125.22'}, {'name': 'change absolute', 'value': '-1.27'}]}",OHLC_D_I_10DSTOCHBEAR,Swing Breakdown,Stock crossing below swing low and momentum indicator generating Buy signal,25,Breakout Scan,Stock crossing previous swing low and momentum indicator generating Sell signal. It indicates fresh selling in stock below its previous low,,,False,3,Y,,OHLC_D_I_10DSTOCHBEAR
1777461317,"{'stkname': '', 'ltp': '', 'perChg': '', 'stkId': 'MASIL16777', 'displayLock': 'Y', 'scanproflg': 3, 'scUrl': 'etf/miraeassetsilveretf/MASIL16777', 'columns': [{'name': 'change %', 'value': '-0.14'}, {'name': 'Low Price value', 'value': '227.72'}, {'name': 'LTP', 'value': '228.20'}, {'name': 'change absolute', 'value': '-0.32'}]}",OHLC_D_I_10DSTOCHBEAR,Swing Breakdown,Stock crossing below swing low and momentum indicator generating Buy signal,25,Breakout Scan,Stock crossing previous swing low and momentum indicator generating Sell signal. It indicates fresh selling in stock below its previous low,,,False,3,Y,,OHLC_D_I_10DSTOCHBEAR
1777461317,"{'stkname': '', 'ltp': '', 'perChg': '', 'stkId': 'SBISI24366', 'displayLock': 'Y', 'scanproflg': 3, 'scUrl': 'etf/sbisilveretf/SBISI24366', 'columns': [{'name': 'change %', 'value': '-0.02'}, {'name': 'Low Price value', 'value': '229.10'}, {'name': 'LTP', 'value': '229.68'}, {'name': 'change absolute', 'value': '-0.05'}]}",OHLC_D_I_10DSTOCHBEAR,Swing Breakdown,Stock crossing below swing low and momentum indicator generating Buy signal,25,Breakout Scan,Stock crossing previous swing low and momentum indicator generating Sell signal. It indicates fresh selling in stock below its previous low,,,False,3,Y,,OHLC_D_I_10DSTOCHBEAR
1777461317,"{'stkname': '', 'ltp': '', 'perChg': '', 'stkId': 'ICICI4838', 'displayLock': 'Y', 'scanproflg': 3, 'scUrl': 'etf/iciciprudentialbseliquidrateetf-idcw/ICICI4838', 'columns': [{'name': 'change %', 'value': '0.00'}, {'name': 'Low Price value', 'value': '999.99'}, {'name': 'LTP', 'value': '1,000.00'}, {'name': 'change absolute', 'value': '0.01'}]}",OHLC_D_I_10DSTOCHBEAR,Swing Breakdown,Stock crossing below swing low and momentum indicator generating Buy signal,25,Breakout Scan,Stock crossing previous swing low and momentum indicator generating Sell signal. It indicates fresh selling in stock below its previous low,,,False,3,Y,,OHLC_D_I_10DSTOCHBEAR
1777461317,"{'stkname': '', 'ltp': '', 'perChg': '', 'stkId': 'DSPPS17616', 'displayLock': 'Y', 'scanproflg': 3, 'scUrl': 'etf/dspniftypsubanketf/DSPPS17616', 'columns': [{'name': 'change %', 'value': '-0.07'}, {'name': 'Low Price value', 'value': '86.50'}, {'name': 'LTP', 'value': '87.26'}, {'name': 'change absolute', 'value': '-0.06'}]}",OHLC_D_I_10DSTOCHBEAR,Swing Breakdown,Stock crossing below swing low and momentum indicator generating Buy signal,25,Breakout Scan,Stock crossing previous swing low and momentum indicator generating Sell signal. It indicates fresh selling in stock below its previous low,,,False,3,Y,,OHLC_D_I_10DSTOCHBEAR
1777461317,"{'stkname': '', 'ltp': '', 'perChg': '', 'stkId': 'PSUBA14584', 'displayLock': 'Y', 'scanproflg': 3, 'scUrl': 'etf/iciciprudentialniftypsubanketf/PSUBA14584', 'columns': [{'name': 'change %', 'value': '1.11'}, {'name': 'Low Price value', 'value': '86.75'}, {'name': 'LTP', 'value': '88.49'}, {'name': 'change absolute', 'value': '0.97'}]}",OHLC_D_I_10DSTOCHBEAR,Swing Breakdown,Stock crossing below swing low and momentum indicator generating Buy signal,25,Breakout Scan,Stock crossing previous swing low and momentum indicator generating Sell signal. It indicates fresh selling in stock below its previous low,,,False,3,Y,,OHLC_D_I_10DSTOCHBEAR
1777461317,"{'stkname': '', 'ltp': '', 'perChg': '', 'stkId': 'IPI03', 'displayLock': 'Y', 'scanproflg': 3, 'scUrl': 'etf/iciciprudentialniftyitetf/IPI03', 'columns': [{'name': 'change %', 'value': '0.75'}, {'name': 'Low Price value', 'value': '31.24'}, {'name': 'LTP', 'value': '32.29'}, {'name': 'change absolute', 'value': '0.24'}]}",OHLC_D_I_10DSTOCHBEAR,Swing Breakdown,Stock crossing below swing low and momentum indicator generating Buy signal,25,Breakout Scan,Stock crossing previous swing low and momentum indicator generating Sell signal. It indicates fresh selling in stock below its previous low,,,False,3,Y,,OHLC_D_I_10DSTOCHBEAR
1777461317,"{'stkname': '', 'ltp': '', 'perChg': '', 'stkId': 'MOGSE1507', 'displayLock': 'Y', 'scanproflg': 3, 'scUrl': 'etf/motilaloswal5yeargsecetf-growth/MOGSE1507', 'columns': [{'name': 'change %', 'value': '-0.24'}, {'name': 'Low Price value', 'value': '62.12'}, {'name': 'LTP', 'value': '63.57'}, {'name': 'change absolute', 'value': '-0.15'}]}",OHLC_D_I_10DSTOCHBEAR,Swing Breakdown,Stock crossing below swing low and momentum indicator generating Buy signal,25,Breakout Scan,Stock crossing previous swing low and momentum indicator generating Sell signal. It indicates fresh selling in stock below its previous low,,,False,3,Y,,OHLC_D_I_10DSTOCHBEAR
1777461317,"{'stkname': '', 'ltp': '', 'perChg': '', 'stkId': 'IDB01', 'displayLock': 'Y', 'scanproflg': 3, 'scUrl': 'gold-etf/licmfgoldexchangetradedfund/IDB01', 'columns': [{'name': 'change %', 'value': '-1.27'}, {'name': 'Low Price value', 'value': '132.00'}, {'name': 'LTP', 'value': '132.00'}, {'name': 'change absolute', 'value': '-1.70'}]}",OHLC_D_I_10DSTOCHBEAR,Swing Breakdown,Stock crossing below swing low and momentum indicator generating Buy signal,25,Breakout Scan,Stock crossing previous swing low and momentum indicator generating Sell signal. It indicates fresh selling in stock below its previous low,,,False,3,Y,,OHLC_D_I_10DSTOCHBEAR
1777461317,"{'stkname': '', 'ltp': '', 'perChg': '', 'stkId': 'DBL', 'displayLock': 'Y', 'scanproflg': 3, 'scUrl': 'etf/dspliquidetf/DBL', 'columns': [{'name': 'change %', 'value': '0.00'}, {'name': 'Low Price value', 'value': '999.99'}, {'name': 'LTP', 'value': '1,000.00'}, {'name': 'change absolute', 'value': '0.01'}]}",OHLC_D_I_10DSTOCHBEAR,Swing Breakdown,Stock crossing below swing low and momentum indicator generating Buy signal,25,Breakout Scan,Stock crossing previous swing low and momentum indicator generating Sell signal. It indicates fresh selling in stock below its previous low,,,False,3,Y,,OHLC_D_I_10DSTOCHBEAR
1777461317,"{'stkname': '', 'ltp': '', 'perChg': '', 'stkId': 'ZN8', 'displayLock': 'Y', 'scanproflg': 3, 'scUrl': 'etf/zerodhanifty8-13yrg-secetf/ZN8', 'columns': [{'name': 'change %', 'value': '-0.17'}, {'name': 'Low Price value', 'value': '29.65'}, {'name': 'LTP', 'value': '29.67'}, {'name': 'change absolute', 'value': '-0.05'}]}",OHLC_D_I_10DSTOCHBEAR,Swing Breakdown,Stock crossing below swing low and momentum indicator generating Buy signal,25,Breakout Scan,Stock crossing previous swing low and momentum indicator generating Sell signal. It indicates fresh selling in stock below its previous low,,,False,3,Y,,OHLC_D_I_10DSTOCHBEAR
1777461317,"{'stkname': '', 'ltp': '', 'perChg': '', 'stkId': 'MOS', 'displayLock': 'Y', 'scanproflg': 3, 'scUrl': 'etf/motilaloswalspbseenhancedvalueetf/MOS', 'columns': [{'name': 'change %', 'value': '-0.17'}, {'name': 'Low Price value', 'value': '116.61'}, {'name': 'LTP', 'value': '119.40'}, {'name': 'change absolute', 'value': '-0.20'}]}",OHLC_D_I_10DSTOCHBEAR,Swing Breakdown,Stock crossing below swing low and momentum indicator generating Buy signal,25,Breakout Scan,Stock crossing previous swing low and momentum indicator generating Sell signal. It indicates fresh selling in stock below its previous low,,,False,3,Y,,OHLC_D_I_10DSTOCHBEAR
1777461317,"{'stkname': '', 'ltp': '', 'perChg': '', 'stkId': 'HDF02', 'displayLock': 'Y', 'scanproflg': 3, 'scUrl': 'gold-etf/hdfcgoldetf/HDF02', 'columns': [{'name': 'change %', 'value': '-1.07'}, {'name': 'Low Price value', 'value': '125.30'}, {'name': 'LTP', 'value': '125.45'}, {'name': 'change absolute', 'value': '-1.36'}]}",OHLC_D_I_10DSTOCHBEAR,Swing Breakdown,Stock crossing below swing low and momentum indicator generating Buy signal,25,Breakout Scan,Stock crossing previous swing low and momentum indicator generating Sell signal. It indicates fresh selling in stock below its previous low,,,False,3,Y,,OHLC_D_I_10DSTOCHBEAR
1777461317,"{'stkname': '', 'ltp': '', 'perChg': '', 'stkId': 'MAN07', 'displayLock': 'Y', 'scanproflg': 3, 'scUrl': 'etf/miraeassetniftyindiainternetetf/MAN07', 'columns': [{'name': 'change %', 'value': '-0.97'}, {'name': 'Low Price value', 'value': '12.22'}, {'name': 'LTP', 'value': '12.26'}, {'name': 'change absolute', 'value': '-0.12'}]}",OHLC_D_I_10DSTOCHBEAR,Swing Breakdown,Stock crossing below swing low and momentum indicator generating Buy signal,25,Breakout Scan,Stock crossing previous swing low and momentum indicator generating Sell signal. It indicates fresh selling in stock below its previous low,,,False,3,Y,,OHLC_D_I_10DSTOCHBEAR
1777461317,"{'stkname': '', 'ltp': '', 'perChg': '', 'stkId': 'GROWW75682', 'displayLock': 'Y', 'scanproflg': 3, 'scUrl': 'etf/growwsilveretf/GROWW75682', 'columns': [{'name': 'change %', 'value': '-0.17'}, {'name': 'Low Price value', 'value': '22.93'}, {'name': 'LTP', 'value': '22.98'}, {'name': 'change absolute', 'value': '-0.04'}]}",OHLC_D_I_10DSTOCHBEAR,Swing Breakdown,Stock crossing below swing low and momentum indicator generating Buy signal,25,Breakout Scan,Stock crossing previous swing low and momentum indicator generating Sell signal. It indicates fresh selling in stock below its previous low,,,False,3,Y,,OHLC_D_I_10DSTOCHBEAR
1777461317,"{'stkname': '', 'ltp': '', 'perChg': '', 'stkId': 'LIC08', 'displayLock': 'Y', 'scanproflg': 3, 'scUrl': 'etf/licmf-licmfetf-nifty100/LIC9', 'columns': [{'name': 'change %', 'value': '0.67'}, {'name': 'Low Price value', 'value': '269.25'}, {'name': 'LTP', 'value': '274.67'}, {'name': 'change absolute', 'value': '1.84'}]}",OHLC_D_I_10DSTOCHBEAR,Swing Breakdown,Stock crossing below swing low and momentum indicator generating Buy signal,25,Breakout Scan,Stock crossing previous swing low and momentum indicator generating Sell signal. It indicates fresh selling in stock below its previous low,,,False,3,Y,,OHLC_D_I_10DSTOCHBEAR
1777461317,"{'stkname': '', 'ltp': '', 'perChg': '', 'stkId': 'HBE02', 'displayLock': 'Y', 'scanproflg': 3, 'scUrl': 'etf/hdfcniftybankingetf/HBE02', 'columns': [{'name': 'change %', 'value': '-0.23'}, {'name': 'Low Price value', 'value': '56.60'}, {'name': 'LTP', 'value': '56.76'}, {'name': 'change absolute', 'value': '-0.13'}]}",OHLC_D_I_10DSTOCHBEAR,Swing Breakdown,Stock crossing below swing low and momentum indicator generating Buy signal,25,Breakout Scan,Stock crossing previous swing low and momentum indicator generating Sell signal. It indicates fresh selling in stock below its previous low,,,False,3,Y,,OHLC_D_I_10DSTOCHBEAR
1777461317,"{'stkname': '', 'ltp': '', 'perChg': '', 'stkId': 'HSE', 'displayLock': 'Y', 'scanproflg': 3, 'scUrl': 'etf/hdfcsilveretf/HSE', 'columns': [{'name': 'change %', 'value': '-0.13'}, {'name': 'Low Price value', 'value': '224.00'}, {'name': 'LTP', 'value': '224.22'}, {'name': 'change absolute', 'value': '-0.30'}]}",OHLC_D_I_10DSTOCHBEAR,Swing Breakdown,Stock crossing below swing low and momentum indicator generating Buy signal,25,Breakout Scan,Stock crossing previous swing low and momentum indicator generating Sell signal. It indicates fresh selling in stock below its previous low,,,False,3,Y,,OHLC_D_I_10DSTOCHBEAR
1777461317,"{'stkname': '', 'ltp': '', 'perChg': '', 'stkId': 'GOLD330105', 'displayLock': 'Y', 'scanproflg': 3, 'scUrl': 'miscellaneous/gold360/GOLD330105', 'columns': [{'name': 'change %', 'value': '-0.66'}, {'name': 'Low Price value', 'value': '143.30'}, {'name': 'LTP', 'value': '143.65'}, {'name': 'change absolute', 'value': '-0.95'}]}",OHLC_D_I_10DSTOCHBEAR,Swing Breakdown,Stock crossing below swing low and momentum indicator generating Buy signal,25,Breakout Scan,Stock crossing previous swing low and momentum indicator generating Sell signal. It indicates fresh selling in stock below its previous low,,,False,3,Y,,OHLC_D_I_10DSTOCHBEAR
1777461317,"{'stkname': '', 'ltp': '', 'perChg': '', 'stkId': 'BAM02', 'displayLock': 'Y', 'scanproflg': 3, 'scUrl': 'etf/nipponindiaetfniftybankbees/BAM02', 'columns': [{'name': 'change %', 'value': '-0.13'}, {'name': 'Low Price value', 'value': '570.01'}, {'name': 'LTP', 'value': '571.21'}, {'name': 'change absolute', 'value': '-0.74'}]}",OHLC_D_I_10DSTOCHBEAR,Swing Breakdown,Stock crossing below swing low and momentum indicator generating Buy signal,25,Breakout Scan,Stock crossing previous swing low and momentum indicator generating Sell signal. It indicates fresh selling in stock below its previous low,,,False,3,Y,,OHLC_D_I_10DSTOCHBEAR
1777461317,"{'stkname': '', 'ltp': '', 'perChg': '', 'stkId': 'ICI10', 'displayLock': 'Y', 'scanproflg': 3, 'scUrl': 'gold-etf/iciciprudentialgoldetf/ICI10', 'columns': [{'name': 'change %', 'value': '-0.79'}, {'name': 'Low Price value', 'value': '125.64'}, {'name': 'LTP', 'value': '125.86'}, {'name': 'change absolute', 'value': '-1.00'}]}",OHLC_D_I_10DSTOCHBEAR,Swing Breakdown,Stock crossing below swing low and momentum indicator generating Buy signal,25,Breakout Scan,Stock crossing previous swing low and momentum indicator generating Sell signal. It indicates fresh selling in stock below its previous low,,,False,3,Y,,OHLC_D_I_10DSTOCHBEAR
1777461317,"{'stkname': '', 'ltp': '', 'perChg': '', 'stkId': 'HDFCP22595', 'displayLock': 'Y', 'scanproflg': 3, 'scUrl': 'miscellaneous/hdfcpsubk/HDFCP22595', 'columns': [{'name': 'change %', 'value': '-0.86'}, {'name': 'Low Price value', 'value': '86.55'}, {'name': 'LTP', 'value': '86.90'}, {'name': 'change absolute', 'value': '-0.75'}]}",OHLC_D_I_10DSTOCHBEAR,Swing Breakdown,Stock crossing below swing low and momentum indicator generating Buy signal,25,Breakout Scan,Stock crossing previous swing low and momentum indicator generating Sell signal. It indicates fresh selling in stock below its previous low,,,False,3,Y,,OHLC_D_I_10DSTOCHBEAR
1777461317,"{'stkname': '', 'ltp': '', 'perChg': '', 'stkId': 'RGE', 'displayLock': 'Y', 'scanproflg': 3, 'scUrl': 'gold-etf/invescoindiagoldexchangetradedfund/RGE', 'columns': [{'name': 'change %', 'value': '-0.76'}, {'name': 'Low Price value', 'value': '12,756.60'}, {'name': 'LTP', 'value': '12,770.00'}, {'name': 'change absolute', 'value': '-98.30'}]}",OHLC_D_I_10DSTOCHBEAR,Swing Breakdown,Stock crossing below swing low and momentum indicator generating Buy signal,25,Breakout Scan,Stock crossing previous swing low and momentum indicator generating Sell signal. It indicates fresh selling in stock below its previous low,,,False,3,Y,,OHLC_D_I_10DSTOCHBEAR
1777461317,"{'stkname': '', 'ltp': '', 'perChg': '', 'stkId': 'ABSLL14518', 'displayLock': 'Y', 'scanproflg': 3, 'scUrl': 'etf/abslcrisilliquidovernightetf/ABSLL14518', 'columns': [{'name': 'change %', 'value': '0.00'}, {'name': 'Low Price value', 'value': '999.99'}, {'name': 'LTP', 'value': '1,000.00'}, {'name': 'change absolute', 'value': '0.00'}]}",OHLC_D_I_10DSTOCHBEAR,Swing Breakdown,Stock crossing below swing low and momentum indicator generating Buy signal,25,Breakout Scan,Stock crossing previous swing low and momentum indicator generating Sell signal. It indicates fresh selling in stock below its previous low,,,False,3,Y,,OHLC_D_I_10DSTOCHBEAR
1777461317,"{'stkname': '', 'ltp': '', 'perChg': '', 'stkId': 'CC25', 'displayLock': 'Y', 'scanproflg': 3, 'scUrl': 'mediaentertainment/cinevista/C97', 'columns': [{'name': 'change %', 'value': '-0.84'}, {'name': 'Low Price value', 'value': '13.71'}, {'name': 'LTP', 'value': '14.15'}, {'name': 'change absolute', 'value': '-0.12'}]}",OHLC_D_I_10DSTOCHBEAR,Swing Breakdown,Stock crossing below swing low and momentum indicator generating Buy signal,25,Breakout Scan,Stock crossing previous swing low and momentum indicator generating Sell signal. It indicates fresh selling in stock below its previous low,,,False,3,Y,,OHLC_D_I_10DSTOCHBEAR
1777461317,"{'stkname': '', 'ltp': '', 'perChg': '', 'stkId': 'IFG', 'displayLock': 'Y', 'scanproflg': 3, 'scUrl': 'cement-productsbuilding-materials/ifglrefractories/IFG', 'columns': [{'name': 'change %', 'value': '-6.14'}, {'name': 'Low Price value', 'value': '130.22'}, {'name': 'LTP', 'value': '131.00'}, {'name': 'change absolute', 'value': '-8.57'}]}",OHLC_D_I_10DSTOCHBEAR,Swing Breakdown,Stock crossing below swing low and momentum indicator generating Buy signal,25,Breakout Scan,Stock crossing previous swing low and momentum indicator generating Sell signal. It indicates fresh selling in stock below its previous low,,,False,3,Y,,OHLC_D_I_10DSTOCHBEAR
1777461317,"{'stkname': 'HDFC Nifty 50', 'ltp': '', 'perChg': '', 'stkId': 'HN5', 'displayLock': 'N', 'scanproflg': 1, 'scUrl': 'etf/hdfcnifty50value20etf/HN5', 'columns': [{'name': 'change %', 'value': '0.55'}, {'name': 'LTP', 'value': '130.05'}, {'name': 'change absolute', 'value': '0.71'}, {'name': 'Volume value', 'value': '65,636.00'}]}",OHLC_D_I_STBTOND,STBT,Stock likely to open with gap down in next trading session,25,Breakout Scan,Sell Today Buy Tomorrow ( STBT) are potential stocks which are likely to open with gap down in next trading session,,,False,1,N,,OHLC_D_I_STBTOND
1777461317,"{'stkname': 'Sanofi Consumer', 'ltp': '', 'perChg': '', 'stkId': 'SCH', 'displayLock': 'N', 'scanproflg': 1, 'scUrl': 'hospitalhealthcare-services/sanoficonsumerhealthcareindia/SCH', 'columns': [{'name': 'change %', 'value': '3.37'}, {'name': 'LTP', 'value': '4,840.10'}, {'name': 'change absolute', 'value': '157.60'}, {'name': 'Volume value', 'value': '81,366.00'}]}",OHLC_D_I_STBTOND,STBT,Stock likely to open with gap down in next trading session,25,Breakout Scan,Sell Today Buy Tomorrow ( STBT) are potential stocks which are likely to open with gap down in next trading session,,,False,1,N,,OHLC_D_I_STBTOND
1777461317,"{'stkname': 'Bansal Wire Ind', 'ltp': '', 'perChg': '', 'stkId': 'BWI02', 'displayLock': 'N', 'scanproflg': 1, 'scUrl': 'ironsteel/bansalwireindustries/BWI03', 'columns': [{'name': 'change %', 'value': '0.79'}, {'name': 'LTP', 'value': '306.00'}, {'name': 'change absolute', 'value': '2.41'}, {'name': 'Volume value', 'value': '864,126.00'}]}",OHLC_D_I_STBTOND,STBT,Stock likely to open with gap down in next trading session,25,Breakout Scan,Sell Today Buy Tomorrow ( STBT) are potential stocks which are likely to open with gap down in next trading session,,,False,1,N,,OHLC_D_I_STBTOND
1777461317,"{'stkname': 'Capital SFB', 'ltp': '', 'perChg': '', 'stkId': 'CSF01', 'displayLock': 'N', 'scanproflg': 1, 'scUrl': 'bank-private/capitalsmallfinancebank/CSF01', 'columns': [{'name': 'change %', 'value': '2.82'}, {'name': 'LTP', 'value': '271.61'}, {'name': 'change absolute', 'value': '7.44'}, {'name': 'Volume value', 'value': '253,594.00'}]}",OHLC_D_I_STBTOND,STBT,Stock likely to open with gap down in next trading session,25,Breakout Scan,Sell Today Buy Tomorrow ( STBT) are potential stocks which are likely to open with gap down in next trading session,,,False,1,N,,OHLC_D_I_STBTOND
1777461317,"{'stkname': 'Lincoln Pharma', 'ltp': '', 'perChg': '', 'stkId': 'LP06', 'displayLock': 'N', 'scanproflg': 1, 'scUrl': 'pharmaceuticals/lincolnpharmaceuticals/LP06', 'columns': [{'name': 'change %', 'value': '3.09'}, {'name': 'LTP', 'value': '666.35'}, {'name': 'change absolute', 'value': '20.00'}, {'name': 'Volume value', 'value': '3,670,399.00'}]}",OHLC_D_I_STBTOND,STBT,Stock likely to open with gap down in next trading session,25,Breakout Scan,Sell Today Buy Tomorrow ( STBT) are potential stocks which are likely to open with gap down in next trading session,,,False,1,N,,OHLC_D_I_STBTOND
1777461317,"{'stkname': 'Star Health', 'ltp': '', 'perChg': '', 'stkId': 'SHA', 'displayLock': 'N', 'scanproflg': 1, 'scUrl': 'diversified/starhealthalliedinsurancecompany/SHA', 'columns': [{'name': 'change %', 'value': '3.00'}, {'name': 'LTP', 'value': '532.80'}, {'name': 'change absolute', 'value': '15.50'}, {'name': 'Volume value', 'value': '7,775,949.00'}]}",OHLC_D_I_STBTOND,STBT,Stock likely to open with gap down in next trading session,25,Breakout Scan,Sell Today Buy Tomorrow ( STBT) are potential stocks which are likely to open with gap down in next trading session,,,False,1,N,,OHLC_D_I_STBTOND
1777461317,"{'stkname': 'Ceat', 'ltp': '', 'perChg': '', 'stkId': 'C07', 'displayLock': 'N', 'scanproflg': 1, 'scUrl': 'tyres/ceat/C07', 'columns': [{'name': 'change %', 'value': '3.19'}, {'name': 'LTP', 'value': '3,629.00'}, {'name': 'change absolute', 'value': '112.30'}, {'name': 'Volume value', 'value': '2,336,094.00'}]}",OHLC_D_I_STBTOND,STBT,Stock likely to open with gap down in next trading session,25,Breakout Scan,Sell Today Buy Tomorrow ( STBT) are potential stocks which are likely to open with gap down in next trading session,,,False,1,N,,OHLC_D_I_STBTOND
