lastupdt,scannerDetails,scannerCode,scannerName,scannerDescription,catId,catName,scannerDesc,scannerVideo,did_u_know,refreshFlag,scanproflg,displayLock,scannerFormula,scanId
1784718917,"{'stkname': 'Kotak NiftyMNC', 'ltp': '', 'perChg': '', 'stkId': 'KOTAK10676', 'displayLock': 'N', 'scanproflg': 1, 'scUrl': 'etf/kotakniftymncetf/KOTAK10676', 'columns': [{'name': 'change %', 'value': '0.18'}, {'name': 'LTP', 'value': '33.63'}, {'name': 'Close Price value', 'value': '33.63'}, {'name': 'change absolute', 'value': '0.06'}]}",OHLC_D_I_NR7BULLBO,NR 7 Breakout,Seven Bar Pattern,18,Range Breakout,NR7 is a 7-bar narrow range pattern. NR7 bullish breakout pattern scanner shows the list of stocks forming bullish breakout pattern after 7-bar consolidation.,,,False,1,N,,OHLC_D_I_NR7BULLBO
1784718917,"{'stkname': 'Mirae Gold ETF', 'ltp': '', 'perChg': '', 'stkId': 'MAGOL14286', 'displayLock': 'N', 'scanproflg': 1, 'scUrl': 'gold-etf/miraeassetgoldetf/MAGOL14286', 'columns': [{'name': 'change %', 'value': '1.14'}, {'name': 'LTP', 'value': '139.85'}, {'name': 'Close Price value', 'value': '139.85'}, {'name': 'change absolute', 'value': '1.58'}]}",OHLC_D_I_NR7BULLBO,NR 7 Breakout,Seven Bar Pattern,18,Range Breakout,NR7 is a 7-bar narrow range pattern. NR7 bullish breakout pattern scanner shows the list of stocks forming bullish breakout pattern after 7-bar consolidation.,,,False,1,N,,OHLC_D_I_NR7BULLBO
1784718917,"{'stkname': 'DSP Flex.Qual', 'ltp': '', 'perChg': '', 'stkId': 'DNF', 'displayLock': 'N', 'scanproflg': 1, 'scUrl': 'etf/dspnifty500flexicapquality30etf/DNF', 'columns': [{'name': 'change %', 'value': '0.10'}, {'name': 'LTP', 'value': '10.05'}, {'name': 'Close Price value', 'value': '10.05'}, {'name': 'change absolute', 'value': '0.01'}]}",OHLC_D_I_NR7BULLBO,NR 7 Breakout,Seven Bar Pattern,18,Range Breakout,NR7 is a 7-bar narrow range pattern. NR7 bullish breakout pattern scanner shows the list of stocks forming bullish breakout pattern after 7-bar consolidation.,,,False,1,N,,OHLC_D_I_NR7BULLBO
1784718917,"{'stkname': 'Ipru Gold ETF', 'ltp': '', 'perChg': '', 'stkId': 'ICI10', 'displayLock': 'N', 'scanproflg': 1, 'scUrl': 'gold-etf/iciciprudentialgoldetf/ICI10', 'columns': [{'name': 'change %', 'value': '1.19'}, {'name': 'LTP', 'value': '123.52'}, {'name': 'Close Price value', 'value': '123.52'}, {'name': 'change absolute', 'value': '1.45'}]}",OHLC_D_I_NR7BULLBO,NR 7 Breakout,Seven Bar Pattern,18,Range Breakout,NR7 is a 7-bar narrow range pattern. NR7 bullish breakout pattern scanner shows the list of stocks forming bullish breakout pattern after 7-bar consolidation.,,,False,1,N,,OHLC_D_I_NR7BULLBO
1784718917,"{'stkname': 'HDFC GOLD ETF', 'ltp': '', 'perChg': '', 'stkId': 'HDF02', 'displayLock': 'N', 'scanproflg': 1, 'scUrl': 'gold-etf/hdfcgoldetf/HDF02', 'columns': [{'name': 'change %', 'value': '1.09'}, {'name': 'LTP', 'value': '123.04'}, {'name': 'Close Price value', 'value': '123.04'}, {'name': 'change absolute', 'value': '1.33'}]}",OHLC_D_I_NR7BULLBO,NR 7 Breakout,Seven Bar Pattern,18,Range Breakout,NR7 is a 7-bar narrow range pattern. NR7 bullish breakout pattern scanner shows the list of stocks forming bullish breakout pattern after 7-bar consolidation.,,,False,1,N,,OHLC_D_I_NR7BULLBO
1784718917,"{'stkname': 'LIC G-sec LT', 'ltp': '', 'perChg': '', 'stkId': 'LIC05', 'displayLock': 'N', 'scanproflg': 1, 'scUrl': 'etf/licmfg-secltetf/LIC06', 'columns': [{'name': 'change %', 'value': '0.00'}, {'name': 'LTP', 'value': '29.45'}, {'name': 'Close Price value', 'value': '29.45'}, {'name': 'change absolute', 'value': '0.00'}]}",OHLC_D_I_NR7BULLBO,NR 7 Breakout,Seven Bar Pattern,18,Range Breakout,NR7 is a 7-bar narrow range pattern. NR7 bullish breakout pattern scanner shows the list of stocks forming bullish breakout pattern after 7-bar consolidation.,,,False,1,N,,OHLC_D_I_NR7BULLBO
1784718917,"{'stkname': 'Zerodha Gold', 'ltp': '', 'perChg': '', 'stkId': 'GOLDC22901', 'displayLock': 'N', 'scanproflg': 1, 'scUrl': 'gold-etf/zerodhagoldetf/GOLDC22901', 'columns': [{'name': 'change %', 'value': '1.34'}, {'name': 'LTP', 'value': '22.70'}, {'name': 'Close Price value', 'value': '22.70'}, {'name': 'change absolute', 'value': '0.30'}]}",OHLC_D_I_NR7BULLBO,NR 7 Breakout,Seven Bar Pattern,18,Range Breakout,NR7 is a 7-bar narrow range pattern. NR7 bullish breakout pattern scanner shows the list of stocks forming bullish breakout pattern after 7-bar consolidation.,,,False,1,N,,OHLC_D_I_NR7BULLBO
1784718917,"{'stkname': 'BB Apr 32 ETF', 'ltp': '', 'perChg': '', 'stkId': 'BBE02', 'displayLock': 'N', 'scanproflg': 1, 'scUrl': 'etf/bharatbondetf-april2032/BBE02', 'columns': [{'name': 'change %', 'value': '0.32'}, {'name': 'LTP', 'value': '1,352.90'}, {'name': 'Close Price value', 'value': '1,352.90'}, {'name': 'change absolute', 'value': '4.37'}]}",OHLC_D_I_NR7BULLBO,NR 7 Breakout,Seven Bar Pattern,18,Range Breakout,NR7 is a 7-bar narrow range pattern. NR7 bullish breakout pattern scanner shows the list of stocks forming bullish breakout pattern after 7-bar consolidation.,,,False,1,N,,OHLC_D_I_NR7BULLBO
1784718917,"{'stkname': 'BBNPPGOLD', 'ltp': '', 'perChg': '', 'stkId': 'BBNPP20547', 'displayLock': 'N', 'scanproflg': 1, 'scUrl': 'miscellaneous/bbnppgold/BBNPP20547', 'columns': [{'name': 'change %', 'value': '0.98'}, {'name': 'LTP', 'value': '139.15'}, {'name': 'Close Price value', 'value': '139.15'}, {'name': 'change absolute', 'value': '1.35'}]}",OHLC_D_I_NR7BULLBO,NR 7 Breakout,Seven Bar Pattern,18,Range Breakout,NR7 is a 7-bar narrow range pattern. NR7 bullish breakout pattern scanner shows the list of stocks forming bullish breakout pattern after 7-bar consolidation.,,,False,1,N,,OHLC_D_I_NR7BULLBO
1784718917,"{'stkname': 'UTI NIF5GETF', 'ltp': '', 'perChg': '', 'stkId': 'NIF5G22521', 'displayLock': 'N', 'scanproflg': 1, 'scUrl': 'etf/utinifty5yrbenchmarkg-secetf/NIF5G22521', 'columns': [{'name': 'change %', 'value': '0.21'}, {'name': 'LTP', 'value': '66.58'}, {'name': 'Close Price value', 'value': '66.58'}, {'name': 'change absolute', 'value': '0.14'}]}",OHLC_D_I_NR7BULLBO,NR 7 Breakout,Seven Bar Pattern,18,Range Breakout,NR7 is a 7-bar narrow range pattern. NR7 bullish breakout pattern scanner shows the list of stocks forming bullish breakout pattern after 7-bar consolidation.,,,False,1,N,,OHLC_D_I_NR7BULLBO
1784718917,"{'stkname': 'Ipru Nifty Con', 'ltp': '', 'perChg': '', 'stkId': 'IPC03', 'displayLock': 'N', 'scanproflg': 1, 'scUrl': 'etf/iciciprudentialniftyconsumptionetf/IPC03', 'columns': [{'name': 'change %', 'value': '0.36'}, {'name': 'LTP', 'value': '122.47'}, {'name': 'Close Price value', 'value': '122.47'}, {'name': 'change absolute', 'value': '0.44'}]}",OHLC_D_I_NR7BULLBO,NR 7 Breakout,Seven Bar Pattern,18,Range Breakout,NR7 is a 7-bar narrow range pattern. NR7 bullish breakout pattern scanner shows the list of stocks forming bullish breakout pattern after 7-bar consolidation.,,,False,1,N,,OHLC_D_I_NR7BULLBO
1784718917,"{'stkname': 'ECAPINSURE', 'ltp': '', 'perChg': '', 'stkId': 'ECAPI29019', 'displayLock': 'N', 'scanproflg': 1, 'scUrl': 'etf/edelweissbsecapitalmarketsinsuranceetf/ECAPI29019', 'columns': [{'name': 'change %', 'value': '0.71'}, {'name': 'LTP', 'value': '24.19'}, {'name': 'Close Price value', 'value': '24.19'}, {'name': 'change absolute', 'value': '0.17'}]}",OHLC_D_I_NR7BULLBO,NR 7 Breakout,Seven Bar Pattern,18,Range Breakout,NR7 is a 7-bar narrow range pattern. NR7 bullish breakout pattern scanner shows the list of stocks forming bullish breakout pattern after 7-bar consolidation.,,,False,1,N,,OHLC_D_I_NR7BULLBO
1784718917,"{'stkname': 'Rhetan TMT', 'ltp': '', 'perChg': '', 'stkId': 'RT11', 'displayLock': 'N', 'scanproflg': 1, 'scUrl': 'ironsteel/rhetantmt/RT11', 'columns': [{'name': 'change %', 'value': '0.99'}, {'name': 'LTP', 'value': '28.54'}, {'name': 'Close Price value', 'value': '28.54'}, {'name': 'change absolute', 'value': '0.28'}]}",OHLC_D_I_NR7BULLBO,NR 7 Breakout,Seven Bar Pattern,18,Range Breakout,NR7 is a 7-bar narrow range pattern. NR7 bullish breakout pattern scanner shows the list of stocks forming bullish breakout pattern after 7-bar consolidation.,,,False,1,N,,OHLC_D_I_NR7BULLBO
1784718917,"{'stkname': 'Nirlon', 'ltp': '', 'perChg': '', 'stkId': 'N02', 'displayLock': 'N', 'scanproflg': 1, 'scUrl': 'miscellaneous/nirlon/N02', 'columns': [{'name': 'change %', 'value': '0.25'}, {'name': 'LTP', 'value': '626.00'}, {'name': 'Close Price value', 'value': '626.00'}, {'name': 'change absolute', 'value': '1.55'}]}",OHLC_D_I_NR7BULLBO,NR 7 Breakout,Seven Bar Pattern,18,Range Breakout,NR7 is a 7-bar narrow range pattern. NR7 bullish breakout pattern scanner shows the list of stocks forming bullish breakout pattern after 7-bar consolidation.,,,False,1,N,,OHLC_D_I_NR7BULLBO
1784718917,"{'stkname': 'Goodyear', 'ltp': '', 'perChg': '', 'stkId': 'GI11', 'displayLock': 'N', 'scanproflg': 1, 'scUrl': 'tyres/goodyearindia/GI11', 'columns': [{'name': 'change %', 'value': '0.54'}, {'name': 'LTP', 'value': '827.40'}, {'name': 'Close Price value', 'value': '827.40'}, {'name': 'change absolute', 'value': '4.45'}]}",OHLC_D_I_NR7BULLBO,NR 7 Breakout,Seven Bar Pattern,18,Range Breakout,NR7 is a 7-bar narrow range pattern. NR7 bullish breakout pattern scanner shows the list of stocks forming bullish breakout pattern after 7-bar consolidation.,,,False,1,N,,OHLC_D_I_NR7BULLBO
1784718917,"{'stkname': 'Indiabulls', 'ltp': '', 'perChg': '', 'stkId': 'IWS', 'displayLock': 'N', 'scanproflg': 1, 'scUrl': 'trading/indiabulls/IWS', 'columns': [{'name': 'change %', 'value': '3.42'}, {'name': 'LTP', 'value': '29.95'}, {'name': 'Close Price value', 'value': '29.95'}, {'name': 'change absolute', 'value': '0.99'}]}",OHLC_D_I_NR7BULLBO,NR 7 Breakout,Seven Bar Pattern,18,Range Breakout,NR7 is a 7-bar narrow range pattern. NR7 bullish breakout pattern scanner shows the list of stocks forming bullish breakout pattern after 7-bar consolidation.,,,False,1,N,,OHLC_D_I_NR7BULLBO
1784718917,"{'stkname': 'VMS TMT', 'ltp': '', 'perChg': '', 'stkId': 'VTL04', 'displayLock': 'N', 'scanproflg': 1, 'scUrl': 'ironsteel/vmstmt/VTL03', 'columns': [{'name': 'change %', 'value': '0.76'}, {'name': 'LTP', 'value': '44.80'}, {'name': 'Close Price value', 'value': '44.80'}, {'name': 'change absolute', 'value': '0.34'}]}",OHLC_D_I_NR7BULLBO,NR 7 Breakout,Seven Bar Pattern,18,Range Breakout,NR7 is a 7-bar narrow range pattern. NR7 bullish breakout pattern scanner shows the list of stocks forming bullish breakout pattern after 7-bar consolidation.,,,False,1,N,,OHLC_D_I_NR7BULLBO
1784718917,"{'stkname': 'Bluspring Ent', 'ltp': '', 'perChg': '', 'stkId': 'BEL02', 'displayLock': 'N', 'scanproflg': 1, 'scUrl': 'misc-commercial-services/bluspringenterprises/BEL02', 'columns': [{'name': 'change %', 'value': '0.83'}, {'name': 'LTP', 'value': '109.00'}, {'name': 'Close Price value', 'value': '109.00'}, {'name': 'change absolute', 'value': '0.90'}]}",OHLC_D_I_NR7BULLBO,NR 7 Breakout,Seven Bar Pattern,18,Range Breakout,NR7 is a 7-bar narrow range pattern. NR7 bullish breakout pattern scanner shows the list of stocks forming bullish breakout pattern after 7-bar consolidation.,,,False,1,N,,OHLC_D_I_NR7BULLBO
1784718917,"{'stkname': 'CARE Ratings', 'ltp': '', 'perChg': '', 'stkId': 'CAR', 'displayLock': 'N', 'scanproflg': 1, 'scUrl': 'miscellaneous/careratings/CAR', 'columns': [{'name': 'change %', 'value': '0.06'}, {'name': 'LTP', 'value': '1,671.90'}, {'name': 'Close Price value', 'value': '1,671.90'}, {'name': 'change absolute', 'value': '1.00'}]}",OHLC_D_I_NR7BULLBO,NR 7 Breakout,Seven Bar Pattern,18,Range Breakout,NR7 is a 7-bar narrow range pattern. NR7 bullish breakout pattern scanner shows the list of stocks forming bullish breakout pattern after 7-bar consolidation.,,,False,1,N,,OHLC_D_I_NR7BULLBO
1784718917,"{'stkname': 'Rashi Periphera', 'ltp': '', 'perChg': '', 'stkId': 'RPL04', 'displayLock': 'N', 'scanproflg': 1, 'scUrl': 'miscellaneous/rashiperipherals/RPL04', 'columns': [{'name': 'change %', 'value': '0.03'}, {'name': 'LTP', 'value': '744.00'}, {'name': 'Close Price value', 'value': '744.00'}, {'name': 'change absolute', 'value': '0.25'}]}",OHLC_D_I_NR7BULLBO,NR 7 Breakout,Seven Bar Pattern,18,Range Breakout,NR7 is a 7-bar narrow range pattern. NR7 bullish breakout pattern scanner shows the list of stocks forming bullish breakout pattern after 7-bar consolidation.,,,False,1,N,,OHLC_D_I_NR7BULLBO
1784718917,"{'stkname': 'RBZ Jewellers', 'ltp': '', 'perChg': '', 'stkId': 'RJL', 'displayLock': 'N', 'scanproflg': 1, 'scUrl': 'diamondjewellery/rbzjewellers/RJL', 'columns': [{'name': 'change %', 'value': '0.61'}, {'name': 'LTP', 'value': '147.00'}, {'name': 'Close Price value', 'value': '147.00'}, {'name': 'change absolute', 'value': '0.89'}]}",OHLC_D_I_NR7BULLBO,NR 7 Breakout,Seven Bar Pattern,18,Range Breakout,NR7 is a 7-bar narrow range pattern. NR7 bullish breakout pattern scanner shows the list of stocks forming bullish breakout pattern after 7-bar consolidation.,,,False,1,N,,OHLC_D_I_NR7BULLBO
1784718917,"{'stkname': 'Arkade Develop', 'ltp': '', 'perChg': '', 'stkId': 'ADL02', 'displayLock': 'N', 'scanproflg': 1, 'scUrl': 'construction-real-estate/arkadedevelopers/ADL02', 'columns': [{'name': 'change %', 'value': '2.22'}, {'name': 'LTP', 'value': '140.17'}, {'name': 'Close Price value', 'value': '140.17'}, {'name': 'change absolute', 'value': '3.04'}]}",OHLC_D_I_NR7BULLBO,NR 7 Breakout,Seven Bar Pattern,18,Range Breakout,NR7 is a 7-bar narrow range pattern. NR7 bullish breakout pattern scanner shows the list of stocks forming bullish breakout pattern after 7-bar consolidation.,,,False,1,N,,OHLC_D_I_NR7BULLBO
1784718917,"{'stkname': 'GPT Healthcare', 'ltp': '', 'perChg': '', 'stkId': 'GHL02', 'displayLock': 'N', 'scanproflg': 1, 'scUrl': 'hospitalhealthcare-services/gpthealthcare/GHL02', 'columns': [{'name': 'change %', 'value': '3.29'}, {'name': 'LTP', 'value': '156.00'}, {'name': 'Close Price value', 'value': '156.00'}, {'name': 'change absolute', 'value': '4.97'}]}",OHLC_D_I_NR7BULLBO,NR 7 Breakout,Seven Bar Pattern,18,Range Breakout,NR7 is a 7-bar narrow range pattern. NR7 bullish breakout pattern scanner shows the list of stocks forming bullish breakout pattern after 7-bar consolidation.,,,False,1,N,,OHLC_D_I_NR7BULLBO
1784718917,"{'stkname': 'Filatex India', 'ltp': '', 'perChg': '', 'stkId': 'FI06', 'displayLock': 'N', 'scanproflg': 1, 'scUrl': 'textiles-manmade/filatexindia/FI06', 'columns': [{'name': 'change %', 'value': '0.08'}, {'name': 'LTP', 'value': '71.36'}, {'name': 'Close Price value', 'value': '71.36'}, {'name': 'change absolute', 'value': '0.06'}]}",OHLC_D_I_NR7BULLBO,NR 7 Breakout,Seven Bar Pattern,18,Range Breakout,NR7 is a 7-bar narrow range pattern. NR7 bullish breakout pattern scanner shows the list of stocks forming bullish breakout pattern after 7-bar consolidation.,,,False,1,N,,OHLC_D_I_NR7BULLBO
1784718917,"{'stkname': 'GMRP UI', 'ltp': '', 'perChg': '', 'stkId': 'GPU', 'displayLock': 'N', 'scanproflg': 1, 'scUrl': 'power-generationdistribution/gmrpowerurbaninfra/GPU', 'columns': [{'name': 'change %', 'value': '3.74'}, {'name': 'LTP', 'value': '100.30'}, {'name': 'Close Price value', 'value': '100.30'}, {'name': 'change absolute', 'value': '3.62'}]}",OHLC_D_I_NR7BULLBO,NR 7 Breakout,Seven Bar Pattern,18,Range Breakout,NR7 is a 7-bar narrow range pattern. NR7 bullish breakout pattern scanner shows the list of stocks forming bullish breakout pattern after 7-bar consolidation.,,,False,1,N,,OHLC_D_I_NR7BULLBO
1784718917,"{'stkname': 'Sangam India', 'ltp': '', 'perChg': '', 'stkId': 'SI03', 'displayLock': 'N', 'scanproflg': 1, 'scUrl': 'textiles-spinning-synthetic-blended/sangamindia/SI03', 'columns': [{'name': 'change %', 'value': '1.14'}, {'name': 'LTP', 'value': '626.00'}, {'name': 'Close Price value', 'value': '626.00'}, {'name': 'change absolute', 'value': '7.05'}]}",OHLC_D_I_NR7BULLBO,NR 7 Breakout,Seven Bar Pattern,18,Range Breakout,NR7 is a 7-bar narrow range pattern. NR7 bullish breakout pattern scanner shows the list of stocks forming bullish breakout pattern after 7-bar consolidation.,,,False,1,N,,OHLC_D_I_NR7BULLBO
1784718917,"{'stkname': 'Indo Count', 'ltp': '', 'perChg': '', 'stkId': 'ICI07', 'displayLock': 'N', 'scanproflg': 1, 'scUrl': 'textiles-spinning-cotton-blended/indocountindustries/ICI07', 'columns': [{'name': 'change %', 'value': '0.24'}, {'name': 'LTP', 'value': '397.50'}, {'name': 'Close Price value', 'value': '397.50'}, {'name': 'change absolute', 'value': '0.95'}]}",OHLC_D_I_NR7BULLBO,NR 7 Breakout,Seven Bar Pattern,18,Range Breakout,NR7 is a 7-bar narrow range pattern. NR7 bullish breakout pattern scanner shows the list of stocks forming bullish breakout pattern after 7-bar consolidation.,,,False,1,N,,OHLC_D_I_NR7BULLBO
1784718917,"{'stkname': 'Mayur Uniquoter', 'ltp': '', 'perChg': '', 'stkId': 'MU', 'displayLock': 'N', 'scanproflg': 1, 'scUrl': 'plastics/mayuruniquoters/MU', 'columns': [{'name': 'change %', 'value': '0.12'}, {'name': 'LTP', 'value': '796.45'}, {'name': 'Close Price value', 'value': '796.45'}, {'name': 'change absolute', 'value': '0.95'}]}",OHLC_D_I_NR7BULLBO,NR 7 Breakout,Seven Bar Pattern,18,Range Breakout,NR7 is a 7-bar narrow range pattern. NR7 bullish breakout pattern scanner shows the list of stocks forming bullish breakout pattern after 7-bar consolidation.,,,False,1,N,,OHLC_D_I_NR7BULLBO
1784718917,"{'stkname': 'Premier Polyfil', 'ltp': '', 'perChg': '', 'stkId': 'PP19', 'displayLock': 'N', 'scanproflg': 1, 'scUrl': 'plastics/premierpolyfilm/PP19', 'columns': [{'name': 'change %', 'value': '8.51'}, {'name': 'LTP', 'value': '78.20'}, {'name': 'Close Price value', 'value': '78.20'}, {'name': 'change absolute', 'value': '6.13'}]}",OHLC_D_I_NR7BULLBO,NR 7 Breakout,Seven Bar Pattern,18,Range Breakout,NR7 is a 7-bar narrow range pattern. NR7 bullish breakout pattern scanner shows the list of stocks forming bullish breakout pattern after 7-bar consolidation.,,,False,1,N,,OHLC_D_I_NR7BULLBO
1784718917,"{'stkname': 'Kingfa Science', 'ltp': '', 'perChg': '', 'stkId': 'HSS', 'displayLock': 'N', 'scanproflg': 1, 'scUrl': 'plastics/kingfasciencetechnology/HSS', 'columns': [{'name': 'change %', 'value': '0.23'}, {'name': 'LTP', 'value': '5,061.00'}, {'name': 'Close Price value', 'value': '5,061.00'}, {'name': 'change absolute', 'value': '11.50'}]}",OHLC_D_I_NR7BULLBO,NR 7 Breakout,Seven Bar Pattern,18,Range Breakout,NR7 is a 7-bar narrow range pattern. NR7 bullish breakout pattern scanner shows the list of stocks forming bullish breakout pattern after 7-bar consolidation.,,,False,1,N,,OHLC_D_I_NR7BULLBO
1784718917,"{'stkname': 'Mold-Tek Pack', 'ltp': '', 'perChg': '', 'stkId': 'MTP02', 'displayLock': 'N', 'scanproflg': 1, 'scUrl': 'plastics/mold-tekpackaging/MTP01', 'columns': [{'name': 'change %', 'value': '0.92'}, {'name': 'LTP', 'value': '705.00'}, {'name': 'Close Price value', 'value': '705.00'}, {'name': 'change absolute', 'value': '6.45'}]}",OHLC_D_I_NR7BULLBO,NR 7 Breakout,Seven Bar Pattern,18,Range Breakout,NR7 is a 7-bar narrow range pattern. NR7 bullish breakout pattern scanner shows the list of stocks forming bullish breakout pattern after 7-bar consolidation.,,,False,1,N,,OHLC_D_I_NR7BULLBO
1784718917,"{'stkname': 'Ponni Sugars(E)', 'ltp': '', 'perChg': '', 'stkId': 'PSE03', 'displayLock': 'N', 'scanproflg': 1, 'scUrl': 'sugar/ponnisugarserode/PSE03', 'columns': [{'name': 'change %', 'value': '0.65'}, {'name': 'LTP', 'value': '317.95'}, {'name': 'Close Price value', 'value': '317.95'}, {'name': 'change absolute', 'value': '2.05'}]}",OHLC_D_I_NR7BULLBO,NR 7 Breakout,Seven Bar Pattern,18,Range Breakout,NR7 is a 7-bar narrow range pattern. NR7 bullish breakout pattern scanner shows the list of stocks forming bullish breakout pattern after 7-bar consolidation.,,,False,1,N,,OHLC_D_I_NR7BULLBO
1784718917,"{'stkname': 'PPL', 'ltp': '', 'perChg': '', 'stkId': 'PPL54268', 'displayLock': 'N', 'scanproflg': 1, 'scUrl': 'miscellaneous/prakashpipeslimited/PPL54268', 'columns': [{'name': 'change %', 'value': '2.42'}, {'name': 'LTP', 'value': '264.60'}, {'name': 'Close Price value', 'value': '264.60'}, {'name': 'change absolute', 'value': '6.25'}]}",OHLC_D_I_NR7BULLBO,NR 7 Breakout,Seven Bar Pattern,18,Range Breakout,NR7 is a 7-bar narrow range pattern. NR7 bullish breakout pattern scanner shows the list of stocks forming bullish breakout pattern after 7-bar consolidation.,,,False,1,N,,OHLC_D_I_NR7BULLBO
1784718917,"{'stkname': 'GE Shipping', 'ltp': '', 'perChg': '', 'stkId': 'GES', 'displayLock': 'N', 'scanproflg': 1, 'scUrl': 'shipping/greateasternshippingcompany/GES', 'columns': [{'name': 'change %', 'value': '1.77'}, {'name': 'LTP', 'value': '1,433.80'}, {'name': 'Close Price value', 'value': '1,433.80'}, {'name': 'change absolute', 'value': '24.90'}]}",OHLC_D_I_NR7BULLBO,NR 7 Breakout,Seven Bar Pattern,18,Range Breakout,NR7 is a 7-bar narrow range pattern. NR7 bullish breakout pattern scanner shows the list of stocks forming bullish breakout pattern after 7-bar consolidation.,,,False,1,N,,OHLC_D_I_NR7BULLBO
1784718917,"{'stkname': 'Mangalam Drugs', 'ltp': '', 'perChg': '', 'stkId': 'MDO', 'displayLock': 'N', 'scanproflg': 1, 'scUrl': 'pharmaceuticals/mangalamdrugsorganics/MDO', 'columns': [{'name': 'change %', 'value': '0.04'}, {'name': 'LTP', 'value': '27.27'}, {'name': 'Close Price value', 'value': '27.27'}, {'name': 'change absolute', 'value': '0.01'}]}",OHLC_D_I_NR7BULLBO,NR 7 Breakout,Seven Bar Pattern,18,Range Breakout,NR7 is a 7-bar narrow range pattern. NR7 bullish breakout pattern scanner shows the list of stocks forming bullish breakout pattern after 7-bar consolidation.,,,False,1,N,,OHLC_D_I_NR7BULLBO
1784718917,"{'stkname': 'NR Agarwal', 'ltp': '', 'perChg': '', 'stkId': 'NRA', 'displayLock': 'N', 'scanproflg': 1, 'scUrl': 'paper/nragarwalindustries/NRA', 'columns': [{'name': 'change %', 'value': '4.32'}, {'name': 'LTP', 'value': '449.65'}, {'name': 'Close Price value', 'value': '449.65'}, {'name': 'change absolute', 'value': '18.60'}]}",OHLC_D_I_NR7BULLBO,NR 7 Breakout,Seven Bar Pattern,18,Range Breakout,NR7 is a 7-bar narrow range pattern. NR7 bullish breakout pattern scanner shows the list of stocks forming bullish breakout pattern after 7-bar consolidation.,,,False,1,N,,OHLC_D_I_NR7BULLBO
1784718917,"{'stkname': 'PAKKA', 'ltp': '', 'perChg': '', 'stkId': 'YP01', 'displayLock': 'N', 'scanproflg': 1, 'scUrl': 'paper/pakka/YP01', 'columns': [{'name': 'change %', 'value': '0.43'}, {'name': 'LTP', 'value': '72.20'}, {'name': 'Close Price value', 'value': '72.20'}, {'name': 'change absolute', 'value': '0.31'}]}",OHLC_D_I_NR7BULLBO,NR 7 Breakout,Seven Bar Pattern,18,Range Breakout,NR7 is a 7-bar narrow range pattern. NR7 bullish breakout pattern scanner shows the list of stocks forming bullish breakout pattern after 7-bar consolidation.,,,False,1,N,,OHLC_D_I_NR7BULLBO
1784718917,"{'stkname': 'Kuantum Papers', 'ltp': '', 'perChg': '', 'stkId': 'ABC06', 'displayLock': 'N', 'scanproflg': 1, 'scUrl': 'paper/kuantumpapers/ABC07', 'columns': [{'name': 'change %', 'value': '4.38'}, {'name': 'LTP', 'value': '78.90'}, {'name': 'Close Price value', 'value': '78.90'}, {'name': 'change absolute', 'value': '3.31'}]}",OHLC_D_I_NR7BULLBO,NR 7 Breakout,Seven Bar Pattern,18,Range Breakout,NR7 is a 7-bar narrow range pattern. NR7 bullish breakout pattern scanner shows the list of stocks forming bullish breakout pattern after 7-bar consolidation.,,,False,1,N,,OHLC_D_I_NR7BULLBO
1784718917,"{'stkname': 'JSW Dulux', 'ltp': '', 'perChg': '', 'stkId': 'ICI', 'displayLock': 'N', 'scanproflg': 1, 'scUrl': 'paintsvarnishes/jswdulux/ICI', 'columns': [{'name': 'change %', 'value': '2.10'}, {'name': 'LTP', 'value': '3,045.00'}, {'name': 'Close Price value', 'value': '3,045.00'}, {'name': 'change absolute', 'value': '62.70'}]}",OHLC_D_I_NR7BULLBO,NR 7 Breakout,Seven Bar Pattern,18,Range Breakout,NR7 is a 7-bar narrow range pattern. NR7 bullish breakout pattern scanner shows the list of stocks forming bullish breakout pattern after 7-bar consolidation.,,,False,1,N,,OHLC_D_I_NR7BULLBO
1784718917,"{'stkname': 'Asian Energy', 'ltp': '', 'perChg': '', 'stkId': 'AOS', 'displayLock': 'N', 'scanproflg': 1, 'scUrl': 'oil-drillingexploration/asianenergyservices/AOS', 'columns': [{'name': 'change %', 'value': '0.61'}, {'name': 'LTP', 'value': '352.90'}, {'name': 'Close Price value', 'value': '352.90'}, {'name': 'change absolute', 'value': '2.15'}]}",OHLC_D_I_NR7BULLBO,NR 7 Breakout,Seven Bar Pattern,18,Range Breakout,NR7 is a 7-bar narrow range pattern. NR7 bullish breakout pattern scanner shows the list of stocks forming bullish breakout pattern after 7-bar consolidation.,,,False,1,N,,OHLC_D_I_NR7BULLBO
1784718917,"{'stkname': 'Hitech Corp', 'ltp': '', 'perChg': '', 'stkId': 'HTP', 'displayLock': 'N', 'scanproflg': 1, 'scUrl': 'plastics/hitechcorporation/HP08', 'columns': [{'name': 'change %', 'value': '0.39'}, {'name': 'LTP', 'value': '321.00'}, {'name': 'Close Price value', 'value': '321.00'}, {'name': 'change absolute', 'value': '1.25'}]}",OHLC_D_I_NR7BULLBO,NR 7 Breakout,Seven Bar Pattern,18,Range Breakout,NR7 is a 7-bar narrow range pattern. NR7 bullish breakout pattern scanner shows the list of stocks forming bullish breakout pattern after 7-bar consolidation.,,,False,1,N,,OHLC_D_I_NR7BULLBO
1784718917,"{'stkname': 'Shankara Buildi', 'ltp': '', 'perChg': '', 'stkId': 'SBP02', 'displayLock': 'N', 'scanproflg': 1, 'scUrl': 'miscellaneous/shankarabuildingproducts/SBP02', 'columns': [{'name': 'change %', 'value': '0.92'}, {'name': 'LTP', 'value': '139.69'}, {'name': 'Close Price value', 'value': '139.69'}, {'name': 'change absolute', 'value': '1.28'}]}",OHLC_D_I_NR7BULLBO,NR 7 Breakout,Seven Bar Pattern,18,Range Breakout,NR7 is a 7-bar narrow range pattern. NR7 bullish breakout pattern scanner shows the list of stocks forming bullish breakout pattern after 7-bar consolidation.,,,False,1,N,,OHLC_D_I_NR7BULLBO
1784718917,"{'stkname': 'Trident', 'ltp': '', 'perChg': '', 'stkId': 'AI01', 'displayLock': 'N', 'scanproflg': 1, 'scUrl': 'textiles-spinning-cotton-blended/trident/AI01', 'columns': [{'name': 'change %', 'value': '0.88'}, {'name': 'LTP', 'value': '25.32'}, {'name': 'Close Price value', 'value': '25.32'}, {'name': 'change absolute', 'value': '0.22'}]}",OHLC_D_I_NR7BULLBO,NR 7 Breakout,Seven Bar Pattern,18,Range Breakout,NR7 is a 7-bar narrow range pattern. NR7 bullish breakout pattern scanner shows the list of stocks forming bullish breakout pattern after 7-bar consolidation.,,,False,1,N,,OHLC_D_I_NR7BULLBO
1784718917,"{'stkname': 'Greenply Ind', 'ltp': '', 'perChg': '', 'stkId': 'GI19', 'displayLock': 'N', 'scanproflg': 1, 'scUrl': 'miscellaneous/greenplyindustries/GI19', 'columns': [{'name': 'change %', 'value': '2.94'}, {'name': 'LTP', 'value': '332.70'}, {'name': 'Close Price value', 'value': '332.70'}, {'name': 'change absolute', 'value': '9.50'}]}",OHLC_D_I_NR7BULLBO,NR 7 Breakout,Seven Bar Pattern,18,Range Breakout,NR7 is a 7-bar narrow range pattern. NR7 bullish breakout pattern scanner shows the list of stocks forming bullish breakout pattern after 7-bar consolidation.,,,False,1,N,,OHLC_D_I_NR7BULLBO
1784718917,"{'stkname': 'Metropolis', 'ltp': '', 'perChg': '', 'stkId': 'MH09', 'displayLock': 'N', 'scanproflg': 1, 'scUrl': 'hospitalsmedical-services/metropolishealthcare/MH06', 'columns': [{'name': 'change %', 'value': '0.04'}, {'name': 'LTP', 'value': '569.05'}, {'name': 'Close Price value', 'value': '569.05'}, {'name': 'change absolute', 'value': '0.25'}]}",OHLC_D_I_NR7BULLBO,NR 7 Breakout,Seven Bar Pattern,18,Range Breakout,NR7 is a 7-bar narrow range pattern. NR7 bullish breakout pattern scanner shows the list of stocks forming bullish breakout pattern after 7-bar consolidation.,,,False,1,N,,OHLC_D_I_NR7BULLBO
1784718917,"{'stkname': 'Shalby ', 'ltp': '', 'perChg': '', 'stkId': 'SL17', 'displayLock': 'N', 'scanproflg': 1, 'scUrl': 'hospitalsmedical-services/shalby/SL18', 'columns': [{'name': 'change %', 'value': '0.59'}, {'name': 'LTP', 'value': '166.90'}, {'name': 'Close Price value', 'value': '166.90'}, {'name': 'change absolute', 'value': '0.98'}]}",OHLC_D_I_NR7BULLBO,NR 7 Breakout,Seven Bar Pattern,18,Range Breakout,NR7 is a 7-bar narrow range pattern. NR7 bullish breakout pattern scanner shows the list of stocks forming bullish breakout pattern after 7-bar consolidation.,,,False,1,N,,OHLC_D_I_NR7BULLBO
1784718917,"{'stkname': 'eMudhra', 'ltp': '', 'perChg': '', 'stkId': 'E11', 'displayLock': 'N', 'scanproflg': 1, 'scUrl': 'software/emudhra/e13', 'columns': [{'name': 'change %', 'value': '0.31'}, {'name': 'LTP', 'value': '464.00'}, {'name': 'Close Price value', 'value': '464.00'}, {'name': 'change absolute', 'value': '1.45'}]}",OHLC_D_I_NR7BULLBO,NR 7 Breakout,Seven Bar Pattern,18,Range Breakout,NR7 is a 7-bar narrow range pattern. NR7 bullish breakout pattern scanner shows the list of stocks forming bullish breakout pattern after 7-bar consolidation.,,,False,1,N,,OHLC_D_I_NR7BULLBO
1784718917,"{'stkname': 'Ramco System', 'ltp': '', 'perChg': '', 'stkId': 'RS17', 'displayLock': 'N', 'scanproflg': 1, 'scUrl': 'computers-software/ramcosystem/RS17', 'columns': [{'name': 'change %', 'value': '2.34'}, {'name': 'LTP', 'value': '815.00'}, {'name': 'Close Price value', 'value': '815.00'}, {'name': 'change absolute', 'value': '18.60'}]}",OHLC_D_I_NR7BULLBO,NR 7 Breakout,Seven Bar Pattern,18,Range Breakout,NR7 is a 7-bar narrow range pattern. NR7 bullish breakout pattern scanner shows the list of stocks forming bullish breakout pattern after 7-bar consolidation.,,,False,1,N,,OHLC_D_I_NR7BULLBO
1784718917,"{'stkname': 'Taj GVK Hotels', 'ltp': '', 'perChg': '', 'stkId': 'TGV', 'displayLock': 'N', 'scanproflg': 1, 'scUrl': 'hotels/tajgvkhotelsresorts/TGV', 'columns': [{'name': 'change %', 'value': '0.21'}, {'name': 'LTP', 'value': '358.90'}, {'name': 'Close Price value', 'value': '358.90'}, {'name': 'change absolute', 'value': '0.75'}]}",OHLC_D_I_NR7BULLBO,NR 7 Breakout,Seven Bar Pattern,18,Range Breakout,NR7 is a 7-bar narrow range pattern. NR7 bullish breakout pattern scanner shows the list of stocks forming bullish breakout pattern after 7-bar consolidation.,,,False,1,N,,OHLC_D_I_NR7BULLBO
1784718917,"{'stkname': 'Silver Touch Te', 'ltp': '', 'perChg': '', 'stkId': 'STT01', 'displayLock': 'N', 'scanproflg': 1, 'scUrl': 'computers-software/silvertouchtechnologies/STT01', 'columns': [{'name': 'change %', 'value': '0.75'}, {'name': 'LTP', 'value': '195.66'}, {'name': 'Close Price value', 'value': '195.66'}, {'name': 'change absolute', 'value': '1.45'}]}",OHLC_D_I_NR7BULLBO,NR 7 Breakout,Seven Bar Pattern,18,Range Breakout,NR7 is a 7-bar narrow range pattern. NR7 bullish breakout pattern scanner shows the list of stocks forming bullish breakout pattern after 7-bar consolidation.,,,False,1,N,,OHLC_D_I_NR7BULLBO
1784718917,"{'stkname': 'Asian Hotels', 'ltp': '', 'perChg': '', 'stkId': 'AH', 'displayLock': 'N', 'scanproflg': 1, 'scUrl': 'hotels/asianhotelsnorth/AH', 'columns': [{'name': 'change %', 'value': '10.00'}, {'name': 'LTP', 'value': '324.00'}, {'name': 'Close Price value', 'value': '324.00'}, {'name': 'change absolute', 'value': '29.45'}]}",OHLC_D_I_NR7BULLBO,NR 7 Breakout,Seven Bar Pattern,18,Range Breakout,NR7 is a 7-bar narrow range pattern. NR7 bullish breakout pattern scanner shows the list of stocks forming bullish breakout pattern after 7-bar consolidation.,,,False,1,N,,OHLC_D_I_NR7BULLBO
1784718917,"{'stkname': 'Bajaj Consumer ', 'ltp': '', 'perChg': '', 'stkId': 'BC14', 'displayLock': 'N', 'scanproflg': 1, 'scUrl': 'personal-care/bajajconsumercare/BC02', 'columns': [{'name': 'change %', 'value': '0.90'}, {'name': 'LTP', 'value': '530.00'}, {'name': 'Close Price value', 'value': '530.00'}, {'name': 'change absolute', 'value': '4.75'}]}",OHLC_D_I_NR7BULLBO,NR 7 Breakout,Seven Bar Pattern,18,Range Breakout,NR7 is a 7-bar narrow range pattern. NR7 bullish breakout pattern scanner shows the list of stocks forming bullish breakout pattern after 7-bar consolidation.,,,False,1,N,,OHLC_D_I_NR7BULLBO
1784718917,"{'stkname': 'Religare Enterp', 'ltp': '', 'perChg': '', 'stkId': 'RE09', 'displayLock': 'N', 'scanproflg': 1, 'scUrl': 'finance-investments/religareenterprises/RE09', 'columns': [{'name': 'change %', 'value': '2.30'}, {'name': 'LTP', 'value': '262.10'}, {'name': 'Close Price value', 'value': '262.10'}, {'name': 'change absolute', 'value': '5.90'}]}",OHLC_D_I_NR7BULLBO,NR 7 Breakout,Seven Bar Pattern,18,Range Breakout,NR7 is a 7-bar narrow range pattern. NR7 bullish breakout pattern scanner shows the list of stocks forming bullish breakout pattern after 7-bar consolidation.,,,False,1,N,,OHLC_D_I_NR7BULLBO
1784718917,"{'stkname': 'Steelcast', 'ltp': '', 'perChg': '', 'stkId': 'S06', 'displayLock': 'N', 'scanproflg': 1, 'scUrl': 'castingsforgings/steelcast/S06', 'columns': [{'name': 'change %', 'value': '0.59'}, {'name': 'LTP', 'value': '308.70'}, {'name': 'Close Price value', 'value': '308.70'}, {'name': 'change absolute', 'value': '1.80'}]}",OHLC_D_I_NR7BULLBO,NR 7 Breakout,Seven Bar Pattern,18,Range Breakout,NR7 is a 7-bar narrow range pattern. NR7 bullish breakout pattern scanner shows the list of stocks forming bullish breakout pattern after 7-bar consolidation.,,,False,1,N,,OHLC_D_I_NR7BULLBO
1784718917,"{'stkname': 'Guj Amb Exports', 'ltp': '', 'perChg': '', 'stkId': 'GAE', 'displayLock': 'N', 'scanproflg': 1, 'scUrl': 'food-processing/gujaratambujaexports/GAE', 'columns': [{'name': 'change %', 'value': '1.15'}, {'name': 'LTP', 'value': '144.25'}, {'name': 'Close Price value', 'value': '144.25'}, {'name': 'change absolute', 'value': '1.64'}]}",OHLC_D_I_NR7BULLBO,NR 7 Breakout,Seven Bar Pattern,18,Range Breakout,NR7 is a 7-bar narrow range pattern. NR7 bullish breakout pattern scanner shows the list of stocks forming bullish breakout pattern after 7-bar consolidation.,,,False,1,N,,OHLC_D_I_NR7BULLBO
1784718917,"{'stkname': 'Emami', 'ltp': '', 'perChg': '', 'stkId': 'E05', 'displayLock': 'N', 'scanproflg': 1, 'scUrl': 'personal-care/emami/E06', 'columns': [{'name': 'change %', 'value': '3.74'}, {'name': 'LTP', 'value': '416.00'}, {'name': 'Close Price value', 'value': '416.00'}, {'name': 'change absolute', 'value': '15.00'}]}",OHLC_D_I_NR7BULLBO,NR 7 Breakout,Seven Bar Pattern,18,Range Breakout,NR7 is a 7-bar narrow range pattern. NR7 bullish breakout pattern scanner shows the list of stocks forming bullish breakout pattern after 7-bar consolidation.,,,False,1,N,,OHLC_D_I_NR7BULLBO
1784718917,"{'stkname': 'BCL Industries', 'ltp': '', 'perChg': '', 'stkId': 'BC06', 'displayLock': 'N', 'scanproflg': 1, 'scUrl': 'breweriesdistilleries/bclindustries/BC06', 'columns': [{'name': 'change %', 'value': '0.40'}, {'name': 'LTP', 'value': '35.07'}, {'name': 'Close Price value', 'value': '35.07'}, {'name': 'change absolute', 'value': '0.14'}]}",OHLC_D_I_NR7BULLBO,NR 7 Breakout,Seven Bar Pattern,18,Range Breakout,NR7 is a 7-bar narrow range pattern. NR7 bullish breakout pattern scanner shows the list of stocks forming bullish breakout pattern after 7-bar consolidation.,,,False,1,N,,OHLC_D_I_NR7BULLBO
1784718917,"{'stkname': 'Dolat Algotech', 'ltp': '', 'perChg': '', 'stkId': 'DI11', 'displayLock': 'N', 'scanproflg': 1, 'scUrl': 'finance-stock-broking/dolatalgotech/DI11', 'columns': [{'name': 'change %', 'value': '0.13'}, {'name': 'LTP', 'value': '68.98'}, {'name': 'Close Price value', 'value': '68.98'}, {'name': 'change absolute', 'value': '0.09'}]}",OHLC_D_I_NR7BULLBO,NR 7 Breakout,Seven Bar Pattern,18,Range Breakout,NR7 is a 7-bar narrow range pattern. NR7 bullish breakout pattern scanner shows the list of stocks forming bullish breakout pattern after 7-bar consolidation.,,,False,1,N,,OHLC_D_I_NR7BULLBO
1784718917,"{'stkname': 'Poonawalla Fin', 'ltp': '', 'perChg': '', 'stkId': 'ML07', 'displayLock': 'N', 'scanproflg': 1, 'scUrl': 'finance-nbfc/poonawallafincorp/MF20', 'columns': [{'name': 'change %', 'value': '1.68'}, {'name': 'LTP', 'value': '471.00'}, {'name': 'Close Price value', 'value': '471.00'}, {'name': 'change absolute', 'value': '7.80'}]}",OHLC_D_I_NR7BULLBO,NR 7 Breakout,Seven Bar Pattern,18,Range Breakout,NR7 is a 7-bar narrow range pattern. NR7 bullish breakout pattern scanner shows the list of stocks forming bullish breakout pattern after 7-bar consolidation.,,,False,1,N,,OHLC_D_I_NR7BULLBO
1784718917,"{'stkname': 'Radiant Cash', 'ltp': '', 'perChg': '', 'stkId': 'RCM04', 'displayLock': 'N', 'scanproflg': 1, 'scUrl': 'finance-investment/radiantcashmanagementservices/RCM04', 'columns': [{'name': 'change %', 'value': '0.29'}, {'name': 'LTP', 'value': '37.60'}, {'name': 'Close Price value', 'value': '37.60'}, {'name': 'change absolute', 'value': '0.11'}]}",OHLC_D_I_NR7BULLBO,NR 7 Breakout,Seven Bar Pattern,18,Range Breakout,NR7 is a 7-bar narrow range pattern. NR7 bullish breakout pattern scanner shows the list of stocks forming bullish breakout pattern after 7-bar consolidation.,,,False,1,N,,OHLC_D_I_NR7BULLBO
1784718917,"{'stkname': 'Vishnu Prakash', 'ltp': '', 'perChg': '', 'stkId': 'VPP01', 'displayLock': 'N', 'scanproflg': 1, 'scUrl': 'engineering-construction/vishnuprakashrpunglia/VPP01', 'columns': [{'name': 'change %', 'value': '1.97'}, {'name': 'LTP', 'value': '26.93'}, {'name': 'Close Price value', 'value': '26.93'}, {'name': 'change absolute', 'value': '0.52'}]}",OHLC_D_I_NR7BULLBO,NR 7 Breakout,Seven Bar Pattern,18,Range Breakout,NR7 is a 7-bar narrow range pattern. NR7 bullish breakout pattern scanner shows the list of stocks forming bullish breakout pattern after 7-bar consolidation.,,,False,1,N,,OHLC_D_I_NR7BULLBO
1784718917,"{'stkname': 'CSL Fin', 'ltp': '', 'perChg': '', 'stkId': 'CSL01', 'displayLock': 'N', 'scanproflg': 1, 'scUrl': 'finance-leasinghire-purchase/cslfinance/CSL01', 'columns': [{'name': 'change %', 'value': '0.59'}, {'name': 'LTP', 'value': '215.50'}, {'name': 'Close Price value', 'value': '215.50'}, {'name': 'change absolute', 'value': '1.26'}]}",OHLC_D_I_NR7BULLBO,NR 7 Breakout,Seven Bar Pattern,18,Range Breakout,NR7 is a 7-bar narrow range pattern. NR7 bullish breakout pattern scanner shows the list of stocks forming bullish breakout pattern after 7-bar consolidation.,,,False,1,N,,OHLC_D_I_NR7BULLBO
1784718917,"{'stkname': 'Health X Plat', 'ltp': '', 'perChg': '', 'stkId': 'MFS04', 'displayLock': 'N', 'scanproflg': 1, 'scUrl': 'finance-general/healthxplatform/MFS', 'columns': [{'name': 'change %', 'value': '1.23'}, {'name': 'LTP', 'value': '322.00'}, {'name': 'Close Price value', 'value': '322.00'}, {'name': 'change absolute', 'value': '3.90'}]}",OHLC_D_I_NR7BULLBO,NR 7 Breakout,Seven Bar Pattern,18,Range Breakout,NR7 is a 7-bar narrow range pattern. NR7 bullish breakout pattern scanner shows the list of stocks forming bullish breakout pattern after 7-bar consolidation.,,,False,1,N,,OHLC_D_I_NR7BULLBO
1784718917,"{'stkname': 'Power Mech', 'ltp': '', 'perChg': '', 'stkId': 'PMP', 'displayLock': 'N', 'scanproflg': 1, 'scUrl': 'infrastructure-general/powermechprojects/PMP', 'columns': [{'name': 'change %', 'value': '0.79'}, {'name': 'LTP', 'value': '2,549.00'}, {'name': 'Close Price value', 'value': '2,549.00'}, {'name': 'change absolute', 'value': '20.10'}]}",OHLC_D_I_NR7BULLBO,NR 7 Breakout,Seven Bar Pattern,18,Range Breakout,NR7 is a 7-bar narrow range pattern. NR7 bullish breakout pattern scanner shows the list of stocks forming bullish breakout pattern after 7-bar consolidation.,,,False,1,N,,OHLC_D_I_NR7BULLBO
1784718917,"{'stkname': 'Avalon Tech', 'ltp': '', 'perChg': '', 'stkId': 'AT23', 'displayLock': 'N', 'scanproflg': 1, 'scUrl': 'electronics-components/avalontechnologies/AT27', 'columns': [{'name': 'change %', 'value': '0.42'}, {'name': 'LTP', 'value': '1,750.40'}, {'name': 'Close Price value', 'value': '1,750.40'}, {'name': 'change absolute', 'value': '7.40'}]}",OHLC_D_I_NR7BULLBO,NR 7 Breakout,Seven Bar Pattern,18,Range Breakout,NR7 is a 7-bar narrow range pattern. NR7 bullish breakout pattern scanner shows the list of stocks forming bullish breakout pattern after 7-bar consolidation.,,,False,1,N,,OHLC_D_I_NR7BULLBO
1784718917,"{'stkname': 'Ideaforge Tech', 'ltp': '', 'perChg': '', 'stkId': 'IT07', 'displayLock': 'N', 'scanproflg': 1, 'scUrl': 'engineering-industrial-equipments/ideaforgetechnology/IT07', 'columns': [{'name': 'change %', 'value': '1.59'}, {'name': 'LTP', 'value': '863.90'}, {'name': 'Close Price value', 'value': '863.90'}, {'name': 'change absolute', 'value': '13.55'}]}",OHLC_D_I_NR7BULLBO,NR 7 Breakout,Seven Bar Pattern,18,Range Breakout,NR7 is a 7-bar narrow range pattern. NR7 bullish breakout pattern scanner shows the list of stocks forming bullish breakout pattern after 7-bar consolidation.,,,False,1,N,,OHLC_D_I_NR7BULLBO
1784718917,"{'stkname': 'Astra Microwave', 'ltp': '', 'perChg': '', 'stkId': 'AMP01', 'displayLock': 'N', 'scanproflg': 1, 'scUrl': 'defence/astramicrowaveproducts/AMP01', 'columns': [{'name': 'change %', 'value': '0.62'}, {'name': 'LTP', 'value': '1,758.00'}, {'name': 'Close Price value', 'value': '1,758.00'}, {'name': 'change absolute', 'value': '10.90'}]}",OHLC_D_I_NR7BULLBO,NR 7 Breakout,Seven Bar Pattern,18,Range Breakout,NR7 is a 7-bar narrow range pattern. NR7 bullish breakout pattern scanner shows the list of stocks forming bullish breakout pattern after 7-bar consolidation.,,,False,1,N,,OHLC_D_I_NR7BULLBO
1784718917,"{'stkname': 'GMM Pfaudler', 'ltp': '', 'perChg': '', 'stkId': 'GMM01', 'displayLock': 'N', 'scanproflg': 1, 'scUrl': 'engineering-heavy/gmmpfaudler/GMM01', 'columns': [{'name': 'change %', 'value': '0.07'}, {'name': 'LTP', 'value': '804.00'}, {'name': 'Close Price value', 'value': '804.00'}, {'name': 'change absolute', 'value': '0.60'}]}",OHLC_D_I_NR7BULLBO,NR 7 Breakout,Seven Bar Pattern,18,Range Breakout,NR7 is a 7-bar narrow range pattern. NR7 bullish breakout pattern scanner shows the list of stocks forming bullish breakout pattern after 7-bar consolidation.,,,False,1,N,,OHLC_D_I_NR7BULLBO
1784718917,"{'stkname': 'Deep Ind', 'ltp': '', 'perChg': '', 'stkId': 'DI22', 'displayLock': 'N', 'scanproflg': 1, 'scUrl': 'oil-explorationproduction/deepindustries/DI02', 'columns': [{'name': 'change %', 'value': '0.31'}, {'name': 'LTP', 'value': '472.00'}, {'name': 'Close Price value', 'value': '472.00'}, {'name': 'change absolute', 'value': '1.45'}]}",OHLC_D_I_NR7BULLBO,NR 7 Breakout,Seven Bar Pattern,18,Range Breakout,NR7 is a 7-bar narrow range pattern. NR7 bullish breakout pattern scanner shows the list of stocks forming bullish breakout pattern after 7-bar consolidation.,,,False,1,N,,OHLC_D_I_NR7BULLBO
1784718917,"{'stkname': 'Mangalam Cement', 'ltp': '', 'perChg': '', 'stkId': 'MC03', 'displayLock': 'N', 'scanproflg': 1, 'scUrl': 'cement-major/mangalamcement/MC03', 'columns': [{'name': 'change %', 'value': '0.70'}, {'name': 'LTP', 'value': '987.00'}, {'name': 'Close Price value', 'value': '987.00'}, {'name': 'change absolute', 'value': '6.90'}]}",OHLC_D_I_NR7BULLBO,NR 7 Breakout,Seven Bar Pattern,18,Range Breakout,NR7 is a 7-bar narrow range pattern. NR7 bullish breakout pattern scanner shows the list of stocks forming bullish breakout pattern after 7-bar consolidation.,,,False,1,N,,OHLC_D_I_NR7BULLBO
1784718917,"{'stkname': 'Fairchem Org.', 'ltp': '', 'perChg': '', 'stkId': 'FO01', 'displayLock': 'N', 'scanproflg': 1, 'scUrl': 'speciality-chemicals/fairchemorganics/FO01', 'columns': [{'name': 'change %', 'value': '5.00'}, {'name': 'LTP', 'value': '737.30'}, {'name': 'Close Price value', 'value': '737.30'}, {'name': 'change absolute', 'value': '35.10'}]}",OHLC_D_I_NR7BULLBO,NR 7 Breakout,Seven Bar Pattern,18,Range Breakout,NR7 is a 7-bar narrow range pattern. NR7 bullish breakout pattern scanner shows the list of stocks forming bullish breakout pattern after 7-bar consolidation.,,,False,1,N,,OHLC_D_I_NR7BULLBO
1784718917,"{'stkname': 'Global Surfaces', 'ltp': '', 'perChg': '', 'stkId': 'GS19', 'displayLock': 'N', 'scanproflg': 1, 'scUrl': 'ceramicsmarblegranitesanitaryware/globalsurfaces/GS17', 'columns': [{'name': 'change %', 'value': '5.00'}, {'name': 'LTP', 'value': '25.41'}, {'name': 'Close Price value', 'value': '25.41'}, {'name': 'change absolute', 'value': '1.21'}]}",OHLC_D_I_NR7BULLBO,NR 7 Breakout,Seven Bar Pattern,18,Range Breakout,NR7 is a 7-bar narrow range pattern. NR7 bullish breakout pattern scanner shows the list of stocks forming bullish breakout pattern after 7-bar consolidation.,,,False,1,N,,OHLC_D_I_NR7BULLBO
1784718917,"{'stkname': 'Aether Ind', 'ltp': '', 'perChg': '', 'stkId': 'AI74', 'displayLock': 'N', 'scanproflg': 1, 'scUrl': 'speciality-chemicals/aetherindustries/AI84', 'columns': [{'name': 'change %', 'value': '0.50'}, {'name': 'LTP', 'value': '1,457.00'}, {'name': 'Close Price value', 'value': '1,457.00'}, {'name': 'change absolute', 'value': '7.30'}]}",OHLC_D_I_NR7BULLBO,NR 7 Breakout,Seven Bar Pattern,18,Range Breakout,NR7 is a 7-bar narrow range pattern. NR7 bullish breakout pattern scanner shows the list of stocks forming bullish breakout pattern after 7-bar consolidation.,,,False,1,N,,OHLC_D_I_NR7BULLBO
1784718917,"{'stkname': 'R R Kabel', 'ltp': '', 'perChg': '', 'stkId': 'K04', 'displayLock': 'N', 'scanproflg': 1, 'scUrl': 'cables/rrkabel/K04', 'columns': [{'name': 'change %', 'value': '4.89'}, {'name': 'LTP', 'value': '2,460.00'}, {'name': 'Close Price value', 'value': '2,460.00'}, {'name': 'change absolute', 'value': '114.60'}]}",OHLC_D_I_NR7BULLBO,NR 7 Breakout,Seven Bar Pattern,18,Range Breakout,NR7 is a 7-bar narrow range pattern. NR7 bullish breakout pattern scanner shows the list of stocks forming bullish breakout pattern after 7-bar consolidation.,,,False,1,N,,OHLC_D_I_NR7BULLBO
1784718917,"{'stkname': 'Goa Carbon', 'ltp': '', 'perChg': '', 'stkId': 'GC04', 'displayLock': 'N', 'scanproflg': 1, 'scUrl': 'petrochemicals/goacarbon/GC04', 'columns': [{'name': 'change %', 'value': '1.47'}, {'name': 'LTP', 'value': '372.00'}, {'name': 'Close Price value', 'value': '372.00'}, {'name': 'change absolute', 'value': '5.40'}]}",OHLC_D_I_NR7BULLBO,NR 7 Breakout,Seven Bar Pattern,18,Range Breakout,NR7 is a 7-bar narrow range pattern. NR7 bullish breakout pattern scanner shows the list of stocks forming bullish breakout pattern after 7-bar consolidation.,,,False,1,N,,OHLC_D_I_NR7BULLBO
1784718917,"{'stkname': 'GNA Axles', 'ltp': '', 'perChg': '', 'stkId': 'A11', 'displayLock': 'N', 'scanproflg': 1, 'scUrl': 'auto-ancillaries/gnaaxles/A03', 'columns': [{'name': 'change %', 'value': '0.50'}, {'name': 'LTP', 'value': '512.35'}, {'name': 'Close Price value', 'value': '512.35'}, {'name': 'change absolute', 'value': '2.55'}]}",OHLC_D_I_NR7BULLBO,NR 7 Breakout,Seven Bar Pattern,18,Range Breakout,NR7 is a 7-bar narrow range pattern. NR7 bullish breakout pattern scanner shows the list of stocks forming bullish breakout pattern after 7-bar consolidation.,,,False,1,N,,OHLC_D_I_NR7BULLBO
1784718917,"{'stkname': 'Bombay Burmah', 'ltp': '', 'perChg': '', 'stkId': 'BBT', 'displayLock': 'N', 'scanproflg': 1, 'scUrl': 'plantations-teacoffee/bombayburmahtradingcorporation/BBT', 'columns': [{'name': 'change %', 'value': '0.25'}, {'name': 'LTP', 'value': '1,495.20'}, {'name': 'Close Price value', 'value': '1,495.20'}, {'name': 'change absolute', 'value': '3.80'}]}",OHLC_D_I_NR7BULLBO,NR 7 Breakout,Seven Bar Pattern,18,Range Breakout,NR7 is a 7-bar narrow range pattern. NR7 bullish breakout pattern scanner shows the list of stocks forming bullish breakout pattern after 7-bar consolidation.,,,False,1,N,,OHLC_D_I_NR7BULLBO
1784718917,"{'stkname': 'Anant Raj', 'ltp': '', 'perChg': '', 'stkId': 'ARI', 'displayLock': 'N', 'scanproflg': 1, 'scUrl': 'construction-real-estate/anantraj/ARI', 'columns': [{'name': 'change %', 'value': '1.09'}, {'name': 'LTP', 'value': '615.50'}, {'name': 'Close Price value', 'value': '615.50'}, {'name': 'change absolute', 'value': '6.65'}]}",OHLC_D_I_NR7BULLBO,NR 7 Breakout,Seven Bar Pattern,18,Range Breakout,NR7 is a 7-bar narrow range pattern. NR7 bullish breakout pattern scanner shows the list of stocks forming bullish breakout pattern after 7-bar consolidation.,,,False,1,N,,OHLC_D_I_NR7BULLBO
1784718917,"{'stkname': 'Thangamayil', 'ltp': '', 'perChg': '', 'stkId': 'TJ', 'displayLock': 'N', 'scanproflg': 1, 'scUrl': 'diamondjewellery/thangamayiljewellery/TJ', 'columns': [{'name': 'change %', 'value': '0.50'}, {'name': 'LTP', 'value': '6,485.00'}, {'name': 'Close Price value', 'value': '6,485.00'}, {'name': 'change absolute', 'value': '32.00'}]}",OHLC_D_I_NR7BULLBO,NR 7 Breakout,Seven Bar Pattern,18,Range Breakout,NR7 is a 7-bar narrow range pattern. NR7 bullish breakout pattern scanner shows the list of stocks forming bullish breakout pattern after 7-bar consolidation.,,,False,1,N,,OHLC_D_I_NR7BULLBO
1784718917,"{'stkname': 'CarTrade Tech', 'ltp': '', 'perChg': '', 'stkId': 'CT09', 'displayLock': 'N', 'scanproflg': 1, 'scUrl': 'automobile-dealersdistributors/cartradetech/CT12', 'columns': [{'name': 'change %', 'value': '3.01'}, {'name': 'LTP', 'value': '2,808.00'}, {'name': 'Close Price value', 'value': '2,808.00'}, {'name': 'change absolute', 'value': '82.00'}]}",OHLC_D_I_NR7BULLBO,NR 7 Breakout,Seven Bar Pattern,18,Range Breakout,NR7 is a 7-bar narrow range pattern. NR7 bullish breakout pattern scanner shows the list of stocks forming bullish breakout pattern after 7-bar consolidation.,,,False,1,N,,OHLC_D_I_NR7BULLBO
1784718917,"{'stkname': 'Fujiyama Power ', 'ltp': '', 'perChg': '', 'stkId': 'FPS01', 'displayLock': 'N', 'scanproflg': 1, 'scUrl': 'renewables/fujiyamapowersystems/FPS01', 'columns': [{'name': 'change %', 'value': '0.64'}, {'name': 'LTP', 'value': '378.00'}, {'name': 'Close Price value', 'value': '378.00'}, {'name': 'change absolute', 'value': '2.40'}]}",OHLC_D_I_NR7BULLBO,NR 7 Breakout,Seven Bar Pattern,18,Range Breakout,NR7 is a 7-bar narrow range pattern. NR7 bullish breakout pattern scanner shows the list of stocks forming bullish breakout pattern after 7-bar consolidation.,,,False,1,N,,OHLC_D_I_NR7BULLBO
1784718917,"{'stkname': 'TD Power System', 'ltp': '', 'perChg': '', 'stkId': 'TPS', 'displayLock': 'N', 'scanproflg': 1, 'scUrl': 'engineering-heavy/tdpowersystems/TPS01', 'columns': [{'name': 'change %', 'value': '3.31'}, {'name': 'LTP', 'value': '1,166.60'}, {'name': 'Close Price value', 'value': '1,166.60'}, {'name': 'change absolute', 'value': '37.40'}]}",OHLC_D_I_NR7BULLBO,NR 7 Breakout,Seven Bar Pattern,18,Range Breakout,NR7 is a 7-bar narrow range pattern. NR7 bullish breakout pattern scanner shows the list of stocks forming bullish breakout pattern after 7-bar consolidation.,,,False,1,N,,OHLC_D_I_NR7BULLBO
1784718917,"{'stkname': 'Avenue Supermar', 'ltp': '', 'perChg': '', 'stkId': 'AS28', 'displayLock': 'N', 'scanproflg': 1, 'scUrl': 'retail/avenuesupermarts/AS19', 'columns': [{'name': 'change %', 'value': '0.81'}, {'name': 'LTP', 'value': '4,008.00'}, {'name': 'Close Price value', 'value': '4,008.00'}, {'name': 'change absolute', 'value': '32.40'}]}",OHLC_D_I_NR7BULLBO,NR 7 Breakout,Seven Bar Pattern,18,Range Breakout,NR7 is a 7-bar narrow range pattern. NR7 bullish breakout pattern scanner shows the list of stocks forming bullish breakout pattern after 7-bar consolidation.,,,False,1,N,,OHLC_D_I_NR7BULLBO
1784718917,"{'stkname': 'Nestle', 'ltp': '', 'perChg': '', 'stkId': 'NI', 'displayLock': 'N', 'scanproflg': 1, 'scUrl': 'food-processing/nestleindia/NI', 'columns': [{'name': 'change %', 'value': '3.24'}, {'name': 'LTP', 'value': '1,499.00'}, {'name': 'Close Price value', 'value': '1,499.00'}, {'name': 'change absolute', 'value': '47.10'}]}",OHLC_D_I_NR7BULLBO,NR 7 Breakout,Seven Bar Pattern,18,Range Breakout,NR7 is a 7-bar narrow range pattern. NR7 bullish breakout pattern scanner shows the list of stocks forming bullish breakout pattern after 7-bar consolidation.,,,False,1,N,,OHLC_D_I_NR7BULLBO
1784718917,"{'stkname': 'BHEL', 'ltp': '', 'perChg': '', 'stkId': 'BHE', 'displayLock': 'N', 'scanproflg': 1, 'scUrl': 'infrastructure-general/bharatheavyelectricals/BHE', 'columns': [{'name': 'change %', 'value': '0.67'}, {'name': 'LTP', 'value': '416.05'}, {'name': 'Close Price value', 'value': '416.05'}, {'name': 'change absolute', 'value': '2.75'}]}",OHLC_D_I_NR7BULLBO,NR 7 Breakout,Seven Bar Pattern,18,Range Breakout,NR7 is a 7-bar narrow range pattern. NR7 bullish breakout pattern scanner shows the list of stocks forming bullish breakout pattern after 7-bar consolidation.,,,False,1,N,,OHLC_D_I_NR7BULLBO
1784718917,"{'stkname': 'Divis Labs', 'ltp': '', 'perChg': '', 'stkId': 'DL03', 'displayLock': 'N', 'scanproflg': 1, 'scUrl': 'pharmaceuticals/divislaboratories/DL03', 'columns': [{'name': 'change %', 'value': '0.78'}, {'name': 'LTP', 'value': '7,387.50'}, {'name': 'Close Price value', 'value': '7,387.50'}, {'name': 'change absolute', 'value': '57.50'}]}",OHLC_D_I_NR7BULLBO,NR 7 Breakout,Seven Bar Pattern,18,Range Breakout,NR7 is a 7-bar narrow range pattern. NR7 bullish breakout pattern scanner shows the list of stocks forming bullish breakout pattern after 7-bar consolidation.,,,False,1,N,,OHLC_D_I_NR7BULLBO
1784718917,"{'stkname': 'Britannia', 'ltp': '', 'perChg': '', 'stkId': 'BI', 'displayLock': 'N', 'scanproflg': 1, 'scUrl': 'food-processing/britanniaindustries/BI', 'columns': [{'name': 'change %', 'value': '0.18'}, {'name': 'LTP', 'value': '5,492.00'}, {'name': 'Close Price value', 'value': '5,492.00'}, {'name': 'change absolute', 'value': '10.00'}]}",OHLC_D_I_NR7BULLBO,NR 7 Breakout,Seven Bar Pattern,18,Range Breakout,NR7 is a 7-bar narrow range pattern. NR7 bullish breakout pattern scanner shows the list of stocks forming bullish breakout pattern after 7-bar consolidation.,,,False,1,N,,OHLC_D_I_NR7BULLBO
1784718917,"{'stkname': 'HUL', 'ltp': '', 'perChg': '', 'stkId': 'HL', 'displayLock': 'N', 'scanproflg': 1, 'scUrl': 'personal-care/hindustanunilever/HU', 'columns': [{'name': 'change %', 'value': '0.68'}, {'name': 'LTP', 'value': '2,157.00'}, {'name': 'Close Price value', 'value': '2,157.00'}, {'name': 'change absolute', 'value': '14.50'}]}",OHLC_D_I_NR7BULLBO,NR 7 Breakout,Seven Bar Pattern,18,Range Breakout,NR7 is a 7-bar narrow range pattern. NR7 bullish breakout pattern scanner shows the list of stocks forming bullish breakout pattern after 7-bar consolidation.,,,False,1,N,,OHLC_D_I_NR7BULLBO
1784718917,"{'stkname': 'Polycab', 'ltp': '', 'perChg': '', 'stkId': 'PI41', 'displayLock': 'N', 'scanproflg': 1, 'scUrl': 'cables-powerothers/polycabindia/PI44', 'columns': [{'name': 'change %', 'value': '1.90'}, {'name': 'LTP', 'value': '9,072.50'}, {'name': 'Close Price value', 'value': '9,072.50'}, {'name': 'change absolute', 'value': '169.00'}]}",OHLC_D_I_NR7BULLBO,NR 7 Breakout,Seven Bar Pattern,18,Range Breakout,NR7 is a 7-bar narrow range pattern. NR7 bullish breakout pattern scanner shows the list of stocks forming bullish breakout pattern after 7-bar consolidation.,,,False,1,N,,OHLC_D_I_NR7BULLBO
1784718917,"{'stkname': 'Bharti Airtel', 'ltp': '', 'perChg': '', 'stkId': 'BTV', 'displayLock': 'N', 'scanproflg': 1, 'scUrl': 'telecommunications-service/bhartiairtel/BA08', 'columns': [{'name': 'change %', 'value': '0.11'}, {'name': 'LTP', 'value': '1,950.60'}, {'name': 'Close Price value', 'value': '1,950.60'}, {'name': 'change absolute', 'value': '2.20'}]}",OHLC_D_I_NR7BULLBO,NR 7 Breakout,Seven Bar Pattern,18,Range Breakout,NR7 is a 7-bar narrow range pattern. NR7 bullish breakout pattern scanner shows the list of stocks forming bullish breakout pattern after 7-bar consolidation.,,,False,1,N,,OHLC_D_I_NR7BULLBO
1784718917,"{'stkname': 'DSP Bse Sensex', 'ltp': '', 'perChg': '', 'stkId': 'DSPSE17613', 'displayLock': 'N', 'scanproflg': 1, 'scUrl': 'etf/dspbsesensexetf/DSPSE17613', 'columns': [{'name': 'change %', 'value': '0.45'}, {'name': 'LTP', 'value': '80.00'}, {'name': 'Close Price value', 'value': '80.00'}, {'name': 'change absolute', 'value': '0.36'}]}",OHLC_D_I_NR7BULLBO,NR 7 Breakout,Seven Bar Pattern,18,Range Breakout,NR7 is a 7-bar narrow range pattern. NR7 bullish breakout pattern scanner shows the list of stocks forming bullish breakout pattern after 7-bar consolidation.,,,False,1,N,,OHLC_D_I_NR7BULLBO
1784718917,"{'stkname': 'NALCO', 'ltp': '', 'perChg': '', 'stkId': 'NAC', 'displayLock': 'N', 'scanproflg': 1, 'scUrl': 'aluminium/nationalaluminiumcompany/NAC', 'columns': [{'name': 'change %', 'value': '0.19'}, {'name': 'LTP', 'value': '343.55'}, {'name': 'Close Price value', 'value': '343.55'}, {'name': 'change absolute', 'value': '0.65'}]}",OHLC_D_I_NR7BULLBO,NR 7 Breakout,Seven Bar Pattern,18,Range Breakout,NR7 is a 7-bar narrow range pattern. NR7 bullish breakout pattern scanner shows the list of stocks forming bullish breakout pattern after 7-bar consolidation.,,,False,1,N,,OHLC_D_I_NR7BULLBO
1784718917,"{'stkname': 'IC QUAL30IETF', 'ltp': '', 'perChg': '', 'stkId': 'QUAL317808', 'displayLock': 'N', 'scanproflg': 1, 'scUrl': 'etf/iciciprudentialnifty200quality30etf/QUAL317808', 'columns': [{'name': 'change %', 'value': '0.48'}, {'name': 'LTP', 'value': '21.03'}, {'name': 'Close Price value', 'value': '21.03'}, {'name': 'change absolute', 'value': '0.10'}]}",OHLC_D_I_NR7BULLBO,NR 7 Breakout,Seven Bar Pattern,18,Range Breakout,NR7 is a 7-bar narrow range pattern. NR7 bullish breakout pattern scanner shows the list of stocks forming bullish breakout pattern after 7-bar consolidation.,,,False,1,N,,OHLC_D_I_NR7BULLBO
1784718917,"{'stkname': 'Acutaas Chem', 'ltp': '', 'perChg': '', 'stkId': 'AO05', 'displayLock': 'N', 'scanproflg': 1, 'scUrl': 'speciality-chemicals/acutaaschemicals/AO05', 'columns': [{'name': 'change %', 'value': '0.08'}, {'name': 'LTP', 'value': '3,680.00'}, {'name': 'Close Price value', 'value': '3,680.00'}, {'name': 'change absolute', 'value': '3.00'}]}",OHLC_D_I_NR7BULLBO,NR 7 Breakout,Seven Bar Pattern,18,Range Breakout,NR7 is a 7-bar narrow range pattern. NR7 bullish breakout pattern scanner shows the list of stocks forming bullish breakout pattern after 7-bar consolidation.,,,False,1,N,,OHLC_D_I_NR7BULLBO
1784718917,"{'stkname': 'SBI Gold ETF', 'ltp': '', 'perChg': '', 'stkId': 'SBI15', 'displayLock': 'N', 'scanproflg': 1, 'scUrl': 'gold-etf/sbimutualfund-goldexchangetradedscheme/SBI16', 'columns': [{'name': 'change %', 'value': '1.19'}, {'name': 'LTP', 'value': '122.86'}, {'name': 'Close Price value', 'value': '122.86'}, {'name': 'change absolute', 'value': '1.45'}]}",OHLC_D_I_NR7BULLBO,NR 7 Breakout,Seven Bar Pattern,18,Range Breakout,NR7 is a 7-bar narrow range pattern. NR7 bullish breakout pattern scanner shows the list of stocks forming bullish breakout pattern after 7-bar consolidation.,,,False,1,N,,OHLC_D_I_NR7BULLBO
1784718917,"{'stkname': 'MO Nifty PSE', 'ltp': '', 'perChg': '', 'stkId': 'MOPSE75743', 'displayLock': 'N', 'scanproflg': 1, 'scUrl': 'etf/motilaloswalniftypseetf/MOPSE75743', 'columns': [{'name': 'change %', 'value': '0.02'}, {'name': 'LTP', 'value': '101.70'}, {'name': 'Close Price value', 'value': '101.70'}, {'name': 'change absolute', 'value': '0.02'}]}",OHLC_D_I_NR7BULLBO,NR 7 Breakout,Seven Bar Pattern,18,Range Breakout,NR7 is a 7-bar narrow range pattern. NR7 bullish breakout pattern scanner shows the list of stocks forming bullish breakout pattern after 7-bar consolidation.,,,False,1,N,,OHLC_D_I_NR7BULLBO
1784718917,"{'stkname': 'Kot Quality 30', 'ltp': '', 'perChg': '', 'stkId': 'KNQ', 'displayLock': 'N', 'scanproflg': 1, 'scUrl': 'etf/kotaknifty200quality30etf/KNQ', 'columns': [{'name': 'change %', 'value': '0.05'}, {'name': 'LTP', 'value': '20.52'}, {'name': 'Close Price value', 'value': '20.52'}, {'name': 'change absolute', 'value': '0.01'}]}",OHLC_D_I_NR7BULLBO,NR 7 Breakout,Seven Bar Pattern,18,Range Breakout,NR7 is a 7-bar narrow range pattern. NR7 bullish breakout pattern scanner shows the list of stocks forming bullish breakout pattern after 7-bar consolidation.,,,False,1,N,,OHLC_D_I_NR7BULLBO
1784718917,"{'stkname': 'Digitide Solut', 'ltp': '', 'perChg': '', 'stkId': 'DSL03', 'displayLock': 'N', 'scanproflg': 1, 'scUrl': 'it-servicesconsulting/digitidesolutions/DSL02', 'columns': [{'name': 'change %', 'value': '0.78'}, {'name': 'LTP', 'value': '85.55'}, {'name': 'Close Price value', 'value': '85.55'}, {'name': 'change absolute', 'value': '0.66'}]}",OHLC_D_I_NR7BULLBO,NR 7 Breakout,Seven Bar Pattern,18,Range Breakout,NR7 is a 7-bar narrow range pattern. NR7 bullish breakout pattern scanner shows the list of stocks forming bullish breakout pattern after 7-bar consolidation.,,,False,1,N,,OHLC_D_I_NR7BULLBO
1784718917,"{'stkname': 'Finkurve Fin', 'ltp': '', 'perChg': '', 'stkId': 'SL02', 'displayLock': 'N', 'scanproflg': 1, 'scUrl': 'finance-investments/finkurvefinancialservices/SL02', 'columns': [{'name': 'change %', 'value': '2.06'}, {'name': 'LTP', 'value': '55.45'}, {'name': 'Close Price value', 'value': '55.45'}, {'name': 'change absolute', 'value': '1.12'}]}",OHLC_D_I_NR7BULLBO,NR 7 Breakout,Seven Bar Pattern,18,Range Breakout,NR7 is a 7-bar narrow range pattern. NR7 bullish breakout pattern scanner shows the list of stocks forming bullish breakout pattern after 7-bar consolidation.,,,False,1,N,,OHLC_D_I_NR7BULLBO
1784718917,"{'stkname': 'Kotak NiftyMNC', 'ltp': '', 'perChg': '', 'stkId': 'KOTAK10676', 'displayLock': 'N', 'scanproflg': 1, 'scUrl': 'etf/kotakniftymncetf/KOTAK10676', 'columns': [{'name': 'change %', 'value': '0.18'}, {'name': 'LTP', 'value': '33.63'}, {'name': 'Close Price value', 'value': '33.63'}, {'name': 'change absolute', 'value': '0.06'}]}",OHLC_D_I_NR4BULLBO,NR 4 Breakout,Four Bar Pattern,18,Range Breakout,NR4 is a 4-bar narrow range pattern. NR4 bullish breakout pattern scanner shows the list of stocks forming bullish breakout pattern after 4-bar consolidation.,,,False,1,N,,OHLC_D_I_NR4BULLBO
1784718917,"{'stkname': 'Mirae Gold ETF', 'ltp': '', 'perChg': '', 'stkId': 'MAGOL14286', 'displayLock': 'N', 'scanproflg': 1, 'scUrl': 'gold-etf/miraeassetgoldetf/MAGOL14286', 'columns': [{'name': 'change %', 'value': '1.14'}, {'name': 'LTP', 'value': '139.85'}, {'name': 'Close Price value', 'value': '139.85'}, {'name': 'change absolute', 'value': '1.58'}]}",OHLC_D_I_NR4BULLBO,NR 4 Breakout,Four Bar Pattern,18,Range Breakout,NR4 is a 4-bar narrow range pattern. NR4 bullish breakout pattern scanner shows the list of stocks forming bullish breakout pattern after 4-bar consolidation.,,,False,1,N,,OHLC_D_I_NR4BULLBO
1784718917,"{'stkname': 'DSP Flex.Qual', 'ltp': '', 'perChg': '', 'stkId': 'DNF', 'displayLock': 'N', 'scanproflg': 1, 'scUrl': 'etf/dspnifty500flexicapquality30etf/DNF', 'columns': [{'name': 'change %', 'value': '0.10'}, {'name': 'LTP', 'value': '10.05'}, {'name': 'Close Price value', 'value': '10.05'}, {'name': 'change absolute', 'value': '0.01'}]}",OHLC_D_I_NR4BULLBO,NR 4 Breakout,Four Bar Pattern,18,Range Breakout,NR4 is a 4-bar narrow range pattern. NR4 bullish breakout pattern scanner shows the list of stocks forming bullish breakout pattern after 4-bar consolidation.,,,False,1,N,,OHLC_D_I_NR4BULLBO
1784718917,"{'stkname': 'HDFC GOLD ETF', 'ltp': '', 'perChg': '', 'stkId': 'HDF02', 'displayLock': 'N', 'scanproflg': 1, 'scUrl': 'gold-etf/hdfcgoldetf/HDF02', 'columns': [{'name': 'change %', 'value': '1.09'}, {'name': 'LTP', 'value': '123.04'}, {'name': 'Close Price value', 'value': '123.04'}, {'name': 'change absolute', 'value': '1.33'}]}",OHLC_D_I_NR4BULLBO,NR 4 Breakout,Four Bar Pattern,18,Range Breakout,NR4 is a 4-bar narrow range pattern. NR4 bullish breakout pattern scanner shows the list of stocks forming bullish breakout pattern after 4-bar consolidation.,,,False,1,N,,OHLC_D_I_NR4BULLBO
1784718917,"{'stkname': 'ABSL Life Gold', 'ltp': '', 'perChg': '', 'stkId': 'BSL02', 'displayLock': 'N', 'scanproflg': 1, 'scUrl': 'gold-etf/birlasunlifegoldetf/BSL02', 'columns': [{'name': 'change %', 'value': '1.17'}, {'name': 'LTP', 'value': '126.51'}, {'name': 'Close Price value', 'value': '126.51'}, {'name': 'change absolute', 'value': '1.46'}]}",OHLC_D_I_NR4BULLBO,NR 4 Breakout,Four Bar Pattern,18,Range Breakout,NR4 is a 4-bar narrow range pattern. NR4 bullish breakout pattern scanner shows the list of stocks forming bullish breakout pattern after 4-bar consolidation.,,,False,1,N,,OHLC_D_I_NR4BULLBO
1784718917,"{'stkname': 'LIC G-sec LT', 'ltp': '', 'perChg': '', 'stkId': 'LIC05', 'displayLock': 'N', 'scanproflg': 1, 'scUrl': 'etf/licmfg-secltetf/LIC06', 'columns': [{'name': 'change %', 'value': '0.00'}, {'name': 'LTP', 'value': '29.45'}, {'name': 'Close Price value', 'value': '29.45'}, {'name': 'change absolute', 'value': '0.00'}]}",OHLC_D_I_NR4BULLBO,NR 4 Breakout,Four Bar Pattern,18,Range Breakout,NR4 is a 4-bar narrow range pattern. NR4 bullish breakout pattern scanner shows the list of stocks forming bullish breakout pattern after 4-bar consolidation.,,,False,1,N,,OHLC_D_I_NR4BULLBO
1784718917,"{'stkname': 'Vodafone Idea', 'ltp': '', 'perChg': '', 'stkId': 'IC8', 'displayLock': 'N', 'scanproflg': 1, 'scUrl': 'telecommunication-service-provider/vodafoneidea/IC8', 'columns': [{'name': 'change %', 'value': '0.74'}, {'name': 'LTP', 'value': '13.59'}, {'name': 'Close Price value', 'value': '13.59'}, {'name': 'change absolute', 'value': '0.10'}]}",OHLC_D_I_NR4BULLBO,NR 4 Breakout,Four Bar Pattern,18,Range Breakout,NR4 is a 4-bar narrow range pattern. NR4 bullish breakout pattern scanner shows the list of stocks forming bullish breakout pattern after 4-bar consolidation.,,,False,1,N,,OHLC_D_I_NR4BULLBO
1784718917,"{'stkname': 'Nipp Gold Bees', 'ltp': '', 'perChg': '', 'stkId': 'GBE', 'displayLock': 'N', 'scanproflg': 1, 'scUrl': 'gold-etf/nipponindiaetfgoldbees/GBE', 'columns': [{'name': 'change %', 'value': '1.20'}, {'name': 'LTP', 'value': '119.14'}, {'name': 'Close Price value', 'value': '119.14'}, {'name': 'change absolute', 'value': '1.41'}]}",OHLC_D_I_NR4BULLBO,NR 4 Breakout,Four Bar Pattern,18,Range Breakout,NR4 is a 4-bar narrow range pattern. NR4 bullish breakout pattern scanner shows the list of stocks forming bullish breakout pattern after 4-bar consolidation.,,,False,1,N,,OHLC_D_I_NR4BULLBO
1784718917,"{'stkname': 'Zerodha Gold', 'ltp': '', 'perChg': '', 'stkId': 'GOLDC22901', 'displayLock': 'N', 'scanproflg': 1, 'scUrl': 'gold-etf/zerodhagoldetf/GOLDC22901', 'columns': [{'name': 'change %', 'value': '1.34'}, {'name': 'LTP', 'value': '22.70'}, {'name': 'Close Price value', 'value': '22.70'}, {'name': 'change absolute', 'value': '0.30'}]}",OHLC_D_I_NR4BULLBO,NR 4 Breakout,Four Bar Pattern,18,Range Breakout,NR4 is a 4-bar narrow range pattern. NR4 bullish breakout pattern scanner shows the list of stocks forming bullish breakout pattern after 4-bar consolidation.,,,False,1,N,,OHLC_D_I_NR4BULLBO
1784718917,"{'stkname': 'Ipru Gold ETF', 'ltp': '', 'perChg': '', 'stkId': 'ICI10', 'displayLock': 'N', 'scanproflg': 1, 'scUrl': 'gold-etf/iciciprudentialgoldetf/ICI10', 'columns': [{'name': 'change %', 'value': '1.19'}, {'name': 'LTP', 'value': '123.52'}, {'name': 'Close Price value', 'value': '123.52'}, {'name': 'change absolute', 'value': '1.45'}]}",OHLC_D_I_NR4BULLBO,NR 4 Breakout,Four Bar Pattern,18,Range Breakout,NR4 is a 4-bar narrow range pattern. NR4 bullish breakout pattern scanner shows the list of stocks forming bullish breakout pattern after 4-bar consolidation.,,,False,1,N,,OHLC_D_I_NR4BULLBO
1784718917,"{'stkname': 'BB Apr 32 ETF', 'ltp': '', 'perChg': '', 'stkId': 'BBE02', 'displayLock': 'N', 'scanproflg': 1, 'scUrl': 'etf/bharatbondetf-april2032/BBE02', 'columns': [{'name': 'change %', 'value': '0.32'}, {'name': 'LTP', 'value': '1,352.90'}, {'name': 'Close Price value', 'value': '1,352.90'}, {'name': 'change absolute', 'value': '4.37'}]}",OHLC_D_I_NR4BULLBO,NR 4 Breakout,Four Bar Pattern,18,Range Breakout,NR4 is a 4-bar narrow range pattern. NR4 bullish breakout pattern scanner shows the list of stocks forming bullish breakout pattern after 4-bar consolidation.,,,False,1,N,,OHLC_D_I_NR4BULLBO
1784718917,"{'stkname': 'Gr Cap. Mkt.', 'ltp': '', 'perChg': '', 'stkId': 'GNC', 'displayLock': 'N', 'scanproflg': 1, 'scUrl': 'etf/growwniftycapitalmarketsetf/GNC', 'columns': [{'name': 'change %', 'value': '0.70'}, {'name': 'LTP', 'value': '11.47'}, {'name': 'Close Price value', 'value': '11.47'}, {'name': 'change absolute', 'value': '0.08'}]}",OHLC_D_I_NR4BULLBO,NR 4 Breakout,Four Bar Pattern,18,Range Breakout,NR4 is a 4-bar narrow range pattern. NR4 bullish breakout pattern scanner shows the list of stocks forming bullish breakout pattern after 4-bar consolidation.,,,False,1,N,,OHLC_D_I_NR4BULLBO
1784718917,"{'stkname': 'BBNPPGOLD', 'ltp': '', 'perChg': '', 'stkId': 'BBNPP20547', 'displayLock': 'N', 'scanproflg': 1, 'scUrl': 'miscellaneous/bbnppgold/BBNPP20547', 'columns': [{'name': 'change %', 'value': '0.98'}, {'name': 'LTP', 'value': '139.15'}, {'name': 'Close Price value', 'value': '139.15'}, {'name': 'change absolute', 'value': '1.35'}]}",OHLC_D_I_NR4BULLBO,NR 4 Breakout,Four Bar Pattern,18,Range Breakout,NR4 is a 4-bar narrow range pattern. NR4 bullish breakout pattern scanner shows the list of stocks forming bullish breakout pattern after 4-bar consolidation.,,,False,1,N,,OHLC_D_I_NR4BULLBO
1784718917,"{'stkname': 'UTI NIF5GETF', 'ltp': '', 'perChg': '', 'stkId': 'NIF5G22521', 'displayLock': 'N', 'scanproflg': 1, 'scUrl': 'etf/utinifty5yrbenchmarkg-secetf/NIF5G22521', 'columns': [{'name': 'change %', 'value': '0.21'}, {'name': 'LTP', 'value': '66.58'}, {'name': 'Close Price value', 'value': '66.58'}, {'name': 'change absolute', 'value': '0.14'}]}",OHLC_D_I_NR4BULLBO,NR 4 Breakout,Four Bar Pattern,18,Range Breakout,NR4 is a 4-bar narrow range pattern. NR4 bullish breakout pattern scanner shows the list of stocks forming bullish breakout pattern after 4-bar consolidation.,,,False,1,N,,OHLC_D_I_NR4BULLBO
1784718917,"{'stkname': 'Ipru Nifty Con', 'ltp': '', 'perChg': '', 'stkId': 'IPC03', 'displayLock': 'N', 'scanproflg': 1, 'scUrl': 'etf/iciciprudentialniftyconsumptionetf/IPC03', 'columns': [{'name': 'change %', 'value': '0.36'}, {'name': 'LTP', 'value': '122.47'}, {'name': 'Close Price value', 'value': '122.47'}, {'name': 'change absolute', 'value': '0.44'}]}",OHLC_D_I_NR4BULLBO,NR 4 Breakout,Four Bar Pattern,18,Range Breakout,NR4 is a 4-bar narrow range pattern. NR4 bullish breakout pattern scanner shows the list of stocks forming bullish breakout pattern after 4-bar consolidation.,,,False,1,N,,OHLC_D_I_NR4BULLBO
1784718917,"{'stkname': 'ECAPINSURE', 'ltp': '', 'perChg': '', 'stkId': 'ECAPI29019', 'displayLock': 'N', 'scanproflg': 1, 'scUrl': 'etf/edelweissbsecapitalmarketsinsuranceetf/ECAPI29019', 'columns': [{'name': 'change %', 'value': '0.71'}, {'name': 'LTP', 'value': '24.19'}, {'name': 'Close Price value', 'value': '24.19'}, {'name': 'change absolute', 'value': '0.17'}]}",OHLC_D_I_NR4BULLBO,NR 4 Breakout,Four Bar Pattern,18,Range Breakout,NR4 is a 4-bar narrow range pattern. NR4 bullish breakout pattern scanner shows the list of stocks forming bullish breakout pattern after 4-bar consolidation.,,,False,1,N,,OHLC_D_I_NR4BULLBO
1784718917,"{'stkname': 'Gr BSE Power', 'ltp': '', 'perChg': '', 'stkId': 'GBP02', 'displayLock': 'N', 'scanproflg': 1, 'scUrl': 'etf/growwbsepoweretf/GBP02', 'columns': [{'name': 'change %', 'value': '0.25'}, {'name': 'LTP', 'value': '11.90'}, {'name': 'Close Price value', 'value': '11.90'}, {'name': 'change absolute', 'value': '0.03'}]}",OHLC_D_I_NR4BULLBO,NR 4 Breakout,Four Bar Pattern,18,Range Breakout,NR4 is a 4-bar narrow range pattern. NR4 bullish breakout pattern scanner shows the list of stocks forming bullish breakout pattern after 4-bar consolidation.,,,False,1,N,,OHLC_D_I_NR4BULLBO
1784718917,"{'stkname': 'PNGS Reva Diamo', 'ltp': '', 'perChg': '', 'stkId': 'PRD', 'displayLock': 'N', 'scanproflg': 1, 'scUrl': 'diamondjewellery/pngsrevadiamondjewellery/PRD', 'columns': [{'name': 'change %', 'value': '1.73'}, {'name': 'LTP', 'value': '418.00'}, {'name': 'Close Price value', 'value': '418.00'}, {'name': 'change absolute', 'value': '7.10'}]}",OHLC_D_I_NR4BULLBO,NR 4 Breakout,Four Bar Pattern,18,Range Breakout,NR4 is a 4-bar narrow range pattern. NR4 bullish breakout pattern scanner shows the list of stocks forming bullish breakout pattern after 4-bar consolidation.,,,False,1,N,,OHLC_D_I_NR4BULLBO
1784718917,"{'stkname': 'Waaree Renewabl', 'ltp': '', 'perChg': '', 'stkId': 'SA13', 'displayLock': 'N', 'scanproflg': 1, 'scUrl': 'renewables/waareerenewabletechnologies/SA04', 'columns': [{'name': 'change %', 'value': '1.19'}, {'name': 'LTP', 'value': '1,025.00'}, {'name': 'Close Price value', 'value': '1,025.00'}, {'name': 'change absolute', 'value': '12.10'}]}",OHLC_D_I_NR4BULLBO,NR 4 Breakout,Four Bar Pattern,18,Range Breakout,NR4 is a 4-bar narrow range pattern. NR4 bullish breakout pattern scanner shows the list of stocks forming bullish breakout pattern after 4-bar consolidation.,,,False,1,N,,OHLC_D_I_NR4BULLBO
1784718917,"{'stkname': 'Rhetan TMT', 'ltp': '', 'perChg': '', 'stkId': 'RT11', 'displayLock': 'N', 'scanproflg': 1, 'scUrl': 'ironsteel/rhetantmt/RT11', 'columns': [{'name': 'change %', 'value': '0.99'}, {'name': 'LTP', 'value': '28.54'}, {'name': 'Close Price value', 'value': '28.54'}, {'name': 'change absolute', 'value': '0.28'}]}",OHLC_D_I_NR4BULLBO,NR 4 Breakout,Four Bar Pattern,18,Range Breakout,NR4 is a 4-bar narrow range pattern. NR4 bullish breakout pattern scanner shows the list of stocks forming bullish breakout pattern after 4-bar consolidation.,,,False,1,N,,OHLC_D_I_NR4BULLBO
1784718917,"{'stkname': 'Kwality Pharmac', 'ltp': '', 'perChg': '', 'stkId': 'KP11', 'displayLock': 'N', 'scanproflg': 1, 'scUrl': 'pharmaceuticals/kwalitypharmaceuticals/KP', 'columns': [{'name': 'change %', 'value': '0.13'}, {'name': 'LTP', 'value': '2,690.00'}, {'name': 'Close Price value', 'value': '2,690.00'}, {'name': 'change absolute', 'value': '3.40'}]}",OHLC_D_I_NR4BULLBO,NR 4 Breakout,Four Bar Pattern,18,Range Breakout,NR4 is a 4-bar narrow range pattern. NR4 bullish breakout pattern scanner shows the list of stocks forming bullish breakout pattern after 4-bar consolidation.,,,False,1,N,,OHLC_D_I_NR4BULLBO
1784718917,"{'stkname': 'Nirlon', 'ltp': '', 'perChg': '', 'stkId': 'N02', 'displayLock': 'N', 'scanproflg': 1, 'scUrl': 'miscellaneous/nirlon/N02', 'columns': [{'name': 'change %', 'value': '0.25'}, {'name': 'LTP', 'value': '626.00'}, {'name': 'Close Price value', 'value': '626.00'}, {'name': 'change absolute', 'value': '1.55'}]}",OHLC_D_I_NR4BULLBO,NR 4 Breakout,Four Bar Pattern,18,Range Breakout,NR4 is a 4-bar narrow range pattern. NR4 bullish breakout pattern scanner shows the list of stocks forming bullish breakout pattern after 4-bar consolidation.,,,False,1,N,,OHLC_D_I_NR4BULLBO
1784718917,"{'stkname': 'Quality Power', 'ltp': '', 'perChg': '', 'stkId': 'QPEEL', 'displayLock': 'N', 'scanproflg': 1, 'scUrl': 'electric-equipment/qualitypowerelectricalequipments/QPEEL', 'columns': [{'name': 'change %', 'value': '0.39'}, {'name': 'LTP', 'value': '1,132.00'}, {'name': 'Close Price value', 'value': '1,132.00'}, {'name': 'change absolute', 'value': '4.40'}]}",OHLC_D_I_NR4BULLBO,NR 4 Breakout,Four Bar Pattern,18,Range Breakout,NR4 is a 4-bar narrow range pattern. NR4 bullish breakout pattern scanner shows the list of stocks forming bullish breakout pattern after 4-bar consolidation.,,,False,1,N,,OHLC_D_I_NR4BULLBO
1784718917,"{'stkname': 'Goodyear', 'ltp': '', 'perChg': '', 'stkId': 'GI11', 'displayLock': 'N', 'scanproflg': 1, 'scUrl': 'tyres/goodyearindia/GI11', 'columns': [{'name': 'change %', 'value': '0.54'}, {'name': 'LTP', 'value': '827.40'}, {'name': 'Close Price value', 'value': '827.40'}, {'name': 'change absolute', 'value': '4.45'}]}",OHLC_D_I_NR4BULLBO,NR 4 Breakout,Four Bar Pattern,18,Range Breakout,NR4 is a 4-bar narrow range pattern. NR4 bullish breakout pattern scanner shows the list of stocks forming bullish breakout pattern after 4-bar consolidation.,,,False,1,N,,OHLC_D_I_NR4BULLBO
1784718917,"{'stkname': 'Indiabulls', 'ltp': '', 'perChg': '', 'stkId': 'IWS', 'displayLock': 'N', 'scanproflg': 1, 'scUrl': 'trading/indiabulls/IWS', 'columns': [{'name': 'change %', 'value': '3.42'}, {'name': 'LTP', 'value': '29.95'}, {'name': 'Close Price value', 'value': '29.95'}, {'name': 'change absolute', 'value': '0.99'}]}",OHLC_D_I_NR4BULLBO,NR 4 Breakout,Four Bar Pattern,18,Range Breakout,NR4 is a 4-bar narrow range pattern. NR4 bullish breakout pattern scanner shows the list of stocks forming bullish breakout pattern after 4-bar consolidation.,,,False,1,N,,OHLC_D_I_NR4BULLBO
1784718917,"{'stkname': 'TruAlt Bioenerg', 'ltp': '', 'perChg': '', 'stkId': 'TBL01', 'displayLock': 'N', 'scanproflg': 1, 'scUrl': 'diversified/trualtbioenergy/TBL01', 'columns': [{'name': 'change %', 'value': '1.79'}, {'name': 'LTP', 'value': '426.95'}, {'name': 'Close Price value', 'value': '426.95'}, {'name': 'change absolute', 'value': '7.50'}]}",OHLC_D_I_NR4BULLBO,NR 4 Breakout,Four Bar Pattern,18,Range Breakout,NR4 is a 4-bar narrow range pattern. NR4 bullish breakout pattern scanner shows the list of stocks forming bullish breakout pattern after 4-bar consolidation.,,,False,1,N,,OHLC_D_I_NR4BULLBO
1784718917,"{'stkname': 'VMS TMT', 'ltp': '', 'perChg': '', 'stkId': 'VTL04', 'displayLock': 'N', 'scanproflg': 1, 'scUrl': 'ironsteel/vmstmt/VTL03', 'columns': [{'name': 'change %', 'value': '0.76'}, {'name': 'LTP', 'value': '44.80'}, {'name': 'Close Price value', 'value': '44.80'}, {'name': 'change absolute', 'value': '0.34'}]}",OHLC_D_I_NR4BULLBO,NR 4 Breakout,Four Bar Pattern,18,Range Breakout,NR4 is a 4-bar narrow range pattern. NR4 bullish breakout pattern scanner shows the list of stocks forming bullish breakout pattern after 4-bar consolidation.,,,False,1,N,,OHLC_D_I_NR4BULLBO
1784718917,"{'stkname': 'Bluspring Ent', 'ltp': '', 'perChg': '', 'stkId': 'BEL02', 'displayLock': 'N', 'scanproflg': 1, 'scUrl': 'misc-commercial-services/bluspringenterprises/BEL02', 'columns': [{'name': 'change %', 'value': '0.83'}, {'name': 'LTP', 'value': '109.00'}, {'name': 'Close Price value', 'value': '109.00'}, {'name': 'change absolute', 'value': '0.90'}]}",OHLC_D_I_NR4BULLBO,NR 4 Breakout,Four Bar Pattern,18,Range Breakout,NR4 is a 4-bar narrow range pattern. NR4 bullish breakout pattern scanner shows the list of stocks forming bullish breakout pattern after 4-bar consolidation.,,,False,1,N,,OHLC_D_I_NR4BULLBO
1784718917,"{'stkname': 'Capillary Tech', 'ltp': '', 'perChg': '', 'stkId': 'CTI02', 'displayLock': 'N', 'scanproflg': 1, 'scUrl': 'it-servicesconsulting/capillarytechnologiesindia/CTI02', 'columns': [{'name': 'change %', 'value': '0.72'}, {'name': 'LTP', 'value': '482.00'}, {'name': 'Close Price value', 'value': '482.00'}, {'name': 'change absolute', 'value': '3.45'}]}",OHLC_D_I_NR4BULLBO,NR 4 Breakout,Four Bar Pattern,18,Range Breakout,NR4 is a 4-bar narrow range pattern. NR4 bullish breakout pattern scanner shows the list of stocks forming bullish breakout pattern after 4-bar consolidation.,,,False,1,N,,OHLC_D_I_NR4BULLBO
1784718917,"{'stkname': 'Elpro Int', 'ltp': '', 'perChg': '', 'stkId': 'EI03', 'displayLock': 'N', 'scanproflg': 1, 'scUrl': 'electric-equipment/elprointernational/EI03', 'columns': [{'name': 'change %', 'value': '0.01'}, {'name': 'LTP', 'value': '174.50'}, {'name': 'Close Price value', 'value': '174.50'}, {'name': 'change absolute', 'value': '0.01'}]}",OHLC_D_I_NR4BULLBO,NR 4 Breakout,Four Bar Pattern,18,Range Breakout,NR4 is a 4-bar narrow range pattern. NR4 bullish breakout pattern scanner shows the list of stocks forming bullish breakout pattern after 4-bar consolidation.,,,False,1,N,,OHLC_D_I_NR4BULLBO
1784718917,"{'stkname': 'CARE Ratings', 'ltp': '', 'perChg': '', 'stkId': 'CAR', 'displayLock': 'N', 'scanproflg': 1, 'scUrl': 'miscellaneous/careratings/CAR', 'columns': [{'name': 'change %', 'value': '0.06'}, {'name': 'LTP', 'value': '1,671.90'}, {'name': 'Close Price value', 'value': '1,671.90'}, {'name': 'change absolute', 'value': '1.00'}]}",OHLC_D_I_NR4BULLBO,NR 4 Breakout,Four Bar Pattern,18,Range Breakout,NR4 is a 4-bar narrow range pattern. NR4 bullish breakout pattern scanner shows the list of stocks forming bullish breakout pattern after 4-bar consolidation.,,,False,1,N,,OHLC_D_I_NR4BULLBO
1784718917,"{'stkname': 'Rashi Periphera', 'ltp': '', 'perChg': '', 'stkId': 'RPL04', 'displayLock': 'N', 'scanproflg': 1, 'scUrl': 'miscellaneous/rashiperipherals/RPL04', 'columns': [{'name': 'change %', 'value': '0.03'}, {'name': 'LTP', 'value': '744.00'}, {'name': 'Close Price value', 'value': '744.00'}, {'name': 'change absolute', 'value': '0.25'}]}",OHLC_D_I_NR4BULLBO,NR 4 Breakout,Four Bar Pattern,18,Range Breakout,NR4 is a 4-bar narrow range pattern. NR4 bullish breakout pattern scanner shows the list of stocks forming bullish breakout pattern after 4-bar consolidation.,,,False,1,N,,OHLC_D_I_NR4BULLBO
1784718917,"{'stkname': 'RBZ Jewellers', 'ltp': '', 'perChg': '', 'stkId': 'RJL', 'displayLock': 'N', 'scanproflg': 1, 'scUrl': 'diamondjewellery/rbzjewellers/RJL', 'columns': [{'name': 'change %', 'value': '0.61'}, {'name': 'LTP', 'value': '147.00'}, {'name': 'Close Price value', 'value': '147.00'}, {'name': 'change absolute', 'value': '0.89'}]}",OHLC_D_I_NR4BULLBO,NR 4 Breakout,Four Bar Pattern,18,Range Breakout,NR4 is a 4-bar narrow range pattern. NR4 bullish breakout pattern scanner shows the list of stocks forming bullish breakout pattern after 4-bar consolidation.,,,False,1,N,,OHLC_D_I_NR4BULLBO
1784718917,"{'stkname': 'Leela Palaces', 'ltp': '', 'perChg': '', 'stkId': 'SBL04', 'displayLock': 'N', 'scanproflg': 1, 'scUrl': 'hotel-resortrestaurants/leelapalaceshotelsresorts/SBL02', 'columns': [{'name': 'change %', 'value': '1.71'}, {'name': 'LTP', 'value': '496.00'}, {'name': 'Close Price value', 'value': '496.00'}, {'name': 'change absolute', 'value': '8.35'}]}",OHLC_D_I_NR4BULLBO,NR 4 Breakout,Four Bar Pattern,18,Range Breakout,NR4 is a 4-bar narrow range pattern. NR4 bullish breakout pattern scanner shows the list of stocks forming bullish breakout pattern after 4-bar consolidation.,,,False,1,N,,OHLC_D_I_NR4BULLBO
1784718917,"{'stkname': 'Laxmi India Fin', 'ltp': '', 'perChg': '', 'stkId': 'LIF', 'displayLock': 'N', 'scanproflg': 1, 'scUrl': 'finance-nbfc/laxmiindiafinance/LIF', 'columns': [{'name': 'change %', 'value': '5.00'}, {'name': 'LTP', 'value': '129.81'}, {'name': 'Close Price value', 'value': '129.81'}, {'name': 'change absolute', 'value': '6.18'}]}",OHLC_D_I_NR4BULLBO,NR 4 Breakout,Four Bar Pattern,18,Range Breakout,NR4 is a 4-bar narrow range pattern. NR4 bullish breakout pattern scanner shows the list of stocks forming bullish breakout pattern after 4-bar consolidation.,,,False,1,N,,OHLC_D_I_NR4BULLBO
1784718917,"{'stkname': 'Amagi Media Lab', 'ltp': '', 'perChg': '', 'stkId': 'AMLL', 'displayLock': 'N', 'scanproflg': 1, 'scUrl': 'software/amagimedialabs/AMLL', 'columns': [{'name': 'change %', 'value': '3.23'}, {'name': 'LTP', 'value': '610.00'}, {'name': 'Close Price value', 'value': '610.00'}, {'name': 'change absolute', 'value': '19.10'}]}",OHLC_D_I_NR4BULLBO,NR 4 Breakout,Four Bar Pattern,18,Range Breakout,NR4 is a 4-bar narrow range pattern. NR4 bullish breakout pattern scanner shows the list of stocks forming bullish breakout pattern after 4-bar consolidation.,,,False,1,N,,OHLC_D_I_NR4BULLBO
1784718917,"{'stkname': 'Gopal Snacks', 'ltp': '', 'perChg': '', 'stkId': 'GSL10', 'displayLock': 'N', 'scanproflg': 1, 'scUrl': 'consumer-food/gopalsnacks/GSL10', 'columns': [{'name': 'change %', 'value': '1.42'}, {'name': 'LTP', 'value': '264.00'}, {'name': 'Close Price value', 'value': '264.00'}, {'name': 'change absolute', 'value': '3.70'}]}",OHLC_D_I_NR4BULLBO,NR 4 Breakout,Four Bar Pattern,18,Range Breakout,NR4 is a 4-bar narrow range pattern. NR4 bullish breakout pattern scanner shows the list of stocks forming bullish breakout pattern after 4-bar consolidation.,,,False,1,N,,OHLC_D_I_NR4BULLBO
1784718917,"{'stkname': 'ASK Auto', 'ltp': '', 'perChg': '', 'stkId': 'AAL02', 'displayLock': 'N', 'scanproflg': 1, 'scUrl': 'auto-ancillaries-brakes/askautomotive/AAL02', 'columns': [{'name': 'change %', 'value': '0.31'}, {'name': 'LTP', 'value': '486.50'}, {'name': 'Close Price value', 'value': '486.50'}, {'name': 'change absolute', 'value': '1.50'}]}",OHLC_D_I_NR4BULLBO,NR 4 Breakout,Four Bar Pattern,18,Range Breakout,NR4 is a 4-bar narrow range pattern. NR4 bullish breakout pattern scanner shows the list of stocks forming bullish breakout pattern after 4-bar consolidation.,,,False,1,N,,OHLC_D_I_NR4BULLBO
1784718917,"{'stkname': 'Arkade Develop', 'ltp': '', 'perChg': '', 'stkId': 'ADL02', 'displayLock': 'N', 'scanproflg': 1, 'scUrl': 'construction-real-estate/arkadedevelopers/ADL02', 'columns': [{'name': 'change %', 'value': '2.22'}, {'name': 'LTP', 'value': '140.17'}, {'name': 'Close Price value', 'value': '140.17'}, {'name': 'change absolute', 'value': '3.04'}]}",OHLC_D_I_NR4BULLBO,NR 4 Breakout,Four Bar Pattern,18,Range Breakout,NR4 is a 4-bar narrow range pattern. NR4 bullish breakout pattern scanner shows the list of stocks forming bullish breakout pattern after 4-bar consolidation.,,,False,1,N,,OHLC_D_I_NR4BULLBO
1784718917,"{'stkname': 'GPT Healthcare', 'ltp': '', 'perChg': '', 'stkId': 'GHL02', 'displayLock': 'N', 'scanproflg': 1, 'scUrl': 'hospitalhealthcare-services/gpthealthcare/GHL02', 'columns': [{'name': 'change %', 'value': '3.29'}, {'name': 'LTP', 'value': '156.00'}, {'name': 'Close Price value', 'value': '156.00'}, {'name': 'change absolute', 'value': '4.97'}]}",OHLC_D_I_NR4BULLBO,NR 4 Breakout,Four Bar Pattern,18,Range Breakout,NR4 is a 4-bar narrow range pattern. NR4 bullish breakout pattern scanner shows the list of stocks forming bullish breakout pattern after 4-bar consolidation.,,,False,1,N,,OHLC_D_I_NR4BULLBO
1784718917,"{'stkname': 'Filatex India', 'ltp': '', 'perChg': '', 'stkId': 'FI06', 'displayLock': 'N', 'scanproflg': 1, 'scUrl': 'textiles-manmade/filatexindia/FI06', 'columns': [{'name': 'change %', 'value': '0.08'}, {'name': 'LTP', 'value': '71.36'}, {'name': 'Close Price value', 'value': '71.36'}, {'name': 'change absolute', 'value': '0.06'}]}",OHLC_D_I_NR4BULLBO,NR 4 Breakout,Four Bar Pattern,18,Range Breakout,NR4 is a 4-bar narrow range pattern. NR4 bullish breakout pattern scanner shows the list of stocks forming bullish breakout pattern after 4-bar consolidation.,,,False,1,N,,OHLC_D_I_NR4BULLBO
1784718917,"{'stkname': 'GMRP UI', 'ltp': '', 'perChg': '', 'stkId': 'GPU', 'displayLock': 'N', 'scanproflg': 1, 'scUrl': 'power-generationdistribution/gmrpowerurbaninfra/GPU', 'columns': [{'name': 'change %', 'value': '3.74'}, {'name': 'LTP', 'value': '100.30'}, {'name': 'Close Price value', 'value': '100.30'}, {'name': 'change absolute', 'value': '3.62'}]}",OHLC_D_I_NR4BULLBO,NR 4 Breakout,Four Bar Pattern,18,Range Breakout,NR4 is a 4-bar narrow range pattern. NR4 bullish breakout pattern scanner shows the list of stocks forming bullish breakout pattern after 4-bar consolidation.,,,False,1,N,,OHLC_D_I_NR4BULLBO
1784718917,"{'stkname': 'Sangam India', 'ltp': '', 'perChg': '', 'stkId': 'SI03', 'displayLock': 'N', 'scanproflg': 1, 'scUrl': 'textiles-spinning-synthetic-blended/sangamindia/SI03', 'columns': [{'name': 'change %', 'value': '1.14'}, {'name': 'LTP', 'value': '626.00'}, {'name': 'Close Price value', 'value': '626.00'}, {'name': 'change absolute', 'value': '7.05'}]}",OHLC_D_I_NR4BULLBO,NR 4 Breakout,Four Bar Pattern,18,Range Breakout,NR4 is a 4-bar narrow range pattern. NR4 bullish breakout pattern scanner shows the list of stocks forming bullish breakout pattern after 4-bar consolidation.,,,False,1,N,,OHLC_D_I_NR4BULLBO
1784718917,"{'stkname': 'Indo Count', 'ltp': '', 'perChg': '', 'stkId': 'ICI07', 'displayLock': 'N', 'scanproflg': 1, 'scUrl': 'textiles-spinning-cotton-blended/indocountindustries/ICI07', 'columns': [{'name': 'change %', 'value': '0.24'}, {'name': 'LTP', 'value': '397.50'}, {'name': 'Close Price value', 'value': '397.50'}, {'name': 'change absolute', 'value': '0.95'}]}",OHLC_D_I_NR4BULLBO,NR 4 Breakout,Four Bar Pattern,18,Range Breakout,NR4 is a 4-bar narrow range pattern. NR4 bullish breakout pattern scanner shows the list of stocks forming bullish breakout pattern after 4-bar consolidation.,,,False,1,N,,OHLC_D_I_NR4BULLBO
1784718917,"{'stkname': 'Mayur Uniquoter', 'ltp': '', 'perChg': '', 'stkId': 'MU', 'displayLock': 'N', 'scanproflg': 1, 'scUrl': 'plastics/mayuruniquoters/MU', 'columns': [{'name': 'change %', 'value': '0.12'}, {'name': 'LTP', 'value': '796.45'}, {'name': 'Close Price value', 'value': '796.45'}, {'name': 'change absolute', 'value': '0.95'}]}",OHLC_D_I_NR4BULLBO,NR 4 Breakout,Four Bar Pattern,18,Range Breakout,NR4 is a 4-bar narrow range pattern. NR4 bullish breakout pattern scanner shows the list of stocks forming bullish breakout pattern after 4-bar consolidation.,,,False,1,N,,OHLC_D_I_NR4BULLBO
1784718917,"{'stkname': 'Premier Polyfil', 'ltp': '', 'perChg': '', 'stkId': 'PP19', 'displayLock': 'N', 'scanproflg': 1, 'scUrl': 'plastics/premierpolyfilm/PP19', 'columns': [{'name': 'change %', 'value': '8.51'}, {'name': 'LTP', 'value': '78.20'}, {'name': 'Close Price value', 'value': '78.20'}, {'name': 'change absolute', 'value': '6.13'}]}",OHLC_D_I_NR4BULLBO,NR 4 Breakout,Four Bar Pattern,18,Range Breakout,NR4 is a 4-bar narrow range pattern. NR4 bullish breakout pattern scanner shows the list of stocks forming bullish breakout pattern after 4-bar consolidation.,,,False,1,N,,OHLC_D_I_NR4BULLBO
1784718917,"{'stkname': 'Kingfa Science', 'ltp': '', 'perChg': '', 'stkId': 'HSS', 'displayLock': 'N', 'scanproflg': 1, 'scUrl': 'plastics/kingfasciencetechnology/HSS', 'columns': [{'name': 'change %', 'value': '0.23'}, {'name': 'LTP', 'value': '5,061.00'}, {'name': 'Close Price value', 'value': '5,061.00'}, {'name': 'change absolute', 'value': '11.50'}]}",OHLC_D_I_NR4BULLBO,NR 4 Breakout,Four Bar Pattern,18,Range Breakout,NR4 is a 4-bar narrow range pattern. NR4 bullish breakout pattern scanner shows the list of stocks forming bullish breakout pattern after 4-bar consolidation.,,,False,1,N,,OHLC_D_I_NR4BULLBO
1784718917,"{'stkname': 'Mold-Tek Pack', 'ltp': '', 'perChg': '', 'stkId': 'MTP02', 'displayLock': 'N', 'scanproflg': 1, 'scUrl': 'plastics/mold-tekpackaging/MTP01', 'columns': [{'name': 'change %', 'value': '0.92'}, {'name': 'LTP', 'value': '705.00'}, {'name': 'Close Price value', 'value': '705.00'}, {'name': 'change absolute', 'value': '6.45'}]}",OHLC_D_I_NR4BULLBO,NR 4 Breakout,Four Bar Pattern,18,Range Breakout,NR4 is a 4-bar narrow range pattern. NR4 bullish breakout pattern scanner shows the list of stocks forming bullish breakout pattern after 4-bar consolidation.,,,False,1,N,,OHLC_D_I_NR4BULLBO
1784718917,"{'stkname': 'Ponni Sugars(E)', 'ltp': '', 'perChg': '', 'stkId': 'PSE03', 'displayLock': 'N', 'scanproflg': 1, 'scUrl': 'sugar/ponnisugarserode/PSE03', 'columns': [{'name': 'change %', 'value': '0.65'}, {'name': 'LTP', 'value': '317.95'}, {'name': 'Close Price value', 'value': '317.95'}, {'name': 'change absolute', 'value': '2.05'}]}",OHLC_D_I_NR4BULLBO,NR 4 Breakout,Four Bar Pattern,18,Range Breakout,NR4 is a 4-bar narrow range pattern. NR4 bullish breakout pattern scanner shows the list of stocks forming bullish breakout pattern after 4-bar consolidation.,,,False,1,N,,OHLC_D_I_NR4BULLBO
1784718917,"{'stkname': 'PPL', 'ltp': '', 'perChg': '', 'stkId': 'PPL54268', 'displayLock': 'N', 'scanproflg': 1, 'scUrl': 'miscellaneous/prakashpipeslimited/PPL54268', 'columns': [{'name': 'change %', 'value': '2.42'}, {'name': 'LTP', 'value': '264.60'}, {'name': 'Close Price value', 'value': '264.60'}, {'name': 'change absolute', 'value': '6.25'}]}",OHLC_D_I_NR4BULLBO,NR 4 Breakout,Four Bar Pattern,18,Range Breakout,NR4 is a 4-bar narrow range pattern. NR4 bullish breakout pattern scanner shows the list of stocks forming bullish breakout pattern after 4-bar consolidation.,,,False,1,N,,OHLC_D_I_NR4BULLBO
1784718917,"{'stkname': 'GlaxoSmithKline', 'ltp': '', 'perChg': '', 'stkId': 'GI', 'displayLock': 'N', 'scanproflg': 1, 'scUrl': 'pharmaceuticals/glaxosmithklinepharmaceuticals/GSK', 'columns': [{'name': 'change %', 'value': '1.89'}, {'name': 'LTP', 'value': '2,554.00'}, {'name': 'Close Price value', 'value': '2,554.00'}, {'name': 'change absolute', 'value': '47.40'}]}",OHLC_D_I_NR4BULLBO,NR 4 Breakout,Four Bar Pattern,18,Range Breakout,NR4 is a 4-bar narrow range pattern. NR4 bullish breakout pattern scanner shows the list of stocks forming bullish breakout pattern after 4-bar consolidation.,,,False,1,N,,OHLC_D_I_NR4BULLBO
1784718917,"{'stkname': 'GE Shipping', 'ltp': '', 'perChg': '', 'stkId': 'GES', 'displayLock': 'N', 'scanproflg': 1, 'scUrl': 'shipping/greateasternshippingcompany/GES', 'columns': [{'name': 'change %', 'value': '1.77'}, {'name': 'LTP', 'value': '1,433.80'}, {'name': 'Close Price value', 'value': '1,433.80'}, {'name': 'change absolute', 'value': '24.90'}]}",OHLC_D_I_NR4BULLBO,NR 4 Breakout,Four Bar Pattern,18,Range Breakout,NR4 is a 4-bar narrow range pattern. NR4 bullish breakout pattern scanner shows the list of stocks forming bullish breakout pattern after 4-bar consolidation.,,,False,1,N,,OHLC_D_I_NR4BULLBO
1784718917,"{'stkname': 'Mangalam Drugs', 'ltp': '', 'perChg': '', 'stkId': 'MDO', 'displayLock': 'N', 'scanproflg': 1, 'scUrl': 'pharmaceuticals/mangalamdrugsorganics/MDO', 'columns': [{'name': 'change %', 'value': '0.04'}, {'name': 'LTP', 'value': '27.27'}, {'name': 'Close Price value', 'value': '27.27'}, {'name': 'change absolute', 'value': '0.01'}]}",OHLC_D_I_NR4BULLBO,NR 4 Breakout,Four Bar Pattern,18,Range Breakout,NR4 is a 4-bar narrow range pattern. NR4 bullish breakout pattern scanner shows the list of stocks forming bullish breakout pattern after 4-bar consolidation.,,,False,1,N,,OHLC_D_I_NR4BULLBO
1784718917,"{'stkname': 'NR Agarwal', 'ltp': '', 'perChg': '', 'stkId': 'NRA', 'displayLock': 'N', 'scanproflg': 1, 'scUrl': 'paper/nragarwalindustries/NRA', 'columns': [{'name': 'change %', 'value': '4.32'}, {'name': 'LTP', 'value': '449.65'}, {'name': 'Close Price value', 'value': '449.65'}, {'name': 'change absolute', 'value': '18.60'}]}",OHLC_D_I_NR4BULLBO,NR 4 Breakout,Four Bar Pattern,18,Range Breakout,NR4 is a 4-bar narrow range pattern. NR4 bullish breakout pattern scanner shows the list of stocks forming bullish breakout pattern after 4-bar consolidation.,,,False,1,N,,OHLC_D_I_NR4BULLBO
1784718917,"{'stkname': 'PAKKA', 'ltp': '', 'perChg': '', 'stkId': 'YP01', 'displayLock': 'N', 'scanproflg': 1, 'scUrl': 'paper/pakka/YP01', 'columns': [{'name': 'change %', 'value': '0.43'}, {'name': 'LTP', 'value': '72.20'}, {'name': 'Close Price value', 'value': '72.20'}, {'name': 'change absolute', 'value': '0.31'}]}",OHLC_D_I_NR4BULLBO,NR 4 Breakout,Four Bar Pattern,18,Range Breakout,NR4 is a 4-bar narrow range pattern. NR4 bullish breakout pattern scanner shows the list of stocks forming bullish breakout pattern after 4-bar consolidation.,,,False,1,N,,OHLC_D_I_NR4BULLBO
1784718917,"{'stkname': 'Kuantum Papers', 'ltp': '', 'perChg': '', 'stkId': 'ABC06', 'displayLock': 'N', 'scanproflg': 1, 'scUrl': 'paper/kuantumpapers/ABC07', 'columns': [{'name': 'change %', 'value': '4.38'}, {'name': 'LTP', 'value': '78.90'}, {'name': 'Close Price value', 'value': '78.90'}, {'name': 'change absolute', 'value': '3.31'}]}",OHLC_D_I_NR4BULLBO,NR 4 Breakout,Four Bar Pattern,18,Range Breakout,NR4 is a 4-bar narrow range pattern. NR4 bullish breakout pattern scanner shows the list of stocks forming bullish breakout pattern after 4-bar consolidation.,,,False,1,N,,OHLC_D_I_NR4BULLBO
1784718917,"{'stkname': 'JSW Dulux', 'ltp': '', 'perChg': '', 'stkId': 'ICI', 'displayLock': 'N', 'scanproflg': 1, 'scUrl': 'paintsvarnishes/jswdulux/ICI', 'columns': [{'name': 'change %', 'value': '2.10'}, {'name': 'LTP', 'value': '3,045.00'}, {'name': 'Close Price value', 'value': '3,045.00'}, {'name': 'change absolute', 'value': '62.70'}]}",OHLC_D_I_NR4BULLBO,NR 4 Breakout,Four Bar Pattern,18,Range Breakout,NR4 is a 4-bar narrow range pattern. NR4 bullish breakout pattern scanner shows the list of stocks forming bullish breakout pattern after 4-bar consolidation.,,,False,1,N,,OHLC_D_I_NR4BULLBO
1784718917,"{'stkname': 'MMP Industries', 'ltp': '', 'perChg': '', 'stkId': 'MIL16', 'displayLock': 'N', 'scanproflg': 1, 'scUrl': 'aluminiumaluminium-products/mmpindustries/MIL17', 'columns': [{'name': 'change %', 'value': '0.60'}, {'name': 'LTP', 'value': '286.00'}, {'name': 'Close Price value', 'value': '286.00'}, {'name': 'change absolute', 'value': '1.70'}]}",OHLC_D_I_NR4BULLBO,NR 4 Breakout,Four Bar Pattern,18,Range Breakout,NR4 is a 4-bar narrow range pattern. NR4 bullish breakout pattern scanner shows the list of stocks forming bullish breakout pattern after 4-bar consolidation.,,,False,1,N,,OHLC_D_I_NR4BULLBO
1784718917,"{'stkname': 'Asian Energy', 'ltp': '', 'perChg': '', 'stkId': 'AOS', 'displayLock': 'N', 'scanproflg': 1, 'scUrl': 'oil-drillingexploration/asianenergyservices/AOS', 'columns': [{'name': 'change %', 'value': '0.61'}, {'name': 'LTP', 'value': '352.90'}, {'name': 'Close Price value', 'value': '352.90'}, {'name': 'change absolute', 'value': '2.15'}]}",OHLC_D_I_NR4BULLBO,NR 4 Breakout,Four Bar Pattern,18,Range Breakout,NR4 is a 4-bar narrow range pattern. NR4 bullish breakout pattern scanner shows the list of stocks forming bullish breakout pattern after 4-bar consolidation.,,,False,1,N,,OHLC_D_I_NR4BULLBO
1784718917,"{'stkname': 'Bedmutha Ind', 'ltp': '', 'perChg': '', 'stkId': 'BI20', 'displayLock': 'N', 'scanproflg': 1, 'scUrl': 'steel-mediumsmall/bedmuthaindustries/BI05', 'columns': [{'name': 'change %', 'value': '0.66'}, {'name': 'LTP', 'value': '108.90'}, {'name': 'Close Price value', 'value': '108.90'}, {'name': 'change absolute', 'value': '0.71'}]}",OHLC_D_I_NR4BULLBO,NR 4 Breakout,Four Bar Pattern,18,Range Breakout,NR4 is a 4-bar narrow range pattern. NR4 bullish breakout pattern scanner shows the list of stocks forming bullish breakout pattern after 4-bar consolidation.,,,False,1,N,,OHLC_D_I_NR4BULLBO
1784718917,"{'stkname': 'Hitech Corp', 'ltp': '', 'perChg': '', 'stkId': 'HTP', 'displayLock': 'N', 'scanproflg': 1, 'scUrl': 'plastics/hitechcorporation/HP08', 'columns': [{'name': 'change %', 'value': '0.39'}, {'name': 'LTP', 'value': '321.00'}, {'name': 'Close Price value', 'value': '321.00'}, {'name': 'change absolute', 'value': '1.25'}]}",OHLC_D_I_NR4BULLBO,NR 4 Breakout,Four Bar Pattern,18,Range Breakout,NR4 is a 4-bar narrow range pattern. NR4 bullish breakout pattern scanner shows the list of stocks forming bullish breakout pattern after 4-bar consolidation.,,,False,1,N,,OHLC_D_I_NR4BULLBO
1784718917,"{'stkname': 'SHAH METACORP', 'ltp': '', 'perChg': '', 'stkId': 'GA07', 'displayLock': 'N', 'scanproflg': 1, 'scUrl': 'steel-sponge-iron/shahmetacorp/GA01', 'columns': [{'name': 'change %', 'value': '0.23'}, {'name': 'LTP', 'value': '4.36'}, {'name': 'Close Price value', 'value': '4.36'}, {'name': 'change absolute', 'value': '0.01'}]}",OHLC_D_I_NR4BULLBO,NR 4 Breakout,Four Bar Pattern,18,Range Breakout,NR4 is a 4-bar narrow range pattern. NR4 bullish breakout pattern scanner shows the list of stocks forming bullish breakout pattern after 4-bar consolidation.,,,False,1,N,,OHLC_D_I_NR4BULLBO
1784718917,"{'stkname': 'Refex Ind', 'ltp': '', 'perChg': '', 'stkId': 'RR05', 'displayLock': 'N', 'scanproflg': 1, 'scUrl': 'chemicals/refexindustries/RR05', 'columns': [{'name': 'change %', 'value': '1.86'}, {'name': 'LTP', 'value': '311.50'}, {'name': 'Close Price value', 'value': '311.50'}, {'name': 'change absolute', 'value': '5.70'}]}",OHLC_D_I_NR4BULLBO,NR 4 Breakout,Four Bar Pattern,18,Range Breakout,NR4 is a 4-bar narrow range pattern. NR4 bullish breakout pattern scanner shows the list of stocks forming bullish breakout pattern after 4-bar consolidation.,,,False,1,N,,OHLC_D_I_NR4BULLBO
1784718917,"{'stkname': 'Shankara Buildi', 'ltp': '', 'perChg': '', 'stkId': 'SBP02', 'displayLock': 'N', 'scanproflg': 1, 'scUrl': 'miscellaneous/shankarabuildingproducts/SBP02', 'columns': [{'name': 'change %', 'value': '0.92'}, {'name': 'LTP', 'value': '139.69'}, {'name': 'Close Price value', 'value': '139.69'}, {'name': 'change absolute', 'value': '1.28'}]}",OHLC_D_I_NR4BULLBO,NR 4 Breakout,Four Bar Pattern,18,Range Breakout,NR4 is a 4-bar narrow range pattern. NR4 bullish breakout pattern scanner shows the list of stocks forming bullish breakout pattern after 4-bar consolidation.,,,False,1,N,,OHLC_D_I_NR4BULLBO
1784718917,"{'stkname': 'AVG Logistics', 'ltp': '', 'perChg': '', 'stkId': 'ALL02', 'displayLock': 'N', 'scanproflg': 1, 'scUrl': 'transportlogistics/avglogistics/ALL02', 'columns': [{'name': 'change %', 'value': '0.67'}, {'name': 'LTP', 'value': '203.00'}, {'name': 'Close Price value', 'value': '203.00'}, {'name': 'change absolute', 'value': '1.35'}]}",OHLC_D_I_NR4BULLBO,NR 4 Breakout,Four Bar Pattern,18,Range Breakout,NR4 is a 4-bar narrow range pattern. NR4 bullish breakout pattern scanner shows the list of stocks forming bullish breakout pattern after 4-bar consolidation.,,,False,1,N,,OHLC_D_I_NR4BULLBO
1784718917,"{'stkname': 'Trident', 'ltp': '', 'perChg': '', 'stkId': 'AI01', 'displayLock': 'N', 'scanproflg': 1, 'scUrl': 'textiles-spinning-cotton-blended/trident/AI01', 'columns': [{'name': 'change %', 'value': '0.88'}, {'name': 'LTP', 'value': '25.32'}, {'name': 'Close Price value', 'value': '25.32'}, {'name': 'change absolute', 'value': '0.22'}]}",OHLC_D_I_NR4BULLBO,NR 4 Breakout,Four Bar Pattern,18,Range Breakout,NR4 is a 4-bar narrow range pattern. NR4 bullish breakout pattern scanner shows the list of stocks forming bullish breakout pattern after 4-bar consolidation.,,,False,1,N,,OHLC_D_I_NR4BULLBO
1784718917,"{'stkname': 'Greenply Ind', 'ltp': '', 'perChg': '', 'stkId': 'GI19', 'displayLock': 'N', 'scanproflg': 1, 'scUrl': 'miscellaneous/greenplyindustries/GI19', 'columns': [{'name': 'change %', 'value': '2.94'}, {'name': 'LTP', 'value': '332.70'}, {'name': 'Close Price value', 'value': '332.70'}, {'name': 'change absolute', 'value': '9.50'}]}",OHLC_D_I_NR4BULLBO,NR 4 Breakout,Four Bar Pattern,18,Range Breakout,NR4 is a 4-bar narrow range pattern. NR4 bullish breakout pattern scanner shows the list of stocks forming bullish breakout pattern after 4-bar consolidation.,,,False,1,N,,OHLC_D_I_NR4BULLBO
1784718917,"{'stkname': 'Kaya', 'ltp': '', 'perChg': '', 'stkId': 'K03', 'displayLock': 'N', 'scanproflg': 1, 'scUrl': 'miscellaneous/kaya/K03', 'columns': [{'name': 'change %', 'value': '11.21'}, {'name': 'LTP', 'value': '272.59'}, {'name': 'Close Price value', 'value': '272.59'}, {'name': 'change absolute', 'value': '27.47'}]}",OHLC_D_I_NR4BULLBO,NR 4 Breakout,Four Bar Pattern,18,Range Breakout,NR4 is a 4-bar narrow range pattern. NR4 bullish breakout pattern scanner shows the list of stocks forming bullish breakout pattern after 4-bar consolidation.,,,False,1,N,,OHLC_D_I_NR4BULLBO
1784718917,"{'stkname': 'Sigma Solve', 'ltp': '', 'perChg': '', 'stkId': 'SSL14', 'displayLock': 'N', 'scanproflg': 1, 'scUrl': 'it-servicesconsulting/sigmasolve/SSL14', 'columns': [{'name': 'change %', 'value': '1.23'}, {'name': 'LTP', 'value': '38.69'}, {'name': 'Close Price value', 'value': '38.69'}, {'name': 'change absolute', 'value': '0.47'}]}",OHLC_D_I_NR4BULLBO,NR 4 Breakout,Four Bar Pattern,18,Range Breakout,NR4 is a 4-bar narrow range pattern. NR4 bullish breakout pattern scanner shows the list of stocks forming bullish breakout pattern after 4-bar consolidation.,,,False,1,N,,OHLC_D_I_NR4BULLBO
1784718917,"{'stkname': 'Metropolis', 'ltp': '', 'perChg': '', 'stkId': 'MH09', 'displayLock': 'N', 'scanproflg': 1, 'scUrl': 'hospitalsmedical-services/metropolishealthcare/MH06', 'columns': [{'name': 'change %', 'value': '0.04'}, {'name': 'LTP', 'value': '569.05'}, {'name': 'Close Price value', 'value': '569.05'}, {'name': 'change absolute', 'value': '0.25'}]}",OHLC_D_I_NR4BULLBO,NR 4 Breakout,Four Bar Pattern,18,Range Breakout,NR4 is a 4-bar narrow range pattern. NR4 bullish breakout pattern scanner shows the list of stocks forming bullish breakout pattern after 4-bar consolidation.,,,False,1,N,,OHLC_D_I_NR4BULLBO
1784718917,"{'stkname': 'HLV', 'ltp': '', 'perChg': '', 'stkId': 'HLV', 'displayLock': 'N', 'scanproflg': 1, 'scUrl': 'hotels/hlv/HLV', 'columns': [{'name': 'change %', 'value': '0.70'}, {'name': 'LTP', 'value': '7.16'}, {'name': 'Close Price value', 'value': '7.16'}, {'name': 'change absolute', 'value': '0.05'}]}",OHLC_D_I_NR4BULLBO,NR 4 Breakout,Four Bar Pattern,18,Range Breakout,NR4 is a 4-bar narrow range pattern. NR4 bullish breakout pattern scanner shows the list of stocks forming bullish breakout pattern after 4-bar consolidation.,,,False,1,N,,OHLC_D_I_NR4BULLBO
1784718917,"{'stkname': 'Shalby ', 'ltp': '', 'perChg': '', 'stkId': 'SL17', 'displayLock': 'N', 'scanproflg': 1, 'scUrl': 'hospitalsmedical-services/shalby/SL18', 'columns': [{'name': 'change %', 'value': '0.59'}, {'name': 'LTP', 'value': '166.90'}, {'name': 'Close Price value', 'value': '166.90'}, {'name': 'change absolute', 'value': '0.98'}]}",OHLC_D_I_NR4BULLBO,NR 4 Breakout,Four Bar Pattern,18,Range Breakout,NR4 is a 4-bar narrow range pattern. NR4 bullish breakout pattern scanner shows the list of stocks forming bullish breakout pattern after 4-bar consolidation.,,,False,1,N,,OHLC_D_I_NR4BULLBO
1784718917,"{'stkname': 'eMudhra', 'ltp': '', 'perChg': '', 'stkId': 'E11', 'displayLock': 'N', 'scanproflg': 1, 'scUrl': 'software/emudhra/e13', 'columns': [{'name': 'change %', 'value': '0.31'}, {'name': 'LTP', 'value': '464.00'}, {'name': 'Close Price value', 'value': '464.00'}, {'name': 'change absolute', 'value': '1.45'}]}",OHLC_D_I_NR4BULLBO,NR 4 Breakout,Four Bar Pattern,18,Range Breakout,NR4 is a 4-bar narrow range pattern. NR4 bullish breakout pattern scanner shows the list of stocks forming bullish breakout pattern after 4-bar consolidation.,,,False,1,N,,OHLC_D_I_NR4BULLBO
1784718917,"{'stkname': 'Ramco System', 'ltp': '', 'perChg': '', 'stkId': 'RS17', 'displayLock': 'N', 'scanproflg': 1, 'scUrl': 'computers-software/ramcosystem/RS17', 'columns': [{'name': 'change %', 'value': '2.34'}, {'name': 'LTP', 'value': '815.00'}, {'name': 'Close Price value', 'value': '815.00'}, {'name': 'change absolute', 'value': '18.60'}]}",OHLC_D_I_NR4BULLBO,NR 4 Breakout,Four Bar Pattern,18,Range Breakout,NR4 is a 4-bar narrow range pattern. NR4 bullish breakout pattern scanner shows the list of stocks forming bullish breakout pattern after 4-bar consolidation.,,,False,1,N,,OHLC_D_I_NR4BULLBO
1784718917,"{'stkname': 'Taj GVK Hotels', 'ltp': '', 'perChg': '', 'stkId': 'TGV', 'displayLock': 'N', 'scanproflg': 1, 'scUrl': 'hotels/tajgvkhotelsresorts/TGV', 'columns': [{'name': 'change %', 'value': '0.21'}, {'name': 'LTP', 'value': '358.90'}, {'name': 'Close Price value', 'value': '358.90'}, {'name': 'change absolute', 'value': '0.75'}]}",OHLC_D_I_NR4BULLBO,NR 4 Breakout,Four Bar Pattern,18,Range Breakout,NR4 is a 4-bar narrow range pattern. NR4 bullish breakout pattern scanner shows the list of stocks forming bullish breakout pattern after 4-bar consolidation.,,,False,1,N,,OHLC_D_I_NR4BULLBO
1784718917,"{'stkname': 'Silver Touch Te', 'ltp': '', 'perChg': '', 'stkId': 'STT01', 'displayLock': 'N', 'scanproflg': 1, 'scUrl': 'computers-software/silvertouchtechnologies/STT01', 'columns': [{'name': 'change %', 'value': '0.75'}, {'name': 'LTP', 'value': '195.66'}, {'name': 'Close Price value', 'value': '195.66'}, {'name': 'change absolute', 'value': '1.45'}]}",OHLC_D_I_NR4BULLBO,NR 4 Breakout,Four Bar Pattern,18,Range Breakout,NR4 is a 4-bar narrow range pattern. NR4 bullish breakout pattern scanner shows the list of stocks forming bullish breakout pattern after 4-bar consolidation.,,,False,1,N,,OHLC_D_I_NR4BULLBO
1784718917,"{'stkname': 'Asian Hotels', 'ltp': '', 'perChg': '', 'stkId': 'AH', 'displayLock': 'N', 'scanproflg': 1, 'scUrl': 'hotels/asianhotelsnorth/AH', 'columns': [{'name': 'change %', 'value': '10.00'}, {'name': 'LTP', 'value': '324.00'}, {'name': 'Close Price value', 'value': '324.00'}, {'name': 'change absolute', 'value': '29.45'}]}",OHLC_D_I_NR4BULLBO,NR 4 Breakout,Four Bar Pattern,18,Range Breakout,NR4 is a 4-bar narrow range pattern. NR4 bullish breakout pattern scanner shows the list of stocks forming bullish breakout pattern after 4-bar consolidation.,,,False,1,N,,OHLC_D_I_NR4BULLBO
1784718917,"{'stkname': 'Bajaj Consumer ', 'ltp': '', 'perChg': '', 'stkId': 'BC14', 'displayLock': 'N', 'scanproflg': 1, 'scUrl': 'personal-care/bajajconsumercare/BC02', 'columns': [{'name': 'change %', 'value': '0.90'}, {'name': 'LTP', 'value': '530.00'}, {'name': 'Close Price value', 'value': '530.00'}, {'name': 'change absolute', 'value': '4.75'}]}",OHLC_D_I_NR4BULLBO,NR 4 Breakout,Four Bar Pattern,18,Range Breakout,NR4 is a 4-bar narrow range pattern. NR4 bullish breakout pattern scanner shows the list of stocks forming bullish breakout pattern after 4-bar consolidation.,,,False,1,N,,OHLC_D_I_NR4BULLBO
1784718917,"{'stkname': 'Religare Enterp', 'ltp': '', 'perChg': '', 'stkId': 'RE09', 'displayLock': 'N', 'scanproflg': 1, 'scUrl': 'finance-investments/religareenterprises/RE09', 'columns': [{'name': 'change %', 'value': '2.30'}, {'name': 'LTP', 'value': '262.10'}, {'name': 'Close Price value', 'value': '262.10'}, {'name': 'change absolute', 'value': '5.90'}]}",OHLC_D_I_NR4BULLBO,NR 4 Breakout,Four Bar Pattern,18,Range Breakout,NR4 is a 4-bar narrow range pattern. NR4 bullish breakout pattern scanner shows the list of stocks forming bullish breakout pattern after 4-bar consolidation.,,,False,1,N,,OHLC_D_I_NR4BULLBO
1784718917,"{'stkname': 'Steelcast', 'ltp': '', 'perChg': '', 'stkId': 'S06', 'displayLock': 'N', 'scanproflg': 1, 'scUrl': 'castingsforgings/steelcast/S06', 'columns': [{'name': 'change %', 'value': '0.59'}, {'name': 'LTP', 'value': '308.70'}, {'name': 'Close Price value', 'value': '308.70'}, {'name': 'change absolute', 'value': '1.80'}]}",OHLC_D_I_NR4BULLBO,NR 4 Breakout,Four Bar Pattern,18,Range Breakout,NR4 is a 4-bar narrow range pattern. NR4 bullish breakout pattern scanner shows the list of stocks forming bullish breakout pattern after 4-bar consolidation.,,,False,1,N,,OHLC_D_I_NR4BULLBO
1784718917,"{'stkname': 'Guj Amb Exports', 'ltp': '', 'perChg': '', 'stkId': 'GAE', 'displayLock': 'N', 'scanproflg': 1, 'scUrl': 'food-processing/gujaratambujaexports/GAE', 'columns': [{'name': 'change %', 'value': '1.15'}, {'name': 'LTP', 'value': '144.25'}, {'name': 'Close Price value', 'value': '144.25'}, {'name': 'change absolute', 'value': '1.64'}]}",OHLC_D_I_NR4BULLBO,NR 4 Breakout,Four Bar Pattern,18,Range Breakout,NR4 is a 4-bar narrow range pattern. NR4 bullish breakout pattern scanner shows the list of stocks forming bullish breakout pattern after 4-bar consolidation.,,,False,1,N,,OHLC_D_I_NR4BULLBO
1784718917,"{'stkname': 'Emami', 'ltp': '', 'perChg': '', 'stkId': 'E05', 'displayLock': 'N', 'scanproflg': 1, 'scUrl': 'personal-care/emami/E06', 'columns': [{'name': 'change %', 'value': '3.74'}, {'name': 'LTP', 'value': '416.00'}, {'name': 'Close Price value', 'value': '416.00'}, {'name': 'change absolute', 'value': '15.00'}]}",OHLC_D_I_NR4BULLBO,NR 4 Breakout,Four Bar Pattern,18,Range Breakout,NR4 is a 4-bar narrow range pattern. NR4 bullish breakout pattern scanner shows the list of stocks forming bullish breakout pattern after 4-bar consolidation.,,,False,1,N,,OHLC_D_I_NR4BULLBO
1784718917,"{'stkname': 'Share India', 'ltp': '', 'perChg': '', 'stkId': 'SIS08', 'displayLock': 'N', 'scanproflg': 1, 'scUrl': 'diversified/shareindiasecurities/SIS09', 'columns': [{'name': 'change %', 'value': '2.65'}, {'name': 'LTP', 'value': '190.80'}, {'name': 'Close Price value', 'value': '190.80'}, {'name': 'change absolute', 'value': '4.92'}]}",OHLC_D_I_NR4BULLBO,NR 4 Breakout,Four Bar Pattern,18,Range Breakout,NR4 is a 4-bar narrow range pattern. NR4 bullish breakout pattern scanner shows the list of stocks forming bullish breakout pattern after 4-bar consolidation.,,,False,1,N,,OHLC_D_I_NR4BULLBO
1784718917,"{'stkname': 'Euro India Fres', 'ltp': '', 'perChg': '', 'stkId': 'EIF', 'displayLock': 'N', 'scanproflg': 1, 'scUrl': 'food-processing/euroindiafreshfoods/EIF', 'columns': [{'name': 'change %', 'value': '1.04'}, {'name': 'LTP', 'value': '329.95'}, {'name': 'Close Price value', 'value': '329.95'}, {'name': 'change absolute', 'value': '3.40'}]}",OHLC_D_I_NR4BULLBO,NR 4 Breakout,Four Bar Pattern,18,Range Breakout,NR4 is a 4-bar narrow range pattern. NR4 bullish breakout pattern scanner shows the list of stocks forming bullish breakout pattern after 4-bar consolidation.,,,False,1,N,,OHLC_D_I_NR4BULLBO
1784718917,"{'stkname': 'BCL Industries', 'ltp': '', 'perChg': '', 'stkId': 'BC06', 'displayLock': 'N', 'scanproflg': 1, 'scUrl': 'breweriesdistilleries/bclindustries/BC06', 'columns': [{'name': 'change %', 'value': '0.40'}, {'name': 'LTP', 'value': '35.07'}, {'name': 'Close Price value', 'value': '35.07'}, {'name': 'change absolute', 'value': '0.14'}]}",OHLC_D_I_NR4BULLBO,NR 4 Breakout,Four Bar Pattern,18,Range Breakout,NR4 is a 4-bar narrow range pattern. NR4 bullish breakout pattern scanner shows the list of stocks forming bullish breakout pattern after 4-bar consolidation.,,,False,1,N,,OHLC_D_I_NR4BULLBO
1784718917,"{'stkname': 'Dolat Algotech', 'ltp': '', 'perChg': '', 'stkId': 'DI11', 'displayLock': 'N', 'scanproflg': 1, 'scUrl': 'finance-stock-broking/dolatalgotech/DI11', 'columns': [{'name': 'change %', 'value': '0.13'}, {'name': 'LTP', 'value': '68.98'}, {'name': 'Close Price value', 'value': '68.98'}, {'name': 'change absolute', 'value': '0.09'}]}",OHLC_D_I_NR4BULLBO,NR 4 Breakout,Four Bar Pattern,18,Range Breakout,NR4 is a 4-bar narrow range pattern. NR4 bullish breakout pattern scanner shows the list of stocks forming bullish breakout pattern after 4-bar consolidation.,,,False,1,N,,OHLC_D_I_NR4BULLBO
1784718917,"{'stkname': 'Heritage Foods', 'ltp': '', 'perChg': '', 'stkId': 'HFI', 'displayLock': 'N', 'scanproflg': 1, 'scUrl': 'food-processing/heritagefoods/HFI', 'columns': [{'name': 'change %', 'value': '0.95'}, {'name': 'LTP', 'value': '333.00'}, {'name': 'Close Price value', 'value': '333.00'}, {'name': 'change absolute', 'value': '3.15'}]}",OHLC_D_I_NR4BULLBO,NR 4 Breakout,Four Bar Pattern,18,Range Breakout,NR4 is a 4-bar narrow range pattern. NR4 bullish breakout pattern scanner shows the list of stocks forming bullish breakout pattern after 4-bar consolidation.,,,False,1,N,,OHLC_D_I_NR4BULLBO
1784718917,"{'stkname': 'Poonawalla Fin', 'ltp': '', 'perChg': '', 'stkId': 'ML07', 'displayLock': 'N', 'scanproflg': 1, 'scUrl': 'finance-nbfc/poonawallafincorp/MF20', 'columns': [{'name': 'change %', 'value': '1.68'}, {'name': 'LTP', 'value': '471.00'}, {'name': 'Close Price value', 'value': '471.00'}, {'name': 'change absolute', 'value': '7.80'}]}",OHLC_D_I_NR4BULLBO,NR 4 Breakout,Four Bar Pattern,18,Range Breakout,NR4 is a 4-bar narrow range pattern. NR4 bullish breakout pattern scanner shows the list of stocks forming bullish breakout pattern after 4-bar consolidation.,,,False,1,N,,OHLC_D_I_NR4BULLBO
1784718917,"{'stkname': 'Radiant Cash', 'ltp': '', 'perChg': '', 'stkId': 'RCM04', 'displayLock': 'N', 'scanproflg': 1, 'scUrl': 'finance-investment/radiantcashmanagementservices/RCM04', 'columns': [{'name': 'change %', 'value': '0.29'}, {'name': 'LTP', 'value': '37.60'}, {'name': 'Close Price value', 'value': '37.60'}, {'name': 'change absolute', 'value': '0.11'}]}",OHLC_D_I_NR4BULLBO,NR 4 Breakout,Four Bar Pattern,18,Range Breakout,NR4 is a 4-bar narrow range pattern. NR4 bullish breakout pattern scanner shows the list of stocks forming bullish breakout pattern after 4-bar consolidation.,,,False,1,N,,OHLC_D_I_NR4BULLBO
1784718917,"{'stkname': 'Vishnu Prakash', 'ltp': '', 'perChg': '', 'stkId': 'VPP01', 'displayLock': 'N', 'scanproflg': 1, 'scUrl': 'engineering-construction/vishnuprakashrpunglia/VPP01', 'columns': [{'name': 'change %', 'value': '1.97'}, {'name': 'LTP', 'value': '26.93'}, {'name': 'Close Price value', 'value': '26.93'}, {'name': 'change absolute', 'value': '0.52'}]}",OHLC_D_I_NR4BULLBO,NR 4 Breakout,Four Bar Pattern,18,Range Breakout,NR4 is a 4-bar narrow range pattern. NR4 bullish breakout pattern scanner shows the list of stocks forming bullish breakout pattern after 4-bar consolidation.,,,False,1,N,,OHLC_D_I_NR4BULLBO
1784718917,"{'stkname': 'CSL Fin', 'ltp': '', 'perChg': '', 'stkId': 'CSL01', 'displayLock': 'N', 'scanproflg': 1, 'scUrl': 'finance-leasinghire-purchase/cslfinance/CSL01', 'columns': [{'name': 'change %', 'value': '0.59'}, {'name': 'LTP', 'value': '215.50'}, {'name': 'Close Price value', 'value': '215.50'}, {'name': 'change absolute', 'value': '1.26'}]}",OHLC_D_I_NR4BULLBO,NR 4 Breakout,Four Bar Pattern,18,Range Breakout,NR4 is a 4-bar narrow range pattern. NR4 bullish breakout pattern scanner shows the list of stocks forming bullish breakout pattern after 4-bar consolidation.,,,False,1,N,,OHLC_D_I_NR4BULLBO
1784718917,"{'stkname': 'Muthoot Cap', 'ltp': '', 'perChg': '', 'stkId': 'MCS02', 'displayLock': 'N', 'scanproflg': 1, 'scUrl': 'finance-investments/muthootcapitalservices/MCS02', 'columns': [{'name': 'change %', 'value': '1.15'}, {'name': 'LTP', 'value': '216.09'}, {'name': 'Close Price value', 'value': '216.09'}, {'name': 'change absolute', 'value': '2.45'}]}",OHLC_D_I_NR4BULLBO,NR 4 Breakout,Four Bar Pattern,18,Range Breakout,NR4 is a 4-bar narrow range pattern. NR4 bullish breakout pattern scanner shows the list of stocks forming bullish breakout pattern after 4-bar consolidation.,,,False,1,N,,OHLC_D_I_NR4BULLBO
1784718917,"{'stkname': 'Health X Plat', 'ltp': '', 'perChg': '', 'stkId': 'MFS04', 'displayLock': 'N', 'scanproflg': 1, 'scUrl': 'finance-general/healthxplatform/MFS', 'columns': [{'name': 'change %', 'value': '1.23'}, {'name': 'LTP', 'value': '322.00'}, {'name': 'Close Price value', 'value': '322.00'}, {'name': 'change absolute', 'value': '3.90'}]}",OHLC_D_I_NR4BULLBO,NR 4 Breakout,Four Bar Pattern,18,Range Breakout,NR4 is a 4-bar narrow range pattern. NR4 bullish breakout pattern scanner shows the list of stocks forming bullish breakout pattern after 4-bar consolidation.,,,False,1,N,,OHLC_D_I_NR4BULLBO
1784718917,"{'stkname': 'Power Mech', 'ltp': '', 'perChg': '', 'stkId': 'PMP', 'displayLock': 'N', 'scanproflg': 1, 'scUrl': 'infrastructure-general/powermechprojects/PMP', 'columns': [{'name': 'change %', 'value': '0.79'}, {'name': 'LTP', 'value': '2,549.00'}, {'name': 'Close Price value', 'value': '2,549.00'}, {'name': 'change absolute', 'value': '20.10'}]}",OHLC_D_I_NR4BULLBO,NR 4 Breakout,Four Bar Pattern,18,Range Breakout,NR4 is a 4-bar narrow range pattern. NR4 bullish breakout pattern scanner shows the list of stocks forming bullish breakout pattern after 4-bar consolidation.,,,False,1,N,,OHLC_D_I_NR4BULLBO
1784718917,"{'stkname': 'GNFC', 'ltp': '', 'perChg': '', 'stkId': 'GNV', 'displayLock': 'N', 'scanproflg': 1, 'scUrl': 'fertilizers/gujaratnarmadavalleyfertchem/GNV', 'columns': [{'name': 'change %', 'value': '0.21'}, {'name': 'LTP', 'value': '506.05'}, {'name': 'Close Price value', 'value': '506.05'}, {'name': 'change absolute', 'value': '1.05'}]}",OHLC_D_I_NR4BULLBO,NR 4 Breakout,Four Bar Pattern,18,Range Breakout,NR4 is a 4-bar narrow range pattern. NR4 bullish breakout pattern scanner shows the list of stocks forming bullish breakout pattern after 4-bar consolidation.,,,False,1,N,,OHLC_D_I_NR4BULLBO
1784718917,"{'stkname': 'Paisalo Digital', 'ltp': '', 'perChg': '', 'stkId': 'SEI03', 'displayLock': 'N', 'scanproflg': 1, 'scUrl': 'finance-investments/paisalodigitalltd/SEI03', 'columns': [{'name': 'change %', 'value': '1.29'}, {'name': 'LTP', 'value': '73.11'}, {'name': 'Close Price value', 'value': '73.11'}, {'name': 'change absolute', 'value': '0.93'}]}",OHLC_D_I_NR4BULLBO,NR 4 Breakout,Four Bar Pattern,18,Range Breakout,NR4 is a 4-bar narrow range pattern. NR4 bullish breakout pattern scanner shows the list of stocks forming bullish breakout pattern after 4-bar consolidation.,,,False,1,N,,OHLC_D_I_NR4BULLBO
1784718917,"{'stkname': 'Avalon Tech', 'ltp': '', 'perChg': '', 'stkId': 'AT23', 'displayLock': 'N', 'scanproflg': 1, 'scUrl': 'electronics-components/avalontechnologies/AT27', 'columns': [{'name': 'change %', 'value': '0.42'}, {'name': 'LTP', 'value': '1,750.40'}, {'name': 'Close Price value', 'value': '1,750.40'}, {'name': 'change absolute', 'value': '7.40'}]}",OHLC_D_I_NR4BULLBO,NR 4 Breakout,Four Bar Pattern,18,Range Breakout,NR4 is a 4-bar narrow range pattern. NR4 bullish breakout pattern scanner shows the list of stocks forming bullish breakout pattern after 4-bar consolidation.,,,False,1,N,,OHLC_D_I_NR4BULLBO
1784718917,"{'stkname': 'Ideaforge Tech', 'ltp': '', 'perChg': '', 'stkId': 'IT07', 'displayLock': 'N', 'scanproflg': 1, 'scUrl': 'engineering-industrial-equipments/ideaforgetechnology/IT07', 'columns': [{'name': 'change %', 'value': '1.59'}, {'name': 'LTP', 'value': '863.90'}, {'name': 'Close Price value', 'value': '863.90'}, {'name': 'change absolute', 'value': '13.55'}]}",OHLC_D_I_NR4BULLBO,NR 4 Breakout,Four Bar Pattern,18,Range Breakout,NR4 is a 4-bar narrow range pattern. NR4 bullish breakout pattern scanner shows the list of stocks forming bullish breakout pattern after 4-bar consolidation.,,,False,1,N,,OHLC_D_I_NR4BULLBO
1784718917,"{'stkname': 'Kernex Micro', 'ltp': '', 'perChg': '', 'stkId': 'KMI', 'displayLock': 'N', 'scanproflg': 1, 'scUrl': 'computers-software-mediumsmall/kernexmicrosystemsindia/KMI', 'columns': [{'name': 'change %', 'value': '2.80'}, {'name': 'LTP', 'value': '2,191.00'}, {'name': 'Close Price value', 'value': '2,191.00'}, {'name': 'change absolute', 'value': '59.60'}]}",OHLC_D_I_NR4BULLBO,NR 4 Breakout,Four Bar Pattern,18,Range Breakout,NR4 is a 4-bar narrow range pattern. NR4 bullish breakout pattern scanner shows the list of stocks forming bullish breakout pattern after 4-bar consolidation.,,,False,1,N,,OHLC_D_I_NR4BULLBO
1784718917,"{'stkname': 'Astra Microwave', 'ltp': '', 'perChg': '', 'stkId': 'AMP01', 'displayLock': 'N', 'scanproflg': 1, 'scUrl': 'defence/astramicrowaveproducts/AMP01', 'columns': [{'name': 'change %', 'value': '0.62'}, {'name': 'LTP', 'value': '1,758.00'}, {'name': 'Close Price value', 'value': '1,758.00'}, {'name': 'change absolute', 'value': '10.90'}]}",OHLC_D_I_NR4BULLBO,NR 4 Breakout,Four Bar Pattern,18,Range Breakout,NR4 is a 4-bar narrow range pattern. NR4 bullish breakout pattern scanner shows the list of stocks forming bullish breakout pattern after 4-bar consolidation.,,,False,1,N,,OHLC_D_I_NR4BULLBO
1784718917,"{'stkname': 'GMM Pfaudler', 'ltp': '', 'perChg': '', 'stkId': 'GMM01', 'displayLock': 'N', 'scanproflg': 1, 'scUrl': 'engineering-heavy/gmmpfaudler/GMM01', 'columns': [{'name': 'change %', 'value': '0.07'}, {'name': 'LTP', 'value': '804.00'}, {'name': 'Close Price value', 'value': '804.00'}, {'name': 'change absolute', 'value': '0.60'}]}",OHLC_D_I_NR4BULLBO,NR 4 Breakout,Four Bar Pattern,18,Range Breakout,NR4 is a 4-bar narrow range pattern. NR4 bullish breakout pattern scanner shows the list of stocks forming bullish breakout pattern after 4-bar consolidation.,,,False,1,N,,OHLC_D_I_NR4BULLBO
1784718917,"{'stkname': 'Deep Ind', 'ltp': '', 'perChg': '', 'stkId': 'DI22', 'displayLock': 'N', 'scanproflg': 1, 'scUrl': 'oil-explorationproduction/deepindustries/DI02', 'columns': [{'name': 'change %', 'value': '0.31'}, {'name': 'LTP', 'value': '472.00'}, {'name': 'Close Price value', 'value': '472.00'}, {'name': 'change absolute', 'value': '1.45'}]}",OHLC_D_I_NR4BULLBO,NR 4 Breakout,Four Bar Pattern,18,Range Breakout,NR4 is a 4-bar narrow range pattern. NR4 bullish breakout pattern scanner shows the list of stocks forming bullish breakout pattern after 4-bar consolidation.,,,False,1,N,,OHLC_D_I_NR4BULLBO
1784718917,"{'stkname': 'Vidhi Spec', 'ltp': '', 'perChg': '', 'stkId': 'VDM', 'displayLock': 'N', 'scanproflg': 1, 'scUrl': 'dyespigments/vidhispecialtyfoodingredients/VDM', 'columns': [{'name': 'change %', 'value': '1.08'}, {'name': 'LTP', 'value': '303.00'}, {'name': 'Close Price value', 'value': '303.00'}, {'name': 'change absolute', 'value': '3.25'}]}",OHLC_D_I_NR4BULLBO,NR 4 Breakout,Four Bar Pattern,18,Range Breakout,NR4 is a 4-bar narrow range pattern. NR4 bullish breakout pattern scanner shows the list of stocks forming bullish breakout pattern after 4-bar consolidation.,,,False,1,N,,OHLC_D_I_NR4BULLBO
1784718917,"{'stkname': 'Honda India PP', 'ltp': '', 'perChg': '', 'stkId': 'SHP', 'displayLock': 'N', 'scanproflg': 1, 'scUrl': 'electric-equipment/hondaindiapowerproductslimited/HSP02', 'columns': [{'name': 'change %', 'value': '1.95'}, {'name': 'LTP', 'value': '2,144.00'}, {'name': 'Close Price value', 'value': '2,144.00'}, {'name': 'change absolute', 'value': '41.10'}]}",OHLC_D_I_NR4BULLBO,NR 4 Breakout,Four Bar Pattern,18,Range Breakout,NR4 is a 4-bar narrow range pattern. NR4 bullish breakout pattern scanner shows the list of stocks forming bullish breakout pattern after 4-bar consolidation.,,,False,1,N,,OHLC_D_I_NR4BULLBO
1784718917,"{'stkname': 'Marathon Realty', 'ltp': '', 'perChg': '', 'stkId': 'PSW01', 'displayLock': 'N', 'scanproflg': 1, 'scUrl': 'constructioncontracting-real-estate/marathonnextgenrealty/MNR', 'columns': [{'name': 'change %', 'value': '0.55'}, {'name': 'LTP', 'value': '393.00'}, {'name': 'Close Price value', 'value': '393.00'}, {'name': 'change absolute', 'value': '2.15'}]}",OHLC_D_I_NR4BULLBO,NR 4 Breakout,Four Bar Pattern,18,Range Breakout,NR4 is a 4-bar narrow range pattern. NR4 bullish breakout pattern scanner shows the list of stocks forming bullish breakout pattern after 4-bar consolidation.,,,False,1,N,,OHLC_D_I_NR4BULLBO
1784718917,"{'stkname': 'SKF India', 'ltp': '', 'perChg': '', 'stkId': 'SKF', 'displayLock': 'N', 'scanproflg': 1, 'scUrl': 'bearings/skfindia/SKF01', 'columns': [{'name': 'change %', 'value': '3.26'}, {'name': 'LTP', 'value': '1,506.00'}, {'name': 'Close Price value', 'value': '1,506.00'}, {'name': 'change absolute', 'value': '47.60'}]}",OHLC_D_I_NR4BULLBO,NR 4 Breakout,Four Bar Pattern,18,Range Breakout,NR4 is a 4-bar narrow range pattern. NR4 bullish breakout pattern scanner shows the list of stocks forming bullish breakout pattern after 4-bar consolidation.,,,False,1,N,,OHLC_D_I_NR4BULLBO
1784718917,"{'stkname': 'Mangalam Cement', 'ltp': '', 'perChg': '', 'stkId': 'MC03', 'displayLock': 'N', 'scanproflg': 1, 'scUrl': 'cement-major/mangalamcement/MC03', 'columns': [{'name': 'change %', 'value': '0.70'}, {'name': 'LTP', 'value': '987.00'}, {'name': 'Close Price value', 'value': '987.00'}, {'name': 'change absolute', 'value': '6.90'}]}",OHLC_D_I_NR4BULLBO,NR 4 Breakout,Four Bar Pattern,18,Range Breakout,NR4 is a 4-bar narrow range pattern. NR4 bullish breakout pattern scanner shows the list of stocks forming bullish breakout pattern after 4-bar consolidation.,,,False,1,N,,OHLC_D_I_NR4BULLBO
1784718917,"{'stkname': 'Fairchem Org.', 'ltp': '', 'perChg': '', 'stkId': 'FO01', 'displayLock': 'N', 'scanproflg': 1, 'scUrl': 'speciality-chemicals/fairchemorganics/FO01', 'columns': [{'name': 'change %', 'value': '5.00'}, {'name': 'LTP', 'value': '737.30'}, {'name': 'Close Price value', 'value': '737.30'}, {'name': 'change absolute', 'value': '35.10'}]}",OHLC_D_I_NR4BULLBO,NR 4 Breakout,Four Bar Pattern,18,Range Breakout,NR4 is a 4-bar narrow range pattern. NR4 bullish breakout pattern scanner shows the list of stocks forming bullish breakout pattern after 4-bar consolidation.,,,False,1,N,,OHLC_D_I_NR4BULLBO
1784718917,"{'stkname': 'Global Surfaces', 'ltp': '', 'perChg': '', 'stkId': 'GS19', 'displayLock': 'N', 'scanproflg': 1, 'scUrl': 'ceramicsmarblegranitesanitaryware/globalsurfaces/GS17', 'columns': [{'name': 'change %', 'value': '5.00'}, {'name': 'LTP', 'value': '25.41'}, {'name': 'Close Price value', 'value': '25.41'}, {'name': 'change absolute', 'value': '1.21'}]}",OHLC_D_I_NR4BULLBO,NR 4 Breakout,Four Bar Pattern,18,Range Breakout,NR4 is a 4-bar narrow range pattern. NR4 bullish breakout pattern scanner shows the list of stocks forming bullish breakout pattern after 4-bar consolidation.,,,False,1,N,,OHLC_D_I_NR4BULLBO
1784718917,"{'stkname': 'Aether Ind', 'ltp': '', 'perChg': '', 'stkId': 'AI74', 'displayLock': 'N', 'scanproflg': 1, 'scUrl': 'speciality-chemicals/aetherindustries/AI84', 'columns': [{'name': 'change %', 'value': '0.50'}, {'name': 'LTP', 'value': '1,457.00'}, {'name': 'Close Price value', 'value': '1,457.00'}, {'name': 'change absolute', 'value': '7.30'}]}",OHLC_D_I_NR4BULLBO,NR 4 Breakout,Four Bar Pattern,18,Range Breakout,NR4 is a 4-bar narrow range pattern. NR4 bullish breakout pattern scanner shows the list of stocks forming bullish breakout pattern after 4-bar consolidation.,,,False,1,N,,OHLC_D_I_NR4BULLBO
1784718917,"{'stkname': 'R R Kabel', 'ltp': '', 'perChg': '', 'stkId': 'K04', 'displayLock': 'N', 'scanproflg': 1, 'scUrl': 'cables/rrkabel/K04', 'columns': [{'name': 'change %', 'value': '4.89'}, {'name': 'LTP', 'value': '2,460.00'}, {'name': 'Close Price value', 'value': '2,460.00'}, {'name': 'change absolute', 'value': '114.60'}]}",OHLC_D_I_NR4BULLBO,NR 4 Breakout,Four Bar Pattern,18,Range Breakout,NR4 is a 4-bar narrow range pattern. NR4 bullish breakout pattern scanner shows the list of stocks forming bullish breakout pattern after 4-bar consolidation.,,,False,1,N,,OHLC_D_I_NR4BULLBO
1784718917,"{'stkname': 'Balaji Amines', 'ltp': '', 'perChg': '', 'stkId': 'BA05', 'displayLock': 'N', 'scanproflg': 1, 'scUrl': 'chemicals/balajiamines/BA05', 'columns': [{'name': 'change %', 'value': '0.91'}, {'name': 'LTP', 'value': '2,388.00'}, {'name': 'Close Price value', 'value': '2,388.00'}, {'name': 'change absolute', 'value': '21.50'}]}",OHLC_D_I_NR4BULLBO,NR 4 Breakout,Four Bar Pattern,18,Range Breakout,NR4 is a 4-bar narrow range pattern. NR4 bullish breakout pattern scanner shows the list of stocks forming bullish breakout pattern after 4-bar consolidation.,,,False,1,N,,OHLC_D_I_NR4BULLBO
1784718917,"{'stkname': 'Goa Carbon', 'ltp': '', 'perChg': '', 'stkId': 'GC04', 'displayLock': 'N', 'scanproflg': 1, 'scUrl': 'petrochemicals/goacarbon/GC04', 'columns': [{'name': 'change %', 'value': '1.47'}, {'name': 'LTP', 'value': '372.00'}, {'name': 'Close Price value', 'value': '372.00'}, {'name': 'change absolute', 'value': '5.40'}]}",OHLC_D_I_NR4BULLBO,NR 4 Breakout,Four Bar Pattern,18,Range Breakout,NR4 is a 4-bar narrow range pattern. NR4 bullish breakout pattern scanner shows the list of stocks forming bullish breakout pattern after 4-bar consolidation.,,,False,1,N,,OHLC_D_I_NR4BULLBO
1784718917,"{'stkname': 'GNA Axles', 'ltp': '', 'perChg': '', 'stkId': 'A11', 'displayLock': 'N', 'scanproflg': 1, 'scUrl': 'auto-ancillaries/gnaaxles/A03', 'columns': [{'name': 'change %', 'value': '0.50'}, {'name': 'LTP', 'value': '512.35'}, {'name': 'Close Price value', 'value': '512.35'}, {'name': 'change absolute', 'value': '2.55'}]}",OHLC_D_I_NR4BULLBO,NR 4 Breakout,Four Bar Pattern,18,Range Breakout,NR4 is a 4-bar narrow range pattern. NR4 bullish breakout pattern scanner shows the list of stocks forming bullish breakout pattern after 4-bar consolidation.,,,False,1,N,,OHLC_D_I_NR4BULLBO
1784718917,"{'stkname': 'Bombay Burmah', 'ltp': '', 'perChg': '', 'stkId': 'BBT', 'displayLock': 'N', 'scanproflg': 1, 'scUrl': 'plantations-teacoffee/bombayburmahtradingcorporation/BBT', 'columns': [{'name': 'change %', 'value': '0.25'}, {'name': 'LTP', 'value': '1,495.20'}, {'name': 'Close Price value', 'value': '1,495.20'}, {'name': 'change absolute', 'value': '3.80'}]}",OHLC_D_I_NR4BULLBO,NR 4 Breakout,Four Bar Pattern,18,Range Breakout,NR4 is a 4-bar narrow range pattern. NR4 bullish breakout pattern scanner shows the list of stocks forming bullish breakout pattern after 4-bar consolidation.,,,False,1,N,,OHLC_D_I_NR4BULLBO
1784718917,"{'stkname': 'Anant Raj', 'ltp': '', 'perChg': '', 'stkId': 'ARI', 'displayLock': 'N', 'scanproflg': 1, 'scUrl': 'construction-real-estate/anantraj/ARI', 'columns': [{'name': 'change %', 'value': '1.09'}, {'name': 'LTP', 'value': '615.50'}, {'name': 'Close Price value', 'value': '615.50'}, {'name': 'change absolute', 'value': '6.65'}]}",OHLC_D_I_NR4BULLBO,NR 4 Breakout,Four Bar Pattern,18,Range Breakout,NR4 is a 4-bar narrow range pattern. NR4 bullish breakout pattern scanner shows the list of stocks forming bullish breakout pattern after 4-bar consolidation.,,,False,1,N,,OHLC_D_I_NR4BULLBO
1784718917,"{'stkname': 'Thangamayil', 'ltp': '', 'perChg': '', 'stkId': 'TJ', 'displayLock': 'N', 'scanproflg': 1, 'scUrl': 'diamondjewellery/thangamayiljewellery/TJ', 'columns': [{'name': 'change %', 'value': '0.50'}, {'name': 'LTP', 'value': '6,485.00'}, {'name': 'Close Price value', 'value': '6,485.00'}, {'name': 'change absolute', 'value': '32.00'}]}",OHLC_D_I_NR4BULLBO,NR 4 Breakout,Four Bar Pattern,18,Range Breakout,NR4 is a 4-bar narrow range pattern. NR4 bullish breakout pattern scanner shows the list of stocks forming bullish breakout pattern after 4-bar consolidation.,,,False,1,N,,OHLC_D_I_NR4BULLBO
1784718917,"{'stkname': 'LT Technology', 'ltp': '', 'perChg': '', 'stkId': 'LTS', 'displayLock': 'N', 'scanproflg': 1, 'scUrl': 'engineering/lttechnologyservices/LTS', 'columns': [{'name': 'change %', 'value': '1.00'}, {'name': 'LTP', 'value': '3,339.60'}, {'name': 'Close Price value', 'value': '3,339.60'}, {'name': 'change absolute', 'value': '33.20'}]}",OHLC_D_I_NR4BULLBO,NR 4 Breakout,Four Bar Pattern,18,Range Breakout,NR4 is a 4-bar narrow range pattern. NR4 bullish breakout pattern scanner shows the list of stocks forming bullish breakout pattern after 4-bar consolidation.,,,False,1,N,,OHLC_D_I_NR4BULLBO
1784718917,"{'stkname': 'FIEM Ind', 'ltp': '', 'perChg': '', 'stkId': 'FIE', 'displayLock': 'N', 'scanproflg': 1, 'scUrl': 'auto-ancillaries/fiemindustries/FIE', 'columns': [{'name': 'change %', 'value': '0.64'}, {'name': 'LTP', 'value': '2,346.40'}, {'name': 'Close Price value', 'value': '2,346.40'}, {'name': 'change absolute', 'value': '14.90'}]}",OHLC_D_I_NR4BULLBO,NR 4 Breakout,Four Bar Pattern,18,Range Breakout,NR4 is a 4-bar narrow range pattern. NR4 bullish breakout pattern scanner shows the list of stocks forming bullish breakout pattern after 4-bar consolidation.,,,False,1,N,,OHLC_D_I_NR4BULLBO
1784718917,"{'stkname': 'CarTrade Tech', 'ltp': '', 'perChg': '', 'stkId': 'CT09', 'displayLock': 'N', 'scanproflg': 1, 'scUrl': 'automobile-dealersdistributors/cartradetech/CT12', 'columns': [{'name': 'change %', 'value': '3.01'}, {'name': 'LTP', 'value': '2,808.00'}, {'name': 'Close Price value', 'value': '2,808.00'}, {'name': 'change absolute', 'value': '82.00'}]}",OHLC_D_I_NR4BULLBO,NR 4 Breakout,Four Bar Pattern,18,Range Breakout,NR4 is a 4-bar narrow range pattern. NR4 bullish breakout pattern scanner shows the list of stocks forming bullish breakout pattern after 4-bar consolidation.,,,False,1,N,,OHLC_D_I_NR4BULLBO
1784718917,"{'stkname': 'Sky Gold', 'ltp': '', 'perChg': '', 'stkId': 'SG14', 'displayLock': 'N', 'scanproflg': 1, 'scUrl': 'diamondjewellery/skygolddiamonds/SG08', 'columns': [{'name': 'change %', 'value': '2.52'}, {'name': 'LTP', 'value': '672.30'}, {'name': 'Close Price value', 'value': '672.30'}, {'name': 'change absolute', 'value': '16.50'}]}",OHLC_D_I_NR4BULLBO,NR 4 Breakout,Four Bar Pattern,18,Range Breakout,NR4 is a 4-bar narrow range pattern. NR4 bullish breakout pattern scanner shows the list of stocks forming bullish breakout pattern after 4-bar consolidation.,,,False,1,N,,OHLC_D_I_NR4BULLBO
1784718917,"{'stkname': 'United Spirits', 'ltp': '', 'perChg': '', 'stkId': 'MC08', 'displayLock': 'N', 'scanproflg': 1, 'scUrl': 'breweriesdistilleries/unitedspirits/US', 'columns': [{'name': 'change %', 'value': '1.07'}, {'name': 'LTP', 'value': '1,405.70'}, {'name': 'Close Price value', 'value': '1,405.70'}, {'name': 'change absolute', 'value': '14.90'}]}",OHLC_D_I_NR4BULLBO,NR 4 Breakout,Four Bar Pattern,18,Range Breakout,NR4 is a 4-bar narrow range pattern. NR4 bullish breakout pattern scanner shows the list of stocks forming bullish breakout pattern after 4-bar consolidation.,,,False,1,N,,OHLC_D_I_NR4BULLBO
1784718917,"{'stkname': 'Fujiyama Power ', 'ltp': '', 'perChg': '', 'stkId': 'FPS01', 'displayLock': 'N', 'scanproflg': 1, 'scUrl': 'renewables/fujiyamapowersystems/FPS01', 'columns': [{'name': 'change %', 'value': '0.64'}, {'name': 'LTP', 'value': '378.00'}, {'name': 'Close Price value', 'value': '378.00'}, {'name': 'change absolute', 'value': '2.40'}]}",OHLC_D_I_NR4BULLBO,NR 4 Breakout,Four Bar Pattern,18,Range Breakout,NR4 is a 4-bar narrow range pattern. NR4 bullish breakout pattern scanner shows the list of stocks forming bullish breakout pattern after 4-bar consolidation.,,,False,1,N,,OHLC_D_I_NR4BULLBO
1784718917,"{'stkname': 'TD Power System', 'ltp': '', 'perChg': '', 'stkId': 'TPS', 'displayLock': 'N', 'scanproflg': 1, 'scUrl': 'engineering-heavy/tdpowersystems/TPS01', 'columns': [{'name': 'change %', 'value': '3.31'}, {'name': 'LTP', 'value': '1,166.60'}, {'name': 'Close Price value', 'value': '1,166.60'}, {'name': 'change absolute', 'value': '37.40'}]}",OHLC_D_I_NR4BULLBO,NR 4 Breakout,Four Bar Pattern,18,Range Breakout,NR4 is a 4-bar narrow range pattern. NR4 bullish breakout pattern scanner shows the list of stocks forming bullish breakout pattern after 4-bar consolidation.,,,False,1,N,,OHLC_D_I_NR4BULLBO
1784718917,"{'stkname': 'Avenue Supermar', 'ltp': '', 'perChg': '', 'stkId': 'AS28', 'displayLock': 'N', 'scanproflg': 1, 'scUrl': 'retail/avenuesupermarts/AS19', 'columns': [{'name': 'change %', 'value': '0.81'}, {'name': 'LTP', 'value': '4,008.00'}, {'name': 'Close Price value', 'value': '4,008.00'}, {'name': 'change absolute', 'value': '32.40'}]}",OHLC_D_I_NR4BULLBO,NR 4 Breakout,Four Bar Pattern,18,Range Breakout,NR4 is a 4-bar narrow range pattern. NR4 bullish breakout pattern scanner shows the list of stocks forming bullish breakout pattern after 4-bar consolidation.,,,False,1,N,,OHLC_D_I_NR4BULLBO
1784718917,"{'stkname': 'Eternal', 'ltp': '', 'perChg': '', 'stkId': 'Z01', 'displayLock': 'N', 'scanproflg': 1, 'scUrl': 'online-services/eternal/Z', 'columns': [{'name': 'change %', 'value': '1.01'}, {'name': 'LTP', 'value': '289.50'}, {'name': 'Close Price value', 'value': '289.50'}, {'name': 'change absolute', 'value': '2.90'}]}",OHLC_D_I_NR4BULLBO,NR 4 Breakout,Four Bar Pattern,18,Range Breakout,NR4 is a 4-bar narrow range pattern. NR4 bullish breakout pattern scanner shows the list of stocks forming bullish breakout pattern after 4-bar consolidation.,,,False,1,N,,OHLC_D_I_NR4BULLBO
1784718917,"{'stkname': 'Nestle', 'ltp': '', 'perChg': '', 'stkId': 'NI', 'displayLock': 'N', 'scanproflg': 1, 'scUrl': 'food-processing/nestleindia/NI', 'columns': [{'name': 'change %', 'value': '3.24'}, {'name': 'LTP', 'value': '1,499.00'}, {'name': 'Close Price value', 'value': '1,499.00'}, {'name': 'change absolute', 'value': '47.10'}]}",OHLC_D_I_NR4BULLBO,NR 4 Breakout,Four Bar Pattern,18,Range Breakout,NR4 is a 4-bar narrow range pattern. NR4 bullish breakout pattern scanner shows the list of stocks forming bullish breakout pattern after 4-bar consolidation.,,,False,1,N,,OHLC_D_I_NR4BULLBO
1784718917,"{'stkname': 'BHEL', 'ltp': '', 'perChg': '', 'stkId': 'BHE', 'displayLock': 'N', 'scanproflg': 1, 'scUrl': 'infrastructure-general/bharatheavyelectricals/BHE', 'columns': [{'name': 'change %', 'value': '0.67'}, {'name': 'LTP', 'value': '416.05'}, {'name': 'Close Price value', 'value': '416.05'}, {'name': 'change absolute', 'value': '2.75'}]}",OHLC_D_I_NR4BULLBO,NR 4 Breakout,Four Bar Pattern,18,Range Breakout,NR4 is a 4-bar narrow range pattern. NR4 bullish breakout pattern scanner shows the list of stocks forming bullish breakout pattern after 4-bar consolidation.,,,False,1,N,,OHLC_D_I_NR4BULLBO
1784718917,"{'stkname': 'Divis Labs', 'ltp': '', 'perChg': '', 'stkId': 'DL03', 'displayLock': 'N', 'scanproflg': 1, 'scUrl': 'pharmaceuticals/divislaboratories/DL03', 'columns': [{'name': 'change %', 'value': '0.78'}, {'name': 'LTP', 'value': '7,387.50'}, {'name': 'Close Price value', 'value': '7,387.50'}, {'name': 'change absolute', 'value': '57.50'}]}",OHLC_D_I_NR4BULLBO,NR 4 Breakout,Four Bar Pattern,18,Range Breakout,NR4 is a 4-bar narrow range pattern. NR4 bullish breakout pattern scanner shows the list of stocks forming bullish breakout pattern after 4-bar consolidation.,,,False,1,N,,OHLC_D_I_NR4BULLBO
1784718917,"{'stkname': 'Britannia', 'ltp': '', 'perChg': '', 'stkId': 'BI', 'displayLock': 'N', 'scanproflg': 1, 'scUrl': 'food-processing/britanniaindustries/BI', 'columns': [{'name': 'change %', 'value': '0.18'}, {'name': 'LTP', 'value': '5,492.00'}, {'name': 'Close Price value', 'value': '5,492.00'}, {'name': 'change absolute', 'value': '10.00'}]}",OHLC_D_I_NR4BULLBO,NR 4 Breakout,Four Bar Pattern,18,Range Breakout,NR4 is a 4-bar narrow range pattern. NR4 bullish breakout pattern scanner shows the list of stocks forming bullish breakout pattern after 4-bar consolidation.,,,False,1,N,,OHLC_D_I_NR4BULLBO
1784718917,"{'stkname': 'HUL', 'ltp': '', 'perChg': '', 'stkId': 'HL', 'displayLock': 'N', 'scanproflg': 1, 'scUrl': 'personal-care/hindustanunilever/HU', 'columns': [{'name': 'change %', 'value': '0.68'}, {'name': 'LTP', 'value': '2,157.00'}, {'name': 'Close Price value', 'value': '2,157.00'}, {'name': 'change absolute', 'value': '14.50'}]}",OHLC_D_I_NR4BULLBO,NR 4 Breakout,Four Bar Pattern,18,Range Breakout,NR4 is a 4-bar narrow range pattern. NR4 bullish breakout pattern scanner shows the list of stocks forming bullish breakout pattern after 4-bar consolidation.,,,False,1,N,,OHLC_D_I_NR4BULLBO
1784718917,"{'stkname': 'Polycab', 'ltp': '', 'perChg': '', 'stkId': 'PI41', 'displayLock': 'N', 'scanproflg': 1, 'scUrl': 'cables-powerothers/polycabindia/PI44', 'columns': [{'name': 'change %', 'value': '1.90'}, {'name': 'LTP', 'value': '9,072.50'}, {'name': 'Close Price value', 'value': '9,072.50'}, {'name': 'change absolute', 'value': '169.00'}]}",OHLC_D_I_NR4BULLBO,NR 4 Breakout,Four Bar Pattern,18,Range Breakout,NR4 is a 4-bar narrow range pattern. NR4 bullish breakout pattern scanner shows the list of stocks forming bullish breakout pattern after 4-bar consolidation.,,,False,1,N,,OHLC_D_I_NR4BULLBO
1784718917,"{'stkname': 'Bharti Airtel', 'ltp': '', 'perChg': '', 'stkId': 'BTV', 'displayLock': 'N', 'scanproflg': 1, 'scUrl': 'telecommunications-service/bhartiairtel/BA08', 'columns': [{'name': 'change %', 'value': '0.11'}, {'name': 'LTP', 'value': '1,950.60'}, {'name': 'Close Price value', 'value': '1,950.60'}, {'name': 'change absolute', 'value': '2.20'}]}",OHLC_D_I_NR4BULLBO,NR 4 Breakout,Four Bar Pattern,18,Range Breakout,NR4 is a 4-bar narrow range pattern. NR4 bullish breakout pattern scanner shows the list of stocks forming bullish breakout pattern after 4-bar consolidation.,,,False,1,N,,OHLC_D_I_NR4BULLBO
1784718917,"{'stkname': 'Cummins', 'ltp': '', 'perChg': '', 'stkId': 'CI02', 'displayLock': 'N', 'scanproflg': 1, 'scUrl': 'engines/cumminsindia/CI02', 'columns': [{'name': 'change %', 'value': '0.13'}, {'name': 'LTP', 'value': '5,590.00'}, {'name': 'Close Price value', 'value': '5,590.00'}, {'name': 'change absolute', 'value': '7.00'}]}",OHLC_D_I_NR4BULLBO,NR 4 Breakout,Four Bar Pattern,18,Range Breakout,NR4 is a 4-bar narrow range pattern. NR4 bullish breakout pattern scanner shows the list of stocks forming bullish breakout pattern after 4-bar consolidation.,,,False,1,N,,OHLC_D_I_NR4BULLBO
1784718917,"{'stkname': 'SBI ETF', 'ltp': '', 'perChg': '', 'stkId': 'SBI28', 'displayLock': 'N', 'scanproflg': 1, 'scUrl': 'etf/sbimutualfund-sbi-etf10yeargilt/SBI29', 'columns': [{'name': 'change %', 'value': '0.14'}, {'name': 'LTP', 'value': '265.27'}, {'name': 'Close Price value', 'value': '265.27'}, {'name': 'change absolute', 'value': '0.38'}]}",OHLC_D_I_NR4BULLBO,NR 4 Breakout,Four Bar Pattern,18,Range Breakout,NR4 is a 4-bar narrow range pattern. NR4 bullish breakout pattern scanner shows the list of stocks forming bullish breakout pattern after 4-bar consolidation.,,,False,1,N,,OHLC_D_I_NR4BULLBO
1784718917,"{'stkname': 'DSP Bse Sensex', 'ltp': '', 'perChg': '', 'stkId': 'DSPSE17613', 'displayLock': 'N', 'scanproflg': 1, 'scUrl': 'etf/dspbsesensexetf/DSPSE17613', 'columns': [{'name': 'change %', 'value': '0.45'}, {'name': 'LTP', 'value': '80.00'}, {'name': 'Close Price value', 'value': '80.00'}, {'name': 'change absolute', 'value': '0.36'}]}",OHLC_D_I_NR4BULLBO,NR 4 Breakout,Four Bar Pattern,18,Range Breakout,NR4 is a 4-bar narrow range pattern. NR4 bullish breakout pattern scanner shows the list of stocks forming bullish breakout pattern after 4-bar consolidation.,,,False,1,N,,OHLC_D_I_NR4BULLBO
1784718917,"{'stkname': 'NALCO', 'ltp': '', 'perChg': '', 'stkId': 'NAC', 'displayLock': 'N', 'scanproflg': 1, 'scUrl': 'aluminium/nationalaluminiumcompany/NAC', 'columns': [{'name': 'change %', 'value': '0.19'}, {'name': 'LTP', 'value': '343.55'}, {'name': 'Close Price value', 'value': '343.55'}, {'name': 'change absolute', 'value': '0.65'}]}",OHLC_D_I_NR4BULLBO,NR 4 Breakout,Four Bar Pattern,18,Range Breakout,NR4 is a 4-bar narrow range pattern. NR4 bullish breakout pattern scanner shows the list of stocks forming bullish breakout pattern after 4-bar consolidation.,,,False,1,N,,OHLC_D_I_NR4BULLBO
1784718917,"{'stkname': 'IC QUAL30IETF', 'ltp': '', 'perChg': '', 'stkId': 'QUAL317808', 'displayLock': 'N', 'scanproflg': 1, 'scUrl': 'etf/iciciprudentialnifty200quality30etf/QUAL317808', 'columns': [{'name': 'change %', 'value': '0.48'}, {'name': 'LTP', 'value': '21.03'}, {'name': 'Close Price value', 'value': '21.03'}, {'name': 'change absolute', 'value': '0.10'}]}",OHLC_D_I_NR4BULLBO,NR 4 Breakout,Four Bar Pattern,18,Range Breakout,NR4 is a 4-bar narrow range pattern. NR4 bullish breakout pattern scanner shows the list of stocks forming bullish breakout pattern after 4-bar consolidation.,,,False,1,N,,OHLC_D_I_NR4BULLBO
1784718917,"{'stkname': 'MCX India', 'ltp': '', 'perChg': '', 'stkId': 'MCE', 'displayLock': 'N', 'scanproflg': 1, 'scUrl': 'miscellaneous/multicommodityexchangeindia/MCE', 'columns': [{'name': 'change %', 'value': '0.14'}, {'name': 'LTP', 'value': '2,805.10'}, {'name': 'Close Price value', 'value': '2,805.10'}, {'name': 'change absolute', 'value': '3.90'}]}",OHLC_D_I_NR4BULLBO,NR 4 Breakout,Four Bar Pattern,18,Range Breakout,NR4 is a 4-bar narrow range pattern. NR4 bullish breakout pattern scanner shows the list of stocks forming bullish breakout pattern after 4-bar consolidation.,,,False,1,N,,OHLC_D_I_NR4BULLBO
1784718917,"{'stkname': 'Acutaas Chem', 'ltp': '', 'perChg': '', 'stkId': 'AO05', 'displayLock': 'N', 'scanproflg': 1, 'scUrl': 'speciality-chemicals/acutaaschemicals/AO05', 'columns': [{'name': 'change %', 'value': '0.08'}, {'name': 'LTP', 'value': '3,680.00'}, {'name': 'Close Price value', 'value': '3,680.00'}, {'name': 'change absolute', 'value': '3.00'}]}",OHLC_D_I_NR4BULLBO,NR 4 Breakout,Four Bar Pattern,18,Range Breakout,NR4 is a 4-bar narrow range pattern. NR4 bullish breakout pattern scanner shows the list of stocks forming bullish breakout pattern after 4-bar consolidation.,,,False,1,N,,OHLC_D_I_NR4BULLBO
1784718917,"{'stkname': 'SBI Gold ETF', 'ltp': '', 'perChg': '', 'stkId': 'SBI15', 'displayLock': 'N', 'scanproflg': 1, 'scUrl': 'gold-etf/sbimutualfund-goldexchangetradedscheme/SBI16', 'columns': [{'name': 'change %', 'value': '1.19'}, {'name': 'LTP', 'value': '122.86'}, {'name': 'Close Price value', 'value': '122.86'}, {'name': 'change absolute', 'value': '1.45'}]}",OHLC_D_I_NR4BULLBO,NR 4 Breakout,Four Bar Pattern,18,Range Breakout,NR4 is a 4-bar narrow range pattern. NR4 bullish breakout pattern scanner shows the list of stocks forming bullish breakout pattern after 4-bar consolidation.,,,False,1,N,,OHLC_D_I_NR4BULLBO
1784718917,"{'stkname': 'Quant Gold ETF', 'ltp': '', 'perChg': '', 'stkId': 'QGF', 'displayLock': 'N', 'scanproflg': 1, 'scUrl': 'gold-etf/quantumgoldfund-exchangetradedfundetf/QGF', 'columns': [{'name': 'change %', 'value': '1.20'}, {'name': 'LTP', 'value': '119.39'}, {'name': 'Close Price value', 'value': '119.39'}, {'name': 'change absolute', 'value': '1.42'}]}",OHLC_D_I_NR4BULLBO,NR 4 Breakout,Four Bar Pattern,18,Range Breakout,NR4 is a 4-bar narrow range pattern. NR4 bullish breakout pattern scanner shows the list of stocks forming bullish breakout pattern after 4-bar consolidation.,,,False,1,N,,OHLC_D_I_NR4BULLBO
1784718917,"{'stkname': 'SBIETFCON', 'ltp': '', 'perChg': '', 'stkId': 'SBIET5168', 'displayLock': 'N', 'scanproflg': 1, 'scUrl': 'etf/sbietfconsumption/SBIET5168', 'columns': [{'name': 'change %', 'value': '0.08'}, {'name': 'LTP', 'value': '121.70'}, {'name': 'Close Price value', 'value': '121.70'}, {'name': 'change absolute', 'value': '0.10'}]}",OHLC_D_I_NR4BULLBO,NR 4 Breakout,Four Bar Pattern,18,Range Breakout,NR4 is a 4-bar narrow range pattern. NR4 bullish breakout pattern scanner shows the list of stocks forming bullish breakout pattern after 4-bar consolidation.,,,False,1,N,,OHLC_D_I_NR4BULLBO
1784718917,"{'stkname': 'MO Nifty PSE', 'ltp': '', 'perChg': '', 'stkId': 'MOPSE75743', 'displayLock': 'N', 'scanproflg': 1, 'scUrl': 'etf/motilaloswalniftypseetf/MOPSE75743', 'columns': [{'name': 'change %', 'value': '0.02'}, {'name': 'LTP', 'value': '101.70'}, {'name': 'Close Price value', 'value': '101.70'}, {'name': 'change absolute', 'value': '0.02'}]}",OHLC_D_I_NR4BULLBO,NR 4 Breakout,Four Bar Pattern,18,Range Breakout,NR4 is a 4-bar narrow range pattern. NR4 bullish breakout pattern scanner shows the list of stocks forming bullish breakout pattern after 4-bar consolidation.,,,False,1,N,,OHLC_D_I_NR4BULLBO
1784718917,"{'stkname': 'Kot Quality 30', 'ltp': '', 'perChg': '', 'stkId': 'KNQ', 'displayLock': 'N', 'scanproflg': 1, 'scUrl': 'etf/kotaknifty200quality30etf/KNQ', 'columns': [{'name': 'change %', 'value': '0.05'}, {'name': 'LTP', 'value': '20.52'}, {'name': 'Close Price value', 'value': '20.52'}, {'name': 'change absolute', 'value': '0.01'}]}",OHLC_D_I_NR4BULLBO,NR 4 Breakout,Four Bar Pattern,18,Range Breakout,NR4 is a 4-bar narrow range pattern. NR4 bullish breakout pattern scanner shows the list of stocks forming bullish breakout pattern after 4-bar consolidation.,,,False,1,N,,OHLC_D_I_NR4BULLBO
1784718917,"{'stkname': 'Axis NiftyHeal', 'ltp': '', 'perChg': '', 'stkId': 'AHE02', 'displayLock': 'N', 'scanproflg': 1, 'scUrl': 'etf/axisniftyhealthcareetf/AHE02', 'columns': [{'name': 'change %', 'value': '0.42'}, {'name': 'LTP', 'value': '169.00'}, {'name': 'Close Price value', 'value': '169.00'}, {'name': 'change absolute', 'value': '0.70'}]}",OHLC_D_I_NR4BULLBO,NR 4 Breakout,Four Bar Pattern,18,Range Breakout,NR4 is a 4-bar narrow range pattern. NR4 bullish breakout pattern scanner shows the list of stocks forming bullish breakout pattern after 4-bar consolidation.,,,False,1,N,,OHLC_D_I_NR4BULLBO
1784718917,"{'stkname': 'Digitide Solut', 'ltp': '', 'perChg': '', 'stkId': 'DSL03', 'displayLock': 'N', 'scanproflg': 1, 'scUrl': 'it-servicesconsulting/digitidesolutions/DSL02', 'columns': [{'name': 'change %', 'value': '0.78'}, {'name': 'LTP', 'value': '85.55'}, {'name': 'Close Price value', 'value': '85.55'}, {'name': 'change absolute', 'value': '0.66'}]}",OHLC_D_I_NR4BULLBO,NR 4 Breakout,Four Bar Pattern,18,Range Breakout,NR4 is a 4-bar narrow range pattern. NR4 bullish breakout pattern scanner shows the list of stocks forming bullish breakout pattern after 4-bar consolidation.,,,False,1,N,,OHLC_D_I_NR4BULLBO
1784718917,"{'stkname': 'Finkurve Fin', 'ltp': '', 'perChg': '', 'stkId': 'SL02', 'displayLock': 'N', 'scanproflg': 1, 'scUrl': 'finance-investments/finkurvefinancialservices/SL02', 'columns': [{'name': 'change %', 'value': '2.06'}, {'name': 'LTP', 'value': '55.45'}, {'name': 'Close Price value', 'value': '55.45'}, {'name': 'change absolute', 'value': '1.12'}]}",OHLC_D_I_NR4BULLBO,NR 4 Breakout,Four Bar Pattern,18,Range Breakout,NR4 is a 4-bar narrow range pattern. NR4 bullish breakout pattern scanner shows the list of stocks forming bullish breakout pattern after 4-bar consolidation.,,,False,1,N,,OHLC_D_I_NR4BULLBO
1784718917,"{'stkname': 'ABSL Top10 Bk', 'ltp': '', 'perChg': '', 'stkId': 'ABS06', 'displayLock': 'N', 'scanproflg': 1, 'scUrl': 'etf/adityabirlasunlifebsetop10banksetf/ABS06', 'columns': [{'name': 'change %', 'value': '4.05'}, {'name': 'Bollinger Band Indicator value', 'value': '178.88'}, {'name': 'LTP', 'value': '179.99'}]}",OHLC_D_I_ABVBOLUUPRBAND,Bollinger Band Breakout,"Stocks with a closing price above the upper Bollinger band (20,2).",18,Range Breakout,"Stocks with a closing price above the upper Bollinger band (20,2).",,,False,1,N,,OHLC_D_I_ABVBOLUUPRBAND
1784718917,"{'stkname': 'Rajputana Stain', 'ltp': '', 'perChg': '', 'stkId': 'RSL12', 'displayLock': 'N', 'scanproflg': 1, 'scUrl': 'ironsteel/rajputanastainless/RSL12', 'columns': [{'name': 'change %', 'value': '0.71'}, {'name': 'Bollinger Band Indicator value', 'value': '133.55'}, {'name': 'LTP', 'value': '133.99'}]}",OHLC_D_I_ABVBOLUUPRBAND,Bollinger Band Breakout,"Stocks with a closing price above the upper Bollinger band (20,2).",18,Range Breakout,"Stocks with a closing price above the upper Bollinger band (20,2).",,,False,1,N,,OHLC_D_I_ABVBOLUUPRBAND
1784718917,"{'stkname': 'Diligent Media ', 'ltp': '', 'perChg': '', 'stkId': 'DMC04', 'displayLock': 'N', 'scanproflg': 1, 'scUrl': 'mediaentertainment/diligentmediacorporationltd/DMC05', 'columns': [{'name': 'change %', 'value': '4.68'}, {'name': 'Bollinger Band Indicator value', 'value': '2.91'}, {'name': 'LTP', 'value': '2.91'}]}",OHLC_D_I_ABVBOLUUPRBAND,Bollinger Band Breakout,"Stocks with a closing price above the upper Bollinger band (20,2).",18,Range Breakout,"Stocks with a closing price above the upper Bollinger band (20,2).",,,False,1,N,,OHLC_D_I_ABVBOLUUPRBAND
1784718917,"{'stkname': 'Swan Defence', 'ltp': '', 'perChg': '', 'stkId': 'PS14', 'displayLock': 'N', 'scanproflg': 1, 'scUrl': 'shipping/swandefenceheavyindustries/PS04', 'columns': [{'name': 'change %', 'value': '3.37'}, {'name': 'Bollinger Band Indicator value', 'value': '2,374.04'}, {'name': 'LTP', 'value': '2,400.00'}]}",OHLC_D_I_ABVBOLUUPRBAND,Bollinger Band Breakout,"Stocks with a closing price above the upper Bollinger band (20,2).",18,Range Breakout,"Stocks with a closing price above the upper Bollinger band (20,2).",,,False,1,N,,OHLC_D_I_ABVBOLUUPRBAND
1784718917,"{'stkname': 'ADVAIT ENERGY', 'ltp': '', 'perChg': '', 'stkId': 'AIL05', 'displayLock': 'N', 'scanproflg': 1, 'scUrl': 'electrodeselectrical-equipments/advaitenergytransitions/AIL05', 'columns': [{'name': 'change %', 'value': '2.06'}, {'name': 'Bollinger Band Indicator value', 'value': '2,297.02'}, {'name': 'LTP', 'value': '2,298.00'}]}",OHLC_D_I_ABVBOLUUPRBAND,Bollinger Band Breakout,"Stocks with a closing price above the upper Bollinger band (20,2).",18,Range Breakout,"Stocks with a closing price above the upper Bollinger band (20,2).",,,False,1,N,,OHLC_D_I_ABVBOLUUPRBAND
1784718917,"{'stkname': 'CRISIL', 'ltp': '', 'perChg': '', 'stkId': 'CRI', 'displayLock': 'N', 'scanproflg': 1, 'scUrl': 'miscellaneous/crisil/CRI', 'columns': [{'name': 'change %', 'value': '4.57'}, {'name': 'Bollinger Band Indicator value', 'value': '4,466.45'}, {'name': 'LTP', 'value': '4,499.00'}]}",OHLC_D_I_ABVBOLUUPRBAND,Bollinger Band Breakout,"Stocks with a closing price above the upper Bollinger band (20,2).",18,Range Breakout,"Stocks with a closing price above the upper Bollinger band (20,2).",,,False,1,N,,OHLC_D_I_ABVBOLUUPRBAND
1784718917,"{'stkname': 'Wakefit Inno', 'ltp': '', 'perChg': '', 'stkId': 'WIL01', 'displayLock': 'N', 'scanproflg': 1, 'scUrl': 'householdpersonal-products/wakefitinnovations/WIL01', 'columns': [{'name': 'change %', 'value': '14.89'}, {'name': 'Bollinger Band Indicator value', 'value': '138.99'}, {'name': 'LTP', 'value': '142.55'}]}",OHLC_D_I_ABVBOLUUPRBAND,Bollinger Band Breakout,"Stocks with a closing price above the upper Bollinger band (20,2).",18,Range Breakout,"Stocks with a closing price above the upper Bollinger band (20,2).",,,False,1,N,,OHLC_D_I_ABVBOLUUPRBAND
1784718917,"{'stkname': 'Lenskart Solu', 'ltp': '', 'perChg': '', 'stkId': 'LSL', 'displayLock': 'N', 'scanproflg': 1, 'scUrl': 'retailing/lenskartsolutions/LSL', 'columns': [{'name': 'change %', 'value': '1.81'}, {'name': 'Bollinger Band Indicator value', 'value': '554.92'}, {'name': 'LTP', 'value': '559.00'}]}",OHLC_D_I_ABVBOLUUPRBAND,Bollinger Band Breakout,"Stocks with a closing price above the upper Bollinger band (20,2).",18,Range Breakout,"Stocks with a closing price above the upper Bollinger band (20,2).",,,False,1,N,,OHLC_D_I_ABVBOLUUPRBAND
1784718917,"{'stkname': 'Stallion India ', 'ltp': '', 'perChg': '', 'stkId': 'SIFL', 'displayLock': 'N', 'scanproflg': 1, 'scUrl': 'chemicals/stallionindiafluorochemicals/SIFL', 'columns': [{'name': 'change %', 'value': '2.32'}, {'name': 'Bollinger Band Indicator value', 'value': '250.42'}, {'name': 'LTP', 'value': '251.00'}]}",OHLC_D_I_ABVBOLUUPRBAND,Bollinger Band Breakout,"Stocks with a closing price above the upper Bollinger band (20,2).",18,Range Breakout,"Stocks with a closing price above the upper Bollinger band (20,2).",,,False,1,N,,OHLC_D_I_ABVBOLUUPRBAND
1784718917,"{'stkname': 'Sri Lotus Devel', 'ltp': '', 'perChg': '', 'stkId': 'SLDRL', 'displayLock': 'N', 'scanproflg': 1, 'scUrl': 'construction-residentialcommercial-complexes/srilotusdevelopersrealty/SLDRL', 'columns': [{'name': 'change %', 'value': '9.34'}, {'name': 'Bollinger Band Indicator value', 'value': '156.00'}, {'name': 'LTP', 'value': '162.00'}]}",OHLC_D_I_ABVBOLUUPRBAND,Bollinger Band Breakout,"Stocks with a closing price above the upper Bollinger band (20,2).",18,Range Breakout,"Stocks with a closing price above the upper Bollinger band (20,2).",,,False,1,N,,OHLC_D_I_ABVBOLUUPRBAND
1784718917,"{'stkname': 'Bluestone Jewel', 'ltp': '', 'perChg': '', 'stkId': 'BJL', 'displayLock': 'N', 'scanproflg': 1, 'scUrl': 'diamondjewellery/bluestonejewellerylifestyle/BJL', 'columns': [{'name': 'change %', 'value': '7.05'}, {'name': 'Bollinger Band Indicator value', 'value': '740.28'}, {'name': 'LTP', 'value': '780.00'}]}",OHLC_D_I_ABVBOLUUPRBAND,Bollinger Band Breakout,"Stocks with a closing price above the upper Bollinger band (20,2).",18,Range Breakout,"Stocks with a closing price above the upper Bollinger band (20,2).",,,False,1,N,,OHLC_D_I_ABVBOLUUPRBAND
1784718917,"{'stkname': 'Laxmi India Fin', 'ltp': '', 'perChg': '', 'stkId': 'LIF', 'displayLock': 'N', 'scanproflg': 1, 'scUrl': 'finance-nbfc/laxmiindiafinance/LIF', 'columns': [{'name': 'change %', 'value': '5.00'}, {'name': 'Bollinger Band Indicator value', 'value': '127.36'}, {'name': 'LTP', 'value': '129.81'}]}",OHLC_D_I_ABVBOLUUPRBAND,Bollinger Band Breakout,"Stocks with a closing price above the upper Bollinger band (20,2).",18,Range Breakout,"Stocks with a closing price above the upper Bollinger band (20,2).",,,False,1,N,,OHLC_D_I_ABVBOLUUPRBAND
1784718917,"{'stkname': 'Manba Finance', 'ltp': '', 'perChg': '', 'stkId': 'MFL08', 'displayLock': 'N', 'scanproflg': 1, 'scUrl': 'finance-investment/manbafinance/MFL08', 'columns': [{'name': 'change %', 'value': '0.39'}, {'name': 'Bollinger Band Indicator value', 'value': '140.36'}, {'name': 'LTP', 'value': '140.38'}]}",OHLC_D_I_ABVBOLUUPRBAND,Bollinger Band Breakout,"Stocks with a closing price above the upper Bollinger band (20,2).",18,Range Breakout,"Stocks with a closing price above the upper Bollinger band (20,2).",,,False,1,N,,OHLC_D_I_ABVBOLUUPRBAND
1784718917,"{'stkname': 'Sanathan Textil', 'ltp': '', 'perChg': '', 'stkId': 'STL09', 'displayLock': 'N', 'scanproflg': 1, 'scUrl': 'textiles/sanathantextiles/STL10', 'columns': [{'name': 'change %', 'value': '6.13'}, {'name': 'Bollinger Band Indicator value', 'value': '480.87'}, {'name': 'LTP', 'value': '496.00'}]}",OHLC_D_I_ABVBOLUUPRBAND,Bollinger Band Breakout,"Stocks with a closing price above the upper Bollinger band (20,2).",18,Range Breakout,"Stocks with a closing price above the upper Bollinger band (20,2).",,,False,1,N,,OHLC_D_I_ABVBOLUUPRBAND
1784718917,"{'stkname': 'United Brewerie', 'ltp': '', 'perChg': '', 'stkId': 'UBB', 'displayLock': 'N', 'scanproflg': 1, 'scUrl': 'breweriesdistilleries/unitedbreweries/UB02', 'columns': [{'name': 'change %', 'value': '1.61'}, {'name': 'Bollinger Band Indicator value', 'value': '1,413.32'}, {'name': 'LTP', 'value': '1,427.00'}]}",OHLC_D_I_ABVBOLUUPRBAND,Bollinger Band Breakout,"Stocks with a closing price above the upper Bollinger band (20,2).",18,Range Breakout,"Stocks with a closing price above the upper Bollinger band (20,2).",,,False,1,N,,OHLC_D_I_ABVBOLUUPRBAND
1784718917,"{'stkname': 'KCP Sugar', 'ltp': '', 'perChg': '', 'stkId': 'KCP01', 'displayLock': 'N', 'scanproflg': 1, 'scUrl': 'sugar/kcpsugarindcorp/KCP01', 'columns': [{'name': 'change %', 'value': '-2.98'}, {'name': 'Bollinger Band Indicator value', 'value': '25.00'}, {'name': 'LTP', 'value': '25.04'}]}",OHLC_D_I_ABVBOLUUPRBAND,Bollinger Band Breakout,"Stocks with a closing price above the upper Bollinger band (20,2).",18,Range Breakout,"Stocks with a closing price above the upper Bollinger band (20,2).",,,False,1,N,,OHLC_D_I_ABVBOLUUPRBAND
1784718917,"{'stkname': 'GlaxoSmithKline', 'ltp': '', 'perChg': '', 'stkId': 'GI', 'displayLock': 'N', 'scanproflg': 1, 'scUrl': 'pharmaceuticals/glaxosmithklinepharmaceuticals/GSK', 'columns': [{'name': 'change %', 'value': '1.89'}, {'name': 'Bollinger Band Indicator value', 'value': '2,547.54'}, {'name': 'LTP', 'value': '2,554.00'}]}",OHLC_D_I_ABVBOLUUPRBAND,Bollinger Band Breakout,"Stocks with a closing price above the upper Bollinger band (20,2).",18,Range Breakout,"Stocks with a closing price above the upper Bollinger band (20,2).",,,False,1,N,,OHLC_D_I_ABVBOLUUPRBAND
1784718917,"{'stkname': 'Astron Paper', 'ltp': '', 'perChg': '', 'stkId': 'APB', 'displayLock': 'N', 'scanproflg': 1, 'scUrl': 'paperforest-products/astronpaperboardmill/APB', 'columns': [{'name': 'change %', 'value': '4.85'}, {'name': 'Bollinger Band Indicator value', 'value': '4.00'}, {'name': 'LTP', 'value': '4.11'}]}",OHLC_D_I_ABVBOLUUPRBAND,Bollinger Band Breakout,"Stocks with a closing price above the upper Bollinger band (20,2).",18,Range Breakout,"Stocks with a closing price above the upper Bollinger band (20,2).",,,False,1,N,,OHLC_D_I_ABVBOLUUPRBAND
1784718917,"{'stkname': 'Rushil Decor', 'ltp': '', 'perChg': '', 'stkId': 'RD02', 'displayLock': 'N', 'scanproflg': 1, 'scUrl': 'woodwood-products/rushildecor/RD02', 'columns': [{'name': 'change %', 'value': '8.05'}, {'name': 'Bollinger Band Indicator value', 'value': '17.13'}, {'name': 'LTP', 'value': '17.59'}]}",OHLC_D_I_ABVBOLUUPRBAND,Bollinger Band Breakout,"Stocks with a closing price above the upper Bollinger band (20,2).",18,Range Breakout,"Stocks with a closing price above the upper Bollinger band (20,2).",,,False,1,N,,OHLC_D_I_ABVBOLUUPRBAND
1784718917,"{'stkname': 'Nilkamal', 'ltp': '', 'perChg': '', 'stkId': 'NP08', 'displayLock': 'N', 'scanproflg': 1, 'scUrl': 'plastics/nilkamal/NP08', 'columns': [{'name': 'change %', 'value': '2.50'}, {'name': 'Bollinger Band Indicator value', 'value': '1,586.17'}, {'name': 'LTP', 'value': '1,596.00'}]}",OHLC_D_I_ABVBOLUUPRBAND,Bollinger Band Breakout,"Stocks with a closing price above the upper Bollinger band (20,2).",18,Range Breakout,"Stocks with a closing price above the upper Bollinger band (20,2).",,,False,1,N,,OHLC_D_I_ABVBOLUUPRBAND
1784718917,"{'stkname': 'Nahar Poly Film', 'ltp': '', 'perChg': '', 'stkId': 'NE01', 'displayLock': 'N', 'scanproflg': 1, 'scUrl': 'textiles-spinning-cotton-blended/naharpolyfilms/NIH', 'columns': [{'name': 'change %', 'value': '4.11'}, {'name': 'Bollinger Band Indicator value', 'value': '268.01'}, {'name': 'LTP', 'value': '272.25'}]}",OHLC_D_I_ABVBOLUUPRBAND,Bollinger Band Breakout,"Stocks with a closing price above the upper Bollinger band (20,2).",18,Range Breakout,"Stocks with a closing price above the upper Bollinger band (20,2).",,,False,1,N,,OHLC_D_I_ABVBOLUUPRBAND
1784718917,"{'stkname': 'Orient Paper', 'ltp': '', 'perChg': '', 'stkId': 'OPI', 'displayLock': 'N', 'scanproflg': 1, 'scUrl': 'paperforest-products/orientpaperindustries/OPI', 'columns': [{'name': 'change %', 'value': '2.87'}, {'name': 'Bollinger Band Indicator value', 'value': '17.17'}, {'name': 'LTP', 'value': '17.21'}]}",OHLC_D_I_ABVBOLUUPRBAND,Bollinger Band Breakout,"Stocks with a closing price above the upper Bollinger band (20,2).",18,Range Breakout,"Stocks with a closing price above the upper Bollinger band (20,2).",,,False,1,N,,OHLC_D_I_ABVBOLUUPRBAND
1784718917,"{'stkname': 'Pudumjee Paper ', 'ltp': '', 'perChg': '', 'stkId': 'PPP04', 'displayLock': 'N', 'scanproflg': 1, 'scUrl': 'paper/pudumjeepaperproductslimited/PPP04', 'columns': [{'name': 'change %', 'value': '4.08'}, {'name': 'Bollinger Band Indicator value', 'value': '88.77'}, {'name': 'LTP', 'value': '90.10'}]}",OHLC_D_I_ABVBOLUUPRBAND,Bollinger Band Breakout,"Stocks with a closing price above the upper Bollinger band (20,2).",18,Range Breakout,"Stocks with a closing price above the upper Bollinger band (20,2).",,,False,1,N,,OHLC_D_I_ABVBOLUUPRBAND
1784718917,"{'stkname': 'MPS', 'ltp': '', 'perChg': '', 'stkId': 'MI31', 'displayLock': 'N', 'scanproflg': 1, 'scUrl': 'printingstationery/mps/MI31', 'columns': [{'name': 'change %', 'value': '20.00'}, {'name': 'Bollinger Band Indicator value', 'value': '2,371.03'}, {'name': 'LTP', 'value': '2,564.50'}]}",OHLC_D_I_ABVBOLUUPRBAND,Bollinger Band Breakout,"Stocks with a closing price above the upper Bollinger band (20,2).",18,Range Breakout,"Stocks with a closing price above the upper Bollinger band (20,2).",,,False,1,N,,OHLC_D_I_ABVBOLUUPRBAND
1784718917,"{'stkname': 'Star Paper', 'ltp': '', 'perChg': '', 'stkId': 'SPM04', 'displayLock': 'N', 'scanproflg': 1, 'scUrl': 'paper/starpapermills/SPM04', 'columns': [{'name': 'change %', 'value': '2.96'}, {'name': 'Bollinger Band Indicator value', 'value': '147.18'}, {'name': 'LTP', 'value': '147.98'}]}",OHLC_D_I_ABVBOLUUPRBAND,Bollinger Band Breakout,"Stocks with a closing price above the upper Bollinger band (20,2).",18,Range Breakout,"Stocks with a closing price above the upper Bollinger band (20,2).",,,False,1,N,,OHLC_D_I_ABVBOLUUPRBAND
1784718917,"{'stkname': 'Genus Paper', 'ltp': '', 'perChg': '', 'stkId': 'GPB', 'displayLock': 'N', 'scanproflg': 1, 'scUrl': 'paper/genuspaperboards/GPB', 'columns': [{'name': 'change %', 'value': '8.69'}, {'name': 'Bollinger Band Indicator value', 'value': '12.26'}, {'name': 'LTP', 'value': '12.51'}]}",OHLC_D_I_ABVBOLUUPRBAND,Bollinger Band Breakout,"Stocks with a closing price above the upper Bollinger band (20,2).",18,Range Breakout,"Stocks with a closing price above the upper Bollinger band (20,2).",,,False,1,N,,OHLC_D_I_ABVBOLUUPRBAND
1784718917,"{'stkname': 'Shalimar Paints', 'ltp': '', 'perChg': '', 'stkId': 'SP13', 'displayLock': 'N', 'scanproflg': 1, 'scUrl': 'paintsvarnishes/shalimarpaints/SP13', 'columns': [{'name': 'change %', 'value': '-2.97'}, {'name': 'Bollinger Band Indicator value', 'value': '66.89'}, {'name': 'LTP', 'value': '67.00'}]}",OHLC_D_I_ABVBOLUUPRBAND,Bollinger Band Breakout,"Stocks with a closing price above the upper Bollinger band (20,2).",18,Range Breakout,"Stocks with a closing price above the upper Bollinger band (20,2).",,,False,1,N,,OHLC_D_I_ABVBOLUUPRBAND
1784718917,"{'stkname': 'JK Paper', 'ltp': '', 'perChg': '', 'stkId': 'CPM01', 'displayLock': 'N', 'scanproflg': 1, 'scUrl': 'paper/jkpaper/JKP01', 'columns': [{'name': 'change %', 'value': '3.39'}, {'name': 'Bollinger Band Indicator value', 'value': '386.95'}, {'name': 'LTP', 'value': '388.70'}]}",OHLC_D_I_ABVBOLUUPRBAND,Bollinger Band Breakout,"Stocks with a closing price above the upper Bollinger band (20,2).",18,Range Breakout,"Stocks with a closing price above the upper Bollinger band (20,2).",,,False,1,N,,OHLC_D_I_ABVBOLUUPRBAND
1784718917,"{'stkname': 'Kuantum Papers', 'ltp': '', 'perChg': '', 'stkId': 'ABC06', 'displayLock': 'N', 'scanproflg': 1, 'scUrl': 'paper/kuantumpapers/ABC07', 'columns': [{'name': 'change %', 'value': '4.38'}, {'name': 'Bollinger Band Indicator value', 'value': '78.28'}, {'name': 'LTP', 'value': '78.90'}]}",OHLC_D_I_ABVBOLUUPRBAND,Bollinger Band Breakout,"Stocks with a closing price above the upper Bollinger band (20,2).",18,Range Breakout,"Stocks with a closing price above the upper Bollinger band (20,2).",,,False,1,N,,OHLC_D_I_ABVBOLUUPRBAND
1784718917,"{'stkname': 'Ruchira Papers', 'ltp': '', 'perChg': '', 'stkId': 'RP25', 'displayLock': 'N', 'scanproflg': 1, 'scUrl': 'paper/ruchirapapers/RP25', 'columns': [{'name': 'change %', 'value': '3.05'}, {'name': 'Bollinger Band Indicator value', 'value': '106.52'}, {'name': 'LTP', 'value': '107.06'}]}",OHLC_D_I_ABVBOLUUPRBAND,Bollinger Band Breakout,"Stocks with a closing price above the upper Bollinger band (20,2).",18,Range Breakout,"Stocks with a closing price above the upper Bollinger band (20,2).",,,False,1,N,,OHLC_D_I_ABVBOLUUPRBAND
1784718917,"{'stkname': 'Emami Paper', 'ltp': '', 'perChg': '', 'stkId': 'EPM01', 'displayLock': 'N', 'scanproflg': 1, 'scUrl': 'paper/emamipapermills/EPM01', 'columns': [{'name': 'change %', 'value': '20.00'}, {'name': 'Bollinger Band Indicator value', 'value': '108.88'}, {'name': 'LTP', 'value': '118.63'}]}",OHLC_D_I_ABVBOLUUPRBAND,Bollinger Band Breakout,"Stocks with a closing price above the upper Bollinger band (20,2).",18,Range Breakout,"Stocks with a closing price above the upper Bollinger band (20,2).",,,False,1,N,,OHLC_D_I_ABVBOLUUPRBAND
1784718917,"{'stkname': 'Huhtamaki India', 'ltp': '', 'perChg': '', 'stkId': 'PP', 'displayLock': 'N', 'scanproflg': 1, 'scUrl': 'packaging/huhtamakiindia/PP', 'columns': [{'name': 'change %', 'value': '9.98'}, {'name': 'Bollinger Band Indicator value', 'value': '278.21'}, {'name': 'LTP', 'value': '290.56'}]}",OHLC_D_I_ABVBOLUUPRBAND,Bollinger Band Breakout,"Stocks with a closing price above the upper Bollinger band (20,2).",18,Range Breakout,"Stocks with a closing price above the upper Bollinger band (20,2).",,,False,1,N,,OHLC_D_I_ABVBOLUUPRBAND
1784718917,"{'stkname': 'Castrol', 'ltp': '', 'perChg': '', 'stkId': 'CI01', 'displayLock': 'N', 'scanproflg': 1, 'scUrl': 'lubricants/castrolindia/CI01', 'columns': [{'name': 'change %', 'value': '0.55'}, {'name': 'Bollinger Band Indicator value', 'value': '185.46'}, {'name': 'LTP', 'value': '185.80'}]}",OHLC_D_I_ABVBOLUUPRBAND,Bollinger Band Breakout,"Stocks with a closing price above the upper Bollinger band (20,2).",18,Range Breakout,"Stocks with a closing price above the upper Bollinger band (20,2).",,,False,1,N,,OHLC_D_I_ABVBOLUUPRBAND
1784718917,"{'stkname': 'HOEC', 'ltp': '', 'perChg': '', 'stkId': 'HOE01', 'displayLock': 'N', 'scanproflg': 1, 'scUrl': 'oil-drillingexploration/hindustanoilexplorationcompany/HOE01', 'columns': [{'name': 'change %', 'value': '1.08'}, {'name': 'Bollinger Band Indicator value', 'value': '164.16'}, {'name': 'LTP', 'value': '164.20'}]}",OHLC_D_I_ABVBOLUUPRBAND,Bollinger Band Breakout,"Stocks with a closing price above the upper Bollinger band (20,2).",18,Range Breakout,"Stocks with a closing price above the upper Bollinger band (20,2).",,,False,1,N,,OHLC_D_I_ABVBOLUUPRBAND
1784718917,"{'stkname': 'Uflex', 'ltp': '', 'perChg': '', 'stkId': 'FI08', 'displayLock': 'N', 'scanproflg': 1, 'scUrl': 'packaging/uflex/U01', 'columns': [{'name': 'change %', 'value': '12.80'}, {'name': 'Bollinger Band Indicator value', 'value': '476.98'}, {'name': 'LTP', 'value': '496.00'}]}",OHLC_D_I_ABVBOLUUPRBAND,Bollinger Band Breakout,"Stocks with a closing price above the upper Bollinger band (20,2).",18,Range Breakout,"Stocks with a closing price above the upper Bollinger band (20,2).",,,False,1,N,,OHLC_D_I_ABVBOLUUPRBAND
1784718917,"{'stkname': 'Greenply Ind', 'ltp': '', 'perChg': '', 'stkId': 'GI19', 'displayLock': 'N', 'scanproflg': 1, 'scUrl': 'miscellaneous/greenplyindustries/GI19', 'columns': [{'name': 'change %', 'value': '2.94'}, {'name': 'Bollinger Band Indicator value', 'value': '329.11'}, {'name': 'LTP', 'value': '332.70'}]}",OHLC_D_I_ABVBOLUUPRBAND,Bollinger Band Breakout,"Stocks with a closing price above the upper Bollinger band (20,2).",18,Range Breakout,"Stocks with a closing price above the upper Bollinger band (20,2).",,,False,1,N,,OHLC_D_I_ABVBOLUUPRBAND
1784718917,"{'stkname': 'Chennai Petro', 'ltp': '', 'perChg': '', 'stkId': 'MR', 'displayLock': 'N', 'scanproflg': 1, 'scUrl': 'refineries/chennaipetroleumcorporation/CPC02', 'columns': [{'name': 'change %', 'value': '4.28'}, {'name': 'Bollinger Band Indicator value', 'value': '1,304.60'}, {'name': 'LTP', 'value': '1,312.00'}]}",OHLC_D_I_ABVBOLUUPRBAND,Bollinger Band Breakout,"Stocks with a closing price above the upper Bollinger band (20,2).",18,Range Breakout,"Stocks with a closing price above the upper Bollinger band (20,2).",,,False,1,N,,OHLC_D_I_ABVBOLUUPRBAND
1784718917,"{'stkname': 'Incredible Ind', 'ltp': '', 'perChg': '', 'stkId': 'AI61', 'displayLock': 'N', 'scanproflg': 1, 'scUrl': 'steel-mediumsmall/incredibleindustries/AI67', 'columns': [{'name': 'change %', 'value': '5.78'}, {'name': 'Bollinger Band Indicator value', 'value': '34.40'}, {'name': 'LTP', 'value': '34.60'}]}",OHLC_D_I_ABVBOLUUPRBAND,Bollinger Band Breakout,"Stocks with a closing price above the upper Bollinger band (20,2).",18,Range Breakout,"Stocks with a closing price above the upper Bollinger band (20,2).",,,False,1,N,,OHLC_D_I_ABVBOLUUPRBAND
1784718917,"{'stkname': 'Kaya', 'ltp': '', 'perChg': '', 'stkId': 'K03', 'displayLock': 'N', 'scanproflg': 1, 'scUrl': 'miscellaneous/kaya/K03', 'columns': [{'name': 'change %', 'value': '11.21'}, {'name': 'Bollinger Band Indicator value', 'value': '261.63'}, {'name': 'LTP', 'value': '272.59'}]}",OHLC_D_I_ABVBOLUUPRBAND,Bollinger Band Breakout,"Stocks with a closing price above the upper Bollinger band (20,2).",18,Range Breakout,"Stocks with a closing price above the upper Bollinger band (20,2).",,,False,1,N,,OHLC_D_I_ABVBOLUUPRBAND
1784718917,"{'stkname': 'Stylam Ind', 'ltp': '', 'perChg': '', 'stkId': 'GL02', 'displayLock': 'N', 'scanproflg': 1, 'scUrl': 'miscellaneous/stylamindustries/GL02', 'columns': [{'name': 'change %', 'value': '5.34'}, {'name': 'Bollinger Band Indicator value', 'value': '3,619.85'}, {'name': 'LTP', 'value': '3,698.00'}]}",OHLC_D_I_ABVBOLUUPRBAND,Bollinger Band Breakout,"Stocks with a closing price above the upper Bollinger band (20,2).",18,Range Breakout,"Stocks with a closing price above the upper Bollinger band (20,2).",,,False,1,N,,OHLC_D_I_ABVBOLUUPRBAND
1784718917,"{'stkname': 'Ritco Logistics', 'ltp': '', 'perChg': '', 'stkId': 'RL06', 'displayLock': 'N', 'scanproflg': 1, 'scUrl': 'transportlogistics/ritcologistics/RL06', 'columns': [{'name': 'change %', 'value': '3.63'}, {'name': 'Bollinger Band Indicator value', 'value': '288.24'}, {'name': 'LTP', 'value': '289.95'}]}",OHLC_D_I_ABVBOLUUPRBAND,Bollinger Band Breakout,"Stocks with a closing price above the upper Bollinger band (20,2).",18,Range Breakout,"Stocks with a closing price above the upper Bollinger band (20,2).",,,False,1,N,,OHLC_D_I_ABVBOLUUPRBAND
1784718917,"{'stkname': '3i Infotech', 'ltp': '', 'perChg': '', 'stkId': 'I11', 'displayLock': 'N', 'scanproflg': 1, 'scUrl': 'computers-software/3iinfotech/I11', 'columns': [{'name': 'change %', 'value': '4.13'}, {'name': 'Bollinger Band Indicator value', 'value': '19.65'}, {'name': 'LTP', 'value': '19.91'}]}",OHLC_D_I_ABVBOLUUPRBAND,Bollinger Band Breakout,"Stocks with a closing price above the upper Bollinger band (20,2).",18,Range Breakout,"Stocks with a closing price above the upper Bollinger band (20,2).",,,False,1,N,,OHLC_D_I_ABVBOLUUPRBAND
1784718917,"{'stkname': 'Sheetal Cool Pr', 'ltp': '', 'perChg': '', 'stkId': 'SCP02', 'displayLock': 'N', 'scanproflg': 1, 'scUrl': 'food-processing/sheetalcoolproducts/SCP', 'columns': [{'name': 'change %', 'value': '6.63'}, {'name': 'Bollinger Band Indicator value', 'value': '565.86'}, {'name': 'LTP', 'value': '584.05'}]}",OHLC_D_I_ABVBOLUUPRBAND,Bollinger Band Breakout,"Stocks with a closing price above the upper Bollinger band (20,2).",18,Range Breakout,"Stocks with a closing price above the upper Bollinger band (20,2).",,,False,1,N,,OHLC_D_I_ABVBOLUUPRBAND
1784718917,"{'stkname': 'IIFL Capital ', 'ltp': '', 'perChg': '', 'stkId': 'IIFLS54277', 'displayLock': 'N', 'scanproflg': 1, 'scUrl': 'finance-investment/iiflcapitalservices/IIFLS54277', 'columns': [{'name': 'change %', 'value': '0.82'}, {'name': 'Bollinger Band Indicator value', 'value': '341.34'}, {'name': 'LTP', 'value': '342.60'}]}",OHLC_D_I_ABVBOLUUPRBAND,Bollinger Band Breakout,"Stocks with a closing price above the upper Bollinger band (20,2).",18,Range Breakout,"Stocks with a closing price above the upper Bollinger band (20,2).",,,False,1,N,,OHLC_D_I_ABVBOLUUPRBAND
1784718917,"{'stkname': 'MM Financial', 'ltp': '', 'perChg': '', 'stkId': 'MMF04', 'displayLock': 'N', 'scanproflg': 1, 'scUrl': 'finance-nbfc/mahindramahindrafinancialservices/MMF04', 'columns': [{'name': 'change %', 'value': '7.60'}, {'name': 'Bollinger Band Indicator value', 'value': '363.25'}, {'name': 'LTP', 'value': '376.45'}]}",OHLC_D_I_ABVBOLUUPRBAND,Bollinger Band Breakout,"Stocks with a closing price above the upper Bollinger band (20,2).",18,Range Breakout,"Stocks with a closing price above the upper Bollinger band (20,2).",,,False,1,N,,OHLC_D_I_ABVBOLUUPRBAND
1784718917,"{'stkname': 'Capital Trust', 'ltp': '', 'perChg': '', 'stkId': 'CT', 'displayLock': 'N', 'scanproflg': 1, 'scUrl': 'finance-leasinghire-purchase/capitaltrust/CT', 'columns': [{'name': 'change %', 'value': '4.98'}, {'name': 'Bollinger Band Indicator value', 'value': '14.97'}, {'name': 'LTP', 'value': '15.40'}]}",OHLC_D_I_ABVBOLUUPRBAND,Bollinger Band Breakout,"Stocks with a closing price above the upper Bollinger band (20,2).",18,Range Breakout,"Stocks with a closing price above the upper Bollinger band (20,2).",,,False,1,N,,OHLC_D_I_ABVBOLUUPRBAND
1784718917,"{'stkname': 'Mold Tek Tech', 'ltp': '', 'perChg': '', 'stkId': 'MTP01', 'displayLock': 'N', 'scanproflg': 1, 'scUrl': 'bpoites/moldtektechnologies/MTT01', 'columns': [{'name': 'change %', 'value': '1.55'}, {'name': 'Bollinger Band Indicator value', 'value': '131.64'}, {'name': 'LTP', 'value': '132.00'}]}",OHLC_D_I_ABVBOLUUPRBAND,Bollinger Band Breakout,"Stocks with a closing price above the upper Bollinger band (20,2).",18,Range Breakout,"Stocks with a closing price above the upper Bollinger band (20,2).",,,False,1,N,,OHLC_D_I_ABVBOLUUPRBAND
1784718917,"{'stkname': 'Shivalik Rasa', 'ltp': '', 'perChg': '', 'stkId': 'SR07', 'displayLock': 'N', 'scanproflg': 1, 'scUrl': 'pesticidesagrochemicals/shivalikrasayan/SR9', 'columns': [{'name': 'change %', 'value': '5.00'}, {'name': 'Bollinger Band Indicator value', 'value': '237.67'}, {'name': 'LTP', 'value': '242.34'}]}",OHLC_D_I_ABVBOLUUPRBAND,Bollinger Band Breakout,"Stocks with a closing price above the upper Bollinger band (20,2).",18,Range Breakout,"Stocks with a closing price above the upper Bollinger band (20,2).",,,False,1,N,,OHLC_D_I_ABVBOLUUPRBAND
1784718917,"{'stkname': 'Excel', 'ltp': '', 'perChg': '', 'stkId': 'EI10', 'displayLock': 'N', 'scanproflg': 1, 'scUrl': 'chemicals/excelindustries/EI10', 'columns': [{'name': 'change %', 'value': '1.23'}, {'name': 'Bollinger Band Indicator value', 'value': '942.26'}, {'name': 'LTP', 'value': '949.70'}]}",OHLC_D_I_ABVBOLUUPRBAND,Bollinger Band Breakout,"Stocks with a closing price above the upper Bollinger band (20,2).",18,Range Breakout,"Stocks with a closing price above the upper Bollinger band (20,2).",,,False,1,N,,OHLC_D_I_ABVBOLUUPRBAND
1784718917,"{'stkname': 'ICE Make Refrig', 'ltp': '', 'perChg': '', 'stkId': 'IMR', 'displayLock': 'N', 'scanproflg': 1, 'scUrl': 'miscellaneous/icemakerefrigeration/IMR', 'columns': [{'name': 'change %', 'value': '4.92'}, {'name': 'Bollinger Band Indicator value', 'value': '867.23'}, {'name': 'LTP', 'value': '880.00'}]}",OHLC_D_I_ABVBOLUUPRBAND,Bollinger Band Breakout,"Stocks with a closing price above the upper Bollinger band (20,2).",18,Range Breakout,"Stocks with a closing price above the upper Bollinger band (20,2).",,,False,1,N,,OHLC_D_I_ABVBOLUUPRBAND
1784718917,"{'stkname': 'Cyient DLM', 'ltp': '', 'perChg': '', 'stkId': 'CD06', 'displayLock': 'N', 'scanproflg': 1, 'scUrl': 'electric-equipment/cyientdlm/CD02', 'columns': [{'name': 'change %', 'value': '11.56'}, {'name': 'Bollinger Band Indicator value', 'value': '663.74'}, {'name': 'LTP', 'value': '695.00'}]}",OHLC_D_I_ABVBOLUUPRBAND,Bollinger Band Breakout,"Stocks with a closing price above the upper Bollinger band (20,2).",18,Range Breakout,"Stocks with a closing price above the upper Bollinger band (20,2).",,,False,1,N,,OHLC_D_I_ABVBOLUUPRBAND
1784718917,"{'stkname': 'Data Patterns', 'ltp': '', 'perChg': '', 'stkId': 'DPI01', 'displayLock': 'N', 'scanproflg': 1, 'scUrl': 'aerospacedefence/datapatternsindia/DPI01', 'columns': [{'name': 'change %', 'value': '11.85'}, {'name': 'Bollinger Band Indicator value', 'value': '4,685.59'}, {'name': 'LTP', 'value': '4,746.70'}]}",OHLC_D_I_ABVBOLUUPRBAND,Bollinger Band Breakout,"Stocks with a closing price above the upper Bollinger band (20,2).",18,Range Breakout,"Stocks with a closing price above the upper Bollinger band (20,2).",,,False,1,N,,OHLC_D_I_ABVBOLUUPRBAND
1784718917,"{'stkname': 'P N Gadgil', 'ltp': '', 'perChg': '', 'stkId': 'GJL', 'displayLock': 'N', 'scanproflg': 1, 'scUrl': 'diamondjewellery/pngadgiljewellers/GJL', 'columns': [{'name': 'change %', 'value': '6.20'}, {'name': 'Bollinger Band Indicator value', 'value': '624.17'}, {'name': 'LTP', 'value': '638.00'}]}",OHLC_D_I_ABVBOLUUPRBAND,Bollinger Band Breakout,"Stocks with a closing price above the upper Bollinger band (20,2).",18,Range Breakout,"Stocks with a closing price above the upper Bollinger band (20,2).",,,False,1,N,,OHLC_D_I_ABVBOLUUPRBAND
1784718917,"{'stkname': 'Meghmani Organi', 'ltp': '', 'perChg': '', 'stkId': 'MO04', 'displayLock': 'N', 'scanproflg': 1, 'scUrl': 'pesticidesagro-chemicals/meghmaniorganics/MO04', 'columns': [{'name': 'change %', 'value': '2.21'}, {'name': 'Bollinger Band Indicator value', 'value': '54.54'}, {'name': 'LTP', 'value': '55.60'}]}",OHLC_D_I_ABVBOLUUPRBAND,Bollinger Band Breakout,"Stocks with a closing price above the upper Bollinger band (20,2).",18,Range Breakout,"Stocks with a closing price above the upper Bollinger band (20,2).",,,False,1,N,,OHLC_D_I_ABVBOLUUPRBAND
1784718917,"{'stkname': 'Asahi Songwon', 'ltp': '', 'perChg': '', 'stkId': 'ASC01', 'displayLock': 'N', 'scanproflg': 1, 'scUrl': 'dyespigments/asahisongwoncolors/ASC01', 'columns': [{'name': 'change %', 'value': '12.37'}, {'name': 'Bollinger Band Indicator value', 'value': '296.51'}, {'name': 'LTP', 'value': '302.00'}]}",OHLC_D_I_ABVBOLUUPRBAND,Bollinger Band Breakout,"Stocks with a closing price above the upper Bollinger band (20,2).",18,Range Breakout,"Stocks with a closing price above the upper Bollinger band (20,2).",,,False,1,N,,OHLC_D_I_ABVBOLUUPRBAND
1784718917,"{'stkname': 'Yasho Ind.', 'ltp': '', 'perChg': '', 'stkId': 'YIL01', 'displayLock': 'N', 'scanproflg': 1, 'scUrl': 'chemicals/yashoindustries/YIL01', 'columns': [{'name': 'change %', 'value': '2.30'}, {'name': 'Bollinger Band Indicator value', 'value': '3,212.93'}, {'name': 'LTP', 'value': '3,220.00'}]}",OHLC_D_I_ABVBOLUUPRBAND,Bollinger Band Breakout,"Stocks with a closing price above the upper Bollinger band (20,2).",18,Range Breakout,"Stocks with a closing price above the upper Bollinger band (20,2).",,,False,1,N,,OHLC_D_I_ABVBOLUUPRBAND
1784718917,"{'stkname': 'Indo Amines', 'ltp': '', 'perChg': '', 'stkId': 'IA', 'displayLock': 'N', 'scanproflg': 1, 'scUrl': 'chemicals/indoamines/IA', 'columns': [{'name': 'change %', 'value': '3.84'}, {'name': 'Bollinger Band Indicator value', 'value': '131.23'}, {'name': 'LTP', 'value': '131.60'}]}",OHLC_D_I_ABVBOLUUPRBAND,Bollinger Band Breakout,"Stocks with a closing price above the upper Bollinger band (20,2).",18,Range Breakout,"Stocks with a closing price above the upper Bollinger band (20,2).",,,False,1,N,,OHLC_D_I_ABVBOLUUPRBAND
1784718917,"{'stkname': 'TVS Holdings', 'ltp': '', 'perChg': '', 'stkId': 'SC', 'displayLock': 'N', 'scanproflg': 1, 'scUrl': 'auto-ancillaries/tvsholdings/SC', 'columns': [{'name': 'change %', 'value': '4.32'}, {'name': 'Bollinger Band Indicator value', 'value': '14,616.07'}, {'name': 'LTP', 'value': '14,851.00'}]}",OHLC_D_I_ABVBOLUUPRBAND,Bollinger Band Breakout,"Stocks with a closing price above the upper Bollinger band (20,2).",18,Range Breakout,"Stocks with a closing price above the upper Bollinger band (20,2).",,,False,1,N,,OHLC_D_I_ABVBOLUUPRBAND
1784718917,"{'stkname': 'Fairchem Org.', 'ltp': '', 'perChg': '', 'stkId': 'FO01', 'displayLock': 'N', 'scanproflg': 1, 'scUrl': 'speciality-chemicals/fairchemorganics/FO01', 'columns': [{'name': 'change %', 'value': '5.00'}, {'name': 'Bollinger Band Indicator value', 'value': '733.22'}, {'name': 'LTP', 'value': '737.30'}]}",OHLC_D_I_ABVBOLUUPRBAND,Bollinger Band Breakout,"Stocks with a closing price above the upper Bollinger band (20,2).",18,Range Breakout,"Stocks with a closing price above the upper Bollinger band (20,2).",,,False,1,N,,OHLC_D_I_ABVBOLUUPRBAND
1784718917,"{'stkname': 'Kanoria Chem', 'ltp': '', 'perChg': '', 'stkId': 'KCI01', 'displayLock': 'N', 'scanproflg': 1, 'scUrl': 'chemicals/kanoriachemicalsindustries/KCI01', 'columns': [{'name': 'change %', 'value': '1.77'}, {'name': 'Bollinger Band Indicator value', 'value': '154.33'}, {'name': 'LTP', 'value': '154.90'}]}",OHLC_D_I_ABVBOLUUPRBAND,Bollinger Band Breakout,"Stocks with a closing price above the upper Bollinger band (20,2).",18,Range Breakout,"Stocks with a closing price above the upper Bollinger band (20,2).",,,False,1,N,,OHLC_D_I_ABVBOLUUPRBAND
1784718917,"{'stkname': 'Diamond Power', 'ltp': '', 'perChg': '', 'stkId': 'DC05', 'displayLock': 'N', 'scanproflg': 1, 'scUrl': 'cables-powerothers/diamondpowerinfrastructure/DC05', 'columns': [{'name': 'change %', 'value': '0.00'}, {'name': 'Bollinger Band Indicator value', 'value': '266.83'}, {'name': 'LTP', 'value': '269.08'}]}",OHLC_D_I_ABVBOLUUPRBAND,Bollinger Band Breakout,"Stocks with a closing price above the upper Bollinger band (20,2).",18,Range Breakout,"Stocks with a closing price above the upper Bollinger band (20,2).",,,False,1,N,,OHLC_D_I_ABVBOLUUPRBAND
1784718917,"{'stkname': 'J. K. Cement', 'ltp': '', 'perChg': '', 'stkId': 'JKC03', 'displayLock': 'N', 'scanproflg': 1, 'scUrl': 'cement-major/jkcement/JKC03', 'columns': [{'name': 'change %', 'value': '1.36'}, {'name': 'Bollinger Band Indicator value', 'value': '5,673.93'}, {'name': 'LTP', 'value': '5,735.00'}]}",OHLC_D_I_ABVBOLUUPRBAND,Bollinger Band Breakout,"Stocks with a closing price above the upper Bollinger band (20,2).",18,Range Breakout,"Stocks with a closing price above the upper Bollinger band (20,2).",,,False,1,N,,OHLC_D_I_ABVBOLUUPRBAND
1784718917,"{'stkname': 'E2E Networks', 'ltp': '', 'perChg': '', 'stkId': 'EN', 'displayLock': 'N', 'scanproflg': 1, 'scUrl': 'it-servicesconsulting/e2enetworks/EN', 'columns': [{'name': 'change %', 'value': '5.00'}, {'name': 'Bollinger Band Indicator value', 'value': '441.73'}, {'name': 'LTP', 'value': '446.40'}]}",OHLC_D_I_ABVBOLUUPRBAND,Bollinger Band Breakout,"Stocks with a closing price above the upper Bollinger band (20,2).",18,Range Breakout,"Stocks with a closing price above the upper Bollinger band (20,2).",,,False,1,N,,OHLC_D_I_ABVBOLUUPRBAND
1784718917,"{'stkname': 'Mahindra Logist', 'ltp': '', 'perChg': '', 'stkId': 'ML12', 'displayLock': 'N', 'scanproflg': 1, 'scUrl': 'diversified/mahindralogistics/ML04', 'columns': [{'name': 'change %', 'value': '3.03'}, {'name': 'Bollinger Band Indicator value', 'value': '401.82'}, {'name': 'LTP', 'value': '403.00'}]}",OHLC_D_I_ABVBOLUUPRBAND,Bollinger Band Breakout,"Stocks with a closing price above the upper Bollinger band (20,2).",18,Range Breakout,"Stocks with a closing price above the upper Bollinger band (20,2).",,,False,1,N,,OHLC_D_I_ABVBOLUUPRBAND
1784718917,"{'stkname': 'Exide Ind', 'ltp': '', 'perChg': '', 'stkId': 'EI', 'displayLock': 'N', 'scanproflg': 1, 'scUrl': 'auto-ancillaries/exideindustries/EI', 'columns': [{'name': 'change %', 'value': '0.88'}, {'name': 'Bollinger Band Indicator value', 'value': '446.95'}, {'name': 'LTP', 'value': '447.35'}]}",OHLC_D_I_ABVBOLUUPRBAND,Bollinger Band Breakout,"Stocks with a closing price above the upper Bollinger band (20,2).",18,Range Breakout,"Stocks with a closing price above the upper Bollinger band (20,2).",,,False,1,N,,OHLC_D_I_ABVBOLUUPRBAND
1784718917,"{'stkname': 'Bajaj Auto', 'ltp': '', 'perChg': '', 'stkId': 'BA06', 'displayLock': 'N', 'scanproflg': 1, 'scUrl': 'auto-23-wheelers/bajajauto/BA10', 'columns': [{'name': 'change %', 'value': '5.92'}, {'name': 'Bollinger Band Indicator value', 'value': '10,814.48'}, {'name': 'LTP', 'value': '11,019.00'}]}",OHLC_D_I_ABVBOLUUPRBAND,Bollinger Band Breakout,"Stocks with a closing price above the upper Bollinger band (20,2).",18,Range Breakout,"Stocks with a closing price above the upper Bollinger band (20,2).",,,False,1,N,,OHLC_D_I_ABVBOLUUPRBAND
1784718917,"{'stkname': 'TVS Motor', 'ltp': '', 'perChg': '', 'stkId': 'TVS', 'displayLock': 'N', 'scanproflg': 1, 'scUrl': 'auto-23-wheelers/tvsmotorcompany/TVS', 'columns': [{'name': 'change %', 'value': '3.24'}, {'name': 'Bollinger Band Indicator value', 'value': '3,852.33'}, {'name': 'LTP', 'value': '3,915.00'}]}",OHLC_D_I_ABVBOLUUPRBAND,Bollinger Band Breakout,"Stocks with a closing price above the upper Bollinger band (20,2).",18,Range Breakout,"Stocks with a closing price above the upper Bollinger band (20,2).",,,False,1,N,,OHLC_D_I_ABVBOLUUPRBAND
1784718917,"{'stkname': 'Nestle', 'ltp': '', 'perChg': '', 'stkId': 'NI', 'displayLock': 'N', 'scanproflg': 1, 'scUrl': 'food-processing/nestleindia/NI', 'columns': [{'name': 'change %', 'value': '3.24'}, {'name': 'Bollinger Band Indicator value', 'value': '1,494.29'}, {'name': 'LTP', 'value': '1,499.00'}]}",OHLC_D_I_ABVBOLUUPRBAND,Bollinger Band Breakout,"Stocks with a closing price above the upper Bollinger band (20,2).",18,Range Breakout,"Stocks with a closing price above the upper Bollinger band (20,2).",,,False,1,N,,OHLC_D_I_ABVBOLUUPRBAND
1784718917,"{'stkname': 'IndusInd Bank', 'ltp': '', 'perChg': '', 'stkId': 'IIB', 'displayLock': 'N', 'scanproflg': 1, 'scUrl': 'banks-private-sector/indusindbank/IIB', 'columns': [{'name': 'change %', 'value': '0.80'}, {'name': 'Bollinger Band Indicator value', 'value': '1,065.93'}, {'name': 'LTP', 'value': '1,072.00'}]}",OHLC_D_I_ABVBOLUUPRBAND,Bollinger Band Breakout,"Stocks with a closing price above the upper Bollinger band (20,2).",18,Range Breakout,"Stocks with a closing price above the upper Bollinger band (20,2).",,,False,1,N,,OHLC_D_I_ABVBOLUUPRBAND
1784718917,"{'stkname': 'Karur Vysya', 'ltp': '', 'perChg': '', 'stkId': 'KVB', 'displayLock': 'N', 'scanproflg': 1, 'scUrl': 'banks-private-sector/karurvysyabank/KVB', 'columns': [{'name': 'change %', 'value': '-0.68'}, {'name': 'Bollinger Band Indicator value', 'value': '335.99'}, {'name': 'LTP', 'value': '338.00'}]}",OHLC_D_I_ABVBOLUUPRBAND,Bollinger Band Breakout,"Stocks with a closing price above the upper Bollinger band (20,2).",18,Range Breakout,"Stocks with a closing price above the upper Bollinger band (20,2).",,,False,1,N,,OHLC_D_I_ABVBOLUUPRBAND
1784718917,"{'stkname': 'Radico Khaitan', 'ltp': '', 'perChg': '', 'stkId': 'RK01', 'displayLock': 'N', 'scanproflg': 1, 'scUrl': 'breweriesdistilleries/radicokhaitan/RK01', 'columns': [{'name': 'change %', 'value': '1.56'}, {'name': 'Bollinger Band Indicator value', 'value': '4,148.86'}, {'name': 'LTP', 'value': '4,152.20'}]}",OHLC_D_I_ABVBOLUUPRBAND,Bollinger Band Breakout,"Stocks with a closing price above the upper Bollinger band (20,2).",18,Range Breakout,"Stocks with a closing price above the upper Bollinger band (20,2).",,,False,1,N,,OHLC_D_I_ABVBOLUUPRBAND
1784718917,"{'stkname': 'ICICI SMALLIETF', 'ltp': '', 'perChg': '', 'stkId': 'IPN07', 'displayLock': 'N', 'scanproflg': 1, 'scUrl': 'etf/iciciprudentialniftysmallcap250etf/IPN07', 'columns': [{'name': 'change %', 'value': '1.65'}, {'name': 'Bollinger Band Indicator value', 'value': '18.45'}, {'name': 'LTP', 'value': '18.45'}]}",OHLC_D_I_ABVBOLUUPRBAND,Bollinger Band Breakout,"Stocks with a closing price above the upper Bollinger band (20,2).",18,Range Breakout,"Stocks with a closing price above the upper Bollinger band (20,2).",,,False,1,N,,OHLC_D_I_ABVBOLUUPRBAND
1784718917,"{'stkname': 'Ipru BSELiquid', 'ltp': '', 'perChg': '', 'stkId': 'ICICI4838', 'displayLock': 'N', 'scanproflg': 1, 'scUrl': 'etf/iciciprudentialbseliquidrateetf-idcw/ICICI4838', 'columns': [{'name': 'change %', 'value': '0.00'}, {'name': 'Bollinger Band Indicator value', 'value': '1,000.00'}, {'name': 'LTP', 'value': '1,000.00'}]}",OHLC_D_I_ABVBOLUUPRBAND,Bollinger Band Breakout,"Stocks with a closing price above the upper Bollinger band (20,2).",18,Range Breakout,"Stocks with a closing price above the upper Bollinger band (20,2).",,,False,1,N,,OHLC_D_I_ABVBOLUUPRBAND
1784718917,"{'stkname': 'Mirae Liquid', 'ltp': '', 'perChg': '', 'stkId': 'LIQUI17572', 'displayLock': 'N', 'scanproflg': 1, 'scUrl': 'etf/miraeassetnifty1drateliquidetf/LIQUI17572', 'columns': [{'name': 'change %', 'value': '0.00'}, {'name': 'Bollinger Band Indicator value', 'value': '1,000.00'}, {'name': 'LTP', 'value': '1,000.00'}]}",OHLC_D_I_ABVBOLUUPRBAND,Bollinger Band Breakout,"Stocks with a closing price above the upper Bollinger band (20,2).",18,Range Breakout,"Stocks with a closing price above the upper Bollinger band (20,2).",,,False,1,N,,OHLC_D_I_ABVBOLUUPRBAND
1784718917,"{'stkname': 'Wonder Elect.', 'ltp': '', 'perChg': '', 'stkId': 'WF03', 'displayLock': 'N', 'scanproflg': 1, 'scUrl': 'electronic-goods/wonderelectricals/WF', 'columns': [{'name': 'change %', 'value': '1.82'}, {'name': 'Bollinger Band Indicator value', 'value': '102.83'}, {'name': 'LTP', 'value': '104.00'}]}",OHLC_D_I_ABVBOLUUPRBAND,Bollinger Band Breakout,"Stocks with a closing price above the upper Bollinger band (20,2).",18,Range Breakout,"Stocks with a closing price above the upper Bollinger band (20,2).",,,False,1,N,,OHLC_D_I_ABVBOLUUPRBAND
