lastupdt,scannerDetails,scannerCode,scannerName,scannerDescription,catId,catName,scannerDesc,scannerVideo,did_u_know,refreshFlag,scanproflg,displayLock,scannerFormula,scanId
1784718917,"{'stkname': 'DSP Top10 Bks', 'ltp': '', 'perChg': '', 'stkId': 'DBT', 'displayLock': 'N', 'scanproflg': 1, 'scUrl': 'etf/dspbsetop10banksetf/DBT', 'columns': [{'name': 'change %', 'value': '-1.51'}, {'name': 'Bollinger Band Indicator value', 'value': '17.00'}, {'name': 'LTP', 'value': '16.95'}]}",OHLC_D_I_BELOWBOLLOWEBAND,Bollinger Band Breakdown,"Stocks with a closing price below the lower Bollinger band (20,2).",18,Range Breakout,"Stocks with a closing price below the lower Bollinger band (20,2).",,,False,1,N,,OHLC_D_I_BELOWBOLLOWEBAND
1784718917,"{'stkname': 'NDTV', 'ltp': '', 'perChg': '', 'stkId': 'NDT01', 'displayLock': 'N', 'scanproflg': 1, 'scUrl': 'mediaentertainment/newdelhitelevision/NDT01', 'columns': [{'name': 'change %', 'value': '-4.54'}, {'name': 'Bollinger Band Indicator value', 'value': '76.87'}, {'name': 'LTP', 'value': '76.19'}]}",OHLC_D_I_BELOWBOLLOWEBAND,Bollinger Band Breakdown,"Stocks with a closing price below the lower Bollinger band (20,2).",18,Range Breakout,"Stocks with a closing price below the lower Bollinger band (20,2).",,,False,1,N,,OHLC_D_I_BELOWBOLLOWEBAND
1784718917,"{'stkname': 'Adani Total Gas', 'ltp': '', 'perChg': '', 'stkId': 'ADG01', 'displayLock': 'N', 'scanproflg': 1, 'scUrl': 'gas-distribution/adanitotalgas/ADG01', 'columns': [{'name': 'change %', 'value': '-2.77'}, {'name': 'Bollinger Band Indicator value', 'value': '685.74'}, {'name': 'LTP', 'value': '681.00'}]}",OHLC_D_I_BELOWBOLLOWEBAND,Bollinger Band Breakdown,"Stocks with a closing price below the lower Bollinger band (20,2).",18,Range Breakout,"Stocks with a closing price below the lower Bollinger band (20,2).",,,False,1,N,,OHLC_D_I_BELOWBOLLOWEBAND
1784718917,"{'stkname': 'Aastha Spintex', 'ltp': '', 'perChg': '', 'stkId': 'ASL16', 'displayLock': 'N', 'scanproflg': 1, 'scUrl': 'textile-spinning/aasthaspintex/ASL15', 'columns': [{'name': 'change %', 'value': '-20.00'}, {'name': 'Bollinger Band Indicator value', 'value': '103.92'}, {'name': 'LTP', 'value': '103.24'}]}",OHLC_D_I_BELOWBOLLOWEBAND,Bollinger Band Breakdown,"Stocks with a closing price below the lower Bollinger band (20,2).",18,Range Breakout,"Stocks with a closing price below the lower Bollinger band (20,2).",,,False,1,N,,OHLC_D_I_BELOWBOLLOWEBAND
1784718917,"{'stkname': 'Tips Films', 'ltp': '', 'perChg': '', 'stkId': 'TF15', 'displayLock': 'N', 'scanproflg': 1, 'scUrl': 'film-production-distributionentertainment/tipsfilms/TF14', 'columns': [{'name': 'change %', 'value': '-1.90'}, {'name': 'Bollinger Band Indicator value', 'value': '319.26'}, {'name': 'LTP', 'value': '316.85'}]}",OHLC_D_I_BELOWBOLLOWEBAND,Bollinger Band Breakdown,"Stocks with a closing price below the lower Bollinger band (20,2).",18,Range Breakout,"Stocks with a closing price below the lower Bollinger band (20,2).",,,False,1,N,,OHLC_D_I_BELOWBOLLOWEBAND
1784718917,"{'stkname': 'Next Mediaworks', 'ltp': '', 'perChg': '', 'stkId': 'MDM01', 'displayLock': 'N', 'scanproflg': 1, 'scUrl': 'mediaentertainment/nextmediaworks/MDM01', 'columns': [{'name': 'change %', 'value': '-3.08'}, {'name': 'Bollinger Band Indicator value', 'value': '3.79'}, {'name': 'LTP', 'value': '3.78'}]}",OHLC_D_I_BELOWBOLLOWEBAND,Bollinger Band Breakdown,"Stocks with a closing price below the lower Bollinger band (20,2).",18,Range Breakout,"Stocks with a closing price below the lower Bollinger band (20,2).",,,False,1,N,,OHLC_D_I_BELOWBOLLOWEBAND
1784718917,"{'stkname': 'Ujaas Energy', 'ltp': '', 'perChg': '', 'stkId': 'S16', 'displayLock': 'N', 'scanproflg': 1, 'scUrl': 'power-transmissionequipment/ujaasenergy/S18', 'columns': [{'name': 'change %', 'value': '-2.46'}, {'name': 'Bollinger Band Indicator value', 'value': '122.64'}, {'name': 'LTP', 'value': '121.64'}]}",OHLC_D_I_BELOWBOLLOWEBAND,Bollinger Band Breakdown,"Stocks with a closing price below the lower Bollinger band (20,2).",18,Range Breakout,"Stocks with a closing price below the lower Bollinger band (20,2).",,,False,1,N,,OHLC_D_I_BELOWBOLLOWEBAND
1784718917,"{'stkname': 'Vedanta Oil', 'ltp': '', 'perChg': '', 'stkId': 'VOGL', 'displayLock': 'N', 'scanproflg': 1, 'scUrl': 'refineries/vedantaoilgas/VOGL', 'columns': [{'name': 'change %', 'value': '-3.96'}, {'name': 'Bollinger Band Indicator value', 'value': '33.47'}, {'name': 'LTP', 'value': '33.45'}]}",OHLC_D_I_BELOWBOLLOWEBAND,Bollinger Band Breakdown,"Stocks with a closing price below the lower Bollinger band (20,2).",18,Range Breakout,"Stocks with a closing price below the lower Bollinger band (20,2).",,,False,1,N,,OHLC_D_I_BELOWBOLLOWEBAND
1784718917,"{'stkname': 'Prabha Energy', 'ltp': '', 'perChg': '', 'stkId': 'PEL08', 'displayLock': 'N', 'scanproflg': 1, 'scUrl': 'oil-explorationproduction/prabhaenergy/PEL07', 'columns': [{'name': 'change %', 'value': '-3.11'}, {'name': 'Bollinger Band Indicator value', 'value': '142.59'}, {'name': 'LTP', 'value': '141.30'}]}",OHLC_D_I_BELOWBOLLOWEBAND,Bollinger Band Breakdown,"Stocks with a closing price below the lower Bollinger band (20,2).",18,Range Breakout,"Stocks with a closing price below the lower Bollinger band (20,2).",,,False,1,N,,OHLC_D_I_BELOWBOLLOWEBAND
1784718917,"{'stkname': 'Kennametal', 'ltp': '', 'perChg': '', 'stkId': 'WI06', 'displayLock': 'N', 'scanproflg': 1, 'scUrl': 'machine-tools/kennametalindia/WI06', 'columns': [{'name': 'change %', 'value': '-2.16'}, {'name': 'Bollinger Band Indicator value', 'value': '2,736.69'}, {'name': 'LTP', 'value': '2,730.00'}]}",OHLC_D_I_BELOWBOLLOWEBAND,Bollinger Band Breakdown,"Stocks with a closing price below the lower Bollinger band (20,2).",18,Range Breakout,"Stocks with a closing price below the lower Bollinger band (20,2).",,,False,1,N,,OHLC_D_I_BELOWBOLLOWEBAND
1784718917,"{'stkname': 'ICRA', 'ltp': '', 'perChg': '', 'stkId': 'ICR', 'displayLock': 'N', 'scanproflg': 1, 'scUrl': 'miscellaneous/icra/ICR', 'columns': [{'name': 'change %', 'value': '-0.74'}, {'name': 'Bollinger Band Indicator value', 'value': '5,130.38'}, {'name': 'LTP', 'value': '5,125.00'}]}",OHLC_D_I_BELOWBOLLOWEBAND,Bollinger Band Breakdown,"Stocks with a closing price below the lower Bollinger band (20,2).",18,Range Breakout,"Stocks with a closing price below the lower Bollinger band (20,2).",,,False,1,N,,OHLC_D_I_BELOWBOLLOWEBAND
1784718917,"{'stkname': 'K.P. Energy ', 'ltp': '', 'perChg': '', 'stkId': 'KEL03', 'displayLock': 'N', 'scanproflg': 1, 'scUrl': 'miscellaneous/kpenergy/KEL04', 'columns': [{'name': 'change %', 'value': '-0.81'}, {'name': 'Bollinger Band Indicator value', 'value': '307.85'}, {'name': 'LTP', 'value': '307.20'}]}",OHLC_D_I_BELOWBOLLOWEBAND,Bollinger Band Breakdown,"Stocks with a closing price below the lower Bollinger band (20,2).",18,Range Breakout,"Stocks with a closing price below the lower Bollinger band (20,2).",,,False,1,N,,OHLC_D_I_BELOWBOLLOWEBAND
1784718917,"{'stkname': 'Kovai Medical', 'ltp': '', 'perChg': '', 'stkId': 'KM05', 'displayLock': 'N', 'scanproflg': 1, 'scUrl': 'hospitalsmedical-services/kovaimedicalcenterhospital/KMC02', 'columns': [{'name': 'change %', 'value': '-1.78'}, {'name': 'Bollinger Band Indicator value', 'value': '5,844.81'}, {'name': 'LTP', 'value': '5,830.00'}]}",OHLC_D_I_BELOWBOLLOWEBAND,Bollinger Band Breakdown,"Stocks with a closing price below the lower Bollinger band (20,2).",18,Range Breakout,"Stocks with a closing price below the lower Bollinger band (20,2).",,,False,1,N,,OHLC_D_I_BELOWBOLLOWEBAND
1784718917,"{'stkname': 'Vedanta Power', 'ltp': '', 'perChg': '', 'stkId': 'VPL01', 'displayLock': 'N', 'scanproflg': 1, 'scUrl': 'power-generationdistribution/vedantapower/VPL01', 'columns': [{'name': 'change %', 'value': '-6.32'}, {'name': 'Bollinger Band Indicator value', 'value': '35.77'}, {'name': 'LTP', 'value': '35.40'}]}",OHLC_D_I_BELOWBOLLOWEBAND,Bollinger Band Breakdown,"Stocks with a closing price below the lower Bollinger band (20,2).",18,Range Breakout,"Stocks with a closing price below the lower Bollinger band (20,2).",,,False,1,N,,OHLC_D_I_BELOWBOLLOWEBAND
1784718917,"{'stkname': 'Balu Forge Indu', 'ltp': '', 'perChg': '', 'stkId': 'BAL01', 'displayLock': 'N', 'scanproflg': 1, 'scUrl': 'machine-tools/baluforgeindustries/BAL01', 'columns': [{'name': 'change %', 'value': '-3.08'}, {'name': 'Bollinger Band Indicator value', 'value': '429.39'}, {'name': 'LTP', 'value': '427.70'}]}",OHLC_D_I_BELOWBOLLOWEBAND,Bollinger Band Breakdown,"Stocks with a closing price below the lower Bollinger band (20,2).",18,Range Breakout,"Stocks with a closing price below the lower Bollinger band (20,2).",,,False,1,N,,OHLC_D_I_BELOWBOLLOWEBAND
1784718917,"{'stkname': 'Shilchar Techno', 'ltp': '', 'perChg': '', 'stkId': 'SEL07', 'displayLock': 'N', 'scanproflg': 1, 'scUrl': 'electric-equipment/shilchartechnologies/ST21', 'columns': [{'name': 'change %', 'value': '-4.06'}, {'name': 'Bollinger Band Indicator value', 'value': '4,212.59'}, {'name': 'LTP', 'value': '4,200.00'}]}",OHLC_D_I_BELOWBOLLOWEBAND,Bollinger Band Breakdown,"Stocks with a closing price below the lower Bollinger band (20,2).",18,Range Breakout,"Stocks with a closing price below the lower Bollinger band (20,2).",,,False,1,N,,OHLC_D_I_BELOWBOLLOWEBAND
1784718917,"{'stkname': 'Tips Music', 'ltp': '', 'perChg': '', 'stkId': 'TI25', 'displayLock': 'N', 'scanproflg': 1, 'scUrl': 'film-production-distributionentertainment/tipsmusic/TI25', 'columns': [{'name': 'change %', 'value': '-12.15'}, {'name': 'Bollinger Band Indicator value', 'value': '636.34'}, {'name': 'LTP', 'value': '625.70'}]}",OHLC_D_I_BELOWBOLLOWEBAND,Bollinger Band Breakdown,"Stocks with a closing price below the lower Bollinger band (20,2).",18,Range Breakout,"Stocks with a closing price below the lower Bollinger band (20,2).",,,False,1,N,,OHLC_D_I_BELOWBOLLOWEBAND
1784718917,"{'stkname': 'Ceinsys Tech', 'ltp': '', 'perChg': '', 'stkId': 'AI45', 'displayLock': 'N', 'scanproflg': 1, 'scUrl': 'computers-software/ceinsystech/AI28', 'columns': [{'name': 'change %', 'value': '-1.58'}, {'name': 'Bollinger Band Indicator value', 'value': '872.97'}, {'name': 'LTP', 'value': '870.05'}]}",OHLC_D_I_BELOWBOLLOWEBAND,Bollinger Band Breakdown,"Stocks with a closing price below the lower Bollinger band (20,2).",18,Range Breakout,"Stocks with a closing price below the lower Bollinger band (20,2).",,,False,1,N,,OHLC_D_I_BELOWBOLLOWEBAND
1784718917,"{'stkname': 'Guj Themis', 'ltp': '', 'perChg': '', 'stkId': 'GTB01', 'displayLock': 'N', 'scanproflg': 1, 'scUrl': 'pharmaceuticals/gujaratthemisbiosyn/GTB01', 'columns': [{'name': 'change %', 'value': '-3.96'}, {'name': 'Bollinger Band Indicator value', 'value': '353.89'}, {'name': 'LTP', 'value': '350.10'}]}",OHLC_D_I_BELOWBOLLOWEBAND,Bollinger Band Breakdown,"Stocks with a closing price below the lower Bollinger band (20,2).",18,Range Breakout,"Stocks with a closing price below the lower Bollinger band (20,2).",,,False,1,N,,OHLC_D_I_BELOWBOLLOWEBAND
1784718917,"{'stkname': 'Shringar House ', 'ltp': '', 'perChg': '', 'stkId': 'SHO', 'displayLock': 'N', 'scanproflg': 1, 'scUrl': 'diamondjewellery/shringarhousemangalsutra/SHo', 'columns': [{'name': 'change %', 'value': '-1.15'}, {'name': 'Bollinger Band Indicator value', 'value': '219.90'}, {'name': 'LTP', 'value': '219.85'}]}",OHLC_D_I_BELOWBOLLOWEBAND,Bollinger Band Breakdown,"Stocks with a closing price below the lower Bollinger band (20,2).",18,Range Breakout,"Stocks with a closing price below the lower Bollinger band (20,2).",,,False,1,N,,OHLC_D_I_BELOWBOLLOWEBAND
1784718917,"{'stkname': 'Solarworld Ener', 'ltp': '', 'perChg': '', 'stkId': 'SESL', 'displayLock': 'N', 'scanproflg': 1, 'scUrl': 'renewables/solarworldenergysolutions/SESL', 'columns': [{'name': 'change %', 'value': '-1.49'}, {'name': 'Bollinger Band Indicator value', 'value': '195.63'}, {'name': 'LTP', 'value': '195.00'}]}",OHLC_D_I_BELOWBOLLOWEBAND,Bollinger Band Breakdown,"Stocks with a closing price below the lower Bollinger band (20,2).",18,Range Breakout,"Stocks with a closing price below the lower Bollinger band (20,2).",,,False,1,N,,OHLC_D_I_BELOWBOLLOWEBAND
1784718917,"{'stkname': 'Mangal Electric', 'ltp': '', 'perChg': '', 'stkId': 'MEI05', 'displayLock': 'N', 'scanproflg': 1, 'scUrl': 'electric-equipment/mangalelectricalindustries/MEI05', 'columns': [{'name': 'change %', 'value': '-2.65'}, {'name': 'Bollinger Band Indicator value', 'value': '290.72'}, {'name': 'LTP', 'value': '290.00'}]}",OHLC_D_I_BELOWBOLLOWEBAND,Bollinger Band Breakdown,"Stocks with a closing price below the lower Bollinger band (20,2).",18,Range Breakout,"Stocks with a closing price below the lower Bollinger band (20,2).",,,False,1,N,,OHLC_D_I_BELOWBOLLOWEBAND
1784718917,"{'stkname': 'HDB Financial', 'ltp': '', 'perChg': '', 'stkId': 'HFSL', 'displayLock': 'N', 'scanproflg': 1, 'scUrl': 'finance-nbfc/hdbfinancialservices/HFSL', 'columns': [{'name': 'change %', 'value': '-2.10'}, {'name': 'Bollinger Band Indicator value', 'value': '708.72'}, {'name': 'LTP', 'value': '705.45'}]}",OHLC_D_I_BELOWBOLLOWEBAND,Bollinger Band Breakdown,"Stocks with a closing price below the lower Bollinger band (20,2).",18,Range Breakout,"Stocks with a closing price below the lower Bollinger band (20,2).",,,False,1,N,,OHLC_D_I_BELOWBOLLOWEBAND
1784718917,"{'stkname': 'Juniper Hotels', 'ltp': '', 'perChg': '', 'stkId': 'JHL', 'displayLock': 'N', 'scanproflg': 1, 'scUrl': 'hotel-resortrestaurants/juniperhotels/JHL', 'columns': [{'name': 'change %', 'value': '-2.48'}, {'name': 'Bollinger Band Indicator value', 'value': '192.33'}, {'name': 'LTP', 'value': '192.00'}]}",OHLC_D_I_BELOWBOLLOWEBAND,Bollinger Band Breakdown,"Stocks with a closing price below the lower Bollinger band (20,2).",18,Range Breakout,"Stocks with a closing price below the lower Bollinger band (20,2).",,,False,1,N,,OHLC_D_I_BELOWBOLLOWEBAND
1784718917,"{'stkname': 'Ola Electric', 'ltp': '', 'perChg': '', 'stkId': 'OEM', 'displayLock': 'N', 'scanproflg': 1, 'scUrl': 'auto-ancillaries-brakes/olaelectricmobility/OEM', 'columns': [{'name': 'change %', 'value': '-5.35'}, {'name': 'Bollinger Band Indicator value', 'value': '37.25'}, {'name': 'LTP', 'value': '36.65'}]}",OHLC_D_I_BELOWBOLLOWEBAND,Bollinger Band Breakdown,"Stocks with a closing price below the lower Bollinger band (20,2).",18,Range Breakout,"Stocks with a closing price below the lower Bollinger band (20,2).",,,False,1,N,,OHLC_D_I_BELOWBOLLOWEBAND
1784718917,"{'stkname': 'Atlanta Electri', 'ltp': '', 'perChg': '', 'stkId': 'AEL11', 'displayLock': 'N', 'scanproflg': 1, 'scUrl': 'electric-equipment-transformers/atlantaelectricals/AEL10', 'columns': [{'name': 'change %', 'value': '-3.32'}, {'name': 'Bollinger Band Indicator value', 'value': '1,606.34'}, {'name': 'LTP', 'value': '1,600.00'}]}",OHLC_D_I_BELOWBOLLOWEBAND,Bollinger Band Breakdown,"Stocks with a closing price below the lower Bollinger band (20,2).",18,Range Breakout,"Stocks with a closing price below the lower Bollinger band (20,2).",,,False,1,N,,OHLC_D_I_BELOWBOLLOWEBAND
1784718917,"{'stkname': 'Orkla India', 'ltp': '', 'perChg': '', 'stkId': 'OIL02', 'displayLock': 'N', 'scanproflg': 1, 'scUrl': 'consumer-food/orklaindia/OIL02', 'columns': [{'name': 'change %', 'value': '-1.35'}, {'name': 'Bollinger Band Indicator value', 'value': '568.46'}, {'name': 'LTP', 'value': '565.00'}]}",OHLC_D_I_BELOWBOLLOWEBAND,Bollinger Band Breakdown,"Stocks with a closing price below the lower Bollinger band (20,2).",18,Range Breakout,"Stocks with a closing price below the lower Bollinger band (20,2).",,,False,1,N,,OHLC_D_I_BELOWBOLLOWEBAND
1784718917,"{'stkname': 'Western Carrier', 'ltp': '', 'perChg': '', 'stkId': 'WCIL', 'displayLock': 'N', 'scanproflg': 1, 'scUrl': 'logistics/westerncarriersindia/WCIL', 'columns': [{'name': 'change %', 'value': '-1.78'}, {'name': 'Bollinger Band Indicator value', 'value': '91.24'}, {'name': 'LTP', 'value': '90.63'}]}",OHLC_D_I_BELOWBOLLOWEBAND,Bollinger Band Breakdown,"Stocks with a closing price below the lower Bollinger band (20,2).",18,Range Breakout,"Stocks with a closing price below the lower Bollinger band (20,2).",,,False,1,N,,OHLC_D_I_BELOWBOLLOWEBAND
1784718917,"{'stkname': 'Cello World', 'ltp': '', 'perChg': '', 'stkId': 'CWL', 'displayLock': 'N', 'scanproflg': 1, 'scUrl': 'householdpersonal-products/celloworld/CWL', 'columns': [{'name': 'change %', 'value': '-3.69'}, {'name': 'Bollinger Band Indicator value', 'value': '351.78'}, {'name': 'LTP', 'value': '347.55'}]}",OHLC_D_I_BELOWBOLLOWEBAND,Bollinger Band Breakdown,"Stocks with a closing price below the lower Bollinger band (20,2).",18,Range Breakout,"Stocks with a closing price below the lower Bollinger band (20,2).",,,False,1,N,,OHLC_D_I_BELOWBOLLOWEBAND
1784718917,"{'stkname': 'Bharat Coking', 'ltp': '', 'perChg': '', 'stkId': 'BCCL', 'displayLock': 'N', 'scanproflg': 1, 'scUrl': 'coal/bharatcokingcoal/BCCL', 'columns': [{'name': 'change %', 'value': '-6.82'}, {'name': 'Bollinger Band Indicator value', 'value': '35.47'}, {'name': 'LTP', 'value': '34.95'}]}",OHLC_D_I_BELOWBOLLOWEBAND,Bollinger Band Breakdown,"Stocks with a closing price below the lower Bollinger band (20,2).",18,Range Breakout,"Stocks with a closing price below the lower Bollinger band (20,2).",,,False,1,N,,OHLC_D_I_BELOWBOLLOWEBAND
1784718917,"{'stkname': 'Medi Assist Hea', 'ltp': '', 'perChg': '', 'stkId': 'MAH01', 'displayLock': 'N', 'scanproflg': 1, 'scUrl': 'hospitalhealthcare-services/mediassisthealthcareservices/MAH01', 'columns': [{'name': 'change %', 'value': '-2.32'}, {'name': 'Bollinger Band Indicator value', 'value': '350.00'}, {'name': 'LTP', 'value': '349.05'}]}",OHLC_D_I_BELOWBOLLOWEBAND,Bollinger Band Breakdown,"Stocks with a closing price below the lower Bollinger band (20,2).",18,Range Breakout,"Stocks with a closing price below the lower Bollinger band (20,2).",,,False,1,N,,OHLC_D_I_BELOWBOLLOWEBAND
1784718917,"{'stkname': 'Mangalam World', 'ltp': '', 'perChg': '', 'stkId': 'MW01', 'displayLock': 'N', 'scanproflg': 1, 'scUrl': 'ironsteel/mangalamworldwide/MW01', 'columns': [{'name': 'change %', 'value': '-2.05'}, {'name': 'Bollinger Band Indicator value', 'value': '35.94'}, {'name': 'LTP', 'value': '35.80'}]}",OHLC_D_I_BELOWBOLLOWEBAND,Bollinger Band Breakdown,"Stocks with a closing price below the lower Bollinger band (20,2).",18,Range Breakout,"Stocks with a closing price below the lower Bollinger band (20,2).",,,False,1,N,,OHLC_D_I_BELOWBOLLOWEBAND
1784718917,"{'stkname': 'Solex Energy', 'ltp': '', 'perChg': '', 'stkId': 'SE24', 'displayLock': 'N', 'scanproflg': 1, 'scUrl': 'miscellaneous/solexenergy/SE20', 'columns': [{'name': 'change %', 'value': '-3.24'}, {'name': 'Bollinger Band Indicator value', 'value': '961.38'}, {'name': 'LTP', 'value': '955.00'}]}",OHLC_D_I_BELOWBOLLOWEBAND,Bollinger Band Breakdown,"Stocks with a closing price below the lower Bollinger band (20,2).",18,Range Breakout,"Stocks with a closing price below the lower Bollinger band (20,2).",,,False,1,N,,OHLC_D_I_BELOWBOLLOWEBAND
1784718917,"{'stkname': 'Shree Tirupati ', 'ltp': '', 'perChg': '', 'stkId': 'STBATCL', 'displayLock': 'N', 'scanproflg': 1, 'scUrl': 'packaging-packaging-materials/shreetirupatibalajeeagrotradingcompany/STBATCL', 'columns': [{'name': 'change %', 'value': '-0.89'}, {'name': 'Bollinger Band Indicator value', 'value': '28.03'}, {'name': 'LTP', 'value': '27.95'}]}",OHLC_D_I_BELOWBOLLOWEBAND,Bollinger Band Breakdown,"Stocks with a closing price below the lower Bollinger band (20,2).",18,Range Breakout,"Stocks with a closing price below the lower Bollinger band (20,2).",,,False,1,N,,OHLC_D_I_BELOWBOLLOWEBAND
1784718917,"{'stkname': 'Inventurus Know', 'ltp': '', 'perChg': '', 'stkId': 'IKS', 'displayLock': 'N', 'scanproflg': 1, 'scUrl': 'software/inventurusknowledgesolutions/IKS', 'columns': [{'name': 'change %', 'value': '-3.88'}, {'name': 'Bollinger Band Indicator value', 'value': '1,817.80'}, {'name': 'LTP', 'value': '1,809.80'}]}",OHLC_D_I_BELOWBOLLOWEBAND,Bollinger Band Breakdown,"Stocks with a closing price below the lower Bollinger band (20,2).",18,Range Breakout,"Stocks with a closing price below the lower Bollinger band (20,2).",,,False,1,N,,OHLC_D_I_BELOWBOLLOWEBAND
1784718917,"{'stkname': 'Avantel', 'ltp': '', 'perChg': '', 'stkId': 'AS22', 'displayLock': 'N', 'scanproflg': 1, 'scUrl': 'computers-software-mediumsmall/avantel/A19', 'columns': [{'name': 'change %', 'value': '-3.49'}, {'name': 'Bollinger Band Indicator value', 'value': '165.65'}, {'name': 'LTP', 'value': '165.04'}]}",OHLC_D_I_BELOWBOLLOWEBAND,Bollinger Band Breakdown,"Stocks with a closing price below the lower Bollinger band (20,2).",18,Range Breakout,"Stocks with a closing price below the lower Bollinger band (20,2).",,,False,1,N,,OHLC_D_I_BELOWBOLLOWEBAND
1784718917,"{'stkname': 'IRM Energy', 'ltp': '', 'perChg': '', 'stkId': 'IEL02', 'displayLock': 'N', 'scanproflg': 1, 'scUrl': 'refineries/irmenergy/IEL02', 'columns': [{'name': 'change %', 'value': '-1.82'}, {'name': 'Bollinger Band Indicator value', 'value': '256.11'}, {'name': 'LTP', 'value': '256.00'}]}",OHLC_D_I_BELOWBOLLOWEBAND,Bollinger Band Breakdown,"Stocks with a closing price below the lower Bollinger band (20,2).",18,Range Breakout,"Stocks with a closing price below the lower Bollinger band (20,2).",,,False,1,N,,OHLC_D_I_BELOWBOLLOWEBAND
1784718917,"{'stkname': 'DCM', 'ltp': '', 'perChg': '', 'stkId': 'DCM', 'displayLock': 'N', 'scanproflg': 1, 'scUrl': 'textiles-spinning-cotton-blended/dcm/DCM', 'columns': [{'name': 'change %', 'value': '-4.99'}, {'name': 'Bollinger Band Indicator value', 'value': '93.04'}, {'name': 'LTP', 'value': '92.07'}]}",OHLC_D_I_BELOWBOLLOWEBAND,Bollinger Band Breakdown,"Stocks with a closing price below the lower Bollinger band (20,2).",18,Range Breakout,"Stocks with a closing price below the lower Bollinger band (20,2).",,,False,1,N,,OHLC_D_I_BELOWBOLLOWEBAND
1784718917,"{'stkname': 'Anmol India', 'ltp': '', 'perChg': '', 'stkId': 'AI71', 'displayLock': 'N', 'scanproflg': 1, 'scUrl': 'miscellaneous/anmolindia/AI81', 'columns': [{'name': 'change %', 'value': '-4.23'}, {'name': 'Bollinger Band Indicator value', 'value': '10.37'}, {'name': 'LTP', 'value': '10.19'}]}",OHLC_D_I_BELOWBOLLOWEBAND,Bollinger Band Breakdown,"Stocks with a closing price below the lower Bollinger band (20,2).",18,Range Breakout,"Stocks with a closing price below the lower Bollinger band (20,2).",,,False,1,N,,OHLC_D_I_BELOWBOLLOWEBAND
1784718917,"{'stkname': 'Transformers', 'ltp': '', 'perChg': '', 'stkId': 'TRI', 'displayLock': 'N', 'scanproflg': 1, 'scUrl': 'power-transmissionequipment/transformersrectifiersindia/TRI', 'columns': [{'name': 'change %', 'value': '-3.11'}, {'name': 'Bollinger Band Indicator value', 'value': '311.00'}, {'name': 'LTP', 'value': '307.00'}]}",OHLC_D_I_BELOWBOLLOWEBAND,Bollinger Band Breakdown,"Stocks with a closing price below the lower Bollinger band (20,2).",18,Range Breakout,"Stocks with a closing price below the lower Bollinger band (20,2).",,,False,1,N,,OHLC_D_I_BELOWBOLLOWEBAND
1784718917,"{'stkname': 'Tembo Global', 'ltp': '', 'perChg': '', 'stkId': 'SE27', 'displayLock': 'N', 'scanproflg': 1, 'scUrl': 'engineering-industrial-equipments/temboglobalindustries/SE25', 'columns': [{'name': 'change %', 'value': '-4.11'}, {'name': 'Bollinger Band Indicator value', 'value': '528.70'}, {'name': 'LTP', 'value': '525.50'}]}",OHLC_D_I_BELOWBOLLOWEBAND,Bollinger Band Breakdown,"Stocks with a closing price below the lower Bollinger band (20,2).",18,Range Breakout,"Stocks with a closing price below the lower Bollinger band (20,2).",,,False,1,N,,OHLC_D_I_BELOWBOLLOWEBAND
1784718917,"{'stkname': 'Oswal Agro', 'ltp': '', 'perChg': '', 'stkId': 'OAM', 'displayLock': 'N', 'scanproflg': 1, 'scUrl': 'finance-investments/oswalagromills/OAM', 'columns': [{'name': 'change %', 'value': '-3.04'}, {'name': 'Bollinger Band Indicator value', 'value': '38.25'}, {'name': 'LTP', 'value': '38.00'}]}",OHLC_D_I_BELOWBOLLOWEBAND,Bollinger Band Breakdown,"Stocks with a closing price below the lower Bollinger band (20,2).",18,Range Breakout,"Stocks with a closing price below the lower Bollinger band (20,2).",,,False,1,N,,OHLC_D_I_BELOWBOLLOWEBAND
1784718917,"{'stkname': 'Oswal Pumps', 'ltp': '', 'perChg': '', 'stkId': 'OPL02', 'displayLock': 'N', 'scanproflg': 1, 'scUrl': 'engineering-industrial-equipments/oswalpumps/OPL02', 'columns': [{'name': 'change %', 'value': '-8.13'}, {'name': 'Bollinger Band Indicator value', 'value': '370.22'}, {'name': 'LTP', 'value': '359.00'}]}",OHLC_D_I_BELOWBOLLOWEBAND,Bollinger Band Breakdown,"Stocks with a closing price below the lower Bollinger band (20,2).",18,Range Breakout,"Stocks with a closing price below the lower Bollinger band (20,2).",,,False,1,N,,OHLC_D_I_BELOWBOLLOWEBAND
1784718917,"{'stkname': 'Pioneer', 'ltp': '', 'perChg': '', 'stkId': 'PE', 'displayLock': 'N', 'scanproflg': 1, 'scUrl': 'textiles-hosieryknitwear/pioneerembroideries/PE', 'columns': [{'name': 'change %', 'value': '-3.13'}, {'name': 'Bollinger Band Indicator value', 'value': '22.14'}, {'name': 'LTP', 'value': '22.00'}]}",OHLC_D_I_BELOWBOLLOWEBAND,Bollinger Band Breakdown,"Stocks with a closing price below the lower Bollinger band (20,2).",18,Range Breakout,"Stocks with a closing price below the lower Bollinger band (20,2).",,,False,1,N,,OHLC_D_I_BELOWBOLLOWEBAND
1784718917,"{'stkname': 'Shipping Corp', 'ltp': '', 'perChg': '', 'stkId': 'SCI', 'displayLock': 'N', 'scanproflg': 1, 'scUrl': 'shipping/shippingcorporationindia/SCI', 'columns': [{'name': 'change %', 'value': '-3.16'}, {'name': 'Bollinger Band Indicator value', 'value': '269.70'}, {'name': 'LTP', 'value': '268.15'}]}",OHLC_D_I_BELOWBOLLOWEBAND,Bollinger Band Breakdown,"Stocks with a closing price below the lower Bollinger band (20,2).",18,Range Breakout,"Stocks with a closing price below the lower Bollinger band (20,2).",,,False,1,N,,OHLC_D_I_BELOWBOLLOWEBAND
1784718917,"{'stkname': 'Kitex Garments', 'ltp': '', 'perChg': '', 'stkId': 'KG01', 'displayLock': 'N', 'scanproflg': 1, 'scUrl': 'textiles-readymade-apparels/kitexgarments/KG01', 'columns': [{'name': 'change %', 'value': '-2.43'}, {'name': 'Bollinger Band Indicator value', 'value': '145.54'}, {'name': 'LTP', 'value': '145.06'}]}",OHLC_D_I_BELOWBOLLOWEBAND,Bollinger Band Breakdown,"Stocks with a closing price below the lower Bollinger band (20,2).",18,Range Breakout,"Stocks with a closing price below the lower Bollinger band (20,2).",,,False,1,N,,OHLC_D_I_BELOWBOLLOWEBAND
1784718917,"{'stkname': 'BOMDYEING', 'ltp': '', 'perChg': '', 'stkId': 'BDM', 'displayLock': 'N', 'scanproflg': 1, 'scUrl': 'textilesapparel/thebombaydyeingco/BDM', 'columns': [{'name': 'change %', 'value': '-2.08'}, {'name': 'Bollinger Band Indicator value', 'value': '121.10'}, {'name': 'LTP', 'value': '120.80'}]}",OHLC_D_I_BELOWBOLLOWEBAND,Bollinger Band Breakdown,"Stocks with a closing price below the lower Bollinger band (20,2).",18,Range Breakout,"Stocks with a closing price below the lower Bollinger band (20,2).",,,False,1,N,,OHLC_D_I_BELOWBOLLOWEBAND
1784718917,"{'stkname': 'Kothari Sugars', 'ltp': '', 'perChg': '', 'stkId': 'KSC', 'displayLock': 'N', 'scanproflg': 1, 'scUrl': 'sugar/kotharisugarschemicals/KSC', 'columns': [{'name': 'change %', 'value': '-3.17'}, {'name': 'Bollinger Band Indicator value', 'value': '24.60'}, {'name': 'LTP', 'value': '24.40'}]}",OHLC_D_I_BELOWBOLLOWEBAND,Bollinger Band Breakdown,"Stocks with a closing price below the lower Bollinger band (20,2).",18,Range Breakout,"Stocks with a closing price below the lower Bollinger band (20,2).",,,False,1,N,,OHLC_D_I_BELOWBOLLOWEBAND
1784718917,"{'stkname': 'Gokaldas Export', 'ltp': '', 'perChg': '', 'stkId': 'GE05', 'displayLock': 'N', 'scanproflg': 1, 'scUrl': 'textiles-readymade-apparels/gokaldasexports/GE05', 'columns': [{'name': 'change %', 'value': '-4.05'}, {'name': 'Bollinger Band Indicator value', 'value': '802.76'}, {'name': 'LTP', 'value': '798.00'}]}",OHLC_D_I_BELOWBOLLOWEBAND,Bollinger Band Breakdown,"Stocks with a closing price below the lower Bollinger band (20,2).",18,Range Breakout,"Stocks with a closing price below the lower Bollinger band (20,2).",,,False,1,N,,OHLC_D_I_BELOWBOLLOWEBAND
1784718917,"{'stkname': 'DPSC', 'ltp': '', 'perChg': '', 'stkId': 'DPS', 'displayLock': 'N', 'scanproflg': 1, 'scUrl': 'power-generationdistribution/dpsc/DPS', 'columns': [{'name': 'change %', 'value': '-1.21'}, {'name': 'Bollinger Band Indicator value', 'value': '7.32'}, {'name': 'LTP', 'value': '7.32'}]}",OHLC_D_I_BELOWBOLLOWEBAND,Bollinger Band Breakdown,"Stocks with a closing price below the lower Bollinger band (20,2).",18,Range Breakout,"Stocks with a closing price below the lower Bollinger band (20,2).",,,False,1,N,,OHLC_D_I_BELOWBOLLOWEBAND
1784718917,"{'stkname': 'Triveni Engg', 'ltp': '', 'perChg': '', 'stkId': 'TE10', 'displayLock': 'N', 'scanproflg': 1, 'scUrl': 'sugar/triveniengineeringindustries/TE10', 'columns': [{'name': 'change %', 'value': '-41.57'}, {'name': 'Bollinger Band Indicator value', 'value': '348.43'}, {'name': 'LTP', 'value': '275.50'}]}",OHLC_D_I_BELOWBOLLOWEBAND,Bollinger Band Breakdown,"Stocks with a closing price below the lower Bollinger band (20,2).",18,Range Breakout,"Stocks with a closing price below the lower Bollinger band (20,2).",,,False,1,N,,OHLC_D_I_BELOWBOLLOWEBAND
1784718917,"{'stkname': 'Prince Pipes', 'ltp': '', 'perChg': '', 'stkId': 'PPF', 'displayLock': 'N', 'scanproflg': 1, 'scUrl': 'plastics-tubespipeshosesfittings/princepipesfittings/PPF', 'columns': [{'name': 'change %', 'value': '-1.76'}, {'name': 'Bollinger Band Indicator value', 'value': '260.53'}, {'name': 'LTP', 'value': '260.20'}]}",OHLC_D_I_BELOWBOLLOWEBAND,Bollinger Band Breakdown,"Stocks with a closing price below the lower Bollinger band (20,2).",18,Range Breakout,"Stocks with a closing price below the lower Bollinger band (20,2).",,,False,1,N,,OHLC_D_I_BELOWBOLLOWEBAND
1784718917,"{'stkname': 'Lovable Lingeri', 'ltp': '', 'perChg': '', 'stkId': 'LL05', 'displayLock': 'N', 'scanproflg': 1, 'scUrl': 'textiles-readymade-apparels/lovablelingerie/LL04', 'columns': [{'name': 'change %', 'value': '-2.77'}, {'name': 'Bollinger Band Indicator value', 'value': '72.21'}, {'name': 'LTP', 'value': '72.19'}]}",OHLC_D_I_BELOWBOLLOWEBAND,Bollinger Band Breakdown,"Stocks with a closing price below the lower Bollinger band (20,2).",18,Range Breakout,"Stocks with a closing price below the lower Bollinger band (20,2).",,,False,1,N,,OHLC_D_I_BELOWBOLLOWEBAND
1784718917,"{'stkname': 'Waaree Energies', 'ltp': '', 'perChg': '', 'stkId': 'WEL01', 'displayLock': 'N', 'scanproflg': 1, 'scUrl': 'electric-equipment/waareeenergies/WEL01', 'columns': [{'name': 'change %', 'value': '-1.25'}, {'name': 'Bollinger Band Indicator value', 'value': '2,714.50'}, {'name': 'LTP', 'value': '2,698.00'}]}",OHLC_D_I_BELOWBOLLOWEBAND,Bollinger Band Breakdown,"Stocks with a closing price below the lower Bollinger band (20,2).",18,Range Breakout,"Stocks with a closing price below the lower Bollinger band (20,2).",,,False,1,N,,OHLC_D_I_BELOWBOLLOWEBAND
1784718917,"{'stkname': 'Dishman Carboge', 'ltp': '', 'perChg': '', 'stkId': 'DCA', 'displayLock': 'N', 'scanproflg': 1, 'scUrl': 'miscellaneous/dishmancarbogenamcis/DCA', 'columns': [{'name': 'change %', 'value': '-2.68'}, {'name': 'Bollinger Band Indicator value', 'value': '186.55'}, {'name': 'LTP', 'value': '185.10'}]}",OHLC_D_I_BELOWBOLLOWEBAND,Bollinger Band Breakdown,"Stocks with a closing price below the lower Bollinger band (20,2).",18,Range Breakout,"Stocks with a closing price below the lower Bollinger band (20,2).",,,False,1,N,,OHLC_D_I_BELOWBOLLOWEBAND
1784718917,"{'stkname': 'Antony Waste', 'ltp': '', 'perChg': '', 'stkId': 'AWH', 'displayLock': 'N', 'scanproflg': 1, 'scUrl': 'miscellaneous/antonywastehandlingcell/AWH', 'columns': [{'name': 'change %', 'value': '-1.64'}, {'name': 'Bollinger Band Indicator value', 'value': '438.62'}, {'name': 'LTP', 'value': '437.90'}]}",OHLC_D_I_BELOWBOLLOWEBAND,Bollinger Band Breakdown,"Stocks with a closing price below the lower Bollinger band (20,2).",18,Range Breakout,"Stocks with a closing price below the lower Bollinger band (20,2).",,,False,1,N,,OHLC_D_I_BELOWBOLLOWEBAND
1784718917,"{'stkname': 'Medplus Health', 'ltp': '', 'perChg': '', 'stkId': 'MHS01', 'displayLock': 'N', 'scanproflg': 1, 'scUrl': 'fooddrug-retailing/medplushealthservices/MHS01', 'columns': [{'name': 'change %', 'value': '-12.13'}, {'name': 'Bollinger Band Indicator value', 'value': '739.43'}, {'name': 'LTP', 'value': '697.30'}]}",OHLC_D_I_BELOWBOLLOWEBAND,Bollinger Band Breakdown,"Stocks with a closing price below the lower Bollinger band (20,2).",18,Range Breakout,"Stocks with a closing price below the lower Bollinger band (20,2).",,,False,1,N,,OHLC_D_I_BELOWBOLLOWEBAND
1784718917,"{'stkname': 'Lyka Labs', 'ltp': '', 'perChg': '', 'stkId': 'LL02', 'displayLock': 'N', 'scanproflg': 1, 'scUrl': 'pharmaceuticals/lykalabs/LL02', 'columns': [{'name': 'change %', 'value': '-2.32'}, {'name': 'Bollinger Band Indicator value', 'value': '65.33'}, {'name': 'LTP', 'value': '64.40'}]}",OHLC_D_I_BELOWBOLLOWEBAND,Bollinger Band Breakdown,"Stocks with a closing price below the lower Bollinger band (20,2).",18,Range Breakout,"Stocks with a closing price below the lower Bollinger band (20,2).",,,False,1,N,,OHLC_D_I_BELOWBOLLOWEBAND
1784718917,"{'stkname': 'Rattan Power', 'ltp': '', 'perChg': '', 'stkId': 'IP08', 'displayLock': 'N', 'scanproflg': 1, 'scUrl': 'power-generationdistribution/rattanindiapower/IP09', 'columns': [{'name': 'change %', 'value': '-2.60'}, {'name': 'Bollinger Band Indicator value', 'value': '8.62'}, {'name': 'LTP', 'value': '8.62'}]}",OHLC_D_I_BELOWBOLLOWEBAND,Bollinger Band Breakdown,"Stocks with a closing price below the lower Bollinger band (20,2).",18,Range Breakout,"Stocks with a closing price below the lower Bollinger band (20,2).",,,False,1,N,,OHLC_D_I_BELOWBOLLOWEBAND
1784718917,"{'stkname': 'Jai Corp', 'ltp': '', 'perChg': '', 'stkId': 'JC01', 'displayLock': 'N', 'scanproflg': 1, 'scUrl': 'steel-gpgc-sheets/jaicorp/JC08', 'columns': [{'name': 'change %', 'value': '-3.60'}, {'name': 'Bollinger Band Indicator value', 'value': '102.53'}, {'name': 'LTP', 'value': '101.55'}]}",OHLC_D_I_BELOWBOLLOWEBAND,Bollinger Band Breakdown,"Stocks with a closing price below the lower Bollinger band (20,2).",18,Range Breakout,"Stocks with a closing price below the lower Bollinger band (20,2).",,,False,1,N,,OHLC_D_I_BELOWBOLLOWEBAND
1784718917,"{'stkname': 'Morepen Lab', 'ltp': '', 'perChg': '', 'stkId': 'ML06', 'displayLock': 'N', 'scanproflg': 1, 'scUrl': 'pharmaceuticals/morepenlaboratories/ML06', 'columns': [{'name': 'change %', 'value': '-6.21'}, {'name': 'Bollinger Band Indicator value', 'value': '54.88'}, {'name': 'LTP', 'value': '53.29'}]}",OHLC_D_I_BELOWBOLLOWEBAND,Bollinger Band Breakdown,"Stocks with a closing price below the lower Bollinger band (20,2).",18,Range Breakout,"Stocks with a closing price below the lower Bollinger band (20,2).",,,False,1,N,,OHLC_D_I_BELOWBOLLOWEBAND
1784718917,"{'stkname': 'Panacea Biotec', 'ltp': '', 'perChg': '', 'stkId': 'PB', 'displayLock': 'N', 'scanproflg': 1, 'scUrl': 'pharmaceuticals/panaceabiotec/PB02', 'columns': [{'name': 'change %', 'value': '-6.48'}, {'name': 'Bollinger Band Indicator value', 'value': '481.40'}, {'name': 'LTP', 'value': '462.00'}]}",OHLC_D_I_BELOWBOLLOWEBAND,Bollinger Band Breakdown,"Stocks with a closing price below the lower Bollinger band (20,2).",18,Range Breakout,"Stocks with a closing price below the lower Bollinger band (20,2).",,,False,1,N,,OHLC_D_I_BELOWBOLLOWEBAND
1784718917,"{'stkname': 'SOLARA ACTIVE P', 'ltp': '', 'perChg': '', 'stkId': 'SOLAR54154', 'displayLock': 'N', 'scanproflg': 1, 'scUrl': 'pharmaceuticals/solaraactivepharmasciences/SOLAR54154', 'columns': [{'name': 'change %', 'value': '-3.90'}, {'name': 'Bollinger Band Indicator value', 'value': '543.30'}, {'name': 'LTP', 'value': '537.00'}]}",OHLC_D_I_BELOWBOLLOWEBAND,Bollinger Band Breakdown,"Stocks with a closing price below the lower Bollinger band (20,2).",18,Range Breakout,"Stocks with a closing price below the lower Bollinger band (20,2).",,,False,1,N,,OHLC_D_I_BELOWBOLLOWEBAND
1784718917,"{'stkname': 'Bliss GVS', 'ltp': '', 'perChg': '', 'stkId': 'BCP01', 'displayLock': 'N', 'scanproflg': 1, 'scUrl': 'pharmaceuticals/blissgvspharma/BGV', 'columns': [{'name': 'change %', 'value': '-4.36'}, {'name': 'Bollinger Band Indicator value', 'value': '453.53'}, {'name': 'LTP', 'value': '447.20'}]}",OHLC_D_I_BELOWBOLLOWEBAND,Bollinger Band Breakdown,"Stocks with a closing price below the lower Bollinger band (20,2).",18,Range Breakout,"Stocks with a closing price below the lower Bollinger band (20,2).",,,False,1,N,,OHLC_D_I_BELOWBOLLOWEBAND
1784718917,"{'stkname': 'AARTIPHARM', 'ltp': '', 'perChg': '', 'stkId': 'AP32', 'displayLock': 'N', 'scanproflg': 1, 'scUrl': 'medical-equipmentsuppliesaccessories/aartipharmalabs/AP21', 'columns': [{'name': 'change %', 'value': '-4.32'}, {'name': 'Bollinger Band Indicator value', 'value': '678.49'}, {'name': 'LTP', 'value': '672.00'}]}",OHLC_D_I_BELOWBOLLOWEBAND,Bollinger Band Breakdown,"Stocks with a closing price below the lower Bollinger band (20,2).",18,Range Breakout,"Stocks with a closing price below the lower Bollinger band (20,2).",,,False,1,N,,OHLC_D_I_BELOWBOLLOWEBAND
1784718917,"{'stkname': 'Zota Health Car', 'ltp': '', 'perChg': '', 'stkId': 'ZHC', 'displayLock': 'N', 'scanproflg': 1, 'scUrl': 'pharmaceuticals/zotahealthcare/ZHC', 'columns': [{'name': 'change %', 'value': '-4.19'}, {'name': 'Bollinger Band Indicator value', 'value': '1,287.83'}, {'name': 'LTP', 'value': '1,275.30'}]}",OHLC_D_I_BELOWBOLLOWEBAND,Bollinger Band Breakdown,"Stocks with a closing price below the lower Bollinger band (20,2).",18,Range Breakout,"Stocks with a closing price below the lower Bollinger band (20,2).",,,False,1,N,,OHLC_D_I_BELOWBOLLOWEBAND
1784718917,"{'stkname': 'Syncom Formula', 'ltp': '', 'perChg': '', 'stkId': 'SF18', 'displayLock': 'N', 'scanproflg': 1, 'scUrl': 'pharmaceuticals/syncomformulations/SF18', 'columns': [{'name': 'change %', 'value': '-2.58'}, {'name': 'Bollinger Band Indicator value', 'value': '13.25'}, {'name': 'LTP', 'value': '13.22'}]}",OHLC_D_I_BELOWBOLLOWEBAND,Bollinger Band Breakdown,"Stocks with a closing price below the lower Bollinger band (20,2).",18,Range Breakout,"Stocks with a closing price below the lower Bollinger band (20,2).",,,False,1,N,,OHLC_D_I_BELOWBOLLOWEBAND
1784718917,"{'stkname': 'Syngene Intl', 'ltp': '', 'perChg': '', 'stkId': 'SI62', 'displayLock': 'N', 'scanproflg': 1, 'scUrl': 'miscellaneous/syngeneinternational/SI10', 'columns': [{'name': 'change %', 'value': '-1.65'}, {'name': 'Bollinger Band Indicator value', 'value': '407.00'}, {'name': 'LTP', 'value': '406.45'}]}",OHLC_D_I_BELOWBOLLOWEBAND,Bollinger Band Breakdown,"Stocks with a closing price below the lower Bollinger band (20,2).",18,Range Breakout,"Stocks with a closing price below the lower Bollinger band (20,2).",,,False,1,N,,OHLC_D_I_BELOWBOLLOWEBAND
1784718917,"{'stkname': 'Marksans Pharma', 'ltp': '', 'perChg': '', 'stkId': 'TP01', 'displayLock': 'N', 'scanproflg': 1, 'scUrl': 'pharmaceuticals/marksanspharma/MP21', 'columns': [{'name': 'change %', 'value': '-6.99'}, {'name': 'Bollinger Band Indicator value', 'value': '248.23'}, {'name': 'LTP', 'value': '242.10'}]}",OHLC_D_I_BELOWBOLLOWEBAND,Bollinger Band Breakdown,"Stocks with a closing price below the lower Bollinger band (20,2).",18,Range Breakout,"Stocks with a closing price below the lower Bollinger band (20,2).",,,False,1,N,,OHLC_D_I_BELOWBOLLOWEBAND
1784718917,"{'stkname': 'Albert David', 'ltp': '', 'perChg': '', 'stkId': 'AD01', 'displayLock': 'N', 'scanproflg': 1, 'scUrl': 'pharmaceuticals/albertdavid/AD01', 'columns': [{'name': 'change %', 'value': '-1.34'}, {'name': 'Bollinger Band Indicator value', 'value': '688.03'}, {'name': 'LTP', 'value': '687.00'}]}",OHLC_D_I_BELOWBOLLOWEBAND,Bollinger Band Breakdown,"Stocks with a closing price below the lower Bollinger band (20,2).",18,Range Breakout,"Stocks with a closing price below the lower Bollinger band (20,2).",,,False,1,N,,OHLC_D_I_BELOWBOLLOWEBAND
1784718917,"{'stkname': 'Amrutanjan Heal', 'ltp': '', 'perChg': '', 'stkId': 'A08', 'displayLock': 'N', 'scanproflg': 1, 'scUrl': 'pharmaceuticals/amrutanjanhealthcare/AHC01', 'columns': [{'name': 'change %', 'value': '-2.09'}, {'name': 'Bollinger Band Indicator value', 'value': '527.89'}, {'name': 'LTP', 'value': '527.35'}]}",OHLC_D_I_BELOWBOLLOWEBAND,Bollinger Band Breakdown,"Stocks with a closing price below the lower Bollinger band (20,2).",18,Range Breakout,"Stocks with a closing price below the lower Bollinger band (20,2).",,,False,1,N,,OHLC_D_I_BELOWBOLLOWEBAND
1784718917,"{'stkname': 'Caplin Labs', 'ltp': '', 'perChg': '', 'stkId': 'CPL', 'displayLock': 'N', 'scanproflg': 1, 'scUrl': 'pharmaceuticals/caplinpointlaboratories/CPL', 'columns': [{'name': 'change %', 'value': '-4.43'}, {'name': 'Bollinger Band Indicator value', 'value': '2,506.56'}, {'name': 'LTP', 'value': '2,492.50'}]}",OHLC_D_I_BELOWBOLLOWEBAND,Bollinger Band Breakdown,"Stocks with a closing price below the lower Bollinger band (20,2).",18,Range Breakout,"Stocks with a closing price below the lower Bollinger band (20,2).",,,False,1,N,,OHLC_D_I_BELOWBOLLOWEBAND
1784718917,"{'stkname': 'Garware HiTech', 'ltp': '', 'perChg': '', 'stkId': 'GP', 'displayLock': 'N', 'scanproflg': 1, 'scUrl': 'packaging/garwarehi-techfilms/GP', 'columns': [{'name': 'change %', 'value': '-1.76'}, {'name': 'Bollinger Band Indicator value', 'value': '6,805.12'}, {'name': 'LTP', 'value': '6,799.00'}]}",OHLC_D_I_BELOWBOLLOWEBAND,Bollinger Band Breakdown,"Stocks with a closing price below the lower Bollinger band (20,2).",18,Range Breakout,"Stocks with a closing price below the lower Bollinger band (20,2).",,,False,1,N,,OHLC_D_I_BELOWBOLLOWEBAND
1784718917,"{'stkname': 'AGI Greenpac', 'ltp': '', 'perChg': '', 'stkId': 'HSI', 'displayLock': 'N', 'scanproflg': 1, 'scUrl': 'containerspackaging/agigreenpac/HSI02', 'columns': [{'name': 'change %', 'value': '-2.97'}, {'name': 'Bollinger Band Indicator value', 'value': '670.01'}, {'name': 'LTP', 'value': '666.00'}]}",OHLC_D_I_BELOWBOLLOWEBAND,Bollinger Band Breakdown,"Stocks with a closing price below the lower Bollinger band (20,2).",18,Range Breakout,"Stocks with a closing price below the lower Bollinger band (20,2).",,,False,1,N,,OHLC_D_I_BELOWBOLLOWEBAND
1784718917,"{'stkname': 'Lincoln Pharma', 'ltp': '', 'perChg': '', 'stkId': 'LP06', 'displayLock': 'N', 'scanproflg': 1, 'scUrl': 'pharmaceuticals/lincolnpharmaceuticals/LP06', 'columns': [{'name': 'change %', 'value': '-3.59'}, {'name': 'Bollinger Band Indicator value', 'value': '582.99'}, {'name': 'LTP', 'value': '577.00'}]}",OHLC_D_I_BELOWBOLLOWEBAND,Bollinger Band Breakdown,"Stocks with a closing price below the lower Bollinger band (20,2).",18,Range Breakout,"Stocks with a closing price below the lower Bollinger band (20,2).",,,False,1,N,,OHLC_D_I_BELOWBOLLOWEBAND
1784718917,"{'stkname': 'Shri Rama Multi', 'ltp': '', 'perChg': '', 'stkId': 'SRI01', 'displayLock': 'N', 'scanproflg': 1, 'scUrl': 'packaging/shreeramamultitech/SRI01', 'columns': [{'name': 'change %', 'value': '-3.52'}, {'name': 'Bollinger Band Indicator value', 'value': '40.58'}, {'name': 'LTP', 'value': '40.33'}]}",OHLC_D_I_BELOWBOLLOWEBAND,Bollinger Band Breakdown,"Stocks with a closing price below the lower Bollinger band (20,2).",18,Range Breakout,"Stocks with a closing price below the lower Bollinger band (20,2).",,,False,1,N,,OHLC_D_I_BELOWBOLLOWEBAND
1784718917,"{'stkname': 'GMDC', 'ltp': '', 'perChg': '', 'stkId': 'GMD', 'displayLock': 'N', 'scanproflg': 1, 'scUrl': 'miningminerals/gujaratmineraldevelopmentcorporation/GMD', 'columns': [{'name': 'change %', 'value': '-2.98'}, {'name': 'Bollinger Band Indicator value', 'value': '568.09'}, {'name': 'LTP', 'value': '563.00'}]}",OHLC_D_I_BELOWBOLLOWEBAND,Bollinger Band Breakdown,"Stocks with a closing price below the lower Bollinger band (20,2).",18,Range Breakout,"Stocks with a closing price below the lower Bollinger band (20,2).",,,False,1,N,,OHLC_D_I_BELOWBOLLOWEBAND
1784718917,"{'stkname': 'KPR Mill', 'ltp': '', 'perChg': '', 'stkId': 'M09', 'displayLock': 'N', 'scanproflg': 1, 'scUrl': 'textiles-readymade-apparels/kprmill/M15', 'columns': [{'name': 'change %', 'value': '-3.53'}, {'name': 'Bollinger Band Indicator value', 'value': '1,067.01'}, {'name': 'LTP', 'value': '1,062.00'}]}",OHLC_D_I_BELOWBOLLOWEBAND,Bollinger Band Breakdown,"Stocks with a closing price below the lower Bollinger band (20,2).",18,Range Breakout,"Stocks with a closing price below the lower Bollinger band (20,2).",,,False,1,N,,OHLC_D_I_BELOWBOLLOWEBAND
1784718917,"{'stkname': 'Ratnamani Metal', 'ltp': '', 'perChg': '', 'stkId': 'RMT', 'displayLock': 'N', 'scanproflg': 1, 'scUrl': 'steel-tubespipes/ratnamanimetalstubes/RMT', 'columns': [{'name': 'change %', 'value': '-2.24'}, {'name': 'Bollinger Band Indicator value', 'value': '2,491.28'}, {'name': 'LTP', 'value': '2,482.00'}]}",OHLC_D_I_BELOWBOLLOWEBAND,Bollinger Band Breakdown,"Stocks with a closing price below the lower Bollinger band (20,2).",18,Range Breakout,"Stocks with a closing price below the lower Bollinger band (20,2).",,,False,1,N,,OHLC_D_I_BELOWBOLLOWEBAND
1784718917,"{'stkname': 'Xpro India', 'ltp': '', 'perChg': '', 'stkId': 'XI', 'displayLock': 'N', 'scanproflg': 1, 'scUrl': 'packaging/xproindia/XI', 'columns': [{'name': 'change %', 'value': '-2.75'}, {'name': 'Bollinger Band Indicator value', 'value': '1,350.10'}, {'name': 'LTP', 'value': '1,345.00'}]}",OHLC_D_I_BELOWBOLLOWEBAND,Bollinger Band Breakdown,"Stocks with a closing price below the lower Bollinger band (20,2).",18,Range Breakout,"Stocks with a closing price below the lower Bollinger band (20,2).",,,False,1,N,,OHLC_D_I_BELOWBOLLOWEBAND
1784718917,"{'stkname': 'KIOCL', 'ltp': '', 'perChg': '', 'stkId': 'KIO', 'displayLock': 'N', 'scanproflg': 1, 'scUrl': 'steel-sponge-iron/kiocl/KIO', 'columns': [{'name': 'change %', 'value': '-3.39'}, {'name': 'Bollinger Band Indicator value', 'value': '360.12'}, {'name': 'LTP', 'value': '356.40'}]}",OHLC_D_I_BELOWBOLLOWEBAND,Bollinger Band Breakdown,"Stocks with a closing price below the lower Bollinger band (20,2).",18,Range Breakout,"Stocks with a closing price below the lower Bollinger band (20,2).",,,False,1,N,,OHLC_D_I_BELOWBOLLOWEBAND
1784718917,"{'stkname': 'Total Transport', 'ltp': '', 'perChg': '', 'stkId': 'TTS01', 'displayLock': 'N', 'scanproflg': 1, 'scUrl': 'transportlogistics/totaltransportsystems/TTS01', 'columns': [{'name': 'change %', 'value': '-0.62'}, {'name': 'Bollinger Band Indicator value', 'value': '48.43'}, {'name': 'LTP', 'value': '48.10'}]}",OHLC_D_I_BELOWBOLLOWEBAND,Bollinger Band Breakdown,"Stocks with a closing price below the lower Bollinger band (20,2).",18,Range Breakout,"Stocks with a closing price below the lower Bollinger band (20,2).",,,False,1,N,,OHLC_D_I_BELOWBOLLOWEBAND
1784718917,"{'stkname': 'Gallantt Ispat', 'ltp': '', 'perChg': '', 'stkId': 'GM02', 'displayLock': 'N', 'scanproflg': 1, 'scUrl': 'ironsteel/gallanttispat/GM02', 'columns': [{'name': 'change %', 'value': '-5.00'}, {'name': 'Bollinger Band Indicator value', 'value': '575.96'}, {'name': 'LTP', 'value': '561.45'}]}",OHLC_D_I_BELOWBOLLOWEBAND,Bollinger Band Breakdown,"Stocks with a closing price below the lower Bollinger band (20,2).",18,Range Breakout,"Stocks with a closing price below the lower Bollinger band (20,2).",,,False,1,N,,OHLC_D_I_BELOWBOLLOWEBAND
1784718917,"{'stkname': 'Zee Media', 'ltp': '', 'perChg': '', 'stkId': 'ZN', 'displayLock': 'N', 'scanproflg': 1, 'scUrl': 'mediaentertainment/zeemediacorporation/ZN', 'columns': [{'name': 'change %', 'value': '-2.35'}, {'name': 'Bollinger Band Indicator value', 'value': '7.93'}, {'name': 'LTP', 'value': '7.90'}]}",OHLC_D_I_BELOWBOLLOWEBAND,Bollinger Band Breakdown,"Stocks with a closing price below the lower Bollinger band (20,2).",18,Range Breakout,"Stocks with a closing price below the lower Bollinger band (20,2).",,,False,1,N,,OHLC_D_I_BELOWBOLLOWEBAND
1784718917,"{'stkname': 'Genesys Int', 'ltp': '', 'perChg': '', 'stkId': 'GIC10', 'displayLock': 'N', 'scanproflg': 1, 'scUrl': 'computers-software-mediumsmall/genesysinternationalcorporation/GIC10', 'columns': [{'name': 'change %', 'value': '-6.98'}, {'name': 'Bollinger Band Indicator value', 'value': '306.55'}, {'name': 'LTP', 'value': '301.00'}]}",OHLC_D_I_BELOWBOLLOWEBAND,Bollinger Band Breakdown,"Stocks with a closing price below the lower Bollinger band (20,2).",18,Range Breakout,"Stocks with a closing price below the lower Bollinger band (20,2).",,,False,1,N,,OHLC_D_I_BELOWBOLLOWEBAND
1784718917,"{'stkname': 'Balaji Telefilm', 'ltp': '', 'perChg': '', 'stkId': 'BT06', 'displayLock': 'N', 'scanproflg': 1, 'scUrl': 'mediaentertainment/balajitelefilms/BT06', 'columns': [{'name': 'change %', 'value': '-1.64'}, {'name': 'Bollinger Band Indicator value', 'value': '85.57'}, {'name': 'LTP', 'value': '85.20'}]}",OHLC_D_I_BELOWBOLLOWEBAND,Bollinger Band Breakdown,"Stocks with a closing price below the lower Bollinger band (20,2).",18,Range Breakout,"Stocks with a closing price below the lower Bollinger band (20,2).",,,False,1,N,,OHLC_D_I_BELOWBOLLOWEBAND
1784718917,"{'stkname': 'Linde India', 'ltp': '', 'perChg': '', 'stkId': 'BOC', 'displayLock': 'N', 'scanproflg': 1, 'scUrl': 'chemicals/lindeindia/BOC', 'columns': [{'name': 'change %', 'value': '-2.35'}, {'name': 'Bollinger Band Indicator value', 'value': '6,861.02'}, {'name': 'LTP', 'value': '6,839.50'}]}",OHLC_D_I_BELOWBOLLOWEBAND,Bollinger Band Breakdown,"Stocks with a closing price below the lower Bollinger band (20,2).",18,Range Breakout,"Stocks with a closing price below the lower Bollinger band (20,2).",,,False,1,N,,OHLC_D_I_BELOWBOLLOWEBAND
1784718917,"{'stkname': 'GSS Infotech', 'ltp': '', 'perChg': '', 'stkId': 'GAI03', 'displayLock': 'N', 'scanproflg': 1, 'scUrl': 'computers-software-mediumsmall/gssinfotech/GAI05', 'columns': [{'name': 'change %', 'value': '-3.22'}, {'name': 'Bollinger Band Indicator value', 'value': '12.10'}, {'name': 'LTP', 'value': '12.04'}]}",OHLC_D_I_BELOWBOLLOWEBAND,Bollinger Band Breakdown,"Stocks with a closing price below the lower Bollinger band (20,2).",18,Range Breakout,"Stocks with a closing price below the lower Bollinger band (20,2).",,,False,1,N,,OHLC_D_I_BELOWBOLLOWEBAND
1784718917,"{'stkname': 'Quick Heal Tech', 'ltp': '', 'perChg': '', 'stkId': 'QHT', 'displayLock': 'N', 'scanproflg': 1, 'scUrl': 'computers-software/quickhealtechnologies/QHT', 'columns': [{'name': 'change %', 'value': '-1.28'}, {'name': 'Bollinger Band Indicator value', 'value': '156.13'}, {'name': 'LTP', 'value': '156.00'}]}",OHLC_D_I_BELOWBOLLOWEBAND,Bollinger Band Breakdown,"Stocks with a closing price below the lower Bollinger band (20,2).",18,Range Breakout,"Stocks with a closing price below the lower Bollinger band (20,2).",,,False,1,N,,OHLC_D_I_BELOWBOLLOWEBAND
1784718917,"{'stkname': 'Kamat Hotels', 'ltp': '', 'perChg': '', 'stkId': 'KHI', 'displayLock': 'N', 'scanproflg': 1, 'scUrl': 'hotels/kamathotelsindia/KHI', 'columns': [{'name': 'change %', 'value': '-3.15'}, {'name': 'Bollinger Band Indicator value', 'value': '167.68'}, {'name': 'LTP', 'value': '166.60'}]}",OHLC_D_I_BELOWBOLLOWEBAND,Bollinger Band Breakdown,"Stocks with a closing price below the lower Bollinger band (20,2).",18,Range Breakout,"Stocks with a closing price below the lower Bollinger band (20,2).",,,False,1,N,,OHLC_D_I_BELOWBOLLOWEBAND
1784718917,"{'stkname': 'RS Software', 'ltp': '', 'perChg': '', 'stkId': 'RSS', 'displayLock': 'N', 'scanproflg': 1, 'scUrl': 'computers-software-mediumsmall/rssoftwareindia/RSS', 'columns': [{'name': 'change %', 'value': '-1.52'}, {'name': 'Bollinger Band Indicator value', 'value': '32.60'}, {'name': 'LTP', 'value': '32.50'}]}",OHLC_D_I_BELOWBOLLOWEBAND,Bollinger Band Breakdown,"Stocks with a closing price below the lower Bollinger band (20,2).",18,Range Breakout,"Stocks with a closing price below the lower Bollinger band (20,2).",,,False,1,N,,OHLC_D_I_BELOWBOLLOWEBAND
1784718917,"{'stkname': 'Tejas Networks', 'ltp': '', 'perChg': '', 'stkId': 'TN', 'displayLock': 'N', 'scanproflg': 1, 'scUrl': 'telecommunications-equipment/tejasnetworks/TN', 'columns': [{'name': 'change %', 'value': '-3.61'}, {'name': 'Bollinger Band Indicator value', 'value': '520.27'}, {'name': 'LTP', 'value': '517.95'}]}",OHLC_D_I_BELOWBOLLOWEBAND,Bollinger Band Breakdown,"Stocks with a closing price below the lower Bollinger band (20,2).",18,Range Breakout,"Stocks with a closing price below the lower Bollinger band (20,2).",,,False,1,N,,OHLC_D_I_BELOWBOLLOWEBAND
1784718917,"{'stkname': 'Jindal Photo', 'ltp': '', 'perChg': '', 'stkId': 'JP11', 'displayLock': 'N', 'scanproflg': 1, 'scUrl': 'consumer-goods-electronic/jindalphoto/JP11', 'columns': [{'name': 'change %', 'value': '-2.60'}, {'name': 'Bollinger Band Indicator value', 'value': '1,069.90'}, {'name': 'LTP', 'value': '1,065.80'}]}",OHLC_D_I_BELOWBOLLOWEBAND,Bollinger Band Breakdown,"Stocks with a closing price below the lower Bollinger band (20,2).",18,Range Breakout,"Stocks with a closing price below the lower Bollinger band (20,2).",,,False,1,N,,OHLC_D_I_BELOWBOLLOWEBAND
1784718917,"{'stkname': 'Safari Ind', 'ltp': '', 'perChg': '', 'stkId': 'SII01', 'displayLock': 'N', 'scanproflg': 1, 'scUrl': 'householdpersonal-products/safariindustriesindia/SII01', 'columns': [{'name': 'change %', 'value': '-2.48'}, {'name': 'Bollinger Band Indicator value', 'value': '1,575.96'}, {'name': 'LTP', 'value': '1,574.20'}]}",OHLC_D_I_BELOWBOLLOWEBAND,Bollinger Band Breakdown,"Stocks with a closing price below the lower Bollinger band (20,2).",18,Range Breakout,"Stocks with a closing price below the lower Bollinger band (20,2).",,,False,1,N,,OHLC_D_I_BELOWBOLLOWEBAND
1784718917,"{'stkname': 'Electrosteel', 'ltp': '', 'perChg': '', 'stkId': 'EC02', 'displayLock': 'N', 'scanproflg': 1, 'scUrl': 'castingsforgings/electrosteelcastings/EC02', 'columns': [{'name': 'change %', 'value': '-2.33'}, {'name': 'Bollinger Band Indicator value', 'value': '71.65'}, {'name': 'LTP', 'value': '71.23'}]}",OHLC_D_I_BELOWBOLLOWEBAND,Bollinger Band Breakdown,"Stocks with a closing price below the lower Bollinger band (20,2).",18,Range Breakout,"Stocks with a closing price below the lower Bollinger band (20,2).",,,False,1,N,,OHLC_D_I_BELOWBOLLOWEBAND
1784718917,"{'stkname': 'Krishival Foods', 'ltp': '', 'perChg': '', 'stkId': 'EC07', 'displayLock': 'N', 'scanproflg': 1, 'scUrl': 'consumer-food/krishivalfoods/EC04', 'columns': [{'name': 'change %', 'value': '-1.05'}, {'name': 'Bollinger Band Indicator value', 'value': '390.78'}, {'name': 'LTP', 'value': '389.25'}]}",OHLC_D_I_BELOWBOLLOWEBAND,Bollinger Band Breakdown,"Stocks with a closing price below the lower Bollinger band (20,2).",18,Range Breakout,"Stocks with a closing price below the lower Bollinger band (20,2).",,,False,1,N,,OHLC_D_I_BELOWBOLLOWEBAND
1784718917,"{'stkname': 'Summit Sec', 'ltp': '', 'perChg': '', 'stkId': 'KEC', 'displayLock': 'N', 'scanproflg': 1, 'scUrl': 'finance-investments/summitsecurities/SS56', 'columns': [{'name': 'change %', 'value': '-3.96'}, {'name': 'Bollinger Band Indicator value', 'value': '1,452.02'}, {'name': 'LTP', 'value': '1,441.00'}]}",OHLC_D_I_BELOWBOLLOWEBAND,Bollinger Band Breakdown,"Stocks with a closing price below the lower Bollinger band (20,2).",18,Range Breakout,"Stocks with a closing price below the lower Bollinger band (20,2).",,,False,1,N,,OHLC_D_I_BELOWBOLLOWEBAND
1784718917,"{'stkname': 'Indraprastha', 'ltp': '', 'perChg': '', 'stkId': 'IMC03', 'displayLock': 'N', 'scanproflg': 1, 'scUrl': 'hospitalsmedical-services/indraprasthamedicalcorporation/IMC03', 'columns': [{'name': 'change %', 'value': '-1.96'}, {'name': 'Bollinger Band Indicator value', 'value': '367.11'}, {'name': 'LTP', 'value': '366.95'}]}",OHLC_D_I_BELOWBOLLOWEBAND,Bollinger Band Breakdown,"Stocks with a closing price below the lower Bollinger band (20,2).",18,Range Breakout,"Stocks with a closing price below the lower Bollinger band (20,2).",,,False,1,N,,OHLC_D_I_BELOWBOLLOWEBAND
1784718917,"{'stkname': 'VIP Industries', 'ltp': '', 'perChg': '', 'stkId': 'VIP', 'displayLock': 'N', 'scanproflg': 1, 'scUrl': 'householdpersonal-products/vipindustries/VIP', 'columns': [{'name': 'change %', 'value': '-2.30'}, {'name': 'Bollinger Band Indicator value', 'value': '293.02'}, {'name': 'LTP', 'value': '292.90'}]}",OHLC_D_I_BELOWBOLLOWEBAND,Bollinger Band Breakdown,"Stocks with a closing price below the lower Bollinger band (20,2).",18,Range Breakout,"Stocks with a closing price below the lower Bollinger band (20,2).",,,False,1,N,,OHLC_D_I_BELOWBOLLOWEBAND
1784718917,"{'stkname': 'ABSL AMC', 'ltp': '', 'perChg': '', 'stkId': 'ABS', 'displayLock': 'N', 'scanproflg': 1, 'scUrl': 'finance-investment/adityabirlasunlifeamc/ABS', 'columns': [{'name': 'change %', 'value': '-3.46'}, {'name': 'Bollinger Band Indicator value', 'value': '1,034.27'}, {'name': 'LTP', 'value': '1,007.00'}]}",OHLC_D_I_BELOWBOLLOWEBAND,Bollinger Band Breakdown,"Stocks with a closing price below the lower Bollinger band (20,2).",18,Range Breakout,"Stocks with a closing price below the lower Bollinger band (20,2).",,,False,1,N,,OHLC_D_I_BELOWBOLLOWEBAND
1784718917,"{'stkname': 'Prataap Snacks ', 'ltp': '', 'perChg': '', 'stkId': 'PS20', 'displayLock': 'N', 'scanproflg': 1, 'scUrl': 'food-processing/prataapsnacks/PS20', 'columns': [{'name': 'change %', 'value': '-2.29'}, {'name': 'Bollinger Band Indicator value', 'value': '1,131.47'}, {'name': 'LTP', 'value': '1,122.60'}]}",OHLC_D_I_BELOWBOLLOWEBAND,Bollinger Band Breakdown,"Stocks with a closing price below the lower Bollinger band (20,2).",18,Range Breakout,"Stocks with a closing price below the lower Bollinger band (20,2).",,,False,1,N,,OHLC_D_I_BELOWBOLLOWEBAND
1784718917,"{'stkname': 'GIC Housing Fin', 'ltp': '', 'perChg': '', 'stkId': 'GIC', 'displayLock': 'N', 'scanproflg': 1, 'scUrl': 'finance-housing/gichousingfinance/GIC', 'columns': [{'name': 'change %', 'value': '-0.80'}, {'name': 'Bollinger Band Indicator value', 'value': '147.84'}, {'name': 'LTP', 'value': '147.75'}]}",OHLC_D_I_BELOWBOLLOWEBAND,Bollinger Band Breakdown,"Stocks with a closing price below the lower Bollinger band (20,2).",18,Range Breakout,"Stocks with a closing price below the lower Bollinger band (20,2).",,,False,1,N,,OHLC_D_I_BELOWBOLLOWEBAND
1784718917,"{'stkname': 'Parag Milk Food', 'ltp': '', 'perChg': '', 'stkId': 'PMF01', 'displayLock': 'N', 'scanproflg': 1, 'scUrl': 'food-processing/paragmilkfoods/PMF01', 'columns': [{'name': 'change %', 'value': '-4.16'}, {'name': 'Bollinger Band Indicator value', 'value': '218.05'}, {'name': 'LTP', 'value': '216.60'}]}",OHLC_D_I_BELOWBOLLOWEBAND,Bollinger Band Breakdown,"Stocks with a closing price below the lower Bollinger band (20,2).",18,Range Breakout,"Stocks with a closing price below the lower Bollinger band (20,2).",,,False,1,N,,OHLC_D_I_BELOWBOLLOWEBAND
1784718917,"{'stkname': 'Can Fin Homes', 'ltp': '', 'perChg': '', 'stkId': 'CFH', 'displayLock': 'N', 'scanproflg': 1, 'scUrl': 'finance-housing/canfinhomes/CFH', 'columns': [{'name': 'change %', 'value': '-1.79'}, {'name': 'Bollinger Band Indicator value', 'value': '824.41'}, {'name': 'LTP', 'value': '817.60'}]}",OHLC_D_I_BELOWBOLLOWEBAND,Bollinger Band Breakdown,"Stocks with a closing price below the lower Bollinger band (20,2).",18,Range Breakout,"Stocks with a closing price below the lower Bollinger band (20,2).",,,False,1,N,,OHLC_D_I_BELOWBOLLOWEBAND
1784718917,"{'stkname': 'Rashtriya Chem', 'ltp': '', 'perChg': '', 'stkId': 'RCF01', 'displayLock': 'N', 'scanproflg': 1, 'scUrl': 'fertilisers/rashtriyachemicalsfertilisers/RCF01', 'columns': [{'name': 'change %', 'value': '-1.47'}, {'name': 'Bollinger Band Indicator value', 'value': '125.79'}, {'name': 'LTP', 'value': '125.77'}]}",OHLC_D_I_BELOWBOLLOWEBAND,Bollinger Band Breakdown,"Stocks with a closing price below the lower Bollinger band (20,2).",18,Range Breakout,"Stocks with a closing price below the lower Bollinger band (20,2).",,,False,1,N,,OHLC_D_I_BELOWBOLLOWEBAND
1784718917,"{'stkname': 'Rel Ind Infra', 'ltp': '', 'perChg': '', 'stkId': 'RII', 'displayLock': 'N', 'scanproflg': 1, 'scUrl': 'infrastructure-general/relianceindustrialinfrastructure/RII', 'columns': [{'name': 'change %', 'value': '-2.58'}, {'name': 'Bollinger Band Indicator value', 'value': '753.19'}, {'name': 'LTP', 'value': '746.50'}]}",OHLC_D_I_BELOWBOLLOWEBAND,Bollinger Band Breakdown,"Stocks with a closing price below the lower Bollinger band (20,2).",18,Range Breakout,"Stocks with a closing price below the lower Bollinger band (20,2).",,,False,1,N,,OHLC_D_I_BELOWBOLLOWEBAND
1784718917,"{'stkname': 'Aries Agro', 'ltp': '', 'perChg': '', 'stkId': 'AA13', 'displayLock': 'N', 'scanproflg': 1, 'scUrl': 'fertilisers/ariesagro/AA02', 'columns': [{'name': 'change %', 'value': '-0.99'}, {'name': 'Bollinger Band Indicator value', 'value': '336.77'}, {'name': 'LTP', 'value': '336.65'}]}",OHLC_D_I_BELOWBOLLOWEBAND,Bollinger Band Breakdown,"Stocks with a closing price below the lower Bollinger band (20,2).",18,Range Breakout,"Stocks with a closing price below the lower Bollinger band (20,2).",,,False,1,N,,OHLC_D_I_BELOWBOLLOWEBAND
1784718917,"{'stkname': 'Insecticides', 'ltp': '', 'perChg': '', 'stkId': 'II16', 'displayLock': 'N', 'scanproflg': 1, 'scUrl': 'pesticidesagro-chemicals/insecticidesindia/II16', 'columns': [{'name': 'change %', 'value': '-0.17'}, {'name': 'Bollinger Band Indicator value', 'value': '623.10'}, {'name': 'LTP', 'value': '623.00'}]}",OHLC_D_I_BELOWBOLLOWEBAND,Bollinger Band Breakdown,"Stocks with a closing price below the lower Bollinger band (20,2).",18,Range Breakout,"Stocks with a closing price below the lower Bollinger band (20,2).",,,False,1,N,,OHLC_D_I_BELOWBOLLOWEBAND
1784718917,"{'stkname': 'Simplex Infra', 'ltp': '', 'perChg': '', 'stkId': 'SCP', 'displayLock': 'N', 'scanproflg': 1, 'scUrl': 'constructioncontracting-civil/simplexinfrastructures/SI82', 'columns': [{'name': 'change %', 'value': '-3.90'}, {'name': 'Bollinger Band Indicator value', 'value': '242.74'}, {'name': 'LTP', 'value': '240.00'}]}",OHLC_D_I_BELOWBOLLOWEBAND,Bollinger Band Breakdown,"Stocks with a closing price below the lower Bollinger band (20,2).",18,Range Breakout,"Stocks with a closing price below the lower Bollinger band (20,2).",,,False,1,N,,OHLC_D_I_BELOWBOLLOWEBAND
1784718917,"{'stkname': 'NFL', 'ltp': '', 'perChg': '', 'stkId': 'NF06', 'displayLock': 'N', 'scanproflg': 1, 'scUrl': 'fertilisers/nationalfertilizers/NF06', 'columns': [{'name': 'change %', 'value': '-1.42'}, {'name': 'Bollinger Band Indicator value', 'value': '71.02'}, {'name': 'LTP', 'value': '70.85'}]}",OHLC_D_I_BELOWBOLLOWEBAND,Bollinger Band Breakdown,"Stocks with a closing price below the lower Bollinger band (20,2).",18,Range Breakout,"Stocks with a closing price below the lower Bollinger band (20,2).",,,False,1,N,,OHLC_D_I_BELOWBOLLOWEBAND
1784718917,"{'stkname': 'Fert and Chem', 'ltp': '', 'perChg': '', 'stkId': 'FCT', 'displayLock': 'N', 'scanproflg': 1, 'scUrl': 'fertilisers/fertiliserschemicalstravancore/FCT', 'columns': [{'name': 'change %', 'value': '-2.45'}, {'name': 'Bollinger Band Indicator value', 'value': '814.79'}, {'name': 'LTP', 'value': '813.00'}]}",OHLC_D_I_BELOWBOLLOWEBAND,Bollinger Band Breakdown,"Stocks with a closing price below the lower Bollinger band (20,2).",18,Range Breakout,"Stocks with a closing price below the lower Bollinger band (20,2).",,,False,1,N,,OHLC_D_I_BELOWBOLLOWEBAND
1784718917,"{'stkname': 'AAVAS Financier', 'ltp': '', 'perChg': '', 'stkId': 'AF32', 'displayLock': 'N', 'scanproflg': 1, 'scUrl': 'finance-general/aavasfinanciers/AF17', 'columns': [{'name': 'change %', 'value': '-5.59'}, {'name': 'Bollinger Band Indicator value', 'value': '1,444.78'}, {'name': 'LTP', 'value': '1,436.60'}]}",OHLC_D_I_BELOWBOLLOWEBAND,Bollinger Band Breakdown,"Stocks with a closing price below the lower Bollinger band (20,2).",18,Range Breakout,"Stocks with a closing price below the lower Bollinger band (20,2).",,,False,1,N,,OHLC_D_I_BELOWBOLLOWEBAND
1784718917,"{'stkname': 'Bharat Rasayan', 'ltp': '', 'perChg': '', 'stkId': 'BR01', 'displayLock': 'N', 'scanproflg': 1, 'scUrl': 'pesticidesagro-chemicals/bharatrasayan/BR01', 'columns': [{'name': 'change %', 'value': '-2.86'}, {'name': 'Bollinger Band Indicator value', 'value': '1,286.05'}, {'name': 'LTP', 'value': '1,284.00'}]}",OHLC_D_I_BELOWBOLLOWEBAND,Bollinger Band Breakdown,"Stocks with a closing price below the lower Bollinger band (20,2).",18,Range Breakout,"Stocks with a closing price below the lower Bollinger band (20,2).",,,False,1,N,,OHLC_D_I_BELOWBOLLOWEBAND
1784718917,"{'stkname': 'GSFC', 'ltp': '', 'perChg': '', 'stkId': 'GSF', 'displayLock': 'N', 'scanproflg': 1, 'scUrl': 'fertilisers/gujaratstatefertilizerschemicals/GSF', 'columns': [{'name': 'change %', 'value': '-1.57'}, {'name': 'Bollinger Band Indicator value', 'value': '156.93'}, {'name': 'LTP', 'value': '156.19'}]}",OHLC_D_I_BELOWBOLLOWEBAND,Bollinger Band Breakdown,"Stocks with a closing price below the lower Bollinger band (20,2).",18,Range Breakout,"Stocks with a closing price below the lower Bollinger band (20,2).",,,False,1,N,,OHLC_D_I_BELOWBOLLOWEBAND
1784718917,"{'stkname': 'Kirloskar Pneum', 'ltp': '', 'perChg': '', 'stkId': 'KGK', 'displayLock': 'N', 'scanproflg': 1, 'scUrl': 'compressors/kirloskarpneumaticcompany/KGK', 'columns': [{'name': 'change %', 'value': '-0.75'}, {'name': 'Bollinger Band Indicator value', 'value': '1,608.62'}, {'name': 'LTP', 'value': '1,604.00'}]}",OHLC_D_I_BELOWBOLLOWEBAND,Bollinger Band Breakdown,"Stocks with a closing price below the lower Bollinger band (20,2).",18,Range Breakout,"Stocks with a closing price below the lower Bollinger band (20,2).",,,False,1,N,,OHLC_D_I_BELOWBOLLOWEBAND
1784718917,"{'stkname': 'Man Infra', 'ltp': '', 'perChg': '', 'stkId': 'MI37', 'displayLock': 'N', 'scanproflg': 1, 'scUrl': 'constructioncontracting-civil/maninfraconstruction/MI37', 'columns': [{'name': 'change %', 'value': '-1.88'}, {'name': 'Bollinger Band Indicator value', 'value': '97.86'}, {'name': 'LTP', 'value': '97.80'}]}",OHLC_D_I_BELOWBOLLOWEBAND,Bollinger Band Breakdown,"Stocks with a closing price below the lower Bollinger band (20,2).",18,Range Breakout,"Stocks with a closing price below the lower Bollinger band (20,2).",,,False,1,N,,OHLC_D_I_BELOWBOLLOWEBAND
1784718917,"{'stkname': 'PNC Infratech', 'ltp': '', 'perChg': '', 'stkId': 'PI29', 'displayLock': 'N', 'scanproflg': 1, 'scUrl': 'constructioncontracting-real-estate/pncinfratech/PI26', 'columns': [{'name': 'change %', 'value': '-3.87'}, {'name': 'Bollinger Band Indicator value', 'value': '235.37'}, {'name': 'LTP', 'value': '233.65'}]}",OHLC_D_I_BELOWBOLLOWEBAND,Bollinger Band Breakdown,"Stocks with a closing price below the lower Bollinger band (20,2).",18,Range Breakout,"Stocks with a closing price below the lower Bollinger band (20,2).",,,False,1,N,,OHLC_D_I_BELOWBOLLOWEBAND
1784718917,"{'stkname': 'Swaraj Engines', 'ltp': '', 'perChg': '', 'stkId': 'SE', 'displayLock': 'N', 'scanproflg': 1, 'scUrl': 'engines/swarajengines/SE', 'columns': [{'name': 'change %', 'value': '-0.88'}, {'name': 'Bollinger Band Indicator value', 'value': '3,591.25'}, {'name': 'LTP', 'value': '3,575.00'}]}",OHLC_D_I_BELOWBOLLOWEBAND,Bollinger Band Breakdown,"Stocks with a closing price below the lower Bollinger band (20,2).",18,Range Breakout,"Stocks with a closing price below the lower Bollinger band (20,2).",,,False,1,N,,OHLC_D_I_BELOWBOLLOWEBAND
1784718917,"{'stkname': 'BEML', 'ltp': '', 'perChg': '', 'stkId': 'BEM', 'displayLock': 'N', 'scanproflg': 1, 'scUrl': 'infrastructure-general/beml/BEM03', 'columns': [{'name': 'change %', 'value': '-2.87'}, {'name': 'Bollinger Band Indicator value', 'value': '1,736.81'}, {'name': 'LTP', 'value': '1,735.00'}]}",OHLC_D_I_BELOWBOLLOWEBAND,Bollinger Band Breakdown,"Stocks with a closing price below the lower Bollinger band (20,2).",18,Range Breakout,"Stocks with a closing price below the lower Bollinger band (20,2).",,,False,1,N,,OHLC_D_I_BELOWBOLLOWEBAND
1784718917,"{'stkname': 'Tega Industries', 'ltp': '', 'perChg': '', 'stkId': 'TI30', 'displayLock': 'N', 'scanproflg': 1, 'scUrl': 'engineering-industrial-equipments/tegaindustries/TI26', 'columns': [{'name': 'change %', 'value': '-4.10'}, {'name': 'Bollinger Band Indicator value', 'value': '1,576.89'}, {'name': 'LTP', 'value': '1,568.00'}]}",OHLC_D_I_BELOWBOLLOWEBAND,Bollinger Band Breakdown,"Stocks with a closing price below the lower Bollinger band (20,2).",18,Range Breakout,"Stocks with a closing price below the lower Bollinger band (20,2).",,,False,1,N,,OHLC_D_I_BELOWBOLLOWEBAND
1784718917,"{'stkname': 'V-Guard Ind', 'ltp': '', 'perChg': '', 'stkId': 'VI16', 'displayLock': 'N', 'scanproflg': 1, 'scUrl': 'electric-equipment/v-guardindustries/VI02', 'columns': [{'name': 'change %', 'value': '-1.98'}, {'name': 'Bollinger Band Indicator value', 'value': '296.56'}, {'name': 'LTP', 'value': '295.00'}]}",OHLC_D_I_BELOWBOLLOWEBAND,Bollinger Band Breakdown,"Stocks with a closing price below the lower Bollinger band (20,2).",18,Range Breakout,"Stocks with a closing price below the lower Bollinger band (20,2).",,,False,1,N,,OHLC_D_I_BELOWBOLLOWEBAND
1784718917,"{'stkname': 'Indiamart Inter', 'ltp': '', 'perChg': '', 'stkId': 'II22', 'displayLock': 'N', 'scanproflg': 1, 'scUrl': 'retailing/indiamartintermesh/II12', 'columns': [{'name': 'change %', 'value': '-5.25'}, {'name': 'Bollinger Band Indicator value', 'value': '1,849.65'}, {'name': 'LTP', 'value': '1,817.40'}]}",OHLC_D_I_BELOWBOLLOWEBAND,Bollinger Band Breakdown,"Stocks with a closing price below the lower Bollinger band (20,2).",18,Range Breakout,"Stocks with a closing price below the lower Bollinger band (20,2).",,,False,1,N,,OHLC_D_I_BELOWBOLLOWEBAND
1784718917,"{'stkname': 'Jyoti Structure', 'ltp': '', 'perChg': '', 'stkId': 'JS03', 'displayLock': 'N', 'scanproflg': 1, 'scUrl': 'power-transmissionequipment/jyotistructures/JS03', 'columns': [{'name': 'change %', 'value': '-3.49'}, {'name': 'Bollinger Band Indicator value', 'value': '10.85'}, {'name': 'LTP', 'value': '10.78'}]}",OHLC_D_I_BELOWBOLLOWEBAND,Bollinger Band Breakdown,"Stocks with a closing price below the lower Bollinger band (20,2).",18,Range Breakout,"Stocks with a closing price below the lower Bollinger band (20,2).",,,False,1,N,,OHLC_D_I_BELOWBOLLOWEBAND
1784718917,"{'stkname': 'Praj Industries', 'ltp': '', 'perChg': '', 'stkId': 'PI17', 'displayLock': 'N', 'scanproflg': 1, 'scUrl': 'engineering-heavy/prajindustries/PI17', 'columns': [{'name': 'change %', 'value': '-2.67'}, {'name': 'Bollinger Band Indicator value', 'value': '329.37'}, {'name': 'LTP', 'value': '326.80'}]}",OHLC_D_I_BELOWBOLLOWEBAND,Bollinger Band Breakdown,"Stocks with a closing price below the lower Bollinger band (20,2).",18,Range Breakout,"Stocks with a closing price below the lower Bollinger band (20,2).",,,False,1,N,,OHLC_D_I_BELOWBOLLOWEBAND
1784718917,"{'stkname': 'Bharat Bijlee', 'ltp': '', 'perChg': '', 'stkId': 'BB', 'displayLock': 'N', 'scanproflg': 1, 'scUrl': 'electric-equipment/bharatbijlee/BB', 'columns': [{'name': 'change %', 'value': '-4.53'}, {'name': 'Bollinger Band Indicator value', 'value': '2,576.76'}, {'name': 'LTP', 'value': '2,548.00'}]}",OHLC_D_I_BELOWBOLLOWEBAND,Bollinger Band Breakdown,"Stocks with a closing price below the lower Bollinger band (20,2).",18,Range Breakout,"Stocks with a closing price below the lower Bollinger band (20,2).",,,False,1,N,,OHLC_D_I_BELOWBOLLOWEBAND
1784718917,"{'stkname': 'Rossari', 'ltp': '', 'perChg': '', 'stkId': 'RB04', 'displayLock': 'N', 'scanproflg': 1, 'scUrl': 'speciality-chemicals/rossaribiotech/RB05', 'columns': [{'name': 'change %', 'value': '-2.98'}, {'name': 'Bollinger Band Indicator value', 'value': '498.04'}, {'name': 'LTP', 'value': '496.95'}]}",OHLC_D_I_BELOWBOLLOWEBAND,Bollinger Band Breakdown,"Stocks with a closing price below the lower Bollinger band (20,2).",18,Range Breakout,"Stocks with a closing price below the lower Bollinger band (20,2).",,,False,1,N,,OHLC_D_I_BELOWBOLLOWEBAND
1784718917,"{'stkname': 'Sunteck Realty', 'ltp': '', 'perChg': '', 'stkId': 'IE06', 'displayLock': 'N', 'scanproflg': 1, 'scUrl': 'constructioncontracting-real-estate/sunteckrealty/SR05', 'columns': [{'name': 'change %', 'value': '-7.94'}, {'name': 'Bollinger Band Indicator value', 'value': '294.97'}, {'name': 'LTP', 'value': '290.00'}]}",OHLC_D_I_BELOWBOLLOWEBAND,Bollinger Band Breakdown,"Stocks with a closing price below the lower Bollinger band (20,2).",18,Range Breakout,"Stocks with a closing price below the lower Bollinger band (20,2).",,,False,1,N,,OHLC_D_I_BELOWBOLLOWEBAND
1784718917,"{'stkname': 'Chemcon Special', 'ltp': '', 'perChg': '', 'stkId': 'CSC02', 'displayLock': 'N', 'scanproflg': 1, 'scUrl': 'speciality-chemicals/chemconspecialitychemicals/CSC', 'columns': [{'name': 'change %', 'value': '-1.70'}, {'name': 'Bollinger Band Indicator value', 'value': '179.09'}, {'name': 'LTP', 'value': '177.99'}]}",OHLC_D_I_BELOWBOLLOWEBAND,Bollinger Band Breakdown,"Stocks with a closing price below the lower Bollinger band (20,2).",18,Range Breakout,"Stocks with a closing price below the lower Bollinger band (20,2).",,,False,1,N,,OHLC_D_I_BELOWBOLLOWEBAND
1784718917,"{'stkname': 'Diamines Chem', 'ltp': '', 'perChg': '', 'stkId': 'DC04', 'displayLock': 'N', 'scanproflg': 1, 'scUrl': 'petrochemicals/diamineschemicals/DC04', 'columns': [{'name': 'change %', 'value': '-1.93'}, {'name': 'Bollinger Band Indicator value', 'value': '247.96'}, {'name': 'LTP', 'value': '247.70'}]}",OHLC_D_I_BELOWBOLLOWEBAND,Bollinger Band Breakdown,"Stocks with a closing price below the lower Bollinger band (20,2).",18,Range Breakout,"Stocks with a closing price below the lower Bollinger band (20,2).",,,False,1,N,,OHLC_D_I_BELOWBOLLOWEBAND
1784718917,"{'stkname': 'Asian Granito', 'ltp': '', 'perChg': '', 'stkId': 'AGI04', 'displayLock': 'N', 'scanproflg': 1, 'scUrl': 'ceramicsgranite/asiangranitoindia/AGI04', 'columns': [{'name': 'change %', 'value': '-3.51'}, {'name': 'Bollinger Band Indicator value', 'value': '44.12'}, {'name': 'LTP', 'value': '43.40'}]}",OHLC_D_I_BELOWBOLLOWEBAND,Bollinger Band Breakdown,"Stocks with a closing price below the lower Bollinger band (20,2).",18,Range Breakout,"Stocks with a closing price below the lower Bollinger band (20,2).",,,False,1,N,,OHLC_D_I_BELOWBOLLOWEBAND
1784718917,"{'stkname': 'Anupam Rasayan', 'ltp': '', 'perChg': '', 'stkId': 'ARI02', 'displayLock': 'N', 'scanproflg': 1, 'scUrl': 'speciality-chemicals/anupamrasayanindia/ARI02', 'columns': [{'name': 'change %', 'value': '-1.30'}, {'name': 'Bollinger Band Indicator value', 'value': '1,255.23'}, {'name': 'LTP', 'value': '1,250.00'}]}",OHLC_D_I_BELOWBOLLOWEBAND,Bollinger Band Breakdown,"Stocks with a closing price below the lower Bollinger band (20,2).",18,Range Breakout,"Stocks with a closing price below the lower Bollinger band (20,2).",,,False,1,N,,OHLC_D_I_BELOWBOLLOWEBAND
1784718917,"{'stkname': 'Keystone Real', 'ltp': '', 'perChg': '', 'stkId': 'KR06', 'displayLock': 'N', 'scanproflg': 1, 'scUrl': 'construction-residentialcommercial-complexes/keystonerealtors/KR05', 'columns': [{'name': 'change %', 'value': '-1.44'}, {'name': 'Bollinger Band Indicator value', 'value': '405.25'}, {'name': 'LTP', 'value': '404.85'}]}",OHLC_D_I_BELOWBOLLOWEBAND,Bollinger Band Breakdown,"Stocks with a closing price below the lower Bollinger band (20,2).",18,Range Breakout,"Stocks with a closing price below the lower Bollinger band (20,2).",,,False,1,N,,OHLC_D_I_BELOWBOLLOWEBAND
1784718917,"{'stkname': 'Rane Madras', 'ltp': '', 'perChg': '', 'stkId': 'RM07', 'displayLock': 'N', 'scanproflg': 1, 'scUrl': 'auto-ancillaries/ranemadras/RM08', 'columns': [{'name': 'change %', 'value': '-4.71'}, {'name': 'Bollinger Band Indicator value', 'value': '1,145.60'}, {'name': 'LTP', 'value': '1,142.70'}]}",OHLC_D_I_BELOWBOLLOWEBAND,Bollinger Band Breakdown,"Stocks with a closing price below the lower Bollinger band (20,2).",18,Range Breakout,"Stocks with a closing price below the lower Bollinger band (20,2).",,,False,1,N,,OHLC_D_I_BELOWBOLLOWEBAND
1784718917,"{'stkname': 'Pokarna', 'ltp': '', 'perChg': '', 'stkId': 'PL06', 'displayLock': 'N', 'scanproflg': 1, 'scUrl': 'ceramicsgranite/pokarna/PL06', 'columns': [{'name': 'change %', 'value': '-4.21'}, {'name': 'Bollinger Band Indicator value', 'value': '942.70'}, {'name': 'LTP', 'value': '940.70'}]}",OHLC_D_I_BELOWBOLLOWEBAND,Bollinger Band Breakdown,"Stocks with a closing price below the lower Bollinger band (20,2).",18,Range Breakout,"Stocks with a closing price below the lower Bollinger band (20,2).",,,False,1,N,,OHLC_D_I_BELOWBOLLOWEBAND
1784718917,"{'stkname': 'Mah Scooters', 'ltp': '', 'perChg': '', 'stkId': 'MS01', 'displayLock': 'N', 'scanproflg': 1, 'scUrl': 'auto-23-wheelers/maharashtrascooters/MS01', 'columns': [{'name': 'change %', 'value': '-1.60'}, {'name': 'Bollinger Band Indicator value', 'value': '12,762.15'}, {'name': 'LTP', 'value': '12,712.00'}]}",OHLC_D_I_BELOWBOLLOWEBAND,Bollinger Band Breakdown,"Stocks with a closing price below the lower Bollinger band (20,2).",18,Range Breakout,"Stocks with a closing price below the lower Bollinger band (20,2).",,,False,1,N,,OHLC_D_I_BELOWBOLLOWEBAND
1784718917,"{'stkname': 'Viyash Scientif', 'ltp': '', 'perChg': '', 'stkId': 'VTF', 'displayLock': 'N', 'scanproflg': 1, 'scUrl': 'pharmaceuticals/viyashscientific/PID01', 'columns': [{'name': 'change %', 'value': '-3.30'}, {'name': 'Bollinger Band Indicator value', 'value': '257.11'}, {'name': 'LTP', 'value': '256.40'}]}",OHLC_D_I_BELOWBOLLOWEBAND,Bollinger Band Breakdown,"Stocks with a closing price below the lower Bollinger band (20,2).",18,Range Breakout,"Stocks with a closing price below the lower Bollinger band (20,2).",,,False,1,N,,OHLC_D_I_BELOWBOLLOWEBAND
1784718917,"{'stkname': 'Banco Products', 'ltp': '', 'perChg': '', 'stkId': 'BPI', 'displayLock': 'N', 'scanproflg': 1, 'scUrl': 'auto-ancillaries/bancoproductsindia/BPI', 'columns': [{'name': 'change %', 'value': '-2.51'}, {'name': 'Bollinger Band Indicator value', 'value': '638.68'}, {'name': 'LTP', 'value': '633.90'}]}",OHLC_D_I_BELOWBOLLOWEBAND,Bollinger Band Breakdown,"Stocks with a closing price below the lower Bollinger band (20,2).",18,Range Breakout,"Stocks with a closing price below the lower Bollinger band (20,2).",,,False,1,N,,OHLC_D_I_BELOWBOLLOWEBAND
1784718917,"{'stkname': 'Shanthi Gears', 'ltp': '', 'perChg': '', 'stkId': 'SG04', 'displayLock': 'N', 'scanproflg': 1, 'scUrl': 'auto-ancillaries/shanthigears/SG04', 'columns': [{'name': 'change %', 'value': '-2.31'}, {'name': 'Bollinger Band Indicator value', 'value': '411.82'}, {'name': 'LTP', 'value': '410.15'}]}",OHLC_D_I_BELOWBOLLOWEBAND,Bollinger Band Breakdown,"Stocks with a closing price below the lower Bollinger band (20,2).",18,Range Breakout,"Stocks with a closing price below the lower Bollinger band (20,2).",,,False,1,N,,OHLC_D_I_BELOWBOLLOWEBAND
1784718917,"{'stkname': 'Bandhan Bank', 'ltp': '', 'perChg': '', 'stkId': 'BB09', 'displayLock': 'N', 'scanproflg': 1, 'scUrl': 'banks-private-sector/bandhanbank/BB09', 'columns': [{'name': 'change %', 'value': '-16.58'}, {'name': 'Bollinger Band Indicator value', 'value': '184.57'}, {'name': 'LTP', 'value': '174.20'}]}",OHLC_D_I_BELOWBOLLOWEBAND,Bollinger Band Breakdown,"Stocks with a closing price below the lower Bollinger band (20,2).",18,Range Breakout,"Stocks with a closing price below the lower Bollinger band (20,2).",,,False,1,N,,OHLC_D_I_BELOWBOLLOWEBAND
1784718917,"{'stkname': 'Mahindra Holida', 'ltp': '', 'perChg': '', 'stkId': 'MHR', 'displayLock': 'N', 'scanproflg': 1, 'scUrl': 'hotels/mahindraholidaysresortsindia/MHR', 'columns': [{'name': 'change %', 'value': '-6.48'}, {'name': 'Bollinger Band Indicator value', 'value': '217.65'}, {'name': 'LTP', 'value': '213.20'}]}",OHLC_D_I_BELOWBOLLOWEBAND,Bollinger Band Breakdown,"Stocks with a closing price below the lower Bollinger band (20,2).",18,Range Breakout,"Stocks with a closing price below the lower Bollinger band (20,2).",,,False,1,N,,OHLC_D_I_BELOWBOLLOWEBAND
1784718917,"{'stkname': 'Advanced Enzyme', 'ltp': '', 'perChg': '', 'stkId': 'AET02', 'displayLock': 'N', 'scanproflg': 1, 'scUrl': 'pharmaceuticals/advancedenzymetechnologies/AET', 'columns': [{'name': 'change %', 'value': '-2.60'}, {'name': 'Bollinger Band Indicator value', 'value': '313.32'}, {'name': 'LTP', 'value': '313.00'}]}",OHLC_D_I_BELOWBOLLOWEBAND,Bollinger Band Breakdown,"Stocks with a closing price below the lower Bollinger band (20,2).",18,Range Breakout,"Stocks with a closing price below the lower Bollinger band (20,2).",,,False,1,N,,OHLC_D_I_BELOWBOLLOWEBAND
1784718917,"{'stkname': 'TVS Srichakra', 'ltp': '', 'perChg': '', 'stkId': 'TVS03', 'displayLock': 'N', 'scanproflg': 1, 'scUrl': 'tyres/tvssrichakra/TVS03', 'columns': [{'name': 'change %', 'value': '-0.94'}, {'name': 'Bollinger Band Indicator value', 'value': '3,986.03'}, {'name': 'LTP', 'value': '3,970.00'}]}",OHLC_D_I_BELOWBOLLOWEBAND,Bollinger Band Breakdown,"Stocks with a closing price below the lower Bollinger band (20,2).",18,Range Breakout,"Stocks with a closing price below the lower Bollinger band (20,2).",,,False,1,N,,OHLC_D_I_BELOWBOLLOWEBAND
1784718917,"{'stkname': 'TSF Investments', 'ltp': '', 'perChg': '', 'stkId': 'SFH', 'displayLock': 'N', 'scanproflg': 1, 'scUrl': 'finance-general/tsfinvestments/SFH', 'columns': [{'name': 'change %', 'value': '-4.29'}, {'name': 'Bollinger Band Indicator value', 'value': '453.35'}, {'name': 'LTP', 'value': '448.90'}]}",OHLC_D_I_BELOWBOLLOWEBAND,Bollinger Band Breakdown,"Stocks with a closing price below the lower Bollinger band (20,2).",18,Range Breakout,"Stocks with a closing price below the lower Bollinger band (20,2).",,,False,1,N,,OHLC_D_I_BELOWBOLLOWEBAND
1784718917,"{'stkname': 'Rategain Travel', 'ltp': '', 'perChg': '', 'stkId': 'RTT', 'displayLock': 'N', 'scanproflg': 1, 'scUrl': 'software/rategaintraveltechnologies/RTT', 'columns': [{'name': 'change %', 'value': '-3.82'}, {'name': 'Bollinger Band Indicator value', 'value': '900.55'}, {'name': 'LTP', 'value': '891.00'}]}",OHLC_D_I_BELOWBOLLOWEBAND,Bollinger Band Breakdown,"Stocks with a closing price below the lower Bollinger band (20,2).",18,Range Breakout,"Stocks with a closing price below the lower Bollinger band (20,2).",,,False,1,N,,OHLC_D_I_BELOWBOLLOWEBAND
1784718917,"{'stkname': 'Shreeoswal Seed', 'ltp': '', 'perChg': '', 'stkId': 'SSC07', 'displayLock': 'N', 'scanproflg': 1, 'scUrl': 'pesticidesagro-chemicals/shreeoswalseedschemicals/SSC07', 'columns': [{'name': 'change %', 'value': '-2.50'}, {'name': 'Bollinger Band Indicator value', 'value': '10.19'}, {'name': 'LTP', 'value': '10.15'}]}",OHLC_D_I_BELOWBOLLOWEBAND,Bollinger Band Breakdown,"Stocks with a closing price below the lower Bollinger band (20,2).",18,Range Breakout,"Stocks with a closing price below the lower Bollinger band (20,2).",,,False,1,N,,OHLC_D_I_BELOWBOLLOWEBAND
1784718917,"{'stkname': 'Tata Inv Corp', 'ltp': '', 'perChg': '', 'stkId': 'TIC', 'displayLock': 'N', 'scanproflg': 1, 'scUrl': 'finance-investments/tatainvestmentcorporation/TIC', 'columns': [{'name': 'change %', 'value': '-2.26'}, {'name': 'Bollinger Band Indicator value', 'value': '642.43'}, {'name': 'LTP', 'value': '642.10'}]}",OHLC_D_I_BELOWBOLLOWEBAND,Bollinger Band Breakdown,"Stocks with a closing price below the lower Bollinger band (20,2).",18,Range Breakout,"Stocks with a closing price below the lower Bollinger band (20,2).",,,False,1,N,,OHLC_D_I_BELOWBOLLOWEBAND
1784718917,"{'stkname': 'Zydus Life', 'ltp': '', 'perChg': '', 'stkId': 'CHC', 'displayLock': 'N', 'scanproflg': 1, 'scUrl': 'pharmaceuticalsdrugs/zyduslifesciences/CHC', 'columns': [{'name': 'change %', 'value': '-1.76'}, {'name': 'Bollinger Band Indicator value', 'value': '1,125.25'}, {'name': 'LTP', 'value': '1,123.00'}]}",OHLC_D_I_BELOWBOLLOWEBAND,Bollinger Band Breakdown,"Stocks with a closing price below the lower Bollinger band (20,2).",18,Range Breakout,"Stocks with a closing price below the lower Bollinger band (20,2).",,,False,1,N,,OHLC_D_I_BELOWBOLLOWEBAND
1784718917,"{'stkname': 'Angel One', 'ltp': '', 'perChg': '', 'stkId': 'ABL03', 'displayLock': 'N', 'scanproflg': 1, 'scUrl': 'finance-stock-broking/angelone/ABL03', 'columns': [{'name': 'change %', 'value': '-3.08'}, {'name': 'Bollinger Band Indicator value', 'value': '314.37'}, {'name': 'LTP', 'value': '312.00'}]}",OHLC_D_I_BELOWBOLLOWEBAND,Bollinger Band Breakdown,"Stocks with a closing price below the lower Bollinger band (20,2).",18,Range Breakout,"Stocks with a closing price below the lower Bollinger band (20,2).",,,False,1,N,,OHLC_D_I_BELOWBOLLOWEBAND
1784718917,"{'stkname': 'Lupin', 'ltp': '', 'perChg': '', 'stkId': 'LC03', 'displayLock': 'N', 'scanproflg': 1, 'scUrl': 'pharmaceuticals/lupin/L', 'columns': [{'name': 'change %', 'value': '-4.35'}, {'name': 'Bollinger Band Indicator value', 'value': '2,423.02'}, {'name': 'LTP', 'value': '2,405.40'}]}",OHLC_D_I_BELOWBOLLOWEBAND,Bollinger Band Breakdown,"Stocks with a closing price below the lower Bollinger band (20,2).",18,Range Breakout,"Stocks with a closing price below the lower Bollinger band (20,2).",,,False,1,N,,OHLC_D_I_BELOWBOLLOWEBAND
1784718917,"{'stkname': 'Axis Bank', 'ltp': '', 'perChg': '', 'stkId': 'UTI10', 'displayLock': 'N', 'scanproflg': 1, 'scUrl': 'banks-private-sector/axisbank/AB16', 'columns': [{'name': 'change %', 'value': '-1.96'}, {'name': 'Bollinger Band Indicator value', 'value': '1,238.81'}, {'name': 'LTP', 'value': '1,233.50'}]}",OHLC_D_I_BELOWBOLLOWEBAND,Bollinger Band Breakdown,"Stocks with a closing price below the lower Bollinger band (20,2).",18,Range Breakout,"Stocks with a closing price below the lower Bollinger band (20,2).",,,False,1,N,,OHLC_D_I_BELOWBOLLOWEBAND
1784718917,"{'stkname': 'HDFC Bank', 'ltp': '', 'perChg': '', 'stkId': 'HDF01', 'displayLock': 'N', 'scanproflg': 1, 'scUrl': 'banks-private-sector/hdfcbank/HDF01', 'columns': [{'name': 'change %', 'value': '-1.00'}, {'name': 'Bollinger Band Indicator value', 'value': '757.54'}, {'name': 'LTP', 'value': '753.80'}]}",OHLC_D_I_BELOWBOLLOWEBAND,Bollinger Band Breakdown,"Stocks with a closing price below the lower Bollinger band (20,2).",18,Range Breakout,"Stocks with a closing price below the lower Bollinger band (20,2).",,,False,1,N,,OHLC_D_I_BELOWBOLLOWEBAND
1784718917,"{'stkname': 'Delhivery', 'ltp': '', 'perChg': '', 'stkId': 'D05', 'displayLock': 'N', 'scanproflg': 1, 'scUrl': 'courier-services/delhivery/D06', 'columns': [{'name': 'change %', 'value': '-3.85'}, {'name': 'Bollinger Band Indicator value', 'value': '470.27'}, {'name': 'LTP', 'value': '466.10'}]}",OHLC_D_I_BELOWBOLLOWEBAND,Bollinger Band Breakdown,"Stocks with a closing price below the lower Bollinger band (20,2).",18,Range Breakout,"Stocks with a closing price below the lower Bollinger band (20,2).",,,False,1,N,,OHLC_D_I_BELOWBOLLOWEBAND
1784718917,"{'stkname': 'AU Small Financ', 'ltp': '', 'perChg': '', 'stkId': 'ASF03', 'displayLock': 'N', 'scanproflg': 1, 'scUrl': 'banks-private-sector/ausmallfinancebank/ASF02', 'columns': [{'name': 'change %', 'value': '-2.28'}, {'name': 'Bollinger Band Indicator value', 'value': '981.43'}, {'name': 'LTP', 'value': '980.40'}]}",OHLC_D_I_BELOWBOLLOWEBAND,Bollinger Band Breakdown,"Stocks with a closing price below the lower Bollinger band (20,2).",18,Range Breakout,"Stocks with a closing price below the lower Bollinger band (20,2).",,,False,1,N,,OHLC_D_I_BELOWBOLLOWEBAND
1784718917,"{'stkname': 'MO Top10 Bks', 'ltp': '', 'perChg': '', 'stkId': 'MOB01', 'displayLock': 'N', 'scanproflg': 1, 'scUrl': 'etf/motilaloswalbsetop10banksetf/MOB01', 'columns': [{'name': 'change %', 'value': '-1.22'}, {'name': 'Bollinger Band Indicator value', 'value': '17.06'}, {'name': 'LTP', 'value': '17.02'}]}",OHLC_D_I_BELOWBOLLOWEBAND,Bollinger Band Breakdown,"Stocks with a closing price below the lower Bollinger band (20,2).",18,Range Breakout,"Stocks with a closing price below the lower Bollinger band (20,2).",,,False,1,N,,OHLC_D_I_BELOWBOLLOWEBAND
1784718917,"{'stkname': 'IFGL Refractory', 'ltp': '', 'perChg': '', 'stkId': 'IFG', 'displayLock': 'N', 'scanproflg': 1, 'scUrl': 'cement-productsbuilding-materials/ifglrefractories/IFG', 'columns': [{'name': 'change %', 'value': '-6.14'}, {'name': 'Bollinger Band Indicator value', 'value': '131.36'}, {'name': 'LTP', 'value': '131.00'}]}",OHLC_D_I_BELOWBOLLOWEBAND,Bollinger Band Breakdown,"Stocks with a closing price below the lower Bollinger band (20,2).",18,Range Breakout,"Stocks with a closing price below the lower Bollinger band (20,2).",,,False,1,N,,OHLC_D_I_BELOWBOLLOWEBAND
1784718917,"{'stkname': 'MO Midcap 100', 'ltp': '', 'perChg': '', 'stkId': 'MOM01', 'displayLock': 'N', 'scanproflg': 1, 'scUrl': 'etf/motilaloswalmidcap100etf/MOM01', 'columns': [{'name': 'change %', 'value': '-1.03'}, {'name': 'LTP', 'value': '67.30'}, {'name': 'Close Price value', 'value': '67.30'}, {'name': 'change absolute', 'value': '-0.70'}]}",OHLC_D_I_NR4BEARBO,NR 4 Breakdown,Four Bar Pattern,18,Range Breakout,NR4 is a 4-bar narrow range pattern. NR4 bearish breakout pattern scanner shows the list of stocks forming bearish breakout pattern after 4-bar consolidation.,,,False,1,N,,OHLC_D_I_NR4BEARBO
1784718917,"{'stkname': 'Bhar at 22 ETF ', 'ltp': '', 'perChg': '', 'stkId': 'ICI15', 'displayLock': 'N', 'scanproflg': 1, 'scUrl': 'etf/bharat22etf-iciciprudentialamc/ICI15', 'columns': [{'name': 'change %', 'value': '-0.64'}, {'name': 'LTP', 'value': '115.58'}, {'name': 'Close Price value', 'value': '115.58'}, {'name': 'change absolute', 'value': '-0.74'}]}",OHLC_D_I_NR4BEARBO,NR 4 Breakdown,Four Bar Pattern,18,Range Breakout,NR4 is a 4-bar narrow range pattern. NR4 bearish breakout pattern scanner shows the list of stocks forming bearish breakout pattern after 4-bar consolidation.,,,False,1,N,,OHLC_D_I_NR4BEARBO
1784718917,"{'stkname': 'DSP MidcapQual', 'ltp': '', 'perChg': '', 'stkId': 'DNM', 'displayLock': 'N', 'scanproflg': 1, 'scUrl': 'etf/dspniftymidcap150quality50etf/DNM', 'columns': [{'name': 'change %', 'value': '-1.00'}, {'name': 'LTP', 'value': '24.68'}, {'name': 'Close Price value', 'value': '24.68'}, {'name': 'change absolute', 'value': '-0.25'}]}",OHLC_D_I_NR4BEARBO,NR 4 Breakdown,Four Bar Pattern,18,Range Breakout,NR4 is a 4-bar narrow range pattern. NR4 bearish breakout pattern scanner shows the list of stocks forming bearish breakout pattern after 4-bar consolidation.,,,False,1,N,,OHLC_D_I_NR4BEARBO
1784718917,"{'stkname': 'Ipru Nifty 200', 'ltp': '', 'perChg': '', 'stkId': 'IPN03', 'displayLock': 'N', 'scanproflg': 1, 'scUrl': 'etf/iciciprudentialnifty200momentum30etf/IPN03', 'columns': [{'name': 'change %', 'value': '-0.51'}, {'name': 'LTP', 'value': '31.06'}, {'name': 'Close Price value', 'value': '31.06'}, {'name': 'change absolute', 'value': '-0.16'}]}",OHLC_D_I_NR4BEARBO,NR 4 Breakdown,Four Bar Pattern,18,Range Breakout,NR4 is a 4-bar narrow range pattern. NR4 bearish breakout pattern scanner shows the list of stocks forming bearish breakout pattern after 4-bar consolidation.,,,False,1,N,,OHLC_D_I_NR4BEARBO
1784718917,"{'stkname': 'HDFC Nifty Mid', 'ltp': '', 'perChg': '', 'stkId': 'HDFCM14236', 'displayLock': 'N', 'scanproflg': 1, 'scUrl': 'etf/hdfcniftymidcap150etf/HDFCM14236', 'columns': [{'name': 'change %', 'value': '-0.26'}, {'name': 'LTP', 'value': '23.35'}, {'name': 'Close Price value', 'value': '23.35'}, {'name': 'change absolute', 'value': '-0.06'}]}",OHLC_D_I_NR4BEARBO,NR 4 Breakdown,Four Bar Pattern,18,Range Breakout,NR4 is a 4-bar narrow range pattern. NR4 bearish breakout pattern scanner shows the list of stocks forming bearish breakout pattern after 4-bar consolidation.,,,False,1,N,,OHLC_D_I_NR4BEARBO
1784718917,"{'stkname': 'MO Select IPO', 'ltp': '', 'perChg': '', 'stkId': 'MOB', 'displayLock': 'N', 'scanproflg': 1, 'scUrl': 'etf/motilaloswalbseselectipoetf/MOB', 'columns': [{'name': 'change %', 'value': '-1.46'}, {'name': 'LTP', 'value': '46.02'}, {'name': 'Close Price value', 'value': '46.02'}, {'name': 'change absolute', 'value': '-0.68'}]}",OHLC_D_I_NR4BEARBO,NR 4 Breakdown,Four Bar Pattern,18,Range Breakout,NR4 is a 4-bar narrow range pattern. NR4 bearish breakout pattern scanner shows the list of stocks forming bearish breakout pattern after 4-bar consolidation.,,,False,1,N,,OHLC_D_I_NR4BEARBO
1784718917,"{'stkname': 'Mirae NiftyLow', 'ltp': '', 'perChg': '', 'stkId': 'MANV314786', 'displayLock': 'N', 'scanproflg': 1, 'scUrl': 'etf/miraeassetnifty100lowvolatility30etf/MANV314786', 'columns': [{'name': 'change %', 'value': '-0.48'}, {'name': 'LTP', 'value': '206.82'}, {'name': 'Close Price value', 'value': '206.82'}, {'name': 'change absolute', 'value': '-0.99'}]}",OHLC_D_I_NR4BEARBO,NR 4 Breakdown,Four Bar Pattern,18,Range Breakout,NR4 is a 4-bar narrow range pattern. NR4 bearish breakout pattern scanner shows the list of stocks forming bearish breakout pattern after 4-bar consolidation.,,,False,1,N,,OHLC_D_I_NR4BEARBO
1784718917,"{'stkname': 'KOTAKMID50', 'ltp': '', 'perChg': '', 'stkId': 'KOTAK8077', 'displayLock': 'N', 'scanproflg': 1, 'scUrl': 'miscellaneous/kotakmid50/KOTAK8077', 'columns': [{'name': 'change %', 'value': '-1.30'}, {'name': 'LTP', 'value': '18.20'}, {'name': 'Close Price value', 'value': '18.20'}, {'name': 'change absolute', 'value': '-0.24'}]}",OHLC_D_I_NR4BEARBO,NR 4 Breakdown,Four Bar Pattern,18,Range Breakout,NR4 is a 4-bar narrow range pattern. NR4 bearish breakout pattern scanner shows the list of stocks forming bearish breakout pattern after 4-bar consolidation.,,,False,1,N,,OHLC_D_I_NR4BEARBO
1784718917,"{'stkname': 'Mirae NiftyEW', 'ltp': '', 'perChg': '', 'stkId': 'EQUAL75714', 'displayLock': 'N', 'scanproflg': 1, 'scUrl': 'etf/miraeassetnifty50equalweightetf/EQUAL75714', 'columns': [{'name': 'change %', 'value': '-0.38'}, {'name': 'LTP', 'value': '331.11'}, {'name': 'Close Price value', 'value': '331.11'}, {'name': 'change absolute', 'value': '-1.25'}]}",OHLC_D_I_NR4BEARBO,NR 4 Breakdown,Four Bar Pattern,18,Range Breakout,NR4 is a 4-bar narrow range pattern. NR4 bearish breakout pattern scanner shows the list of stocks forming bearish breakout pattern after 4-bar consolidation.,,,False,1,N,,OHLC_D_I_NR4BEARBO
1784718917,"{'stkname': 'Nipp NiftyBank', 'ltp': '', 'perChg': '', 'stkId': 'BAM02', 'displayLock': 'N', 'scanproflg': 1, 'scUrl': 'etf/nipponindiaetfniftybankbees/BAM02', 'columns': [{'name': 'change %', 'value': '-1.15'}, {'name': 'LTP', 'value': '592.68'}, {'name': 'Close Price value', 'value': '592.68'}, {'name': 'change absolute', 'value': '-6.87'}]}",OHLC_D_I_NR4BEARBO,NR 4 Breakdown,Four Bar Pattern,18,Range Breakout,NR4 is a 4-bar narrow range pattern. NR4 bearish breakout pattern scanner shows the list of stocks forming bearish breakout pattern after 4-bar consolidation.,,,False,1,N,,OHLC_D_I_NR4BEARBO
1784718917,"{'stkname': 'CONSUMER', 'ltp': '', 'perChg': '', 'stkId': 'CONSU28969', 'displayLock': 'N', 'scanproflg': 1, 'scUrl': 'etf/miraeassetniftyindianewageconsumption/CONSU28969', 'columns': [{'name': 'change %', 'value': '-0.59'}, {'name': 'LTP', 'value': '11.75'}, {'name': 'Close Price value', 'value': '11.75'}, {'name': 'change absolute', 'value': '-0.07'}]}",OHLC_D_I_NR4BEARBO,NR 4 Breakdown,Four Bar Pattern,18,Range Breakout,NR4 is a 4-bar narrow range pattern. NR4 bearish breakout pattern scanner shows the list of stocks forming bearish breakout pattern after 4-bar consolidation.,,,False,1,N,,OHLC_D_I_NR4BEARBO
1784718917,"{'stkname': 'Ipru Nifty Inf', 'ltp': '', 'perChg': '', 'stkId': 'IPN02', 'displayLock': 'N', 'scanproflg': 1, 'scUrl': 'etf/iciciprudentialniftyinfrastructureetf/IPN02', 'columns': [{'name': 'change %', 'value': '-1.05'}, {'name': 'LTP', 'value': '96.00'}, {'name': 'Close Price value', 'value': '96.00'}, {'name': 'change absolute', 'value': '-1.02'}]}",OHLC_D_I_NR4BEARBO,NR 4 Breakdown,Four Bar Pattern,18,Range Breakout,NR4 is a 4-bar narrow range pattern. NR4 bearish breakout pattern scanner shows the list of stocks forming bearish breakout pattern after 4-bar consolidation.,,,False,1,N,,OHLC_D_I_NR4BEARBO
1784718917,"{'stkname': 'ABSL NiftyBank', 'ltp': '', 'perChg': '', 'stkId': 'ABSLB13987', 'displayLock': 'N', 'scanproflg': 1, 'scUrl': 'etf/adityabirlasunlifeniftybanketf/ABSLB13987', 'columns': [{'name': 'change %', 'value': '-1.09'}, {'name': 'LTP', 'value': '58.73'}, {'name': 'Close Price value', 'value': '58.73'}, {'name': 'change absolute', 'value': '-0.65'}]}",OHLC_D_I_NR4BEARBO,NR 4 Breakdown,Four Bar Pattern,18,Range Breakout,NR4 is a 4-bar narrow range pattern. NR4 bearish breakout pattern scanner shows the list of stocks forming bearish breakout pattern after 4-bar consolidation.,,,False,1,N,,OHLC_D_I_NR4BEARBO
1784718917,"{'stkname': 'Angel Mom.Qual', 'ltp': '', 'perChg': '', 'stkId': 'AON', 'displayLock': 'N', 'scanproflg': 1, 'scUrl': 'etf/angeloneniftytotalmarketmq50etf/AON', 'columns': [{'name': 'change %', 'value': '-0.10'}, {'name': 'LTP', 'value': '10.10'}, {'name': 'Close Price value', 'value': '10.10'}, {'name': 'change absolute', 'value': '-0.01'}]}",OHLC_D_I_NR4BEARBO,NR 4 Breakdown,Four Bar Pattern,18,Range Breakout,NR4 is a 4-bar narrow range pattern. NR4 bearish breakout pattern scanner shows the list of stocks forming bearish breakout pattern after 4-bar consolidation.,,,False,1,N,,OHLC_D_I_NR4BEARBO
1784718917,"{'stkname': 'BSLSENETFG', 'ltp': '', 'perChg': '', 'stkId': 'ABS01', 'displayLock': 'N', 'scanproflg': 1, 'scUrl': 'etf/adityabirlasunlifebsesensexetf/ABS01', 'columns': [{'name': 'change %', 'value': '-0.78'}, {'name': 'LTP', 'value': '77.29'}, {'name': 'Close Price value', 'value': '77.29'}, {'name': 'change absolute', 'value': '-0.61'}]}",OHLC_D_I_NR4BEARBO,NR 4 Breakdown,Four Bar Pattern,18,Range Breakout,NR4 is a 4-bar narrow range pattern. NR4 bearish breakout pattern scanner shows the list of stocks forming bearish breakout pattern after 4-bar consolidation.,,,False,1,N,,OHLC_D_I_NR4BEARBO
1784718917,"{'stkname': 'HDFC Nifty Pri', 'ltp': '', 'perChg': '', 'stkId': 'HNP', 'displayLock': 'N', 'scanproflg': 1, 'scUrl': 'etf/hdfcniftyprivatebanketf/HNP', 'columns': [{'name': 'change %', 'value': '-0.98'}, {'name': 'LTP', 'value': '28.15'}, {'name': 'Close Price value', 'value': '28.15'}, {'name': 'change absolute', 'value': '-0.28'}]}",OHLC_D_I_NR4BEARBO,NR 4 Breakdown,Four Bar Pattern,18,Range Breakout,NR4 is a 4-bar narrow range pattern. NR4 bearish breakout pattern scanner shows the list of stocks forming bearish breakout pattern after 4-bar consolidation.,,,False,1,N,,OHLC_D_I_NR4BEARBO
1784718917,"{'stkname': 'CPSE ETF', 'ltp': '', 'perChg': '', 'stkId': 'CPS01', 'displayLock': 'N', 'scanproflg': 1, 'scUrl': 'etf/cpseetf/CPS01', 'columns': [{'name': 'change %', 'value': '-0.01'}, {'name': 'LTP', 'value': '96.71'}, {'name': 'Close Price value', 'value': '96.71'}, {'name': 'change absolute', 'value': '-0.01'}]}",OHLC_D_I_NR4BEARBO,NR 4 Breakdown,Four Bar Pattern,18,Range Breakout,NR4 is a 4-bar narrow range pattern. NR4 bearish breakout pattern scanner shows the list of stocks forming bearish breakout pattern after 4-bar consolidation.,,,False,1,N,,OHLC_D_I_NR4BEARBO
1784718917,"{'stkname': 'Adani Enterpris', 'ltp': '', 'perChg': '', 'stkId': 'AE01', 'displayLock': 'N', 'scanproflg': 1, 'scUrl': 'trading/adanienterprises/AE13', 'columns': [{'name': 'change %', 'value': '-1.09'}, {'name': 'LTP', 'value': '3,148.00'}, {'name': 'Close Price value', 'value': '3,148.00'}, {'name': 'change absolute', 'value': '-34.70'}]}",OHLC_D_I_NR4BEARBO,NR 4 Breakdown,Four Bar Pattern,18,Range Breakout,NR4 is a 4-bar narrow range pattern. NR4 bearish breakout pattern scanner shows the list of stocks forming bearish breakout pattern after 4-bar consolidation.,,,False,1,N,,OHLC_D_I_NR4BEARBO
1784718917,"{'stkname': 'Ipru NiftyBank', 'ltp': '', 'perChg': '', 'stkId': 'IPB01', 'displayLock': 'N', 'scanproflg': 1, 'scUrl': 'etf/iciciprudentialniftybanketf/IPB01', 'columns': [{'name': 'change %', 'value': '-1.16'}, {'name': 'LTP', 'value': '58.75'}, {'name': 'Close Price value', 'value': '58.75'}, {'name': 'change absolute', 'value': '-0.69'}]}",OHLC_D_I_NR4BEARBO,NR 4 Breakdown,Four Bar Pattern,18,Range Breakout,NR4 is a 4-bar narrow range pattern. NR4 bearish breakout pattern scanner shows the list of stocks forming bearish breakout pattern after 4-bar consolidation.,,,False,1,N,,OHLC_D_I_NR4BEARBO
1784718917,"{'stkname': 'ABSL Nifty 50', 'ltp': '', 'perChg': '', 'stkId': 'BSL03', 'displayLock': 'N', 'scanproflg': 1, 'scUrl': 'etf/adityabirlasunlifenifty50etf/BSL03', 'columns': [{'name': 'change %', 'value': '-0.39'}, {'name': 'LTP', 'value': '28.23'}, {'name': 'Close Price value', 'value': '28.23'}, {'name': 'change absolute', 'value': '-0.11'}]}",OHLC_D_I_NR4BEARBO,NR 4 Breakdown,Four Bar Pattern,18,Range Breakout,NR4 is a 4-bar narrow range pattern. NR4 bearish breakout pattern scanner shows the list of stocks forming bearish breakout pattern after 4-bar consolidation.,,,False,1,N,,OHLC_D_I_NR4BEARBO
1784718917,"{'stkname': 'MA DIVIDEND', 'ltp': '', 'perChg': '', 'stkId': 'MAB', 'displayLock': 'N', 'scanproflg': 1, 'scUrl': 'etf/miraeassetbse500dividendleaders50etf/MAB', 'columns': [{'name': 'change %', 'value': '-0.79'}, {'name': 'LTP', 'value': '35.20'}, {'name': 'Close Price value', 'value': '35.20'}, {'name': 'change absolute', 'value': '-0.28'}]}",OHLC_D_I_NR4BEARBO,NR 4 Breakdown,Four Bar Pattern,18,Range Breakout,NR4 is a 4-bar narrow range pattern. NR4 bearish breakout pattern scanner shows the list of stocks forming bearish breakout pattern after 4-bar consolidation.,,,False,1,N,,OHLC_D_I_NR4BEARBO
1784718917,"{'stkname': 'Gr In.Internet', 'ltp': '', 'perChg': '', 'stkId': 'GROWW75781', 'displayLock': 'N', 'scanproflg': 1, 'scUrl': 'etf/growwniftyindiainternetetf/GROWW75781', 'columns': [{'name': 'change %', 'value': '-0.91'}, {'name': 'LTP', 'value': '9.84'}, {'name': 'Close Price value', 'value': '9.84'}, {'name': 'change absolute', 'value': '-0.09'}]}",OHLC_D_I_NR4BEARBO,NR 4 Breakdown,Four Bar Pattern,18,Range Breakout,NR4 is a 4-bar narrow range pattern. NR4 bearish breakout pattern scanner shows the list of stocks forming bearish breakout pattern after 4-bar consolidation.,,,False,1,N,,OHLC_D_I_NR4BEARBO
1784718917,"{'stkname': 'Angel Nifty TM', 'ltp': '', 'perChg': '', 'stkId': 'AONET29975', 'displayLock': 'N', 'scanproflg': 1, 'scUrl': 'etf/angeloneniftytotalmarketetf/AONET29975', 'columns': [{'name': 'change %', 'value': '-0.76'}, {'name': 'LTP', 'value': '11.80'}, {'name': 'Close Price value', 'value': '11.80'}, {'name': 'change absolute', 'value': '-0.09'}]}",OHLC_D_I_NR4BEARBO,NR 4 Breakdown,Four Bar Pattern,18,Range Breakout,NR4 is a 4-bar narrow range pattern. NR4 bearish breakout pattern scanner shows the list of stocks forming bearish breakout pattern after 4-bar consolidation.,,,False,1,N,,OHLC_D_I_NR4BEARBO
1784718917,"{'stkname': 'Gr Nift Realty', 'ltp': '', 'perChg': '', 'stkId': 'GNR02', 'displayLock': 'N', 'scanproflg': 1, 'scUrl': 'etf/growwniftyrealtyetf/GNR02', 'columns': [{'name': 'change %', 'value': '-1.45'}, {'name': 'LTP', 'value': '10.18'}, {'name': 'Close Price value', 'value': '10.18'}, {'name': 'change absolute', 'value': '-0.15'}]}",OHLC_D_I_NR4BEARBO,NR 4 Breakdown,Four Bar Pattern,18,Range Breakout,NR4 is a 4-bar narrow range pattern. NR4 bearish breakout pattern scanner shows the list of stocks forming bearish breakout pattern after 4-bar consolidation.,,,False,1,N,,OHLC_D_I_NR4BEARBO
1784718917,"{'stkname': 'Kotak Niftyban', 'ltp': '', 'perChg': '', 'stkId': 'KMM03', 'displayLock': 'N', 'scanproflg': 1, 'scUrl': 'etf/kotakniftybanketf/KMM03', 'columns': [{'name': 'change %', 'value': '-1.07'}, {'name': 'LTP', 'value': '59.35'}, {'name': 'Close Price value', 'value': '59.35'}, {'name': 'change absolute', 'value': '-0.64'}]}",OHLC_D_I_NR4BEARBO,NR 4 Breakdown,Four Bar Pattern,18,Range Breakout,NR4 is a 4-bar narrow range pattern. NR4 bearish breakout pattern scanner shows the list of stocks forming bearish breakout pattern after 4-bar consolidation.,,,False,1,N,,OHLC_D_I_NR4BEARBO
1784718917,"{'stkname': 'Nipp Nifty Div', 'ltp': '', 'perChg': '', 'stkId': 'RMF04', 'displayLock': 'N', 'scanproflg': 1, 'scUrl': 'etf/nipponindiaetfniftydividendopportunities50/RMF05', 'columns': [{'name': 'change %', 'value': '-0.54'}, {'name': 'LTP', 'value': '76.97'}, {'name': 'Close Price value', 'value': '76.97'}, {'name': 'change absolute', 'value': '-0.42'}]}",OHLC_D_I_NR4BEARBO,NR 4 Breakdown,Four Bar Pattern,18,Range Breakout,NR4 is a 4-bar narrow range pattern. NR4 bearish breakout pattern scanner shows the list of stocks forming bearish breakout pattern after 4-bar consolidation.,,,False,1,N,,OHLC_D_I_NR4BEARBO
1784718917,"{'stkname': 'Nipp Nifty 5yr', 'ltp': '', 'perChg': '', 'stkId': 'NIE05', 'displayLock': 'N', 'scanproflg': 1, 'scUrl': 'etf/nipponindiaetfnifty5yrbenchmarkgsec/NIE05', 'columns': [{'name': 'change %', 'value': '-0.05'}, {'name': 'LTP', 'value': '65.98'}, {'name': 'Close Price value', 'value': '65.98'}, {'name': 'change absolute', 'value': '-0.03'}]}",OHLC_D_I_NR4BEARBO,NR 4 Breakdown,Four Bar Pattern,18,Range Breakout,NR4 is a 4-bar narrow range pattern. NR4 bearish breakout pattern scanner shows the list of stocks forming bearish breakout pattern after 4-bar consolidation.,,,False,1,N,,OHLC_D_I_NR4BEARBO
1784718917,"{'stkname': 'Mirae Nifty100', 'ltp': '', 'perChg': '', 'stkId': 'MAN03', 'displayLock': 'N', 'scanproflg': 1, 'scUrl': 'etf/miraeassetnifty100esgsectorleadersetf/MAN03', 'columns': [{'name': 'change %', 'value': '-0.77'}, {'name': 'LTP', 'value': '41.48'}, {'name': 'Close Price value', 'value': '41.48'}, {'name': 'change absolute', 'value': '-0.32'}]}",OHLC_D_I_NR4BEARBO,NR 4 Breakdown,Four Bar Pattern,18,Range Breakout,NR4 is a 4-bar narrow range pattern. NR4 bearish breakout pattern scanner shows the list of stocks forming bearish breakout pattern after 4-bar consolidation.,,,False,1,N,,OHLC_D_I_NR4BEARBO
1784718917,"{'stkname': 'Mirae NiftyFin', 'ltp': '', 'perChg': '', 'stkId': 'MAN01', 'displayLock': 'N', 'scanproflg': 1, 'scUrl': 'etf/miraeassetniftyfinancialservicesetf/MAN01', 'columns': [{'name': 'change %', 'value': '-1.23'}, {'name': 'LTP', 'value': '27.24'}, {'name': 'Close Price value', 'value': '27.24'}, {'name': 'change absolute', 'value': '-0.34'}]}",OHLC_D_I_NR4BEARBO,NR 4 Breakdown,Four Bar Pattern,18,Range Breakout,NR4 is a 4-bar narrow range pattern. NR4 bearish breakout pattern scanner shows the list of stocks forming bearish breakout pattern after 4-bar consolidation.,,,False,1,N,,OHLC_D_I_NR4BEARBO
1784718917,"{'stkname': 'Edel LC/MC 250', 'ltp': '', 'perChg': '', 'stkId': 'ENL', 'displayLock': 'N', 'scanproflg': 1, 'scUrl': 'etf/edelweissniftylargemidcap250etf/ENL', 'columns': [{'name': 'change %', 'value': '-0.72'}, {'name': 'LTP', 'value': '16.60'}, {'name': 'Close Price value', 'value': '16.60'}, {'name': 'change absolute', 'value': '-0.12'}]}",OHLC_D_I_NR4BEARBO,NR 4 Breakdown,Four Bar Pattern,18,Range Breakout,NR4 is a 4-bar narrow range pattern. NR4 bearish breakout pattern scanner shows the list of stocks forming bearish breakout pattern after 4-bar consolidation.,,,False,1,N,,OHLC_D_I_NR4BEARBO
1784718917,"{'stkname': 'Ipru Nifty Fin', 'ltp': '', 'perChg': '', 'stkId': 'IPN04', 'displayLock': 'N', 'scanproflg': 1, 'scUrl': 'etf/icicipruniftyfinserex-banketf/IPN04', 'columns': [{'name': 'change %', 'value': '-0.98'}, {'name': 'LTP', 'value': '32.39'}, {'name': 'Close Price value', 'value': '32.39'}, {'name': 'change absolute', 'value': '-0.32'}]}",OHLC_D_I_NR4BEARBO,NR 4 Breakdown,Four Bar Pattern,18,Range Breakout,NR4 is a 4-bar narrow range pattern. NR4 bearish breakout pattern scanner shows the list of stocks forming bearish breakout pattern after 4-bar consolidation.,,,False,1,N,,OHLC_D_I_NR4BEARBO
1784718917,"{'stkname': 'Gr Nifty PSE', 'ltp': '', 'perChg': '', 'stkId': 'GNP01', 'displayLock': 'N', 'scanproflg': 1, 'scUrl': 'etf/growwniftypseetf/GNP', 'columns': [{'name': 'change %', 'value': '-0.55'}, {'name': 'LTP', 'value': '100.01'}, {'name': 'Close Price value', 'value': '100.01'}, {'name': 'change absolute', 'value': '-0.55'}]}",OHLC_D_I_NR4BEARBO,NR 4 Breakdown,Four Bar Pattern,18,Range Breakout,NR4 is a 4-bar narrow range pattern. NR4 bearish breakout pattern scanner shows the list of stocks forming bearish breakout pattern after 4-bar consolidation.,,,False,1,N,,OHLC_D_I_NR4BEARBO
1784718917,"{'stkname': 'Ipru Nifty Com', 'ltp': '', 'perChg': '', 'stkId': 'IPN05', 'displayLock': 'N', 'scanproflg': 1, 'scUrl': 'etf/iciciprudentialniftycommoditiesetf/IPN05', 'columns': [{'name': 'change %', 'value': '0.00'}, {'name': 'LTP', 'value': '101.42'}, {'name': 'Close Price value', 'value': '101.42'}, {'name': 'change absolute', 'value': '0.00'}]}",OHLC_D_I_NR4BEARBO,NR 4 Breakdown,Four Bar Pattern,18,Range Breakout,NR4 is a 4-bar narrow range pattern. NR4 bearish breakout pattern scanner shows the list of stocks forming bearish breakout pattern after 4-bar consolidation.,,,False,1,N,,OHLC_D_I_NR4BEARBO
1784718917,"{'stkname': 'Adani Green Ene', 'ltp': '', 'perChg': '', 'stkId': 'ADANI54145', 'displayLock': 'N', 'scanproflg': 1, 'scUrl': 'power-generationdistribution/adanigreenenergylimited/ADANI54145', 'columns': [{'name': 'change %', 'value': '-4.30'}, {'name': 'LTP', 'value': '1,475.60'}, {'name': 'Close Price value', 'value': '1,475.60'}, {'name': 'change absolute', 'value': '-66.30'}]}",OHLC_D_I_NR4BEARBO,NR 4 Breakdown,Four Bar Pattern,18,Range Breakout,NR4 is a 4-bar narrow range pattern. NR4 bearish breakout pattern scanner shows the list of stocks forming bearish breakout pattern after 4-bar consolidation.,,,False,1,N,,OHLC_D_I_NR4BEARBO
1784718917,"{'stkname': 'Adani Power', 'ltp': '', 'perChg': '', 'stkId': 'AP26', 'displayLock': 'N', 'scanproflg': 1, 'scUrl': 'power-generationdistribution/adanipower/AP11', 'columns': [{'name': 'change %', 'value': '-1.52'}, {'name': 'LTP', 'value': '217.02'}, {'name': 'Close Price value', 'value': '217.02'}, {'name': 'change absolute', 'value': '-3.35'}]}",OHLC_D_I_NR4BEARBO,NR 4 Breakdown,Four Bar Pattern,18,Range Breakout,NR4 is a 4-bar narrow range pattern. NR4 bearish breakout pattern scanner shows the list of stocks forming bearish breakout pattern after 4-bar consolidation.,,,False,1,N,,OHLC_D_I_NR4BEARBO
1784718917,"{'stkname': 'Ipru BSE 500', 'ltp': '', 'perChg': '', 'stkId': 'ICICI3001', 'displayLock': 'N', 'scanproflg': 1, 'scUrl': 'etf/iciciprudentialbse500etf/ICICI3001', 'columns': [{'name': 'change %', 'value': '-0.89'}, {'name': 'LTP', 'value': '39.10'}, {'name': 'Close Price value', 'value': '39.10'}, {'name': 'change absolute', 'value': '-0.35'}]}",OHLC_D_I_NR4BEARBO,NR 4 Breakdown,Four Bar Pattern,18,Range Breakout,NR4 is a 4-bar narrow range pattern. NR4 bearish breakout pattern scanner shows the list of stocks forming bearish breakout pattern after 4-bar consolidation.,,,False,1,N,,OHLC_D_I_NR4BEARBO
1784718917,"{'stkname': 'Axis NiftyCons', 'ltp': '', 'perChg': '', 'stkId': 'ACE02', 'displayLock': 'N', 'scanproflg': 1, 'scUrl': 'etf/axisniftyindiaconsumptionetf/ACE02', 'columns': [{'name': 'change %', 'value': '-0.02'}, {'name': 'LTP', 'value': '121.21'}, {'name': 'Close Price value', 'value': '121.21'}, {'name': 'change absolute', 'value': '-0.03'}]}",OHLC_D_I_NR4BEARBO,NR 4 Breakdown,Four Bar Pattern,18,Range Breakout,NR4 is a 4-bar narrow range pattern. NR4 bearish breakout pattern scanner shows the list of stocks forming bearish breakout pattern after 4-bar consolidation.,,,False,1,N,,OHLC_D_I_NR4BEARBO
1784718917,"{'stkname': 'Gr Midcap150', 'ltp': '', 'perChg': '', 'stkId': 'GNM01', 'displayLock': 'N', 'scanproflg': 1, 'scUrl': 'etf/growwniftymidcap150etf/GNM01', 'columns': [{'name': 'change %', 'value': '-0.23'}, {'name': 'LTP', 'value': '230.81'}, {'name': 'Close Price value', 'value': '230.81'}, {'name': 'change absolute', 'value': '-0.53'}]}",OHLC_D_I_NR4BEARBO,NR 4 Breakdown,Four Bar Pattern,18,Range Breakout,NR4 is a 4-bar narrow range pattern. NR4 bearish breakout pattern scanner shows the list of stocks forming bearish breakout pattern after 4-bar consolidation.,,,False,1,N,,OHLC_D_I_NR4BEARBO
1784718917,"{'stkname': 'Gr Nift Metals', 'ltp': '', 'perChg': '', 'stkId': 'GNM', 'displayLock': 'N', 'scanproflg': 1, 'scUrl': 'etf/growwniftymetaletf/GNM', 'columns': [{'name': 'change %', 'value': '-0.42'}, {'name': 'LTP', 'value': '11.95'}, {'name': 'Close Price value', 'value': '11.95'}, {'name': 'change absolute', 'value': '-0.05'}]}",OHLC_D_I_NR4BEARBO,NR 4 Breakdown,Four Bar Pattern,18,Range Breakout,NR4 is a 4-bar narrow range pattern. NR4 bearish breakout pattern scanner shows the list of stocks forming bearish breakout pattern after 4-bar consolidation.,,,False,1,N,,OHLC_D_I_NR4BEARBO
1784718917,"{'stkname': 'Hexagon Nutriti', 'ltp': '', 'perChg': '', 'stkId': 'HNL01', 'displayLock': 'N', 'scanproflg': 1, 'scUrl': 'pharmaceuticalsdrugs/hexagonnutrition/HNL01', 'columns': [{'name': 'change %', 'value': '-2.06'}, {'name': 'LTP', 'value': '68.00'}, {'name': 'Close Price value', 'value': '68.00'}, {'name': 'change absolute', 'value': '-1.43'}]}",OHLC_D_I_NR4BEARBO,NR 4 Breakdown,Four Bar Pattern,18,Range Breakout,NR4 is a 4-bar narrow range pattern. NR4 bearish breakout pattern scanner shows the list of stocks forming bearish breakout pattern after 4-bar consolidation.,,,False,1,N,,OHLC_D_I_NR4BEARBO
1784718917,"{'stkname': 'Next Mediaworks', 'ltp': '', 'perChg': '', 'stkId': 'MDM01', 'displayLock': 'N', 'scanproflg': 1, 'scUrl': 'mediaentertainment/nextmediaworks/MDM01', 'columns': [{'name': 'change %', 'value': '-3.08'}, {'name': 'LTP', 'value': '3.78'}, {'name': 'Close Price value', 'value': '3.78'}, {'name': 'change absolute', 'value': '-0.12'}]}",OHLC_D_I_NR4BEARBO,NR 4 Breakdown,Four Bar Pattern,18,Range Breakout,NR4 is a 4-bar narrow range pattern. NR4 bearish breakout pattern scanner shows the list of stocks forming bearish breakout pattern after 4-bar consolidation.,,,False,1,N,,OHLC_D_I_NR4BEARBO
1784718917,"{'stkname': 'BAG Films', 'ltp': '', 'perChg': '', 'stkId': 'BAG', 'displayLock': 'N', 'scanproflg': 1, 'scUrl': 'mediaentertainment/bagfilmsmedia/BAG', 'columns': [{'name': 'change %', 'value': '-0.44'}, {'name': 'LTP', 'value': '4.50'}, {'name': 'Close Price value', 'value': '4.50'}, {'name': 'change absolute', 'value': '-0.02'}]}",OHLC_D_I_NR4BEARBO,NR 4 Breakdown,Four Bar Pattern,18,Range Breakout,NR4 is a 4-bar narrow range pattern. NR4 bearish breakout pattern scanner shows the list of stocks forming bearish breakout pattern after 4-bar consolidation.,,,False,1,N,,OHLC_D_I_NR4BEARBO
1784718917,"{'stkname': 'Ujaas Energy', 'ltp': '', 'perChg': '', 'stkId': 'S16', 'displayLock': 'N', 'scanproflg': 1, 'scUrl': 'power-transmissionequipment/ujaasenergy/S18', 'columns': [{'name': 'change %', 'value': '-2.46'}, {'name': 'LTP', 'value': '121.64'}, {'name': 'Close Price value', 'value': '121.64'}, {'name': 'change absolute', 'value': '-3.07'}]}",OHLC_D_I_NR4BEARBO,NR 4 Breakdown,Four Bar Pattern,18,Range Breakout,NR4 is a 4-bar narrow range pattern. NR4 bearish breakout pattern scanner shows the list of stocks forming bearish breakout pattern after 4-bar consolidation.,,,False,1,N,,OHLC_D_I_NR4BEARBO
1784718917,"{'stkname': 'Knowledge Marin', 'ltp': '', 'perChg': '', 'stkId': 'KME', 'displayLock': 'N', 'scanproflg': 1, 'scUrl': 'miscellaneous/knowledgemarineengineeringworks/KME01', 'columns': [{'name': 'change %', 'value': '-1.62'}, {'name': 'LTP', 'value': '2,412.10'}, {'name': 'Close Price value', 'value': '2,412.10'}, {'name': 'change absolute', 'value': '-39.70'}]}",OHLC_D_I_NR4BEARBO,NR 4 Breakdown,Four Bar Pattern,18,Range Breakout,NR4 is a 4-bar narrow range pattern. NR4 bearish breakout pattern scanner shows the list of stocks forming bearish breakout pattern after 4-bar consolidation.,,,False,1,N,,OHLC_D_I_NR4BEARBO
1784718917,"{'stkname': 'ABLBL', 'ltp': '', 'perChg': '', 'stkId': 'ABL06', 'displayLock': 'N', 'scanproflg': 1, 'scUrl': 'speciality-retailers/adityabirlalifestylebrands/ABL06', 'columns': [{'name': 'change %', 'value': '-1.13'}, {'name': 'LTP', 'value': '93.82'}, {'name': 'Close Price value', 'value': '93.82'}, {'name': 'change absolute', 'value': '-1.07'}]}",OHLC_D_I_NR4BEARBO,NR 4 Breakdown,Four Bar Pattern,18,Range Breakout,NR4 is a 4-bar narrow range pattern. NR4 bearish breakout pattern scanner shows the list of stocks forming bearish breakout pattern after 4-bar consolidation.,,,False,1,N,,OHLC_D_I_NR4BEARBO
1784718917,"{'stkname': 'Vintage Coffee', 'ltp': '', 'perChg': '', 'stkId': 'SP40', 'displayLock': 'N', 'scanproflg': 1, 'scUrl': 'miscellaneous/vintagecoffeebeverages/SP41', 'columns': [{'name': 'change %', 'value': '-0.39'}, {'name': 'LTP', 'value': '156.00'}, {'name': 'Close Price value', 'value': '156.00'}, {'name': 'change absolute', 'value': '-0.61'}]}",OHLC_D_I_NR4BEARBO,NR 4 Breakdown,Four Bar Pattern,18,Range Breakout,NR4 is a 4-bar narrow range pattern. NR4 bearish breakout pattern scanner shows the list of stocks forming bearish breakout pattern after 4-bar consolidation.,,,False,1,N,,OHLC_D_I_NR4BEARBO
1784718917,"{'stkname': 'Raymond Realty', 'ltp': '', 'perChg': '', 'stkId': 'RRL02', 'displayLock': 'N', 'scanproflg': 1, 'scUrl': 'construction-residentialcommercial-complexes/raymondrealty/RRL02', 'columns': [{'name': 'change %', 'value': '-3.74'}, {'name': 'LTP', 'value': '665.90'}, {'name': 'Close Price value', 'value': '665.90'}, {'name': 'change absolute', 'value': '-25.90'}]}",OHLC_D_I_NR4BEARBO,NR 4 Breakdown,Four Bar Pattern,18,Range Breakout,NR4 is a 4-bar narrow range pattern. NR4 bearish breakout pattern scanner shows the list of stocks forming bearish breakout pattern after 4-bar consolidation.,,,False,1,N,,OHLC_D_I_NR4BEARBO
1784718917,"{'stkname': 'Kwality Walls', 'ltp': '', 'perChg': '', 'stkId': 'KWI', 'displayLock': 'N', 'scanproflg': 1, 'scUrl': 'consumer-food/kwalitywallsindia/KWI', 'columns': [{'name': 'change %', 'value': '-3.72'}, {'name': 'LTP', 'value': '32.60'}, {'name': 'Close Price value', 'value': '32.60'}, {'name': 'change absolute', 'value': '-1.26'}]}",OHLC_D_I_NR4BEARBO,NR 4 Breakdown,Four Bar Pattern,18,Range Breakout,NR4 is a 4-bar narrow range pattern. NR4 bearish breakout pattern scanner shows the list of stocks forming bearish breakout pattern after 4-bar consolidation.,,,False,1,N,,OHLC_D_I_NR4BEARBO
1784718917,"{'stkname': 'Kovai Medical', 'ltp': '', 'perChg': '', 'stkId': 'KM05', 'displayLock': 'N', 'scanproflg': 1, 'scUrl': 'hospitalsmedical-services/kovaimedicalcenterhospital/KMC02', 'columns': [{'name': 'change %', 'value': '-1.78'}, {'name': 'LTP', 'value': '5,830.00'}, {'name': 'Close Price value', 'value': '5,830.00'}, {'name': 'change absolute', 'value': '-105.50'}]}",OHLC_D_I_NR4BEARBO,NR 4 Breakdown,Four Bar Pattern,18,Range Breakout,NR4 is a 4-bar narrow range pattern. NR4 bearish breakout pattern scanner shows the list of stocks forming bearish breakout pattern after 4-bar consolidation.,,,False,1,N,,OHLC_D_I_NR4BEARBO
1784718917,"{'stkname': 'Frontier Spring', 'ltp': '', 'perChg': '', 'stkId': 'FS02', 'displayLock': 'N', 'scanproflg': 1, 'scUrl': 'auto-ancillaries/frontiersprings/FS02', 'columns': [{'name': 'change %', 'value': '-0.21'}, {'name': 'LTP', 'value': '1,397.20'}, {'name': 'Close Price value', 'value': '1,397.20'}, {'name': 'change absolute', 'value': '-2.90'}]}",OHLC_D_I_NR4BEARBO,NR 4 Breakdown,Four Bar Pattern,18,Range Breakout,NR4 is a 4-bar narrow range pattern. NR4 bearish breakout pattern scanner shows the list of stocks forming bearish breakout pattern after 4-bar consolidation.,,,False,1,N,,OHLC_D_I_NR4BEARBO
1784718917,"{'stkname': 'Vedanta Power', 'ltp': '', 'perChg': '', 'stkId': 'VPL01', 'displayLock': 'N', 'scanproflg': 1, 'scUrl': 'power-generationdistribution/vedantapower/VPL01', 'columns': [{'name': 'change %', 'value': '-6.32'}, {'name': 'LTP', 'value': '35.40'}, {'name': 'Close Price value', 'value': '35.40'}, {'name': 'change absolute', 'value': '-2.39'}]}",OHLC_D_I_NR4BEARBO,NR 4 Breakdown,Four Bar Pattern,18,Range Breakout,NR4 is a 4-bar narrow range pattern. NR4 bearish breakout pattern scanner shows the list of stocks forming bearish breakout pattern after 4-bar consolidation.,,,False,1,N,,OHLC_D_I_NR4BEARBO
1784718917,"{'stkname': 'John Cockerill', 'ltp': '', 'perChg': '', 'stkId': 'FPE', 'displayLock': 'N', 'scanproflg': 1, 'scUrl': 'engineering-heavy/johncockerillindia/CMI02', 'columns': [{'name': 'change %', 'value': '-1.66'}, {'name': 'LTP', 'value': '9,030.00'}, {'name': 'Close Price value', 'value': '9,030.00'}, {'name': 'change absolute', 'value': '-152.00'}]}",OHLC_D_I_NR4BEARBO,NR 4 Breakdown,Four Bar Pattern,18,Range Breakout,NR4 is a 4-bar narrow range pattern. NR4 bearish breakout pattern scanner shows the list of stocks forming bearish breakout pattern after 4-bar consolidation.,,,False,1,N,,OHLC_D_I_NR4BEARBO
1784718917,"{'stkname': 'LLOYDS ENTER', 'ltp': '', 'perChg': '', 'stkId': 'SGT', 'displayLock': 'N', 'scanproflg': 1, 'scUrl': 'finance-investments/lloydsenterprises/SGT', 'columns': [{'name': 'change %', 'value': '-3.34'}, {'name': 'LTP', 'value': '78.77'}, {'name': 'Close Price value', 'value': '78.77'}, {'name': 'change absolute', 'value': '-2.72'}]}",OHLC_D_I_NR4BEARBO,NR 4 Breakdown,Four Bar Pattern,18,Range Breakout,NR4 is a 4-bar narrow range pattern. NR4 bearish breakout pattern scanner shows the list of stocks forming bearish breakout pattern after 4-bar consolidation.,,,False,1,N,,OHLC_D_I_NR4BEARBO
1784718917,"{'stkname': 'Tips Music', 'ltp': '', 'perChg': '', 'stkId': 'TI25', 'displayLock': 'N', 'scanproflg': 1, 'scUrl': 'film-production-distributionentertainment/tipsmusic/TI25', 'columns': [{'name': 'change %', 'value': '-12.15'}, {'name': 'LTP', 'value': '625.70'}, {'name': 'Close Price value', 'value': '625.70'}, {'name': 'change absolute', 'value': '-86.50'}]}",OHLC_D_I_NR4BEARBO,NR 4 Breakdown,Four Bar Pattern,18,Range Breakout,NR4 is a 4-bar narrow range pattern. NR4 bearish breakout pattern scanner shows the list of stocks forming bearish breakout pattern after 4-bar consolidation.,,,False,1,N,,OHLC_D_I_NR4BEARBO
1784718917,"{'stkname': 'Asahi India', 'ltp': '', 'perChg': '', 'stkId': 'AIS', 'displayLock': 'N', 'scanproflg': 1, 'scUrl': 'glassglass-products/asahiindiaglass/AIG01', 'columns': [{'name': 'change %', 'value': '-0.99'}, {'name': 'LTP', 'value': '885.00'}, {'name': 'Close Price value', 'value': '885.00'}, {'name': 'change absolute', 'value': '-8.85'}]}",OHLC_D_I_NR4BEARBO,NR 4 Breakdown,Four Bar Pattern,18,Range Breakout,NR4 is a 4-bar narrow range pattern. NR4 bearish breakout pattern scanner shows the list of stocks forming bearish breakout pattern after 4-bar consolidation.,,,False,1,N,,OHLC_D_I_NR4BEARBO
1784718917,"{'stkname': 'Eureka Forbes', 'ltp': '', 'perChg': '', 'stkId': 'EF08', 'displayLock': 'N', 'scanproflg': 1, 'scUrl': 'householdpersonal-products/eurekaforbes/EF03', 'columns': [{'name': 'change %', 'value': '-3.54'}, {'name': 'LTP', 'value': '447.50'}, {'name': 'Close Price value', 'value': '447.50'}, {'name': 'change absolute', 'value': '-16.40'}]}",OHLC_D_I_NR4BEARBO,NR 4 Breakdown,Four Bar Pattern,18,Range Breakout,NR4 is a 4-bar narrow range pattern. NR4 bearish breakout pattern scanner shows the list of stocks forming bearish breakout pattern after 4-bar consolidation.,,,False,1,N,,OHLC_D_I_NR4BEARBO
1784718917,"{'stkname': 'Brightcom Group', 'ltp': '', 'perChg': '', 'stkId': 'LGS', 'displayLock': 'N', 'scanproflg': 1, 'scUrl': 'computers-software-mediumsmall/brightcomgroup/LGS', 'columns': [{'name': 'change %', 'value': '-0.83'}, {'name': 'LTP', 'value': '9.52'}, {'name': 'Close Price value', 'value': '9.52'}, {'name': 'change absolute', 'value': '-0.08'}]}",OHLC_D_I_NR4BEARBO,NR 4 Breakdown,Four Bar Pattern,18,Range Breakout,NR4 is a 4-bar narrow range pattern. NR4 bearish breakout pattern scanner shows the list of stocks forming bearish breakout pattern after 4-bar consolidation.,,,False,1,N,,OHLC_D_I_NR4BEARBO
1784718917,"{'stkname': 'GE Power India', 'ltp': '', 'perChg': '', 'stkId': 'ABB01', 'displayLock': 'N', 'scanproflg': 1, 'scUrl': 'power-transmissionequipment/gepowerindia/AP29', 'columns': [{'name': 'change %', 'value': '-0.85'}, {'name': 'LTP', 'value': '804.40'}, {'name': 'Close Price value', 'value': '804.40'}, {'name': 'change absolute', 'value': '-6.90'}]}",OHLC_D_I_NR4BEARBO,NR 4 Breakdown,Four Bar Pattern,18,Range Breakout,NR4 is a 4-bar narrow range pattern. NR4 bearish breakout pattern scanner shows the list of stocks forming bearish breakout pattern after 4-bar consolidation.,,,False,1,N,,OHLC_D_I_NR4BEARBO
1784718917,"{'stkname': 'Nitco', 'ltp': '', 'perChg': '', 'stkId': 'NT01', 'displayLock': 'N', 'scanproflg': 1, 'scUrl': 'ceramicsgranite/nitco/N52', 'columns': [{'name': 'change %', 'value': '-1.83'}, {'name': 'LTP', 'value': '104.99'}, {'name': 'Close Price value', 'value': '104.99'}, {'name': 'change absolute', 'value': '-1.96'}]}",OHLC_D_I_NR4BEARBO,NR 4 Breakdown,Four Bar Pattern,18,Range Breakout,NR4 is a 4-bar narrow range pattern. NR4 bearish breakout pattern scanner shows the list of stocks forming bearish breakout pattern after 4-bar consolidation.,,,False,1,N,,OHLC_D_I_NR4BEARBO
1784718917,"{'stkname': 'Magellanic', 'ltp': '', 'perChg': '', 'stkId': 'SIP06', 'displayLock': 'N', 'scanproflg': 1, 'scUrl': 'software/magellaniccloud/SIP06', 'columns': [{'name': 'change %', 'value': '-2.28'}, {'name': 'LTP', 'value': '27.45'}, {'name': 'Close Price value', 'value': '27.45'}, {'name': 'change absolute', 'value': '-0.64'}]}",OHLC_D_I_NR4BEARBO,NR 4 Breakdown,Four Bar Pattern,18,Range Breakout,NR4 is a 4-bar narrow range pattern. NR4 bearish breakout pattern scanner shows the list of stocks forming bearish breakout pattern after 4-bar consolidation.,,,False,1,N,,OHLC_D_I_NR4BEARBO
1784718917,"{'stkname': 'Vikran Engineer', 'ltp': '', 'perChg': '', 'stkId': 'VEL', 'displayLock': 'N', 'scanproflg': 1, 'scUrl': 'engineering-construction/vikranengineering/VEL01', 'columns': [{'name': 'change %', 'value': '-2.43'}, {'name': 'LTP', 'value': '70.25'}, {'name': 'Close Price value', 'value': '70.25'}, {'name': 'change absolute', 'value': '-1.75'}]}",OHLC_D_I_NR4BEARBO,NR 4 Breakdown,Four Bar Pattern,18,Range Breakout,NR4 is a 4-bar narrow range pattern. NR4 bearish breakout pattern scanner shows the list of stocks forming bearish breakout pattern after 4-bar consolidation.,,,False,1,N,,OHLC_D_I_NR4BEARBO
1784718917,"{'stkname': 'Guj Themis', 'ltp': '', 'perChg': '', 'stkId': 'GTB01', 'displayLock': 'N', 'scanproflg': 1, 'scUrl': 'pharmaceuticals/gujaratthemisbiosyn/GTB01', 'columns': [{'name': 'change %', 'value': '-3.96'}, {'name': 'LTP', 'value': '350.10'}, {'name': 'Close Price value', 'value': '350.10'}, {'name': 'change absolute', 'value': '-14.45'}]}",OHLC_D_I_NR4BEARBO,NR 4 Breakdown,Four Bar Pattern,18,Range Breakout,NR4 is a 4-bar narrow range pattern. NR4 bearish breakout pattern scanner shows the list of stocks forming bearish breakout pattern after 4-bar consolidation.,,,False,1,N,,OHLC_D_I_NR4BEARBO
1784718917,"{'stkname': 'Protean eGov', 'ltp': '', 'perChg': '', 'stkId': 'PETL', 'displayLock': 'N', 'scanproflg': 1, 'scUrl': 'it-servicesconsulting/proteanegovtechnologies/PeTL', 'columns': [{'name': 'change %', 'value': '-2.11'}, {'name': 'LTP', 'value': '583.25'}, {'name': 'Close Price value', 'value': '583.25'}, {'name': 'change absolute', 'value': '-12.55'}]}",OHLC_D_I_NR4BEARBO,NR 4 Breakdown,Four Bar Pattern,18,Range Breakout,NR4 is a 4-bar narrow range pattern. NR4 bearish breakout pattern scanner shows the list of stocks forming bearish breakout pattern after 4-bar consolidation.,,,False,1,N,,OHLC_D_I_NR4BEARBO
1784718917,"{'stkname': 'DDEVPLASTIK', 'ltp': '', 'perChg': '', 'stkId': 'DPI02', 'displayLock': 'N', 'scanproflg': 1, 'scUrl': 'plastic-products/ddevplastiksindustries/DPI02', 'columns': [{'name': 'change %', 'value': '-2.65'}, {'name': 'LTP', 'value': '278.95'}, {'name': 'Close Price value', 'value': '278.95'}, {'name': 'change absolute', 'value': '-7.60'}]}",OHLC_D_I_NR4BEARBO,NR 4 Breakdown,Four Bar Pattern,18,Range Breakout,NR4 is a 4-bar narrow range pattern. NR4 bearish breakout pattern scanner shows the list of stocks forming bearish breakout pattern after 4-bar consolidation.,,,False,1,N,,OHLC_D_I_NR4BEARBO
1784718917,"{'stkname': 'Max Estates', 'ltp': '', 'perChg': '', 'stkId': 'MEL02', 'displayLock': 'N', 'scanproflg': 1, 'scUrl': 'construction-real-estate/maxestates/MEL02', 'columns': [{'name': 'change %', 'value': '-2.07'}, {'name': 'LTP', 'value': '390.95'}, {'name': 'Close Price value', 'value': '390.95'}, {'name': 'change absolute', 'value': '-8.25'}]}",OHLC_D_I_NR4BEARBO,NR 4 Breakdown,Four Bar Pattern,18,Range Breakout,NR4 is a 4-bar narrow range pattern. NR4 bearish breakout pattern scanner shows the list of stocks forming bearish breakout pattern after 4-bar consolidation.,,,False,1,N,,OHLC_D_I_NR4BEARBO
1784718917,"{'stkname': 'Shringar House ', 'ltp': '', 'perChg': '', 'stkId': 'SHO', 'displayLock': 'N', 'scanproflg': 1, 'scUrl': 'diamondjewellery/shringarhousemangalsutra/SHo', 'columns': [{'name': 'change %', 'value': '-1.15'}, {'name': 'LTP', 'value': '219.85'}, {'name': 'Close Price value', 'value': '219.85'}, {'name': 'change absolute', 'value': '-2.56'}]}",OHLC_D_I_NR4BEARBO,NR 4 Breakdown,Four Bar Pattern,18,Range Breakout,NR4 is a 4-bar narrow range pattern. NR4 bearish breakout pattern scanner shows the list of stocks forming bearish breakout pattern after 4-bar consolidation.,,,False,1,N,,OHLC_D_I_NR4BEARBO
1784718917,"{'stkname': 'Travel Food Ser', 'ltp': '', 'perChg': '', 'stkId': 'TFS02', 'displayLock': 'N', 'scanproflg': 1, 'scUrl': 'hotel-resortrestaurants/travelfoodservices/TFS01', 'columns': [{'name': 'change %', 'value': '-1.42'}, {'name': 'LTP', 'value': '1,282.00'}, {'name': 'Close Price value', 'value': '1,282.00'}, {'name': 'change absolute', 'value': '-18.50'}]}",OHLC_D_I_NR4BEARBO,NR 4 Breakdown,Four Bar Pattern,18,Range Breakout,NR4 is a 4-bar narrow range pattern. NR4 bearish breakout pattern scanner shows the list of stocks forming bearish breakout pattern after 4-bar consolidation.,,,False,1,N,,OHLC_D_I_NR4BEARBO
1784718917,"{'stkname': 'Embassy Develop', 'ltp': '', 'perChg': '', 'stkId': 'IRE01', 'displayLock': 'N', 'scanproflg': 1, 'scUrl': 'construction-residentialcommercial-complexes/embassydevelopments/IRE01', 'columns': [{'name': 'change %', 'value': '-1.86'}, {'name': 'LTP', 'value': '62.36'}, {'name': 'Close Price value', 'value': '62.36'}, {'name': 'change absolute', 'value': '-1.18'}]}",OHLC_D_I_NR4BEARBO,NR 4 Breakdown,Four Bar Pattern,18,Range Breakout,NR4 is a 4-bar narrow range pattern. NR4 bearish breakout pattern scanner shows the list of stocks forming bearish breakout pattern after 4-bar consolidation.,,,False,1,N,,OHLC_D_I_NR4BEARBO
1784718917,"{'stkname': 'Billionbrains G', 'ltp': '', 'perChg': '', 'stkId': 'BGV', 'displayLock': 'N', 'scanproflg': 1, 'scUrl': 'finance-stock-broking/billionbrainsgarageventures/BGV01', 'columns': [{'name': 'change %', 'value': '-1.63'}, {'name': 'LTP', 'value': '203.00'}, {'name': 'Close Price value', 'value': '203.00'}, {'name': 'change absolute', 'value': '-3.36'}]}",OHLC_D_I_NR4BEARBO,NR 4 Breakdown,Four Bar Pattern,18,Range Breakout,NR4 is a 4-bar narrow range pattern. NR4 bearish breakout pattern scanner shows the list of stocks forming bearish breakout pattern after 4-bar consolidation.,,,False,1,N,,OHLC_D_I_NR4BEARBO
1784718917,"{'stkname': 'Epack Prefab', 'ltp': '', 'perChg': '', 'stkId': 'EPTL', 'displayLock': 'N', 'scanproflg': 1, 'scUrl': 'engineeringconstruction/epackprefabtechnologies/EPTL', 'columns': [{'name': 'change %', 'value': '-1.85'}, {'name': 'LTP', 'value': '242.00'}, {'name': 'Close Price value', 'value': '242.00'}, {'name': 'change absolute', 'value': '-4.57'}]}",OHLC_D_I_NR4BEARBO,NR 4 Breakdown,Four Bar Pattern,18,Range Breakout,NR4 is a 4-bar narrow range pattern. NR4 bearish breakout pattern scanner shows the list of stocks forming bearish breakout pattern after 4-bar consolidation.,,,False,1,N,,OHLC_D_I_NR4BEARBO
1784718917,"{'stkname': 'GK Energy', 'ltp': '', 'perChg': '', 'stkId': 'GEL02', 'displayLock': 'N', 'scanproflg': 1, 'scUrl': 'renewables/gkenergy/GEL02', 'columns': [{'name': 'change %', 'value': '-2.88'}, {'name': 'LTP', 'value': '138.70'}, {'name': 'Close Price value', 'value': '138.70'}, {'name': 'change absolute', 'value': '-4.12'}]}",OHLC_D_I_NR4BEARBO,NR 4 Breakdown,Four Bar Pattern,18,Range Breakout,NR4 is a 4-bar narrow range pattern. NR4 bearish breakout pattern scanner shows the list of stocks forming bearish breakout pattern after 4-bar consolidation.,,,False,1,N,,OHLC_D_I_NR4BEARBO
1784718917,"{'stkname': 'ICICIAMC', 'ltp': '', 'perChg': '', 'stkId': 'IPA02', 'displayLock': 'N', 'scanproflg': 1, 'scUrl': 'finance-investment/iciciprudentialassetmanagementcompany/IPA02', 'columns': [{'name': 'change %', 'value': '-0.95'}, {'name': 'LTP', 'value': '3,120.00'}, {'name': 'Close Price value', 'value': '3,120.00'}, {'name': 'change absolute', 'value': '-30.00'}]}",OHLC_D_I_NR4BEARBO,NR 4 Breakdown,Four Bar Pattern,18,Range Breakout,NR4 is a 4-bar narrow range pattern. NR4 bearish breakout pattern scanner shows the list of stocks forming bearish breakout pattern after 4-bar consolidation.,,,False,1,N,,OHLC_D_I_NR4BEARBO
1784718917,"{'stkname': 'Excelsoft Techn', 'ltp': '', 'perChg': '', 'stkId': 'ETL03', 'displayLock': 'N', 'scanproflg': 1, 'scUrl': 'it-servicesconsulting/excelsofttechnologies/ETL03', 'columns': [{'name': 'change %', 'value': '-1.25'}, {'name': 'LTP', 'value': '75.00'}, {'name': 'Close Price value', 'value': '75.00'}, {'name': 'change absolute', 'value': '-0.95'}]}",OHLC_D_I_NR4BEARBO,NR 4 Breakdown,Four Bar Pattern,18,Range Breakout,NR4 is a 4-bar narrow range pattern. NR4 bearish breakout pattern scanner shows the list of stocks forming bearish breakout pattern after 4-bar consolidation.,,,False,1,N,,OHLC_D_I_NR4BEARBO
1784718917,"{'stkname': 'Shadowfax Tech', 'ltp': '', 'perChg': '', 'stkId': 'STL13', 'displayLock': 'N', 'scanproflg': 1, 'scUrl': 'courier-services/shadowfaxtechnologies/STL14', 'columns': [{'name': 'change %', 'value': '-1.04'}, {'name': 'LTP', 'value': '217.13'}, {'name': 'Close Price value', 'value': '217.13'}, {'name': 'change absolute', 'value': '-2.28'}]}",OHLC_D_I_NR4BEARBO,NR 4 Breakdown,Four Bar Pattern,18,Range Breakout,NR4 is a 4-bar narrow range pattern. NR4 bearish breakout pattern scanner shows the list of stocks forming bearish breakout pattern after 4-bar consolidation.,,,False,1,N,,OHLC_D_I_NR4BEARBO
1784718917,"{'stkname': 'HDB Financial', 'ltp': '', 'perChg': '', 'stkId': 'HFSL', 'displayLock': 'N', 'scanproflg': 1, 'scUrl': 'finance-nbfc/hdbfinancialservices/HFSL', 'columns': [{'name': 'change %', 'value': '-2.10'}, {'name': 'LTP', 'value': '705.45'}, {'name': 'Close Price value', 'value': '705.45'}, {'name': 'change absolute', 'value': '-15.15'}]}",OHLC_D_I_NR4BEARBO,NR 4 Breakdown,Four Bar Pattern,18,Range Breakout,NR4 is a 4-bar narrow range pattern. NR4 bearish breakout pattern scanner shows the list of stocks forming bearish breakout pattern after 4-bar consolidation.,,,False,1,N,,OHLC_D_I_NR4BEARBO
1784718917,"{'stkname': 'ARSSBL', 'ltp': '', 'perChg': '', 'stkId': 'ARSSBL', 'displayLock': 'N', 'scanproflg': 1, 'scUrl': 'finance-stock-broking/anandrathisharestockbrokers/ARSSBL', 'columns': [{'name': 'change %', 'value': '-0.88'}, {'name': 'LTP', 'value': '516.00'}, {'name': 'Close Price value', 'value': '516.00'}, {'name': 'change absolute', 'value': '-4.60'}]}",OHLC_D_I_NR4BEARBO,NR 4 Breakdown,Four Bar Pattern,18,Range Breakout,NR4 is a 4-bar narrow range pattern. NR4 bearish breakout pattern scanner shows the list of stocks forming bearish breakout pattern after 4-bar consolidation.,,,False,1,N,,OHLC_D_I_NR4BEARBO
1784718917,"{'stkname': 'Belrise Ind', 'ltp': '', 'perChg': '', 'stkId': 'BIL07', 'displayLock': 'N', 'scanproflg': 1, 'scUrl': 'auto-ancillaries/belriseindustries/BIL08', 'columns': [{'name': 'change %', 'value': '-1.71'}, {'name': 'LTP', 'value': '232.70'}, {'name': 'Close Price value', 'value': '232.70'}, {'name': 'change absolute', 'value': '-4.06'}]}",OHLC_D_I_NR4BEARBO,NR 4 Breakdown,Four Bar Pattern,18,Range Breakout,NR4 is a 4-bar narrow range pattern. NR4 bearish breakout pattern scanner shows the list of stocks forming bearish breakout pattern after 4-bar consolidation.,,,False,1,N,,OHLC_D_I_NR4BEARBO
1784718917,"{'stkname': 'Ola Electric', 'ltp': '', 'perChg': '', 'stkId': 'OEM', 'displayLock': 'N', 'scanproflg': 1, 'scUrl': 'auto-ancillaries-brakes/olaelectricmobility/OEM', 'columns': [{'name': 'change %', 'value': '-5.35'}, {'name': 'LTP', 'value': '36.65'}, {'name': 'Close Price value', 'value': '36.65'}, {'name': 'change absolute', 'value': '-2.07'}]}",OHLC_D_I_NR4BEARBO,NR 4 Breakdown,Four Bar Pattern,18,Range Breakout,NR4 is a 4-bar narrow range pattern. NR4 bearish breakout pattern scanner shows the list of stocks forming bearish breakout pattern after 4-bar consolidation.,,,False,1,N,,OHLC_D_I_NR4BEARBO
1784718917,"{'stkname': 'Rubicon Res', 'ltp': '', 'perChg': '', 'stkId': 'RRL04', 'displayLock': 'N', 'scanproflg': 1, 'scUrl': 'pharmaceuticalsdrugs/rubiconresearch/RRL04', 'columns': [{'name': 'change %', 'value': '-2.96'}, {'name': 'LTP', 'value': '1,472.00'}, {'name': 'Close Price value', 'value': '1,472.00'}, {'name': 'change absolute', 'value': '-44.90'}]}",OHLC_D_I_NR4BEARBO,NR 4 Breakdown,Four Bar Pattern,18,Range Breakout,NR4 is a 4-bar narrow range pattern. NR4 bearish breakout pattern scanner shows the list of stocks forming bearish breakout pattern after 4-bar consolidation.,,,False,1,N,,OHLC_D_I_NR4BEARBO
1784718917,"{'stkname': 'Unicommerce Eso', 'ltp': '', 'perChg': '', 'stkId': 'UEL', 'displayLock': 'N', 'scanproflg': 1, 'scUrl': 'it-servicesconsulting/unicommerceesolutions/UeL', 'columns': [{'name': 'change %', 'value': '-1.25'}, {'name': 'LTP', 'value': '84.99'}, {'name': 'Close Price value', 'value': '84.99'}, {'name': 'change absolute', 'value': '-1.08'}]}",OHLC_D_I_NR4BEARBO,NR 4 Breakdown,Four Bar Pattern,18,Range Breakout,NR4 is a 4-bar narrow range pattern. NR4 bearish breakout pattern scanner shows the list of stocks forming bearish breakout pattern after 4-bar consolidation.,,,False,1,N,,OHLC_D_I_NR4BEARBO
1784718917,"{'stkname': 'Ventive Hospita', 'ltp': '', 'perChg': '', 'stkId': 'VHL01', 'displayLock': 'N', 'scanproflg': 1, 'scUrl': 'hotel-resortrestaurants/ventivehospitality/VHL01', 'columns': [{'name': 'change %', 'value': '-0.48'}, {'name': 'LTP', 'value': '617.35'}, {'name': 'Close Price value', 'value': '617.35'}, {'name': 'change absolute', 'value': '-2.95'}]}",OHLC_D_I_NR4BEARBO,NR 4 Breakdown,Four Bar Pattern,18,Range Breakout,NR4 is a 4-bar narrow range pattern. NR4 bearish breakout pattern scanner shows the list of stocks forming bearish breakout pattern after 4-bar consolidation.,,,False,1,N,,OHLC_D_I_NR4BEARBO
1784718917,"{'stkname': 'Gala Precision ', 'ltp': '', 'perChg': '', 'stkId': 'GPEL', 'displayLock': 'N', 'scanproflg': 1, 'scUrl': 'metals-castingsforgings/galaprecisionengineering/GPEL', 'columns': [{'name': 'change %', 'value': '-2.85'}, {'name': 'LTP', 'value': '1,167.00'}, {'name': 'Close Price value', 'value': '1,167.00'}, {'name': 'change absolute', 'value': '-34.20'}]}",OHLC_D_I_NR4BEARBO,NR 4 Breakdown,Four Bar Pattern,18,Range Breakout,NR4 is a 4-bar narrow range pattern. NR4 bearish breakout pattern scanner shows the list of stocks forming bearish breakout pattern after 4-bar consolidation.,,,False,1,N,,OHLC_D_I_NR4BEARBO
1784718917,"{'stkname': 'Jyoti CNC Auto', 'ltp': '', 'perChg': '', 'stkId': 'JCA', 'displayLock': 'N', 'scanproflg': 1, 'scUrl': 'misc-commercial-services/jyoticncautomation/JCA', 'columns': [{'name': 'change %', 'value': '-1.48'}, {'name': 'LTP', 'value': '791.00'}, {'name': 'Close Price value', 'value': '791.00'}, {'name': 'change absolute', 'value': '-11.90'}]}",OHLC_D_I_NR4BEARBO,NR 4 Breakdown,Four Bar Pattern,18,Range Breakout,NR4 is a 4-bar narrow range pattern. NR4 bearish breakout pattern scanner shows the list of stocks forming bearish breakout pattern after 4-bar consolidation.,,,False,1,N,,OHLC_D_I_NR4BEARBO
1784718917,"{'stkname': 'Northern Arc', 'ltp': '', 'perChg': '', 'stkId': 'NACL', 'displayLock': 'N', 'scanproflg': 1, 'scUrl': 'finance-investment/northernarccapital/NACL', 'columns': [{'name': 'change %', 'value': '-2.31'}, {'name': 'LTP', 'value': '298.70'}, {'name': 'Close Price value', 'value': '298.70'}, {'name': 'change absolute', 'value': '-7.05'}]}",OHLC_D_I_NR4BEARBO,NR 4 Breakdown,Four Bar Pattern,18,Range Breakout,NR4 is a 4-bar narrow range pattern. NR4 bearish breakout pattern scanner shows the list of stocks forming bearish breakout pattern after 4-bar consolidation.,,,False,1,N,,OHLC_D_I_NR4BEARBO
1784718917,"{'stkname': 'Dr Agarwals', 'ltp': '', 'perChg': '', 'stkId': 'DAH', 'displayLock': 'N', 'scanproflg': 1, 'scUrl': 'hospitalhealthcare-services/dragarwalshealthcare/DAH', 'columns': [{'name': 'change %', 'value': '-2.52'}, {'name': 'LTP', 'value': '473.55'}, {'name': 'Close Price value', 'value': '473.55'}, {'name': 'change absolute', 'value': '-12.25'}]}",OHLC_D_I_NR4BEARBO,NR 4 Breakdown,Four Bar Pattern,18,Range Breakout,NR4 is a 4-bar narrow range pattern. NR4 bearish breakout pattern scanner shows the list of stocks forming bearish breakout pattern after 4-bar consolidation.,,,False,1,N,,OHLC_D_I_NR4BEARBO
1784718917,"{'stkname': 'Shanti Gold', 'ltp': '', 'perChg': '', 'stkId': 'SGIL', 'displayLock': 'N', 'scanproflg': 1, 'scUrl': 'diamondjewellery/shantigoldinternational/SGIL', 'columns': [{'name': 'change %', 'value': '-2.61'}, {'name': 'LTP', 'value': '207.45'}, {'name': 'Close Price value', 'value': '207.45'}, {'name': 'change absolute', 'value': '-5.57'}]}",OHLC_D_I_NR4BEARBO,NR 4 Breakdown,Four Bar Pattern,18,Range Breakout,NR4 is a 4-bar narrow range pattern. NR4 bearish breakout pattern scanner shows the list of stocks forming bearish breakout pattern after 4-bar consolidation.,,,False,1,N,,OHLC_D_I_NR4BEARBO
1784718917,"{'stkname': 'Cello World', 'ltp': '', 'perChg': '', 'stkId': 'CWL', 'displayLock': 'N', 'scanproflg': 1, 'scUrl': 'householdpersonal-products/celloworld/CWL', 'columns': [{'name': 'change %', 'value': '-3.69'}, {'name': 'LTP', 'value': '347.55'}, {'name': 'Close Price value', 'value': '347.55'}, {'name': 'change absolute', 'value': '-13.30'}]}",OHLC_D_I_NR4BEARBO,NR 4 Breakdown,Four Bar Pattern,18,Range Breakout,NR4 is a 4-bar narrow range pattern. NR4 bearish breakout pattern scanner shows the list of stocks forming bearish breakout pattern after 4-bar consolidation.,,,False,1,N,,OHLC_D_I_NR4BEARBO
1784718917,"{'stkname': 'DEE Development', 'ltp': '', 'perChg': '', 'stkId': 'DDEL', 'displayLock': 'N', 'scanproflg': 1, 'scUrl': 'ironsteel/deedevelopmentengineers/DDEL', 'columns': [{'name': 'change %', 'value': '-3.23'}, {'name': 'LTP', 'value': '658.10'}, {'name': 'Close Price value', 'value': '658.10'}, {'name': 'change absolute', 'value': '-22.00'}]}",OHLC_D_I_NR4BEARBO,NR 4 Breakdown,Four Bar Pattern,18,Range Breakout,NR4 is a 4-bar narrow range pattern. NR4 bearish breakout pattern scanner shows the list of stocks forming bearish breakout pattern after 4-bar consolidation.,,,False,1,N,,OHLC_D_I_NR4BEARBO
1784718917,"{'stkname': 'R M Drip Spri', 'ltp': '', 'perChg': '', 'stkId': 'DSS03', 'displayLock': 'N', 'scanproflg': 1, 'scUrl': 'plastic-products/rmdripsprinklerssystems/DSS04', 'columns': [{'name': 'change %', 'value': '-1.32'}, {'name': 'LTP', 'value': '18.65'}, {'name': 'Close Price value', 'value': '18.65'}, {'name': 'change absolute', 'value': '-0.25'}]}",OHLC_D_I_NR4BEARBO,NR 4 Breakdown,Four Bar Pattern,18,Range Breakout,NR4 is a 4-bar narrow range pattern. NR4 bearish breakout pattern scanner shows the list of stocks forming bearish breakout pattern after 4-bar consolidation.,,,False,1,N,,OHLC_D_I_NR4BEARBO
1784718917,"{'stkname': 'Sanstar', 'ltp': '', 'perChg': '', 'stkId': 'SL22', 'displayLock': 'N', 'scanproflg': 1, 'scUrl': 'miscellaneous/sanstar/SL23', 'columns': [{'name': 'change %', 'value': '-1.64'}, {'name': 'LTP', 'value': '106.00'}, {'name': 'Close Price value', 'value': '106.00'}, {'name': 'change absolute', 'value': '-1.77'}]}",OHLC_D_I_NR4BEARBO,NR 4 Breakdown,Four Bar Pattern,18,Range Breakout,NR4 is a 4-bar narrow range pattern. NR4 bearish breakout pattern scanner shows the list of stocks forming bearish breakout pattern after 4-bar consolidation.,,,False,1,N,,OHLC_D_I_NR4BEARBO
1784718917,"{'stkname': 'Niva Bupa Healt', 'ltp': '', 'perChg': '', 'stkId': 'NBH', 'displayLock': 'N', 'scanproflg': 1, 'scUrl': 'lifehealth-insurance/nivabupahealthinsurancecompany/NBH', 'columns': [{'name': 'change %', 'value': '-2.03'}, {'name': 'LTP', 'value': '84.29'}, {'name': 'Close Price value', 'value': '84.29'}, {'name': 'change absolute', 'value': '-1.75'}]}",OHLC_D_I_NR4BEARBO,NR 4 Breakdown,Four Bar Pattern,18,Range Breakout,NR4 is a 4-bar narrow range pattern. NR4 bearish breakout pattern scanner shows the list of stocks forming bearish breakout pattern after 4-bar consolidation.,,,False,1,N,,OHLC_D_I_NR4BEARBO
1784718917,"{'stkname': 'Muthoot Micro', 'ltp': '', 'perChg': '', 'stkId': 'MML07', 'displayLock': 'N', 'scanproflg': 1, 'scUrl': 'finance-others/muthootmicrofin/MML06', 'columns': [{'name': 'change %', 'value': '-1.49'}, {'name': 'LTP', 'value': '250.51'}, {'name': 'Close Price value', 'value': '250.51'}, {'name': 'change absolute', 'value': '-3.79'}]}",OHLC_D_I_NR4BEARBO,NR 4 Breakdown,Four Bar Pattern,18,Range Breakout,NR4 is a 4-bar narrow range pattern. NR4 bearish breakout pattern scanner shows the list of stocks forming bearish breakout pattern after 4-bar consolidation.,,,False,1,N,,OHLC_D_I_NR4BEARBO
1784718917,"{'stkname': 'Happy Forgings', 'ltp': '', 'perChg': '', 'stkId': 'HFL03', 'displayLock': 'N', 'scanproflg': 1, 'scUrl': 'metals-castingsforgings/happyforgings/HFL02', 'columns': [{'name': 'change %', 'value': '-0.72'}, {'name': 'LTP', 'value': '1,600.00'}, {'name': 'Close Price value', 'value': '1,600.00'}, {'name': 'change absolute', 'value': '-11.60'}]}",OHLC_D_I_NR4BEARBO,NR 4 Breakdown,Four Bar Pattern,18,Range Breakout,NR4 is a 4-bar narrow range pattern. NR4 bearish breakout pattern scanner shows the list of stocks forming bearish breakout pattern after 4-bar consolidation.,,,False,1,N,,OHLC_D_I_NR4BEARBO
1784718917,"{'stkname': 'Medi Assist Hea', 'ltp': '', 'perChg': '', 'stkId': 'MAH01', 'displayLock': 'N', 'scanproflg': 1, 'scUrl': 'hospitalhealthcare-services/mediassisthealthcareservices/MAH01', 'columns': [{'name': 'change %', 'value': '-2.32'}, {'name': 'LTP', 'value': '349.05'}, {'name': 'Close Price value', 'value': '349.05'}, {'name': 'change absolute', 'value': '-8.30'}]}",OHLC_D_I_NR4BEARBO,NR 4 Breakdown,Four Bar Pattern,18,Range Breakout,NR4 is a 4-bar narrow range pattern. NR4 bearish breakout pattern scanner shows the list of stocks forming bearish breakout pattern after 4-bar consolidation.,,,False,1,N,,OHLC_D_I_NR4BEARBO
1784718917,"{'stkname': 'Orient Tech', 'ltp': '', 'perChg': '', 'stkId': 'OTL', 'displayLock': 'N', 'scanproflg': 1, 'scUrl': 'software/orienttechnologies/OTL', 'columns': [{'name': 'change %', 'value': '-0.19'}, {'name': 'LTP', 'value': '262.40'}, {'name': 'Close Price value', 'value': '262.40'}, {'name': 'change absolute', 'value': '-0.51'}]}",OHLC_D_I_NR4BEARBO,NR 4 Breakdown,Four Bar Pattern,18,Range Breakout,NR4 is a 4-bar narrow range pattern. NR4 bearish breakout pattern scanner shows the list of stocks forming bearish breakout pattern after 4-bar consolidation.,,,False,1,N,,OHLC_D_I_NR4BEARBO
1784718917,"{'stkname': 'KRN Heat Ex', 'ltp': '', 'perChg': '', 'stkId': 'KHERL', 'displayLock': 'N', 'scanproflg': 1, 'scUrl': 'engineering/krnheatexchangerrefrigeration/KHERL', 'columns': [{'name': 'change %', 'value': '-1.32'}, {'name': 'LTP', 'value': '1,238.80'}, {'name': 'Close Price value', 'value': '1,238.80'}, {'name': 'change absolute', 'value': '-16.60'}]}",OHLC_D_I_NR4BEARBO,NR 4 Breakdown,Four Bar Pattern,18,Range Breakout,NR4 is a 4-bar narrow range pattern. NR4 bearish breakout pattern scanner shows the list of stocks forming bearish breakout pattern after 4-bar consolidation.,,,False,1,N,,OHLC_D_I_NR4BEARBO
1784718917,"{'stkname': 'Akme Fintrade I', 'ltp': '', 'perChg': '', 'stkId': 'AFIL', 'displayLock': 'N', 'scanproflg': 1, 'scUrl': 'finance-investment/akmefintradeindia/AFIL', 'columns': [{'name': 'change %', 'value': '-3.12'}, {'name': 'LTP', 'value': '9.33'}, {'name': 'Close Price value', 'value': '9.33'}, {'name': 'change absolute', 'value': '-0.30'}]}",OHLC_D_I_NR4BEARBO,NR 4 Breakdown,Four Bar Pattern,18,Range Breakout,NR4 is a 4-bar narrow range pattern. NR4 bearish breakout pattern scanner shows the list of stocks forming bearish breakout pattern after 4-bar consolidation.,,,False,1,N,,OHLC_D_I_NR4BEARBO
1784718917,"{'stkname': 'DOMS Industries', 'ltp': '', 'perChg': '', 'stkId': 'DIL03', 'displayLock': 'N', 'scanproflg': 1, 'scUrl': 'printingstationery/domsindustries/DIL04', 'columns': [{'name': 'change %', 'value': '-0.11'}, {'name': 'LTP', 'value': '2,269.00'}, {'name': 'Close Price value', 'value': '2,269.00'}, {'name': 'change absolute', 'value': '-2.40'}]}",OHLC_D_I_NR4BEARBO,NR 4 Breakdown,Four Bar Pattern,18,Range Breakout,NR4 is a 4-bar narrow range pattern. NR4 bearish breakout pattern scanner shows the list of stocks forming bearish breakout pattern after 4-bar consolidation.,,,False,1,N,,OHLC_D_I_NR4BEARBO
1784718917,"{'stkname': 'Kronox Lab Scie', 'ltp': '', 'perChg': '', 'stkId': 'KLS', 'displayLock': 'N', 'scanproflg': 1, 'scUrl': 'chemicals/kronoxlabsciences/KLS', 'columns': [{'name': 'change %', 'value': '-2.75'}, {'name': 'LTP', 'value': '148.00'}, {'name': 'Close Price value', 'value': '148.00'}, {'name': 'change absolute', 'value': '-4.19'}]}",OHLC_D_I_NR4BEARBO,NR 4 Breakdown,Four Bar Pattern,18,Range Breakout,NR4 is a 4-bar narrow range pattern. NR4 bearish breakout pattern scanner shows the list of stocks forming bearish breakout pattern after 4-bar consolidation.,,,False,1,N,,OHLC_D_I_NR4BEARBO
1784718917,"{'stkname': 'Swiggy', 'ltp': '', 'perChg': '', 'stkId': 'SL23', 'displayLock': 'N', 'scanproflg': 1, 'scUrl': 'online-services/swiggy/SL24', 'columns': [{'name': 'change %', 'value': '-2.31'}, {'name': 'LTP', 'value': '264.00'}, {'name': 'Close Price value', 'value': '264.00'}, {'name': 'change absolute', 'value': '-6.23'}]}",OHLC_D_I_NR4BEARBO,NR 4 Breakdown,Four Bar Pattern,18,Range Breakout,NR4 is a 4-bar narrow range pattern. NR4 bearish breakout pattern scanner shows the list of stocks forming bearish breakout pattern after 4-bar consolidation.,,,False,1,N,,OHLC_D_I_NR4BEARBO
1784718917,"{'stkname': 'Fedbank Financi', 'ltp': '', 'perChg': '', 'stkId': 'FFSL', 'displayLock': 'N', 'scanproflg': 1, 'scUrl': 'finance-nbfc/fedbankfinancialservices/FFSL', 'columns': [{'name': 'change %', 'value': '-2.29'}, {'name': 'LTP', 'value': '154.29'}, {'name': 'Close Price value', 'value': '154.29'}, {'name': 'change absolute', 'value': '-3.61'}]}",OHLC_D_I_NR4BEARBO,NR 4 Breakdown,Four Bar Pattern,18,Range Breakout,NR4 is a 4-bar narrow range pattern. NR4 bearish breakout pattern scanner shows the list of stocks forming bearish breakout pattern after 4-bar consolidation.,,,False,1,N,,OHLC_D_I_NR4BEARBO
1784718917,"{'stkname': 'Stanley Life', 'ltp': '', 'perChg': '', 'stkId': 'SLL02', 'displayLock': 'N', 'scanproflg': 1, 'scUrl': 'miscellaneous/stanleylifestyles/SLL02', 'columns': [{'name': 'change %', 'value': '-1.23'}, {'name': 'LTP', 'value': '154.70'}, {'name': 'Close Price value', 'value': '154.70'}, {'name': 'change absolute', 'value': '-1.92'}]}",OHLC_D_I_NR4BEARBO,NR 4 Breakdown,Four Bar Pattern,18,Range Breakout,NR4 is a 4-bar narrow range pattern. NR4 bearish breakout pattern scanner shows the list of stocks forming bearish breakout pattern after 4-bar consolidation.,,,False,1,N,,OHLC_D_I_NR4BEARBO
1784718917,"{'stkname': 'BlackBuck', 'ltp': '', 'perChg': '', 'stkId': 'ZLSL', 'displayLock': 'N', 'scanproflg': 1, 'scUrl': 'online-services/blackbuck/ZLSL', 'columns': [{'name': 'change %', 'value': '-3.38'}, {'name': 'LTP', 'value': '555.20'}, {'name': 'Close Price value', 'value': '555.20'}, {'name': 'change absolute', 'value': '-19.45'}]}",OHLC_D_I_NR4BEARBO,NR 4 Breakdown,Four Bar Pattern,18,Range Breakout,NR4 is a 4-bar narrow range pattern. NR4 bearish breakout pattern scanner shows the list of stocks forming bearish breakout pattern after 4-bar consolidation.,,,False,1,N,,OHLC_D_I_NR4BEARBO
1784718917,"{'stkname': 'DAM Capital Adv', 'ltp': '', 'perChg': '', 'stkId': 'DCA01', 'displayLock': 'N', 'scanproflg': 1, 'scUrl': 'finance-stock-broking/damcapitaladvisors/DCA01', 'columns': [{'name': 'change %', 'value': '-3.61'}, {'name': 'LTP', 'value': '156.91'}, {'name': 'Close Price value', 'value': '156.91'}, {'name': 'change absolute', 'value': '-5.87'}]}",OHLC_D_I_NR4BEARBO,NR 4 Breakdown,Four Bar Pattern,18,Range Breakout,NR4 is a 4-bar narrow range pattern. NR4 bearish breakout pattern scanner shows the list of stocks forming bearish breakout pattern after 4-bar consolidation.,,,False,1,N,,OHLC_D_I_NR4BEARBO
1784718917,"{'stkname': 'Inventurus Know', 'ltp': '', 'perChg': '', 'stkId': 'IKS', 'displayLock': 'N', 'scanproflg': 1, 'scUrl': 'software/inventurusknowledgesolutions/IKS', 'columns': [{'name': 'change %', 'value': '-3.88'}, {'name': 'LTP', 'value': '1,809.80'}, {'name': 'Close Price value', 'value': '1,809.80'}, {'name': 'change absolute', 'value': '-73.00'}]}",OHLC_D_I_NR4BEARBO,NR 4 Breakdown,Four Bar Pattern,18,Range Breakout,NR4 is a 4-bar narrow range pattern. NR4 bearish breakout pattern scanner shows the list of stocks forming bearish breakout pattern after 4-bar consolidation.,,,False,1,N,,OHLC_D_I_NR4BEARBO
1784718917,"{'stkname': 'Azad Eng', 'ltp': '', 'perChg': '', 'stkId': 'AEL03', 'displayLock': 'N', 'scanproflg': 1, 'scUrl': 'aerospacedefence/azadengineering/AEL02', 'columns': [{'name': 'change %', 'value': '-2.24'}, {'name': 'LTP', 'value': '2,325.30'}, {'name': 'Close Price value', 'value': '2,325.30'}, {'name': 'change absolute', 'value': '-53.30'}]}",OHLC_D_I_NR4BEARBO,NR 4 Breakdown,Four Bar Pattern,18,Range Breakout,NR4 is a 4-bar narrow range pattern. NR4 bearish breakout pattern scanner shows the list of stocks forming bearish breakout pattern after 4-bar consolidation.,,,False,1,N,,OHLC_D_I_NR4BEARBO
1784718917,"{'stkname': 'Network People', 'ltp': '', 'perChg': '', 'stkId': 'NPS02', 'displayLock': 'N', 'scanproflg': 1, 'scUrl': 'software/networkpeopleservicestechnologies/NPS02', 'columns': [{'name': 'change %', 'value': '-0.88'}, {'name': 'LTP', 'value': '1,532.60'}, {'name': 'Close Price value', 'value': '1,532.60'}, {'name': 'change absolute', 'value': '-13.60'}]}",OHLC_D_I_NR4BEARBO,NR 4 Breakdown,Four Bar Pattern,18,Range Breakout,NR4 is a 4-bar narrow range pattern. NR4 bearish breakout pattern scanner shows the list of stocks forming bearish breakout pattern after 4-bar consolidation.,,,False,1,N,,OHLC_D_I_NR4BEARBO
1784718917,"{'stkname': 'Aequs', 'ltp': '', 'perChg': '', 'stkId': 'AL20', 'displayLock': 'N', 'scanproflg': 1, 'scUrl': 'engineering-industrial-equipments/aequs/AL16', 'columns': [{'name': 'change %', 'value': '-2.73'}, {'name': 'LTP', 'value': '232.00'}, {'name': 'Close Price value', 'value': '232.00'}, {'name': 'change absolute', 'value': '-6.50'}]}",OHLC_D_I_NR4BEARBO,NR 4 Breakdown,Four Bar Pattern,18,Range Breakout,NR4 is a 4-bar narrow range pattern. NR4 bearish breakout pattern scanner shows the list of stocks forming bearish breakout pattern after 4-bar consolidation.,,,False,1,N,,OHLC_D_I_NR4BEARBO
1784718917,"{'stkname': 'Avantel', 'ltp': '', 'perChg': '', 'stkId': 'AS22', 'displayLock': 'N', 'scanproflg': 1, 'scUrl': 'computers-software-mediumsmall/avantel/A19', 'columns': [{'name': 'change %', 'value': '-3.49'}, {'name': 'LTP', 'value': '165.04'}, {'name': 'Close Price value', 'value': '165.04'}, {'name': 'change absolute', 'value': '-5.97'}]}",OHLC_D_I_NR4BEARBO,NR 4 Breakdown,Four Bar Pattern,18,Range Breakout,NR4 is a 4-bar narrow range pattern. NR4 bearish breakout pattern scanner shows the list of stocks forming bearish breakout pattern after 4-bar consolidation.,,,False,1,N,,OHLC_D_I_NR4BEARBO
1784718917,"{'stkname': 'Reliance Chemo', 'ltp': '', 'perChg': '', 'stkId': 'RCI02', 'displayLock': 'N', 'scanproflg': 1, 'scUrl': 'textiles-spinning-synthetic-blended/reliancechemotexindustries/RCI02', 'columns': [{'name': 'change %', 'value': '-0.84'}, {'name': 'LTP', 'value': '128.03'}, {'name': 'Close Price value', 'value': '128.03'}, {'name': 'change absolute', 'value': '-1.09'}]}",OHLC_D_I_NR4BEARBO,NR 4 Breakdown,Four Bar Pattern,18,Range Breakout,NR4 is a 4-bar narrow range pattern. NR4 bearish breakout pattern scanner shows the list of stocks forming bearish breakout pattern after 4-bar consolidation.,,,False,1,N,,OHLC_D_I_NR4BEARBO
1784718917,"{'stkname': 'Nitin Spinners', 'ltp': '', 'perChg': '', 'stkId': 'NS12', 'displayLock': 'N', 'scanproflg': 1, 'scUrl': 'textiles-spinning-cotton-blended/nitinspinners/NS12', 'columns': [{'name': 'change %', 'value': '-2.51'}, {'name': 'LTP', 'value': '535.00'}, {'name': 'Close Price value', 'value': '535.00'}, {'name': 'change absolute', 'value': '-13.75'}]}",OHLC_D_I_NR4BEARBO,NR 4 Breakdown,Four Bar Pattern,18,Range Breakout,NR4 is a 4-bar narrow range pattern. NR4 bearish breakout pattern scanner shows the list of stocks forming bearish breakout pattern after 4-bar consolidation.,,,False,1,N,,OHLC_D_I_NR4BEARBO
1784718917,"{'stkname': 'Kothari Product', 'ltp': '', 'perChg': '', 'stkId': 'KP06', 'displayLock': 'N', 'scanproflg': 1, 'scUrl': 'cigarettes/kothariproducts/KP06', 'columns': [{'name': 'change %', 'value': '-2.20'}, {'name': 'LTP', 'value': '67.20'}, {'name': 'Close Price value', 'value': '67.20'}, {'name': 'change absolute', 'value': '-1.51'}]}",OHLC_D_I_NR4BEARBO,NR 4 Breakdown,Four Bar Pattern,18,Range Breakout,NR4 is a 4-bar narrow range pattern. NR4 bearish breakout pattern scanner shows the list of stocks forming bearish breakout pattern after 4-bar consolidation.,,,False,1,N,,OHLC_D_I_NR4BEARBO
1784718917,"{'stkname': 'DCM', 'ltp': '', 'perChg': '', 'stkId': 'DCM', 'displayLock': 'N', 'scanproflg': 1, 'scUrl': 'textiles-spinning-cotton-blended/dcm/DCM', 'columns': [{'name': 'change %', 'value': '-4.99'}, {'name': 'LTP', 'value': '92.07'}, {'name': 'Close Price value', 'value': '92.07'}, {'name': 'change absolute', 'value': '-4.84'}]}",OHLC_D_I_NR4BEARBO,NR 4 Breakdown,Four Bar Pattern,18,Range Breakout,NR4 is a 4-bar narrow range pattern. NR4 bearish breakout pattern scanner shows the list of stocks forming bearish breakout pattern after 4-bar consolidation.,,,False,1,N,,OHLC_D_I_NR4BEARBO
1784718917,"{'stkname': 'LMW', 'ltp': '', 'perChg': '', 'stkId': 'LMW', 'displayLock': 'N', 'scanproflg': 1, 'scUrl': 'textiles-machinery/lmw/LMW', 'columns': [{'name': 'change %', 'value': '-0.20'}, {'name': 'LTP', 'value': '16,080.00'}, {'name': 'Close Price value', 'value': '16,080.00'}, {'name': 'change absolute', 'value': '-33.00'}]}",OHLC_D_I_NR4BEARBO,NR 4 Breakdown,Four Bar Pattern,18,Range Breakout,NR4 is a 4-bar narrow range pattern. NR4 bearish breakout pattern scanner shows the list of stocks forming bearish breakout pattern after 4-bar consolidation.,,,False,1,N,,OHLC_D_I_NR4BEARBO
1784718917,"{'stkname': 'Physicswallah', 'ltp': '', 'perChg': '', 'stkId': 'PL10', 'displayLock': 'N', 'scanproflg': 1, 'scUrl': 'educational-institutions/physicswallah/PL09', 'columns': [{'name': 'change %', 'value': '-1.37'}, {'name': 'LTP', 'value': '132.00'}, {'name': 'Close Price value', 'value': '132.00'}, {'name': 'change absolute', 'value': '-1.84'}]}",OHLC_D_I_NR4BEARBO,NR 4 Breakdown,Four Bar Pattern,18,Range Breakout,NR4 is a 4-bar narrow range pattern. NR4 bearish breakout pattern scanner shows the list of stocks forming bearish breakout pattern after 4-bar consolidation.,,,False,1,N,,OHLC_D_I_NR4BEARBO
1784718917,"{'stkname': 'Allied Blenders', 'ltp': '', 'perChg': '', 'stkId': 'ABD', 'displayLock': 'N', 'scanproflg': 1, 'scUrl': 'breweriesdistilleries/alliedblendersdistillers/ABD', 'columns': [{'name': 'change %', 'value': '-0.41'}, {'name': 'LTP', 'value': '616.85'}, {'name': 'Close Price value', 'value': '616.85'}, {'name': 'change absolute', 'value': '-2.55'}]}",OHLC_D_I_NR4BEARBO,NR 4 Breakdown,Four Bar Pattern,18,Range Breakout,NR4 is a 4-bar narrow range pattern. NR4 bearish breakout pattern scanner shows the list of stocks forming bearish breakout pattern after 4-bar consolidation.,,,False,1,N,,OHLC_D_I_NR4BEARBO
1784718917,"{'stkname': 'Sula Vineyards', 'ltp': '', 'perChg': '', 'stkId': 'SV05', 'displayLock': 'N', 'scanproflg': 1, 'scUrl': 'breweriesdistilleries/sulavineyards/SV01', 'columns': [{'name': 'change %', 'value': '-0.62'}, {'name': 'LTP', 'value': '149.09'}, {'name': 'Close Price value', 'value': '149.09'}, {'name': 'change absolute', 'value': '-0.93'}]}",OHLC_D_I_NR4BEARBO,NR 4 Breakdown,Four Bar Pattern,18,Range Breakout,NR4 is a 4-bar narrow range pattern. NR4 bearish breakout pattern scanner shows the list of stocks forming bearish breakout pattern after 4-bar consolidation.,,,False,1,N,,OHLC_D_I_NR4BEARBO
1784718917,"{'stkname': 'Ambika Cotton', 'ltp': '', 'perChg': '', 'stkId': 'ACM04', 'displayLock': 'N', 'scanproflg': 1, 'scUrl': 'textiles-spinning-cotton-blended/ambikacottonmills/ACM04', 'columns': [{'name': 'change %', 'value': '-0.86'}, {'name': 'LTP', 'value': '1,708.10'}, {'name': 'Close Price value', 'value': '1,708.10'}, {'name': 'change absolute', 'value': '-14.90'}]}",OHLC_D_I_NR4BEARBO,NR 4 Breakdown,Four Bar Pattern,18,Range Breakout,NR4 is a 4-bar narrow range pattern. NR4 bearish breakout pattern scanner shows the list of stocks forming bearish breakout pattern after 4-bar consolidation.,,,False,1,N,,OHLC_D_I_NR4BEARBO
1784718917,"{'stkname': 'Pasupati Acrylo', 'ltp': '', 'perChg': '', 'stkId': 'PA03', 'displayLock': 'N', 'scanproflg': 1, 'scUrl': 'textiles-manmade/pasupatiacrylon/PA03', 'columns': [{'name': 'change %', 'value': '-1.45'}, {'name': 'LTP', 'value': '58.40'}, {'name': 'Close Price value', 'value': '58.40'}, {'name': 'change absolute', 'value': '-0.86'}]}",OHLC_D_I_NR4BEARBO,NR 4 Breakdown,Four Bar Pattern,18,Range Breakout,NR4 is a 4-bar narrow range pattern. NR4 bearish breakout pattern scanner shows the list of stocks forming bearish breakout pattern after 4-bar consolidation.,,,False,1,N,,OHLC_D_I_NR4BEARBO
1784718917,"{'stkname': 'Vikas Life', 'ltp': '', 'perChg': '', 'stkId': 'VIKAS54265', 'displayLock': 'N', 'scanproflg': 1, 'scUrl': 'miscellaneous/vikaslifecare/VIKAS54265', 'columns': [{'name': 'change %', 'value': '-1.52'}, {'name': 'LTP', 'value': '1.30'}, {'name': 'Close Price value', 'value': '1.30'}, {'name': 'change absolute', 'value': '-0.02'}]}",OHLC_D_I_NR4BEARBO,NR 4 Breakdown,Four Bar Pattern,18,Range Breakout,NR4 is a 4-bar narrow range pattern. NR4 bearish breakout pattern scanner shows the list of stocks forming bearish breakout pattern after 4-bar consolidation.,,,False,1,N,,OHLC_D_I_NR4BEARBO
1784718917,"{'stkname': 'Lambodhara Text', 'ltp': '', 'perChg': '', 'stkId': 'LT02', 'displayLock': 'N', 'scanproflg': 1, 'scUrl': 'textiles-spinning-cotton-blended/lambodharatextile/LT02', 'columns': [{'name': 'change %', 'value': '-1.42'}, {'name': 'LTP', 'value': '113.50'}, {'name': 'Close Price value', 'value': '113.50'}, {'name': 'change absolute', 'value': '-1.64'}]}",OHLC_D_I_NR4BEARBO,NR 4 Breakdown,Four Bar Pattern,18,Range Breakout,NR4 is a 4-bar narrow range pattern. NR4 bearish breakout pattern scanner shows the list of stocks forming bearish breakout pattern after 4-bar consolidation.,,,False,1,N,,OHLC_D_I_NR4BEARBO
1784718917,"{'stkname': 'Zodiac Clothing', 'ltp': '', 'perChg': '', 'stkId': 'ZCC', 'displayLock': 'N', 'scanproflg': 1, 'scUrl': 'textiles-readymade-apparels/zodiacclothingcompany/ZCC', 'columns': [{'name': 'change %', 'value': '-1.17'}, {'name': 'LTP', 'value': '76.97'}, {'name': 'Close Price value', 'value': '76.97'}, {'name': 'change absolute', 'value': '-0.91'}]}",OHLC_D_I_NR4BEARBO,NR 4 Breakdown,Four Bar Pattern,18,Range Breakout,NR4 is a 4-bar narrow range pattern. NR4 bearish breakout pattern scanner shows the list of stocks forming bearish breakout pattern after 4-bar consolidation.,,,False,1,N,,OHLC_D_I_NR4BEARBO
1784718917,"{'stkname': 'BSL', 'ltp': '', 'perChg': '', 'stkId': 'BSL', 'displayLock': 'N', 'scanproflg': 1, 'scUrl': 'textiles-weaving/bsl/BSL', 'columns': [{'name': 'change %', 'value': '-0.82'}, {'name': 'LTP', 'value': '124.99'}, {'name': 'Close Price value', 'value': '124.99'}, {'name': 'change absolute', 'value': '-1.03'}]}",OHLC_D_I_NR4BEARBO,NR 4 Breakdown,Four Bar Pattern,18,Range Breakout,NR4 is a 4-bar narrow range pattern. NR4 bearish breakout pattern scanner shows the list of stocks forming bearish breakout pattern after 4-bar consolidation.,,,False,1,N,,OHLC_D_I_NR4BEARBO
1784718917,"{'stkname': 'KDDL', 'ltp': '', 'perChg': '', 'stkId': 'KD05', 'displayLock': 'N', 'scanproflg': 1, 'scUrl': 'miscellaneous/kddl/KDD', 'columns': [{'name': 'change %', 'value': '-2.43'}, {'name': 'LTP', 'value': '3,099.00'}, {'name': 'Close Price value', 'value': '3,099.00'}, {'name': 'change absolute', 'value': '-77.20'}]}",OHLC_D_I_NR4BEARBO,NR 4 Breakdown,Four Bar Pattern,18,Range Breakout,NR4 is a 4-bar narrow range pattern. NR4 bearish breakout pattern scanner shows the list of stocks forming bearish breakout pattern after 4-bar consolidation.,,,False,1,N,,OHLC_D_I_NR4BEARBO
1784718917,"{'stkname': 'PDS', 'ltp': '', 'perChg': '', 'stkId': 'PDS', 'displayLock': 'N', 'scanproflg': 1, 'scUrl': 'textiles-general/pds/PDS', 'columns': [{'name': 'change %', 'value': '-2.55'}, {'name': 'LTP', 'value': '355.50'}, {'name': 'Close Price value', 'value': '355.50'}, {'name': 'change absolute', 'value': '-9.30'}]}",OHLC_D_I_NR4BEARBO,NR 4 Breakdown,Four Bar Pattern,18,Range Breakout,NR4 is a 4-bar narrow range pattern. NR4 bearish breakout pattern scanner shows the list of stocks forming bearish breakout pattern after 4-bar consolidation.,,,False,1,N,,OHLC_D_I_NR4BEARBO
1784718917,"{'stkname': 'Tata Motors Com', 'ltp': '', 'perChg': '', 'stkId': 'TML02', 'displayLock': 'N', 'scanproflg': 1, 'scUrl': 'automobile-truckslcvs/tatamotors/TML02', 'columns': [{'name': 'change %', 'value': '-1.49'}, {'name': 'LTP', 'value': '405.60'}, {'name': 'Close Price value', 'value': '405.60'}, {'name': 'change absolute', 'value': '-6.15'}]}",OHLC_D_I_NR4BEARBO,NR 4 Breakdown,Four Bar Pattern,18,Range Breakout,NR4 is a 4-bar narrow range pattern. NR4 bearish breakout pattern scanner shows the list of stocks forming bearish breakout pattern after 4-bar consolidation.,,,False,1,N,,OHLC_D_I_NR4BEARBO
1784718917,"{'stkname': 'Dollar Ind', 'ltp': '', 'perChg': '', 'stkId': 'DI27', 'displayLock': 'N', 'scanproflg': 1, 'scUrl': 'textiles-readymade-apparels/dollarindustries/DI29', 'columns': [{'name': 'change %', 'value': '-1.25'}, {'name': 'LTP', 'value': '256.45'}, {'name': 'Close Price value', 'value': '256.45'}, {'name': 'change absolute', 'value': '-3.25'}]}",OHLC_D_I_NR4BEARBO,NR 4 Breakdown,Four Bar Pattern,18,Range Breakout,NR4 is a 4-bar narrow range pattern. NR4 bearish breakout pattern scanner shows the list of stocks forming bearish breakout pattern after 4-bar consolidation.,,,False,1,N,,OHLC_D_I_NR4BEARBO
1784718917,"{'stkname': 'Indo Rama Synth', 'ltp': '', 'perChg': '', 'stkId': 'IRS', 'displayLock': 'N', 'scanproflg': 1, 'scUrl': 'textiles-spinning-synthetic-blended/indoramasyntheticsindia/IRS', 'columns': [{'name': 'change %', 'value': '-2.67'}, {'name': 'LTP', 'value': '48.50'}, {'name': 'Close Price value', 'value': '48.50'}, {'name': 'change absolute', 'value': '-1.33'}]}",OHLC_D_I_NR4BEARBO,NR 4 Breakdown,Four Bar Pattern,18,Range Breakout,NR4 is a 4-bar narrow range pattern. NR4 bearish breakout pattern scanner shows the list of stocks forming bearish breakout pattern after 4-bar consolidation.,,,False,1,N,,OHLC_D_I_NR4BEARBO
1784718917,"{'stkname': 'Swan Corp', 'ltp': '', 'perChg': '', 'stkId': 'SM09', 'displayLock': 'N', 'scanproflg': 1, 'scUrl': 'trading/swancorp/SM09', 'columns': [{'name': 'change %', 'value': '-0.15'}, {'name': 'LTP', 'value': '309.70'}, {'name': 'Close Price value', 'value': '309.70'}, {'name': 'change absolute', 'value': '-0.45'}]}",OHLC_D_I_NR4BEARBO,NR 4 Breakdown,Four Bar Pattern,18,Range Breakout,NR4 is a 4-bar narrow range pattern. NR4 bearish breakout pattern scanner shows the list of stocks forming bearish breakout pattern after 4-bar consolidation.,,,False,1,N,,OHLC_D_I_NR4BEARBO
1784718917,"{'stkname': 'Oswal Agro', 'ltp': '', 'perChg': '', 'stkId': 'OAM', 'displayLock': 'N', 'scanproflg': 1, 'scUrl': 'finance-investments/oswalagromills/OAM', 'columns': [{'name': 'change %', 'value': '-3.04'}, {'name': 'LTP', 'value': '38.00'}, {'name': 'Close Price value', 'value': '38.00'}, {'name': 'change absolute', 'value': '-1.19'}]}",OHLC_D_I_NR4BEARBO,NR 4 Breakdown,Four Bar Pattern,18,Range Breakout,NR4 is a 4-bar narrow range pattern. NR4 bearish breakout pattern scanner shows the list of stocks forming bearish breakout pattern after 4-bar consolidation.,,,False,1,N,,OHLC_D_I_NR4BEARBO
1784718917,"{'stkname': 'Oswal Pumps', 'ltp': '', 'perChg': '', 'stkId': 'OPL02', 'displayLock': 'N', 'scanproflg': 1, 'scUrl': 'engineering-industrial-equipments/oswalpumps/OPL02', 'columns': [{'name': 'change %', 'value': '-8.13'}, {'name': 'LTP', 'value': '359.00'}, {'name': 'Close Price value', 'value': '359.00'}, {'name': 'change absolute', 'value': '-31.75'}]}",OHLC_D_I_NR4BEARBO,NR 4 Breakdown,Four Bar Pattern,18,Range Breakout,NR4 is a 4-bar narrow range pattern. NR4 bearish breakout pattern scanner shows the list of stocks forming bearish breakout pattern after 4-bar consolidation.,,,False,1,N,,OHLC_D_I_NR4BEARBO
1784718917,"{'stkname': 'Vardhman Acryli', 'ltp': '', 'perChg': '', 'stkId': 'VA08', 'displayLock': 'N', 'scanproflg': 1, 'scUrl': 'textilesapparel/vardhmanacrylics/VA08', 'columns': [{'name': 'change %', 'value': '-0.79'}, {'name': 'LTP', 'value': '42.86'}, {'name': 'Close Price value', 'value': '42.86'}, {'name': 'change absolute', 'value': '-0.34'}]}",OHLC_D_I_NR4BEARBO,NR 4 Breakdown,Four Bar Pattern,18,Range Breakout,NR4 is a 4-bar narrow range pattern. NR4 bearish breakout pattern scanner shows the list of stocks forming bearish breakout pattern after 4-bar consolidation.,,,False,1,N,,OHLC_D_I_NR4BEARBO
1784718917,"{'stkname': 'CCL Products', 'ltp': '', 'perChg': '', 'stkId': 'CC10', 'displayLock': 'N', 'scanproflg': 1, 'scUrl': 'plantations-teacoffee/cclproductsindia/CC10', 'columns': [{'name': 'change %', 'value': '-0.02'}, {'name': 'LTP', 'value': '1,205.00'}, {'name': 'Close Price value', 'value': '1,205.00'}, {'name': 'change absolute', 'value': '-0.20'}]}",OHLC_D_I_NR4BEARBO,NR 4 Breakdown,Four Bar Pattern,18,Range Breakout,NR4 is a 4-bar narrow range pattern. NR4 bearish breakout pattern scanner shows the list of stocks forming bearish breakout pattern after 4-bar consolidation.,,,False,1,N,,OHLC_D_I_NR4BEARBO
1784718917,"{'stkname': 'Rupa and Comp', 'ltp': '', 'perChg': '', 'stkId': 'RC12', 'displayLock': 'N', 'scanproflg': 1, 'scUrl': 'textiles-hosieryknitwear/rupacompany/RC14', 'columns': [{'name': 'change %', 'value': '-1.23'}, {'name': 'LTP', 'value': '162.60'}, {'name': 'Close Price value', 'value': '162.60'}, {'name': 'change absolute', 'value': '-2.03'}]}",OHLC_D_I_NR4BEARBO,NR 4 Breakdown,Four Bar Pattern,18,Range Breakout,NR4 is a 4-bar narrow range pattern. NR4 bearish breakout pattern scanner shows the list of stocks forming bearish breakout pattern after 4-bar consolidation.,,,False,1,N,,OHLC_D_I_NR4BEARBO
1784718917,"{'stkname': 'Siyaram Silk', 'ltp': '', 'perChg': '', 'stkId': 'SSM05', 'displayLock': 'N', 'scanproflg': 1, 'scUrl': 'textiles-weaving/siyaramsilkmills/SSM05', 'columns': [{'name': 'change %', 'value': '-1.24'}, {'name': 'LTP', 'value': '629.00'}, {'name': 'Close Price value', 'value': '629.00'}, {'name': 'change absolute', 'value': '-7.90'}]}",OHLC_D_I_NR4BEARBO,NR 4 Breakdown,Four Bar Pattern,18,Range Breakout,NR4 is a 4-bar narrow range pattern. NR4 bearish breakout pattern scanner shows the list of stocks forming bearish breakout pattern after 4-bar consolidation.,,,False,1,N,,OHLC_D_I_NR4BEARBO
1784718917,"{'stkname': 'The Grob Tea', 'ltp': '', 'perChg': '', 'stkId': 'TGT', 'displayLock': 'N', 'scanproflg': 1, 'scUrl': 'plantations-teacoffee/thegrobteacompany/TGT', 'columns': [{'name': 'change %', 'value': '-1.36'}, {'name': 'LTP', 'value': '901.30'}, {'name': 'Close Price value', 'value': '901.30'}, {'name': 'change absolute', 'value': '-12.45'}]}",OHLC_D_I_NR4BEARBO,NR 4 Breakdown,Four Bar Pattern,18,Range Breakout,NR4 is a 4-bar narrow range pattern. NR4 bearish breakout pattern scanner shows the list of stocks forming bearish breakout pattern after 4-bar consolidation.,,,False,1,N,,OHLC_D_I_NR4BEARBO
1784718917,"{'stkname': 'Integra Essenti', 'ltp': '', 'perChg': '', 'stkId': 'IGT', 'displayLock': 'N', 'scanproflg': 1, 'scUrl': 'textilesapparel/integraessentia/IGT', 'columns': [{'name': 'change %', 'value': '0.00'}, {'name': 'LTP', 'value': '1.15'}, {'name': 'Close Price value', 'value': '1.15'}, {'name': 'change absolute', 'value': '0.00'}]}",OHLC_D_I_NR4BEARBO,NR 4 Breakdown,Four Bar Pattern,18,Range Breakout,NR4 is a 4-bar narrow range pattern. NR4 bearish breakout pattern scanner shows the list of stocks forming bearish breakout pattern after 4-bar consolidation.,,,False,1,N,,OHLC_D_I_NR4BEARBO
1784718917,"{'stkname': 'BOMDYEING', 'ltp': '', 'perChg': '', 'stkId': 'BDM', 'displayLock': 'N', 'scanproflg': 1, 'scUrl': 'textilesapparel/thebombaydyeingco/BDM', 'columns': [{'name': 'change %', 'value': '-2.08'}, {'name': 'LTP', 'value': '120.80'}, {'name': 'Close Price value', 'value': '120.80'}, {'name': 'change absolute', 'value': '-2.57'}]}",OHLC_D_I_NR4BEARBO,NR 4 Breakdown,Four Bar Pattern,18,Range Breakout,NR4 is a 4-bar narrow range pattern. NR4 bearish breakout pattern scanner shows the list of stocks forming bearish breakout pattern after 4-bar consolidation.,,,False,1,N,,OHLC_D_I_NR4BEARBO
1784718917,"{'stkname': 'GVK Power', 'ltp': '', 'perChg': '', 'stkId': 'GVK', 'displayLock': 'N', 'scanproflg': 1, 'scUrl': 'power-generationdistribution/gvkpowerinfrastructure/GVK', 'columns': [{'name': 'change %', 'value': '-1.20'}, {'name': 'LTP', 'value': '2.47'}, {'name': 'Close Price value', 'value': '2.47'}, {'name': 'change absolute', 'value': '-0.03'}]}",OHLC_D_I_NR4BEARBO,NR 4 Breakdown,Four Bar Pattern,18,Range Breakout,NR4 is a 4-bar narrow range pattern. NR4 bearish breakout pattern scanner shows the list of stocks forming bearish breakout pattern after 4-bar consolidation.,,,False,1,N,,OHLC_D_I_NR4BEARBO
1784718917,"{'stkname': 'KM Sugar Mills', 'ltp': '', 'perChg': '', 'stkId': 'KMS', 'displayLock': 'N', 'scanproflg': 1, 'scUrl': 'sugar/kmsugarmills/KMS', 'columns': [{'name': 'change %', 'value': '-0.62'}, {'name': 'LTP', 'value': '28.80'}, {'name': 'Close Price value', 'value': '28.80'}, {'name': 'change absolute', 'value': '-0.18'}]}",OHLC_D_I_NR4BEARBO,NR 4 Breakdown,Four Bar Pattern,18,Range Breakout,NR4 is a 4-bar narrow range pattern. NR4 bearish breakout pattern scanner shows the list of stocks forming bearish breakout pattern after 4-bar consolidation.,,,False,1,N,,OHLC_D_I_NR4BEARBO
1784718917,"{'stkname': 'Alok Industries', 'ltp': '', 'perChg': '', 'stkId': 'ATI', 'displayLock': 'N', 'scanproflg': 1, 'scUrl': 'textiles-weaving/alokindustries/AI54', 'columns': [{'name': 'change %', 'value': '-2.03'}, {'name': 'LTP', 'value': '12.06'}, {'name': 'Close Price value', 'value': '12.06'}, {'name': 'change absolute', 'value': '-0.25'}]}",OHLC_D_I_NR4BEARBO,NR 4 Breakdown,Four Bar Pattern,18,Range Breakout,NR4 is a 4-bar narrow range pattern. NR4 bearish breakout pattern scanner shows the list of stocks forming bearish breakout pattern after 4-bar consolidation.,,,False,1,N,,OHLC_D_I_NR4BEARBO
1784718917,"{'stkname': 'Ethos', 'ltp': '', 'perChg': '', 'stkId': 'E10', 'displayLock': 'N', 'scanproflg': 1, 'scUrl': 'watchesaccessories/ethos/E12', 'columns': [{'name': 'change %', 'value': '-1.07'}, {'name': 'LTP', 'value': '2,604.20'}, {'name': 'Close Price value', 'value': '2,604.20'}, {'name': 'change absolute', 'value': '-28.20'}]}",OHLC_D_I_NR4BEARBO,NR 4 Breakdown,Four Bar Pattern,18,Range Breakout,NR4 is a 4-bar narrow range pattern. NR4 bearish breakout pattern scanner shows the list of stocks forming bearish breakout pattern after 4-bar consolidation.,,,False,1,N,,OHLC_D_I_NR4BEARBO
1784718917,"{'stkname': 'Essar Shipping', 'ltp': '', 'perChg': '', 'stkId': 'ES10', 'displayLock': 'N', 'scanproflg': 1, 'scUrl': 'shipping/essarshipping/ES10', 'columns': [{'name': 'change %', 'value': '-1.21'}, {'name': 'LTP', 'value': '20.49'}, {'name': 'Close Price value', 'value': '20.49'}, {'name': 'change absolute', 'value': '-0.25'}]}",OHLC_D_I_NR4BEARBO,NR 4 Breakdown,Four Bar Pattern,18,Range Breakout,NR4 is a 4-bar narrow range pattern. NR4 bearish breakout pattern scanner shows the list of stocks forming bearish breakout pattern after 4-bar consolidation.,,,False,1,N,,OHLC_D_I_NR4BEARBO
1784718917,"{'stkname': 'Sai Silks', 'ltp': '', 'perChg': '', 'stkId': 'SSK01', 'displayLock': 'N', 'scanproflg': 1, 'scUrl': 'retailing/saisilkskalamandir/SSK01', 'columns': [{'name': 'change %', 'value': '-3.46'}, {'name': 'LTP', 'value': '86.80'}, {'name': 'Close Price value', 'value': '86.80'}, {'name': 'change absolute', 'value': '-3.11'}]}",OHLC_D_I_NR4BEARBO,NR 4 Breakdown,Four Bar Pattern,18,Range Breakout,NR4 is a 4-bar narrow range pattern. NR4 bearish breakout pattern scanner shows the list of stocks forming bearish breakout pattern after 4-bar consolidation.,,,False,1,N,,OHLC_D_I_NR4BEARBO
1784718917,"{'stkname': 'DBOL', 'ltp': '', 'perChg': '', 'stkId': 'DBO', 'displayLock': 'N', 'scanproflg': 1, 'scUrl': 'sugar/dhampurbioorganics/DBO', 'columns': [{'name': 'change %', 'value': '-2.69'}, {'name': 'LTP', 'value': '103.25'}, {'name': 'Close Price value', 'value': '103.25'}, {'name': 'change absolute', 'value': '-2.85'}]}",OHLC_D_I_NR4BEARBO,NR 4 Breakdown,Four Bar Pattern,18,Range Breakout,NR4 is a 4-bar narrow range pattern. NR4 bearish breakout pattern scanner shows the list of stocks forming bearish breakout pattern after 4-bar consolidation.,,,False,1,N,,OHLC_D_I_NR4BEARBO
1784718917,"{'stkname': 'MTNL', 'ltp': '', 'perChg': '', 'stkId': 'MTN', 'displayLock': 'N', 'scanproflg': 1, 'scUrl': 'telecommunications-service/mahanagartelephonenigam/MTN', 'columns': [{'name': 'change %', 'value': '-1.57'}, {'name': 'LTP', 'value': '27.60'}, {'name': 'Close Price value', 'value': '27.60'}, {'name': 'change absolute', 'value': '-0.44'}]}",OHLC_D_I_NR4BEARBO,NR 4 Breakdown,Four Bar Pattern,18,Range Breakout,NR4 is a 4-bar narrow range pattern. NR4 bearish breakout pattern scanner shows the list of stocks forming bearish breakout pattern after 4-bar consolidation.,,,False,1,N,,OHLC_D_I_NR4BEARBO
1784718917,"{'stkname': 'Aditya Birla F', 'ltp': '', 'perChg': '', 'stkId': 'PFR', 'displayLock': 'N', 'scanproflg': 1, 'scUrl': 'retail/adityabirlafashionretail/PFR', 'columns': [{'name': 'change %', 'value': '-0.28'}, {'name': 'LTP', 'value': '57.25'}, {'name': 'Close Price value', 'value': '57.25'}, {'name': 'change absolute', 'value': '-0.16'}]}",OHLC_D_I_NR4BEARBO,NR 4 Breakdown,Four Bar Pattern,18,Range Breakout,NR4 is a 4-bar narrow range pattern. NR4 bearish breakout pattern scanner shows the list of stocks forming bearish breakout pattern after 4-bar consolidation.,,,False,1,N,,OHLC_D_I_NR4BEARBO
1784718917,"{'stkname': 'Aditya Birla Re', 'ltp': '', 'perChg': '', 'stkId': 'CTI', 'displayLock': 'N', 'scanproflg': 1, 'scUrl': 'construction-real-estate/adityabirlarealestate/CTI', 'columns': [{'name': 'change %', 'value': '-2.86'}, {'name': 'LTP', 'value': '1,404.00'}, {'name': 'Close Price value', 'value': '1,404.00'}, {'name': 'change absolute', 'value': '-41.30'}]}",OHLC_D_I_NR4BEARBO,NR 4 Breakdown,Four Bar Pattern,18,Range Breakout,NR4 is a 4-bar narrow range pattern. NR4 bearish breakout pattern scanner shows the list of stocks forming bearish breakout pattern after 4-bar consolidation.,,,False,1,N,,OHLC_D_I_NR4BEARBO
1784718917,"{'stkname': 'Siemens Energy ', 'ltp': '', 'perChg': '', 'stkId': 'SEI11', 'displayLock': 'N', 'scanproflg': 1, 'scUrl': 'electric-equipment/siemensenergyindia/SEI11', 'columns': [{'name': 'change %', 'value': '-0.10'}, {'name': 'LTP', 'value': '3,370.00'}, {'name': 'Close Price value', 'value': '3,370.00'}, {'name': 'change absolute', 'value': '-3.40'}]}",OHLC_D_I_NR4BEARBO,NR 4 Breakdown,Four Bar Pattern,18,Range Breakout,NR4 is a 4-bar narrow range pattern. NR4 bearish breakout pattern scanner shows the list of stocks forming bearish breakout pattern after 4-bar consolidation.,,,False,1,N,,OHLC_D_I_NR4BEARBO
1784718917,"{'stkname': 'Arvind', 'ltp': '', 'perChg': '', 'stkId': 'AM', 'displayLock': 'N', 'scanproflg': 1, 'scUrl': 'textiles-denim/arvind/A18', 'columns': [{'name': 'change %', 'value': '-1.44'}, {'name': 'LTP', 'value': '522.95'}, {'name': 'Close Price value', 'value': '522.95'}, {'name': 'change absolute', 'value': '-7.65'}]}",OHLC_D_I_NR4BEARBO,NR 4 Breakdown,Four Bar Pattern,18,Range Breakout,NR4 is a 4-bar narrow range pattern. NR4 bearish breakout pattern scanner shows the list of stocks forming bearish breakout pattern after 4-bar consolidation.,,,False,1,N,,OHLC_D_I_NR4BEARBO
1784718917,"{'stkname': 'Reliance Power', 'ltp': '', 'perChg': '', 'stkId': 'RP', 'displayLock': 'N', 'scanproflg': 1, 'scUrl': 'power-generationdistribution/reliancepower/RP', 'columns': [{'name': 'change %', 'value': '-0.41'}, {'name': 'LTP', 'value': '24.20'}, {'name': 'Close Price value', 'value': '24.20'}, {'name': 'change absolute', 'value': '-0.10'}]}",OHLC_D_I_NR4BEARBO,NR 4 Breakdown,Four Bar Pattern,18,Range Breakout,NR4 is a 4-bar narrow range pattern. NR4 bearish breakout pattern scanner shows the list of stocks forming bearish breakout pattern after 4-bar consolidation.,,,False,1,N,,OHLC_D_I_NR4BEARBO
1784718917,"{'stkname': 'Lovable Lingeri', 'ltp': '', 'perChg': '', 'stkId': 'LL05', 'displayLock': 'N', 'scanproflg': 1, 'scUrl': 'textiles-readymade-apparels/lovablelingerie/LL04', 'columns': [{'name': 'change %', 'value': '-2.77'}, {'name': 'LTP', 'value': '72.19'}, {'name': 'Close Price value', 'value': '72.19'}, {'name': 'change absolute', 'value': '-2.06'}]}",OHLC_D_I_NR4BEARBO,NR 4 Breakdown,Four Bar Pattern,18,Range Breakout,NR4 is a 4-bar narrow range pattern. NR4 bearish breakout pattern scanner shows the list of stocks forming bearish breakout pattern after 4-bar consolidation.,,,False,1,N,,OHLC_D_I_NR4BEARBO
1784718917,"{'stkname': 'MSTC', 'ltp': '', 'perChg': '', 'stkId': 'M14', 'displayLock': 'N', 'scanproflg': 1, 'scUrl': 'miscellaneous/mstc/M21', 'columns': [{'name': 'change %', 'value': '-1.29'}, {'name': 'LTP', 'value': '590.00'}, {'name': 'Close Price value', 'value': '590.00'}, {'name': 'change absolute', 'value': '-7.70'}]}",OHLC_D_I_NR4BEARBO,NR 4 Breakdown,Four Bar Pattern,18,Range Breakout,NR4 is a 4-bar narrow range pattern. NR4 bearish breakout pattern scanner shows the list of stocks forming bearish breakout pattern after 4-bar consolidation.,,,False,1,N,,OHLC_D_I_NR4BEARBO
1784718917,"{'stkname': 'Rana Sugars', 'ltp': '', 'perChg': '', 'stkId': 'RS05', 'displayLock': 'N', 'scanproflg': 1, 'scUrl': 'sugar/ranasugars/RS05', 'columns': [{'name': 'change %', 'value': '-0.76'}, {'name': 'LTP', 'value': '11.78'}, {'name': 'Close Price value', 'value': '11.78'}, {'name': 'change absolute', 'value': '-0.09'}]}",OHLC_D_I_NR4BEARBO,NR 4 Breakdown,Four Bar Pattern,18,Range Breakout,NR4 is a 4-bar narrow range pattern. NR4 bearish breakout pattern scanner shows the list of stocks forming bearish breakout pattern after 4-bar consolidation.,,,False,1,N,,OHLC_D_I_NR4BEARBO
1784718917,"{'stkname': 'Texmaco Rail', 'ltp': '', 'perChg': '', 'stkId': 'TRE', 'displayLock': 'N', 'scanproflg': 1, 'scUrl': 'infrastructure-general/texmacorailengineering/TRE', 'columns': [{'name': 'change %', 'value': '-2.79'}, {'name': 'LTP', 'value': '111.00'}, {'name': 'Close Price value', 'value': '111.00'}, {'name': 'change absolute', 'value': '-3.19'}]}",OHLC_D_I_NR4BEARBO,NR 4 Breakdown,Four Bar Pattern,18,Range Breakout,NR4 is a 4-bar narrow range pattern. NR4 bearish breakout pattern scanner shows the list of stocks forming bearish breakout pattern after 4-bar consolidation.,,,False,1,N,,OHLC_D_I_NR4BEARBO
1784718917,"{'stkname': 'Cantabil Retail', 'ltp': '', 'perChg': '', 'stkId': 'CRI01', 'displayLock': 'N', 'scanproflg': 1, 'scUrl': 'retailing/cantabilretailindia/CRI01', 'columns': [{'name': 'change %', 'value': '-0.90'}, {'name': 'LTP', 'value': '248.70'}, {'name': 'Close Price value', 'value': '248.70'}, {'name': 'change absolute', 'value': '-2.26'}]}",OHLC_D_I_NR4BEARBO,NR 4 Breakdown,Four Bar Pattern,18,Range Breakout,NR4 is a 4-bar narrow range pattern. NR4 bearish breakout pattern scanner shows the list of stocks forming bearish breakout pattern after 4-bar consolidation.,,,False,1,N,,OHLC_D_I_NR4BEARBO
1784718917,"{'stkname': 'EID Parry', 'ltp': '', 'perChg': '', 'stkId': 'EID', 'displayLock': 'N', 'scanproflg': 1, 'scUrl': 'sugar/eidparryindia/EID', 'columns': [{'name': 'change %', 'value': '-0.05'}, {'name': 'LTP', 'value': '767.50'}, {'name': 'Close Price value', 'value': '767.50'}, {'name': 'change absolute', 'value': '-0.35'}]}",OHLC_D_I_NR4BEARBO,NR 4 Breakdown,Four Bar Pattern,18,Range Breakout,NR4 is a 4-bar narrow range pattern. NR4 bearish breakout pattern scanner shows the list of stocks forming bearish breakout pattern after 4-bar consolidation.,,,False,1,N,,OHLC_D_I_NR4BEARBO
1784718917,"{'stkname': 'Garware Technic', 'ltp': '', 'perChg': '', 'stkId': 'GWR', 'displayLock': 'N', 'scanproflg': 1, 'scUrl': 'textiles-general/garwaretechnicalfibres/GWR', 'columns': [{'name': 'change %', 'value': '-2.44'}, {'name': 'LTP', 'value': '760.00'}, {'name': 'Close Price value', 'value': '760.00'}, {'name': 'change absolute', 'value': '-19.00'}]}",OHLC_D_I_NR4BEARBO,NR 4 Breakdown,Four Bar Pattern,18,Range Breakout,NR4 is a 4-bar narrow range pattern. NR4 bearish breakout pattern scanner shows the list of stocks forming bearish breakout pattern after 4-bar consolidation.,,,False,1,N,,OHLC_D_I_NR4BEARBO
1784718917,"{'stkname': 'BF Utilities', 'ltp': '', 'perChg': '', 'stkId': 'BFU', 'displayLock': 'N', 'scanproflg': 1, 'scUrl': 'power-generationdistribution/bfutilities/BFU', 'columns': [{'name': 'change %', 'value': '-3.36'}, {'name': 'LTP', 'value': '584.85'}, {'name': 'Close Price value', 'value': '584.85'}, {'name': 'change absolute', 'value': '-20.35'}]}",OHLC_D_I_NR4BEARBO,NR 4 Breakdown,Four Bar Pattern,18,Range Breakout,NR4 is a 4-bar narrow range pattern. NR4 bearish breakout pattern scanner shows the list of stocks forming bearish breakout pattern after 4-bar consolidation.,,,False,1,N,,OHLC_D_I_NR4BEARBO
1784718917,"{'stkname': 'Monte Carlo', 'ltp': '', 'perChg': '', 'stkId': 'MC19', 'displayLock': 'N', 'scanproflg': 1, 'scUrl': 'textiles-readymade-apparels/montecarlofashions/MC05', 'columns': [{'name': 'change %', 'value': '-0.79'}, {'name': 'LTP', 'value': '534.00'}, {'name': 'Close Price value', 'value': '534.00'}, {'name': 'change absolute', 'value': '-4.25'}]}",OHLC_D_I_NR4BEARBO,NR 4 Breakdown,Four Bar Pattern,18,Range Breakout,NR4 is a 4-bar narrow range pattern. NR4 bearish breakout pattern scanner shows the list of stocks forming bearish breakout pattern after 4-bar consolidation.,,,False,1,N,,OHLC_D_I_NR4BEARBO
1784718917,"{'stkname': 'Nupur Rec', 'ltp': '', 'perChg': '', 'stkId': 'NR03', 'displayLock': 'N', 'scanproflg': 1, 'scUrl': 'trading/nupurrecyclers/NR02', 'columns': [{'name': 'change %', 'value': '-2.00'}, {'name': 'LTP', 'value': '107.82'}, {'name': 'Close Price value', 'value': '107.82'}, {'name': 'change absolute', 'value': '-2.20'}]}",OHLC_D_I_NR4BEARBO,NR 4 Breakdown,Four Bar Pattern,18,Range Breakout,NR4 is a 4-bar narrow range pattern. NR4 bearish breakout pattern scanner shows the list of stocks forming bearish breakout pattern after 4-bar consolidation.,,,False,1,N,,OHLC_D_I_NR4BEARBO
1784718917,"{'stkname': 'Eris Life', 'ltp': '', 'perChg': '', 'stkId': 'EL01', 'displayLock': 'N', 'scanproflg': 1, 'scUrl': 'pharmaceuticalsdrugs/erislifesciences/EL01', 'columns': [{'name': 'change %', 'value': '-2.18'}, {'name': 'LTP', 'value': '1,437.90'}, {'name': 'Close Price value', 'value': '1,437.90'}, {'name': 'change absolute', 'value': '-32.10'}]}",OHLC_D_I_NR4BEARBO,NR 4 Breakdown,Four Bar Pattern,18,Range Breakout,NR4 is a 4-bar narrow range pattern. NR4 bearish breakout pattern scanner shows the list of stocks forming bearish breakout pattern after 4-bar consolidation.,,,False,1,N,,OHLC_D_I_NR4BEARBO
1784718917,"{'stkname': 'Suven Life Sci', 'ltp': '', 'perChg': '', 'stkId': 'SP24', 'displayLock': 'N', 'scanproflg': 1, 'scUrl': 'pharmaceuticals/suvenlifesciences/SLS01', 'columns': [{'name': 'change %', 'value': '-5.74'}, {'name': 'LTP', 'value': '320.90'}, {'name': 'Close Price value', 'value': '320.90'}, {'name': 'change absolute', 'value': '-19.55'}]}",OHLC_D_I_NR4BEARBO,NR 4 Breakdown,Four Bar Pattern,18,Range Breakout,NR4 is a 4-bar narrow range pattern. NR4 bearish breakout pattern scanner shows the list of stocks forming bearish breakout pattern after 4-bar consolidation.,,,False,1,N,,OHLC_D_I_NR4BEARBO
1784718917,"{'stkname': 'Poly Medicure', 'ltp': '', 'perChg': '', 'stkId': 'PM06', 'displayLock': 'N', 'scanproflg': 1, 'scUrl': 'hospitalsmedical-services/polymedicure/PM06', 'columns': [{'name': 'change %', 'value': '-1.81'}, {'name': 'LTP', 'value': '1,665.20'}, {'name': 'Close Price value', 'value': '1,665.20'}, {'name': 'change absolute', 'value': '-30.70'}]}",OHLC_D_I_NR4BEARBO,NR 4 Breakdown,Four Bar Pattern,18,Range Breakout,NR4 is a 4-bar narrow range pattern. NR4 bearish breakout pattern scanner shows the list of stocks forming bearish breakout pattern after 4-bar consolidation.,,,False,1,N,,OHLC_D_I_NR4BEARBO
1784718917,"{'stkname': 'Go Fashion', 'ltp': '', 'perChg': '', 'stkId': 'GFI04', 'displayLock': 'N', 'scanproflg': 1, 'scUrl': 'retailing/gofashionindia/GFI04', 'columns': [{'name': 'change %', 'value': '-2.19'}, {'name': 'LTP', 'value': '336.95'}, {'name': 'Close Price value', 'value': '336.95'}, {'name': 'change absolute', 'value': '-7.55'}]}",OHLC_D_I_NR4BEARBO,NR 4 Breakdown,Four Bar Pattern,18,Range Breakout,NR4 is a 4-bar narrow range pattern. NR4 bearish breakout pattern scanner shows the list of stocks forming bearish breakout pattern after 4-bar consolidation.,,,False,1,N,,OHLC_D_I_NR4BEARBO
1784718917,"{'stkname': 'Rattan Power', 'ltp': '', 'perChg': '', 'stkId': 'IP08', 'displayLock': 'N', 'scanproflg': 1, 'scUrl': 'power-generationdistribution/rattanindiapower/IP09', 'columns': [{'name': 'change %', 'value': '-2.60'}, {'name': 'LTP', 'value': '8.62'}, {'name': 'Close Price value', 'value': '8.62'}, {'name': 'change absolute', 'value': '-0.23'}]}",OHLC_D_I_NR4BEARBO,NR 4 Breakdown,Four Bar Pattern,18,Range Breakout,NR4 is a 4-bar narrow range pattern. NR4 bearish breakout pattern scanner shows the list of stocks forming bearish breakout pattern after 4-bar consolidation.,,,False,1,N,,OHLC_D_I_NR4BEARBO
1784718917,"{'stkname': 'Apollo Pipes', 'ltp': '', 'perChg': '', 'stkId': 'ALF02', 'displayLock': 'N', 'scanproflg': 1, 'scUrl': 'plastics/apollopipes/ALF02', 'columns': [{'name': 'change %', 'value': '-0.05'}, {'name': 'LTP', 'value': '493.35'}, {'name': 'Close Price value', 'value': '493.35'}, {'name': 'change absolute', 'value': '-0.25'}]}",OHLC_D_I_NR4BEARBO,NR 4 Breakdown,Four Bar Pattern,18,Range Breakout,NR4 is a 4-bar narrow range pattern. NR4 bearish breakout pattern scanner shows the list of stocks forming bearish breakout pattern after 4-bar consolidation.,,,False,1,N,,OHLC_D_I_NR4BEARBO
1784718917,"{'stkname': 'Neuland Lab', 'ltp': '', 'perChg': '', 'stkId': 'NL', 'displayLock': 'N', 'scanproflg': 1, 'scUrl': 'pharmaceuticals/neulandlaboratories/NL', 'columns': [{'name': 'change %', 'value': '-2.25'}, {'name': 'LTP', 'value': '18,470.00'}, {'name': 'Close Price value', 'value': '18,470.00'}, {'name': 'change absolute', 'value': '-425.00'}]}",OHLC_D_I_NR4BEARBO,NR 4 Breakdown,Four Bar Pattern,18,Range Breakout,NR4 is a 4-bar narrow range pattern. NR4 bearish breakout pattern scanner shows the list of stocks forming bearish breakout pattern after 4-bar consolidation.,,,False,1,N,,OHLC_D_I_NR4BEARBO
1784718917,"{'stkname': 'TPL Plastech', 'ltp': '', 'perChg': '', 'stkId': 'TP', 'displayLock': 'N', 'scanproflg': 1, 'scUrl': 'plastics/tplplastech/TPL02', 'columns': [{'name': 'change %', 'value': '-1.47'}, {'name': 'LTP', 'value': '79.50'}, {'name': 'Close Price value', 'value': '79.50'}, {'name': 'change absolute', 'value': '-1.19'}]}",OHLC_D_I_NR4BEARBO,NR 4 Breakdown,Four Bar Pattern,18,Range Breakout,NR4 is a 4-bar narrow range pattern. NR4 bearish breakout pattern scanner shows the list of stocks forming bearish breakout pattern after 4-bar consolidation.,,,False,1,N,,OHLC_D_I_NR4BEARBO
1784718917,"{'stkname': 'Unichem Labs', 'ltp': '', 'perChg': '', 'stkId': 'UL02', 'displayLock': 'N', 'scanproflg': 1, 'scUrl': 'pharmaceuticals/unichemlaboratories/UL02', 'columns': [{'name': 'change %', 'value': '-9.88'}, {'name': 'LTP', 'value': '529.00'}, {'name': 'Close Price value', 'value': '529.00'}, {'name': 'change absolute', 'value': '-58.00'}]}",OHLC_D_I_NR4BEARBO,NR 4 Breakdown,Four Bar Pattern,18,Range Breakout,NR4 is a 4-bar narrow range pattern. NR4 bearish breakout pattern scanner shows the list of stocks forming bearish breakout pattern after 4-bar consolidation.,,,False,1,N,,OHLC_D_I_NR4BEARBO
1784718917,"{'stkname': 'Wockhardt', 'ltp': '', 'perChg': '', 'stkId': 'W05', 'displayLock': 'N', 'scanproflg': 1, 'scUrl': 'pharmaceuticals/wockhardt/W05', 'columns': [{'name': 'change %', 'value': '-2.01'}, {'name': 'LTP', 'value': '1,858.10'}, {'name': 'Close Price value', 'value': '1,858.10'}, {'name': 'change absolute', 'value': '-38.20'}]}",OHLC_D_I_NR4BEARBO,NR 4 Breakdown,Four Bar Pattern,18,Range Breakout,NR4 is a 4-bar narrow range pattern. NR4 bearish breakout pattern scanner shows the list of stocks forming bearish breakout pattern after 4-bar consolidation.,,,False,1,N,,OHLC_D_I_NR4BEARBO
1784718917,"{'stkname': 'Sakar Healthcar', 'ltp': '', 'perChg': '', 'stkId': 'SH15', 'displayLock': 'N', 'scanproflg': 1, 'scUrl': 'pharmaceuticalsdrugs/sakarhealthcare/SH15', 'columns': [{'name': 'change %', 'value': '-5.42'}, {'name': 'LTP', 'value': '831.10'}, {'name': 'Close Price value', 'value': '831.10'}, {'name': 'change absolute', 'value': '-47.65'}]}",OHLC_D_I_NR4BEARBO,NR 4 Breakdown,Four Bar Pattern,18,Range Breakout,NR4 is a 4-bar narrow range pattern. NR4 bearish breakout pattern scanner shows the list of stocks forming bearish breakout pattern after 4-bar consolidation.,,,False,1,N,,OHLC_D_I_NR4BEARBO
1784718917,"{'stkname': 'Alembic Pharma', 'ltp': '', 'perChg': '', 'stkId': 'AP29', 'displayLock': 'N', 'scanproflg': 1, 'scUrl': 'pharmaceuticals/alembicpharmaceuticals/AP35', 'columns': [{'name': 'change %', 'value': '-2.83'}, {'name': 'LTP', 'value': '810.00'}, {'name': 'Close Price value', 'value': '810.00'}, {'name': 'change absolute', 'value': '-23.60'}]}",OHLC_D_I_NR4BEARBO,NR 4 Breakdown,Four Bar Pattern,18,Range Breakout,NR4 is a 4-bar narrow range pattern. NR4 bearish breakout pattern scanner shows the list of stocks forming bearish breakout pattern after 4-bar consolidation.,,,False,1,N,,OHLC_D_I_NR4BEARBO
1784718917,"{'stkname': 'Kopran', 'ltp': '', 'perChg': '', 'stkId': 'K01', 'displayLock': 'N', 'scanproflg': 1, 'scUrl': 'pharmaceuticals/kopran/K01', 'columns': [{'name': 'change %', 'value': '-0.99'}, {'name': 'LTP', 'value': '202.00'}, {'name': 'Close Price value', 'value': '202.00'}, {'name': 'change absolute', 'value': '-2.01'}]}",OHLC_D_I_NR4BEARBO,NR 4 Breakdown,Four Bar Pattern,18,Range Breakout,NR4 is a 4-bar narrow range pattern. NR4 bearish breakout pattern scanner shows the list of stocks forming bearish breakout pattern after 4-bar consolidation.,,,False,1,N,,OHLC_D_I_NR4BEARBO
1784718917,"{'stkname': 'Medico Remedies', 'ltp': '', 'perChg': '', 'stkId': 'MR04', 'displayLock': 'N', 'scanproflg': 1, 'scUrl': 'diversified/medicoremedies/MR', 'columns': [{'name': 'change %', 'value': '-0.57'}, {'name': 'LTP', 'value': '38.40'}, {'name': 'Close Price value', 'value': '38.40'}, {'name': 'change absolute', 'value': '-0.22'}]}",OHLC_D_I_NR4BEARBO,NR 4 Breakdown,Four Bar Pattern,18,Range Breakout,NR4 is a 4-bar narrow range pattern. NR4 bearish breakout pattern scanner shows the list of stocks forming bearish breakout pattern after 4-bar consolidation.,,,False,1,N,,OHLC_D_I_NR4BEARBO
1784718917,"{'stkname': 'Sai Life Sci', 'ltp': '', 'perChg': '', 'stkId': 'SLS02', 'displayLock': 'N', 'scanproflg': 1, 'scUrl': 'pharmaceuticalsdrugs/sailifesciences/SLS03', 'columns': [{'name': 'change %', 'value': '-2.77'}, {'name': 'LTP', 'value': '1,253.00'}, {'name': 'Close Price value', 'value': '1,253.00'}, {'name': 'change absolute', 'value': '-35.70'}]}",OHLC_D_I_NR4BEARBO,NR 4 Breakdown,Four Bar Pattern,18,Range Breakout,NR4 is a 4-bar narrow range pattern. NR4 bearish breakout pattern scanner shows the list of stocks forming bearish breakout pattern after 4-bar consolidation.,,,False,1,N,,OHLC_D_I_NR4BEARBO
1784718917,"{'stkname': 'SMS Pharma', 'ltp': '', 'perChg': '', 'stkId': 'SP37', 'displayLock': 'N', 'scanproflg': 1, 'scUrl': 'pharmaceuticals/smspharmaceuticals/SP38', 'columns': [{'name': 'change %', 'value': '-0.57'}, {'name': 'LTP', 'value': '386.00'}, {'name': 'Close Price value', 'value': '386.00'}, {'name': 'change absolute', 'value': '-2.20'}]}",OHLC_D_I_NR4BEARBO,NR 4 Breakdown,Four Bar Pattern,18,Range Breakout,NR4 is a 4-bar narrow range pattern. NR4 bearish breakout pattern scanner shows the list of stocks forming bearish breakout pattern after 4-bar consolidation.,,,False,1,N,,OHLC_D_I_NR4BEARBO
1784718917,"{'stkname': 'AARTIPHARM', 'ltp': '', 'perChg': '', 'stkId': 'AP32', 'displayLock': 'N', 'scanproflg': 1, 'scUrl': 'medical-equipmentsuppliesaccessories/aartipharmalabs/AP21', 'columns': [{'name': 'change %', 'value': '-4.32'}, {'name': 'LTP', 'value': '672.00'}, {'name': 'Close Price value', 'value': '672.00'}, {'name': 'change absolute', 'value': '-30.35'}]}",OHLC_D_I_NR4BEARBO,NR 4 Breakdown,Four Bar Pattern,18,Range Breakout,NR4 is a 4-bar narrow range pattern. NR4 bearish breakout pattern scanner shows the list of stocks forming bearish breakout pattern after 4-bar consolidation.,,,False,1,N,,OHLC_D_I_NR4BEARBO
1784718917,"{'stkname': 'DB Corp', 'ltp': '', 'perChg': '', 'stkId': 'C13', 'displayLock': 'N', 'scanproflg': 1, 'scUrl': 'mediaentertainment/dbcorp/C13', 'columns': [{'name': 'change %', 'value': '-1.25'}, {'name': 'LTP', 'value': '214.00'}, {'name': 'Close Price value', 'value': '214.00'}, {'name': 'change absolute', 'value': '-2.70'}]}",OHLC_D_I_NR4BEARBO,NR 4 Breakdown,Four Bar Pattern,18,Range Breakout,NR4 is a 4-bar narrow range pattern. NR4 bearish breakout pattern scanner shows the list of stocks forming bearish breakout pattern after 4-bar consolidation.,,,False,1,N,,OHLC_D_I_NR4BEARBO
1784718917,"{'stkname': 'Blue Jet', 'ltp': '', 'perChg': '', 'stkId': 'BJH', 'displayLock': 'N', 'scanproflg': 1, 'scUrl': 'pharmaceuticalsdrugs/bluejethealthcare/BJH', 'columns': [{'name': 'change %', 'value': '-0.93'}, {'name': 'LTP', 'value': '584.00'}, {'name': 'Close Price value', 'value': '584.00'}, {'name': 'change absolute', 'value': '-5.50'}]}",OHLC_D_I_NR4BEARBO,NR 4 Breakdown,Four Bar Pattern,18,Range Breakout,NR4 is a 4-bar narrow range pattern. NR4 bearish breakout pattern scanner shows the list of stocks forming bearish breakout pattern after 4-bar consolidation.,,,False,1,N,,OHLC_D_I_NR4BEARBO
1784718917,"{'stkname': 'Cohance Life', 'ltp': '', 'perChg': '', 'stkId': 'SP42', 'displayLock': 'N', 'scanproflg': 1, 'scUrl': 'pharmaceuticalsdrugs/cohancelifesciences/SP19', 'columns': [{'name': 'change %', 'value': '-1.58'}, {'name': 'LTP', 'value': '438.60'}, {'name': 'Close Price value', 'value': '438.60'}, {'name': 'change absolute', 'value': '-7.05'}]}",OHLC_D_I_NR4BEARBO,NR 4 Breakdown,Four Bar Pattern,18,Range Breakout,NR4 is a 4-bar narrow range pattern. NR4 bearish breakout pattern scanner shows the list of stocks forming bearish breakout pattern after 4-bar consolidation.,,,False,1,N,,OHLC_D_I_NR4BEARBO
1784718917,"{'stkname': 'Nectar Life', 'ltp': '', 'perChg': '', 'stkId': 'NL01', 'displayLock': 'N', 'scanproflg': 1, 'scUrl': 'pharmaceuticals/nectarlifesciences/NL01', 'columns': [{'name': 'change %', 'value': '-1.40'}, {'name': 'LTP', 'value': '10.55'}, {'name': 'Close Price value', 'value': '10.55'}, {'name': 'change absolute', 'value': '-0.15'}]}",OHLC_D_I_NR4BEARBO,NR 4 Breakdown,Four Bar Pattern,18,Range Breakout,NR4 is a 4-bar narrow range pattern. NR4 bearish breakout pattern scanner shows the list of stocks forming bearish breakout pattern after 4-bar consolidation.,,,False,1,N,,OHLC_D_I_NR4BEARBO
1784718917,"{'stkname': 'Syncom Formula', 'ltp': '', 'perChg': '', 'stkId': 'SF18', 'displayLock': 'N', 'scanproflg': 1, 'scUrl': 'pharmaceuticals/syncomformulations/SF18', 'columns': [{'name': 'change %', 'value': '-2.58'}, {'name': 'LTP', 'value': '13.22'}, {'name': 'Close Price value', 'value': '13.22'}, {'name': 'change absolute', 'value': '-0.35'}]}",OHLC_D_I_NR4BEARBO,NR 4 Breakdown,Four Bar Pattern,18,Range Breakout,NR4 is a 4-bar narrow range pattern. NR4 bearish breakout pattern scanner shows the list of stocks forming bearish breakout pattern after 4-bar consolidation.,,,False,1,N,,OHLC_D_I_NR4BEARBO
1784718917,"{'stkname': 'Syngene Intl', 'ltp': '', 'perChg': '', 'stkId': 'SI62', 'displayLock': 'N', 'scanproflg': 1, 'scUrl': 'miscellaneous/syngeneinternational/SI10', 'columns': [{'name': 'change %', 'value': '-1.65'}, {'name': 'LTP', 'value': '406.45'}, {'name': 'Close Price value', 'value': '406.45'}, {'name': 'change absolute', 'value': '-6.80'}]}",OHLC_D_I_NR4BEARBO,NR 4 Breakdown,Four Bar Pattern,18,Range Breakout,NR4 is a 4-bar narrow range pattern. NR4 bearish breakout pattern scanner shows the list of stocks forming bearish breakout pattern after 4-bar consolidation.,,,False,1,N,,OHLC_D_I_NR4BEARBO
1784718917,"{'stkname': 'Alembic', 'ltp': '', 'perChg': '', 'stkId': 'ACW', 'displayLock': 'N', 'scanproflg': 1, 'scUrl': 'pharmaceuticals/alembic/A08', 'columns': [{'name': 'change %', 'value': '-2.50'}, {'name': 'LTP', 'value': '88.11'}, {'name': 'Close Price value', 'value': '88.11'}, {'name': 'change absolute', 'value': '-2.26'}]}",OHLC_D_I_NR4BEARBO,NR 4 Breakdown,Four Bar Pattern,18,Range Breakout,NR4 is a 4-bar narrow range pattern. NR4 bearish breakout pattern scanner shows the list of stocks forming bearish breakout pattern after 4-bar consolidation.,,,False,1,N,,OHLC_D_I_NR4BEARBO
1784718917,"{'stkname': 'Caplin Labs', 'ltp': '', 'perChg': '', 'stkId': 'CPL', 'displayLock': 'N', 'scanproflg': 1, 'scUrl': 'pharmaceuticals/caplinpointlaboratories/CPL', 'columns': [{'name': 'change %', 'value': '-4.43'}, {'name': 'LTP', 'value': '2,492.50'}, {'name': 'Close Price value', 'value': '2,492.50'}, {'name': 'change absolute', 'value': '-115.50'}]}",OHLC_D_I_NR4BEARBO,NR 4 Breakdown,Four Bar Pattern,18,Range Breakout,NR4 is a 4-bar narrow range pattern. NR4 bearish breakout pattern scanner shows the list of stocks forming bearish breakout pattern after 4-bar consolidation.,,,False,1,N,,OHLC_D_I_NR4BEARBO
1784718917,"{'stkname': 'Concord Biotech', 'ltp': '', 'perChg': '', 'stkId': 'CB09', 'displayLock': 'N', 'scanproflg': 1, 'scUrl': 'biotechnologymedical-research/concordbiotech/CB08', 'columns': [{'name': 'change %', 'value': '-4.08'}, {'name': 'LTP', 'value': '1,275.00'}, {'name': 'Close Price value', 'value': '1,275.00'}, {'name': 'change absolute', 'value': '-54.20'}]}",OHLC_D_I_NR4BEARBO,NR 4 Breakdown,Four Bar Pattern,18,Range Breakout,NR4 is a 4-bar narrow range pattern. NR4 bearish breakout pattern scanner shows the list of stocks forming bearish breakout pattern after 4-bar consolidation.,,,False,1,N,,OHLC_D_I_NR4BEARBO
1784718917,"{'stkname': 'Garware HiTech', 'ltp': '', 'perChg': '', 'stkId': 'GP', 'displayLock': 'N', 'scanproflg': 1, 'scUrl': 'packaging/garwarehi-techfilms/GP', 'columns': [{'name': 'change %', 'value': '-1.76'}, {'name': 'LTP', 'value': '6,799.00'}, {'name': 'Close Price value', 'value': '6,799.00'}, {'name': 'change absolute', 'value': '-122.00'}]}",OHLC_D_I_NR4BEARBO,NR 4 Breakdown,Four Bar Pattern,18,Range Breakout,NR4 is a 4-bar narrow range pattern. NR4 bearish breakout pattern scanner shows the list of stocks forming bearish breakout pattern after 4-bar consolidation.,,,False,1,N,,OHLC_D_I_NR4BEARBO
1784718917,"{'stkname': 'JagsonpalPharma', 'ltp': '', 'perChg': '', 'stkId': 'JP02', 'displayLock': 'N', 'scanproflg': 1, 'scUrl': 'pharmaceuticals/jagsonpalpharmaceuticals/JP02', 'columns': [{'name': 'change %', 'value': '-1.04'}, {'name': 'LTP', 'value': '219.75'}, {'name': 'Close Price value', 'value': '219.75'}, {'name': 'change absolute', 'value': '-2.31'}]}",OHLC_D_I_NR4BEARBO,NR 4 Breakdown,Four Bar Pattern,18,Range Breakout,NR4 is a 4-bar narrow range pattern. NR4 bearish breakout pattern scanner shows the list of stocks forming bearish breakout pattern after 4-bar consolidation.,,,False,1,N,,OHLC_D_I_NR4BEARBO
1784718917,"{'stkname': 'KAMOPAINTS', 'ltp': '', 'perChg': '', 'stkId': 'KV04', 'displayLock': 'N', 'scanproflg': 1, 'scUrl': 'paints/kamdhenuventures/KV04', 'columns': [{'name': 'change %', 'value': '-0.66'}, {'name': 'LTP', 'value': '4.51'}, {'name': 'Close Price value', 'value': '4.51'}, {'name': 'change absolute', 'value': '-0.03'}]}",OHLC_D_I_NR4BEARBO,NR 4 Breakdown,Four Bar Pattern,18,Range Breakout,NR4 is a 4-bar narrow range pattern. NR4 bearish breakout pattern scanner shows the list of stocks forming bearish breakout pattern after 4-bar consolidation.,,,False,1,N,,OHLC_D_I_NR4BEARBO
1784718917,"{'stkname': 'Natco Pharma', 'ltp': '', 'perChg': '', 'stkId': 'NP01', 'displayLock': 'N', 'scanproflg': 1, 'scUrl': 'pharmaceuticals/natcopharma/NP07', 'columns': [{'name': 'change %', 'value': '-3.21'}, {'name': 'LTP', 'value': '931.00'}, {'name': 'Close Price value', 'value': '931.00'}, {'name': 'change absolute', 'value': '-30.90'}]}",OHLC_D_I_NR4BEARBO,NR 4 Breakdown,Four Bar Pattern,18,Range Breakout,NR4 is a 4-bar narrow range pattern. NR4 bearish breakout pattern scanner shows the list of stocks forming bearish breakout pattern after 4-bar consolidation.,,,False,1,N,,OHLC_D_I_NR4BEARBO
1784718917,"{'stkname': 'AGI Greenpac', 'ltp': '', 'perChg': '', 'stkId': 'HSI', 'displayLock': 'N', 'scanproflg': 1, 'scUrl': 'containerspackaging/agigreenpac/HSI02', 'columns': [{'name': 'change %', 'value': '-2.97'}, {'name': 'LTP', 'value': '666.00'}, {'name': 'Close Price value', 'value': '666.00'}, {'name': 'change absolute', 'value': '-20.40'}]}",OHLC_D_I_NR4BEARBO,NR 4 Breakdown,Four Bar Pattern,18,Range Breakout,NR4 is a 4-bar narrow range pattern. NR4 bearish breakout pattern scanner shows the list of stocks forming bearish breakout pattern after 4-bar consolidation.,,,False,1,N,,OHLC_D_I_NR4BEARBO
1784718917,"{'stkname': 'FDC', 'ltp': '', 'perChg': '', 'stkId': 'FDC', 'displayLock': 'N', 'scanproflg': 1, 'scUrl': 'pharmaceuticals/fdc/FDC', 'columns': [{'name': 'change %', 'value': '-0.54'}, {'name': 'LTP', 'value': '411.00'}, {'name': 'Close Price value', 'value': '411.00'}, {'name': 'change absolute', 'value': '-2.25'}]}",OHLC_D_I_NR4BEARBO,NR 4 Breakdown,Four Bar Pattern,18,Range Breakout,NR4 is a 4-bar narrow range pattern. NR4 bearish breakout pattern scanner shows the list of stocks forming bearish breakout pattern after 4-bar consolidation.,,,False,1,N,,OHLC_D_I_NR4BEARBO
1784718917,"{'stkname': 'Alpa Labs', 'ltp': '', 'perChg': '', 'stkId': 'AL11', 'displayLock': 'N', 'scanproflg': 1, 'scUrl': 'pharmaceuticals/alpalaboratories/AL11', 'columns': [{'name': 'change %', 'value': '-2.05'}, {'name': 'LTP', 'value': '66.25'}, {'name': 'Close Price value', 'value': '66.25'}, {'name': 'change absolute', 'value': '-1.39'}]}",OHLC_D_I_NR4BEARBO,NR 4 Breakdown,Four Bar Pattern,18,Range Breakout,NR4 is a 4-bar narrow range pattern. NR4 bearish breakout pattern scanner shows the list of stocks forming bearish breakout pattern after 4-bar consolidation.,,,False,1,N,,OHLC_D_I_NR4BEARBO
1784718917,"{'stkname': 'HT Media', 'ltp': '', 'perChg': '', 'stkId': 'HT', 'displayLock': 'N', 'scanproflg': 1, 'scUrl': 'mediaentertainment/htmedia/HT', 'columns': [{'name': 'change %', 'value': '-1.79'}, {'name': 'LTP', 'value': '25.75'}, {'name': 'Close Price value', 'value': '25.75'}, {'name': 'change absolute', 'value': '-0.47'}]}",OHLC_D_I_NR4BEARBO,NR 4 Breakdown,Four Bar Pattern,18,Range Breakout,NR4 is a 4-bar narrow range pattern. NR4 bearish breakout pattern scanner shows the list of stocks forming bearish breakout pattern after 4-bar consolidation.,,,False,1,N,,OHLC_D_I_NR4BEARBO
1784718917,"{'stkname': 'Lincoln Pharma', 'ltp': '', 'perChg': '', 'stkId': 'LP06', 'displayLock': 'N', 'scanproflg': 1, 'scUrl': 'pharmaceuticals/lincolnpharmaceuticals/LP06', 'columns': [{'name': 'change %', 'value': '-3.59'}, {'name': 'LTP', 'value': '577.00'}, {'name': 'Close Price value', 'value': '577.00'}, {'name': 'change absolute', 'value': '-21.50'}]}",OHLC_D_I_NR4BEARBO,NR 4 Breakdown,Four Bar Pattern,18,Range Breakout,NR4 is a 4-bar narrow range pattern. NR4 bearish breakout pattern scanner shows the list of stocks forming bearish breakout pattern after 4-bar consolidation.,,,False,1,N,,OHLC_D_I_NR4BEARBO
1784718917,"{'stkname': 'Man Industries', 'ltp': '', 'perChg': '', 'stkId': 'MII', 'displayLock': 'N', 'scanproflg': 1, 'scUrl': 'steel-tubespipes/manindustriesindia/MII', 'columns': [{'name': 'change %', 'value': '-2.36'}, {'name': 'LTP', 'value': '514.75'}, {'name': 'Close Price value', 'value': '514.75'}, {'name': 'change absolute', 'value': '-12.45'}]}",OHLC_D_I_NR4BEARBO,NR 4 Breakdown,Four Bar Pattern,18,Range Breakout,NR4 is a 4-bar narrow range pattern. NR4 bearish breakout pattern scanner shows the list of stocks forming bearish breakout pattern after 4-bar consolidation.,,,False,1,N,,OHLC_D_I_NR4BEARBO
1784718917,"{'stkname': 'Prakash Ind', 'ltp': '', 'perChg': '', 'stkId': 'PI18', 'displayLock': 'N', 'scanproflg': 1, 'scUrl': 'diversified/prakashindustries/PI18', 'columns': [{'name': 'change %', 'value': '-0.35'}, {'name': 'LTP', 'value': '123.80'}, {'name': 'Close Price value', 'value': '123.80'}, {'name': 'change absolute', 'value': '-0.44'}]}",OHLC_D_I_NR4BEARBO,NR 4 Breakdown,Four Bar Pattern,18,Range Breakout,NR4 is a 4-bar narrow range pattern. NR4 bearish breakout pattern scanner shows the list of stocks forming bearish breakout pattern after 4-bar consolidation.,,,False,1,N,,OHLC_D_I_NR4BEARBO
1784718917,"{'stkname': 'Themis Medicare', 'ltp': '', 'perChg': '', 'stkId': 'TC05', 'displayLock': 'N', 'scanproflg': 1, 'scUrl': 'pharmaceuticals/themismedicare/TM04', 'columns': [{'name': 'change %', 'value': '-3.92'}, {'name': 'LTP', 'value': '107.95'}, {'name': 'Close Price value', 'value': '107.95'}, {'name': 'change absolute', 'value': '-4.40'}]}",OHLC_D_I_NR4BEARBO,NR 4 Breakdown,Four Bar Pattern,18,Range Breakout,NR4 is a 4-bar narrow range pattern. NR4 bearish breakout pattern scanner shows the list of stocks forming bearish breakout pattern after 4-bar consolidation.,,,False,1,N,,OHLC_D_I_NR4BEARBO
1784718917,"{'stkname': 'Aarti Drugs', 'ltp': '', 'perChg': '', 'stkId': 'AD', 'displayLock': 'N', 'scanproflg': 1, 'scUrl': 'pharmaceuticals/aartidrugs/AD', 'columns': [{'name': 'change %', 'value': '-3.72'}, {'name': 'LTP', 'value': '411.00'}, {'name': 'Close Price value', 'value': '411.00'}, {'name': 'change absolute', 'value': '-15.90'}]}",OHLC_D_I_NR4BEARBO,NR 4 Breakdown,Four Bar Pattern,18,Range Breakout,NR4 is a 4-bar narrow range pattern. NR4 bearish breakout pattern scanner shows the list of stocks forming bearish breakout pattern after 4-bar consolidation.,,,False,1,N,,OHLC_D_I_NR4BEARBO
1784718917,"{'stkname': 'Bodhi Tree Mult', 'ltp': '', 'perChg': '', 'stkId': 'BTM04', 'displayLock': 'N', 'scanproflg': 1, 'scUrl': 'tv-broadcastingsoftware-production/bodhitreemultimedia/BTM04', 'columns': [{'name': 'change %', 'value': '-1.15'}, {'name': 'LTP', 'value': '6.00'}, {'name': 'Close Price value', 'value': '6.00'}, {'name': 'change absolute', 'value': '-0.07'}]}",OHLC_D_I_NR4BEARBO,NR 4 Breakdown,Four Bar Pattern,18,Range Breakout,NR4 is a 4-bar narrow range pattern. NR4 bearish breakout pattern scanner shows the list of stocks forming bearish breakout pattern after 4-bar consolidation.,,,False,1,N,,OHLC_D_I_NR4BEARBO
1784718917,"{'stkname': 'MOIL', 'ltp': '', 'perChg': '', 'stkId': 'M11', 'displayLock': 'N', 'scanproflg': 1, 'scUrl': 'miningminerals/moil/M18', 'columns': [{'name': 'change %', 'value': '-0.63'}, {'name': 'LTP', 'value': '269.45'}, {'name': 'Close Price value', 'value': '269.45'}, {'name': 'change absolute', 'value': '-1.70'}]}",OHLC_D_I_NR4BEARBO,NR 4 Breakdown,Four Bar Pattern,18,Range Breakout,NR4 is a 4-bar narrow range pattern. NR4 bearish breakout pattern scanner shows the list of stocks forming bearish breakout pattern after 4-bar consolidation.,,,False,1,N,,OHLC_D_I_NR4BEARBO
1784718917,"{'stkname': 'Hardwyn', 'ltp': '', 'perChg': '', 'stkId': 'GI26', 'displayLock': 'N', 'scanproflg': 1, 'scUrl': 'aluminium/hardwynindia/GI34', 'columns': [{'name': 'change %', 'value': '-0.89'}, {'name': 'LTP', 'value': '15.59'}, {'name': 'Close Price value', 'value': '15.59'}, {'name': 'change absolute', 'value': '-0.14'}]}",OHLC_D_I_NR4BEARBO,NR 4 Breakdown,Four Bar Pattern,18,Range Breakout,NR4 is a 4-bar narrow range pattern. NR4 bearish breakout pattern scanner shows the list of stocks forming bearish breakout pattern after 4-bar consolidation.,,,False,1,N,,OHLC_D_I_NR4BEARBO
1784718917,"{'stkname': 'KPR Mill', 'ltp': '', 'perChg': '', 'stkId': 'M09', 'displayLock': 'N', 'scanproflg': 1, 'scUrl': 'textiles-readymade-apparels/kprmill/M15', 'columns': [{'name': 'change %', 'value': '-3.53'}, {'name': 'LTP', 'value': '1,062.00'}, {'name': 'Close Price value', 'value': '1,062.00'}, {'name': 'change absolute', 'value': '-38.90'}]}",OHLC_D_I_NR4BEARBO,NR 4 Breakdown,Four Bar Pattern,18,Range Breakout,NR4 is a 4-bar narrow range pattern. NR4 bearish breakout pattern scanner shows the list of stocks forming bearish breakout pattern after 4-bar consolidation.,,,False,1,N,,OHLC_D_I_NR4BEARBO
1784718917,"{'stkname': 'ConfidencePetro', 'ltp': '', 'perChg': '', 'stkId': 'DG01', 'displayLock': 'N', 'scanproflg': 1, 'scUrl': 'miscellaneous/confidencepetroleum/CP10', 'columns': [{'name': 'change %', 'value': '-0.93'}, {'name': 'LTP', 'value': '74.95'}, {'name': 'Close Price value', 'value': '74.95'}, {'name': 'change absolute', 'value': '-0.70'}]}",OHLC_D_I_NR4BEARBO,NR 4 Breakdown,Four Bar Pattern,18,Range Breakout,NR4 is a 4-bar narrow range pattern. NR4 bearish breakout pattern scanner shows the list of stocks forming bearish breakout pattern after 4-bar consolidation.,,,False,1,N,,OHLC_D_I_NR4BEARBO
1784718917,"{'stkname': 'Oricon Ent', 'ltp': '', 'perChg': '', 'stkId': 'OC04', 'displayLock': 'N', 'scanproflg': 1, 'scUrl': 'packaging/oriconenterprises/OE03', 'columns': [{'name': 'change %', 'value': '-4.60'}, {'name': 'LTP', 'value': '54.71'}, {'name': 'Close Price value', 'value': '54.71'}, {'name': 'change absolute', 'value': '-2.64'}]}",OHLC_D_I_NR4BEARBO,NR 4 Breakdown,Four Bar Pattern,18,Range Breakout,NR4 is a 4-bar narrow range pattern. NR4 bearish breakout pattern scanner shows the list of stocks forming bearish breakout pattern after 4-bar consolidation.,,,False,1,N,,OHLC_D_I_NR4BEARBO
1784718917,"{'stkname': 'Rama Steel Tube', 'ltp': '', 'perChg': '', 'stkId': 'RST', 'displayLock': 'N', 'scanproflg': 1, 'scUrl': 'steel-mediumsmall/ramasteeltubes/RST', 'columns': [{'name': 'change %', 'value': '-0.23'}, {'name': 'LTP', 'value': '4.30'}, {'name': 'Close Price value', 'value': '4.30'}, {'name': 'change absolute', 'value': '-0.01'}]}",OHLC_D_I_NR4BEARBO,NR 4 Breakdown,Four Bar Pattern,18,Range Breakout,NR4 is a 4-bar narrow range pattern. NR4 bearish breakout pattern scanner shows the list of stocks forming bearish breakout pattern after 4-bar consolidation.,,,False,1,N,,OHLC_D_I_NR4BEARBO
1784718917,"{'stkname': 'Xpro India', 'ltp': '', 'perChg': '', 'stkId': 'XI', 'displayLock': 'N', 'scanproflg': 1, 'scUrl': 'packaging/xproindia/XI', 'columns': [{'name': 'change %', 'value': '-2.75'}, {'name': 'LTP', 'value': '1,345.00'}, {'name': 'Close Price value', 'value': '1,345.00'}, {'name': 'change absolute', 'value': '-38.00'}]}",OHLC_D_I_NR4BEARBO,NR 4 Breakdown,Four Bar Pattern,18,Range Breakout,NR4 is a 4-bar narrow range pattern. NR4 bearish breakout pattern scanner shows the list of stocks forming bearish breakout pattern after 4-bar consolidation.,,,False,1,N,,OHLC_D_I_NR4BEARBO
1784718917,"{'stkname': 'Mah Seamless', 'ltp': '', 'perChg': '', 'stkId': 'MS02', 'displayLock': 'N', 'scanproflg': 1, 'scUrl': 'steel-tubespipes/maharashtraseamless/MS02', 'columns': [{'name': 'change %', 'value': '-0.86'}, {'name': 'LTP', 'value': '575.05'}, {'name': 'Close Price value', 'value': '575.05'}, {'name': 'change absolute', 'value': '-5.00'}]}",OHLC_D_I_NR4BEARBO,NR 4 Breakdown,Four Bar Pattern,18,Range Breakout,NR4 is a 4-bar narrow range pattern. NR4 bearish breakout pattern scanner shows the list of stocks forming bearish breakout pattern after 4-bar consolidation.,,,False,1,N,,OHLC_D_I_NR4BEARBO
1784718917,"{'stkname': 'Manaksia Alumin', 'ltp': '', 'perChg': '', 'stkId': 'MAC04', 'displayLock': 'N', 'scanproflg': 1, 'scUrl': 'aluminium/manaksiaaluminiumcompany/MAC03', 'columns': [{'name': 'change %', 'value': '-1.47'}, {'name': 'LTP', 'value': '36.20'}, {'name': 'Close Price value', 'value': '36.20'}, {'name': 'change absolute', 'value': '-0.54'}]}",OHLC_D_I_NR4BEARBO,NR 4 Breakdown,Four Bar Pattern,18,Range Breakout,NR4 is a 4-bar narrow range pattern. NR4 bearish breakout pattern scanner shows the list of stocks forming bearish breakout pattern after 4-bar consolidation.,,,False,1,N,,OHLC_D_I_NR4BEARBO
1784718917,"{'stkname': 'UFO Moviez', 'ltp': '', 'perChg': '', 'stkId': 'UMI03', 'displayLock': 'N', 'scanproflg': 1, 'scUrl': 'mediaentertainment/ufomoviezindia/UMI03', 'columns': [{'name': 'change %', 'value': '-1.32'}, {'name': 'LTP', 'value': '67.05'}, {'name': 'Close Price value', 'value': '67.05'}, {'name': 'change absolute', 'value': '-0.90'}]}",OHLC_D_I_NR4BEARBO,NR 4 Breakdown,Four Bar Pattern,18,Range Breakout,NR4 is a 4-bar narrow range pattern. NR4 bearish breakout pattern scanner shows the list of stocks forming bearish breakout pattern after 4-bar consolidation.,,,False,1,N,,OHLC_D_I_NR4BEARBO
1784718917,"{'stkname': 'MRPL', 'ltp': '', 'perChg': '', 'stkId': 'MRP', 'displayLock': 'N', 'scanproflg': 1, 'scUrl': 'refineries/mangalorerefinerypetrochemicals/MRP', 'columns': [{'name': 'change %', 'value': '-0.52'}, {'name': 'LTP', 'value': '175.40'}, {'name': 'Close Price value', 'value': '175.40'}, {'name': 'change absolute', 'value': '-0.91'}]}",OHLC_D_I_NR4BEARBO,NR 4 Breakdown,Four Bar Pattern,18,Range Breakout,NR4 is a 4-bar narrow range pattern. NR4 bearish breakout pattern scanner shows the list of stocks forming bearish breakout pattern after 4-bar consolidation.,,,False,1,N,,OHLC_D_I_NR4BEARBO
1784718917,"{'stkname': 'Dish TV', 'ltp': '', 'perChg': '', 'stkId': 'DTV', 'displayLock': 'N', 'scanproflg': 1, 'scUrl': 'mediaentertainment/dishtvindia/DTV', 'columns': [{'name': 'change %', 'value': '-0.34'}, {'name': 'LTP', 'value': '2.90'}, {'name': 'Close Price value', 'value': '2.90'}, {'name': 'change absolute', 'value': '-0.01'}]}",OHLC_D_I_NR4BEARBO,NR 4 Breakdown,Four Bar Pattern,18,Range Breakout,NR4 is a 4-bar narrow range pattern. NR4 bearish breakout pattern scanner shows the list of stocks forming bearish breakout pattern after 4-bar consolidation.,,,False,1,N,,OHLC_D_I_NR4BEARBO
1784718917,"{'stkname': 'Pennar Inds', 'ltp': '', 'perChg': '', 'stkId': 'PS04', 'displayLock': 'N', 'scanproflg': 1, 'scUrl': 'steel-crhr-strips/pennarindustries/PI28', 'columns': [{'name': 'change %', 'value': '-2.04'}, {'name': 'LTP', 'value': '164.50'}, {'name': 'Close Price value', 'value': '164.50'}, {'name': 'change absolute', 'value': '-3.43'}]}",OHLC_D_I_NR4BEARBO,NR 4 Breakdown,Four Bar Pattern,18,Range Breakout,NR4 is a 4-bar narrow range pattern. NR4 bearish breakout pattern scanner shows the list of stocks forming bearish breakout pattern after 4-bar consolidation.,,,False,1,N,,OHLC_D_I_NR4BEARBO
1784718917,"{'stkname': 'Pyramid Techno', 'ltp': '', 'perChg': '', 'stkId': 'PT10', 'displayLock': 'N', 'scanproflg': 1, 'scUrl': 'containerspackaging/pyramidtechnoplast/PT12', 'columns': [{'name': 'change %', 'value': '-1.16'}, {'name': 'LTP', 'value': '161.11'}, {'name': 'Close Price value', 'value': '161.11'}, {'name': 'change absolute', 'value': '-1.89'}]}",OHLC_D_I_NR4BEARBO,NR 4 Breakdown,Four Bar Pattern,18,Range Breakout,NR4 is a 4-bar narrow range pattern. NR4 bearish breakout pattern scanner shows the list of stocks forming bearish breakout pattern after 4-bar consolidation.,,,False,1,N,,OHLC_D_I_NR4BEARBO
1784718917,"{'stkname': 'Lloyds Metals', 'ltp': '', 'perChg': '', 'stkId': 'LME', 'displayLock': 'N', 'scanproflg': 1, 'scUrl': 'steel-sponge-iron/lloydsmetalsenergy/LME', 'columns': [{'name': 'change %', 'value': '-3.63'}, {'name': 'LTP', 'value': '1,866.10'}, {'name': 'Close Price value', 'value': '1,866.10'}, {'name': 'change absolute', 'value': '-70.30'}]}",OHLC_D_I_NR4BEARBO,NR 4 Breakdown,Four Bar Pattern,18,Range Breakout,NR4 is a 4-bar narrow range pattern. NR4 bearish breakout pattern scanner shows the list of stocks forming bearish breakout pattern after 4-bar consolidation.,,,False,1,N,,OHLC_D_I_NR4BEARBO
1784718917,"{'stkname': 'Bharat Wire Rop', 'ltp': '', 'perChg': '', 'stkId': 'BWR01', 'displayLock': 'N', 'scanproflg': 1, 'scUrl': 'steel-mediumsmall/bharatwireropes/BWR01', 'columns': [{'name': 'change %', 'value': '-2.31'}, {'name': 'LTP', 'value': '195.00'}, {'name': 'Close Price value', 'value': '195.00'}, {'name': 'change absolute', 'value': '-4.61'}]}",OHLC_D_I_NR4BEARBO,NR 4 Breakdown,Four Bar Pattern,18,Range Breakout,NR4 is a 4-bar narrow range pattern. NR4 bearish breakout pattern scanner shows the list of stocks forming bearish breakout pattern after 4-bar consolidation.,,,False,1,N,,OHLC_D_I_NR4BEARBO
1784718917,"{'stkname': 'MSP Steel', 'ltp': '', 'perChg': '', 'stkId': 'MSP', 'displayLock': 'N', 'scanproflg': 1, 'scUrl': 'steel-sponge-iron/mspsteelpower/MSP', 'columns': [{'name': 'change %', 'value': '-3.09'}, {'name': 'LTP', 'value': '35.41'}, {'name': 'Close Price value', 'value': '35.41'}, {'name': 'change absolute', 'value': '-1.13'}]}",OHLC_D_I_NR4BEARBO,NR 4 Breakdown,Four Bar Pattern,18,Range Breakout,NR4 is a 4-bar narrow range pattern. NR4 bearish breakout pattern scanner shows the list of stocks forming bearish breakout pattern after 4-bar consolidation.,,,False,1,N,,OHLC_D_I_NR4BEARBO
1784718917,"{'stkname': 'Sun TV Network', 'ltp': '', 'perChg': '', 'stkId': 'STV01', 'displayLock': 'N', 'scanproflg': 1, 'scUrl': 'mediaentertainment/suntvnetwork/STN01', 'columns': [{'name': 'change %', 'value': '-0.21'}, {'name': 'LTP', 'value': '493.30'}, {'name': 'Close Price value', 'value': '493.30'}, {'name': 'change absolute', 'value': '-1.05'}]}",OHLC_D_I_NR4BEARBO,NR 4 Breakdown,Four Bar Pattern,18,Range Breakout,NR4 is a 4-bar narrow range pattern. NR4 bearish breakout pattern scanner shows the list of stocks forming bearish breakout pattern after 4-bar consolidation.,,,False,1,N,,OHLC_D_I_NR4BEARBO
1784718917,"{'stkname': 'Genesys Int', 'ltp': '', 'perChg': '', 'stkId': 'GIC10', 'displayLock': 'N', 'scanproflg': 1, 'scUrl': 'computers-software-mediumsmall/genesysinternationalcorporation/GIC10', 'columns': [{'name': 'change %', 'value': '-6.98'}, {'name': 'LTP', 'value': '301.00'}, {'name': 'Close Price value', 'value': '301.00'}, {'name': 'change absolute', 'value': '-22.60'}]}",OHLC_D_I_NR4BEARBO,NR 4 Breakdown,Four Bar Pattern,18,Range Breakout,NR4 is a 4-bar narrow range pattern. NR4 bearish breakout pattern scanner shows the list of stocks forming bearish breakout pattern after 4-bar consolidation.,,,False,1,N,,OHLC_D_I_NR4BEARBO
1784718917,"{'stkname': 'Gravita India', 'ltp': '', 'perChg': '', 'stkId': 'GI24', 'displayLock': 'N', 'scanproflg': 1, 'scUrl': 'metals-non-ferrous/gravitaindia/GI09', 'columns': [{'name': 'change %', 'value': '-0.30'}, {'name': 'LTP', 'value': '1,799.00'}, {'name': 'Close Price value', 'value': '1,799.00'}, {'name': 'change absolute', 'value': '-5.50'}]}",OHLC_D_I_NR4BEARBO,NR 4 Breakdown,Four Bar Pattern,18,Range Breakout,NR4 is a 4-bar narrow range pattern. NR4 bearish breakout pattern scanner shows the list of stocks forming bearish breakout pattern after 4-bar consolidation.,,,False,1,N,,OHLC_D_I_NR4BEARBO
1784718917,"{'stkname': 'Kritika Wires', 'ltp': '', 'perChg': '', 'stkId': 'KW', 'displayLock': 'N', 'scanproflg': 1, 'scUrl': 'ironsteel/kritikawires/KW', 'columns': [{'name': 'change %', 'value': '0.00'}, {'name': 'LTP', 'value': '5.60'}, {'name': 'Close Price value', 'value': '5.60'}, {'name': 'change absolute', 'value': '0.00'}]}",OHLC_D_I_NR4BEARBO,NR 4 Breakdown,Four Bar Pattern,18,Range Breakout,NR4 is a 4-bar narrow range pattern. NR4 bearish breakout pattern scanner shows the list of stocks forming bearish breakout pattern after 4-bar consolidation.,,,False,1,N,,OHLC_D_I_NR4BEARBO
1784718917,"{'stkname': 'Maan Aluminium', 'ltp': '', 'perChg': '', 'stkId': 'MA03', 'displayLock': 'N', 'scanproflg': 1, 'scUrl': 'aluminium/maanaluminium/MA03', 'columns': [{'name': 'change %', 'value': '-0.52'}, {'name': 'LTP', 'value': '114.40'}, {'name': 'Close Price value', 'value': '114.40'}, {'name': 'change absolute', 'value': '-0.60'}]}",OHLC_D_I_NR4BEARBO,NR 4 Breakdown,Four Bar Pattern,18,Range Breakout,NR4 is a 4-bar narrow range pattern. NR4 bearish breakout pattern scanner shows the list of stocks forming bearish breakout pattern after 4-bar consolidation.,,,False,1,N,,OHLC_D_I_NR4BEARBO
1784718917,"{'stkname': 'North Eastern', 'ltp': '', 'perChg': '', 'stkId': 'NEC01', 'displayLock': 'N', 'scanproflg': 1, 'scUrl': 'transportlogistics/northeasterncarryingcorporation/NEC01', 'columns': [{'name': 'change %', 'value': '-1.83'}, {'name': 'LTP', 'value': '15.00'}, {'name': 'Close Price value', 'value': '15.00'}, {'name': 'change absolute', 'value': '-0.28'}]}",OHLC_D_I_NR4BEARBO,NR 4 Breakdown,Four Bar Pattern,18,Range Breakout,NR4 is a 4-bar narrow range pattern. NR4 bearish breakout pattern scanner shows the list of stocks forming bearish breakout pattern after 4-bar consolidation.,,,False,1,N,,OHLC_D_I_NR4BEARBO
1784718917,"{'stkname': 'Nucleus Softwar', 'ltp': '', 'perChg': '', 'stkId': 'NS', 'displayLock': 'N', 'scanproflg': 1, 'scUrl': 'computers-software-mediumsmall/nucleussoftwareexports/NS', 'columns': [{'name': 'change %', 'value': '-1.01'}, {'name': 'LTP', 'value': '742.00'}, {'name': 'Close Price value', 'value': '742.00'}, {'name': 'change absolute', 'value': '-7.55'}]}",OHLC_D_I_NR4BEARBO,NR 4 Breakdown,Four Bar Pattern,18,Range Breakout,NR4 is a 4-bar narrow range pattern. NR4 bearish breakout pattern scanner shows the list of stocks forming bearish breakout pattern after 4-bar consolidation.,,,False,1,N,,OHLC_D_I_NR4BEARBO
1784718917,"{'stkname': 'TV TodayNetwork', 'ltp': '', 'perChg': '', 'stkId': 'TVT', 'displayLock': 'N', 'scanproflg': 1, 'scUrl': 'mediaentertainment/tvtodaynetwork/TVT', 'columns': [{'name': 'change %', 'value': '-2.11'}, {'name': 'LTP', 'value': '119.46'}, {'name': 'Close Price value', 'value': '119.46'}, {'name': 'change absolute', 'value': '-2.57'}]}",OHLC_D_I_NR4BEARBO,NR 4 Breakdown,Four Bar Pattern,18,Range Breakout,NR4 is a 4-bar narrow range pattern. NR4 bearish breakout pattern scanner shows the list of stocks forming bearish breakout pattern after 4-bar consolidation.,,,False,1,N,,OHLC_D_I_NR4BEARBO
1784718917,"{'stkname': 'Grindwell Norto', 'ltp': '', 'perChg': '', 'stkId': 'GN', 'displayLock': 'N', 'scanproflg': 1, 'scUrl': 'abrasives/grindwellnorton/GN', 'columns': [{'name': 'change %', 'value': '-3.36'}, {'name': 'LTP', 'value': '2,025.00'}, {'name': 'Close Price value', 'value': '2,025.00'}, {'name': 'change absolute', 'value': '-70.30'}]}",OHLC_D_I_NR4BEARBO,NR 4 Breakdown,Four Bar Pattern,18,Range Breakout,NR4 is a 4-bar narrow range pattern. NR4 bearish breakout pattern scanner shows the list of stocks forming bearish breakout pattern after 4-bar consolidation.,,,False,1,N,,OHLC_D_I_NR4BEARBO
1784718917,"{'stkname': 'JITF Infralogis', 'ltp': '', 'perChg': '', 'stkId': 'JIT01', 'displayLock': 'N', 'scanproflg': 1, 'scUrl': 'miscellaneous/jitfinfralogistics/JIT01', 'columns': [{'name': 'change %', 'value': '-2.25'}, {'name': 'LTP', 'value': '370.00'}, {'name': 'Close Price value', 'value': '370.00'}, {'name': 'change absolute', 'value': '-8.50'}]}",OHLC_D_I_NR4BEARBO,NR 4 Breakdown,Four Bar Pattern,18,Range Breakout,NR4 is a 4-bar narrow range pattern. NR4 bearish breakout pattern scanner shows the list of stocks forming bearish breakout pattern after 4-bar consolidation.,,,False,1,N,,OHLC_D_I_NR4BEARBO
1784718917,"{'stkname': 'Music Broadcast', 'ltp': '', 'perChg': '', 'stkId': 'MB04', 'displayLock': 'N', 'scanproflg': 1, 'scUrl': 'mediaentertainment/musicbroadcast/MB05', 'columns': [{'name': 'change %', 'value': '0.00'}, {'name': 'LTP', 'value': '5.97'}, {'name': 'Close Price value', 'value': '5.97'}, {'name': 'change absolute', 'value': '0.00'}]}",OHLC_D_I_NR4BEARBO,NR 4 Breakdown,Four Bar Pattern,18,Range Breakout,NR4 is a 4-bar narrow range pattern. NR4 bearish breakout pattern scanner shows the list of stocks forming bearish breakout pattern after 4-bar consolidation.,,,False,1,N,,OHLC_D_I_NR4BEARBO
1784718917,"{'stkname': 'Linde India', 'ltp': '', 'perChg': '', 'stkId': 'BOC', 'displayLock': 'N', 'scanproflg': 1, 'scUrl': 'chemicals/lindeindia/BOC', 'columns': [{'name': 'change %', 'value': '-2.35'}, {'name': 'LTP', 'value': '6,839.50'}, {'name': 'Close Price value', 'value': '6,839.50'}, {'name': 'change absolute', 'value': '-164.50'}]}",OHLC_D_I_NR4BEARBO,NR 4 Breakdown,Four Bar Pattern,18,Range Breakout,NR4 is a 4-bar narrow range pattern. NR4 bearish breakout pattern scanner shows the list of stocks forming bearish breakout pattern after 4-bar consolidation.,,,False,1,N,,OHLC_D_I_NR4BEARBO
1784718917,"{'stkname': 'Hinduja Global', 'ltp': '', 'perChg': '', 'stkId': 'HTM01', 'displayLock': 'N', 'scanproflg': 1, 'scUrl': 'computers-software/hindujaglobalsolutions/HGS01', 'columns': [{'name': 'change %', 'value': '-0.42'}, {'name': 'LTP', 'value': '428.95'}, {'name': 'Close Price value', 'value': '428.95'}, {'name': 'change absolute', 'value': '-1.80'}]}",OHLC_D_I_NR4BEARBO,NR 4 Breakdown,Four Bar Pattern,18,Range Breakout,NR4 is a 4-bar narrow range pattern. NR4 bearish breakout pattern scanner shows the list of stocks forming bearish breakout pattern after 4-bar consolidation.,,,False,1,N,,OHLC_D_I_NR4BEARBO
1784718917,"{'stkname': 'Nazara', 'ltp': '', 'perChg': '', 'stkId': 'NT03', 'displayLock': 'N', 'scanproflg': 1, 'scUrl': 'software/nazaratechnologies/NT', 'columns': [{'name': 'change %', 'value': '-1.65'}, {'name': 'LTP', 'value': '304.20'}, {'name': 'Close Price value', 'value': '304.20'}, {'name': 'change absolute', 'value': '-5.10'}]}",OHLC_D_I_NR4BEARBO,NR 4 Breakdown,Four Bar Pattern,18,Range Breakout,NR4 is a 4-bar narrow range pattern. NR4 bearish breakout pattern scanner shows the list of stocks forming bearish breakout pattern after 4-bar consolidation.,,,False,1,N,,OHLC_D_I_NR4BEARBO
1784718917,"{'stkname': '63 Moons Tech', 'ltp': '', 'perChg': '', 'stkId': 'WT01', 'displayLock': 'N', 'scanproflg': 1, 'scUrl': 'computers-software/63moonstechnologies/FT02', 'columns': [{'name': 'change %', 'value': '-4.34'}, {'name': 'LTP', 'value': '703.00'}, {'name': 'Close Price value', 'value': '703.00'}, {'name': 'change absolute', 'value': '-31.90'}]}",OHLC_D_I_NR4BEARBO,NR 4 Breakdown,Four Bar Pattern,18,Range Breakout,NR4 is a 4-bar narrow range pattern. NR4 bearish breakout pattern scanner shows the list of stocks forming bearish breakout pattern after 4-bar consolidation.,,,False,1,N,,OHLC_D_I_NR4BEARBO
1784718917,"{'stkname': 'Gateway Distri', 'ltp': '', 'perChg': '', 'stkId': 'GD01', 'displayLock': 'N', 'scanproflg': 1, 'scUrl': 'miscellaneous/gatewaydistriparks/GD01', 'columns': [{'name': 'change %', 'value': '-0.87'}, {'name': 'LTP', 'value': '57.79'}, {'name': 'Close Price value', 'value': '57.79'}, {'name': 'change absolute', 'value': '-0.51'}]}",OHLC_D_I_NR4BEARBO,NR 4 Breakdown,Four Bar Pattern,18,Range Breakout,NR4 is a 4-bar narrow range pattern. NR4 bearish breakout pattern scanner shows the list of stocks forming bearish breakout pattern after 4-bar consolidation.,,,False,1,N,,OHLC_D_I_NR4BEARBO
1784718917,"{'stkname': 'Snowman Logist', 'ltp': '', 'perChg': '', 'stkId': 'SL16', 'displayLock': 'N', 'scanproflg': 1, 'scUrl': 'transportlogistics/snowmanlogistics/SL17', 'columns': [{'name': 'change %', 'value': '-0.14'}, {'name': 'LTP', 'value': '36.94'}, {'name': 'Close Price value', 'value': '36.94'}, {'name': 'change absolute', 'value': '-0.05'}]}",OHLC_D_I_NR4BEARBO,NR 4 Breakdown,Four Bar Pattern,18,Range Breakout,NR4 is a 4-bar narrow range pattern. NR4 bearish breakout pattern scanner shows the list of stocks forming bearish breakout pattern after 4-bar consolidation.,,,False,1,N,,OHLC_D_I_NR4BEARBO
1784718917,"{'stkname': 'Spacenet Ent', 'ltp': '', 'perChg': '', 'stkId': 'NCT', 'displayLock': 'N', 'scanproflg': 1, 'scUrl': 'it-servicesconsulting/spacenetenterprisesindia/NCT', 'columns': [{'name': 'change %', 'value': '-1.90'}, {'name': 'LTP', 'value': '3.62'}, {'name': 'Close Price value', 'value': '3.62'}, {'name': 'change absolute', 'value': '-0.07'}]}",OHLC_D_I_NR4BEARBO,NR 4 Breakdown,Four Bar Pattern,18,Range Breakout,NR4 is a 4-bar narrow range pattern. NR4 bearish breakout pattern scanner shows the list of stocks forming bearish breakout pattern after 4-bar consolidation.,,,False,1,N,,OHLC_D_I_NR4BEARBO
1784718917,"{'stkname': 'AvenuesAI', 'ltp': '', 'perChg': '', 'stkId': 'IIL03', 'displayLock': 'N', 'scanproflg': 1, 'scUrl': 'online-services/avenuesai/IIL03', 'columns': [{'name': 'change %', 'value': '-1.76'}, {'name': 'LTP', 'value': '16.74'}, {'name': 'Close Price value', 'value': '16.74'}, {'name': 'change absolute', 'value': '-0.30'}]}",OHLC_D_I_NR4BEARBO,NR 4 Breakdown,Four Bar Pattern,18,Range Breakout,NR4 is a 4-bar narrow range pattern. NR4 bearish breakout pattern scanner shows the list of stocks forming bearish breakout pattern after 4-bar consolidation.,,,False,1,N,,OHLC_D_I_NR4BEARBO
1784718917,"{'stkname': 'R Systems Intl', 'ltp': '', 'perChg': '', 'stkId': 'RSI01', 'displayLock': 'N', 'scanproflg': 1, 'scUrl': 'computers-software-mediumsmall/rsystemsinternational/RSI01', 'columns': [{'name': 'change %', 'value': '-4.66'}, {'name': 'LTP', 'value': '236.70'}, {'name': 'Close Price value', 'value': '236.70'}, {'name': 'change absolute', 'value': '-11.57'}]}",OHLC_D_I_NR4BEARBO,NR 4 Breakdown,Four Bar Pattern,18,Range Breakout,NR4 is a 4-bar narrow range pattern. NR4 bearish breakout pattern scanner shows the list of stocks forming bearish breakout pattern after 4-bar consolidation.,,,False,1,N,,OHLC_D_I_NR4BEARBO
1784718917,"{'stkname': 'Cybertech', 'ltp': '', 'perChg': '', 'stkId': 'CSS', 'displayLock': 'N', 'scanproflg': 1, 'scUrl': 'computers-software-mediumsmall/cybertechsystemssoftware/CSS', 'columns': [{'name': 'change %', 'value': '-1.17'}, {'name': 'LTP', 'value': '142.30'}, {'name': 'Close Price value', 'value': '142.30'}, {'name': 'change absolute', 'value': '-1.69'}]}",OHLC_D_I_NR4BEARBO,NR 4 Breakdown,Four Bar Pattern,18,Range Breakout,NR4 is a 4-bar narrow range pattern. NR4 bearish breakout pattern scanner shows the list of stocks forming bearish breakout pattern after 4-bar consolidation.,,,False,1,N,,OHLC_D_I_NR4BEARBO
1784718917,"{'stkname': 'ITC Hotels', 'ltp': '', 'perChg': '', 'stkId': 'IHL01', 'displayLock': 'N', 'scanproflg': 1, 'scUrl': 'hotel-resortrestaurants/itchotels/IHL02', 'columns': [{'name': 'change %', 'value': '-0.35'}, {'name': 'LTP', 'value': '163.79'}, {'name': 'Close Price value', 'value': '163.79'}, {'name': 'change absolute', 'value': '-0.58'}]}",OHLC_D_I_NR4BEARBO,NR 4 Breakdown,Four Bar Pattern,18,Range Breakout,NR4 is a 4-bar narrow range pattern. NR4 bearish breakout pattern scanner shows the list of stocks forming bearish breakout pattern after 4-bar consolidation.,,,False,1,N,,OHLC_D_I_NR4BEARBO
1784718917,"{'stkname': 'Lemon Tree', 'ltp': '', 'perChg': '', 'stkId': 'LTH', 'displayLock': 'N', 'scanproflg': 1, 'scUrl': 'hotel-resortrestaurants/lemontreehotels/LTH', 'columns': [{'name': 'change %', 'value': '-1.62'}, {'name': 'LTP', 'value': '109.15'}, {'name': 'Close Price value', 'value': '109.15'}, {'name': 'change absolute', 'value': '-1.80'}]}",OHLC_D_I_NR4BEARBO,NR 4 Breakdown,Four Bar Pattern,18,Range Breakout,NR4 is a 4-bar narrow range pattern. NR4 bearish breakout pattern scanner shows the list of stocks forming bearish breakout pattern after 4-bar consolidation.,,,False,1,N,,OHLC_D_I_NR4BEARBO
1784718917,"{'stkname': 'CenturyPlyboard', 'ltp': '', 'perChg': '', 'stkId': 'CP9', 'displayLock': 'N', 'scanproflg': 1, 'scUrl': 'miscellaneous/centuryplyboards/CP9', 'columns': [{'name': 'change %', 'value': '-0.38'}, {'name': 'LTP', 'value': '789.80'}, {'name': 'Close Price value', 'value': '789.80'}, {'name': 'change absolute', 'value': '-3.05'}]}",OHLC_D_I_NR4BEARBO,NR 4 Breakdown,Four Bar Pattern,18,Range Breakout,NR4 is a 4-bar narrow range pattern. NR4 bearish breakout pattern scanner shows the list of stocks forming bearish breakout pattern after 4-bar consolidation.,,,False,1,N,,OHLC_D_I_NR4BEARBO
1784718917,"{'stkname': 'Jupiter Life', 'ltp': '', 'perChg': '', 'stkId': 'JLLHL', 'displayLock': 'N', 'scanproflg': 1, 'scUrl': 'hospitalhealthcare-services/jupiterlifelinehospitals/JLLHL', 'columns': [{'name': 'change %', 'value': '-0.11'}, {'name': 'LTP', 'value': '1,565.30'}, {'name': 'Close Price value', 'value': '1,565.30'}, {'name': 'change absolute', 'value': '-1.80'}]}",OHLC_D_I_NR4BEARBO,NR 4 Breakdown,Four Bar Pattern,18,Range Breakout,NR4 is a 4-bar narrow range pattern. NR4 bearish breakout pattern scanner shows the list of stocks forming bearish breakout pattern after 4-bar consolidation.,,,False,1,N,,OHLC_D_I_NR4BEARBO
1784718917,"{'stkname': 'General Insuran', 'ltp': '', 'perChg': '', 'stkId': 'GIC12', 'displayLock': 'N', 'scanproflg': 1, 'scUrl': 'diversified/generalinsurancecorporationindia/GIC12', 'columns': [{'name': 'change %', 'value': '-0.48'}, {'name': 'LTP', 'value': '360.00'}, {'name': 'Close Price value', 'value': '360.00'}, {'name': 'change absolute', 'value': '-1.75'}]}",OHLC_D_I_NR4BEARBO,NR 4 Breakdown,Four Bar Pattern,18,Range Breakout,NR4 is a 4-bar narrow range pattern. NR4 bearish breakout pattern scanner shows the list of stocks forming bearish breakout pattern after 4-bar consolidation.,,,False,1,N,,OHLC_D_I_NR4BEARBO
1784718917,"{'stkname': 'New India Assur', 'ltp': '', 'perChg': '', 'stkId': 'NIA', 'displayLock': 'N', 'scanproflg': 1, 'scUrl': 'miscellaneous/newindiaassurancecompany/NIA', 'columns': [{'name': 'change %', 'value': '-2.03'}, {'name': 'LTP', 'value': '174.50'}, {'name': 'Close Price value', 'value': '174.50'}, {'name': 'change absolute', 'value': '-3.61'}]}",OHLC_D_I_NR4BEARBO,NR 4 Breakdown,Four Bar Pattern,18,Range Breakout,NR4 is a 4-bar narrow range pattern. NR4 bearish breakout pattern scanner shows the list of stocks forming bearish breakout pattern after 4-bar consolidation.,,,False,1,N,,OHLC_D_I_NR4BEARBO
1784718917,"{'stkname': 'Aptech', 'ltp': '', 'perChg': '', 'stkId': 'AT14', 'displayLock': 'N', 'scanproflg': 1, 'scUrl': 'computers-software-training/aptech/A11', 'columns': [{'name': 'change %', 'value': '-1.11'}, {'name': 'LTP', 'value': '92.00'}, {'name': 'Close Price value', 'value': '92.00'}, {'name': 'change absolute', 'value': '-1.03'}]}",OHLC_D_I_NR4BEARBO,NR 4 Breakdown,Four Bar Pattern,18,Range Breakout,NR4 is a 4-bar narrow range pattern. NR4 bearish breakout pattern scanner shows the list of stocks forming bearish breakout pattern after 4-bar consolidation.,,,False,1,N,,OHLC_D_I_NR4BEARBO
1784718917,"{'stkname': 'Blue Dart', 'ltp': '', 'perChg': '', 'stkId': 'BDE', 'displayLock': 'N', 'scanproflg': 1, 'scUrl': 'couriers/bluedartexpress/BDE', 'columns': [{'name': 'change %', 'value': '-1.29'}, {'name': 'LTP', 'value': '4,807.00'}, {'name': 'Close Price value', 'value': '4,807.00'}, {'name': 'change absolute', 'value': '-62.80'}]}",OHLC_D_I_NR4BEARBO,NR 4 Breakdown,Four Bar Pattern,18,Range Breakout,NR4 is a 4-bar narrow range pattern. NR4 bearish breakout pattern scanner shows the list of stocks forming bearish breakout pattern after 4-bar consolidation.,,,False,1,N,,OHLC_D_I_NR4BEARBO
1784718917,"{'stkname': 'Axiscades Tech', 'ltp': '', 'perChg': '', 'stkId': 'ITT01', 'displayLock': 'N', 'scanproflg': 1, 'scUrl': 'aerospacedefence/axiscadestechnologies/AXI', 'columns': [{'name': 'change %', 'value': '-1.99'}, {'name': 'LTP', 'value': '1,544.00'}, {'name': 'Close Price value', 'value': '1,544.00'}, {'name': 'change absolute', 'value': '-31.40'}]}",OHLC_D_I_NR4BEARBO,NR 4 Breakdown,Four Bar Pattern,18,Range Breakout,NR4 is a 4-bar narrow range pattern. NR4 bearish breakout pattern scanner shows the list of stocks forming bearish breakout pattern after 4-bar consolidation.,,,False,1,N,,OHLC_D_I_NR4BEARBO
1784718917,"{'stkname': 'Intense Tech', 'ltp': '', 'perChg': '', 'stkId': 'FI17', 'displayLock': 'N', 'scanproflg': 1, 'scUrl': 'computers-software-mediumsmall/intensetechnologies/FI17', 'columns': [{'name': 'change %', 'value': '-0.32'}, {'name': 'LTP', 'value': '91.50'}, {'name': 'Close Price value', 'value': '91.50'}, {'name': 'change absolute', 'value': '-0.29'}]}",OHLC_D_I_NR4BEARBO,NR 4 Breakdown,Four Bar Pattern,18,Range Breakout,NR4 is a 4-bar narrow range pattern. NR4 bearish breakout pattern scanner shows the list of stocks forming bearish breakout pattern after 4-bar consolidation.,,,False,1,N,,OHLC_D_I_NR4BEARBO
1784718917,"{'stkname': 'Apollo Sindoori', 'ltp': '', 'perChg': '', 'stkId': 'ASH', 'displayLock': 'N', 'scanproflg': 1, 'scUrl': 'hotel-resortrestaurants/apollosindoorihotels/ASH', 'columns': [{'name': 'change %', 'value': '-1.34'}, {'name': 'LTP', 'value': '1,195.00'}, {'name': 'Close Price value', 'value': '1,195.00'}, {'name': 'change absolute', 'value': '-16.20'}]}",OHLC_D_I_NR4BEARBO,NR 4 Breakdown,Four Bar Pattern,18,Range Breakout,NR4 is a 4-bar narrow range pattern. NR4 bearish breakout pattern scanner shows the list of stocks forming bearish breakout pattern after 4-bar consolidation.,,,False,1,N,,OHLC_D_I_NR4BEARBO
1784718917,"{'stkname': 'BLS Internation', 'ltp': '', 'perChg': '', 'stkId': 'BLS', 'displayLock': 'N', 'scanproflg': 1, 'scUrl': 'miscellaneous/blsinternationalservices/BLS', 'columns': [{'name': 'change %', 'value': '-1.79'}, {'name': 'LTP', 'value': '230.95'}, {'name': 'Close Price value', 'value': '230.95'}, {'name': 'change absolute', 'value': '-4.20'}]}",OHLC_D_I_NR4BEARBO,NR 4 Breakdown,Four Bar Pattern,18,Range Breakout,NR4 is a 4-bar narrow range pattern. NR4 bearish breakout pattern scanner shows the list of stocks forming bearish breakout pattern after 4-bar consolidation.,,,False,1,N,,OHLC_D_I_NR4BEARBO
1784718917,"{'stkname': 'India Tourism D', 'ltp': '', 'perChg': '', 'stkId': 'ITD02', 'displayLock': 'N', 'scanproflg': 1, 'scUrl': 'hotels/indiatourismdevelopmentcorporation/ITD02', 'columns': [{'name': 'change %', 'value': '-1.39'}, {'name': 'LTP', 'value': '746.90'}, {'name': 'Close Price value', 'value': '746.90'}, {'name': 'change absolute', 'value': '-10.50'}]}",OHLC_D_I_NR4BEARBO,NR 4 Breakdown,Four Bar Pattern,18,Range Breakout,NR4 is a 4-bar narrow range pattern. NR4 bearish breakout pattern scanner shows the list of stocks forming bearish breakout pattern after 4-bar consolidation.,,,False,1,N,,OHLC_D_I_NR4BEARBO
1784718917,"{'stkname': 'PTC Industries', 'ltp': '', 'perChg': '', 'stkId': 'PTC02', 'displayLock': 'N', 'scanproflg': 1, 'scUrl': 'engineering-heavy/ptcindustries/PTC03', 'columns': [{'name': 'change %', 'value': '-0.86'}, {'name': 'LTP', 'value': '17,700.00'}, {'name': 'Close Price value', 'value': '17,700.00'}, {'name': 'change absolute', 'value': '-153.00'}]}",OHLC_D_I_NR4BEARBO,NR 4 Breakdown,Four Bar Pattern,18,Range Breakout,NR4 is a 4-bar narrow range pattern. NR4 bearish breakout pattern scanner shows the list of stocks forming bearish breakout pattern after 4-bar consolidation.,,,False,1,N,,OHLC_D_I_NR4BEARBO
1784718917,"{'stkname': 'eClerx Services', 'ltp': '', 'perChg': '', 'stkId': 'ES07', 'displayLock': 'N', 'scanproflg': 1, 'scUrl': 'computers-software-mediumsmall/eclerxservices/eS06', 'columns': [{'name': 'change %', 'value': '0.00'}, {'name': 'LTP', 'value': '1,924.00'}, {'name': 'Close Price value', 'value': '1,924.00'}, {'name': 'change absolute', 'value': '0.00'}]}",OHLC_D_I_NR4BEARBO,NR 4 Breakdown,Four Bar Pattern,18,Range Breakout,NR4 is a 4-bar narrow range pattern. NR4 bearish breakout pattern scanner shows the list of stocks forming bearish breakout pattern after 4-bar consolidation.,,,False,1,N,,OHLC_D_I_NR4BEARBO
1784718917,"{'stkname': 'Vijaya Diagnost', 'ltp': '', 'perChg': '', 'stkId': 'VDC01', 'displayLock': 'N', 'scanproflg': 1, 'scUrl': 'hospitalhealthcare-services/vijayadiagnosticcentre/VDC01', 'columns': [{'name': 'change %', 'value': '-1.60'}, {'name': 'LTP', 'value': '1,310.00'}, {'name': 'Close Price value', 'value': '1,310.00'}, {'name': 'change absolute', 'value': '-21.30'}]}",OHLC_D_I_NR4BEARBO,NR 4 Breakdown,Four Bar Pattern,18,Range Breakout,NR4 is a 4-bar narrow range pattern. NR4 bearish breakout pattern scanner shows the list of stocks forming bearish breakout pattern after 4-bar consolidation.,,,False,1,N,,OHLC_D_I_NR4BEARBO
1784718917,"{'stkname': 'EIH', 'ltp': '', 'perChg': '', 'stkId': 'EIH', 'displayLock': 'N', 'scanproflg': 1, 'scUrl': 'hotels/eih/EIH', 'columns': [{'name': 'change %', 'value': '-1.18'}, {'name': 'LTP', 'value': '331.30'}, {'name': 'Close Price value', 'value': '331.30'}, {'name': 'change absolute', 'value': '-3.95'}]}",OHLC_D_I_NR4BEARBO,NR 4 Breakdown,Four Bar Pattern,18,Range Breakout,NR4 is a 4-bar narrow range pattern. NR4 bearish breakout pattern scanner shows the list of stocks forming bearish breakout pattern after 4-bar consolidation.,,,False,1,N,,OHLC_D_I_NR4BEARBO
1784718917,"{'stkname': 'GRM Overseas', 'ltp': '', 'perChg': '', 'stkId': 'GRM01', 'displayLock': 'N', 'scanproflg': 1, 'scUrl': 'food-processing/grmoverseas/GRM01', 'columns': [{'name': 'change %', 'value': '-1.67'}, {'name': 'LTP', 'value': '89.84'}, {'name': 'Close Price value', 'value': '89.84'}, {'name': 'change absolute', 'value': '-1.53'}]}",OHLC_D_I_NR4BEARBO,NR 4 Breakdown,Four Bar Pattern,18,Range Breakout,NR4 is a 4-bar narrow range pattern. NR4 bearish breakout pattern scanner shows the list of stocks forming bearish breakout pattern after 4-bar consolidation.,,,False,1,N,,OHLC_D_I_NR4BEARBO
1784718917,"{'stkname': 'CIEINDIA', 'ltp': '', 'perChg': '', 'stkId': 'MAS', 'displayLock': 'N', 'scanproflg': 1, 'scUrl': 'auto-ancillaries-castingsforgings/cieautomotiveindia/MF19', 'columns': [{'name': 'change %', 'value': '-0.15'}, {'name': 'LTP', 'value': '472.00'}, {'name': 'Close Price value', 'value': '472.00'}, {'name': 'change absolute', 'value': '-0.70'}]}",OHLC_D_I_NR4BEARBO,NR 4 Breakdown,Four Bar Pattern,18,Range Breakout,NR4 is a 4-bar narrow range pattern. NR4 bearish breakout pattern scanner shows the list of stocks forming bearish breakout pattern after 4-bar consolidation.,,,False,1,N,,OHLC_D_I_NR4BEARBO
1784718917,"{'stkname': 'OnMobile Global', 'ltp': '', 'perChg': '', 'stkId': 'OG01', 'displayLock': 'N', 'scanproflg': 1, 'scUrl': 'telecommunications-service/onmobileglobal/OG01', 'columns': [{'name': 'change %', 'value': '-0.25'}, {'name': 'LTP', 'value': '60.90'}, {'name': 'Close Price value', 'value': '60.90'}, {'name': 'change absolute', 'value': '-0.15'}]}",OHLC_D_I_NR4BEARBO,NR 4 Breakdown,Four Bar Pattern,18,Range Breakout,NR4 is a 4-bar narrow range pattern. NR4 bearish breakout pattern scanner shows the list of stocks forming bearish breakout pattern after 4-bar consolidation.,,,False,1,N,,OHLC_D_I_NR4BEARBO
1784718917,"{'stkname': 'Tejas Networks', 'ltp': '', 'perChg': '', 'stkId': 'TN', 'displayLock': 'N', 'scanproflg': 1, 'scUrl': 'telecommunications-equipment/tejasnetworks/TN', 'columns': [{'name': 'change %', 'value': '-3.61'}, {'name': 'LTP', 'value': '517.95'}, {'name': 'Close Price value', 'value': '517.95'}, {'name': 'change absolute', 'value': '-19.40'}]}",OHLC_D_I_NR4BEARBO,NR 4 Breakdown,Four Bar Pattern,18,Range Breakout,NR4 is a 4-bar narrow range pattern. NR4 bearish breakout pattern scanner shows the list of stocks forming bearish breakout pattern after 4-bar consolidation.,,,False,1,N,,OHLC_D_I_NR4BEARBO
1784718917,"{'stkname': 'Latent View', 'ltp': '', 'perChg': '', 'stkId': 'LVA', 'displayLock': 'N', 'scanproflg': 1, 'scUrl': 'it-servicesconsulting/latentviewanalytics/LVA', 'columns': [{'name': 'change %', 'value': '-0.54'}, {'name': 'LTP', 'value': '303.75'}, {'name': 'Close Price value', 'value': '303.75'}, {'name': 'change absolute', 'value': '-1.65'}]}",OHLC_D_I_NR4BEARBO,NR 4 Breakdown,Four Bar Pattern,18,Range Breakout,NR4 is a 4-bar narrow range pattern. NR4 bearish breakout pattern scanner shows the list of stocks forming bearish breakout pattern after 4-bar consolidation.,,,False,1,N,,OHLC_D_I_NR4BEARBO
1784718917,"{'stkname': 'Star Health', 'ltp': '', 'perChg': '', 'stkId': 'SHA', 'displayLock': 'N', 'scanproflg': 1, 'scUrl': 'diversified/starhealthalliedinsurancecompany/SHA', 'columns': [{'name': 'change %', 'value': '-1.31'}, {'name': 'LTP', 'value': '580.95'}, {'name': 'Close Price value', 'value': '580.95'}, {'name': 'change absolute', 'value': '-7.70'}]}",OHLC_D_I_NR4BEARBO,NR 4 Breakdown,Four Bar Pattern,18,Range Breakout,NR4 is a 4-bar narrow range pattern. NR4 bearish breakout pattern scanner shows the list of stocks forming bearish breakout pattern after 4-bar consolidation.,,,False,1,N,,OHLC_D_I_NR4BEARBO
1784718917,"{'stkname': 'Cupid', 'ltp': '', 'perChg': '', 'stkId': 'CR02', 'displayLock': 'N', 'scanproflg': 1, 'scUrl': 'miscellaneous/cupid/CR02', 'columns': [{'name': 'change %', 'value': '-1.90'}, {'name': 'LTP', 'value': '207.23'}, {'name': 'Close Price value', 'value': '207.23'}, {'name': 'change absolute', 'value': '-4.02'}]}",OHLC_D_I_NR4BEARBO,NR 4 Breakdown,Four Bar Pattern,18,Range Breakout,NR4 is a 4-bar narrow range pattern. NR4 bearish breakout pattern scanner shows the list of stocks forming bearish breakout pattern after 4-bar consolidation.,,,False,1,N,,OHLC_D_I_NR4BEARBO
1784718917,"{'stkname': 'Dodla Dairy', 'ltp': '', 'perChg': '', 'stkId': 'DD02', 'displayLock': 'N', 'scanproflg': 1, 'scUrl': 'consumer-food/dodladairy/DD01', 'columns': [{'name': 'change %', 'value': '-0.78'}, {'name': 'LTP', 'value': '1,053.70'}, {'name': 'Close Price value', 'value': '1,053.70'}, {'name': 'change absolute', 'value': '-8.30'}]}",OHLC_D_I_NR4BEARBO,NR 4 Breakdown,Four Bar Pattern,18,Range Breakout,NR4 is a 4-bar narrow range pattern. NR4 bearish breakout pattern scanner shows the list of stocks forming bearish breakout pattern after 4-bar consolidation.,,,False,1,N,,OHLC_D_I_NR4BEARBO
1784718917,"{'stkname': 'Carysil', 'ltp': '', 'perChg': '', 'stkId': 'AI04', 'displayLock': 'N', 'scanproflg': 1, 'scUrl': 'plastics-moulded-articlesfurnitures/carysil/AI04', 'columns': [{'name': 'change %', 'value': '-1.63'}, {'name': 'LTP', 'value': '1,151.00'}, {'name': 'Close Price value', 'value': '1,151.00'}, {'name': 'change absolute', 'value': '-19.10'}]}",OHLC_D_I_NR4BEARBO,NR 4 Breakdown,Four Bar Pattern,18,Range Breakout,NR4 is a 4-bar narrow range pattern. NR4 bearish breakout pattern scanner shows the list of stocks forming bearish breakout pattern after 4-bar consolidation.,,,False,1,N,,OHLC_D_I_NR4BEARBO
1784718917,"{'stkname': 'Monarch Net', 'ltp': '', 'perChg': '', 'stkId': 'NF03', 'displayLock': 'N', 'scanproflg': 1, 'scUrl': 'finance-investments/monarchnetworthcapital/NSB', 'columns': [{'name': 'change %', 'value': '-1.10'}, {'name': 'LTP', 'value': '356.00'}, {'name': 'Close Price value', 'value': '356.00'}, {'name': 'change absolute', 'value': '-3.95'}]}",OHLC_D_I_NR4BEARBO,NR 4 Breakdown,Four Bar Pattern,18,Range Breakout,NR4 is a 4-bar narrow range pattern. NR4 bearish breakout pattern scanner shows the list of stocks forming bearish breakout pattern after 4-bar consolidation.,,,False,1,N,,OHLC_D_I_NR4BEARBO
1784718917,"{'stkname': 'Delta Corp', 'ltp': '', 'perChg': '', 'stkId': 'AW', 'displayLock': 'N', 'scanproflg': 1, 'scUrl': 'constructioncontracting-real-estate/deltacorp/DC11', 'columns': [{'name': 'change %', 'value': '-0.82'}, {'name': 'LTP', 'value': '62.94'}, {'name': 'Close Price value', 'value': '62.94'}, {'name': 'change absolute', 'value': '-0.52'}]}",OHLC_D_I_NR4BEARBO,NR 4 Breakdown,Four Bar Pattern,18,Range Breakout,NR4 is a 4-bar narrow range pattern. NR4 bearish breakout pattern scanner shows the list of stocks forming bearish breakout pattern after 4-bar consolidation.,,,False,1,N,,OHLC_D_I_NR4BEARBO
1784718917,"{'stkname': 'Bectors Food', 'ltp': '', 'perChg': '', 'stkId': 'MBF01', 'displayLock': 'N', 'scanproflg': 1, 'scUrl': 'consumer-food/mrsbectorsfoodspecialities/MBF01', 'columns': [{'name': 'change %', 'value': '-2.51'}, {'name': 'LTP', 'value': '206.00'}, {'name': 'Close Price value', 'value': '206.00'}, {'name': 'change absolute', 'value': '-5.30'}]}",OHLC_D_I_NR4BEARBO,NR 4 Breakdown,Four Bar Pattern,18,Range Breakout,NR4 is a 4-bar narrow range pattern. NR4 bearish breakout pattern scanner shows the list of stocks forming bearish breakout pattern after 4-bar consolidation.,,,False,1,N,,OHLC_D_I_NR4BEARBO
1784718917,"{'stkname': 'Galaxy Surf', 'ltp': '', 'perChg': '', 'stkId': 'GSL06', 'displayLock': 'N', 'scanproflg': 1, 'scUrl': 'diversified-chemicals/galaxysurfactants/GSL06', 'columns': [{'name': 'change %', 'value': '-1.26'}, {'name': 'LTP', 'value': '1,925.00'}, {'name': 'Close Price value', 'value': '1,925.00'}, {'name': 'change absolute', 'value': '-24.60'}]}",OHLC_D_I_NR4BEARBO,NR 4 Breakdown,Four Bar Pattern,18,Range Breakout,NR4 is a 4-bar narrow range pattern. NR4 bearish breakout pattern scanner shows the list of stocks forming bearish breakout pattern after 4-bar consolidation.,,,False,1,N,,OHLC_D_I_NR4BEARBO
1784718917,"{'stkname': 'GFL', 'ltp': '', 'perChg': '', 'stkId': 'GF07', 'displayLock': 'N', 'scanproflg': 1, 'scUrl': 'finance-others/gfl/GF07', 'columns': [{'name': 'change %', 'value': '-2.55'}, {'name': 'LTP', 'value': '45.15'}, {'name': 'Close Price value', 'value': '45.15'}, {'name': 'change absolute', 'value': '-1.18'}]}",OHLC_D_I_NR4BEARBO,NR 4 Breakdown,Four Bar Pattern,18,Range Breakout,NR4 is a 4-bar narrow range pattern. NR4 bearish breakout pattern scanner shows the list of stocks forming bearish breakout pattern after 4-bar consolidation.,,,False,1,N,,OHLC_D_I_NR4BEARBO
1784718917,"{'stkname': 'Vadilal Ind', 'ltp': '', 'perChg': '', 'stkId': 'VI01', 'displayLock': 'N', 'scanproflg': 1, 'scUrl': 'food-processing/vadilalindustries/VI01', 'columns': [{'name': 'change %', 'value': '-1.24'}, {'name': 'LTP', 'value': '6,732.50'}, {'name': 'Close Price value', 'value': '6,732.50'}, {'name': 'change absolute', 'value': '-84.50'}]}",OHLC_D_I_NR4BEARBO,NR 4 Breakdown,Four Bar Pattern,18,Range Breakout,NR4 is a 4-bar narrow range pattern. NR4 bearish breakout pattern scanner shows the list of stocks forming bearish breakout pattern after 4-bar consolidation.,,,False,1,N,,OHLC_D_I_NR4BEARBO
1784718917,"{'stkname': 'Kalyani Invest', 'ltp': '', 'perChg': '', 'stkId': 'KIC02', 'displayLock': 'N', 'scanproflg': 1, 'scUrl': 'finance-investments/kalyaniinvestmentcompany/KIC04', 'columns': [{'name': 'change %', 'value': '-1.38'}, {'name': 'LTP', 'value': '5,490.00'}, {'name': 'Close Price value', 'value': '5,490.00'}, {'name': 'change absolute', 'value': '-77.00'}]}",OHLC_D_I_NR4BEARBO,NR 4 Breakdown,Four Bar Pattern,18,Range Breakout,NR4 is a 4-bar narrow range pattern. NR4 bearish breakout pattern scanner shows the list of stocks forming bearish breakout pattern after 4-bar consolidation.,,,False,1,N,,OHLC_D_I_NR4BEARBO
1784718917,"{'stkname': '360 ONE WAM', 'ltp': '', 'perChg': '', 'stkId': 'IIFLW54277', 'displayLock': 'N', 'scanproflg': 1, 'scUrl': 'finance-others/360onewam/IIFLW54277', 'columns': [{'name': 'change %', 'value': '-2.65'}, {'name': 'LTP', 'value': '1,090.00'}, {'name': 'Close Price value', 'value': '1,090.00'}, {'name': 'change absolute', 'value': '-29.70'}]}",OHLC_D_I_NR4BEARBO,NR 4 Breakdown,Four Bar Pattern,18,Range Breakout,NR4 is a 4-bar narrow range pattern. NR4 bearish breakout pattern scanner shows the list of stocks forming bearish breakout pattern after 4-bar consolidation.,,,False,1,N,,OHLC_D_I_NR4BEARBO
1784718917,"{'stkname': 'AIA Engineering', 'ltp': '', 'perChg': '', 'stkId': 'AIE01', 'displayLock': 'N', 'scanproflg': 1, 'scUrl': 'castingsforgings/aiaengineering/AIE01', 'columns': [{'name': 'change %', 'value': '-1.29'}, {'name': 'LTP', 'value': '4,621.00'}, {'name': 'Close Price value', 'value': '4,621.00'}, {'name': 'change absolute', 'value': '-60.50'}]}",OHLC_D_I_NR4BEARBO,NR 4 Breakdown,Four Bar Pattern,18,Range Breakout,NR4 is a 4-bar narrow range pattern. NR4 bearish breakout pattern scanner shows the list of stocks forming bearish breakout pattern after 4-bar consolidation.,,,False,1,N,,OHLC_D_I_NR4BEARBO
1784718917,"{'stkname': 'Bikaji Foods', 'ltp': '', 'perChg': '', 'stkId': 'BFI01', 'displayLock': 'N', 'scanproflg': 1, 'scUrl': 'consumer-food/bikajifoodsinternational/BFI01', 'columns': [{'name': 'change %', 'value': '-1.42'}, {'name': 'LTP', 'value': '635.10'}, {'name': 'Close Price value', 'value': '635.10'}, {'name': 'change absolute', 'value': '-9.15'}]}",OHLC_D_I_NR4BEARBO,NR 4 Breakdown,Four Bar Pattern,18,Range Breakout,NR4 is a 4-bar narrow range pattern. NR4 bearish breakout pattern scanner shows the list of stocks forming bearish breakout pattern after 4-bar consolidation.,,,False,1,N,,OHLC_D_I_NR4BEARBO
1784718917,"{'stkname': 'Choice Internat', 'ltp': '', 'perChg': '', 'stkId': 'CFS01', 'displayLock': 'N', 'scanproflg': 1, 'scUrl': 'finance-general/choiceinternational/CFS01', 'columns': [{'name': 'change %', 'value': '-1.09'}, {'name': 'LTP', 'value': '808.00'}, {'name': 'Close Price value', 'value': '808.00'}, {'name': 'change absolute', 'value': '-8.90'}]}",OHLC_D_I_NR4BEARBO,NR 4 Breakdown,Four Bar Pattern,18,Range Breakout,NR4 is a 4-bar narrow range pattern. NR4 bearish breakout pattern scanner shows the list of stocks forming bearish breakout pattern after 4-bar consolidation.,,,False,1,N,,OHLC_D_I_NR4BEARBO
1784718917,"{'stkname': 'Prime Sec', 'ltp': '', 'perChg': '', 'stkId': 'PS', 'displayLock': 'N', 'scanproflg': 1, 'scUrl': 'finance-investments/primesecurities/PS', 'columns': [{'name': 'change %', 'value': '-1.71'}, {'name': 'LTP', 'value': '272.90'}, {'name': 'Close Price value', 'value': '272.90'}, {'name': 'change absolute', 'value': '-4.75'}]}",OHLC_D_I_NR4BEARBO,NR 4 Breakdown,Four Bar Pattern,18,Range Breakout,NR4 is a 4-bar narrow range pattern. NR4 bearish breakout pattern scanner shows the list of stocks forming bearish breakout pattern after 4-bar consolidation.,,,False,1,N,,OHLC_D_I_NR4BEARBO
1784718917,"{'stkname': 'Summit Sec', 'ltp': '', 'perChg': '', 'stkId': 'KEC', 'displayLock': 'N', 'scanproflg': 1, 'scUrl': 'finance-investments/summitsecurities/SS56', 'columns': [{'name': 'change %', 'value': '-3.96'}, {'name': 'LTP', 'value': '1,441.00'}, {'name': 'Close Price value', 'value': '1,441.00'}, {'name': 'change absolute', 'value': '-59.40'}]}",OHLC_D_I_NR4BEARBO,NR 4 Breakdown,Four Bar Pattern,18,Range Breakout,NR4 is a 4-bar narrow range pattern. NR4 bearish breakout pattern scanner shows the list of stocks forming bearish breakout pattern after 4-bar consolidation.,,,False,1,N,,OHLC_D_I_NR4BEARBO
1784718917,"{'stkname': 'Jindal Poly Inv', 'ltp': '', 'perChg': '', 'stkId': 'JPI02', 'displayLock': 'N', 'scanproflg': 1, 'scUrl': 'finance-general/jindalpolyinvestmentfinancecompany/JPI02', 'columns': [{'name': 'change %', 'value': '-2.61'}, {'name': 'LTP', 'value': '1,062.90'}, {'name': 'Close Price value', 'value': '1,062.90'}, {'name': 'change absolute', 'value': '-28.50'}]}",OHLC_D_I_NR4BEARBO,NR 4 Breakdown,Four Bar Pattern,18,Range Breakout,NR4 is a 4-bar narrow range pattern. NR4 bearish breakout pattern scanner shows the list of stocks forming bearish breakout pattern after 4-bar consolidation.,,,False,1,N,,OHLC_D_I_NR4BEARBO
1784718917,"{'stkname': 'Kalyani Forge', 'ltp': '', 'perChg': '', 'stkId': 'KF02', 'displayLock': 'N', 'scanproflg': 1, 'scUrl': 'castingsforgings/kalyaniforge/KF02', 'columns': [{'name': 'change %', 'value': '-0.26'}, {'name': 'LTP', 'value': '597.20'}, {'name': 'Close Price value', 'value': '597.20'}, {'name': 'change absolute', 'value': '-1.55'}]}",OHLC_D_I_NR4BEARBO,NR 4 Breakdown,Four Bar Pattern,18,Range Breakout,NR4 is a 4-bar narrow range pattern. NR4 bearish breakout pattern scanner shows the list of stocks forming bearish breakout pattern after 4-bar consolidation.,,,False,1,N,,OHLC_D_I_NR4BEARBO
1784718917,"{'stkname': 'Capri Global', 'ltp': '', 'perChg': '', 'stkId': 'DSL01', 'displayLock': 'N', 'scanproflg': 1, 'scUrl': 'finance-general/capriglobalcapital/MMF05', 'columns': [{'name': 'change %', 'value': '-2.17'}, {'name': 'LTP', 'value': '244.22'}, {'name': 'Close Price value', 'value': '244.22'}, {'name': 'change absolute', 'value': '-5.42'}]}",OHLC_D_I_NR4BEARBO,NR 4 Breakdown,Four Bar Pattern,18,Range Breakout,NR4 is a 4-bar narrow range pattern. NR4 bearish breakout pattern scanner shows the list of stocks forming bearish breakout pattern after 4-bar consolidation.,,,False,1,N,,OHLC_D_I_NR4BEARBO
1784718917,"{'stkname': '5paisa Capita', 'ltp': '', 'perChg': '', 'stkId': 'C96', 'displayLock': 'N', 'scanproflg': 1, 'scUrl': 'miscellaneous/5paisacapital/C98', 'columns': [{'name': 'change %', 'value': '-2.24'}, {'name': 'LTP', 'value': '369.00'}, {'name': 'Close Price value', 'value': '369.00'}, {'name': 'change absolute', 'value': '-8.45'}]}",OHLC_D_I_NR4BEARBO,NR 4 Breakdown,Four Bar Pattern,18,Range Breakout,NR4 is a 4-bar narrow range pattern. NR4 bearish breakout pattern scanner shows the list of stocks forming bearish breakout pattern after 4-bar consolidation.,,,False,1,N,,OHLC_D_I_NR4BEARBO
1784718917,"{'stkname': 'Max India', 'ltp': '', 'perChg': '', 'stkId': 'MIL18', 'displayLock': 'N', 'scanproflg': 1, 'scUrl': 'finance-investment/maxindialimited/MIL19', 'columns': [{'name': 'change %', 'value': '-1.48'}, {'name': 'LTP', 'value': '161.00'}, {'name': 'Close Price value', 'value': '161.00'}, {'name': 'change absolute', 'value': '-2.42'}]}",OHLC_D_I_NR4BEARBO,NR 4 Breakdown,Four Bar Pattern,18,Range Breakout,NR4 is a 4-bar narrow range pattern. NR4 bearish breakout pattern scanner shows the list of stocks forming bearish breakout pattern after 4-bar consolidation.,,,False,1,N,,OHLC_D_I_NR4BEARBO
1784718917,"{'stkname': 'VIP Industries', 'ltp': '', 'perChg': '', 'stkId': 'VIP', 'displayLock': 'N', 'scanproflg': 1, 'scUrl': 'householdpersonal-products/vipindustries/VIP', 'columns': [{'name': 'change %', 'value': '-2.30'}, {'name': 'LTP', 'value': '292.90'}, {'name': 'Close Price value', 'value': '292.90'}, {'name': 'change absolute', 'value': '-6.90'}]}",OHLC_D_I_NR4BEARBO,NR 4 Breakdown,Four Bar Pattern,18,Range Breakout,NR4 is a 4-bar narrow range pattern. NR4 bearish breakout pattern scanner shows the list of stocks forming bearish breakout pattern after 4-bar consolidation.,,,False,1,N,,OHLC_D_I_NR4BEARBO
1784718917,"{'stkname': 'Jubilant Food', 'ltp': '', 'perChg': '', 'stkId': 'JF04', 'displayLock': 'N', 'scanproflg': 1, 'scUrl': 'miscellaneous/jubilantfoodworks/JF04', 'columns': [{'name': 'change %', 'value': '-1.88'}, {'name': 'LTP', 'value': '417.50'}, {'name': 'Close Price value', 'value': '417.50'}, {'name': 'change absolute', 'value': '-8.00'}]}",OHLC_D_I_NR4BEARBO,NR 4 Breakdown,Four Bar Pattern,18,Range Breakout,NR4 is a 4-bar narrow range pattern. NR4 bearish breakout pattern scanner shows the list of stocks forming bearish breakout pattern after 4-bar consolidation.,,,False,1,N,,OHLC_D_I_NR4BEARBO
1784718917,"{'stkname': 'Manorama Indust', 'ltp': '', 'perChg': '', 'stkId': 'MI43', 'displayLock': 'N', 'scanproflg': 1, 'scUrl': 'food-processing/manoramaindustries/MI45', 'columns': [{'name': 'change %', 'value': '-1.78'}, {'name': 'LTP', 'value': '1,580.00'}, {'name': 'Close Price value', 'value': '1,580.00'}, {'name': 'change absolute', 'value': '-28.60'}]}",OHLC_D_I_NR4BEARBO,NR 4 Breakdown,Four Bar Pattern,18,Range Breakout,NR4 is a 4-bar narrow range pattern. NR4 bearish breakout pattern scanner shows the list of stocks forming bearish breakout pattern after 4-bar consolidation.,,,False,1,N,,OHLC_D_I_NR4BEARBO
1784718917,"{'stkname': 'Sapphire Foods', 'ltp': '', 'perChg': '', 'stkId': 'SFI05', 'displayLock': 'N', 'scanproflg': 1, 'scUrl': 'hotel-resortrestaurants/sapphirefoodsindia/SFI05', 'columns': [{'name': 'change %', 'value': '-1.41'}, {'name': 'LTP', 'value': '180.00'}, {'name': 'Close Price value', 'value': '180.00'}, {'name': 'change absolute', 'value': '-2.58'}]}",OHLC_D_I_NR4BEARBO,NR 4 Breakdown,Four Bar Pattern,18,Range Breakout,NR4 is a 4-bar narrow range pattern. NR4 bearish breakout pattern scanner shows the list of stocks forming bearish breakout pattern after 4-bar consolidation.,,,False,1,N,,OHLC_D_I_NR4BEARBO
1784718917,"{'stkname': 'Edelweiss', 'ltp': '', 'perChg': '', 'stkId': 'EC06', 'displayLock': 'N', 'scanproflg': 1, 'scUrl': 'finance-general/edelweissfinancialservices/EC01', 'columns': [{'name': 'change %', 'value': '-2.49'}, {'name': 'LTP', 'value': '117.70'}, {'name': 'Close Price value', 'value': '117.70'}, {'name': 'change absolute', 'value': '-3.01'}]}",OHLC_D_I_NR4BEARBO,NR 4 Breakdown,Four Bar Pattern,18,Range Breakout,NR4 is a 4-bar narrow range pattern. NR4 bearish breakout pattern scanner shows the list of stocks forming bearish breakout pattern after 4-bar consolidation.,,,False,1,N,,OHLC_D_I_NR4BEARBO
1784718917,"{'stkname': 'Home First', 'ltp': '', 'perChg': '', 'stkId': 'HFF', 'displayLock': 'N', 'scanproflg': 1, 'scUrl': 'finance-housing/homefirstfinancecompanyindia/HFF', 'columns': [{'name': 'change %', 'value': '-2.20'}, {'name': 'LTP', 'value': '1,252.00'}, {'name': 'Close Price value', 'value': '1,252.00'}, {'name': 'change absolute', 'value': '-28.10'}]}",OHLC_D_I_NR4BEARBO,NR 4 Breakdown,Four Bar Pattern,18,Range Breakout,NR4 is a 4-bar narrow range pattern. NR4 bearish breakout pattern scanner shows the list of stocks forming bearish breakout pattern after 4-bar consolidation.,,,False,1,N,,OHLC_D_I_NR4BEARBO
1784718917,"{'stkname': 'LIC Housing Fin', 'ltp': '', 'perChg': '', 'stkId': 'LIC', 'displayLock': 'N', 'scanproflg': 1, 'scUrl': 'finance-housing/lichousingfinance/LIC', 'columns': [{'name': 'change %', 'value': '-1.93'}, {'name': 'LTP', 'value': '538.00'}, {'name': 'Close Price value', 'value': '538.00'}, {'name': 'change absolute', 'value': '-10.60'}]}",OHLC_D_I_NR4BEARBO,NR 4 Breakdown,Four Bar Pattern,18,Range Breakout,NR4 is a 4-bar narrow range pattern. NR4 bearish breakout pattern scanner shows the list of stocks forming bearish breakout pattern after 4-bar consolidation.,,,False,1,N,,OHLC_D_I_NR4BEARBO
1784718917,"{'stkname': 'IRB Infra', 'ltp': '', 'perChg': '', 'stkId': 'IID01', 'displayLock': 'N', 'scanproflg': 1, 'scUrl': 'transport-infrastructure/irbinfrastructuredevelopers/IID01', 'columns': [{'name': 'change %', 'value': '-0.60'}, {'name': 'LTP', 'value': '19.84'}, {'name': 'Close Price value', 'value': '19.84'}, {'name': 'change absolute', 'value': '-0.12'}]}",OHLC_D_I_NR4BEARBO,NR 4 Breakdown,Four Bar Pattern,18,Range Breakout,NR4 is a 4-bar narrow range pattern. NR4 bearish breakout pattern scanner shows the list of stocks forming bearish breakout pattern after 4-bar consolidation.,,,False,1,N,,OHLC_D_I_NR4BEARBO
1784718917,"{'stkname': 'NCC', 'ltp': '', 'perChg': '', 'stkId': 'NCC01', 'displayLock': 'N', 'scanproflg': 1, 'scUrl': 'constructioncontracting-civil/ncc/NCC01', 'columns': [{'name': 'change %', 'value': '-0.93'}, {'name': 'LTP', 'value': '138.00'}, {'name': 'Close Price value', 'value': '138.00'}, {'name': 'change absolute', 'value': '-1.30'}]}",OHLC_D_I_NR4BEARBO,NR 4 Breakdown,Four Bar Pattern,18,Range Breakout,NR4 is a 4-bar narrow range pattern. NR4 bearish breakout pattern scanner shows the list of stocks forming bearish breakout pattern after 4-bar consolidation.,,,False,1,N,,OHLC_D_I_NR4BEARBO
1784718917,"{'stkname': 'Rashtriya Chem', 'ltp': '', 'perChg': '', 'stkId': 'RCF01', 'displayLock': 'N', 'scanproflg': 1, 'scUrl': 'fertilisers/rashtriyachemicalsfertilisers/RCF01', 'columns': [{'name': 'change %', 'value': '-1.47'}, {'name': 'LTP', 'value': '125.77'}, {'name': 'Close Price value', 'value': '125.77'}, {'name': 'change absolute', 'value': '-1.87'}]}",OHLC_D_I_NR4BEARBO,NR 4 Breakdown,Four Bar Pattern,18,Range Breakout,NR4 is a 4-bar narrow range pattern. NR4 bearish breakout pattern scanner shows the list of stocks forming bearish breakout pattern after 4-bar consolidation.,,,False,1,N,,OHLC_D_I_NR4BEARBO
1784718917,"{'stkname': 'IFCI', 'ltp': '', 'perChg': '', 'stkId': 'IFC', 'displayLock': 'N', 'scanproflg': 1, 'scUrl': 'finance-term-lending-institutions/ifci/IFC02', 'columns': [{'name': 'change %', 'value': '-1.47'}, {'name': 'LTP', 'value': '71.80'}, {'name': 'Close Price value', 'value': '71.80'}, {'name': 'change absolute', 'value': '-1.07'}]}",OHLC_D_I_NR4BEARBO,NR 4 Breakdown,Four Bar Pattern,18,Range Breakout,NR4 is a 4-bar narrow range pattern. NR4 bearish breakout pattern scanner shows the list of stocks forming bearish breakout pattern after 4-bar consolidation.,,,False,1,N,,OHLC_D_I_NR4BEARBO
1784718917,"{'stkname': 'Satin Credit', 'ltp': '', 'perChg': '', 'stkId': 'SCN', 'displayLock': 'N', 'scanproflg': 1, 'scUrl': 'finance-term-lending/satincreditcarenetwork/SCN', 'columns': [{'name': 'change %', 'value': '-2.11'}, {'name': 'LTP', 'value': '253.00'}, {'name': 'Close Price value', 'value': '253.00'}, {'name': 'change absolute', 'value': '-5.46'}]}",OHLC_D_I_NR4BEARBO,NR 4 Breakdown,Four Bar Pattern,18,Range Breakout,NR4 is a 4-bar narrow range pattern. NR4 bearish breakout pattern scanner shows the list of stocks forming bearish breakout pattern after 4-bar consolidation.,,,False,1,N,,OHLC_D_I_NR4BEARBO
1784718917,"{'stkname': 'SRG Housing Fin', 'ltp': '', 'perChg': '', 'stkId': 'SHF02', 'displayLock': 'N', 'scanproflg': 1, 'scUrl': 'finance-housing/srghousingfinance/SHF02', 'columns': [{'name': 'change %', 'value': '-0.03'}, {'name': 'LTP', 'value': '305.00'}, {'name': 'Close Price value', 'value': '305.00'}, {'name': 'change absolute', 'value': '-0.10'}]}",OHLC_D_I_NR4BEARBO,NR 4 Breakdown,Four Bar Pattern,18,Range Breakout,NR4 is a 4-bar narrow range pattern. NR4 bearish breakout pattern scanner shows the list of stocks forming bearish breakout pattern after 4-bar consolidation.,,,False,1,N,,OHLC_D_I_NR4BEARBO
1784718917,"{'stkname': 'Dhanuka Agritec', 'ltp': '', 'perChg': '', 'stkId': 'DP04', 'displayLock': 'N', 'scanproflg': 1, 'scUrl': 'pesticidesagro-chemicals/dhanukaagritech/DA01', 'columns': [{'name': 'change %', 'value': '-0.98'}, {'name': 'LTP', 'value': '1,005.10'}, {'name': 'Close Price value', 'value': '1,005.10'}, {'name': 'change absolute', 'value': '-9.90'}]}",OHLC_D_I_NR4BEARBO,NR 4 Breakdown,Four Bar Pattern,18,Range Breakout,NR4 is a 4-bar narrow range pattern. NR4 bearish breakout pattern scanner shows the list of stocks forming bearish breakout pattern after 4-bar consolidation.,,,False,1,N,,OHLC_D_I_NR4BEARBO
1784718917,"{'stkname': 'Bhagiradh Chem', 'ltp': '', 'perChg': '', 'stkId': 'BCI01', 'displayLock': 'N', 'scanproflg': 1, 'scUrl': 'pesticidesagro-chemicals/bhagiradhchemicalsindustries/BCI01', 'columns': [{'name': 'change %', 'value': '-3.52'}, {'name': 'LTP', 'value': '263.10'}, {'name': 'Close Price value', 'value': '263.10'}, {'name': 'change absolute', 'value': '-9.60'}]}",OHLC_D_I_NR4BEARBO,NR 4 Breakdown,Four Bar Pattern,18,Range Breakout,NR4 is a 4-bar narrow range pattern. NR4 bearish breakout pattern scanner shows the list of stocks forming bearish breakout pattern after 4-bar consolidation.,,,False,1,N,,OHLC_D_I_NR4BEARBO
1784718917,"{'stkname': 'Chola Fin Hold', 'ltp': '', 'perChg': '', 'stkId': 'TII', 'displayLock': 'N', 'scanproflg': 1, 'scUrl': 'miscellaneous/cholamandalamfinancialholdings/TII', 'columns': [{'name': 'change %', 'value': '-0.99'}, {'name': 'LTP', 'value': '1,534.80'}, {'name': 'Close Price value', 'value': '1,534.80'}, {'name': 'change absolute', 'value': '-15.40'}]}",OHLC_D_I_NR4BEARBO,NR 4 Breakdown,Four Bar Pattern,18,Range Breakout,NR4 is a 4-bar narrow range pattern. NR4 bearish breakout pattern scanner shows the list of stocks forming bearish breakout pattern after 4-bar consolidation.,,,False,1,N,,OHLC_D_I_NR4BEARBO
1784718917,"{'stkname': 'Punjab Chemical', 'ltp': '', 'perChg': '', 'stkId': 'PCP01', 'displayLock': 'N', 'scanproflg': 1, 'scUrl': 'chemicals/punjabchemicalscropprotection/PCC03', 'columns': [{'name': 'change %', 'value': '-3.04'}, {'name': 'LTP', 'value': '1,121.00'}, {'name': 'Close Price value', 'value': '1,121.00'}, {'name': 'change absolute', 'value': '-35.10'}]}",OHLC_D_I_NR4BEARBO,NR 4 Breakdown,Four Bar Pattern,18,Range Breakout,NR4 is a 4-bar narrow range pattern. NR4 bearish breakout pattern scanner shows the list of stocks forming bearish breakout pattern after 4-bar consolidation.,,,False,1,N,,OHLC_D_I_NR4BEARBO
1784718917,"{'stkname': 'Hind Constr', 'ltp': '', 'perChg': '', 'stkId': 'HCC', 'displayLock': 'N', 'scanproflg': 1, 'scUrl': 'constructioncontracting-civil/hindustanconstructioncompany/HCC', 'columns': [{'name': 'change %', 'value': '-2.43'}, {'name': 'LTP', 'value': '22.11'}, {'name': 'Close Price value', 'value': '22.11'}, {'name': 'change absolute', 'value': '-0.55'}]}",OHLC_D_I_NR4BEARBO,NR 4 Breakdown,Four Bar Pattern,18,Range Breakout,NR4 is a 4-bar narrow range pattern. NR4 bearish breakout pattern scanner shows the list of stocks forming bearish breakout pattern after 4-bar consolidation.,,,False,1,N,,OHLC_D_I_NR4BEARBO
1784718917,"{'stkname': 'CDSL', 'ltp': '', 'perChg': '', 'stkId': 'CDS', 'displayLock': 'N', 'scanproflg': 1, 'scUrl': 'finance-investment/centraldepositoryservices/CDS', 'columns': [{'name': 'change %', 'value': '-1.75'}, {'name': 'LTP', 'value': '1,341.00'}, {'name': 'Close Price value', 'value': '1,341.00'}, {'name': 'change absolute', 'value': '-23.90'}]}",OHLC_D_I_NR4BEARBO,NR 4 Breakdown,Four Bar Pattern,18,Range Breakout,NR4 is a 4-bar narrow range pattern. NR4 bearish breakout pattern scanner shows the list of stocks forming bearish breakout pattern after 4-bar consolidation.,,,False,1,N,,OHLC_D_I_NR4BEARBO
1784718917,"{'stkname': 'SEPC', 'ltp': '', 'perChg': '', 'stkId': 'SE21', 'displayLock': 'N', 'scanproflg': 1, 'scUrl': 'construction-infrastructure/sepc/SE21', 'columns': [{'name': 'change %', 'value': '-1.96'}, {'name': 'LTP', 'value': '6.00'}, {'name': 'Close Price value', 'value': '6.00'}, {'name': 'change absolute', 'value': '-0.12'}]}",OHLC_D_I_NR4BEARBO,NR 4 Breakdown,Four Bar Pattern,18,Range Breakout,NR4 is a 4-bar narrow range pattern. NR4 bearish breakout pattern scanner shows the list of stocks forming bearish breakout pattern after 4-bar consolidation.,,,False,1,N,,OHLC_D_I_NR4BEARBO
1784718917,"{'stkname': 'Fusion Finance', 'ltp': '', 'perChg': '', 'stkId': 'FMF', 'displayLock': 'N', 'scanproflg': 1, 'scUrl': 'finance-nbfc/fusionfinance/FMF', 'columns': [{'name': 'change %', 'value': '-3.41'}, {'name': 'LTP', 'value': '220.00'}, {'name': 'Close Price value', 'value': '220.00'}, {'name': 'change absolute', 'value': '-7.77'}]}",OHLC_D_I_NR4BEARBO,NR 4 Breakdown,Four Bar Pattern,18,Range Breakout,NR4 is a 4-bar narrow range pattern. NR4 bearish breakout pattern scanner shows the list of stocks forming bearish breakout pattern after 4-bar consolidation.,,,False,1,N,,OHLC_D_I_NR4BEARBO
1784718917,"{'stkname': 'MAS Financial S', 'ltp': '', 'perChg': '', 'stkId': 'MFS09', 'displayLock': 'N', 'scanproflg': 1, 'scUrl': 'finance-general/masfinancialservices/MFS09', 'columns': [{'name': 'change %', 'value': '-2.13'}, {'name': 'LTP', 'value': '314.10'}, {'name': 'Close Price value', 'value': '314.10'}, {'name': 'change absolute', 'value': '-6.85'}]}",OHLC_D_I_NR4BEARBO,NR 4 Breakdown,Four Bar Pattern,18,Range Breakout,NR4 is a 4-bar narrow range pattern. NR4 bearish breakout pattern scanner shows the list of stocks forming bearish breakout pattern after 4-bar consolidation.,,,False,1,N,,OHLC_D_I_NR4BEARBO
1784718917,"{'stkname': 'SBI Card', 'ltp': '', 'perChg': '', 'stkId': 'SCP03', 'displayLock': 'N', 'scanproflg': 1, 'scUrl': 'finance-term-lending/sbicardspaymentservices/SCP02', 'columns': [{'name': 'change %', 'value': '-2.81'}, {'name': 'LTP', 'value': '626.90'}, {'name': 'Close Price value', 'value': '626.90'}, {'name': 'change absolute', 'value': '-18.15'}]}",OHLC_D_I_NR4BEARBO,NR 4 Breakdown,Four Bar Pattern,18,Range Breakout,NR4 is a 4-bar narrow range pattern. NR4 bearish breakout pattern scanner shows the list of stocks forming bearish breakout pattern after 4-bar consolidation.,,,False,1,N,,OHLC_D_I_NR4BEARBO
1784718917,"{'stkname': 'GPT Infra', 'ltp': '', 'perChg': '', 'stkId': 'GPT01', 'displayLock': 'N', 'scanproflg': 1, 'scUrl': 'constructioncontracting-civil/gptinfraprojects/GPT01', 'columns': [{'name': 'change %', 'value': '-1.33'}, {'name': 'LTP', 'value': '117.50'}, {'name': 'Close Price value', 'value': '117.50'}, {'name': 'change absolute', 'value': '-1.58'}]}",OHLC_D_I_NR4BEARBO,NR 4 Breakdown,Four Bar Pattern,18,Range Breakout,NR4 is a 4-bar narrow range pattern. NR4 bearish breakout pattern scanner shows the list of stocks forming bearish breakout pattern after 4-bar consolidation.,,,False,1,N,,OHLC_D_I_NR4BEARBO
1784718917,"{'stkname': 'Pix Transmis', 'ltp': '', 'perChg': '', 'stkId': 'PT01', 'displayLock': 'N', 'scanproflg': 1, 'scUrl': 'rubber/pixtransmissions/PT07', 'columns': [{'name': 'change %', 'value': '-1.91'}, {'name': 'LTP', 'value': '1,810.00'}, {'name': 'Close Price value', 'value': '1,810.00'}, {'name': 'change absolute', 'value': '-35.30'}]}",OHLC_D_I_NR4BEARBO,NR 4 Breakdown,Four Bar Pattern,18,Range Breakout,NR4 is a 4-bar narrow range pattern. NR4 bearish breakout pattern scanner shows the list of stocks forming bearish breakout pattern after 4-bar consolidation.,,,False,1,N,,OHLC_D_I_NR4BEARBO
1784718917,"{'stkname': 'Bharat Rasayan', 'ltp': '', 'perChg': '', 'stkId': 'BR01', 'displayLock': 'N', 'scanproflg': 1, 'scUrl': 'pesticidesagro-chemicals/bharatrasayan/BR01', 'columns': [{'name': 'change %', 'value': '-2.86'}, {'name': 'LTP', 'value': '1,284.00'}, {'name': 'Close Price value', 'value': '1,284.00'}, {'name': 'change absolute', 'value': '-37.80'}]}",OHLC_D_I_NR4BEARBO,NR 4 Breakdown,Four Bar Pattern,18,Range Breakout,NR4 is a 4-bar narrow range pattern. NR4 bearish breakout pattern scanner shows the list of stocks forming bearish breakout pattern after 4-bar consolidation.,,,False,1,N,,OHLC_D_I_NR4BEARBO
1784718917,"{'stkname': 'SPML Infra', 'ltp': '', 'perChg': '', 'stkId': 'SPM05', 'displayLock': 'N', 'scanproflg': 1, 'scUrl': 'constructioncontracting-civil/spmlinfra/SPM05', 'columns': [{'name': 'change %', 'value': '-2.90'}, {'name': 'LTP', 'value': '201.45'}, {'name': 'Close Price value', 'value': '201.45'}, {'name': 'change absolute', 'value': '-6.02'}]}",OHLC_D_I_NR4BEARBO,NR 4 Breakdown,Four Bar Pattern,18,Range Breakout,NR4 is a 4-bar narrow range pattern. NR4 bearish breakout pattern scanner shows the list of stocks forming bearish breakout pattern after 4-bar consolidation.,,,False,1,N,,OHLC_D_I_NR4BEARBO
1784718917,"{'stkname': 'Chambal Fert', 'ltp': '', 'perChg': '', 'stkId': 'CFC', 'displayLock': 'N', 'scanproflg': 1, 'scUrl': 'fertilisers/chambalfertiliserschemicals/CFC', 'columns': [{'name': 'change %', 'value': '-0.89'}, {'name': 'LTP', 'value': '435.35'}, {'name': 'Close Price value', 'value': '435.35'}, {'name': 'change absolute', 'value': '-3.90'}]}",OHLC_D_I_NR4BEARBO,NR 4 Breakdown,Four Bar Pattern,18,Range Breakout,NR4 is a 4-bar narrow range pattern. NR4 bearish breakout pattern scanner shows the list of stocks forming bearish breakout pattern after 4-bar consolidation.,,,False,1,N,,OHLC_D_I_NR4BEARBO
1784718917,"{'stkname': 'Deepak Fert', 'ltp': '', 'perChg': '', 'stkId': 'DFP', 'displayLock': 'N', 'scanproflg': 1, 'scUrl': 'fertilisers/deepakfertiliserspetrochemicalscorporation/DFP', 'columns': [{'name': 'change %', 'value': '-0.46'}, {'name': 'LTP', 'value': '1,599.30'}, {'name': 'Close Price value', 'value': '1,599.30'}, {'name': 'change absolute', 'value': '-7.40'}]}",OHLC_D_I_NR4BEARBO,NR 4 Breakdown,Four Bar Pattern,18,Range Breakout,NR4 is a 4-bar narrow range pattern. NR4 bearish breakout pattern scanner shows the list of stocks forming bearish breakout pattern after 4-bar consolidation.,,,False,1,N,,OHLC_D_I_NR4BEARBO
1784718917,"{'stkname': 'ISGEC Heavy Eng', 'ltp': '', 'perChg': '', 'stkId': 'SIS06', 'displayLock': 'N', 'scanproflg': 1, 'scUrl': 'engineering-heavy/isgecheavyengineering/SIS06', 'columns': [{'name': 'change %', 'value': '-0.91'}, {'name': 'LTP', 'value': '871.95'}, {'name': 'Close Price value', 'value': '871.95'}, {'name': 'change absolute', 'value': '-8.00'}]}",OHLC_D_I_NR4BEARBO,NR 4 Breakdown,Four Bar Pattern,18,Range Breakout,NR4 is a 4-bar narrow range pattern. NR4 bearish breakout pattern scanner shows the list of stocks forming bearish breakout pattern after 4-bar consolidation.,,,False,1,N,,OHLC_D_I_NR4BEARBO
1784718917,"{'stkname': 'Ramky Infra', 'ltp': '', 'perChg': '', 'stkId': 'RI29', 'displayLock': 'N', 'scanproflg': 1, 'scUrl': 'constructioncontracting-civil/ramkyinfrastructure/RI12', 'columns': [{'name': 'change %', 'value': '-1.57'}, {'name': 'LTP', 'value': '377.00'}, {'name': 'Close Price value', 'value': '377.00'}, {'name': 'change absolute', 'value': '-6.00'}]}",OHLC_D_I_NR4BEARBO,NR 4 Breakdown,Four Bar Pattern,18,Range Breakout,NR4 is a 4-bar narrow range pattern. NR4 bearish breakout pattern scanner shows the list of stocks forming bearish breakout pattern after 4-bar consolidation.,,,False,1,N,,OHLC_D_I_NR4BEARBO
1784718917,"{'stkname': 'Ashoka Buildcon', 'ltp': '', 'perChg': '', 'stkId': 'AB', 'displayLock': 'N', 'scanproflg': 1, 'scUrl': 'constructioncontracting-civil/ashokabuildcon/AB', 'columns': [{'name': 'change %', 'value': '-1.41'}, {'name': 'LTP', 'value': '122.64'}, {'name': 'Close Price value', 'value': '122.64'}, {'name': 'change absolute', 'value': '-1.75'}]}",OHLC_D_I_NR4BEARBO,NR 4 Breakdown,Four Bar Pattern,18,Range Breakout,NR4 is a 4-bar narrow range pattern. NR4 bearish breakout pattern scanner shows the list of stocks forming bearish breakout pattern after 4-bar consolidation.,,,False,1,N,,OHLC_D_I_NR4BEARBO
1784718917,"{'stkname': 'Man Infra', 'ltp': '', 'perChg': '', 'stkId': 'MI37', 'displayLock': 'N', 'scanproflg': 1, 'scUrl': 'constructioncontracting-civil/maninfraconstruction/MI37', 'columns': [{'name': 'change %', 'value': '-1.88'}, {'name': 'LTP', 'value': '97.80'}, {'name': 'Close Price value', 'value': '97.80'}, {'name': 'change absolute', 'value': '-1.87'}]}",OHLC_D_I_NR4BEARBO,NR 4 Breakdown,Four Bar Pattern,18,Range Breakout,NR4 is a 4-bar narrow range pattern. NR4 bearish breakout pattern scanner shows the list of stocks forming bearish breakout pattern after 4-bar consolidation.,,,False,1,N,,OHLC_D_I_NR4BEARBO
1784718917,"{'stkname': 'Uniparts India', 'ltp': '', 'perChg': '', 'stkId': 'UI19', 'displayLock': 'N', 'scanproflg': 1, 'scUrl': 'auto-ancillaries-spare-partsaccessories/unipartsindia/UI22', 'columns': [{'name': 'change %', 'value': '-1.80'}, {'name': 'LTP', 'value': '677.95'}, {'name': 'Close Price value', 'value': '677.95'}, {'name': 'change absolute', 'value': '-12.40'}]}",OHLC_D_I_NR4BEARBO,NR 4 Breakdown,Four Bar Pattern,18,Range Breakout,NR4 is a 4-bar narrow range pattern. NR4 bearish breakout pattern scanner shows the list of stocks forming bearish breakout pattern after 4-bar consolidation.,,,False,1,N,,OHLC_D_I_NR4BEARBO
1784718917,"{'stkname': 'Triveni Turbine', 'ltp': '', 'perChg': '', 'stkId': 'TT12', 'displayLock': 'N', 'scanproflg': 1, 'scUrl': 'electric-equipment/triveniturbine/TT14', 'columns': [{'name': 'change %', 'value': '-0.85'}, {'name': 'LTP', 'value': '613.30'}, {'name': 'Close Price value', 'value': '613.30'}, {'name': 'change absolute', 'value': '-5.25'}]}",OHLC_D_I_NR4BEARBO,NR 4 Breakdown,Four Bar Pattern,18,Range Breakout,NR4 is a 4-bar narrow range pattern. NR4 bearish breakout pattern scanner shows the list of stocks forming bearish breakout pattern after 4-bar consolidation.,,,False,1,N,,OHLC_D_I_NR4BEARBO
1784718917,"{'stkname': 'Renaissance', 'ltp': '', 'perChg': '', 'stkId': 'RJ', 'displayLock': 'N', 'scanproflg': 1, 'scUrl': 'diamond-cuttingjewelleryprecious-metals/renaissanceglobal/RJ', 'columns': [{'name': 'change %', 'value': '-0.03'}, {'name': 'LTP', 'value': '119.70'}, {'name': 'Close Price value', 'value': '119.70'}, {'name': 'change absolute', 'value': '-0.04'}]}",OHLC_D_I_NR4BEARBO,NR 4 Breakdown,Four Bar Pattern,18,Range Breakout,NR4 is a 4-bar narrow range pattern. NR4 bearish breakout pattern scanner shows the list of stocks forming bearish breakout pattern after 4-bar consolidation.,,,False,1,N,,OHLC_D_I_NR4BEARBO
1784718917,"{'stkname': 'Semac Construct', 'ltp': '', 'perChg': '', 'stkId': 'RCP', 'displayLock': 'N', 'scanproflg': 1, 'scUrl': 'compressors/semacconstruction/RCP', 'columns': [{'name': 'change %', 'value': '-0.22'}, {'name': 'LTP', 'value': '311.00'}, {'name': 'Close Price value', 'value': '311.00'}, {'name': 'change absolute', 'value': '-0.70'}]}",OHLC_D_I_NR4BEARBO,NR 4 Breakdown,Four Bar Pattern,18,Range Breakout,NR4 is a 4-bar narrow range pattern. NR4 bearish breakout pattern scanner shows the list of stocks forming bearish breakout pattern after 4-bar consolidation.,,,False,1,N,,OHLC_D_I_NR4BEARBO
1784718917,"{'stkname': 'Cemindia Proj', 'ltp': '', 'perChg': '', 'stkId': 'THC', 'displayLock': 'N', 'scanproflg': 1, 'scUrl': 'constructioncontracting-civil/cemindiaprojects/ITD03', 'columns': [{'name': 'change %', 'value': '-2.42'}, {'name': 'LTP', 'value': '1,600.00'}, {'name': 'Close Price value', 'value': '1,600.00'}, {'name': 'change absolute', 'value': '-39.60'}]}",OHLC_D_I_NR4BEARBO,NR 4 Breakdown,Four Bar Pattern,18,Range Breakout,NR4 is a 4-bar narrow range pattern. NR4 bearish breakout pattern scanner shows the list of stocks forming bearish breakout pattern after 4-bar consolidation.,,,False,1,N,,OHLC_D_I_NR4BEARBO
1784718917,"{'stkname': 'Elecon Eng', 'ltp': '', 'perChg': '', 'stkId': 'EEC', 'displayLock': 'N', 'scanproflg': 1, 'scUrl': 'engineering-heavy/eleconengineeringcompany/EEC', 'columns': [{'name': 'change %', 'value': '-2.71'}, {'name': 'LTP', 'value': '437.50'}, {'name': 'Close Price value', 'value': '437.50'}, {'name': 'change absolute', 'value': '-12.20'}]}",OHLC_D_I_NR4BEARBO,NR 4 Breakdown,Four Bar Pattern,18,Range Breakout,NR4 is a 4-bar narrow range pattern. NR4 bearish breakout pattern scanner shows the list of stocks forming bearish breakout pattern after 4-bar consolidation.,,,False,1,N,,OHLC_D_I_NR4BEARBO
1784718917,"{'stkname': 'Latteys Ind.', 'ltp': '', 'perChg': '', 'stkId': 'LI12', 'displayLock': 'N', 'scanproflg': 1, 'scUrl': 'compressorspumps/latteysindustries/LI13', 'columns': [{'name': 'change %', 'value': '-1.37'}, {'name': 'LTP', 'value': '20.18'}, {'name': 'Close Price value', 'value': '20.18'}, {'name': 'change absolute', 'value': '-0.28'}]}",OHLC_D_I_NR4BEARBO,NR 4 Breakdown,Four Bar Pattern,18,Range Breakout,NR4 is a 4-bar narrow range pattern. NR4 bearish breakout pattern scanner shows the list of stocks forming bearish breakout pattern after 4-bar consolidation.,,,False,1,N,,OHLC_D_I_NR4BEARBO
1784718917,"{'stkname': 'Rishabh Instru', 'ltp': '', 'perChg': '', 'stkId': 'RI46', 'displayLock': 'N', 'scanproflg': 1, 'scUrl': 'electric-equipment/rishabhinstruments/RI47', 'columns': [{'name': 'change %', 'value': '-0.75'}, {'name': 'LTP', 'value': '647.70'}, {'name': 'Close Price value', 'value': '647.70'}, {'name': 'change absolute', 'value': '-4.90'}]}",OHLC_D_I_NR4BEARBO,NR 4 Breakdown,Four Bar Pattern,18,Range Breakout,NR4 is a 4-bar narrow range pattern. NR4 bearish breakout pattern scanner shows the list of stocks forming bearish breakout pattern after 4-bar consolidation.,,,False,1,N,,OHLC_D_I_NR4BEARBO
1784718917,"{'stkname': 'Unimech Aerospa', 'ltp': '', 'perChg': '', 'stkId': 'UAM', 'displayLock': 'N', 'scanproflg': 1, 'scUrl': 'aerospacedefence/unimechaerospacemanufacturing/UAM', 'columns': [{'name': 'change %', 'value': '-3.07'}, {'name': 'LTP', 'value': '1,237.00'}, {'name': 'Close Price value', 'value': '1,237.00'}, {'name': 'change absolute', 'value': '-39.20'}]}",OHLC_D_I_NR4BEARBO,NR 4 Breakdown,Four Bar Pattern,18,Range Breakout,NR4 is a 4-bar narrow range pattern. NR4 bearish breakout pattern scanner shows the list of stocks forming bearish breakout pattern after 4-bar consolidation.,,,False,1,N,,OHLC_D_I_NR4BEARBO
1784718917,"{'stkname': 'Voltamp Trans', 'ltp': '', 'perChg': '', 'stkId': 'VT9', 'displayLock': 'N', 'scanproflg': 1, 'scUrl': 'power-transmissionequipment/voltamptransformers/VT9', 'columns': [{'name': 'change %', 'value': '-1.21'}, {'name': 'LTP', 'value': '9,390.00'}, {'name': 'Close Price value', 'value': '9,390.00'}, {'name': 'change absolute', 'value': '-115.00'}]}",OHLC_D_I_NR4BEARBO,NR 4 Breakdown,Four Bar Pattern,18,Range Breakout,NR4 is a 4-bar narrow range pattern. NR4 bearish breakout pattern scanner shows the list of stocks forming bearish breakout pattern after 4-bar consolidation.,,,False,1,N,,OHLC_D_I_NR4BEARBO
1784718917,"{'stkname': 'Aeroflex Ind.', 'ltp': '', 'perChg': '', 'stkId': 'AI77', 'displayLock': 'N', 'scanproflg': 1, 'scUrl': 'engineering-industrial-equipments/aeroflexindustries/AI87', 'columns': [{'name': 'change %', 'value': '-1.67'}, {'name': 'LTP', 'value': '406.50'}, {'name': 'Close Price value', 'value': '406.50'}, {'name': 'change absolute', 'value': '-6.90'}]}",OHLC_D_I_NR4BEARBO,NR 4 Breakdown,Four Bar Pattern,18,Range Breakout,NR4 is a 4-bar narrow range pattern. NR4 bearish breakout pattern scanner shows the list of stocks forming bearish breakout pattern after 4-bar consolidation.,,,False,1,N,,OHLC_D_I_NR4BEARBO
1784718917,"{'stkname': 'Just Dial', 'ltp': '', 'perChg': '', 'stkId': 'JD02', 'displayLock': 'N', 'scanproflg': 1, 'scUrl': 'miscellaneous/justdial/JD', 'columns': [{'name': 'change %', 'value': '-3.15'}, {'name': 'LTP', 'value': '720.00'}, {'name': 'Close Price value', 'value': '720.00'}, {'name': 'change absolute', 'value': '-23.40'}]}",OHLC_D_I_NR4BEARBO,NR 4 Breakdown,Four Bar Pattern,18,Range Breakout,NR4 is a 4-bar narrow range pattern. NR4 bearish breakout pattern scanner shows the list of stocks forming bearish breakout pattern after 4-bar consolidation.,,,False,1,N,,OHLC_D_I_NR4BEARBO
1784718917,"{'stkname': 'Kirloskar Ind', 'ltp': '', 'perChg': '', 'stkId': 'KOE', 'displayLock': 'N', 'scanproflg': 1, 'scUrl': 'power-generationdistribution/kirloskarindustries/KOE', 'columns': [{'name': 'change %', 'value': '-0.84'}, {'name': 'LTP', 'value': '3,820.00'}, {'name': 'Close Price value', 'value': '3,820.00'}, {'name': 'change absolute', 'value': '-32.50'}]}",OHLC_D_I_NR4BEARBO,NR 4 Breakdown,Four Bar Pattern,18,Range Breakout,NR4 is a 4-bar narrow range pattern. NR4 bearish breakout pattern scanner shows the list of stocks forming bearish breakout pattern after 4-bar consolidation.,,,False,1,N,,OHLC_D_I_NR4BEARBO
1784718917,"{'stkname': 'Eimco Elecon', 'ltp': '', 'perChg': '', 'stkId': 'EEI', 'displayLock': 'N', 'scanproflg': 1, 'scUrl': 'engineering-heavy/eimcoeleconindia/EEI', 'columns': [{'name': 'change %', 'value': '-0.10'}, {'name': 'LTP', 'value': '1,810.00'}, {'name': 'Close Price value', 'value': '1,810.00'}, {'name': 'change absolute', 'value': '-1.80'}]}",OHLC_D_I_NR4BEARBO,NR 4 Breakdown,Four Bar Pattern,18,Range Breakout,NR4 is a 4-bar narrow range pattern. NR4 bearish breakout pattern scanner shows the list of stocks forming bearish breakout pattern after 4-bar consolidation.,,,False,1,N,,OHLC_D_I_NR4BEARBO
1784718917,"{'stkname': 'EMS', 'ltp': '', 'perChg': '', 'stkId': 'E13', 'displayLock': 'N', 'scanproflg': 1, 'scUrl': 'engineering-construction/ems/E15', 'columns': [{'name': 'change %', 'value': '-0.65'}, {'name': 'LTP', 'value': '419.00'}, {'name': 'Close Price value', 'value': '419.00'}, {'name': 'change absolute', 'value': '-2.75'}]}",OHLC_D_I_NR4BEARBO,NR 4 Breakdown,Four Bar Pattern,18,Range Breakout,NR4 is a 4-bar narrow range pattern. NR4 bearish breakout pattern scanner shows the list of stocks forming bearish breakout pattern after 4-bar consolidation.,,,False,1,N,,OHLC_D_I_NR4BEARBO
1784718917,"{'stkname': 'Engineers India', 'ltp': '', 'perChg': '', 'stkId': 'EI14', 'displayLock': 'N', 'scanproflg': 1, 'scUrl': 'engineering/engineersindia/EI14', 'columns': [{'name': 'change %', 'value': '-1.28'}, {'name': 'LTP', 'value': '225.20'}, {'name': 'Close Price value', 'value': '225.20'}, {'name': 'change absolute', 'value': '-2.92'}]}",OHLC_D_I_NR4BEARBO,NR 4 Breakdown,Four Bar Pattern,18,Range Breakout,NR4 is a 4-bar narrow range pattern. NR4 bearish breakout pattern scanner shows the list of stocks forming bearish breakout pattern after 4-bar consolidation.,,,False,1,N,,OHLC_D_I_NR4BEARBO
1784718917,"{'stkname': 'Everest Kanto', 'ltp': '', 'perChg': '', 'stkId': 'EKC', 'displayLock': 'N', 'scanproflg': 1, 'scUrl': 'packaging/everestkantocylinder/EKC', 'columns': [{'name': 'change %', 'value': '-1.63'}, {'name': 'LTP', 'value': '111.36'}, {'name': 'Close Price value', 'value': '111.36'}, {'name': 'change absolute', 'value': '-1.85'}]}",OHLC_D_I_NR4BEARBO,NR 4 Breakdown,Four Bar Pattern,18,Range Breakout,NR4 is a 4-bar narrow range pattern. NR4 bearish breakout pattern scanner shows the list of stocks forming bearish breakout pattern after 4-bar consolidation.,,,False,1,N,,OHLC_D_I_NR4BEARBO
1784718917,"{'stkname': 'TRF', 'ltp': '', 'perChg': '', 'stkId': 'TRF', 'displayLock': 'N', 'scanproflg': 1, 'scUrl': 'engineering-heavy/trf/TRF', 'columns': [{'name': 'change %', 'value': '-4.81'}, {'name': 'LTP', 'value': '233.31'}, {'name': 'Close Price value', 'value': '233.31'}, {'name': 'change absolute', 'value': '-11.79'}]}",OHLC_D_I_NR4BEARBO,NR 4 Breakdown,Four Bar Pattern,18,Range Breakout,NR4 is a 4-bar narrow range pattern. NR4 bearish breakout pattern scanner shows the list of stocks forming bearish breakout pattern after 4-bar consolidation.,,,False,1,N,,OHLC_D_I_NR4BEARBO
1784718917,"{'stkname': 'Mazda', 'ltp': '', 'perChg': '', 'stkId': 'MC07', 'displayLock': 'N', 'scanproflg': 1, 'scUrl': 'engineering/mazda/M14', 'columns': [{'name': 'change %', 'value': '-1.27'}, {'name': 'LTP', 'value': '220.01'}, {'name': 'Close Price value', 'value': '220.01'}, {'name': 'change absolute', 'value': '-2.82'}]}",OHLC_D_I_NR4BEARBO,NR 4 Breakdown,Four Bar Pattern,18,Range Breakout,NR4 is a 4-bar narrow range pattern. NR4 bearish breakout pattern scanner shows the list of stocks forming bearish breakout pattern after 4-bar consolidation.,,,False,1,N,,OHLC_D_I_NR4BEARBO
1784718917,"{'stkname': 'Manoj Vaibhav G', 'ltp': '', 'perChg': '', 'stkId': 'MVGJL', 'displayLock': 'N', 'scanproflg': 1, 'scUrl': 'diamondjewellery/manojvaibhavgemsnjewellers/MVGJL', 'columns': [{'name': 'change %', 'value': '-1.09'}, {'name': 'LTP', 'value': '156.50'}, {'name': 'Close Price value', 'value': '156.50'}, {'name': 'change absolute', 'value': '-1.72'}]}",OHLC_D_I_NR4BEARBO,NR 4 Breakdown,Four Bar Pattern,18,Range Breakout,NR4 is a 4-bar narrow range pattern. NR4 bearish breakout pattern scanner shows the list of stocks forming bearish breakout pattern after 4-bar consolidation.,,,False,1,N,,OHLC_D_I_NR4BEARBO
1784718917,"{'stkname': 'Praj Industries', 'ltp': '', 'perChg': '', 'stkId': 'PI17', 'displayLock': 'N', 'scanproflg': 1, 'scUrl': 'engineering-heavy/prajindustries/PI17', 'columns': [{'name': 'change %', 'value': '-2.67'}, {'name': 'LTP', 'value': '326.80'}, {'name': 'Close Price value', 'value': '326.80'}, {'name': 'change absolute', 'value': '-8.95'}]}",OHLC_D_I_NR4BEARBO,NR 4 Breakdown,Four Bar Pattern,18,Range Breakout,NR4 is a 4-bar narrow range pattern. NR4 bearish breakout pattern scanner shows the list of stocks forming bearish breakout pattern after 4-bar consolidation.,,,False,1,N,,OHLC_D_I_NR4BEARBO
1784718917,"{'stkname': 'Indo Tech Trans', 'ltp': '', 'perChg': '', 'stkId': 'ITT02', 'displayLock': 'N', 'scanproflg': 1, 'scUrl': 'power-transmissionequipment/indotechtransformers/ITT02', 'columns': [{'name': 'change %', 'value': '-0.50'}, {'name': 'LTP', 'value': '3,402.00'}, {'name': 'Close Price value', 'value': '3,402.00'}, {'name': 'change absolute', 'value': '-17.20'}]}",OHLC_D_I_NR4BEARBO,NR 4 Breakdown,Four Bar Pattern,18,Range Breakout,NR4 is a 4-bar narrow range pattern. NR4 bearish breakout pattern scanner shows the list of stocks forming bearish breakout pattern after 4-bar consolidation.,,,False,1,N,,OHLC_D_I_NR4BEARBO
1784718917,"{'stkname': 'Kirloskar Oil', 'ltp': '', 'perChg': '', 'stkId': 'KOE03', 'displayLock': 'N', 'scanproflg': 1, 'scUrl': 'engines/kirloskaroilengines/KOE03', 'columns': [{'name': 'change %', 'value': '-0.86'}, {'name': 'LTP', 'value': '2,202.70'}, {'name': 'Close Price value', 'value': '2,202.70'}, {'name': 'change absolute', 'value': '-19.00'}]}",OHLC_D_I_NR4BEARBO,NR 4 Breakdown,Four Bar Pattern,18,Range Breakout,NR4 is a 4-bar narrow range pattern. NR4 bearish breakout pattern scanner shows the list of stocks forming bearish breakout pattern after 4-bar consolidation.,,,False,1,N,,OHLC_D_I_NR4BEARBO
1784718917,"{'stkname': 'Genus Power', 'ltp': '', 'perChg': '', 'stkId': 'GOE', 'displayLock': 'N', 'scanproflg': 1, 'scUrl': 'electricals/genuspowerinfrastructures/GPI08', 'columns': [{'name': 'change %', 'value': '-0.68'}, {'name': 'LTP', 'value': '312.40'}, {'name': 'Close Price value', 'value': '312.40'}, {'name': 'change absolute', 'value': '-2.15'}]}",OHLC_D_I_NR4BEARBO,NR 4 Breakdown,Four Bar Pattern,18,Range Breakout,NR4 is a 4-bar narrow range pattern. NR4 bearish breakout pattern scanner shows the list of stocks forming bearish breakout pattern after 4-bar consolidation.,,,False,1,N,,OHLC_D_I_NR4BEARBO
1784718917,"{'stkname': 'Lloyds Engineer', 'ltp': '', 'perChg': '', 'stkId': 'LSI01', 'displayLock': 'N', 'scanproflg': 1, 'scUrl': 'steel-mediumsmall/lloydsengineeringworks/LSI02', 'columns': [{'name': 'change %', 'value': '-4.38'}, {'name': 'LTP', 'value': '87.18'}, {'name': 'Close Price value', 'value': '87.18'}, {'name': 'change absolute', 'value': '-3.99'}]}",OHLC_D_I_NR4BEARBO,NR 4 Breakdown,Four Bar Pattern,18,Range Breakout,NR4 is a 4-bar narrow range pattern. NR4 bearish breakout pattern scanner shows the list of stocks forming bearish breakout pattern after 4-bar consolidation.,,,False,1,N,,OHLC_D_I_NR4BEARBO
1784718917,"{'stkname': 'Anup Eng', 'ltp': '', 'perChg': '', 'stkId': 'ANUP54246', 'displayLock': 'N', 'scanproflg': 1, 'scUrl': 'engineering-industrial-equipments/theanupengineering/ANUP54246', 'columns': [{'name': 'change %', 'value': '-3.15'}, {'name': 'LTP', 'value': '2,072.00'}, {'name': 'Close Price value', 'value': '2,072.00'}, {'name': 'change absolute', 'value': '-67.40'}]}",OHLC_D_I_NR4BEARBO,NR 4 Breakdown,Four Bar Pattern,18,Range Breakout,NR4 is a 4-bar narrow range pattern. NR4 bearish breakout pattern scanner shows the list of stocks forming bearish breakout pattern after 4-bar consolidation.,,,False,1,N,,OHLC_D_I_NR4BEARBO
1784718917,"{'stkname': 'KPIL', 'ltp': '', 'perChg': '', 'stkId': 'KPT', 'displayLock': 'N', 'scanproflg': 1, 'scUrl': 'power-transmissionequipment/kalpataruprojectsinternational/KPT', 'columns': [{'name': 'change %', 'value': '-1.72'}, {'name': 'LTP', 'value': '1,318.60'}, {'name': 'Close Price value', 'value': '1,318.60'}, {'name': 'change absolute', 'value': '-23.10'}]}",OHLC_D_I_NR4BEARBO,NR 4 Breakdown,Four Bar Pattern,18,Range Breakout,NR4 is a 4-bar narrow range pattern. NR4 bearish breakout pattern scanner shows the list of stocks forming bearish breakout pattern after 4-bar consolidation.,,,False,1,N,,OHLC_D_I_NR4BEARBO
1784718917,"{'stkname': 'MIC Electronics', 'ltp': '', 'perChg': '', 'stkId': 'ME12', 'displayLock': 'N', 'scanproflg': 1, 'scUrl': 'telecommunications-equipment/micelectronics/ME12', 'columns': [{'name': 'change %', 'value': '-2.36'}, {'name': 'LTP', 'value': '36.80'}, {'name': 'Close Price value', 'value': '36.80'}, {'name': 'change absolute', 'value': '-0.89'}]}",OHLC_D_I_NR4BEARBO,NR 4 Breakdown,Four Bar Pattern,18,Range Breakout,NR4 is a 4-bar narrow range pattern. NR4 bearish breakout pattern scanner shows the list of stocks forming bearish breakout pattern after 4-bar consolidation.,,,False,1,N,,OHLC_D_I_NR4BEARBO
1784718917,"{'stkname': 'Tanla Platforms', 'ltp': '', 'perChg': '', 'stkId': 'TS11', 'displayLock': 'N', 'scanproflg': 1, 'scUrl': 'computers-software-mediumsmall/tanlaplatforms/TS11', 'columns': [{'name': 'change %', 'value': '-0.10'}, {'name': 'LTP', 'value': '564.00'}, {'name': 'Close Price value', 'value': '564.00'}, {'name': 'change absolute', 'value': '-0.55'}]}",OHLC_D_I_NR4BEARBO,NR 4 Breakdown,Four Bar Pattern,18,Range Breakout,NR4 is a 4-bar narrow range pattern. NR4 bearish breakout pattern scanner shows the list of stocks forming bearish breakout pattern after 4-bar consolidation.,,,False,1,N,,OHLC_D_I_NR4BEARBO
1784718917,"{'stkname': 'Centum Electron', 'ltp': '', 'perChg': '', 'stkId': 'CMC01', 'displayLock': 'N', 'scanproflg': 1, 'scUrl': 'electricals/centumelectronics/CE10', 'columns': [{'name': 'change %', 'value': '-3.03'}, {'name': 'LTP', 'value': '3,600.00'}, {'name': 'Close Price value', 'value': '3,600.00'}, {'name': 'change absolute', 'value': '-112.50'}]}",OHLC_D_I_NR4BEARBO,NR 4 Breakdown,Four Bar Pattern,18,Range Breakout,NR4 is a 4-bar narrow range pattern. NR4 bearish breakout pattern scanner shows the list of stocks forming bearish breakout pattern after 4-bar consolidation.,,,False,1,N,,OHLC_D_I_NR4BEARBO
1784718917,"{'stkname': 'Suzlon Energy', 'ltp': '', 'perChg': '', 'stkId': 'SE17', 'displayLock': 'N', 'scanproflg': 1, 'scUrl': 'power-generationdistribution/suzlonenergy/SE17', 'columns': [{'name': 'change %', 'value': '-0.51'}, {'name': 'LTP', 'value': '52.90'}, {'name': 'Close Price value', 'value': '52.90'}, {'name': 'change absolute', 'value': '-0.27'}]}",OHLC_D_I_NR4BEARBO,NR 4 Breakdown,Four Bar Pattern,18,Range Breakout,NR4 is a 4-bar narrow range pattern. NR4 bearish breakout pattern scanner shows the list of stocks forming bearish breakout pattern after 4-bar consolidation.,,,False,1,N,,OHLC_D_I_NR4BEARBO
1784718917,"{'stkname': 'KPIGREEN', 'ltp': '', 'perChg': '', 'stkId': 'KPIGL54232', 'displayLock': 'N', 'scanproflg': 1, 'scUrl': 'engineering-industrial-equipments/kpigreenenergy/KPIGL54232', 'columns': [{'name': 'change %', 'value': '-2.69'}, {'name': 'LTP', 'value': '395.50'}, {'name': 'Close Price value', 'value': '395.50'}, {'name': 'change absolute', 'value': '-10.95'}]}",OHLC_D_I_NR4BEARBO,NR 4 Breakdown,Four Bar Pattern,18,Range Breakout,NR4 is a 4-bar narrow range pattern. NR4 bearish breakout pattern scanner shows the list of stocks forming bearish breakout pattern after 4-bar consolidation.,,,False,1,N,,OHLC_D_I_NR4BEARBO
1784718917,"{'stkname': 'Matrimony.com', 'ltp': '', 'perChg': '', 'stkId': 'M13', 'displayLock': 'N', 'scanproflg': 1, 'scUrl': 'miscellaneous/matrimonycom/M20', 'columns': [{'name': 'change %', 'value': '-1.79'}, {'name': 'LTP', 'value': '430.00'}, {'name': 'Close Price value', 'value': '430.00'}, {'name': 'change absolute', 'value': '-7.85'}]}",OHLC_D_I_NR4BEARBO,NR 4 Breakdown,Four Bar Pattern,18,Range Breakout,NR4 is a 4-bar narrow range pattern. NR4 bearish breakout pattern scanner shows the list of stocks forming bearish breakout pattern after 4-bar consolidation.,,,False,1,N,,OHLC_D_I_NR4BEARBO
1784718917,"{'stkname': 'Ion Exchange', 'ltp': '', 'perChg': '', 'stkId': 'IEI', 'displayLock': 'N', 'scanproflg': 1, 'scUrl': 'engineering/ionexchangeindia/IEI', 'columns': [{'name': 'change %', 'value': '-2.67'}, {'name': 'LTP', 'value': '426.00'}, {'name': 'Close Price value', 'value': '426.00'}, {'name': 'change absolute', 'value': '-11.70'}]}",OHLC_D_I_NR4BEARBO,NR 4 Breakdown,Four Bar Pattern,18,Range Breakout,NR4 is a 4-bar narrow range pattern. NR4 bearish breakout pattern scanner shows the list of stocks forming bearish breakout pattern after 4-bar consolidation.,,,False,1,N,,OHLC_D_I_NR4BEARBO
1784718917,"{'stkname': 'PC Jeweller', 'ltp': '', 'perChg': '', 'stkId': 'PJ', 'displayLock': 'N', 'scanproflg': 1, 'scUrl': 'diamond-cuttingjewelleryprecious-metals/pcjeweller/PJ', 'columns': [{'name': 'change %', 'value': '-3.17'}, {'name': 'LTP', 'value': '9.76'}, {'name': 'Close Price value', 'value': '9.76'}, {'name': 'change absolute', 'value': '-0.32'}]}",OHLC_D_I_NR4BEARBO,NR 4 Breakdown,Four Bar Pattern,18,Range Breakout,NR4 is a 4-bar narrow range pattern. NR4 bearish breakout pattern scanner shows the list of stocks forming bearish breakout pattern after 4-bar consolidation.,,,False,1,N,,OHLC_D_I_NR4BEARBO
1784718917,"{'stkname': 'Salzer Electro', 'ltp': '', 'perChg': '', 'stkId': 'SE01', 'displayLock': 'N', 'scanproflg': 1, 'scUrl': 'electric-equipment/salzerelectronics/SE01', 'columns': [{'name': 'change %', 'value': '-1.53'}, {'name': 'LTP', 'value': '579.90'}, {'name': 'Close Price value', 'value': '579.90'}, {'name': 'change absolute', 'value': '-9.00'}]}",OHLC_D_I_NR4BEARBO,NR 4 Breakdown,Four Bar Pattern,18,Range Breakout,NR4 is a 4-bar narrow range pattern. NR4 bearish breakout pattern scanner shows the list of stocks forming bearish breakout pattern after 4-bar consolidation.,,,False,1,N,,OHLC_D_I_NR4BEARBO
1784718917,"{'stkname': 'Stove Kraft', 'ltp': '', 'perChg': '', 'stkId': 'SK02', 'displayLock': 'N', 'scanproflg': 1, 'scUrl': 'domestic-appliances/stovekraft/SK03', 'columns': [{'name': 'change %', 'value': '-1.71'}, {'name': 'LTP', 'value': '763.45'}, {'name': 'Close Price value', 'value': '763.45'}, {'name': 'change absolute', 'value': '-13.30'}]}",OHLC_D_I_NR4BEARBO,NR 4 Breakdown,Four Bar Pattern,18,Range Breakout,NR4 is a 4-bar narrow range pattern. NR4 bearish breakout pattern scanner shows the list of stocks forming bearish breakout pattern after 4-bar consolidation.,,,False,1,N,,OHLC_D_I_NR4BEARBO
1784718917,"{'stkname': 'Websol Energy', 'ltp': '', 'perChg': '', 'stkId': 'WSL', 'displayLock': 'N', 'scanproflg': 1, 'scUrl': 'electric-equipment/websolenergysystem/WSL', 'columns': [{'name': 'change %', 'value': '-0.59'}, {'name': 'LTP', 'value': '100.20'}, {'name': 'Close Price value', 'value': '100.20'}, {'name': 'change absolute', 'value': '-0.59'}]}",OHLC_D_I_NR4BEARBO,NR 4 Breakdown,Four Bar Pattern,18,Range Breakout,NR4 is a 4-bar narrow range pattern. NR4 bearish breakout pattern scanner shows the list of stocks forming bearish breakout pattern after 4-bar consolidation.,,,False,1,N,,OHLC_D_I_NR4BEARBO
1784718917,"{'stkname': 'EPack Durables', 'ltp': '', 'perChg': '', 'stkId': 'EDL', 'displayLock': 'N', 'scanproflg': 1, 'scUrl': 'electronic-goods/epackdurables/EDL', 'columns': [{'name': 'change %', 'value': '-1.74'}, {'name': 'LTP', 'value': '234.35'}, {'name': 'Close Price value', 'value': '234.35'}, {'name': 'change absolute', 'value': '-4.14'}]}",OHLC_D_I_NR4BEARBO,NR 4 Breakdown,Four Bar Pattern,18,Range Breakout,NR4 is a 4-bar narrow range pattern. NR4 bearish breakout pattern scanner shows the list of stocks forming bearish breakout pattern after 4-bar consolidation.,,,False,1,N,,OHLC_D_I_NR4BEARBO
1784718917,"{'stkname': 'IRCTC', 'ltp': '', 'perChg': '', 'stkId': 'IRC', 'displayLock': 'N', 'scanproflg': 1, 'scUrl': 'miscellaneous/irctc-indianrailwaycateringtourismcorp/IRC', 'columns': [{'name': 'change %', 'value': '-1.16'}, {'name': 'LTP', 'value': '494.00'}, {'name': 'Close Price value', 'value': '494.00'}, {'name': 'change absolute', 'value': '-5.80'}]}",OHLC_D_I_NR4BEARBO,NR 4 Breakdown,Four Bar Pattern,18,Range Breakout,NR4 is a 4-bar narrow range pattern. NR4 bearish breakout pattern scanner shows the list of stocks forming bearish breakout pattern after 4-bar consolidation.,,,False,1,N,,OHLC_D_I_NR4BEARBO
1784718917,"{'stkname': 'Welspun Enter', 'ltp': '', 'perChg': '', 'stkId': 'MSK', 'displayLock': 'N', 'scanproflg': 1, 'scUrl': 'constructioncontracting-civil/welspunenterprises/MSK', 'columns': [{'name': 'change %', 'value': '-2.54'}, {'name': 'LTP', 'value': '605.00'}, {'name': 'Close Price value', 'value': '605.00'}, {'name': 'change absolute', 'value': '-15.75'}]}",OHLC_D_I_NR4BEARBO,NR 4 Breakdown,Four Bar Pattern,18,Range Breakout,NR4 is a 4-bar narrow range pattern. NR4 bearish breakout pattern scanner shows the list of stocks forming bearish breakout pattern after 4-bar consolidation.,,,False,1,N,,OHLC_D_I_NR4BEARBO
1784718917,"{'stkname': 'Brigade Ent', 'ltp': '', 'perChg': '', 'stkId': 'BE08', 'displayLock': 'N', 'scanproflg': 1, 'scUrl': 'constructioncontracting-real-estate/brigadeenterprises/BE08', 'columns': [{'name': 'change %', 'value': '-4.26'}, {'name': 'LTP', 'value': '544.00'}, {'name': 'Close Price value', 'value': '544.00'}, {'name': 'change absolute', 'value': '-24.20'}]}",OHLC_D_I_NR4BEARBO,NR 4 Breakdown,Four Bar Pattern,18,Range Breakout,NR4 is a 4-bar narrow range pattern. NR4 bearish breakout pattern scanner shows the list of stocks forming bearish breakout pattern after 4-bar consolidation.,,,False,1,N,,OHLC_D_I_NR4BEARBO
1784718917,"{'stkname': 'Mazagon Dock', 'ltp': '', 'perChg': '', 'stkId': 'MDS01', 'displayLock': 'N', 'scanproflg': 1, 'scUrl': 'ship-building/mazagondockshipbuilders/MDS01', 'columns': [{'name': 'change %', 'value': '-1.96'}, {'name': 'LTP', 'value': '2,308.00'}, {'name': 'Close Price value', 'value': '2,308.00'}, {'name': 'change absolute', 'value': '-46.10'}]}",OHLC_D_I_NR4BEARBO,NR 4 Breakdown,Four Bar Pattern,18,Range Breakout,NR4 is a 4-bar narrow range pattern. NR4 bearish breakout pattern scanner shows the list of stocks forming bearish breakout pattern after 4-bar consolidation.,,,False,1,N,,OHLC_D_I_NR4BEARBO
1784718917,"{'stkname': 'PSP Projects', 'ltp': '', 'perChg': '', 'stkId': 'PP33', 'displayLock': 'N', 'scanproflg': 1, 'scUrl': 'constructioncontracting-real-estate/pspprojects/PP26', 'columns': [{'name': 'change %', 'value': '-1.99'}, {'name': 'LTP', 'value': '1,056.00'}, {'name': 'Close Price value', 'value': '1,056.00'}, {'name': 'change absolute', 'value': '-21.40'}]}",OHLC_D_I_NR4BEARBO,NR 4 Breakdown,Four Bar Pattern,18,Range Breakout,NR4 is a 4-bar narrow range pattern. NR4 bearish breakout pattern scanner shows the list of stocks forming bearish breakout pattern after 4-bar consolidation.,,,False,1,N,,OHLC_D_I_NR4BEARBO
1784718917,"{'stkname': 'Radhika Jewel', 'ltp': '', 'perChg': '', 'stkId': 'RJI', 'displayLock': 'N', 'scanproflg': 1, 'scUrl': 'diamond-cuttingjewelleryprecious-metals/radhikajeweltech/RJI', 'columns': [{'name': 'change %', 'value': '-0.34'}, {'name': 'LTP', 'value': '65.13'}, {'name': 'Close Price value', 'value': '65.13'}, {'name': 'change absolute', 'value': '-0.22'}]}",OHLC_D_I_NR4BEARBO,NR 4 Breakdown,Four Bar Pattern,18,Range Breakout,NR4 is a 4-bar narrow range pattern. NR4 bearish breakout pattern scanner shows the list of stocks forming bearish breakout pattern after 4-bar consolidation.,,,False,1,N,,OHLC_D_I_NR4BEARBO
1784718917,"{'stkname': 'NOCIL', 'ltp': '', 'perChg': '', 'stkId': 'NOC', 'displayLock': 'N', 'scanproflg': 1, 'scUrl': 'petrochemicals/nocil/NOC02', 'columns': [{'name': 'change %', 'value': '-1.58'}, {'name': 'LTP', 'value': '163.95'}, {'name': 'Close Price value', 'value': '163.95'}, {'name': 'change absolute', 'value': '-2.63'}]}",OHLC_D_I_NR4BEARBO,NR 4 Breakdown,Four Bar Pattern,18,Range Breakout,NR4 is a 4-bar narrow range pattern. NR4 bearish breakout pattern scanner shows the list of stocks forming bearish breakout pattern after 4-bar consolidation.,,,False,1,N,,OHLC_D_I_NR4BEARBO
1784718917,"{'stkname': 'IFB Industries', 'ltp': '', 'perChg': '', 'stkId': 'IFB02', 'displayLock': 'N', 'scanproflg': 1, 'scUrl': 'consumer-goods-white-goods/ifbindustries/IFB02', 'columns': [{'name': 'change %', 'value': '-2.07'}, {'name': 'LTP', 'value': '1,327.00'}, {'name': 'Close Price value', 'value': '1,327.00'}, {'name': 'change absolute', 'value': '-28.00'}]}",OHLC_D_I_NR4BEARBO,NR 4 Breakdown,Four Bar Pattern,18,Range Breakout,NR4 is a 4-bar narrow range pattern. NR4 bearish breakout pattern scanner shows the list of stocks forming bearish breakout pattern after 4-bar consolidation.,,,False,1,N,,OHLC_D_I_NR4BEARBO
1784718917,"{'stkname': 'Neogen', 'ltp': '', 'perChg': '', 'stkId': 'NC12', 'displayLock': 'N', 'scanproflg': 1, 'scUrl': 'chemicals/neogenchemicals/NC11', 'columns': [{'name': 'change %', 'value': '-2.34'}, {'name': 'LTP', 'value': '2,104.90'}, {'name': 'Close Price value', 'value': '2,104.90'}, {'name': 'change absolute', 'value': '-50.40'}]}",OHLC_D_I_NR4BEARBO,NR 4 Breakdown,Four Bar Pattern,18,Range Breakout,NR4 is a 4-bar narrow range pattern. NR4 bearish breakout pattern scanner shows the list of stocks forming bearish breakout pattern after 4-bar consolidation.,,,False,1,N,,OHLC_D_I_NR4BEARBO
1784718917,"{'stkname': 'Eldeco Housing', 'ltp': '', 'perChg': '', 'stkId': 'EH01', 'displayLock': 'N', 'scanproflg': 1, 'scUrl': 'construction-residentialcommercial-complexes/eldecohousingindustries/EH01', 'columns': [{'name': 'change %', 'value': '-0.47'}, {'name': 'LTP', 'value': '779.00'}, {'name': 'Close Price value', 'value': '779.00'}, {'name': 'change absolute', 'value': '-3.70'}]}",OHLC_D_I_NR4BEARBO,NR 4 Breakdown,Four Bar Pattern,18,Range Breakout,NR4 is a 4-bar narrow range pattern. NR4 bearish breakout pattern scanner shows the list of stocks forming bearish breakout pattern after 4-bar consolidation.,,,False,1,N,,OHLC_D_I_NR4BEARBO
1784718917,"{'stkname': 'Unitech', 'ltp': '', 'perChg': '', 'stkId': 'U', 'displayLock': 'N', 'scanproflg': 1, 'scUrl': 'constructioncontracting-civil/unitech/U', 'columns': [{'name': 'change %', 'value': '-1.75'}, {'name': 'LTP', 'value': '4.49'}, {'name': 'Close Price value', 'value': '4.49'}, {'name': 'change absolute', 'value': '-0.08'}]}",OHLC_D_I_NR4BEARBO,NR 4 Breakdown,Four Bar Pattern,18,Range Breakout,NR4 is a 4-bar narrow range pattern. NR4 bearish breakout pattern scanner shows the list of stocks forming bearish breakout pattern after 4-bar consolidation.,,,False,1,N,,OHLC_D_I_NR4BEARBO
1784718917,"{'stkname': 'RPP Infra Proj', 'ltp': '', 'perChg': '', 'stkId': 'RIP01', 'displayLock': 'N', 'scanproflg': 1, 'scUrl': 'constructioncontracting-civil/rppinfraprojects/RIP01', 'columns': [{'name': 'change %', 'value': '-3.40'}, {'name': 'LTP', 'value': '61.99'}, {'name': 'Close Price value', 'value': '61.99'}, {'name': 'change absolute', 'value': '-2.18'}]}",OHLC_D_I_NR4BEARBO,NR 4 Breakdown,Four Bar Pattern,18,Range Breakout,NR4 is a 4-bar narrow range pattern. NR4 bearish breakout pattern scanner shows the list of stocks forming bearish breakout pattern after 4-bar consolidation.,,,False,1,N,,OHLC_D_I_NR4BEARBO
1784718917,"{'stkname': 'Oberoi Realty', 'ltp': '', 'perChg': '', 'stkId': 'OR', 'displayLock': 'N', 'scanproflg': 1, 'scUrl': 'constructioncontracting-real-estate/oberoirealty/OR', 'columns': [{'name': 'change %', 'value': '-2.38'}, {'name': 'LTP', 'value': '1,840.00'}, {'name': 'Close Price value', 'value': '1,840.00'}, {'name': 'change absolute', 'value': '-44.80'}]}",OHLC_D_I_NR4BEARBO,NR 4 Breakdown,Four Bar Pattern,18,Range Breakout,NR4 is a 4-bar narrow range pattern. NR4 bearish breakout pattern scanner shows the list of stocks forming bearish breakout pattern after 4-bar consolidation.,,,False,1,N,,OHLC_D_I_NR4BEARBO
1784718917,"{'stkname': 'Phoenix Mills', 'ltp': '', 'perChg': '', 'stkId': 'PM02', 'displayLock': 'N', 'scanproflg': 1, 'scUrl': 'constructioncontracting-real-estate/phoenixmills/PM02', 'columns': [{'name': 'change %', 'value': '-1.63'}, {'name': 'LTP', 'value': '2,057.20'}, {'name': 'Close Price value', 'value': '2,057.20'}, {'name': 'change absolute', 'value': '-34.00'}]}",OHLC_D_I_NR4BEARBO,NR 4 Breakdown,Four Bar Pattern,18,Range Breakout,NR4 is a 4-bar narrow range pattern. NR4 bearish breakout pattern scanner shows the list of stocks forming bearish breakout pattern after 4-bar consolidation.,,,False,1,N,,OHLC_D_I_NR4BEARBO
1784718917,"{'stkname': 'TTK Prestige', 'ltp': '', 'perChg': '', 'stkId': 'TTK02', 'displayLock': 'N', 'scanproflg': 1, 'scUrl': 'domestic-appliances/ttkprestige/TTK02', 'columns': [{'name': 'change %', 'value': '-0.18'}, {'name': 'LTP', 'value': '655.00'}, {'name': 'Close Price value', 'value': '655.00'}, {'name': 'change absolute', 'value': '-1.15'}]}",OHLC_D_I_NR4BEARBO,NR 4 Breakdown,Four Bar Pattern,18,Range Breakout,NR4 is a 4-bar narrow range pattern. NR4 bearish breakout pattern scanner shows the list of stocks forming bearish breakout pattern after 4-bar consolidation.,,,False,1,N,,OHLC_D_I_NR4BEARBO
1784718917,"{'stkname': 'ABB India', 'ltp': '', 'perChg': '', 'stkId': 'ABB', 'displayLock': 'N', 'scanproflg': 1, 'scUrl': 'infrastructure-general/abbindia/ABB', 'columns': [{'name': 'change %', 'value': '-0.13'}, {'name': 'LTP', 'value': '7,522.00'}, {'name': 'Close Price value', 'value': '7,522.00'}, {'name': 'change absolute', 'value': '-10.00'}]}",OHLC_D_I_NR4BEARBO,NR 4 Breakdown,Four Bar Pattern,18,Range Breakout,NR4 is a 4-bar narrow range pattern. NR4 bearish breakout pattern scanner shows the list of stocks forming bearish breakout pattern after 4-bar consolidation.,,,False,1,N,,OHLC_D_I_NR4BEARBO
1784718917,"{'stkname': 'Bigbloc Constru', 'ltp': '', 'perChg': '', 'stkId': 'BC17', 'displayLock': 'N', 'scanproflg': 1, 'scUrl': 'construction-real-estate/bigblocconstruction/BC19', 'columns': [{'name': 'change %', 'value': '-0.28'}, {'name': 'LTP', 'value': '47.05'}, {'name': 'Close Price value', 'value': '47.05'}, {'name': 'change absolute', 'value': '-0.13'}]}",OHLC_D_I_NR4BEARBO,NR 4 Breakdown,Four Bar Pattern,18,Range Breakout,NR4 is a 4-bar narrow range pattern. NR4 bearish breakout pattern scanner shows the list of stocks forming bearish breakout pattern after 4-bar consolidation.,,,False,1,N,,OHLC_D_I_NR4BEARBO
1784718917,"{'stkname': 'GOCL Corp', 'ltp': '', 'perChg': '', 'stkId': 'IDL', 'displayLock': 'N', 'scanproflg': 1, 'scUrl': 'chemicals/goclcorporation/GOC01', 'columns': [{'name': 'change %', 'value': '-1.20'}, {'name': 'LTP', 'value': '394.55'}, {'name': 'Close Price value', 'value': '394.55'}, {'name': 'change absolute', 'value': '-4.80'}]}",OHLC_D_I_NR4BEARBO,NR 4 Breakdown,Four Bar Pattern,18,Range Breakout,NR4 is a 4-bar narrow range pattern. NR4 bearish breakout pattern scanner shows the list of stocks forming bearish breakout pattern after 4-bar consolidation.,,,False,1,N,,OHLC_D_I_NR4BEARBO
1784718917,"{'stkname': 'Privi Special', 'ltp': '', 'perChg': '', 'stkId': 'HKA', 'displayLock': 'N', 'scanproflg': 1, 'scUrl': 'chemicals/privispecialitychemicals/HKF', 'columns': [{'name': 'change %', 'value': '-0.17'}, {'name': 'LTP', 'value': '3,668.00'}, {'name': 'Close Price value', 'value': '3,668.00'}, {'name': 'change absolute', 'value': '-6.40'}]}",OHLC_D_I_NR4BEARBO,NR 4 Breakdown,Four Bar Pattern,18,Range Breakout,NR4 is a 4-bar narrow range pattern. NR4 bearish breakout pattern scanner shows the list of stocks forming bearish breakout pattern after 4-bar consolidation.,,,False,1,N,,OHLC_D_I_NR4BEARBO
1784718917,"{'stkname': 'Vikas Ecotech', 'ltp': '', 'perChg': '', 'stkId': 'VL06', 'displayLock': 'N', 'scanproflg': 1, 'scUrl': 'chemicals/vikasecotech/VGO01', 'columns': [{'name': 'change %', 'value': '-1.77'}, {'name': 'LTP', 'value': '1.11'}, {'name': 'Close Price value', 'value': '1.11'}, {'name': 'change absolute', 'value': '-0.02'}]}",OHLC_D_I_NR4BEARBO,NR 4 Breakdown,Four Bar Pattern,18,Range Breakout,NR4 is a 4-bar narrow range pattern. NR4 bearish breakout pattern scanner shows the list of stocks forming bearish breakout pattern after 4-bar consolidation.,,,False,1,N,,OHLC_D_I_NR4BEARBO
1784718917,"{'stkname': 'Bodal Chemicals', 'ltp': '', 'perChg': '', 'stkId': 'DD', 'displayLock': 'N', 'scanproflg': 1, 'scUrl': 'dyespigments/bodalchemicals/BC15', 'columns': [{'name': 'change %', 'value': '-0.61'}, {'name': 'LTP', 'value': '65.10'}, {'name': 'Close Price value', 'value': '65.10'}, {'name': 'change absolute', 'value': '-0.40'}]}",OHLC_D_I_NR4BEARBO,NR 4 Breakdown,Four Bar Pattern,18,Range Breakout,NR4 is a 4-bar narrow range pattern. NR4 bearish breakout pattern scanner shows the list of stocks forming bearish breakout pattern after 4-bar consolidation.,,,False,1,N,,OHLC_D_I_NR4BEARBO
1784718917,"{'stkname': 'Diamines Chem', 'ltp': '', 'perChg': '', 'stkId': 'DC04', 'displayLock': 'N', 'scanproflg': 1, 'scUrl': 'petrochemicals/diamineschemicals/DC04', 'columns': [{'name': 'change %', 'value': '-1.93'}, {'name': 'LTP', 'value': '247.70'}, {'name': 'Close Price value', 'value': '247.70'}, {'name': 'change absolute', 'value': '-4.87'}]}",OHLC_D_I_NR4BEARBO,NR 4 Breakdown,Four Bar Pattern,18,Range Breakout,NR4 is a 4-bar narrow range pattern. NR4 bearish breakout pattern scanner shows the list of stocks forming bearish breakout pattern after 4-bar consolidation.,,,False,1,N,,OHLC_D_I_NR4BEARBO
1784718917,"{'stkname': 'India Glycols', 'ltp': '', 'perChg': '', 'stkId': 'IG', 'displayLock': 'N', 'scanproflg': 1, 'scUrl': 'chemicals/indiaglycols/IG', 'columns': [{'name': 'change %', 'value': '-1.21'}, {'name': 'LTP', 'value': '1,140.00'}, {'name': 'Close Price value', 'value': '1,140.00'}, {'name': 'change absolute', 'value': '-13.95'}]}",OHLC_D_I_NR4BEARBO,NR 4 Breakdown,Four Bar Pattern,18,Range Breakout,NR4 is a 4-bar narrow range pattern. NR4 bearish breakout pattern scanner shows the list of stocks forming bearish breakout pattern after 4-bar consolidation.,,,False,1,N,,OHLC_D_I_NR4BEARBO
1784718917,"{'stkname': 'Plastiblends', 'ltp': '', 'perChg': '', 'stkId': 'PI13', 'displayLock': 'N', 'scanproflg': 1, 'scUrl': 'plastics/plastiblendsindia/PI13', 'columns': [{'name': 'change %', 'value': '-0.73'}, {'name': 'LTP', 'value': '196.39'}, {'name': 'Close Price value', 'value': '196.39'}, {'name': 'change absolute', 'value': '-1.45'}]}",OHLC_D_I_NR4BEARBO,NR 4 Breakdown,Four Bar Pattern,18,Range Breakout,NR4 is a 4-bar narrow range pattern. NR4 bearish breakout pattern scanner shows the list of stocks forming bearish breakout pattern after 4-bar consolidation.,,,False,1,N,,OHLC_D_I_NR4BEARBO
1784718917,"{'stkname': 'KEI Industries', 'ltp': '', 'perChg': '', 'stkId': 'KEI', 'displayLock': 'N', 'scanproflg': 1, 'scUrl': 'cables-powerothers/keiindustries/KEI', 'columns': [{'name': 'change %', 'value': '-0.09'}, {'name': 'LTP', 'value': '4,970.00'}, {'name': 'Close Price value', 'value': '4,970.00'}, {'name': 'change absolute', 'value': '-4.50'}]}",OHLC_D_I_NR4BEARBO,NR 4 Breakdown,Four Bar Pattern,18,Range Breakout,NR4 is a 4-bar narrow range pattern. NR4 bearish breakout pattern scanner shows the list of stocks forming bearish breakout pattern after 4-bar consolidation.,,,False,1,N,,OHLC_D_I_NR4BEARBO
1784718917,"{'stkname': 'Par Drugs', 'ltp': '', 'perChg': '', 'stkId': 'PDC02', 'displayLock': 'N', 'scanproflg': 1, 'scUrl': 'chemicals/pardrugschemicals/PDC02', 'columns': [{'name': 'change %', 'value': '-3.60'}, {'name': 'LTP', 'value': '96.60'}, {'name': 'Close Price value', 'value': '96.60'}, {'name': 'change absolute', 'value': '-3.61'}]}",OHLC_D_I_NR4BEARBO,NR 4 Breakdown,Four Bar Pattern,18,Range Breakout,NR4 is a 4-bar narrow range pattern. NR4 bearish breakout pattern scanner shows the list of stocks forming bearish breakout pattern after 4-bar consolidation.,,,False,1,N,,OHLC_D_I_NR4BEARBO
1784718917,"{'stkname': 'Anupam Rasayan', 'ltp': '', 'perChg': '', 'stkId': 'ARI02', 'displayLock': 'N', 'scanproflg': 1, 'scUrl': 'speciality-chemicals/anupamrasayanindia/ARI02', 'columns': [{'name': 'change %', 'value': '-1.30'}, {'name': 'LTP', 'value': '1,250.00'}, {'name': 'Close Price value', 'value': '1,250.00'}, {'name': 'change absolute', 'value': '-16.40'}]}",OHLC_D_I_NR4BEARBO,NR 4 Breakdown,Four Bar Pattern,18,Range Breakout,NR4 is a 4-bar narrow range pattern. NR4 bearish breakout pattern scanner shows the list of stocks forming bearish breakout pattern after 4-bar consolidation.,,,False,1,N,,OHLC_D_I_NR4BEARBO
1784718917,"{'stkname': 'Aarti Ind', 'ltp': '', 'perChg': '', 'stkId': 'AI', 'displayLock': 'N', 'scanproflg': 1, 'scUrl': 'chemicals/aartiindustries/AI45', 'columns': [{'name': 'change %', 'value': '-1.18'}, {'name': 'LTP', 'value': '493.60'}, {'name': 'Close Price value', 'value': '493.60'}, {'name': 'change absolute', 'value': '-5.90'}]}",OHLC_D_I_NR4BEARBO,NR 4 Breakdown,Four Bar Pattern,18,Range Breakout,NR4 is a 4-bar narrow range pattern. NR4 bearish breakout pattern scanner shows the list of stocks forming bearish breakout pattern after 4-bar consolidation.,,,False,1,N,,OHLC_D_I_NR4BEARBO
1784718917,"{'stkname': 'Ahluwalia', 'ltp': '', 'perChg': '', 'stkId': 'ACI12', 'displayLock': 'N', 'scanproflg': 1, 'scUrl': 'constructioncontracting-civil/ahluwaliacontractsindia/ACI12', 'columns': [{'name': 'change %', 'value': '-2.46'}, {'name': 'LTP', 'value': '824.00'}, {'name': 'Close Price value', 'value': '824.00'}, {'name': 'change absolute', 'value': '-20.80'}]}",OHLC_D_I_NR4BEARBO,NR 4 Breakdown,Four Bar Pattern,18,Range Breakout,NR4 is a 4-bar narrow range pattern. NR4 bearish breakout pattern scanner shows the list of stocks forming bearish breakout pattern after 4-bar consolidation.,,,False,1,N,,OHLC_D_I_NR4BEARBO
1784718917,"{'stkname': 'Keystone Real', 'ltp': '', 'perChg': '', 'stkId': 'KR06', 'displayLock': 'N', 'scanproflg': 1, 'scUrl': 'construction-residentialcommercial-complexes/keystonerealtors/KR05', 'columns': [{'name': 'change %', 'value': '-1.44'}, {'name': 'LTP', 'value': '404.85'}, {'name': 'Close Price value', 'value': '404.85'}, {'name': 'change absolute', 'value': '-5.90'}]}",OHLC_D_I_NR4BEARBO,NR 4 Breakdown,Four Bar Pattern,18,Range Breakout,NR4 is a 4-bar narrow range pattern. NR4 bearish breakout pattern scanner shows the list of stocks forming bearish breakout pattern after 4-bar consolidation.,,,False,1,N,,OHLC_D_I_NR4BEARBO
1784718917,"{'stkname': 'Camlin Fine', 'ltp': '', 'perChg': '', 'stkId': 'CFC03', 'displayLock': 'N', 'scanproflg': 1, 'scUrl': 'chemicals/camlinfinesciences/CFC03', 'columns': [{'name': 'change %', 'value': '-2.07'}, {'name': 'LTP', 'value': '121.32'}, {'name': 'Close Price value', 'value': '121.32'}, {'name': 'change absolute', 'value': '-2.57'}]}",OHLC_D_I_NR4BEARBO,NR 4 Breakdown,Four Bar Pattern,18,Range Breakout,NR4 is a 4-bar narrow range pattern. NR4 bearish breakout pattern scanner shows the list of stocks forming bearish breakout pattern after 4-bar consolidation.,,,False,1,N,,OHLC_D_I_NR4BEARBO
1784718917,"{'stkname': 'Sanghvi Movers', 'ltp': '', 'perChg': '', 'stkId': 'SM10', 'displayLock': 'N', 'scanproflg': 1, 'scUrl': 'construction-infrastructure/sanghvimovers/SM10', 'columns': [{'name': 'change %', 'value': '-1.56'}, {'name': 'LTP', 'value': '434.00'}, {'name': 'Close Price value', 'value': '434.00'}, {'name': 'change absolute', 'value': '-6.90'}]}",OHLC_D_I_NR4BEARBO,NR 4 Breakdown,Four Bar Pattern,18,Range Breakout,NR4 is a 4-bar narrow range pattern. NR4 bearish breakout pattern scanner shows the list of stocks forming bearish breakout pattern after 4-bar consolidation.,,,False,1,N,,OHLC_D_I_NR4BEARBO
1784718917,"{'stkname': 'ACC', 'ltp': '', 'perChg': '', 'stkId': 'ACC', 'displayLock': 'N', 'scanproflg': 1, 'scUrl': 'cement-major/acc/ACC06', 'columns': [{'name': 'change %', 'value': '-2.10'}, {'name': 'LTP', 'value': '1,358.60'}, {'name': 'Close Price value', 'value': '1,358.60'}, {'name': 'change absolute', 'value': '-29.20'}]}",OHLC_D_I_NR4BEARBO,NR 4 Breakdown,Four Bar Pattern,18,Range Breakout,NR4 is a 4-bar narrow range pattern. NR4 bearish breakout pattern scanner shows the list of stocks forming bearish breakout pattern after 4-bar consolidation.,,,False,1,N,,OHLC_D_I_NR4BEARBO
1784718917,"{'stkname': 'Precision Camsh', 'ltp': '', 'perChg': '', 'stkId': 'PC24', 'displayLock': 'N', 'scanproflg': 1, 'scUrl': 'auto-ancillaries/precisioncamshafts/PC16', 'columns': [{'name': 'change %', 'value': '-1.37'}, {'name': 'LTP', 'value': '140.10'}, {'name': 'Close Price value', 'value': '140.10'}, {'name': 'change absolute', 'value': '-1.95'}]}",OHLC_D_I_NR4BEARBO,NR 4 Breakdown,Four Bar Pattern,18,Range Breakout,NR4 is a 4-bar narrow range pattern. NR4 bearish breakout pattern scanner shows the list of stocks forming bearish breakout pattern after 4-bar consolidation.,,,False,1,N,,OHLC_D_I_NR4BEARBO
1784718917,"{'stkname': 'Pokarna', 'ltp': '', 'perChg': '', 'stkId': 'PL06', 'displayLock': 'N', 'scanproflg': 1, 'scUrl': 'ceramicsgranite/pokarna/PL06', 'columns': [{'name': 'change %', 'value': '-4.21'}, {'name': 'LTP', 'value': '940.70'}, {'name': 'Close Price value', 'value': '940.70'}, {'name': 'change absolute', 'value': '-41.30'}]}",OHLC_D_I_NR4BEARBO,NR 4 Breakdown,Four Bar Pattern,18,Range Breakout,NR4 is a 4-bar narrow range pattern. NR4 bearish breakout pattern scanner shows the list of stocks forming bearish breakout pattern after 4-bar consolidation.,,,False,1,N,,OHLC_D_I_NR4BEARBO
1784718917,"{'stkname': 'Deccan Cements', 'ltp': '', 'perChg': '', 'stkId': 'DC', 'displayLock': 'N', 'scanproflg': 1, 'scUrl': 'cement-mini/deccancements/DC', 'columns': [{'name': 'change %', 'value': '-1.67'}, {'name': 'LTP', 'value': '564.50'}, {'name': 'Close Price value', 'value': '564.50'}, {'name': 'change absolute', 'value': '-9.60'}]}",OHLC_D_I_NR4BEARBO,NR 4 Breakdown,Four Bar Pattern,18,Range Breakout,NR4 is a 4-bar narrow range pattern. NR4 bearish breakout pattern scanner shows the list of stocks forming bearish breakout pattern after 4-bar consolidation.,,,False,1,N,,OHLC_D_I_NR4BEARBO
1784718917,"{'stkname': 'Suprajit Eng', 'ltp': '', 'perChg': '', 'stkId': 'SE15', 'displayLock': 'N', 'scanproflg': 1, 'scUrl': 'auto-ancillaries/suprajitengineering/SE15', 'columns': [{'name': 'change %', 'value': '-0.59'}, {'name': 'LTP', 'value': '486.00'}, {'name': 'Close Price value', 'value': '486.00'}, {'name': 'change absolute', 'value': '-2.90'}]}",OHLC_D_I_NR4BEARBO,NR 4 Breakdown,Four Bar Pattern,18,Range Breakout,NR4 is a 4-bar narrow range pattern. NR4 bearish breakout pattern scanner shows the list of stocks forming bearish breakout pattern after 4-bar consolidation.,,,False,1,N,,OHLC_D_I_NR4BEARBO
1784718917,"{'stkname': 'Heidelberg Cem', 'ltp': '', 'perChg': '', 'stkId': 'MC14', 'displayLock': 'N', 'scanproflg': 1, 'scUrl': 'cement-major/heidelbergcementindia/HCI02', 'columns': [{'name': 'change %', 'value': '-1.08'}, {'name': 'LTP', 'value': '159.20'}, {'name': 'Close Price value', 'value': '159.20'}, {'name': 'change absolute', 'value': '-1.73'}]}",OHLC_D_I_NR4BEARBO,NR 4 Breakdown,Four Bar Pattern,18,Range Breakout,NR4 is a 4-bar narrow range pattern. NR4 bearish breakout pattern scanner shows the list of stocks forming bearish breakout pattern after 4-bar consolidation.,,,False,1,N,,OHLC_D_I_NR4BEARBO
1784718917,"{'stkname': 'Munjal Showa', 'ltp': '', 'perChg': '', 'stkId': 'MS', 'displayLock': 'N', 'scanproflg': 1, 'scUrl': 'auto-ancillaries/munjalshowa/MS', 'columns': [{'name': 'change %', 'value': '-0.45'}, {'name': 'LTP', 'value': '136.15'}, {'name': 'Close Price value', 'value': '136.15'}, {'name': 'change absolute', 'value': '-0.62'}]}",OHLC_D_I_NR4BEARBO,NR 4 Breakdown,Four Bar Pattern,18,Range Breakout,NR4 is a 4-bar narrow range pattern. NR4 bearish breakout pattern scanner shows the list of stocks forming bearish breakout pattern after 4-bar consolidation.,,,False,1,N,,OHLC_D_I_NR4BEARBO
1784718917,"{'stkname': 'Plaza Wires', 'ltp': '', 'perChg': '', 'stkId': 'PWL', 'displayLock': 'N', 'scanproflg': 1, 'scUrl': 'cables/plazawires/PWL', 'columns': [{'name': 'change %', 'value': '-0.66'}, {'name': 'LTP', 'value': '42.42'}, {'name': 'Close Price value', 'value': '42.42'}, {'name': 'change absolute', 'value': '-0.28'}]}",OHLC_D_I_NR4BEARBO,NR 4 Breakdown,Four Bar Pattern,18,Range Breakout,NR4 is a 4-bar narrow range pattern. NR4 bearish breakout pattern scanner shows the list of stocks forming bearish breakout pattern after 4-bar consolidation.,,,False,1,N,,OHLC_D_I_NR4BEARBO
1784718917,"{'stkname': 'Star Cement', 'ltp': '', 'perChg': '', 'stkId': 'SFC02', 'displayLock': 'N', 'scanproflg': 1, 'scUrl': 'cement-major/starcement/SFC02', 'columns': [{'name': 'change %', 'value': '-1.31'}, {'name': 'LTP', 'value': '205.66'}, {'name': 'Close Price value', 'value': '205.66'}, {'name': 'change absolute', 'value': '-2.74'}]}",OHLC_D_I_NR4BEARBO,NR 4 Breakdown,Four Bar Pattern,18,Range Breakout,NR4 is a 4-bar narrow range pattern. NR4 bearish breakout pattern scanner shows the list of stocks forming bearish breakout pattern after 4-bar consolidation.,,,False,1,N,,OHLC_D_I_NR4BEARBO
1784718917,"{'stkname': 'Steel Str Wheel', 'ltp': '', 'perChg': '', 'stkId': 'SSW01', 'displayLock': 'N', 'scanproflg': 1, 'scUrl': 'auto-ancillaries/steelstripswheels/SSW02', 'columns': [{'name': 'change %', 'value': '0.00'}, {'name': 'LTP', 'value': '279.30'}, {'name': 'Close Price value', 'value': '279.30'}, {'name': 'change absolute', 'value': '0.00'}]}",OHLC_D_I_NR4BEARBO,NR 4 Breakdown,Four Bar Pattern,18,Range Breakout,NR4 is a 4-bar narrow range pattern. NR4 bearish breakout pattern scanner shows the list of stocks forming bearish breakout pattern after 4-bar consolidation.,,,False,1,N,,OHLC_D_I_NR4BEARBO
1784718917,"{'stkname': 'Yatra Online', 'ltp': '', 'perChg': '', 'stkId': 'YO', 'displayLock': 'N', 'scanproflg': 1, 'scUrl': 'travel-services/yatraonline/YO', 'columns': [{'name': 'change %', 'value': '-1.96'}, {'name': 'LTP', 'value': '105.80'}, {'name': 'Close Price value', 'value': '105.80'}, {'name': 'change absolute', 'value': '-2.12'}]}",OHLC_D_I_NR4BEARBO,NR 4 Breakdown,Four Bar Pattern,18,Range Breakout,NR4 is a 4-bar narrow range pattern. NR4 bearish breakout pattern scanner shows the list of stocks forming bearish breakout pattern after 4-bar consolidation.,,,False,1,N,,OHLC_D_I_NR4BEARBO
1784718917,"{'stkname': 'Ndr Auto Compon', 'ltp': '', 'perChg': '', 'stkId': 'NAC02', 'displayLock': 'N', 'scanproflg': 1, 'scUrl': 'auto-ancillaries/ndrautocomponents/NAC02', 'columns': [{'name': 'change %', 'value': '-0.70'}, {'name': 'LTP', 'value': '813.40'}, {'name': 'Close Price value', 'value': '813.40'}, {'name': 'change absolute', 'value': '-5.70'}]}",OHLC_D_I_NR4BEARBO,NR 4 Breakdown,Four Bar Pattern,18,Range Breakout,NR4 is a 4-bar narrow range pattern. NR4 bearish breakout pattern scanner shows the list of stocks forming bearish breakout pattern after 4-bar consolidation.,,,False,1,N,,OHLC_D_I_NR4BEARBO
1784718917,"{'stkname': 'Federal-Mogul', 'ltp': '', 'perChg': '', 'stkId': 'GI09', 'displayLock': 'N', 'scanproflg': 1, 'scUrl': 'auto-ancillaries/federal-mogulgoetze/FMG', 'columns': [{'name': 'change %', 'value': '-1.82'}, {'name': 'LTP', 'value': '476.70'}, {'name': 'Close Price value', 'value': '476.70'}, {'name': 'change absolute', 'value': '-8.85'}]}",OHLC_D_I_NR4BEARBO,NR 4 Breakdown,Four Bar Pattern,18,Range Breakout,NR4 is a 4-bar narrow range pattern. NR4 bearish breakout pattern scanner shows the list of stocks forming bearish breakout pattern after 4-bar consolidation.,,,False,1,N,,OHLC_D_I_NR4BEARBO
1784718917,"{'stkname': 'Ramcoind', 'ltp': '', 'perChg': '', 'stkId': 'RI26', 'displayLock': 'N', 'scanproflg': 1, 'scUrl': 'cement-productsbuilding-materials/ramcoindustries/RI26', 'columns': [{'name': 'change %', 'value': '-2.68'}, {'name': 'LTP', 'value': '339.95'}, {'name': 'Close Price value', 'value': '339.95'}, {'name': 'change absolute', 'value': '-9.35'}]}",OHLC_D_I_NR4BEARBO,NR 4 Breakdown,Four Bar Pattern,18,Range Breakout,NR4 is a 4-bar narrow range pattern. NR4 bearish breakout pattern scanner shows the list of stocks forming bearish breakout pattern after 4-bar consolidation.,,,False,1,N,,OHLC_D_I_NR4BEARBO
1784718917,"{'stkname': 'Orient Cement', 'ltp': '', 'perChg': '', 'stkId': 'OC12', 'displayLock': 'N', 'scanproflg': 1, 'scUrl': 'cement-major/orientcement/OC10', 'columns': [{'name': 'change %', 'value': '-1.91'}, {'name': 'LTP', 'value': '136.86'}, {'name': 'Close Price value', 'value': '136.86'}, {'name': 'change absolute', 'value': '-2.66'}]}",OHLC_D_I_NR4BEARBO,NR 4 Breakdown,Four Bar Pattern,18,Range Breakout,NR4 is a 4-bar narrow range pattern. NR4 bearish breakout pattern scanner shows the list of stocks forming bearish breakout pattern after 4-bar consolidation.,,,False,1,N,,OHLC_D_I_NR4BEARBO
1784718917,"{'stkname': 'Visaka Ind', 'ltp': '', 'perChg': '', 'stkId': 'VI11', 'displayLock': 'N', 'scanproflg': 1, 'scUrl': 'cement-productsbuilding-materials/visakaindustries/VI11', 'columns': [{'name': 'change %', 'value': '-0.17'}, {'name': 'LTP', 'value': '81.00'}, {'name': 'Close Price value', 'value': '81.00'}, {'name': 'change absolute', 'value': '-0.14'}]}",OHLC_D_I_NR4BEARBO,NR 4 Breakdown,Four Bar Pattern,18,Range Breakout,NR4 is a 4-bar narrow range pattern. NR4 bearish breakout pattern scanner shows the list of stocks forming bearish breakout pattern after 4-bar consolidation.,,,False,1,N,,OHLC_D_I_NR4BEARBO
1784718917,"{'stkname': 'JTEKT India ', 'ltp': '', 'perChg': '', 'stkId': 'SSS', 'displayLock': 'N', 'scanproflg': 1, 'scUrl': 'auto-ancillaries/jtektindia/SKS04', 'columns': [{'name': 'change %', 'value': '-1.44'}, {'name': 'LTP', 'value': '131.89'}, {'name': 'Close Price value', 'value': '131.89'}, {'name': 'change absolute', 'value': '-1.93'}]}",OHLC_D_I_NR4BEARBO,NR 4 Breakdown,Four Bar Pattern,18,Range Breakout,NR4 is a 4-bar narrow range pattern. NR4 bearish breakout pattern scanner shows the list of stocks forming bearish breakout pattern after 4-bar consolidation.,,,False,1,N,,OHLC_D_I_NR4BEARBO
1784718917,"{'stkname': 'Talbros Auto', 'ltp': '', 'perChg': '', 'stkId': 'TAC', 'displayLock': 'N', 'scanproflg': 1, 'scUrl': 'auto-ancillaries/talbrosautomotivecomponents/TAC', 'columns': [{'name': 'change %', 'value': '-0.93'}, {'name': 'LTP', 'value': '408.50'}, {'name': 'Close Price value', 'value': '408.50'}, {'name': 'change absolute', 'value': '-3.85'}]}",OHLC_D_I_NR4BEARBO,NR 4 Breakdown,Four Bar Pattern,18,Range Breakout,NR4 is a 4-bar narrow range pattern. NR4 bearish breakout pattern scanner shows the list of stocks forming bearish breakout pattern after 4-bar consolidation.,,,False,1,N,,OHLC_D_I_NR4BEARBO
1784718917,"{'stkname': 'IEX', 'ltp': '', 'perChg': '', 'stkId': 'IEE', 'displayLock': 'N', 'scanproflg': 1, 'scUrl': 'diversified/indianenergyexchange/IEE', 'columns': [{'name': 'change %', 'value': '-0.67'}, {'name': 'LTP', 'value': '123.60'}, {'name': 'Close Price value', 'value': '123.60'}, {'name': 'change absolute', 'value': '-0.83'}]}",OHLC_D_I_NR4BEARBO,NR 4 Breakdown,Four Bar Pattern,18,Range Breakout,NR4 is a 4-bar narrow range pattern. NR4 bearish breakout pattern scanner shows the list of stocks forming bearish breakout pattern after 4-bar consolidation.,,,False,1,N,,OHLC_D_I_NR4BEARBO
1784718917,"{'stkname': 'Apex Frozen', 'ltp': '', 'perChg': '', 'stkId': 'AFF', 'displayLock': 'N', 'scanproflg': 1, 'scUrl': 'food-processing/apexfrozenfoods/AFF', 'columns': [{'name': 'change %', 'value': '-2.39'}, {'name': 'LTP', 'value': '392.60'}, {'name': 'Close Price value', 'value': '392.60'}, {'name': 'change absolute', 'value': '-9.60'}]}",OHLC_D_I_NR4BEARBO,NR 4 Breakdown,Four Bar Pattern,18,Range Breakout,NR4 is a 4-bar narrow range pattern. NR4 bearish breakout pattern scanner shows the list of stocks forming bearish breakout pattern after 4-bar consolidation.,,,False,1,N,,OHLC_D_I_NR4BEARBO
1784718917,"{'stkname': 'PPAP Automotive', 'ltp': '', 'perChg': '', 'stkId': 'PPP03', 'displayLock': 'N', 'scanproflg': 1, 'scUrl': 'auto-ancillaries/ppapautomotive/PPP03', 'columns': [{'name': 'change %', 'value': '-2.08'}, {'name': 'LTP', 'value': '296.60'}, {'name': 'Close Price value', 'value': '296.60'}, {'name': 'change absolute', 'value': '-6.31'}]}",OHLC_D_I_NR4BEARBO,NR 4 Breakdown,Four Bar Pattern,18,Range Breakout,NR4 is a 4-bar narrow range pattern. NR4 bearish breakout pattern scanner shows the list of stocks forming bearish breakout pattern after 4-bar consolidation.,,,False,1,N,,OHLC_D_I_NR4BEARBO
1784718917,"{'stkname': 'NCL Industries', 'ltp': '', 'perChg': '', 'stkId': 'NCL', 'displayLock': 'N', 'scanproflg': 1, 'scUrl': 'cement-mini/nclindustries/NCL', 'columns': [{'name': 'change %', 'value': '-2.07'}, {'name': 'LTP', 'value': '184.05'}, {'name': 'Close Price value', 'value': '184.05'}, {'name': 'change absolute', 'value': '-3.89'}]}",OHLC_D_I_NR4BEARBO,NR 4 Breakdown,Four Bar Pattern,18,Range Breakout,NR4 is a 4-bar narrow range pattern. NR4 bearish breakout pattern scanner shows the list of stocks forming bearish breakout pattern after 4-bar consolidation.,,,False,1,N,,OHLC_D_I_NR4BEARBO
1784718917,"{'stkname': 'Newgen Software', 'ltp': '', 'perChg': '', 'stkId': 'NST01', 'displayLock': 'N', 'scanproflg': 1, 'scUrl': 'computers-software/newgensoftwaretechnologies/NST01', 'columns': [{'name': 'change %', 'value': '-2.17'}, {'name': 'LTP', 'value': '534.45'}, {'name': 'Close Price value', 'value': '534.45'}, {'name': 'change absolute', 'value': '-11.85'}]}",OHLC_D_I_NR4BEARBO,NR 4 Breakdown,Four Bar Pattern,18,Range Breakout,NR4 is a 4-bar narrow range pattern. NR4 bearish breakout pattern scanner shows the list of stocks forming bearish breakout pattern after 4-bar consolidation.,,,False,1,N,,OHLC_D_I_NR4BEARBO
1784718917,"{'stkname': 'Viyash Scientif', 'ltp': '', 'perChg': '', 'stkId': 'VTF', 'displayLock': 'N', 'scanproflg': 1, 'scUrl': 'pharmaceuticals/viyashscientific/PID01', 'columns': [{'name': 'change %', 'value': '-3.30'}, {'name': 'LTP', 'value': '256.40'}, {'name': 'Close Price value', 'value': '256.40'}, {'name': 'change absolute', 'value': '-8.75'}]}",OHLC_D_I_NR4BEARBO,NR 4 Breakdown,Four Bar Pattern,18,Range Breakout,NR4 is a 4-bar narrow range pattern. NR4 bearish breakout pattern scanner shows the list of stocks forming bearish breakout pattern after 4-bar consolidation.,,,False,1,N,,OHLC_D_I_NR4BEARBO
1784718917,"{'stkname': 'Sandhar Technol', 'ltp': '', 'perChg': '', 'stkId': 'STL05', 'displayLock': 'N', 'scanproflg': 1, 'scUrl': 'auto-ancillaries/sandhartechnologies/STl06', 'columns': [{'name': 'change %', 'value': '-1.74'}, {'name': 'LTP', 'value': '599.95'}, {'name': 'Close Price value', 'value': '599.95'}, {'name': 'change absolute', 'value': '-10.65'}]}",OHLC_D_I_NR4BEARBO,NR 4 Breakdown,Four Bar Pattern,18,Range Breakout,NR4 is a 4-bar narrow range pattern. NR4 bearish breakout pattern scanner shows the list of stocks forming bearish breakout pattern after 4-bar consolidation.,,,False,1,N,,OHLC_D_I_NR4BEARBO
1784718917,"{'stkname': 'Dhanlaxmi Bank', 'ltp': '', 'perChg': '', 'stkId': 'DB01', 'displayLock': 'N', 'scanproflg': 1, 'scUrl': 'banks-private-sector/dhanlaxmibank/DB01', 'columns': [{'name': 'change %', 'value': '-0.96'}, {'name': 'LTP', 'value': '33.92'}, {'name': 'Close Price value', 'value': '33.92'}, {'name': 'change absolute', 'value': '-0.33'}]}",OHLC_D_I_NR4BEARBO,NR 4 Breakdown,Four Bar Pattern,18,Range Breakout,NR4 is a 4-bar narrow range pattern. NR4 bearish breakout pattern scanner shows the list of stocks forming bearish breakout pattern after 4-bar consolidation.,,,False,1,N,,OHLC_D_I_NR4BEARBO
1784718917,"{'stkname': 'Landmark Cars', 'ltp': '', 'perChg': '', 'stkId': 'LC08', 'displayLock': 'N', 'scanproflg': 1, 'scUrl': 'trading/landmarkcars/LC07', 'columns': [{'name': 'change %', 'value': '-2.97'}, {'name': 'LTP', 'value': '516.40'}, {'name': 'Close Price value', 'value': '516.40'}, {'name': 'change absolute', 'value': '-15.80'}]}",OHLC_D_I_NR4BEARBO,NR 4 Breakdown,Four Bar Pattern,18,Range Breakout,NR4 is a 4-bar narrow range pattern. NR4 bearish breakout pattern scanner shows the list of stocks forming bearish breakout pattern after 4-bar consolidation.,,,False,1,N,,OHLC_D_I_NR4BEARBO
1784718917,"{'stkname': 'HBL Eng', 'ltp': '', 'perChg': '', 'stkId': 'SNP', 'displayLock': 'N', 'scanproflg': 1, 'scUrl': 'electric-equipment/hblengineering/HBL02', 'columns': [{'name': 'change %', 'value': '-2.17'}, {'name': 'LTP', 'value': '713.20'}, {'name': 'Close Price value', 'value': '713.20'}, {'name': 'change absolute', 'value': '-15.85'}]}",OHLC_D_I_NR4BEARBO,NR 4 Breakdown,Four Bar Pattern,18,Range Breakout,NR4 is a 4-bar narrow range pattern. NR4 bearish breakout pattern scanner shows the list of stocks forming bearish breakout pattern after 4-bar consolidation.,,,False,1,N,,OHLC_D_I_NR4BEARBO
1784718917,"{'stkname': 'Pricol', 'ltp': '', 'perChg': '', 'stkId': 'PIC01', 'displayLock': 'N', 'scanproflg': 1, 'scUrl': 'auto-ancillaries/pricol/P9', 'columns': [{'name': 'change %', 'value': '-0.37'}, {'name': 'LTP', 'value': '608.70'}, {'name': 'Close Price value', 'value': '608.70'}, {'name': 'change absolute', 'value': '-2.25'}]}",OHLC_D_I_NR4BEARBO,NR 4 Breakdown,Four Bar Pattern,18,Range Breakout,NR4 is a 4-bar narrow range pattern. NR4 bearish breakout pattern scanner shows the list of stocks forming bearish breakout pattern after 4-bar consolidation.,,,False,1,N,,OHLC_D_I_NR4BEARBO
1784718917,"{'stkname': 'Cochin Shipyard', 'ltp': '', 'perChg': '', 'stkId': 'CS17', 'displayLock': 'N', 'scanproflg': 1, 'scUrl': 'ship-building/cochinshipyard/CS', 'columns': [{'name': 'change %', 'value': '-2.59'}, {'name': 'LTP', 'value': '1,368.90'}, {'name': 'Close Price value', 'value': '1,368.90'}, {'name': 'change absolute', 'value': '-36.40'}]}",OHLC_D_I_NR4BEARBO,NR 4 Breakdown,Four Bar Pattern,18,Range Breakout,NR4 is a 4-bar narrow range pattern. NR4 bearish breakout pattern scanner shows the list of stocks forming bearish breakout pattern after 4-bar consolidation.,,,False,1,N,,OHLC_D_I_NR4BEARBO
1784718917,"{'stkname': 'Everest Ind', 'ltp': '', 'perChg': '', 'stkId': 'EE02', 'displayLock': 'N', 'scanproflg': 1, 'scUrl': 'cement-productsbuilding-materials/everestindustries/EI19', 'columns': [{'name': 'change %', 'value': '-1.36'}, {'name': 'LTP', 'value': '483.00'}, {'name': 'Close Price value', 'value': '483.00'}, {'name': 'change absolute', 'value': '-6.65'}]}",OHLC_D_I_NR4BEARBO,NR 4 Breakdown,Four Bar Pattern,18,Range Breakout,NR4 is a 4-bar narrow range pattern. NR4 bearish breakout pattern scanner shows the list of stocks forming bearish breakout pattern after 4-bar consolidation.,,,False,1,N,,OHLC_D_I_NR4BEARBO
1784718917,"{'stkname': 'Shanthi Gears', 'ltp': '', 'perChg': '', 'stkId': 'SG04', 'displayLock': 'N', 'scanproflg': 1, 'scUrl': 'auto-ancillaries/shanthigears/SG04', 'columns': [{'name': 'change %', 'value': '-2.31'}, {'name': 'LTP', 'value': '410.15'}, {'name': 'Close Price value', 'value': '410.15'}, {'name': 'change absolute', 'value': '-9.70'}]}",OHLC_D_I_NR4BEARBO,NR 4 Breakdown,Four Bar Pattern,18,Range Breakout,NR4 is a 4-bar narrow range pattern. NR4 bearish breakout pattern scanner shows the list of stocks forming bearish breakout pattern after 4-bar consolidation.,,,False,1,N,,OHLC_D_I_NR4BEARBO
1784718917,"{'stkname': 'VST Tillers', 'ltp': '', 'perChg': '', 'stkId': 'VST01', 'displayLock': 'N', 'scanproflg': 1, 'scUrl': 'auto-tractors/vsttillerstractors/VST01', 'columns': [{'name': 'change %', 'value': '-1.12'}, {'name': 'LTP', 'value': '4,438.00'}, {'name': 'Close Price value', 'value': '4,438.00'}, {'name': 'change absolute', 'value': '-50.30'}]}",OHLC_D_I_NR4BEARBO,NR 4 Breakdown,Four Bar Pattern,18,Range Breakout,NR4 is a 4-bar narrow range pattern. NR4 bearish breakout pattern scanner shows the list of stocks forming bearish breakout pattern after 4-bar consolidation.,,,False,1,N,,OHLC_D_I_NR4BEARBO
1784718917,"{'stkname': 'Strides Pharma', 'ltp': '', 'perChg': '', 'stkId': 'SA10', 'displayLock': 'N', 'scanproflg': 1, 'scUrl': 'pharmaceuticals/stridespharmascience/SA10', 'columns': [{'name': 'change %', 'value': '-0.84'}, {'name': 'LTP', 'value': '1,042.50'}, {'name': 'Close Price value', 'value': '1,042.50'}, {'name': 'change absolute', 'value': '-8.80'}]}",OHLC_D_I_NR4BEARBO,NR 4 Breakdown,Four Bar Pattern,18,Range Breakout,NR4 is a 4-bar narrow range pattern. NR4 bearish breakout pattern scanner shows the list of stocks forming bearish breakout pattern after 4-bar consolidation.,,,False,1,N,,OHLC_D_I_NR4BEARBO
1784718917,"{'stkname': 'Zee Entertain', 'ltp': '', 'perChg': '', 'stkId': 'ZT', 'displayLock': 'N', 'scanproflg': 1, 'scUrl': 'mediaentertainment/zeeentertainmententerprises/ZEE', 'columns': [{'name': 'change %', 'value': '-1.80'}, {'name': 'LTP', 'value': '105.64'}, {'name': 'Close Price value', 'value': '105.64'}, {'name': 'change absolute', 'value': '-1.94'}]}",OHLC_D_I_NR4BEARBO,NR 4 Breakdown,Four Bar Pattern,18,Range Breakout,NR4 is a 4-bar narrow range pattern. NR4 bearish breakout pattern scanner shows the list of stocks forming bearish breakout pattern after 4-bar consolidation.,,,False,1,N,,OHLC_D_I_NR4BEARBO
1784718917,"{'stkname': 'V-Mart Retail', 'ltp': '', 'perChg': '', 'stkId': 'VR03', 'displayLock': 'N', 'scanproflg': 1, 'scUrl': 'retail/v-martretail/VR03', 'columns': [{'name': 'change %', 'value': '-1.18'}, {'name': 'LTP', 'value': '765.10'}, {'name': 'Close Price value', 'value': '765.10'}, {'name': 'change absolute', 'value': '-9.10'}]}",OHLC_D_I_NR4BEARBO,NR 4 Breakdown,Four Bar Pattern,18,Range Breakout,NR4 is a 4-bar narrow range pattern. NR4 bearish breakout pattern scanner shows the list of stocks forming bearish breakout pattern after 4-bar consolidation.,,,False,1,N,,OHLC_D_I_NR4BEARBO
1784718917,"{'stkname': 'Va Tech Wabag', 'ltp': '', 'perChg': '', 'stkId': 'VTW', 'displayLock': 'N', 'scanproflg': 1, 'scUrl': 'infrastructure/vatechwabag/VTW', 'columns': [{'name': 'change %', 'value': '-1.16'}, {'name': 'LTP', 'value': '2,075.90'}, {'name': 'Close Price value', 'value': '2,075.90'}, {'name': 'change absolute', 'value': '-24.30'}]}",OHLC_D_I_NR4BEARBO,NR 4 Breakdown,Four Bar Pattern,18,Range Breakout,NR4 is a 4-bar narrow range pattern. NR4 bearish breakout pattern scanner shows the list of stocks forming bearish breakout pattern after 4-bar consolidation.,,,False,1,N,,OHLC_D_I_NR4BEARBO
1784718917,"{'stkname': 'Ceat', 'ltp': '', 'perChg': '', 'stkId': 'C07', 'displayLock': 'N', 'scanproflg': 1, 'scUrl': 'tyres/ceat/C07', 'columns': [{'name': 'change %', 'value': '-1.79'}, {'name': 'LTP', 'value': '3,347.00'}, {'name': 'Close Price value', 'value': '3,347.00'}, {'name': 'change absolute', 'value': '-61.00'}]}",OHLC_D_I_NR4BEARBO,NR 4 Breakdown,Four Bar Pattern,18,Range Breakout,NR4 is a 4-bar narrow range pattern. NR4 bearish breakout pattern scanner shows the list of stocks forming bearish breakout pattern after 4-bar consolidation.,,,False,1,N,,OHLC_D_I_NR4BEARBO
1784718917,"{'stkname': 'Kotyark Ind', 'ltp': '', 'perChg': '', 'stkId': 'KI25', 'displayLock': 'N', 'scanproflg': 1, 'scUrl': 'renewables/kotyarkindustries/KI10', 'columns': [{'name': 'change %', 'value': '-2.84'}, {'name': 'LTP', 'value': '33.50'}, {'name': 'Close Price value', 'value': '33.50'}, {'name': 'change absolute', 'value': '-0.98'}]}",OHLC_D_I_NR4BEARBO,NR 4 Breakdown,Four Bar Pattern,18,Range Breakout,NR4 is a 4-bar narrow range pattern. NR4 bearish breakout pattern scanner shows the list of stocks forming bearish breakout pattern after 4-bar consolidation.,,,False,1,N,,OHLC_D_I_NR4BEARBO
1784718917,"{'stkname': 'Atul Auto', 'ltp': '', 'perChg': '', 'stkId': 'AA08', 'displayLock': 'N', 'scanproflg': 1, 'scUrl': 'auto-23-wheelers/atulauto/AA08', 'columns': [{'name': 'change %', 'value': '-0.98'}, {'name': 'LTP', 'value': '479.05'}, {'name': 'Close Price value', 'value': '479.05'}, {'name': 'change absolute', 'value': '-4.75'}]}",OHLC_D_I_NR4BEARBO,NR 4 Breakdown,Four Bar Pattern,18,Range Breakout,NR4 is a 4-bar narrow range pattern. NR4 bearish breakout pattern scanner shows the list of stocks forming bearish breakout pattern after 4-bar consolidation.,,,False,1,N,,OHLC_D_I_NR4BEARBO
1784718917,"{'stkname': 'SUMITOMO', 'ltp': '', 'perChg': '', 'stkId': 'SUMIC54292', 'displayLock': 'N', 'scanproflg': 1, 'scUrl': 'pesticidesagrochemicals/sumitomochemicalindialimite/SUMIC54292', 'columns': [{'name': 'change %', 'value': '-1.68'}, {'name': 'LTP', 'value': '531.30'}, {'name': 'Close Price value', 'value': '531.30'}, {'name': 'change absolute', 'value': '-9.10'}]}",OHLC_D_I_NR4BEARBO,NR 4 Breakdown,Four Bar Pattern,18,Range Breakout,NR4 is a 4-bar narrow range pattern. NR4 bearish breakout pattern scanner shows the list of stocks forming bearish breakout pattern after 4-bar consolidation.,,,False,1,N,,OHLC_D_I_NR4BEARBO
1784718917,"{'stkname': 'Automotive Axle', 'ltp': '', 'perChg': '', 'stkId': 'AA06', 'displayLock': 'N', 'scanproflg': 1, 'scUrl': 'auto-ancillaries/automotiveaxles/AA06', 'columns': [{'name': 'change %', 'value': '-1.07'}, {'name': 'LTP', 'value': '1,815.10'}, {'name': 'Close Price value', 'value': '1,815.10'}, {'name': 'change absolute', 'value': '-19.60'}]}",OHLC_D_I_NR4BEARBO,NR 4 Breakdown,Four Bar Pattern,18,Range Breakout,NR4 is a 4-bar narrow range pattern. NR4 bearish breakout pattern scanner shows the list of stocks forming bearish breakout pattern after 4-bar consolidation.,,,False,1,N,,OHLC_D_I_NR4BEARBO
1784718917,"{'stkname': 'Hind Composites', 'ltp': '', 'perChg': '', 'stkId': 'HC06', 'displayLock': 'N', 'scanproflg': 1, 'scUrl': 'auto-ancillaries/hindustancomposites/HC06', 'columns': [{'name': 'change %', 'value': '-2.19'}, {'name': 'LTP', 'value': '430.00'}, {'name': 'Close Price value', 'value': '430.00'}, {'name': 'change absolute', 'value': '-9.65'}]}",OHLC_D_I_NR4BEARBO,NR 4 Breakdown,Four Bar Pattern,18,Range Breakout,NR4 is a 4-bar narrow range pattern. NR4 bearish breakout pattern scanner shows the list of stocks forming bearish breakout pattern after 4-bar consolidation.,,,False,1,N,,OHLC_D_I_NR4BEARBO
1784718917,"{'stkname': 'DLF', 'ltp': '', 'perChg': '', 'stkId': 'D04', 'displayLock': 'N', 'scanproflg': 1, 'scUrl': 'constructioncontracting-real-estate/dlf/D04', 'columns': [{'name': 'change %', 'value': '-3.14'}, {'name': 'LTP', 'value': '652.50'}, {'name': 'Close Price value', 'value': '652.50'}, {'name': 'change absolute', 'value': '-21.15'}]}",OHLC_D_I_NR4BEARBO,NR 4 Breakdown,Four Bar Pattern,18,Range Breakout,NR4 is a 4-bar narrow range pattern. NR4 bearish breakout pattern scanner shows the list of stocks forming bearish breakout pattern after 4-bar consolidation.,,,False,1,N,,OHLC_D_I_NR4BEARBO
1784718917,"{'stkname': 'KEC Intl', 'ltp': '', 'perChg': '', 'stkId': 'KEC03', 'displayLock': 'N', 'scanproflg': 1, 'scUrl': 'power-transmissionequipment/kecinternational/KEC04', 'columns': [{'name': 'change %', 'value': '-2.26'}, {'name': 'LTP', 'value': '479.70'}, {'name': 'Close Price value', 'value': '479.70'}, {'name': 'change absolute', 'value': '-11.10'}]}",OHLC_D_I_NR4BEARBO,NR 4 Breakdown,Four Bar Pattern,18,Range Breakout,NR4 is a 4-bar narrow range pattern. NR4 bearish breakout pattern scanner shows the list of stocks forming bearish breakout pattern after 4-bar consolidation.,,,False,1,N,,OHLC_D_I_NR4BEARBO
1784718917,"{'stkname': 'Oracle Fin Serv', 'ltp': '', 'perChg': '', 'stkId': 'S11', 'displayLock': 'N', 'scanproflg': 1, 'scUrl': 'computers-software/oraclefinancialservicessoftware/OFS01', 'columns': [{'name': 'change %', 'value': '-7.35'}, {'name': 'LTP', 'value': '10,777.00'}, {'name': 'Close Price value', 'value': '10,777.00'}, {'name': 'change absolute', 'value': '-855.00'}]}",OHLC_D_I_NR4BEARBO,NR 4 Breakdown,Four Bar Pattern,18,Range Breakout,NR4 is a 4-bar narrow range pattern. NR4 bearish breakout pattern scanner shows the list of stocks forming bearish breakout pattern after 4-bar consolidation.,,,False,1,N,,OHLC_D_I_NR4BEARBO
1784718917,"{'stkname': 'Mahindra Holida', 'ltp': '', 'perChg': '', 'stkId': 'MHR', 'displayLock': 'N', 'scanproflg': 1, 'scUrl': 'hotels/mahindraholidaysresortsindia/MHR', 'columns': [{'name': 'change %', 'value': '-6.48'}, {'name': 'LTP', 'value': '213.20'}, {'name': 'Close Price value', 'value': '213.20'}, {'name': 'change absolute', 'value': '-14.77'}]}",OHLC_D_I_NR4BEARBO,NR 4 Breakdown,Four Bar Pattern,18,Range Breakout,NR4 is a 4-bar narrow range pattern. NR4 bearish breakout pattern scanner shows the list of stocks forming bearish breakout pattern after 4-bar consolidation.,,,False,1,N,,OHLC_D_I_NR4BEARBO
1784718917,"{'stkname': 'Zydus Wellness', 'ltp': '', 'perChg': '', 'stkId': 'CNA', 'displayLock': 'N', 'scanproflg': 1, 'scUrl': 'vanaspatioils/zyduswellness/ZW01', 'columns': [{'name': 'change %', 'value': '-3.91'}, {'name': 'LTP', 'value': '569.10'}, {'name': 'Close Price value', 'value': '569.10'}, {'name': 'change absolute', 'value': '-23.15'}]}",OHLC_D_I_NR4BEARBO,NR 4 Breakdown,Four Bar Pattern,18,Range Breakout,NR4 is a 4-bar narrow range pattern. NR4 bearish breakout pattern scanner shows the list of stocks forming bearish breakout pattern after 4-bar consolidation.,,,False,1,N,,OHLC_D_I_NR4BEARBO
1784718917,"{'stkname': 'KRBL', 'ltp': '', 'perChg': '', 'stkId': 'KRB', 'displayLock': 'N', 'scanproflg': 1, 'scUrl': 'food-processing/krbl/KRB01', 'columns': [{'name': 'change %', 'value': '-0.45'}, {'name': 'LTP', 'value': '353.45'}, {'name': 'Close Price value', 'value': '353.45'}, {'name': 'change absolute', 'value': '-1.60'}]}",OHLC_D_I_NR4BEARBO,NR 4 Breakdown,Four Bar Pattern,18,Range Breakout,NR4 is a 4-bar narrow range pattern. NR4 bearish breakout pattern scanner shows the list of stocks forming bearish breakout pattern after 4-bar consolidation.,,,False,1,N,,OHLC_D_I_NR4BEARBO
1784718917,"{'stkname': 'PG Electroplast', 'ltp': '', 'perChg': '', 'stkId': 'PE06', 'displayLock': 'N', 'scanproflg': 1, 'scUrl': 'consumer-goods-electronic/pgelectroplast/PE06', 'columns': [{'name': 'change %', 'value': '-5.76'}, {'name': 'LTP', 'value': '575.00'}, {'name': 'Close Price value', 'value': '575.00'}, {'name': 'change absolute', 'value': '-35.15'}]}",OHLC_D_I_NR4BEARBO,NR 4 Breakdown,Four Bar Pattern,18,Range Breakout,NR4 is a 4-bar narrow range pattern. NR4 bearish breakout pattern scanner shows the list of stocks forming bearish breakout pattern after 4-bar consolidation.,,,False,1,N,,OHLC_D_I_NR4BEARBO
1784718917,"{'stkname': 'TSF Investments', 'ltp': '', 'perChg': '', 'stkId': 'SFH', 'displayLock': 'N', 'scanproflg': 1, 'scUrl': 'finance-general/tsfinvestments/SFH', 'columns': [{'name': 'change %', 'value': '-4.29'}, {'name': 'LTP', 'value': '448.90'}, {'name': 'Close Price value', 'value': '448.90'}, {'name': 'change absolute', 'value': '-20.10'}]}",OHLC_D_I_NR4BEARBO,NR 4 Breakdown,Four Bar Pattern,18,Range Breakout,NR4 is a 4-bar narrow range pattern. NR4 bearish breakout pattern scanner shows the list of stocks forming bearish breakout pattern after 4-bar consolidation.,,,False,1,N,,OHLC_D_I_NR4BEARBO
1784718917,"{'stkname': 'KSolves', 'ltp': '', 'perChg': '', 'stkId': 'KI23', 'displayLock': 'N', 'scanproflg': 1, 'scUrl': 'software/ksolvesindia/KI09', 'columns': [{'name': 'change %', 'value': '-2.26'}, {'name': 'LTP', 'value': '284.85'}, {'name': 'Close Price value', 'value': '284.85'}, {'name': 'change absolute', 'value': '-6.60'}]}",OHLC_D_I_NR4BEARBO,NR 4 Breakdown,Four Bar Pattern,18,Range Breakout,NR4 is a 4-bar narrow range pattern. NR4 bearish breakout pattern scanner shows the list of stocks forming bearish breakout pattern after 4-bar consolidation.,,,False,1,N,,OHLC_D_I_NR4BEARBO
1784718917,"{'stkname': 'Skipper', 'ltp': '', 'perChg': '', 'stkId': 'S19', 'displayLock': 'N', 'scanproflg': 1, 'scUrl': 'engineering/skipper/S21', 'columns': [{'name': 'change %', 'value': '-2.79'}, {'name': 'LTP', 'value': '530.50'}, {'name': 'Close Price value', 'value': '530.50'}, {'name': 'change absolute', 'value': '-15.25'}]}",OHLC_D_I_NR4BEARBO,NR 4 Breakdown,Four Bar Pattern,18,Range Breakout,NR4 is a 4-bar narrow range pattern. NR4 bearish breakout pattern scanner shows the list of stocks forming bearish breakout pattern after 4-bar consolidation.,,,False,1,N,,OHLC_D_I_NR4BEARBO
1784718917,"{'stkname': 'CG Consumer', 'ltp': '', 'perChg': '', 'stkId': 'CGC01', 'displayLock': 'N', 'scanproflg': 1, 'scUrl': 'electricals/cromptongreavesconsumerelectrical/CGC01', 'columns': [{'name': 'change %', 'value': '-0.95'}, {'name': 'LTP', 'value': '255.95'}, {'name': 'Close Price value', 'value': '255.95'}, {'name': 'change absolute', 'value': '-2.45'}]}",OHLC_D_I_NR4BEARBO,NR 4 Breakdown,Four Bar Pattern,18,Range Breakout,NR4 is a 4-bar narrow range pattern. NR4 bearish breakout pattern scanner shows the list of stocks forming bearish breakout pattern after 4-bar consolidation.,,,False,1,N,,OHLC_D_I_NR4BEARBO
1784718917,"{'stkname': 'Jindal Drilling', 'ltp': '', 'perChg': '', 'stkId': 'JDI', 'displayLock': 'N', 'scanproflg': 1, 'scUrl': 'oil-drillingexploration/jindaldrillingindustries/JDI', 'columns': [{'name': 'change %', 'value': '-0.41'}, {'name': 'LTP', 'value': '591.05'}, {'name': 'Close Price value', 'value': '591.05'}, {'name': 'change absolute', 'value': '-2.45'}]}",OHLC_D_I_NR4BEARBO,NR 4 Breakdown,Four Bar Pattern,18,Range Breakout,NR4 is a 4-bar narrow range pattern. NR4 bearish breakout pattern scanner shows the list of stocks forming bearish breakout pattern after 4-bar consolidation.,,,False,1,N,,OHLC_D_I_NR4BEARBO
1784718917,"{'stkname': 'JSW Infra', 'ltp': '', 'perChg': '', 'stkId': 'JIL05', 'displayLock': 'N', 'scanproflg': 1, 'scUrl': 'infrastructure/jswinfrastructure/JIL01', 'columns': [{'name': 'change %', 'value': '-3.80'}, {'name': 'LTP', 'value': '331.45'}, {'name': 'Close Price value', 'value': '331.45'}, {'name': 'change absolute', 'value': '-13.10'}]}",OHLC_D_I_NR4BEARBO,NR 4 Breakdown,Four Bar Pattern,18,Range Breakout,NR4 is a 4-bar narrow range pattern. NR4 bearish breakout pattern scanner shows the list of stocks forming bearish breakout pattern after 4-bar consolidation.,,,False,1,N,,OHLC_D_I_NR4BEARBO
1784718917,"{'stkname': 'Usha Martin', 'ltp': '', 'perChg': '', 'stkId': 'UB01', 'displayLock': 'N', 'scanproflg': 1, 'scUrl': 'steel-mediumsmall/ushamartin/UM01', 'columns': [{'name': 'change %', 'value': '-0.80'}, {'name': 'LTP', 'value': '496.20'}, {'name': 'Close Price value', 'value': '496.20'}, {'name': 'change absolute', 'value': '-4.00'}]}",OHLC_D_I_NR4BEARBO,NR 4 Breakdown,Four Bar Pattern,18,Range Breakout,NR4 is a 4-bar narrow range pattern. NR4 bearish breakout pattern scanner shows the list of stocks forming bearish breakout pattern after 4-bar consolidation.,,,False,1,N,,OHLC_D_I_NR4BEARBO
1784718917,"{'stkname': 'Yatharth HOSP', 'ltp': '', 'perChg': '', 'stkId': 'YHT', 'displayLock': 'N', 'scanproflg': 1, 'scUrl': 'hospitalhealthcare-services/yatharthhospitaltraumacareservices/YHT', 'columns': [{'name': 'change %', 'value': '-0.37'}, {'name': 'LTP', 'value': '854.00'}, {'name': 'Close Price value', 'value': '854.00'}, {'name': 'change absolute', 'value': '-3.20'}]}",OHLC_D_I_NR4BEARBO,NR 4 Breakdown,Four Bar Pattern,18,Range Breakout,NR4 is a 4-bar narrow range pattern. NR4 bearish breakout pattern scanner shows the list of stocks forming bearish breakout pattern after 4-bar consolidation.,,,False,1,N,,OHLC_D_I_NR4BEARBO
1784718917,"{'stkname': 'Harrisons Malay', 'ltp': '', 'perChg': '', 'stkId': 'HM02', 'displayLock': 'N', 'scanproflg': 1, 'scUrl': 'plantations-teacoffee/harrisonsmalyalam/HM02', 'columns': [{'name': 'change %', 'value': '-0.40'}, {'name': 'LTP', 'value': '218.25'}, {'name': 'Close Price value', 'value': '218.25'}, {'name': 'change absolute', 'value': '-0.88'}]}",OHLC_D_I_NR4BEARBO,NR 4 Breakdown,Four Bar Pattern,18,Range Breakout,NR4 is a 4-bar narrow range pattern. NR4 bearish breakout pattern scanner shows the list of stocks forming bearish breakout pattern after 4-bar consolidation.,,,False,1,N,,OHLC_D_I_NR4BEARBO
1784718917,"{'stkname': 'SBI Life Insura', 'ltp': '', 'perChg': '', 'stkId': 'SLI03', 'displayLock': 'N', 'scanproflg': 1, 'scUrl': 'lifehealth-insurance/sbilifeinsurancecompany/SLI03', 'columns': [{'name': 'change %', 'value': '-1.25'}, {'name': 'LTP', 'value': '1,805.00'}, {'name': 'Close Price value', 'value': '1,805.00'}, {'name': 'change absolute', 'value': '-22.90'}]}",OHLC_D_I_NR4BEARBO,NR 4 Breakdown,Four Bar Pattern,18,Range Breakout,NR4 is a 4-bar narrow range pattern. NR4 bearish breakout pattern scanner shows the list of stocks forming bearish breakout pattern after 4-bar consolidation.,,,False,1,N,,OHLC_D_I_NR4BEARBO
1784718917,"{'stkname': 'Inox Wind', 'ltp': '', 'perChg': '', 'stkId': 'IW', 'displayLock': 'N', 'scanproflg': 1, 'scUrl': 'power-generationdistribution/inoxwind/IW', 'columns': [{'name': 'change %', 'value': '-2.87'}, {'name': 'LTP', 'value': '76.75'}, {'name': 'Close Price value', 'value': '76.75'}, {'name': 'change absolute', 'value': '-2.27'}]}",OHLC_D_I_NR4BEARBO,NR 4 Breakdown,Four Bar Pattern,18,Range Breakout,NR4 is a 4-bar narrow range pattern. NR4 bearish breakout pattern scanner shows the list of stocks forming bearish breakout pattern after 4-bar consolidation.,,,False,1,N,,OHLC_D_I_NR4BEARBO
1784718917,"{'stkname': 'Tata Comm', 'ltp': '', 'perChg': '', 'stkId': 'VSN', 'displayLock': 'N', 'scanproflg': 1, 'scUrl': 'telecommunications-service/tatacommunications/TC17', 'columns': [{'name': 'change %', 'value': '-1.51'}, {'name': 'LTP', 'value': '1,791.30'}, {'name': 'Close Price value', 'value': '1,791.30'}, {'name': 'change absolute', 'value': '-27.50'}]}",OHLC_D_I_NR4BEARBO,NR 4 Breakdown,Four Bar Pattern,18,Range Breakout,NR4 is a 4-bar narrow range pattern. NR4 bearish breakout pattern scanner shows the list of stocks forming bearish breakout pattern after 4-bar consolidation.,,,False,1,N,,OHLC_D_I_NR4BEARBO
1784718917,"{'stkname': 'Zydus Life', 'ltp': '', 'perChg': '', 'stkId': 'CHC', 'displayLock': 'N', 'scanproflg': 1, 'scUrl': 'pharmaceuticalsdrugs/zyduslifesciences/CHC', 'columns': [{'name': 'change %', 'value': '-1.76'}, {'name': 'LTP', 'value': '1,123.00'}, {'name': 'Close Price value', 'value': '1,123.00'}, {'name': 'change absolute', 'value': '-20.10'}]}",OHLC_D_I_NR4BEARBO,NR 4 Breakdown,Four Bar Pattern,18,Range Breakout,NR4 is a 4-bar narrow range pattern. NR4 bearish breakout pattern scanner shows the list of stocks forming bearish breakout pattern after 4-bar consolidation.,,,False,1,N,,OHLC_D_I_NR4BEARBO
1784718917,"{'stkname': 'Apollo Hospital', 'ltp': '', 'perChg': '', 'stkId': 'AHE', 'displayLock': 'N', 'scanproflg': 1, 'scUrl': 'hospitalsmedical-services/apollohospitalsenterprises/AHE', 'columns': [{'name': 'change %', 'value': '-0.04'}, {'name': 'LTP', 'value': '8,922.50'}, {'name': 'Close Price value', 'value': '8,922.50'}, {'name': 'change absolute', 'value': '-4.00'}]}",OHLC_D_I_NR4BEARBO,NR 4 Breakdown,Four Bar Pattern,18,Range Breakout,NR4 is a 4-bar narrow range pattern. NR4 bearish breakout pattern scanner shows the list of stocks forming bearish breakout pattern after 4-bar consolidation.,,,False,1,N,,OHLC_D_I_NR4BEARBO
1784718917,"{'stkname': 'Bajaj Finance', 'ltp': '', 'perChg': '', 'stkId': 'BAF', 'displayLock': 'N', 'scanproflg': 1, 'scUrl': 'finance-nbfc/bajajfinance/BAF', 'columns': [{'name': 'change %', 'value': '-1.23'}, {'name': 'LTP', 'value': '1,056.10'}, {'name': 'Close Price value', 'value': '1,056.10'}, {'name': 'change absolute', 'value': '-13.10'}]}",OHLC_D_I_NR4BEARBO,NR 4 Breakdown,Four Bar Pattern,18,Range Breakout,NR4 is a 4-bar narrow range pattern. NR4 bearish breakout pattern scanner shows the list of stocks forming bearish breakout pattern after 4-bar consolidation.,,,False,1,N,,OHLC_D_I_NR4BEARBO
1784718917,"{'stkname': 'Godrej Agrovet', 'ltp': '', 'perChg': '', 'stkId': 'GA08', 'displayLock': 'N', 'scanproflg': 1, 'scUrl': 'miscellaneous/godrejagrovet/GA03', 'columns': [{'name': 'change %', 'value': '-1.09'}, {'name': 'LTP', 'value': '569.25'}, {'name': 'Close Price value', 'value': '569.25'}, {'name': 'change absolute', 'value': '-6.25'}]}",OHLC_D_I_NR4BEARBO,NR 4 Breakdown,Four Bar Pattern,18,Range Breakout,NR4 is a 4-bar narrow range pattern. NR4 bearish breakout pattern scanner shows the list of stocks forming bearish breakout pattern after 4-bar consolidation.,,,False,1,N,,OHLC_D_I_NR4BEARBO
1784718917,"{'stkname': 'Motilal Oswal', 'ltp': '', 'perChg': '', 'stkId': 'MOF01', 'displayLock': 'N', 'scanproflg': 1, 'scUrl': 'finance-general/motilaloswalfinancialservices/MOF01', 'columns': [{'name': 'change %', 'value': '-1.69'}, {'name': 'LTP', 'value': '948.40'}, {'name': 'Close Price value', 'value': '948.40'}, {'name': 'change absolute', 'value': '-16.35'}]}",OHLC_D_I_NR4BEARBO,NR 4 Breakdown,Four Bar Pattern,18,Range Breakout,NR4 is a 4-bar narrow range pattern. NR4 bearish breakout pattern scanner shows the list of stocks forming bearish breakout pattern after 4-bar consolidation.,,,False,1,N,,OHLC_D_I_NR4BEARBO
1784718917,"{'stkname': 'Torrent Power', 'ltp': '', 'perChg': '', 'stkId': 'TP13', 'displayLock': 'N', 'scanproflg': 1, 'scUrl': 'power-generationdistribution/torrentpower/TP14', 'columns': [{'name': 'change %', 'value': '-0.08'}, {'name': 'LTP', 'value': '1,434.70'}, {'name': 'Close Price value', 'value': '1,434.70'}, {'name': 'change absolute', 'value': '-1.20'}]}",OHLC_D_I_NR4BEARBO,NR 4 Breakdown,Four Bar Pattern,18,Range Breakout,NR4 is a 4-bar narrow range pattern. NR4 bearish breakout pattern scanner shows the list of stocks forming bearish breakout pattern after 4-bar consolidation.,,,False,1,N,,OHLC_D_I_NR4BEARBO
1784718917,"{'stkname': 'FSN E-Co Nykaa', 'ltp': '', 'perChg': '', 'stkId': 'FEV', 'displayLock': 'N', 'scanproflg': 1, 'scUrl': 'miscellaneous/fsne-commerceventuresnykaa/FEV', 'columns': [{'name': 'change %', 'value': '-0.35'}, {'name': 'LTP', 'value': '326.80'}, {'name': 'Close Price value', 'value': '326.80'}, {'name': 'change absolute', 'value': '-1.15'}]}",OHLC_D_I_NR4BEARBO,NR 4 Breakdown,Four Bar Pattern,18,Range Breakout,NR4 is a 4-bar narrow range pattern. NR4 bearish breakout pattern scanner shows the list of stocks forming bearish breakout pattern after 4-bar consolidation.,,,False,1,N,,OHLC_D_I_NR4BEARBO
1784718917,"{'stkname': 'Biocon', 'ltp': '', 'perChg': '', 'stkId': 'BL03', 'displayLock': 'N', 'scanproflg': 1, 'scUrl': 'pharmaceuticals/biocon/BL03', 'columns': [{'name': 'change %', 'value': '-0.34'}, {'name': 'LTP', 'value': '438.80'}, {'name': 'Close Price value', 'value': '438.80'}, {'name': 'change absolute', 'value': '-1.50'}]}",OHLC_D_I_NR4BEARBO,NR 4 Breakdown,Four Bar Pattern,18,Range Breakout,NR4 is a 4-bar narrow range pattern. NR4 bearish breakout pattern scanner shows the list of stocks forming bearish breakout pattern after 4-bar consolidation.,,,False,1,N,,OHLC_D_I_NR4BEARBO
1784718917,"{'stkname': 'Havells India', 'ltp': '', 'perChg': '', 'stkId': 'HI01', 'displayLock': 'N', 'scanproflg': 1, 'scUrl': 'electric-equipment/havellsindia/HI01', 'columns': [{'name': 'change %', 'value': '-0.71'}, {'name': 'LTP', 'value': '1,209.00'}, {'name': 'Close Price value', 'value': '1,209.00'}, {'name': 'change absolute', 'value': '-8.60'}]}",OHLC_D_I_NR4BEARBO,NR 4 Breakdown,Four Bar Pattern,18,Range Breakout,NR4 is a 4-bar narrow range pattern. NR4 bearish breakout pattern scanner shows the list of stocks forming bearish breakout pattern after 4-bar consolidation.,,,False,1,N,,OHLC_D_I_NR4BEARBO
1784718917,"{'stkname': 'HCL Tech', 'ltp': '', 'perChg': '', 'stkId': 'HCL02', 'displayLock': 'N', 'scanproflg': 1, 'scUrl': 'computers-software/hcltechnologies/HCL02', 'columns': [{'name': 'change %', 'value': '-0.20'}, {'name': 'LTP', 'value': '1,237.00'}, {'name': 'Close Price value', 'value': '1,237.00'}, {'name': 'change absolute', 'value': '-2.50'}]}",OHLC_D_I_NR4BEARBO,NR 4 Breakdown,Four Bar Pattern,18,Range Breakout,NR4 is a 4-bar narrow range pattern. NR4 bearish breakout pattern scanner shows the list of stocks forming bearish breakout pattern after 4-bar consolidation.,,,False,1,N,,OHLC_D_I_NR4BEARBO
1784718917,"{'stkname': 'ICICI Lombard ', 'ltp': '', 'perChg': '', 'stkId': 'ILG', 'displayLock': 'N', 'scanproflg': 1, 'scUrl': 'multiline-insurancebrokers/icicilombardgeneralinsurancecompany/ILG', 'columns': [{'name': 'change %', 'value': '-2.06'}, {'name': 'LTP', 'value': '1,590.60'}, {'name': 'Close Price value', 'value': '1,590.60'}, {'name': 'change absolute', 'value': '-33.40'}]}",OHLC_D_I_NR4BEARBO,NR 4 Breakdown,Four Bar Pattern,18,Range Breakout,NR4 is a 4-bar narrow range pattern. NR4 bearish breakout pattern scanner shows the list of stocks forming bearish breakout pattern after 4-bar consolidation.,,,False,1,N,,OHLC_D_I_NR4BEARBO
1784718917,"{'stkname': 'RBL Bank', 'ltp': '', 'perChg': '', 'stkId': 'RB02', 'displayLock': 'N', 'scanproflg': 1, 'scUrl': 'banks-private-sector/rblbank/RB03', 'columns': [{'name': 'change %', 'value': '-2.87'}, {'name': 'LTP', 'value': '356.65'}, {'name': 'Close Price value', 'value': '356.65'}, {'name': 'change absolute', 'value': '-10.55'}]}",OHLC_D_I_NR4BEARBO,NR 4 Breakdown,Four Bar Pattern,18,Range Breakout,NR4 is a 4-bar narrow range pattern. NR4 bearish breakout pattern scanner shows the list of stocks forming bearish breakout pattern after 4-bar consolidation.,,,False,1,N,,OHLC_D_I_NR4BEARBO
1784718917,"{'stkname': 'Angel One', 'ltp': '', 'perChg': '', 'stkId': 'ABL03', 'displayLock': 'N', 'scanproflg': 1, 'scUrl': 'finance-stock-broking/angelone/ABL03', 'columns': [{'name': 'change %', 'value': '-3.08'}, {'name': 'LTP', 'value': '312.00'}, {'name': 'Close Price value', 'value': '312.00'}, {'name': 'change absolute', 'value': '-9.90'}]}",OHLC_D_I_NR4BEARBO,NR 4 Breakdown,Four Bar Pattern,18,Range Breakout,NR4 is a 4-bar narrow range pattern. NR4 bearish breakout pattern scanner shows the list of stocks forming bearish breakout pattern after 4-bar consolidation.,,,False,1,N,,OHLC_D_I_NR4BEARBO
1784718917,"{'stkname': 'Shree Cements', 'ltp': '', 'perChg': '', 'stkId': 'SC12', 'displayLock': 'N', 'scanproflg': 1, 'scUrl': 'cement-major/shreecements/SC12', 'columns': [{'name': 'change %', 'value': '-1.91'}, {'name': 'LTP', 'value': '26,725.00'}, {'name': 'Close Price value', 'value': '26,725.00'}, {'name': 'change absolute', 'value': '-520.00'}]}",OHLC_D_I_NR4BEARBO,NR 4 Breakdown,Four Bar Pattern,18,Range Breakout,NR4 is a 4-bar narrow range pattern. NR4 bearish breakout pattern scanner shows the list of stocks forming bearish breakout pattern after 4-bar consolidation.,,,False,1,N,,OHLC_D_I_NR4BEARBO
1784718917,"{'stkname': 'Bata India', 'ltp': '', 'perChg': '', 'stkId': 'BI01', 'displayLock': 'N', 'scanproflg': 1, 'scUrl': 'leather-products/bataindia/BI01', 'columns': [{'name': 'change %', 'value': '-0.94'}, {'name': 'LTP', 'value': '692.35'}, {'name': 'Close Price value', 'value': '692.35'}, {'name': 'change absolute', 'value': '-6.55'}]}",OHLC_D_I_NR4BEARBO,NR 4 Breakdown,Four Bar Pattern,18,Range Breakout,NR4 is a 4-bar narrow range pattern. NR4 bearish breakout pattern scanner shows the list of stocks forming bearish breakout pattern after 4-bar consolidation.,,,False,1,N,,OHLC_D_I_NR4BEARBO
1784718917,"{'stkname': 'Whirlpool', 'ltp': '', 'perChg': '', 'stkId': 'WI', 'displayLock': 'N', 'scanproflg': 1, 'scUrl': 'consumer-goods-white-goods/whirlpoolindia/WI', 'columns': [{'name': 'change %', 'value': '-1.42'}, {'name': 'LTP', 'value': '758.80'}, {'name': 'Close Price value', 'value': '758.80'}, {'name': 'change absolute', 'value': '-10.90'}]}",OHLC_D_I_NR4BEARBO,NR 4 Breakdown,Four Bar Pattern,18,Range Breakout,NR4 is a 4-bar narrow range pattern. NR4 bearish breakout pattern scanner shows the list of stocks forming bearish breakout pattern after 4-bar consolidation.,,,False,1,N,,OHLC_D_I_NR4BEARBO
1784718917,"{'stkname': 'Hitachi Energy', 'ltp': '', 'perChg': '', 'stkId': 'APP03', 'displayLock': 'N', 'scanproflg': 1, 'scUrl': 'electric-equipment/hitachienergyindia/APP03', 'columns': [{'name': 'change %', 'value': '-0.17'}, {'name': 'LTP', 'value': '32,130.00'}, {'name': 'Close Price value', 'value': '32,130.00'}, {'name': 'change absolute', 'value': '-55.00'}]}",OHLC_D_I_NR4BEARBO,NR 4 Breakdown,Four Bar Pattern,18,Range Breakout,NR4 is a 4-bar narrow range pattern. NR4 bearish breakout pattern scanner shows the list of stocks forming bearish breakout pattern after 4-bar consolidation.,,,False,1,N,,OHLC_D_I_NR4BEARBO
1784718917,"{'stkname': 'Torrent Pharma', 'ltp': '', 'perChg': '', 'stkId': 'TP06', 'displayLock': 'N', 'scanproflg': 1, 'scUrl': 'pharmaceuticals/torrentpharmaceuticals/TP06', 'columns': [{'name': 'change %', 'value': '-0.01'}, {'name': 'LTP', 'value': '5,040.00'}, {'name': 'Close Price value', 'value': '5,040.00'}, {'name': 'change absolute', 'value': '-0.70'}]}",OHLC_D_I_NR4BEARBO,NR 4 Breakdown,Four Bar Pattern,18,Range Breakout,NR4 is a 4-bar narrow range pattern. NR4 bearish breakout pattern scanner shows the list of stocks forming bearish breakout pattern after 4-bar consolidation.,,,False,1,N,,OHLC_D_I_NR4BEARBO
1784718917,"{'stkname': 'IOC', 'ltp': '', 'perChg': '', 'stkId': 'IOC', 'displayLock': 'N', 'scanproflg': 1, 'scUrl': 'refineries/indianoilcorporation/IOC', 'columns': [{'name': 'change %', 'value': '-1.19'}, {'name': 'LTP', 'value': '141.60'}, {'name': 'Close Price value', 'value': '141.60'}, {'name': 'change absolute', 'value': '-1.70'}]}",OHLC_D_I_NR4BEARBO,NR 4 Breakdown,Four Bar Pattern,18,Range Breakout,NR4 is a 4-bar narrow range pattern. NR4 bearish breakout pattern scanner shows the list of stocks forming bearish breakout pattern after 4-bar consolidation.,,,False,1,N,,OHLC_D_I_NR4BEARBO
1784718917,"{'stkname': 'BPCL', 'ltp': '', 'perChg': '', 'stkId': 'BPC', 'displayLock': 'N', 'scanproflg': 1, 'scUrl': 'refineries/bharatpetroleumcorporation/BPC', 'columns': [{'name': 'change %', 'value': '-3.07'}, {'name': 'LTP', 'value': '309.55'}, {'name': 'Close Price value', 'value': '309.55'}, {'name': 'change absolute', 'value': '-9.80'}]}",OHLC_D_I_NR4BEARBO,NR 4 Breakdown,Four Bar Pattern,18,Range Breakout,NR4 is a 4-bar narrow range pattern. NR4 bearish breakout pattern scanner shows the list of stocks forming bearish breakout pattern after 4-bar consolidation.,,,False,1,N,,OHLC_D_I_NR4BEARBO
1784718917,"{'stkname': 'Alkem Lab', 'ltp': '', 'perChg': '', 'stkId': 'AL16', 'displayLock': 'N', 'scanproflg': 1, 'scUrl': 'pharmaceuticals/alkemlaboratories/AL05', 'columns': [{'name': 'change %', 'value': '-1.90'}, {'name': 'LTP', 'value': '5,573.50'}, {'name': 'Close Price value', 'value': '5,573.50'}, {'name': 'change absolute', 'value': '-108.00'}]}",OHLC_D_I_NR4BEARBO,NR 4 Breakdown,Four Bar Pattern,18,Range Breakout,NR4 is a 4-bar narrow range pattern. NR4 bearish breakout pattern scanner shows the list of stocks forming bearish breakout pattern after 4-bar consolidation.,,,False,1,N,,OHLC_D_I_NR4BEARBO
1784718917,"{'stkname': 'Indian Renew', 'ltp': '', 'perChg': '', 'stkId': 'IREDAL', 'displayLock': 'N', 'scanproflg': 1, 'scUrl': 'power-generationdistribution/indianrenewableenergydevelopmentagency/IREDAL', 'columns': [{'name': 'change %', 'value': '-1.25'}, {'name': 'LTP', 'value': '119.63'}, {'name': 'Close Price value', 'value': '119.63'}, {'name': 'change absolute', 'value': '-1.52'}]}",OHLC_D_I_NR4BEARBO,NR 4 Breakdown,Four Bar Pattern,18,Range Breakout,NR4 is a 4-bar narrow range pattern. NR4 bearish breakout pattern scanner shows the list of stocks forming bearish breakout pattern after 4-bar consolidation.,,,False,1,N,,OHLC_D_I_NR4BEARBO
1784718917,"{'stkname': 'Voltas', 'ltp': '', 'perChg': '', 'stkId': 'V', 'displayLock': 'N', 'scanproflg': 1, 'scUrl': 'diversified/voltas/V', 'columns': [{'name': 'change %', 'value': '-3.72'}, {'name': 'LTP', 'value': '1,308.60'}, {'name': 'Close Price value', 'value': '1,308.60'}, {'name': 'change absolute', 'value': '-50.60'}]}",OHLC_D_I_NR4BEARBO,NR 4 Breakdown,Four Bar Pattern,18,Range Breakout,NR4 is a 4-bar narrow range pattern. NR4 bearish breakout pattern scanner shows the list of stocks forming bearish breakout pattern after 4-bar consolidation.,,,False,1,N,,OHLC_D_I_NR4BEARBO
1784718917,"{'stkname': 'ICICI Prudentia', 'ltp': '', 'perChg': '', 'stkId': 'IPL01', 'displayLock': 'N', 'scanproflg': 1, 'scUrl': 'finance-general/iciciprudentiallifeinsurancecompany/IPL01', 'columns': [{'name': 'change %', 'value': '-0.20'}, {'name': 'LTP', 'value': '499.50'}, {'name': 'Close Price value', 'value': '499.50'}, {'name': 'change absolute', 'value': '-1.00'}]}",OHLC_D_I_NR4BEARBO,NR 4 Breakdown,Four Bar Pattern,18,Range Breakout,NR4 is a 4-bar narrow range pattern. NR4 bearish breakout pattern scanner shows the list of stocks forming bearish breakout pattern after 4-bar consolidation.,,,False,1,N,,OHLC_D_I_NR4BEARBO
1784718917,"{'stkname': 'NMDC', 'ltp': '', 'perChg': '', 'stkId': 'NMD01', 'displayLock': 'N', 'scanproflg': 1, 'scUrl': 'miningminerals/nmdc/NMD02', 'columns': [{'name': 'change %', 'value': '-0.69'}, {'name': 'LTP', 'value': '83.35'}, {'name': 'Close Price value', 'value': '83.35'}, {'name': 'change absolute', 'value': '-0.58'}]}",OHLC_D_I_NR4BEARBO,NR 4 Breakdown,Four Bar Pattern,18,Range Breakout,NR4 is a 4-bar narrow range pattern. NR4 bearish breakout pattern scanner shows the list of stocks forming bearish breakout pattern after 4-bar consolidation.,,,False,1,N,,OHLC_D_I_NR4BEARBO
1784718917,"{'stkname': 'SAIL', 'ltp': '', 'perChg': '', 'stkId': 'SAI', 'displayLock': 'N', 'scanproflg': 1, 'scUrl': 'steel-large/steelauthorityindia/SAI', 'columns': [{'name': 'change %', 'value': '-1.51'}, {'name': 'LTP', 'value': '161.60'}, {'name': 'Close Price value', 'value': '161.60'}, {'name': 'change absolute', 'value': '-2.47'}]}",OHLC_D_I_NR4BEARBO,NR 4 Breakdown,Four Bar Pattern,18,Range Breakout,NR4 is a 4-bar narrow range pattern. NR4 bearish breakout pattern scanner shows the list of stocks forming bearish breakout pattern after 4-bar consolidation.,,,False,1,N,,OHLC_D_I_NR4BEARBO
1784718917,"{'stkname': 'GE Vernova TD', 'ltp': '', 'perChg': '', 'stkId': 'GEC', 'displayLock': 'N', 'scanproflg': 1, 'scUrl': 'power-transmissionequipment/gevernovatdindia/ATD', 'columns': [{'name': 'change %', 'value': '-0.18'}, {'name': 'LTP', 'value': '4,479.00'}, {'name': 'Close Price value', 'value': '4,479.00'}, {'name': 'change absolute', 'value': '-8.30'}]}",OHLC_D_I_NR4BEARBO,NR 4 Breakdown,Four Bar Pattern,18,Range Breakout,NR4 is a 4-bar narrow range pattern. NR4 bearish breakout pattern scanner shows the list of stocks forming bearish breakout pattern after 4-bar consolidation.,,,False,1,N,,OHLC_D_I_NR4BEARBO
1784718917,"{'stkname': 'Coal India', 'ltp': '', 'perChg': '', 'stkId': 'CI29', 'displayLock': 'N', 'scanproflg': 1, 'scUrl': 'miningminerals/coalindia/CI11', 'columns': [{'name': 'change %', 'value': '-0.56'}, {'name': 'LTP', 'value': '428.85'}, {'name': 'Close Price value', 'value': '428.85'}, {'name': 'change absolute', 'value': '-2.40'}]}",OHLC_D_I_NR4BEARBO,NR 4 Breakdown,Four Bar Pattern,18,Range Breakout,NR4 is a 4-bar narrow range pattern. NR4 bearish breakout pattern scanner shows the list of stocks forming bearish breakout pattern after 4-bar consolidation.,,,False,1,N,,OHLC_D_I_NR4BEARBO
1784718917,"{'stkname': 'HINDPETRO', 'ltp': '', 'perChg': '', 'stkId': 'HPC', 'displayLock': 'N', 'scanproflg': 1, 'scUrl': 'refineries/hindustanpetroleumcorporation/HPC', 'columns': [{'name': 'change %', 'value': '-3.10'}, {'name': 'LTP', 'value': '394.35'}, {'name': 'Close Price value', 'value': '394.35'}, {'name': 'change absolute', 'value': '-12.60'}]}",OHLC_D_I_NR4BEARBO,NR 4 Breakdown,Four Bar Pattern,18,Range Breakout,NR4 is a 4-bar narrow range pattern. NR4 bearish breakout pattern scanner shows the list of stocks forming bearish breakout pattern after 4-bar consolidation.,,,False,1,N,,OHLC_D_I_NR4BEARBO
1784718917,"{'stkname': 'Solar Ind', 'ltp': '', 'perChg': '', 'stkId': 'SE20', 'displayLock': 'N', 'scanproflg': 1, 'scUrl': 'chemicals/solarindustriesindia/SII04', 'columns': [{'name': 'change %', 'value': '-1.11'}, {'name': 'LTP', 'value': '18,834.00'}, {'name': 'Close Price value', 'value': '18,834.00'}, {'name': 'change absolute', 'value': '-211.00'}]}",OHLC_D_I_NR4BEARBO,NR 4 Breakdown,Four Bar Pattern,18,Range Breakout,NR4 is a 4-bar narrow range pattern. NR4 bearish breakout pattern scanner shows the list of stocks forming bearish breakout pattern after 4-bar consolidation.,,,False,1,N,,OHLC_D_I_NR4BEARBO
1784718917,"{'stkname': 'Bharat Forge', 'ltp': '', 'perChg': '', 'stkId': 'BFC', 'displayLock': 'N', 'scanproflg': 1, 'scUrl': 'castingsforgings/bharatforge/BF03', 'columns': [{'name': 'change %', 'value': '-0.79'}, {'name': 'LTP', 'value': '2,184.50'}, {'name': 'Close Price value', 'value': '2,184.50'}, {'name': 'change absolute', 'value': '-17.30'}]}",OHLC_D_I_NR4BEARBO,NR 4 Breakdown,Four Bar Pattern,18,Range Breakout,NR4 is a 4-bar narrow range pattern. NR4 bearish breakout pattern scanner shows the list of stocks forming bearish breakout pattern after 4-bar consolidation.,,,False,1,N,,OHLC_D_I_NR4BEARBO
1784718917,"{'stkname': 'BSE Limited', 'ltp': '', 'perChg': '', 'stkId': 'B03', 'displayLock': 'N', 'scanproflg': 1, 'scUrl': 'miscellaneous/bselimited/B08', 'columns': [{'name': 'change %', 'value': '-0.89'}, {'name': 'LTP', 'value': '3,631.30'}, {'name': 'Close Price value', 'value': '3,631.30'}, {'name': 'change absolute', 'value': '-32.70'}]}",OHLC_D_I_NR4BEARBO,NR 4 Breakdown,Four Bar Pattern,18,Range Breakout,NR4 is a 4-bar narrow range pattern. NR4 bearish breakout pattern scanner shows the list of stocks forming bearish breakout pattern after 4-bar consolidation.,,,False,1,N,,OHLC_D_I_NR4BEARBO
1784718917,"{'stkname': 'Max Financial', 'ltp': '', 'perChg': '', 'stkId': 'MI', 'displayLock': 'N', 'scanproflg': 1, 'scUrl': 'finance-investments/maxfinancialservices/MI', 'columns': [{'name': 'change %', 'value': '-0.89'}, {'name': 'LTP', 'value': '1,525.70'}, {'name': 'Close Price value', 'value': '1,525.70'}, {'name': 'change absolute', 'value': '-13.70'}]}",OHLC_D_I_NR4BEARBO,NR 4 Breakdown,Four Bar Pattern,18,Range Breakout,NR4 is a 4-bar narrow range pattern. NR4 bearish breakout pattern scanner shows the list of stocks forming bearish breakout pattern after 4-bar consolidation.,,,False,1,N,,OHLC_D_I_NR4BEARBO
1784718917,"{'stkname': 'Mirae Top20EW', 'ltp': '', 'perChg': '', 'stkId': 'MAN08', 'displayLock': 'N', 'scanproflg': 1, 'scUrl': 'etf/miraeassetniftytop20equalweightetf/MAN08', 'columns': [{'name': 'change %', 'value': '-0.57'}, {'name': 'LTP', 'value': '8.79'}, {'name': 'Close Price value', 'value': '8.79'}, {'name': 'change absolute', 'value': '-0.05'}]}",OHLC_D_I_NR4BEARBO,NR 4 Breakdown,Four Bar Pattern,18,Range Breakout,NR4 is a 4-bar narrow range pattern. NR4 bearish breakout pattern scanner shows the list of stocks forming bearish breakout pattern after 4-bar consolidation.,,,False,1,N,,OHLC_D_I_NR4BEARBO
1784718917,"{'stkname': 'Apar Ind', 'ltp': '', 'perChg': '', 'stkId': 'AI40', 'displayLock': 'N', 'scanproflg': 1, 'scUrl': 'electric-equipment/aparindustries/AI40', 'columns': [{'name': 'change %', 'value': '-1.43'}, {'name': 'LTP', 'value': '13,643.00'}, {'name': 'Close Price value', 'value': '13,643.00'}, {'name': 'change absolute', 'value': '-198.00'}]}",OHLC_D_I_NR4BEARBO,NR 4 Breakdown,Four Bar Pattern,18,Range Breakout,NR4 is a 4-bar narrow range pattern. NR4 bearish breakout pattern scanner shows the list of stocks forming bearish breakout pattern after 4-bar consolidation.,,,False,1,N,,OHLC_D_I_NR4BEARBO
1784718917,"{'stkname': 'Glenmark', 'ltp': '', 'perChg': '', 'stkId': 'GP08', 'displayLock': 'N', 'scanproflg': 1, 'scUrl': 'pharmaceuticals/glenmarkpharma/GP08', 'columns': [{'name': 'change %', 'value': '-1.43'}, {'name': 'LTP', 'value': '2,210.00'}, {'name': 'Close Price value', 'value': '2,210.00'}, {'name': 'change absolute', 'value': '-32.10'}]}",OHLC_D_I_NR4BEARBO,NR 4 Breakdown,Four Bar Pattern,18,Range Breakout,NR4 is a 4-bar narrow range pattern. NR4 bearish breakout pattern scanner shows the list of stocks forming bearish breakout pattern after 4-bar consolidation.,,,False,1,N,,OHLC_D_I_NR4BEARBO
1784718917,"{'stkname': 'Mirae Nifty50', 'ltp': '', 'perChg': '', 'stkId': 'MAN506353', 'displayLock': 'N', 'scanproflg': 1, 'scUrl': 'etf/miraeassetnifty50etf/MAN506353', 'columns': [{'name': 'change %', 'value': '-0.79'}, {'name': 'LTP', 'value': '261.08'}, {'name': 'Close Price value', 'value': '261.08'}, {'name': 'change absolute', 'value': '-2.08'}]}",OHLC_D_I_NR4BEARBO,NR 4 Breakdown,Four Bar Pattern,18,Range Breakout,NR4 is a 4-bar narrow range pattern. NR4 bearish breakout pattern scanner shows the list of stocks forming bearish breakout pattern after 4-bar consolidation.,,,False,1,N,,OHLC_D_I_NR4BEARBO
1784718917,"{'stkname': 'SBI Nifty Nt50', 'ltp': '', 'perChg': '', 'stkId': 'SBI24', 'displayLock': 'N', 'scanproflg': 1, 'scUrl': 'etf/sbietfniftynext50/SBI25', 'columns': [{'name': 'change %', 'value': '-0.74'}, {'name': 'LTP', 'value': '774.00'}, {'name': 'Close Price value', 'value': '774.00'}, {'name': 'change absolute', 'value': '-5.78'}]}",OHLC_D_I_NR4BEARBO,NR 4 Breakdown,Four Bar Pattern,18,Range Breakout,NR4 is a 4-bar narrow range pattern. NR4 bearish breakout pattern scanner shows the list of stocks forming bearish breakout pattern after 4-bar consolidation.,,,False,1,N,,OHLC_D_I_NR4BEARBO
1784718917,"{'stkname': 'Delhivery', 'ltp': '', 'perChg': '', 'stkId': 'D05', 'displayLock': 'N', 'scanproflg': 1, 'scUrl': 'courier-services/delhivery/D06', 'columns': [{'name': 'change %', 'value': '-3.85'}, {'name': 'LTP', 'value': '466.10'}, {'name': 'Close Price value', 'value': '466.10'}, {'name': 'change absolute', 'value': '-18.65'}]}",OHLC_D_I_NR4BEARBO,NR 4 Breakdown,Four Bar Pattern,18,Range Breakout,NR4 is a 4-bar narrow range pattern. NR4 bearish breakout pattern scanner shows the list of stocks forming bearish breakout pattern after 4-bar consolidation.,,,False,1,N,,OHLC_D_I_NR4BEARBO
1784718917,"{'stkname': 'ICICI Bank', 'ltp': '', 'perChg': '', 'stkId': 'ICI02', 'displayLock': 'N', 'scanproflg': 1, 'scUrl': 'banks-private-sector/icicibank/ICI02', 'columns': [{'name': 'change %', 'value': '-1.60'}, {'name': 'LTP', 'value': '1,439.70'}, {'name': 'Close Price value', 'value': '1,439.70'}, {'name': 'change absolute', 'value': '-23.40'}]}",OHLC_D_I_NR4BEARBO,NR 4 Breakdown,Four Bar Pattern,18,Range Breakout,NR4 is a 4-bar narrow range pattern. NR4 bearish breakout pattern scanner shows the list of stocks forming bearish breakout pattern after 4-bar consolidation.,,,False,1,N,,OHLC_D_I_NR4BEARBO
1784718917,"{'stkname': 'SBI BankingETF', 'ltp': '', 'perChg': '', 'stkId': 'SBI25', 'displayLock': 'N', 'scanproflg': 1, 'scUrl': 'etf/sbietfbanking/SBI26', 'columns': [{'name': 'change %', 'value': '-0.96'}, {'name': 'LTP', 'value': '589.00'}, {'name': 'Close Price value', 'value': '589.00'}, {'name': 'change absolute', 'value': '-5.71'}]}",OHLC_D_I_NR4BEARBO,NR 4 Breakdown,Four Bar Pattern,18,Range Breakout,NR4 is a 4-bar narrow range pattern. NR4 bearish breakout pattern scanner shows the list of stocks forming bearish breakout pattern after 4-bar consolidation.,,,False,1,N,,OHLC_D_I_NR4BEARBO
1784718917,"{'stkname': 'Ipru Value 30', 'ltp': '', 'perChg': '', 'stkId': 'VAL3025851', 'displayLock': 'N', 'scanproflg': 1, 'scUrl': 'etf/iciciprudentialnifty200value30etf/VAL3025851', 'columns': [{'name': 'change %', 'value': '-0.58'}, {'name': 'LTP', 'value': '15.41'}, {'name': 'Close Price value', 'value': '15.41'}, {'name': 'change absolute', 'value': '-0.09'}]}",OHLC_D_I_NR4BEARBO,NR 4 Breakdown,Four Bar Pattern,18,Range Breakout,NR4 is a 4-bar narrow range pattern. NR4 bearish breakout pattern scanner shows the list of stocks forming bearish breakout pattern after 4-bar consolidation.,,,False,1,N,,OHLC_D_I_NR4BEARBO
1784718917,"{'stkname': 'Federal Bank', 'ltp': '', 'perChg': '', 'stkId': 'FB', 'displayLock': 'N', 'scanproflg': 1, 'scUrl': 'banks-private-sector/federalbank/FB', 'columns': [{'name': 'change %', 'value': '-0.90'}, {'name': 'LTP', 'value': '352.85'}, {'name': 'Close Price value', 'value': '352.85'}, {'name': 'change absolute', 'value': '-3.20'}]}",OHLC_D_I_NR4BEARBO,NR 4 Breakdown,Four Bar Pattern,18,Range Breakout,NR4 is a 4-bar narrow range pattern. NR4 bearish breakout pattern scanner shows the list of stocks forming bearish breakout pattern after 4-bar consolidation.,,,False,1,N,,OHLC_D_I_NR4BEARBO
1784718917,"{'stkname': 'SMALLGROWW', 'ltp': '', 'perChg': '', 'stkId': 'SMALL75174', 'displayLock': 'N', 'scanproflg': 1, 'scUrl': 'etf/growwniftysmallcap250momentumquality100etf/SMALL75174', 'columns': [{'name': 'change %', 'value': '-0.23'}, {'name': 'LTP', 'value': '47.55'}, {'name': 'Close Price value', 'value': '47.55'}, {'name': 'change absolute', 'value': '-0.11'}]}",OHLC_D_I_NR4BEARBO,NR 4 Breakdown,Four Bar Pattern,18,Range Breakout,NR4 is a 4-bar narrow range pattern. NR4 bearish breakout pattern scanner shows the list of stocks forming bearish breakout pattern after 4-bar consolidation.,,,False,1,N,,OHLC_D_I_NR4BEARBO
1784718917,"{'stkname': 'UTI BSE Sen Ne', 'ltp': '', 'perChg': '', 'stkId': 'UTISX9168', 'displayLock': 'N', 'scanproflg': 1, 'scUrl': 'etf/utibsesensexnext50etf/UTISX9168', 'columns': [{'name': 'change %', 'value': '-0.15'}, {'name': 'LTP', 'value': '94.42'}, {'name': 'Close Price value', 'value': '94.42'}, {'name': 'change absolute', 'value': '-0.14'}]}",OHLC_D_I_NR4BEARBO,NR 4 Breakdown,Four Bar Pattern,18,Range Breakout,NR4 is a 4-bar narrow range pattern. NR4 bearish breakout pattern scanner shows the list of stocks forming bearish breakout pattern after 4-bar consolidation.,,,False,1,N,,OHLC_D_I_NR4BEARBO
1784718917,"{'stkname': 'Ipru Nifty 50', 'ltp': '', 'perChg': '', 'stkId': 'ICI11', 'displayLock': 'N', 'scanproflg': 1, 'scUrl': 'etf/iciciprudentialnifty50etf/ICI11', 'columns': [{'name': 'change %', 'value': '-0.75'}, {'name': 'LTP', 'value': '271.80'}, {'name': 'Close Price value', 'value': '271.80'}, {'name': 'change absolute', 'value': '-2.05'}]}",OHLC_D_I_NR4BEARBO,NR 4 Breakdown,Four Bar Pattern,18,Range Breakout,NR4 is a 4-bar narrow range pattern. NR4 bearish breakout pattern scanner shows the list of stocks forming bearish breakout pattern after 4-bar consolidation.,,,False,1,N,,OHLC_D_I_NR4BEARBO
1784718917,"{'stkname': 'MA Select IPO', 'ltp': '', 'perChg': '', 'stkId': 'SELEC30109', 'displayLock': 'N', 'scanproflg': 1, 'scUrl': 'etf/miraeassetbseselectipoetf/SELEC30109', 'columns': [{'name': 'change %', 'value': '-1.18'}, {'name': 'LTP', 'value': '45.90'}, {'name': 'Close Price value', 'value': '45.90'}, {'name': 'change absolute', 'value': '-0.55'}]}",OHLC_D_I_NR4BEARBO,NR 4 Breakdown,Four Bar Pattern,18,Range Breakout,NR4 is a 4-bar narrow range pattern. NR4 bearish breakout pattern scanner shows the list of stocks forming bearish breakout pattern after 4-bar consolidation.,,,False,1,N,,OHLC_D_I_NR4BEARBO
1784718917,"{'stkname': 'Anand Rathi', 'ltp': '', 'perChg': '', 'stkId': 'ARW', 'displayLock': 'N', 'scanproflg': 1, 'scUrl': 'finance-investment/anandrathiwealth/ARW', 'columns': [{'name': 'change %', 'value': '-0.30'}, {'name': 'LTP', 'value': '2,085.00'}, {'name': 'Close Price value', 'value': '2,085.00'}, {'name': 'change absolute', 'value': '-6.20'}]}",OHLC_D_I_NR4BEARBO,NR 4 Breakdown,Four Bar Pattern,18,Range Breakout,NR4 is a 4-bar narrow range pattern. NR4 bearish breakout pattern scanner shows the list of stocks forming bearish breakout pattern after 4-bar consolidation.,,,False,1,N,,OHLC_D_I_NR4BEARBO
1784718917,"{'stkname': 'DSP Priv Bank', 'ltp': '', 'perChg': '', 'stkId': 'DSPPV17576', 'displayLock': 'N', 'scanproflg': 1, 'scUrl': 'etf/dspniftyprivatebanketf/DSPPV17576', 'columns': [{'name': 'change %', 'value': '-0.99'}, {'name': 'LTP', 'value': '27.97'}, {'name': 'Close Price value', 'value': '27.97'}, {'name': 'change absolute', 'value': '-0.28'}]}",OHLC_D_I_NR4BEARBO,NR 4 Breakdown,Four Bar Pattern,18,Range Breakout,NR4 is a 4-bar narrow range pattern. NR4 bearish breakout pattern scanner shows the list of stocks forming bearish breakout pattern after 4-bar consolidation.,,,False,1,N,,OHLC_D_I_NR4BEARBO
1784718917,"{'stkname': 'AXIS BSESensex', 'ltp': '', 'perChg': '', 'stkId': 'AXSEN14742', 'displayLock': 'N', 'scanproflg': 1, 'scUrl': 'etf/axisbsesensexetf/AXSEN14742', 'columns': [{'name': 'change %', 'value': '-0.50'}, {'name': 'LTP', 'value': '79.79'}, {'name': 'Close Price value', 'value': '79.79'}, {'name': 'change absolute', 'value': '-0.40'}]}",OHLC_D_I_NR4BEARBO,NR 4 Breakdown,Four Bar Pattern,18,Range Breakout,NR4 is a 4-bar narrow range pattern. NR4 bearish breakout pattern scanner shows the list of stocks forming bearish breakout pattern after 4-bar consolidation.,,,False,1,N,,OHLC_D_I_NR4BEARBO
1784718917,"{'stkname': 'Ipru BSESensex', 'ltp': '', 'perChg': '', 'stkId': 'ICI09', 'displayLock': 'N', 'scanproflg': 1, 'scUrl': 'etf/iciciprudentialbsesensexetf/ICI09', 'columns': [{'name': 'change %', 'value': '-0.89'}, {'name': 'LTP', 'value': '881.60'}, {'name': 'Close Price value', 'value': '881.60'}, {'name': 'change absolute', 'value': '-7.89'}]}",OHLC_D_I_NR4BEARBO,NR 4 Breakdown,Four Bar Pattern,18,Range Breakout,NR4 is a 4-bar narrow range pattern. NR4 bearish breakout pattern scanner shows the list of stocks forming bearish breakout pattern after 4-bar consolidation.,,,False,1,N,,OHLC_D_I_NR4BEARBO
1784718917,"{'stkname': 'Mirae Value50', 'ltp': '', 'perChg': '', 'stkId': 'MAN14', 'displayLock': 'N', 'scanproflg': 1, 'scUrl': 'etf/miraeassetnifty500value50etf/MAN14', 'columns': [{'name': 'change %', 'value': '-0.92'}, {'name': 'LTP', 'value': '16.13'}, {'name': 'Close Price value', 'value': '16.13'}, {'name': 'change absolute', 'value': '-0.15'}]}",OHLC_D_I_NR4BEARBO,NR 4 Breakdown,Four Bar Pattern,18,Range Breakout,NR4 is a 4-bar narrow range pattern. NR4 bearish breakout pattern scanner shows the list of stocks forming bearish breakout pattern after 4-bar consolidation.,,,False,1,N,,OHLC_D_I_NR4BEARBO
1784718917,"{'stkname': 'AU Small Financ', 'ltp': '', 'perChg': '', 'stkId': 'ASF03', 'displayLock': 'N', 'scanproflg': 1, 'scUrl': 'banks-private-sector/ausmallfinancebank/ASF02', 'columns': [{'name': 'change %', 'value': '-2.28'}, {'name': 'LTP', 'value': '980.40'}, {'name': 'Close Price value', 'value': '980.40'}, {'name': 'change absolute', 'value': '-22.90'}]}",OHLC_D_I_NR4BEARBO,NR 4 Breakdown,Four Bar Pattern,18,Range Breakout,NR4 is a 4-bar narrow range pattern. NR4 bearish breakout pattern scanner shows the list of stocks forming bearish breakout pattern after 4-bar consolidation.,,,False,1,N,,OHLC_D_I_NR4BEARBO
1784718917,"{'stkname': 'Mirae NiftyNext', 'ltp': '', 'perChg': '', 'stkId': 'MANXT17181', 'displayLock': 'N', 'scanproflg': 1, 'scUrl': 'etf/miraeassetniftynext50etf/MANXT17181', 'columns': [{'name': 'change %', 'value': '-0.41'}, {'name': 'LTP', 'value': '745.98'}, {'name': 'Close Price value', 'value': '745.98'}, {'name': 'change absolute', 'value': '-3.05'}]}",OHLC_D_I_NR4BEARBO,NR 4 Breakdown,Four Bar Pattern,18,Range Breakout,NR4 is a 4-bar narrow range pattern. NR4 bearish breakout pattern scanner shows the list of stocks forming bearish breakout pattern after 4-bar consolidation.,,,False,1,N,,OHLC_D_I_NR4BEARBO
1784718917,"{'stkname': 'QNIFTY', 'ltp': '', 'perChg': '', 'stkId': 'QIF', 'displayLock': 'N', 'scanproflg': 1, 'scUrl': 'etf/quantumnifty50etf/QIF', 'columns': [{'name': 'change %', 'value': '-0.68'}, {'name': 'LTP', 'value': '264.40'}, {'name': 'Close Price value', 'value': '264.40'}, {'name': 'change absolute', 'value': '-1.80'}]}",OHLC_D_I_NR4BEARBO,NR 4 Breakdown,Four Bar Pattern,18,Range Breakout,NR4 is a 4-bar narrow range pattern. NR4 bearish breakout pattern scanner shows the list of stocks forming bearish breakout pattern after 4-bar consolidation.,,,False,1,N,,OHLC_D_I_NR4BEARBO
1784718917,"{'stkname': 'DSP Smallcp250', 'ltp': '', 'perChg': '', 'stkId': 'DNS', 'displayLock': 'N', 'scanproflg': 1, 'scUrl': 'etf/dspniftysmallcap250etf/DNS', 'columns': [{'name': 'change %', 'value': '-1.82'}, {'name': 'LTP', 'value': '17.85'}, {'name': 'Close Price value', 'value': '17.85'}, {'name': 'change absolute', 'value': '-0.33'}]}",OHLC_D_I_NR4BEARBO,NR 4 Breakdown,Four Bar Pattern,18,Range Breakout,NR4 is a 4-bar narrow range pattern. NR4 bearish breakout pattern scanner shows the list of stocks forming bearish breakout pattern after 4-bar consolidation.,,,False,1,N,,OHLC_D_I_NR4BEARBO
1784718917,"{'stkname': 'MIDS ELIET ETF', 'ltp': '', 'perChg': '', 'stkId': 'ICI14', 'displayLock': 'N', 'scanproflg': 1, 'scUrl': 'etf/iciciprudentialbsemidcapselectetf/ICI14', 'columns': [{'name': 'change %', 'value': '-0.98'}, {'name': 'LTP', 'value': '19.25'}, {'name': 'Close Price value', 'value': '19.25'}, {'name': 'change absolute', 'value': '-0.19'}]}",OHLC_D_I_NR4BEARBO,NR 4 Breakdown,Four Bar Pattern,18,Range Breakout,NR4 is a 4-bar narrow range pattern. NR4 bearish breakout pattern scanner shows the list of stocks forming bearish breakout pattern after 4-bar consolidation.,,,False,1,N,,OHLC_D_I_NR4BEARBO
1784718917,"{'stkname': 'Kot Momentum30', 'ltp': '', 'perChg': '', 'stkId': 'KN2', 'displayLock': 'N', 'scanproflg': 1, 'scUrl': 'etf/kotaknifty200momentum30etf/KN2', 'columns': [{'name': 'change %', 'value': '-0.36'}, {'name': 'LTP', 'value': '30.59'}, {'name': 'Close Price value', 'value': '30.59'}, {'name': 'change absolute', 'value': '-0.11'}]}",OHLC_D_I_NR4BEARBO,NR 4 Breakdown,Four Bar Pattern,18,Range Breakout,NR4 is a 4-bar narrow range pattern. NR4 bearish breakout pattern scanner shows the list of stocks forming bearish breakout pattern after 4-bar consolidation.,,,False,1,N,,OHLC_D_I_NR4BEARBO
1784718917,"{'stkname': 'MO N500M50ETF', 'ltp': '', 'perChg': '', 'stkId': 'MOMEN25606', 'displayLock': 'N', 'scanproflg': 1, 'scUrl': 'etf/motilaloswalnifty500momentum50etf/MOMEN25606', 'columns': [{'name': 'change %', 'value': '-0.51'}, {'name': 'LTP', 'value': '52.85'}, {'name': 'Close Price value', 'value': '52.85'}, {'name': 'change absolute', 'value': '-0.27'}]}",OHLC_D_I_NR4BEARBO,NR 4 Breakdown,Four Bar Pattern,18,Range Breakout,NR4 is a 4-bar narrow range pattern. NR4 bearish breakout pattern scanner shows the list of stocks forming bearish breakout pattern after 4-bar consolidation.,,,False,1,N,,OHLC_D_I_NR4BEARBO
1784718917,"{'stkname': 'MO Nifty200Mom', 'ltp': '', 'perChg': '', 'stkId': 'MON01', 'displayLock': 'N', 'scanproflg': 1, 'scUrl': 'etf/motilaloswalnifty200momentum30etf/MON01', 'columns': [{'name': 'change %', 'value': '-0.18'}, {'name': 'LTP', 'value': '61.95'}, {'name': 'Close Price value', 'value': '61.95'}, {'name': 'change absolute', 'value': '-0.11'}]}",OHLC_D_I_NR4BEARBO,NR 4 Breakdown,Four Bar Pattern,18,Range Breakout,NR4 is a 4-bar narrow range pattern. NR4 bearish breakout pattern scanner shows the list of stocks forming bearish breakout pattern after 4-bar consolidation.,,,False,1,N,,OHLC_D_I_NR4BEARBO
1784718917,"{'stkname': 'UTI Nifty Next', 'ltp': '', 'perChg': '', 'stkId': 'UTINE21478', 'displayLock': 'N', 'scanproflg': 1, 'scUrl': 'etf/utiniftynext50etf/UTINE21478', 'columns': [{'name': 'change %', 'value': '-0.15'}, {'name': 'LTP', 'value': '78.17'}, {'name': 'Close Price value', 'value': '78.17'}, {'name': 'change absolute', 'value': '-0.12'}]}",OHLC_D_I_NR4BEARBO,NR 4 Breakdown,Four Bar Pattern,18,Range Breakout,NR4 is a 4-bar narrow range pattern. NR4 bearish breakout pattern scanner shows the list of stocks forming bearish breakout pattern after 4-bar consolidation.,,,False,1,N,,OHLC_D_I_NR4BEARBO
1784718917,"{'stkname': 'ICICI N100 ETF', 'ltp': '', 'perChg': '', 'stkId': 'ICI12', 'displayLock': 'N', 'scanproflg': 1, 'scUrl': 'etf/iciciprudentialnifty100etf/ICI12', 'columns': [{'name': 'change %', 'value': '-0.39'}, {'name': 'LTP', 'value': '28.03'}, {'name': 'Close Price value', 'value': '28.03'}, {'name': 'change absolute', 'value': '-0.11'}]}",OHLC_D_I_NR4BEARBO,NR 4 Breakdown,Four Bar Pattern,18,Range Breakout,NR4 is a 4-bar narrow range pattern. NR4 bearish breakout pattern scanner shows the list of stocks forming bearish breakout pattern after 4-bar consolidation.,,,False,1,N,,OHLC_D_I_NR4BEARBO
1784718917,"{'stkname': 'Nipp NiftyPhar', 'ltp': '', 'perChg': '', 'stkId': 'NIN', 'displayLock': 'N', 'scanproflg': 1, 'scUrl': 'etf/nipponindianiftypharmaetf/NIN', 'columns': [{'name': 'change %', 'value': '-1.34'}, {'name': 'LTP', 'value': '26.50'}, {'name': 'Close Price value', 'value': '26.50'}, {'name': 'change absolute', 'value': '-0.36'}]}",OHLC_D_I_NR4BEARBO,NR 4 Breakdown,Four Bar Pattern,18,Range Breakout,NR4 is a 4-bar narrow range pattern. NR4 bearish breakout pattern scanner shows the list of stocks forming bearish breakout pattern after 4-bar consolidation.,,,False,1,N,,OHLC_D_I_NR4BEARBO
1784718917,"{'stkname': 'UTI BSE Sensex', 'ltp': '', 'perChg': '', 'stkId': 'UTI20', 'displayLock': 'N', 'scanproflg': 1, 'scUrl': 'etf/utibsesensexetf/UTI20', 'columns': [{'name': 'change %', 'value': '-0.78'}, {'name': 'LTP', 'value': '848.80'}, {'name': 'Close Price value', 'value': '848.80'}, {'name': 'change absolute', 'value': '-6.67'}]}",OHLC_D_I_NR4BEARBO,NR 4 Breakdown,Four Bar Pattern,18,Range Breakout,NR4 is a 4-bar narrow range pattern. NR4 bearish breakout pattern scanner shows the list of stocks forming bearish breakout pattern after 4-bar consolidation.,,,False,1,N,,OHLC_D_I_NR4BEARBO
1784718917,"{'stkname': 'Kot Midcap150', 'ltp': '', 'perChg': '', 'stkId': 'MID1530469', 'displayLock': 'N', 'scanproflg': 1, 'scUrl': 'etf/kotakniftymidcap150etf/MID1530469', 'columns': [{'name': 'change %', 'value': '-0.72'}, {'name': 'LTP', 'value': '23.32'}, {'name': 'Close Price value', 'value': '23.32'}, {'name': 'change absolute', 'value': '-0.17'}]}",OHLC_D_I_NR4BEARBO,NR 4 Breakdown,Four Bar Pattern,18,Range Breakout,NR4 is a 4-bar narrow range pattern. NR4 bearish breakout pattern scanner shows the list of stocks forming bearish breakout pattern after 4-bar consolidation.,,,False,1,N,,OHLC_D_I_NR4BEARBO
1784718917,"{'stkname': 'MOINFRA', 'ltp': '', 'perChg': '', 'stkId': 'MOINF75703', 'displayLock': 'N', 'scanproflg': 1, 'scUrl': 'miscellaneous/moinfra/MOINF75703', 'columns': [{'name': 'change %', 'value': '-0.78'}, {'name': 'LTP', 'value': '61.28'}, {'name': 'Close Price value', 'value': '61.28'}, {'name': 'change absolute', 'value': '-0.48'}]}",OHLC_D_I_NR4BEARBO,NR 4 Breakdown,Four Bar Pattern,18,Range Breakout,NR4 is a 4-bar narrow range pattern. NR4 bearish breakout pattern scanner shows the list of stocks forming bearish breakout pattern after 4-bar consolidation.,,,False,1,N,,OHLC_D_I_NR4BEARBO
1784718917,"{'stkname': 'MO Next 50', 'ltp': '', 'perChg': '', 'stkId': 'MONEX75716', 'displayLock': 'N', 'scanproflg': 1, 'scUrl': 'etf/motilaloswalniftynext50etf/MONEX75716', 'columns': [{'name': 'change %', 'value': '-0.04'}, {'name': 'LTP', 'value': '72.39'}, {'name': 'Close Price value', 'value': '72.39'}, {'name': 'change absolute', 'value': '-0.03'}]}",OHLC_D_I_NR4BEARBO,NR 4 Breakdown,Four Bar Pattern,18,Range Breakout,NR4 is a 4-bar narrow range pattern. NR4 bearish breakout pattern scanner shows the list of stocks forming bearish breakout pattern after 4-bar consolidation.,,,False,1,N,,OHLC_D_I_NR4BEARBO
1784718917,"{'stkname': 'MA N500 502525', 'ltp': '', 'perChg': '', 'stkId': 'MULTI25080', 'displayLock': 'N', 'scanproflg': 1, 'scUrl': 'etf/miraeassetnifty500multicap502525etf/MULTI25080', 'columns': [{'name': 'change %', 'value': '-0.78'}, {'name': 'LTP', 'value': '16.58'}, {'name': 'Close Price value', 'value': '16.58'}, {'name': 'change absolute', 'value': '-0.13'}]}",OHLC_D_I_NR4BEARBO,NR 4 Breakdown,Four Bar Pattern,18,Range Breakout,NR4 is a 4-bar narrow range pattern. NR4 bearish breakout pattern scanner shows the list of stocks forming bearish breakout pattern after 4-bar consolidation.,,,False,1,N,,OHLC_D_I_NR4BEARBO
1784718917,"{'stkname': 'Ipru Nifty Meta', 'ltp': '', 'perChg': '', 'stkId': 'METAL24861', 'displayLock': 'N', 'scanproflg': 1, 'scUrl': 'etf/iciciprudentialniftymetaletf/METAL24861', 'columns': [{'name': 'change %', 'value': '-0.55'}, {'name': 'LTP', 'value': '12.65'}, {'name': 'Close Price value', 'value': '12.65'}, {'name': 'change absolute', 'value': '-0.07'}]}",OHLC_D_I_NR4BEARBO,NR 4 Breakdown,Four Bar Pattern,18,Range Breakout,NR4 is a 4-bar narrow range pattern. NR4 bearish breakout pattern scanner shows the list of stocks forming bearish breakout pattern after 4-bar consolidation.,,,False,1,N,,OHLC_D_I_NR4BEARBO
1784718917,"{'stkname': 'Mirae NiftyMid', 'ltp': '', 'perChg': '', 'stkId': 'MAN05', 'displayLock': 'N', 'scanproflg': 1, 'scUrl': 'etf/miraeassetniftymidcap150etf/MAN05', 'columns': [{'name': 'change %', 'value': '-0.85'}, {'name': 'LTP', 'value': '23.45'}, {'name': 'Close Price value', 'value': '23.45'}, {'name': 'change absolute', 'value': '-0.20'}]}",OHLC_D_I_NR4BEARBO,NR 4 Breakdown,Four Bar Pattern,18,Range Breakout,NR4 is a 4-bar narrow range pattern. NR4 bearish breakout pattern scanner shows the list of stocks forming bearish breakout pattern after 4-bar consolidation.,,,False,1,N,,OHLC_D_I_NR4BEARBO
1784718917,"{'stkname': 'Mo Cap. Mkt.', 'ltp': '', 'perChg': '', 'stkId': 'MOCAP30065', 'displayLock': 'N', 'scanproflg': 1, 'scUrl': 'etf/motilaloswalniftycapitalmarketetf/MOCAP30065', 'columns': [{'name': 'change %', 'value': '-0.74'}, {'name': 'LTP', 'value': '53.82'}, {'name': 'Close Price value', 'value': '53.82'}, {'name': 'change absolute', 'value': '-0.40'}]}",OHLC_D_I_NR4BEARBO,NR 4 Breakdown,Four Bar Pattern,18,Range Breakout,NR4 is a 4-bar narrow range pattern. NR4 bearish breakout pattern scanner shows the list of stocks forming bearish breakout pattern after 4-bar consolidation.,,,False,1,N,,OHLC_D_I_NR4BEARBO
1784718917,"{'stkname': 'Zer Nifty 50', 'ltp': '', 'perChg': '', 'stkId': 'ZN5', 'displayLock': 'N', 'scanproflg': 1, 'scUrl': 'etf/zerodhanifty50etf/ZN5', 'columns': [{'name': 'change %', 'value': '-0.62'}, {'name': 'LTP', 'value': '9.63'}, {'name': 'Close Price value', 'value': '9.63'}, {'name': 'change absolute', 'value': '-0.06'}]}",OHLC_D_I_NR4BEARBO,NR 4 Breakdown,Four Bar Pattern,18,Range Breakout,NR4 is a 4-bar narrow range pattern. NR4 bearish breakout pattern scanner shows the list of stocks forming bearish breakout pattern after 4-bar consolidation.,,,False,1,N,,OHLC_D_I_NR4BEARBO
1784718917,"{'stkname': 'HDFC Nifty Gro', 'ltp': '', 'perChg': '', 'stkId': 'HNG03', 'displayLock': 'N', 'scanproflg': 1, 'scUrl': 'etf/hdfcniftygrowthsectors15etf/HNG03', 'columns': [{'name': 'change %', 'value': '-0.34'}, {'name': 'LTP', 'value': '116.20'}, {'name': 'Close Price value', 'value': '116.20'}, {'name': 'change absolute', 'value': '-0.40'}]}",OHLC_D_I_NR4BEARBO,NR 4 Breakdown,Four Bar Pattern,18,Range Breakout,NR4 is a 4-bar narrow range pattern. NR4 bearish breakout pattern scanner shows the list of stocks forming bearish breakout pattern after 4-bar consolidation.,,,False,1,N,,OHLC_D_I_NR4BEARBO
1784718917,"{'stkname': 'HDFC BSE Sensex', 'ltp': '', 'perChg': '', 'stkId': 'HDF05', 'displayLock': 'N', 'scanproflg': 1, 'scUrl': 'etf/hdfcbsesensexetf/HDF05', 'columns': [{'name': 'change %', 'value': '-0.66'}, {'name': 'LTP', 'value': '87.20'}, {'name': 'Close Price value', 'value': '87.20'}, {'name': 'change absolute', 'value': '-0.58'}]}",OHLC_D_I_NR4BEARBO,NR 4 Breakdown,Four Bar Pattern,18,Range Breakout,NR4 is a 4-bar narrow range pattern. NR4 bearish breakout pattern scanner shows the list of stocks forming bearish breakout pattern after 4-bar consolidation.,,,False,1,N,,OHLC_D_I_NR4BEARBO
1784718917,"{'stkname': 'Zer 8-13Y Gsec', 'ltp': '', 'perChg': '', 'stkId': 'ZN8', 'displayLock': 'N', 'scanproflg': 1, 'scUrl': 'etf/zerodhanifty8-13yrg-secetf/ZN8', 'columns': [{'name': 'change %', 'value': '-0.16'}, {'name': 'LTP', 'value': '30.46'}, {'name': 'Close Price value', 'value': '30.46'}, {'name': 'change absolute', 'value': '-0.05'}]}",OHLC_D_I_NR4BEARBO,NR 4 Breakdown,Four Bar Pattern,18,Range Breakout,NR4 is a 4-bar narrow range pattern. NR4 bearish breakout pattern scanner shows the list of stocks forming bearish breakout pattern after 4-bar consolidation.,,,False,1,N,,OHLC_D_I_NR4BEARBO
1784718917,"{'stkname': 'Nipp Nifty Mid', 'ltp': '', 'perChg': '', 'stkId': 'NIE02', 'displayLock': 'N', 'scanproflg': 1, 'scUrl': 'etf/nipponindiaetfniftymidcap150/NIE02', 'columns': [{'name': 'change %', 'value': '-0.74'}, {'name': 'LTP', 'value': '237.50'}, {'name': 'Close Price value', 'value': '237.50'}, {'name': 'change absolute', 'value': '-1.77'}]}",OHLC_D_I_NR4BEARBO,NR 4 Breakdown,Four Bar Pattern,18,Range Breakout,NR4 is a 4-bar narrow range pattern. NR4 bearish breakout pattern scanner shows the list of stocks forming bearish breakout pattern after 4-bar consolidation.,,,False,1,N,,OHLC_D_I_NR4BEARBO
1784718917,"{'stkname': 'UTI Midcap150', 'ltp': '', 'perChg': '', 'stkId': 'NIFMI18347', 'displayLock': 'N', 'scanproflg': 1, 'scUrl': 'etf/utiniftymidcap150exchangetradedfund/NIFMI18347', 'columns': [{'name': 'change %', 'value': '-0.49'}, {'name': 'LTP', 'value': '232.25'}, {'name': 'Close Price value', 'value': '232.25'}, {'name': 'change absolute', 'value': '-1.14'}]}",OHLC_D_I_NR4BEARBO,NR 4 Breakdown,Four Bar Pattern,18,Range Breakout,NR4 is a 4-bar narrow range pattern. NR4 bearish breakout pattern scanner shows the list of stocks forming bearish breakout pattern after 4-bar consolidation.,,,False,1,N,,OHLC_D_I_NR4BEARBO
1784718917,"{'stkname': 'MO Nifty Small', 'ltp': '', 'perChg': '', 'stkId': 'MON03', 'displayLock': 'N', 'scanproflg': 1, 'scUrl': 'etf/motilaloswalniftysmallcap250etf/MON03', 'columns': [{'name': 'change %', 'value': '-0.94'}, {'name': 'LTP', 'value': '18.00'}, {'name': 'Close Price value', 'value': '18.00'}, {'name': 'change absolute', 'value': '-0.17'}]}",OHLC_D_I_NR4BEARBO,NR 4 Breakdown,Four Bar Pattern,18,Range Breakout,NR4 is a 4-bar narrow range pattern. NR4 bearish breakout pattern scanner shows the list of stocks forming bearish breakout pattern after 4-bar consolidation.,,,False,1,N,,OHLC_D_I_NR4BEARBO
1784718917,"{'stkname': 'MO SP BSE Enh', 'ltp': '', 'perChg': '', 'stkId': 'MOS', 'displayLock': 'N', 'scanproflg': 1, 'scUrl': 'etf/motilaloswalspbseenhancedvalueetf/MOS', 'columns': [{'name': 'change %', 'value': '-0.82'}, {'name': 'LTP', 'value': '114.31'}, {'name': 'Close Price value', 'value': '114.31'}, {'name': 'change absolute', 'value': '-0.94'}]}",OHLC_D_I_NR4BEARBO,NR 4 Breakdown,Four Bar Pattern,18,Range Breakout,NR4 is a 4-bar narrow range pattern. NR4 bearish breakout pattern scanner shows the list of stocks forming bearish breakout pattern after 4-bar consolidation.,,,False,1,N,,OHLC_D_I_NR4BEARBO
1784718917,"{'stkname': 'MO Top10 Bks', 'ltp': '', 'perChg': '', 'stkId': 'MOB01', 'displayLock': 'N', 'scanproflg': 1, 'scUrl': 'etf/motilaloswalbsetop10banksetf/MOB01', 'columns': [{'name': 'change %', 'value': '-1.22'}, {'name': 'LTP', 'value': '17.02'}, {'name': 'Close Price value', 'value': '17.02'}, {'name': 'change absolute', 'value': '-0.21'}]}",OHLC_D_I_NR4BEARBO,NR 4 Breakdown,Four Bar Pattern,18,Range Breakout,NR4 is a 4-bar narrow range pattern. NR4 bearish breakout pattern scanner shows the list of stocks forming bearish breakout pattern after 4-bar consolidation.,,,False,1,N,,OHLC_D_I_NR4BEARBO
1784718917,"{'stkname': 'DSP Healthcare', 'ltp': '', 'perChg': '', 'stkId': 'HEALT22592', 'displayLock': 'N', 'scanproflg': 1, 'scUrl': 'etf/dspniftyhealthcareetf/HEALT22592', 'columns': [{'name': 'change %', 'value': '-1.20'}, {'name': 'LTP', 'value': '16.53'}, {'name': 'Close Price value', 'value': '16.53'}, {'name': 'change absolute', 'value': '-0.20'}]}",OHLC_D_I_NR4BEARBO,NR 4 Breakdown,Four Bar Pattern,18,Range Breakout,NR4 is a 4-bar narrow range pattern. NR4 bearish breakout pattern scanner shows the list of stocks forming bearish breakout pattern after 4-bar consolidation.,,,False,1,N,,OHLC_D_I_NR4BEARBO
1784718917,"{'stkname': 'MO Service Sec', 'ltp': '', 'perChg': '', 'stkId': 'MON09', 'displayLock': 'N', 'scanproflg': 1, 'scUrl': 'etf/motilaloswalniftyservicessectoretf/MON09', 'columns': [{'name': 'change %', 'value': '-1.05'}, {'name': 'LTP', 'value': '30.95'}, {'name': 'Close Price value', 'value': '30.95'}, {'name': 'change absolute', 'value': '-0.33'}]}",OHLC_D_I_NR4BEARBO,NR 4 Breakdown,Four Bar Pattern,18,Range Breakout,NR4 is a 4-bar narrow range pattern. NR4 bearish breakout pattern scanner shows the list of stocks forming bearish breakout pattern after 4-bar consolidation.,,,False,1,N,,OHLC_D_I_NR4BEARBO
1784718917,"{'stkname': 'HDFC Momentum', 'ltp': '', 'perChg': '', 'stkId': 'HNM', 'displayLock': 'N', 'scanproflg': 1, 'scUrl': 'etf/hdfcnifty200momentum30etf/HNM', 'columns': [{'name': 'change %', 'value': '-0.19'}, {'name': 'LTP', 'value': '30.90'}, {'name': 'Close Price value', 'value': '30.90'}, {'name': 'change absolute', 'value': '-0.06'}]}",OHLC_D_I_NR4BEARBO,NR 4 Breakdown,Four Bar Pattern,18,Range Breakout,NR4 is a 4-bar narrow range pattern. NR4 bearish breakout pattern scanner shows the list of stocks forming bearish breakout pattern after 4-bar consolidation.,,,False,1,N,,OHLC_D_I_NR4BEARBO
1784718917,"{'stkname': 'IDFC MF', 'ltp': '', 'perChg': '', 'stkId': 'IDF02', 'displayLock': 'N', 'scanproflg': 1, 'scUrl': 'finance-investment/idfcmutualfund-idfcniftyetf/IDF02', 'columns': [{'name': 'change %', 'value': '-0.54'}, {'name': 'LTP', 'value': '265.13'}, {'name': 'Close Price value', 'value': '265.13'}, {'name': 'change absolute', 'value': '-1.44'}]}",OHLC_D_I_NR4BEARBO,NR 4 Breakdown,Four Bar Pattern,18,Range Breakout,NR4 is a 4-bar narrow range pattern. NR4 bearish breakout pattern scanner shows the list of stocks forming bearish breakout pattern after 4-bar consolidation.,,,False,1,N,,OHLC_D_I_NR4BEARBO
1784718917,"{'stkname': 'LIC Nifty Mid', 'ltp': '', 'perChg': '', 'stkId': 'LICNM22722', 'displayLock': 'N', 'scanproflg': 1, 'scUrl': 'etf/licmfniftymidcap100etf/LICNM22722', 'columns': [{'name': 'change %', 'value': '-0.59'}, {'name': 'LTP', 'value': '62.81'}, {'name': 'Close Price value', 'value': '62.81'}, {'name': 'change absolute', 'value': '-0.37'}]}",OHLC_D_I_NR4BEARBO,NR 4 Breakdown,Four Bar Pattern,18,Range Breakout,NR4 is a 4-bar narrow range pattern. NR4 bearish breakout pattern scanner shows the list of stocks forming bearish breakout pattern after 4-bar consolidation.,,,False,1,N,,OHLC_D_I_NR4BEARBO
1784718917,"{'stkname': 'Ipru Nifty 100', 'ltp': '', 'perChg': '', 'stkId': 'ICICI21254', 'displayLock': 'N', 'scanproflg': 1, 'scUrl': 'etf/iciciprudentialnifty100lowvolatility30etf/ICICI21254', 'columns': [{'name': 'change %', 'value': '-0.31'}, {'name': 'LTP', 'value': '22.16'}, {'name': 'Close Price value', 'value': '22.16'}, {'name': 'change absolute', 'value': '-0.07'}]}",OHLC_D_I_NR4BEARBO,NR 4 Breakdown,Four Bar Pattern,18,Range Breakout,NR4 is a 4-bar narrow range pattern. NR4 bearish breakout pattern scanner shows the list of stocks forming bearish breakout pattern after 4-bar consolidation.,,,False,1,N,,OHLC_D_I_NR4BEARBO
1784718917,"{'stkname': 'Systematix Corp', 'ltp': '', 'perChg': '', 'stkId': 'SCS05', 'displayLock': 'N', 'scanproflg': 1, 'scUrl': 'finance-leasinghire-purchase/systematixcorporateservices/SCS05', 'columns': [{'name': 'change %', 'value': '-9.99'}, {'name': 'LTP', 'value': '56.24'}, {'name': 'Close Price value', 'value': '56.24'}, {'name': 'change absolute', 'value': '-6.24'}]}",OHLC_D_I_NR4BEARBO,NR 4 Breakdown,Four Bar Pattern,18,Range Breakout,NR4 is a 4-bar narrow range pattern. NR4 bearish breakout pattern scanner shows the list of stocks forming bearish breakout pattern after 4-bar consolidation.,,,False,1,N,,OHLC_D_I_NR4BEARBO
1784718917,"{'stkname': 'Bhar at 22 ETF ', 'ltp': '', 'perChg': '', 'stkId': 'ICI15', 'displayLock': 'N', 'scanproflg': 1, 'scUrl': 'etf/bharat22etf-iciciprudentialamc/ICI15', 'columns': [{'name': 'change %', 'value': '-0.64'}, {'name': 'LTP', 'value': '115.58'}, {'name': 'Close Price value', 'value': '115.58'}, {'name': 'change absolute', 'value': '-0.74'}]}",OHLC_D_I_NR7BEARBO,NR 7 Breakdown,Seven Bar Pattern,18,Range Breakout,NR7 is a 7-bar narrow range pattern. NR7 bearish breakout pattern scanner shows the list of stocks forming bearish breakout pattern after 7-bar consolidation.,,,False,1,N,,OHLC_D_I_NR7BEARBO
1784718917,"{'stkname': 'Ipru Nifty 200', 'ltp': '', 'perChg': '', 'stkId': 'IPN03', 'displayLock': 'N', 'scanproflg': 1, 'scUrl': 'etf/iciciprudentialnifty200momentum30etf/IPN03', 'columns': [{'name': 'change %', 'value': '-0.51'}, {'name': 'LTP', 'value': '31.06'}, {'name': 'Close Price value', 'value': '31.06'}, {'name': 'change absolute', 'value': '-0.16'}]}",OHLC_D_I_NR7BEARBO,NR 7 Breakdown,Seven Bar Pattern,18,Range Breakout,NR7 is a 7-bar narrow range pattern. NR7 bearish breakout pattern scanner shows the list of stocks forming bearish breakout pattern after 7-bar consolidation.,,,False,1,N,,OHLC_D_I_NR7BEARBO
1784718917,"{'stkname': 'HDFC Nifty Mid', 'ltp': '', 'perChg': '', 'stkId': 'HDFCM14236', 'displayLock': 'N', 'scanproflg': 1, 'scUrl': 'etf/hdfcniftymidcap150etf/HDFCM14236', 'columns': [{'name': 'change %', 'value': '-0.26'}, {'name': 'LTP', 'value': '23.35'}, {'name': 'Close Price value', 'value': '23.35'}, {'name': 'change absolute', 'value': '-0.06'}]}",OHLC_D_I_NR7BEARBO,NR 7 Breakdown,Seven Bar Pattern,18,Range Breakout,NR7 is a 7-bar narrow range pattern. NR7 bearish breakout pattern scanner shows the list of stocks forming bearish breakout pattern after 7-bar consolidation.,,,False,1,N,,OHLC_D_I_NR7BEARBO
1784718917,"{'stkname': 'KOTAKMID50', 'ltp': '', 'perChg': '', 'stkId': 'KOTAK8077', 'displayLock': 'N', 'scanproflg': 1, 'scUrl': 'miscellaneous/kotakmid50/KOTAK8077', 'columns': [{'name': 'change %', 'value': '-1.30'}, {'name': 'LTP', 'value': '18.20'}, {'name': 'Close Price value', 'value': '18.20'}, {'name': 'change absolute', 'value': '-0.24'}]}",OHLC_D_I_NR7BEARBO,NR 7 Breakdown,Seven Bar Pattern,18,Range Breakout,NR7 is a 7-bar narrow range pattern. NR7 bearish breakout pattern scanner shows the list of stocks forming bearish breakout pattern after 7-bar consolidation.,,,False,1,N,,OHLC_D_I_NR7BEARBO
1784718917,"{'stkname': 'Mirae NiftyEW', 'ltp': '', 'perChg': '', 'stkId': 'EQUAL75714', 'displayLock': 'N', 'scanproflg': 1, 'scUrl': 'etf/miraeassetnifty50equalweightetf/EQUAL75714', 'columns': [{'name': 'change %', 'value': '-0.38'}, {'name': 'LTP', 'value': '331.11'}, {'name': 'Close Price value', 'value': '331.11'}, {'name': 'change absolute', 'value': '-1.25'}]}",OHLC_D_I_NR7BEARBO,NR 7 Breakdown,Seven Bar Pattern,18,Range Breakout,NR7 is a 7-bar narrow range pattern. NR7 bearish breakout pattern scanner shows the list of stocks forming bearish breakout pattern after 7-bar consolidation.,,,False,1,N,,OHLC_D_I_NR7BEARBO
1784718917,"{'stkname': 'Nipp NiftyBank', 'ltp': '', 'perChg': '', 'stkId': 'BAM02', 'displayLock': 'N', 'scanproflg': 1, 'scUrl': 'etf/nipponindiaetfniftybankbees/BAM02', 'columns': [{'name': 'change %', 'value': '-1.15'}, {'name': 'LTP', 'value': '592.68'}, {'name': 'Close Price value', 'value': '592.68'}, {'name': 'change absolute', 'value': '-6.87'}]}",OHLC_D_I_NR7BEARBO,NR 7 Breakdown,Seven Bar Pattern,18,Range Breakout,NR7 is a 7-bar narrow range pattern. NR7 bearish breakout pattern scanner shows the list of stocks forming bearish breakout pattern after 7-bar consolidation.,,,False,1,N,,OHLC_D_I_NR7BEARBO
1784718917,"{'stkname': 'CONSUMER', 'ltp': '', 'perChg': '', 'stkId': 'CONSU28969', 'displayLock': 'N', 'scanproflg': 1, 'scUrl': 'etf/miraeassetniftyindianewageconsumption/CONSU28969', 'columns': [{'name': 'change %', 'value': '-0.59'}, {'name': 'LTP', 'value': '11.75'}, {'name': 'Close Price value', 'value': '11.75'}, {'name': 'change absolute', 'value': '-0.07'}]}",OHLC_D_I_NR7BEARBO,NR 7 Breakdown,Seven Bar Pattern,18,Range Breakout,NR7 is a 7-bar narrow range pattern. NR7 bearish breakout pattern scanner shows the list of stocks forming bearish breakout pattern after 7-bar consolidation.,,,False,1,N,,OHLC_D_I_NR7BEARBO
1784718917,"{'stkname': 'ABSL NiftyBank', 'ltp': '', 'perChg': '', 'stkId': 'ABSLB13987', 'displayLock': 'N', 'scanproflg': 1, 'scUrl': 'etf/adityabirlasunlifeniftybanketf/ABSLB13987', 'columns': [{'name': 'change %', 'value': '-1.09'}, {'name': 'LTP', 'value': '58.73'}, {'name': 'Close Price value', 'value': '58.73'}, {'name': 'change absolute', 'value': '-0.65'}]}",OHLC_D_I_NR7BEARBO,NR 7 Breakdown,Seven Bar Pattern,18,Range Breakout,NR7 is a 7-bar narrow range pattern. NR7 bearish breakout pattern scanner shows the list of stocks forming bearish breakout pattern after 7-bar consolidation.,,,False,1,N,,OHLC_D_I_NR7BEARBO
1784718917,"{'stkname': 'Angel Mom.Qual', 'ltp': '', 'perChg': '', 'stkId': 'AON', 'displayLock': 'N', 'scanproflg': 1, 'scUrl': 'etf/angeloneniftytotalmarketmq50etf/AON', 'columns': [{'name': 'change %', 'value': '-0.10'}, {'name': 'LTP', 'value': '10.10'}, {'name': 'Close Price value', 'value': '10.10'}, {'name': 'change absolute', 'value': '-0.01'}]}",OHLC_D_I_NR7BEARBO,NR 7 Breakdown,Seven Bar Pattern,18,Range Breakout,NR7 is a 7-bar narrow range pattern. NR7 bearish breakout pattern scanner shows the list of stocks forming bearish breakout pattern after 7-bar consolidation.,,,False,1,N,,OHLC_D_I_NR7BEARBO
1784718917,"{'stkname': 'BSLSENETFG', 'ltp': '', 'perChg': '', 'stkId': 'ABS01', 'displayLock': 'N', 'scanproflg': 1, 'scUrl': 'etf/adityabirlasunlifebsesensexetf/ABS01', 'columns': [{'name': 'change %', 'value': '-0.78'}, {'name': 'LTP', 'value': '77.29'}, {'name': 'Close Price value', 'value': '77.29'}, {'name': 'change absolute', 'value': '-0.61'}]}",OHLC_D_I_NR7BEARBO,NR 7 Breakdown,Seven Bar Pattern,18,Range Breakout,NR7 is a 7-bar narrow range pattern. NR7 bearish breakout pattern scanner shows the list of stocks forming bearish breakout pattern after 7-bar consolidation.,,,False,1,N,,OHLC_D_I_NR7BEARBO
1784718917,"{'stkname': 'CPSE ETF', 'ltp': '', 'perChg': '', 'stkId': 'CPS01', 'displayLock': 'N', 'scanproflg': 1, 'scUrl': 'etf/cpseetf/CPS01', 'columns': [{'name': 'change %', 'value': '-0.01'}, {'name': 'LTP', 'value': '96.71'}, {'name': 'Close Price value', 'value': '96.71'}, {'name': 'change absolute', 'value': '-0.01'}]}",OHLC_D_I_NR7BEARBO,NR 7 Breakdown,Seven Bar Pattern,18,Range Breakout,NR7 is a 7-bar narrow range pattern. NR7 bearish breakout pattern scanner shows the list of stocks forming bearish breakout pattern after 7-bar consolidation.,,,False,1,N,,OHLC_D_I_NR7BEARBO
1784718917,"{'stkname': 'Adani Enterpris', 'ltp': '', 'perChg': '', 'stkId': 'AE01', 'displayLock': 'N', 'scanproflg': 1, 'scUrl': 'trading/adanienterprises/AE13', 'columns': [{'name': 'change %', 'value': '-1.09'}, {'name': 'LTP', 'value': '3,148.00'}, {'name': 'Close Price value', 'value': '3,148.00'}, {'name': 'change absolute', 'value': '-34.70'}]}",OHLC_D_I_NR7BEARBO,NR 7 Breakdown,Seven Bar Pattern,18,Range Breakout,NR7 is a 7-bar narrow range pattern. NR7 bearish breakout pattern scanner shows the list of stocks forming bearish breakout pattern after 7-bar consolidation.,,,False,1,N,,OHLC_D_I_NR7BEARBO
1784718917,"{'stkname': 'ABSL Nifty 50', 'ltp': '', 'perChg': '', 'stkId': 'BSL03', 'displayLock': 'N', 'scanproflg': 1, 'scUrl': 'etf/adityabirlasunlifenifty50etf/BSL03', 'columns': [{'name': 'change %', 'value': '-0.39'}, {'name': 'LTP', 'value': '28.23'}, {'name': 'Close Price value', 'value': '28.23'}, {'name': 'change absolute', 'value': '-0.11'}]}",OHLC_D_I_NR7BEARBO,NR 7 Breakdown,Seven Bar Pattern,18,Range Breakout,NR7 is a 7-bar narrow range pattern. NR7 bearish breakout pattern scanner shows the list of stocks forming bearish breakout pattern after 7-bar consolidation.,,,False,1,N,,OHLC_D_I_NR7BEARBO
1784718917,"{'stkname': 'MA DIVIDEND', 'ltp': '', 'perChg': '', 'stkId': 'MAB', 'displayLock': 'N', 'scanproflg': 1, 'scUrl': 'etf/miraeassetbse500dividendleaders50etf/MAB', 'columns': [{'name': 'change %', 'value': '-0.79'}, {'name': 'LTP', 'value': '35.20'}, {'name': 'Close Price value', 'value': '35.20'}, {'name': 'change absolute', 'value': '-0.28'}]}",OHLC_D_I_NR7BEARBO,NR 7 Breakdown,Seven Bar Pattern,18,Range Breakout,NR7 is a 7-bar narrow range pattern. NR7 bearish breakout pattern scanner shows the list of stocks forming bearish breakout pattern after 7-bar consolidation.,,,False,1,N,,OHLC_D_I_NR7BEARBO
1784718917,"{'stkname': 'Gr In.Internet', 'ltp': '', 'perChg': '', 'stkId': 'GROWW75781', 'displayLock': 'N', 'scanproflg': 1, 'scUrl': 'etf/growwniftyindiainternetetf/GROWW75781', 'columns': [{'name': 'change %', 'value': '-0.91'}, {'name': 'LTP', 'value': '9.84'}, {'name': 'Close Price value', 'value': '9.84'}, {'name': 'change absolute', 'value': '-0.09'}]}",OHLC_D_I_NR7BEARBO,NR 7 Breakdown,Seven Bar Pattern,18,Range Breakout,NR7 is a 7-bar narrow range pattern. NR7 bearish breakout pattern scanner shows the list of stocks forming bearish breakout pattern after 7-bar consolidation.,,,False,1,N,,OHLC_D_I_NR7BEARBO
1784718917,"{'stkname': 'Gr Nift Realty', 'ltp': '', 'perChg': '', 'stkId': 'GNR02', 'displayLock': 'N', 'scanproflg': 1, 'scUrl': 'etf/growwniftyrealtyetf/GNR02', 'columns': [{'name': 'change %', 'value': '-1.45'}, {'name': 'LTP', 'value': '10.18'}, {'name': 'Close Price value', 'value': '10.18'}, {'name': 'change absolute', 'value': '-0.15'}]}",OHLC_D_I_NR7BEARBO,NR 7 Breakdown,Seven Bar Pattern,18,Range Breakout,NR7 is a 7-bar narrow range pattern. NR7 bearish breakout pattern scanner shows the list of stocks forming bearish breakout pattern after 7-bar consolidation.,,,False,1,N,,OHLC_D_I_NR7BEARBO
1784718917,"{'stkname': 'Kotak Niftyban', 'ltp': '', 'perChg': '', 'stkId': 'KMM03', 'displayLock': 'N', 'scanproflg': 1, 'scUrl': 'etf/kotakniftybanketf/KMM03', 'columns': [{'name': 'change %', 'value': '-1.07'}, {'name': 'LTP', 'value': '59.35'}, {'name': 'Close Price value', 'value': '59.35'}, {'name': 'change absolute', 'value': '-0.64'}]}",OHLC_D_I_NR7BEARBO,NR 7 Breakdown,Seven Bar Pattern,18,Range Breakout,NR7 is a 7-bar narrow range pattern. NR7 bearish breakout pattern scanner shows the list of stocks forming bearish breakout pattern after 7-bar consolidation.,,,False,1,N,,OHLC_D_I_NR7BEARBO
1784718917,"{'stkname': 'Mirae Nifty100', 'ltp': '', 'perChg': '', 'stkId': 'MAN03', 'displayLock': 'N', 'scanproflg': 1, 'scUrl': 'etf/miraeassetnifty100esgsectorleadersetf/MAN03', 'columns': [{'name': 'change %', 'value': '-0.77'}, {'name': 'LTP', 'value': '41.48'}, {'name': 'Close Price value', 'value': '41.48'}, {'name': 'change absolute', 'value': '-0.32'}]}",OHLC_D_I_NR7BEARBO,NR 7 Breakdown,Seven Bar Pattern,18,Range Breakout,NR7 is a 7-bar narrow range pattern. NR7 bearish breakout pattern scanner shows the list of stocks forming bearish breakout pattern after 7-bar consolidation.,,,False,1,N,,OHLC_D_I_NR7BEARBO
1784718917,"{'stkname': 'Mirae NiftyFin', 'ltp': '', 'perChg': '', 'stkId': 'MAN01', 'displayLock': 'N', 'scanproflg': 1, 'scUrl': 'etf/miraeassetniftyfinancialservicesetf/MAN01', 'columns': [{'name': 'change %', 'value': '-1.23'}, {'name': 'LTP', 'value': '27.24'}, {'name': 'Close Price value', 'value': '27.24'}, {'name': 'change absolute', 'value': '-0.34'}]}",OHLC_D_I_NR7BEARBO,NR 7 Breakdown,Seven Bar Pattern,18,Range Breakout,NR7 is a 7-bar narrow range pattern. NR7 bearish breakout pattern scanner shows the list of stocks forming bearish breakout pattern after 7-bar consolidation.,,,False,1,N,,OHLC_D_I_NR7BEARBO
1784718917,"{'stkname': 'Ipru Nifty Fin', 'ltp': '', 'perChg': '', 'stkId': 'IPN04', 'displayLock': 'N', 'scanproflg': 1, 'scUrl': 'etf/icicipruniftyfinserex-banketf/IPN04', 'columns': [{'name': 'change %', 'value': '-0.98'}, {'name': 'LTP', 'value': '32.39'}, {'name': 'Close Price value', 'value': '32.39'}, {'name': 'change absolute', 'value': '-0.32'}]}",OHLC_D_I_NR7BEARBO,NR 7 Breakdown,Seven Bar Pattern,18,Range Breakout,NR7 is a 7-bar narrow range pattern. NR7 bearish breakout pattern scanner shows the list of stocks forming bearish breakout pattern after 7-bar consolidation.,,,False,1,N,,OHLC_D_I_NR7BEARBO
1784718917,"{'stkname': 'Ipru Nifty Com', 'ltp': '', 'perChg': '', 'stkId': 'IPN05', 'displayLock': 'N', 'scanproflg': 1, 'scUrl': 'etf/iciciprudentialniftycommoditiesetf/IPN05', 'columns': [{'name': 'change %', 'value': '0.00'}, {'name': 'LTP', 'value': '101.42'}, {'name': 'Close Price value', 'value': '101.42'}, {'name': 'change absolute', 'value': '0.00'}]}",OHLC_D_I_NR7BEARBO,NR 7 Breakdown,Seven Bar Pattern,18,Range Breakout,NR7 is a 7-bar narrow range pattern. NR7 bearish breakout pattern scanner shows the list of stocks forming bearish breakout pattern after 7-bar consolidation.,,,False,1,N,,OHLC_D_I_NR7BEARBO
1784718917,"{'stkname': 'Adani Green Ene', 'ltp': '', 'perChg': '', 'stkId': 'ADANI54145', 'displayLock': 'N', 'scanproflg': 1, 'scUrl': 'power-generationdistribution/adanigreenenergylimited/ADANI54145', 'columns': [{'name': 'change %', 'value': '-4.30'}, {'name': 'LTP', 'value': '1,475.60'}, {'name': 'Close Price value', 'value': '1,475.60'}, {'name': 'change absolute', 'value': '-66.30'}]}",OHLC_D_I_NR7BEARBO,NR 7 Breakdown,Seven Bar Pattern,18,Range Breakout,NR7 is a 7-bar narrow range pattern. NR7 bearish breakout pattern scanner shows the list of stocks forming bearish breakout pattern after 7-bar consolidation.,,,False,1,N,,OHLC_D_I_NR7BEARBO
1784718917,"{'stkname': 'Adani Power', 'ltp': '', 'perChg': '', 'stkId': 'AP26', 'displayLock': 'N', 'scanproflg': 1, 'scUrl': 'power-generationdistribution/adanipower/AP11', 'columns': [{'name': 'change %', 'value': '-1.52'}, {'name': 'LTP', 'value': '217.02'}, {'name': 'Close Price value', 'value': '217.02'}, {'name': 'change absolute', 'value': '-3.35'}]}",OHLC_D_I_NR7BEARBO,NR 7 Breakdown,Seven Bar Pattern,18,Range Breakout,NR7 is a 7-bar narrow range pattern. NR7 bearish breakout pattern scanner shows the list of stocks forming bearish breakout pattern after 7-bar consolidation.,,,False,1,N,,OHLC_D_I_NR7BEARBO
1784718917,"{'stkname': 'Ipru BSE 500', 'ltp': '', 'perChg': '', 'stkId': 'ICICI3001', 'displayLock': 'N', 'scanproflg': 1, 'scUrl': 'etf/iciciprudentialbse500etf/ICICI3001', 'columns': [{'name': 'change %', 'value': '-0.89'}, {'name': 'LTP', 'value': '39.10'}, {'name': 'Close Price value', 'value': '39.10'}, {'name': 'change absolute', 'value': '-0.35'}]}",OHLC_D_I_NR7BEARBO,NR 7 Breakdown,Seven Bar Pattern,18,Range Breakout,NR7 is a 7-bar narrow range pattern. NR7 bearish breakout pattern scanner shows the list of stocks forming bearish breakout pattern after 7-bar consolidation.,,,False,1,N,,OHLC_D_I_NR7BEARBO
1784718917,"{'stkname': 'Axis NiftyCons', 'ltp': '', 'perChg': '', 'stkId': 'ACE02', 'displayLock': 'N', 'scanproflg': 1, 'scUrl': 'etf/axisniftyindiaconsumptionetf/ACE02', 'columns': [{'name': 'change %', 'value': '-0.02'}, {'name': 'LTP', 'value': '121.21'}, {'name': 'Close Price value', 'value': '121.21'}, {'name': 'change absolute', 'value': '-0.03'}]}",OHLC_D_I_NR7BEARBO,NR 7 Breakdown,Seven Bar Pattern,18,Range Breakout,NR7 is a 7-bar narrow range pattern. NR7 bearish breakout pattern scanner shows the list of stocks forming bearish breakout pattern after 7-bar consolidation.,,,False,1,N,,OHLC_D_I_NR7BEARBO
1784718917,"{'stkname': 'Gr Midcap150', 'ltp': '', 'perChg': '', 'stkId': 'GNM01', 'displayLock': 'N', 'scanproflg': 1, 'scUrl': 'etf/growwniftymidcap150etf/GNM01', 'columns': [{'name': 'change %', 'value': '-0.23'}, {'name': 'LTP', 'value': '230.81'}, {'name': 'Close Price value', 'value': '230.81'}, {'name': 'change absolute', 'value': '-0.53'}]}",OHLC_D_I_NR7BEARBO,NR 7 Breakdown,Seven Bar Pattern,18,Range Breakout,NR7 is a 7-bar narrow range pattern. NR7 bearish breakout pattern scanner shows the list of stocks forming bearish breakout pattern after 7-bar consolidation.,,,False,1,N,,OHLC_D_I_NR7BEARBO
1784718917,"{'stkname': 'Gr Nift Metals', 'ltp': '', 'perChg': '', 'stkId': 'GNM', 'displayLock': 'N', 'scanproflg': 1, 'scUrl': 'etf/growwniftymetaletf/GNM', 'columns': [{'name': 'change %', 'value': '-0.42'}, {'name': 'LTP', 'value': '11.95'}, {'name': 'Close Price value', 'value': '11.95'}, {'name': 'change absolute', 'value': '-0.05'}]}",OHLC_D_I_NR7BEARBO,NR 7 Breakdown,Seven Bar Pattern,18,Range Breakout,NR7 is a 7-bar narrow range pattern. NR7 bearish breakout pattern scanner shows the list of stocks forming bearish breakout pattern after 7-bar consolidation.,,,False,1,N,,OHLC_D_I_NR7BEARBO
1784718917,"{'stkname': 'Hexagon Nutriti', 'ltp': '', 'perChg': '', 'stkId': 'HNL01', 'displayLock': 'N', 'scanproflg': 1, 'scUrl': 'pharmaceuticalsdrugs/hexagonnutrition/HNL01', 'columns': [{'name': 'change %', 'value': '-2.06'}, {'name': 'LTP', 'value': '68.00'}, {'name': 'Close Price value', 'value': '68.00'}, {'name': 'change absolute', 'value': '-1.43'}]}",OHLC_D_I_NR7BEARBO,NR 7 Breakdown,Seven Bar Pattern,18,Range Breakout,NR7 is a 7-bar narrow range pattern. NR7 bearish breakout pattern scanner shows the list of stocks forming bearish breakout pattern after 7-bar consolidation.,,,False,1,N,,OHLC_D_I_NR7BEARBO
1784718917,"{'stkname': 'Next Mediaworks', 'ltp': '', 'perChg': '', 'stkId': 'MDM01', 'displayLock': 'N', 'scanproflg': 1, 'scUrl': 'mediaentertainment/nextmediaworks/MDM01', 'columns': [{'name': 'change %', 'value': '-3.08'}, {'name': 'LTP', 'value': '3.78'}, {'name': 'Close Price value', 'value': '3.78'}, {'name': 'change absolute', 'value': '-0.12'}]}",OHLC_D_I_NR7BEARBO,NR 7 Breakdown,Seven Bar Pattern,18,Range Breakout,NR7 is a 7-bar narrow range pattern. NR7 bearish breakout pattern scanner shows the list of stocks forming bearish breakout pattern after 7-bar consolidation.,,,False,1,N,,OHLC_D_I_NR7BEARBO
1784718917,"{'stkname': 'BAG Films', 'ltp': '', 'perChg': '', 'stkId': 'BAG', 'displayLock': 'N', 'scanproflg': 1, 'scUrl': 'mediaentertainment/bagfilmsmedia/BAG', 'columns': [{'name': 'change %', 'value': '-0.44'}, {'name': 'LTP', 'value': '4.50'}, {'name': 'Close Price value', 'value': '4.50'}, {'name': 'change absolute', 'value': '-0.02'}]}",OHLC_D_I_NR7BEARBO,NR 7 Breakdown,Seven Bar Pattern,18,Range Breakout,NR7 is a 7-bar narrow range pattern. NR7 bearish breakout pattern scanner shows the list of stocks forming bearish breakout pattern after 7-bar consolidation.,,,False,1,N,,OHLC_D_I_NR7BEARBO
1784718917,"{'stkname': 'Ujaas Energy', 'ltp': '', 'perChg': '', 'stkId': 'S16', 'displayLock': 'N', 'scanproflg': 1, 'scUrl': 'power-transmissionequipment/ujaasenergy/S18', 'columns': [{'name': 'change %', 'value': '-2.46'}, {'name': 'LTP', 'value': '121.64'}, {'name': 'Close Price value', 'value': '121.64'}, {'name': 'change absolute', 'value': '-3.07'}]}",OHLC_D_I_NR7BEARBO,NR 7 Breakdown,Seven Bar Pattern,18,Range Breakout,NR7 is a 7-bar narrow range pattern. NR7 bearish breakout pattern scanner shows the list of stocks forming bearish breakout pattern after 7-bar consolidation.,,,False,1,N,,OHLC_D_I_NR7BEARBO
1784718917,"{'stkname': 'Knowledge Marin', 'ltp': '', 'perChg': '', 'stkId': 'KME', 'displayLock': 'N', 'scanproflg': 1, 'scUrl': 'miscellaneous/knowledgemarineengineeringworks/KME01', 'columns': [{'name': 'change %', 'value': '-1.62'}, {'name': 'LTP', 'value': '2,412.10'}, {'name': 'Close Price value', 'value': '2,412.10'}, {'name': 'change absolute', 'value': '-39.70'}]}",OHLC_D_I_NR7BEARBO,NR 7 Breakdown,Seven Bar Pattern,18,Range Breakout,NR7 is a 7-bar narrow range pattern. NR7 bearish breakout pattern scanner shows the list of stocks forming bearish breakout pattern after 7-bar consolidation.,,,False,1,N,,OHLC_D_I_NR7BEARBO
1784718917,"{'stkname': 'Vintage Coffee', 'ltp': '', 'perChg': '', 'stkId': 'SP40', 'displayLock': 'N', 'scanproflg': 1, 'scUrl': 'miscellaneous/vintagecoffeebeverages/SP41', 'columns': [{'name': 'change %', 'value': '-0.39'}, {'name': 'LTP', 'value': '156.00'}, {'name': 'Close Price value', 'value': '156.00'}, {'name': 'change absolute', 'value': '-0.61'}]}",OHLC_D_I_NR7BEARBO,NR 7 Breakdown,Seven Bar Pattern,18,Range Breakout,NR7 is a 7-bar narrow range pattern. NR7 bearish breakout pattern scanner shows the list of stocks forming bearish breakout pattern after 7-bar consolidation.,,,False,1,N,,OHLC_D_I_NR7BEARBO
1784718917,"{'stkname': 'Raymond Realty', 'ltp': '', 'perChg': '', 'stkId': 'RRL02', 'displayLock': 'N', 'scanproflg': 1, 'scUrl': 'construction-residentialcommercial-complexes/raymondrealty/RRL02', 'columns': [{'name': 'change %', 'value': '-3.74'}, {'name': 'LTP', 'value': '665.90'}, {'name': 'Close Price value', 'value': '665.90'}, {'name': 'change absolute', 'value': '-25.90'}]}",OHLC_D_I_NR7BEARBO,NR 7 Breakdown,Seven Bar Pattern,18,Range Breakout,NR7 is a 7-bar narrow range pattern. NR7 bearish breakout pattern scanner shows the list of stocks forming bearish breakout pattern after 7-bar consolidation.,,,False,1,N,,OHLC_D_I_NR7BEARBO
1784718917,"{'stkname': 'Kovai Medical', 'ltp': '', 'perChg': '', 'stkId': 'KM05', 'displayLock': 'N', 'scanproflg': 1, 'scUrl': 'hospitalsmedical-services/kovaimedicalcenterhospital/KMC02', 'columns': [{'name': 'change %', 'value': '-1.78'}, {'name': 'LTP', 'value': '5,830.00'}, {'name': 'Close Price value', 'value': '5,830.00'}, {'name': 'change absolute', 'value': '-105.50'}]}",OHLC_D_I_NR7BEARBO,NR 7 Breakdown,Seven Bar Pattern,18,Range Breakout,NR7 is a 7-bar narrow range pattern. NR7 bearish breakout pattern scanner shows the list of stocks forming bearish breakout pattern after 7-bar consolidation.,,,False,1,N,,OHLC_D_I_NR7BEARBO
1784718917,"{'stkname': 'Vedanta Power', 'ltp': '', 'perChg': '', 'stkId': 'VPL01', 'displayLock': 'N', 'scanproflg': 1, 'scUrl': 'power-generationdistribution/vedantapower/VPL01', 'columns': [{'name': 'change %', 'value': '-6.32'}, {'name': 'LTP', 'value': '35.40'}, {'name': 'Close Price value', 'value': '35.40'}, {'name': 'change absolute', 'value': '-2.39'}]}",OHLC_D_I_NR7BEARBO,NR 7 Breakdown,Seven Bar Pattern,18,Range Breakout,NR7 is a 7-bar narrow range pattern. NR7 bearish breakout pattern scanner shows the list of stocks forming bearish breakout pattern after 7-bar consolidation.,,,False,1,N,,OHLC_D_I_NR7BEARBO
1784718917,"{'stkname': 'LLOYDS ENTER', 'ltp': '', 'perChg': '', 'stkId': 'SGT', 'displayLock': 'N', 'scanproflg': 1, 'scUrl': 'finance-investments/lloydsenterprises/SGT', 'columns': [{'name': 'change %', 'value': '-3.34'}, {'name': 'LTP', 'value': '78.77'}, {'name': 'Close Price value', 'value': '78.77'}, {'name': 'change absolute', 'value': '-2.72'}]}",OHLC_D_I_NR7BEARBO,NR 7 Breakdown,Seven Bar Pattern,18,Range Breakout,NR7 is a 7-bar narrow range pattern. NR7 bearish breakout pattern scanner shows the list of stocks forming bearish breakout pattern after 7-bar consolidation.,,,False,1,N,,OHLC_D_I_NR7BEARBO
1784718917,"{'stkname': 'Asahi India', 'ltp': '', 'perChg': '', 'stkId': 'AIS', 'displayLock': 'N', 'scanproflg': 1, 'scUrl': 'glassglass-products/asahiindiaglass/AIG01', 'columns': [{'name': 'change %', 'value': '-0.99'}, {'name': 'LTP', 'value': '885.00'}, {'name': 'Close Price value', 'value': '885.00'}, {'name': 'change absolute', 'value': '-8.85'}]}",OHLC_D_I_NR7BEARBO,NR 7 Breakdown,Seven Bar Pattern,18,Range Breakout,NR7 is a 7-bar narrow range pattern. NR7 bearish breakout pattern scanner shows the list of stocks forming bearish breakout pattern after 7-bar consolidation.,,,False,1,N,,OHLC_D_I_NR7BEARBO
1784718917,"{'stkname': 'Eureka Forbes', 'ltp': '', 'perChg': '', 'stkId': 'EF08', 'displayLock': 'N', 'scanproflg': 1, 'scUrl': 'householdpersonal-products/eurekaforbes/EF03', 'columns': [{'name': 'change %', 'value': '-3.54'}, {'name': 'LTP', 'value': '447.50'}, {'name': 'Close Price value', 'value': '447.50'}, {'name': 'change absolute', 'value': '-16.40'}]}",OHLC_D_I_NR7BEARBO,NR 7 Breakdown,Seven Bar Pattern,18,Range Breakout,NR7 is a 7-bar narrow range pattern. NR7 bearish breakout pattern scanner shows the list of stocks forming bearish breakout pattern after 7-bar consolidation.,,,False,1,N,,OHLC_D_I_NR7BEARBO
1784718917,"{'stkname': 'Brightcom Group', 'ltp': '', 'perChg': '', 'stkId': 'LGS', 'displayLock': 'N', 'scanproflg': 1, 'scUrl': 'computers-software-mediumsmall/brightcomgroup/LGS', 'columns': [{'name': 'change %', 'value': '-0.83'}, {'name': 'LTP', 'value': '9.52'}, {'name': 'Close Price value', 'value': '9.52'}, {'name': 'change absolute', 'value': '-0.08'}]}",OHLC_D_I_NR7BEARBO,NR 7 Breakdown,Seven Bar Pattern,18,Range Breakout,NR7 is a 7-bar narrow range pattern. NR7 bearish breakout pattern scanner shows the list of stocks forming bearish breakout pattern after 7-bar consolidation.,,,False,1,N,,OHLC_D_I_NR7BEARBO
1784718917,"{'stkname': 'Nitco', 'ltp': '', 'perChg': '', 'stkId': 'NT01', 'displayLock': 'N', 'scanproflg': 1, 'scUrl': 'ceramicsgranite/nitco/N52', 'columns': [{'name': 'change %', 'value': '-1.83'}, {'name': 'LTP', 'value': '104.99'}, {'name': 'Close Price value', 'value': '104.99'}, {'name': 'change absolute', 'value': '-1.96'}]}",OHLC_D_I_NR7BEARBO,NR 7 Breakdown,Seven Bar Pattern,18,Range Breakout,NR7 is a 7-bar narrow range pattern. NR7 bearish breakout pattern scanner shows the list of stocks forming bearish breakout pattern after 7-bar consolidation.,,,False,1,N,,OHLC_D_I_NR7BEARBO
1784718917,"{'stkname': 'Magellanic', 'ltp': '', 'perChg': '', 'stkId': 'SIP06', 'displayLock': 'N', 'scanproflg': 1, 'scUrl': 'software/magellaniccloud/SIP06', 'columns': [{'name': 'change %', 'value': '-2.28'}, {'name': 'LTP', 'value': '27.45'}, {'name': 'Close Price value', 'value': '27.45'}, {'name': 'change absolute', 'value': '-0.64'}]}",OHLC_D_I_NR7BEARBO,NR 7 Breakdown,Seven Bar Pattern,18,Range Breakout,NR7 is a 7-bar narrow range pattern. NR7 bearish breakout pattern scanner shows the list of stocks forming bearish breakout pattern after 7-bar consolidation.,,,False,1,N,,OHLC_D_I_NR7BEARBO
1784718917,"{'stkname': 'Vikran Engineer', 'ltp': '', 'perChg': '', 'stkId': 'VEL', 'displayLock': 'N', 'scanproflg': 1, 'scUrl': 'engineering-construction/vikranengineering/VEL01', 'columns': [{'name': 'change %', 'value': '-2.43'}, {'name': 'LTP', 'value': '70.25'}, {'name': 'Close Price value', 'value': '70.25'}, {'name': 'change absolute', 'value': '-1.75'}]}",OHLC_D_I_NR7BEARBO,NR 7 Breakdown,Seven Bar Pattern,18,Range Breakout,NR7 is a 7-bar narrow range pattern. NR7 bearish breakout pattern scanner shows the list of stocks forming bearish breakout pattern after 7-bar consolidation.,,,False,1,N,,OHLC_D_I_NR7BEARBO
1784718917,"{'stkname': 'Guj Themis', 'ltp': '', 'perChg': '', 'stkId': 'GTB01', 'displayLock': 'N', 'scanproflg': 1, 'scUrl': 'pharmaceuticals/gujaratthemisbiosyn/GTB01', 'columns': [{'name': 'change %', 'value': '-3.96'}, {'name': 'LTP', 'value': '350.10'}, {'name': 'Close Price value', 'value': '350.10'}, {'name': 'change absolute', 'value': '-14.45'}]}",OHLC_D_I_NR7BEARBO,NR 7 Breakdown,Seven Bar Pattern,18,Range Breakout,NR7 is a 7-bar narrow range pattern. NR7 bearish breakout pattern scanner shows the list of stocks forming bearish breakout pattern after 7-bar consolidation.,,,False,1,N,,OHLC_D_I_NR7BEARBO
1784718917,"{'stkname': 'Protean eGov', 'ltp': '', 'perChg': '', 'stkId': 'PETL', 'displayLock': 'N', 'scanproflg': 1, 'scUrl': 'it-servicesconsulting/proteanegovtechnologies/PeTL', 'columns': [{'name': 'change %', 'value': '-2.11'}, {'name': 'LTP', 'value': '583.25'}, {'name': 'Close Price value', 'value': '583.25'}, {'name': 'change absolute', 'value': '-12.55'}]}",OHLC_D_I_NR7BEARBO,NR 7 Breakdown,Seven Bar Pattern,18,Range Breakout,NR7 is a 7-bar narrow range pattern. NR7 bearish breakout pattern scanner shows the list of stocks forming bearish breakout pattern after 7-bar consolidation.,,,False,1,N,,OHLC_D_I_NR7BEARBO
1784718917,"{'stkname': 'DDEVPLASTIK', 'ltp': '', 'perChg': '', 'stkId': 'DPI02', 'displayLock': 'N', 'scanproflg': 1, 'scUrl': 'plastic-products/ddevplastiksindustries/DPI02', 'columns': [{'name': 'change %', 'value': '-2.65'}, {'name': 'LTP', 'value': '278.95'}, {'name': 'Close Price value', 'value': '278.95'}, {'name': 'change absolute', 'value': '-7.60'}]}",OHLC_D_I_NR7BEARBO,NR 7 Breakdown,Seven Bar Pattern,18,Range Breakout,NR7 is a 7-bar narrow range pattern. NR7 bearish breakout pattern scanner shows the list of stocks forming bearish breakout pattern after 7-bar consolidation.,,,False,1,N,,OHLC_D_I_NR7BEARBO
1784718917,"{'stkname': 'Shringar House ', 'ltp': '', 'perChg': '', 'stkId': 'SHO', 'displayLock': 'N', 'scanproflg': 1, 'scUrl': 'diamondjewellery/shringarhousemangalsutra/SHo', 'columns': [{'name': 'change %', 'value': '-1.15'}, {'name': 'LTP', 'value': '219.85'}, {'name': 'Close Price value', 'value': '219.85'}, {'name': 'change absolute', 'value': '-2.56'}]}",OHLC_D_I_NR7BEARBO,NR 7 Breakdown,Seven Bar Pattern,18,Range Breakout,NR7 is a 7-bar narrow range pattern. NR7 bearish breakout pattern scanner shows the list of stocks forming bearish breakout pattern after 7-bar consolidation.,,,False,1,N,,OHLC_D_I_NR7BEARBO
1784718917,"{'stkname': 'Travel Food Ser', 'ltp': '', 'perChg': '', 'stkId': 'TFS02', 'displayLock': 'N', 'scanproflg': 1, 'scUrl': 'hotel-resortrestaurants/travelfoodservices/TFS01', 'columns': [{'name': 'change %', 'value': '-1.42'}, {'name': 'LTP', 'value': '1,282.00'}, {'name': 'Close Price value', 'value': '1,282.00'}, {'name': 'change absolute', 'value': '-18.50'}]}",OHLC_D_I_NR7BEARBO,NR 7 Breakdown,Seven Bar Pattern,18,Range Breakout,NR7 is a 7-bar narrow range pattern. NR7 bearish breakout pattern scanner shows the list of stocks forming bearish breakout pattern after 7-bar consolidation.,,,False,1,N,,OHLC_D_I_NR7BEARBO
1784718917,"{'stkname': 'Embassy Develop', 'ltp': '', 'perChg': '', 'stkId': 'IRE01', 'displayLock': 'N', 'scanproflg': 1, 'scUrl': 'construction-residentialcommercial-complexes/embassydevelopments/IRE01', 'columns': [{'name': 'change %', 'value': '-1.86'}, {'name': 'LTP', 'value': '62.36'}, {'name': 'Close Price value', 'value': '62.36'}, {'name': 'change absolute', 'value': '-1.18'}]}",OHLC_D_I_NR7BEARBO,NR 7 Breakdown,Seven Bar Pattern,18,Range Breakout,NR7 is a 7-bar narrow range pattern. NR7 bearish breakout pattern scanner shows the list of stocks forming bearish breakout pattern after 7-bar consolidation.,,,False,1,N,,OHLC_D_I_NR7BEARBO
1784718917,"{'stkname': 'Billionbrains G', 'ltp': '', 'perChg': '', 'stkId': 'BGV', 'displayLock': 'N', 'scanproflg': 1, 'scUrl': 'finance-stock-broking/billionbrainsgarageventures/BGV01', 'columns': [{'name': 'change %', 'value': '-1.63'}, {'name': 'LTP', 'value': '203.00'}, {'name': 'Close Price value', 'value': '203.00'}, {'name': 'change absolute', 'value': '-3.36'}]}",OHLC_D_I_NR7BEARBO,NR 7 Breakdown,Seven Bar Pattern,18,Range Breakout,NR7 is a 7-bar narrow range pattern. NR7 bearish breakout pattern scanner shows the list of stocks forming bearish breakout pattern after 7-bar consolidation.,,,False,1,N,,OHLC_D_I_NR7BEARBO
1784718917,"{'stkname': 'Epack Prefab', 'ltp': '', 'perChg': '', 'stkId': 'EPTL', 'displayLock': 'N', 'scanproflg': 1, 'scUrl': 'engineeringconstruction/epackprefabtechnologies/EPTL', 'columns': [{'name': 'change %', 'value': '-1.85'}, {'name': 'LTP', 'value': '242.00'}, {'name': 'Close Price value', 'value': '242.00'}, {'name': 'change absolute', 'value': '-4.57'}]}",OHLC_D_I_NR7BEARBO,NR 7 Breakdown,Seven Bar Pattern,18,Range Breakout,NR7 is a 7-bar narrow range pattern. NR7 bearish breakout pattern scanner shows the list of stocks forming bearish breakout pattern after 7-bar consolidation.,,,False,1,N,,OHLC_D_I_NR7BEARBO
1784718917,"{'stkname': 'GK Energy', 'ltp': '', 'perChg': '', 'stkId': 'GEL02', 'displayLock': 'N', 'scanproflg': 1, 'scUrl': 'renewables/gkenergy/GEL02', 'columns': [{'name': 'change %', 'value': '-2.88'}, {'name': 'LTP', 'value': '138.70'}, {'name': 'Close Price value', 'value': '138.70'}, {'name': 'change absolute', 'value': '-4.12'}]}",OHLC_D_I_NR7BEARBO,NR 7 Breakdown,Seven Bar Pattern,18,Range Breakout,NR7 is a 7-bar narrow range pattern. NR7 bearish breakout pattern scanner shows the list of stocks forming bearish breakout pattern after 7-bar consolidation.,,,False,1,N,,OHLC_D_I_NR7BEARBO
1784718917,"{'stkname': 'ICICIAMC', 'ltp': '', 'perChg': '', 'stkId': 'IPA02', 'displayLock': 'N', 'scanproflg': 1, 'scUrl': 'finance-investment/iciciprudentialassetmanagementcompany/IPA02', 'columns': [{'name': 'change %', 'value': '-0.95'}, {'name': 'LTP', 'value': '3,120.00'}, {'name': 'Close Price value', 'value': '3,120.00'}, {'name': 'change absolute', 'value': '-30.00'}]}",OHLC_D_I_NR7BEARBO,NR 7 Breakdown,Seven Bar Pattern,18,Range Breakout,NR7 is a 7-bar narrow range pattern. NR7 bearish breakout pattern scanner shows the list of stocks forming bearish breakout pattern after 7-bar consolidation.,,,False,1,N,,OHLC_D_I_NR7BEARBO
1784718917,"{'stkname': 'Excelsoft Techn', 'ltp': '', 'perChg': '', 'stkId': 'ETL03', 'displayLock': 'N', 'scanproflg': 1, 'scUrl': 'it-servicesconsulting/excelsofttechnologies/ETL03', 'columns': [{'name': 'change %', 'value': '-1.25'}, {'name': 'LTP', 'value': '75.00'}, {'name': 'Close Price value', 'value': '75.00'}, {'name': 'change absolute', 'value': '-0.95'}]}",OHLC_D_I_NR7BEARBO,NR 7 Breakdown,Seven Bar Pattern,18,Range Breakout,NR7 is a 7-bar narrow range pattern. NR7 bearish breakout pattern scanner shows the list of stocks forming bearish breakout pattern after 7-bar consolidation.,,,False,1,N,,OHLC_D_I_NR7BEARBO
1784718917,"{'stkname': 'ARSSBL', 'ltp': '', 'perChg': '', 'stkId': 'ARSSBL', 'displayLock': 'N', 'scanproflg': 1, 'scUrl': 'finance-stock-broking/anandrathisharestockbrokers/ARSSBL', 'columns': [{'name': 'change %', 'value': '-0.88'}, {'name': 'LTP', 'value': '516.00'}, {'name': 'Close Price value', 'value': '516.00'}, {'name': 'change absolute', 'value': '-4.60'}]}",OHLC_D_I_NR7BEARBO,NR 7 Breakdown,Seven Bar Pattern,18,Range Breakout,NR7 is a 7-bar narrow range pattern. NR7 bearish breakout pattern scanner shows the list of stocks forming bearish breakout pattern after 7-bar consolidation.,,,False,1,N,,OHLC_D_I_NR7BEARBO
1784718917,"{'stkname': 'Belrise Ind', 'ltp': '', 'perChg': '', 'stkId': 'BIL07', 'displayLock': 'N', 'scanproflg': 1, 'scUrl': 'auto-ancillaries/belriseindustries/BIL08', 'columns': [{'name': 'change %', 'value': '-1.71'}, {'name': 'LTP', 'value': '232.70'}, {'name': 'Close Price value', 'value': '232.70'}, {'name': 'change absolute', 'value': '-4.06'}]}",OHLC_D_I_NR7BEARBO,NR 7 Breakdown,Seven Bar Pattern,18,Range Breakout,NR7 is a 7-bar narrow range pattern. NR7 bearish breakout pattern scanner shows the list of stocks forming bearish breakout pattern after 7-bar consolidation.,,,False,1,N,,OHLC_D_I_NR7BEARBO
1784718917,"{'stkname': 'Ola Electric', 'ltp': '', 'perChg': '', 'stkId': 'OEM', 'displayLock': 'N', 'scanproflg': 1, 'scUrl': 'auto-ancillaries-brakes/olaelectricmobility/OEM', 'columns': [{'name': 'change %', 'value': '-5.35'}, {'name': 'LTP', 'value': '36.65'}, {'name': 'Close Price value', 'value': '36.65'}, {'name': 'change absolute', 'value': '-2.07'}]}",OHLC_D_I_NR7BEARBO,NR 7 Breakdown,Seven Bar Pattern,18,Range Breakout,NR7 is a 7-bar narrow range pattern. NR7 bearish breakout pattern scanner shows the list of stocks forming bearish breakout pattern after 7-bar consolidation.,,,False,1,N,,OHLC_D_I_NR7BEARBO
1784718917,"{'stkname': 'Rubicon Res', 'ltp': '', 'perChg': '', 'stkId': 'RRL04', 'displayLock': 'N', 'scanproflg': 1, 'scUrl': 'pharmaceuticalsdrugs/rubiconresearch/RRL04', 'columns': [{'name': 'change %', 'value': '-2.96'}, {'name': 'LTP', 'value': '1,472.00'}, {'name': 'Close Price value', 'value': '1,472.00'}, {'name': 'change absolute', 'value': '-44.90'}]}",OHLC_D_I_NR7BEARBO,NR 7 Breakdown,Seven Bar Pattern,18,Range Breakout,NR7 is a 7-bar narrow range pattern. NR7 bearish breakout pattern scanner shows the list of stocks forming bearish breakout pattern after 7-bar consolidation.,,,False,1,N,,OHLC_D_I_NR7BEARBO
1784718917,"{'stkname': 'Unicommerce Eso', 'ltp': '', 'perChg': '', 'stkId': 'UEL', 'displayLock': 'N', 'scanproflg': 1, 'scUrl': 'it-servicesconsulting/unicommerceesolutions/UeL', 'columns': [{'name': 'change %', 'value': '-1.25'}, {'name': 'LTP', 'value': '84.99'}, {'name': 'Close Price value', 'value': '84.99'}, {'name': 'change absolute', 'value': '-1.08'}]}",OHLC_D_I_NR7BEARBO,NR 7 Breakdown,Seven Bar Pattern,18,Range Breakout,NR7 is a 7-bar narrow range pattern. NR7 bearish breakout pattern scanner shows the list of stocks forming bearish breakout pattern after 7-bar consolidation.,,,False,1,N,,OHLC_D_I_NR7BEARBO
1784718917,"{'stkname': 'Ventive Hospita', 'ltp': '', 'perChg': '', 'stkId': 'VHL01', 'displayLock': 'N', 'scanproflg': 1, 'scUrl': 'hotel-resortrestaurants/ventivehospitality/VHL01', 'columns': [{'name': 'change %', 'value': '-0.48'}, {'name': 'LTP', 'value': '617.35'}, {'name': 'Close Price value', 'value': '617.35'}, {'name': 'change absolute', 'value': '-2.95'}]}",OHLC_D_I_NR7BEARBO,NR 7 Breakdown,Seven Bar Pattern,18,Range Breakout,NR7 is a 7-bar narrow range pattern. NR7 bearish breakout pattern scanner shows the list of stocks forming bearish breakout pattern after 7-bar consolidation.,,,False,1,N,,OHLC_D_I_NR7BEARBO
1784718917,"{'stkname': 'Northern Arc', 'ltp': '', 'perChg': '', 'stkId': 'NACL', 'displayLock': 'N', 'scanproflg': 1, 'scUrl': 'finance-investment/northernarccapital/NACL', 'columns': [{'name': 'change %', 'value': '-2.31'}, {'name': 'LTP', 'value': '298.70'}, {'name': 'Close Price value', 'value': '298.70'}, {'name': 'change absolute', 'value': '-7.05'}]}",OHLC_D_I_NR7BEARBO,NR 7 Breakdown,Seven Bar Pattern,18,Range Breakout,NR7 is a 7-bar narrow range pattern. NR7 bearish breakout pattern scanner shows the list of stocks forming bearish breakout pattern after 7-bar consolidation.,,,False,1,N,,OHLC_D_I_NR7BEARBO
1784718917,"{'stkname': 'Dr Agarwals', 'ltp': '', 'perChg': '', 'stkId': 'DAH', 'displayLock': 'N', 'scanproflg': 1, 'scUrl': 'hospitalhealthcare-services/dragarwalshealthcare/DAH', 'columns': [{'name': 'change %', 'value': '-2.52'}, {'name': 'LTP', 'value': '473.55'}, {'name': 'Close Price value', 'value': '473.55'}, {'name': 'change absolute', 'value': '-12.25'}]}",OHLC_D_I_NR7BEARBO,NR 7 Breakdown,Seven Bar Pattern,18,Range Breakout,NR7 is a 7-bar narrow range pattern. NR7 bearish breakout pattern scanner shows the list of stocks forming bearish breakout pattern after 7-bar consolidation.,,,False,1,N,,OHLC_D_I_NR7BEARBO
1784718917,"{'stkname': 'DEE Development', 'ltp': '', 'perChg': '', 'stkId': 'DDEL', 'displayLock': 'N', 'scanproflg': 1, 'scUrl': 'ironsteel/deedevelopmentengineers/DDEL', 'columns': [{'name': 'change %', 'value': '-3.23'}, {'name': 'LTP', 'value': '658.10'}, {'name': 'Close Price value', 'value': '658.10'}, {'name': 'change absolute', 'value': '-22.00'}]}",OHLC_D_I_NR7BEARBO,NR 7 Breakdown,Seven Bar Pattern,18,Range Breakout,NR7 is a 7-bar narrow range pattern. NR7 bearish breakout pattern scanner shows the list of stocks forming bearish breakout pattern after 7-bar consolidation.,,,False,1,N,,OHLC_D_I_NR7BEARBO
1784718917,"{'stkname': 'Niva Bupa Healt', 'ltp': '', 'perChg': '', 'stkId': 'NBH', 'displayLock': 'N', 'scanproflg': 1, 'scUrl': 'lifehealth-insurance/nivabupahealthinsurancecompany/NBH', 'columns': [{'name': 'change %', 'value': '-2.03'}, {'name': 'LTP', 'value': '84.29'}, {'name': 'Close Price value', 'value': '84.29'}, {'name': 'change absolute', 'value': '-1.75'}]}",OHLC_D_I_NR7BEARBO,NR 7 Breakdown,Seven Bar Pattern,18,Range Breakout,NR7 is a 7-bar narrow range pattern. NR7 bearish breakout pattern scanner shows the list of stocks forming bearish breakout pattern after 7-bar consolidation.,,,False,1,N,,OHLC_D_I_NR7BEARBO
1784718917,"{'stkname': 'Muthoot Micro', 'ltp': '', 'perChg': '', 'stkId': 'MML07', 'displayLock': 'N', 'scanproflg': 1, 'scUrl': 'finance-others/muthootmicrofin/MML06', 'columns': [{'name': 'change %', 'value': '-1.49'}, {'name': 'LTP', 'value': '250.51'}, {'name': 'Close Price value', 'value': '250.51'}, {'name': 'change absolute', 'value': '-3.79'}]}",OHLC_D_I_NR7BEARBO,NR 7 Breakdown,Seven Bar Pattern,18,Range Breakout,NR7 is a 7-bar narrow range pattern. NR7 bearish breakout pattern scanner shows the list of stocks forming bearish breakout pattern after 7-bar consolidation.,,,False,1,N,,OHLC_D_I_NR7BEARBO
1784718917,"{'stkname': 'Happy Forgings', 'ltp': '', 'perChg': '', 'stkId': 'HFL03', 'displayLock': 'N', 'scanproflg': 1, 'scUrl': 'metals-castingsforgings/happyforgings/HFL02', 'columns': [{'name': 'change %', 'value': '-0.72'}, {'name': 'LTP', 'value': '1,600.00'}, {'name': 'Close Price value', 'value': '1,600.00'}, {'name': 'change absolute', 'value': '-11.60'}]}",OHLC_D_I_NR7BEARBO,NR 7 Breakdown,Seven Bar Pattern,18,Range Breakout,NR7 is a 7-bar narrow range pattern. NR7 bearish breakout pattern scanner shows the list of stocks forming bearish breakout pattern after 7-bar consolidation.,,,False,1,N,,OHLC_D_I_NR7BEARBO
1784718917,"{'stkname': 'Medi Assist Hea', 'ltp': '', 'perChg': '', 'stkId': 'MAH01', 'displayLock': 'N', 'scanproflg': 1, 'scUrl': 'hospitalhealthcare-services/mediassisthealthcareservices/MAH01', 'columns': [{'name': 'change %', 'value': '-2.32'}, {'name': 'LTP', 'value': '349.05'}, {'name': 'Close Price value', 'value': '349.05'}, {'name': 'change absolute', 'value': '-8.30'}]}",OHLC_D_I_NR7BEARBO,NR 7 Breakdown,Seven Bar Pattern,18,Range Breakout,NR7 is a 7-bar narrow range pattern. NR7 bearish breakout pattern scanner shows the list of stocks forming bearish breakout pattern after 7-bar consolidation.,,,False,1,N,,OHLC_D_I_NR7BEARBO
1784718917,"{'stkname': 'Orient Tech', 'ltp': '', 'perChg': '', 'stkId': 'OTL', 'displayLock': 'N', 'scanproflg': 1, 'scUrl': 'software/orienttechnologies/OTL', 'columns': [{'name': 'change %', 'value': '-0.19'}, {'name': 'LTP', 'value': '262.40'}, {'name': 'Close Price value', 'value': '262.40'}, {'name': 'change absolute', 'value': '-0.51'}]}",OHLC_D_I_NR7BEARBO,NR 7 Breakdown,Seven Bar Pattern,18,Range Breakout,NR7 is a 7-bar narrow range pattern. NR7 bearish breakout pattern scanner shows the list of stocks forming bearish breakout pattern after 7-bar consolidation.,,,False,1,N,,OHLC_D_I_NR7BEARBO
1784718917,"{'stkname': 'Akme Fintrade I', 'ltp': '', 'perChg': '', 'stkId': 'AFIL', 'displayLock': 'N', 'scanproflg': 1, 'scUrl': 'finance-investment/akmefintradeindia/AFIL', 'columns': [{'name': 'change %', 'value': '-3.12'}, {'name': 'LTP', 'value': '9.33'}, {'name': 'Close Price value', 'value': '9.33'}, {'name': 'change absolute', 'value': '-0.30'}]}",OHLC_D_I_NR7BEARBO,NR 7 Breakdown,Seven Bar Pattern,18,Range Breakout,NR7 is a 7-bar narrow range pattern. NR7 bearish breakout pattern scanner shows the list of stocks forming bearish breakout pattern after 7-bar consolidation.,,,False,1,N,,OHLC_D_I_NR7BEARBO
1784718917,"{'stkname': 'DOMS Industries', 'ltp': '', 'perChg': '', 'stkId': 'DIL03', 'displayLock': 'N', 'scanproflg': 1, 'scUrl': 'printingstationery/domsindustries/DIL04', 'columns': [{'name': 'change %', 'value': '-0.11'}, {'name': 'LTP', 'value': '2,269.00'}, {'name': 'Close Price value', 'value': '2,269.00'}, {'name': 'change absolute', 'value': '-2.40'}]}",OHLC_D_I_NR7BEARBO,NR 7 Breakdown,Seven Bar Pattern,18,Range Breakout,NR7 is a 7-bar narrow range pattern. NR7 bearish breakout pattern scanner shows the list of stocks forming bearish breakout pattern after 7-bar consolidation.,,,False,1,N,,OHLC_D_I_NR7BEARBO
1784718917,"{'stkname': 'Kronox Lab Scie', 'ltp': '', 'perChg': '', 'stkId': 'KLS', 'displayLock': 'N', 'scanproflg': 1, 'scUrl': 'chemicals/kronoxlabsciences/KLS', 'columns': [{'name': 'change %', 'value': '-2.75'}, {'name': 'LTP', 'value': '148.00'}, {'name': 'Close Price value', 'value': '148.00'}, {'name': 'change absolute', 'value': '-4.19'}]}",OHLC_D_I_NR7BEARBO,NR 7 Breakdown,Seven Bar Pattern,18,Range Breakout,NR7 is a 7-bar narrow range pattern. NR7 bearish breakout pattern scanner shows the list of stocks forming bearish breakout pattern after 7-bar consolidation.,,,False,1,N,,OHLC_D_I_NR7BEARBO
1784718917,"{'stkname': 'Swiggy', 'ltp': '', 'perChg': '', 'stkId': 'SL23', 'displayLock': 'N', 'scanproflg': 1, 'scUrl': 'online-services/swiggy/SL24', 'columns': [{'name': 'change %', 'value': '-2.31'}, {'name': 'LTP', 'value': '264.00'}, {'name': 'Close Price value', 'value': '264.00'}, {'name': 'change absolute', 'value': '-6.23'}]}",OHLC_D_I_NR7BEARBO,NR 7 Breakdown,Seven Bar Pattern,18,Range Breakout,NR7 is a 7-bar narrow range pattern. NR7 bearish breakout pattern scanner shows the list of stocks forming bearish breakout pattern after 7-bar consolidation.,,,False,1,N,,OHLC_D_I_NR7BEARBO
1784718917,"{'stkname': 'Stanley Life', 'ltp': '', 'perChg': '', 'stkId': 'SLL02', 'displayLock': 'N', 'scanproflg': 1, 'scUrl': 'miscellaneous/stanleylifestyles/SLL02', 'columns': [{'name': 'change %', 'value': '-1.23'}, {'name': 'LTP', 'value': '154.70'}, {'name': 'Close Price value', 'value': '154.70'}, {'name': 'change absolute', 'value': '-1.92'}]}",OHLC_D_I_NR7BEARBO,NR 7 Breakdown,Seven Bar Pattern,18,Range Breakout,NR7 is a 7-bar narrow range pattern. NR7 bearish breakout pattern scanner shows the list of stocks forming bearish breakout pattern after 7-bar consolidation.,,,False,1,N,,OHLC_D_I_NR7BEARBO
1784718917,"{'stkname': 'Inventurus Know', 'ltp': '', 'perChg': '', 'stkId': 'IKS', 'displayLock': 'N', 'scanproflg': 1, 'scUrl': 'software/inventurusknowledgesolutions/IKS', 'columns': [{'name': 'change %', 'value': '-3.88'}, {'name': 'LTP', 'value': '1,809.80'}, {'name': 'Close Price value', 'value': '1,809.80'}, {'name': 'change absolute', 'value': '-73.00'}]}",OHLC_D_I_NR7BEARBO,NR 7 Breakdown,Seven Bar Pattern,18,Range Breakout,NR7 is a 7-bar narrow range pattern. NR7 bearish breakout pattern scanner shows the list of stocks forming bearish breakout pattern after 7-bar consolidation.,,,False,1,N,,OHLC_D_I_NR7BEARBO
1784718917,"{'stkname': 'Azad Eng', 'ltp': '', 'perChg': '', 'stkId': 'AEL03', 'displayLock': 'N', 'scanproflg': 1, 'scUrl': 'aerospacedefence/azadengineering/AEL02', 'columns': [{'name': 'change %', 'value': '-2.24'}, {'name': 'LTP', 'value': '2,325.30'}, {'name': 'Close Price value', 'value': '2,325.30'}, {'name': 'change absolute', 'value': '-53.30'}]}",OHLC_D_I_NR7BEARBO,NR 7 Breakdown,Seven Bar Pattern,18,Range Breakout,NR7 is a 7-bar narrow range pattern. NR7 bearish breakout pattern scanner shows the list of stocks forming bearish breakout pattern after 7-bar consolidation.,,,False,1,N,,OHLC_D_I_NR7BEARBO
1784718917,"{'stkname': 'Network People', 'ltp': '', 'perChg': '', 'stkId': 'NPS02', 'displayLock': 'N', 'scanproflg': 1, 'scUrl': 'software/networkpeopleservicestechnologies/NPS02', 'columns': [{'name': 'change %', 'value': '-0.88'}, {'name': 'LTP', 'value': '1,532.60'}, {'name': 'Close Price value', 'value': '1,532.60'}, {'name': 'change absolute', 'value': '-13.60'}]}",OHLC_D_I_NR7BEARBO,NR 7 Breakdown,Seven Bar Pattern,18,Range Breakout,NR7 is a 7-bar narrow range pattern. NR7 bearish breakout pattern scanner shows the list of stocks forming bearish breakout pattern after 7-bar consolidation.,,,False,1,N,,OHLC_D_I_NR7BEARBO
1784718917,"{'stkname': 'Aequs', 'ltp': '', 'perChg': '', 'stkId': 'AL20', 'displayLock': 'N', 'scanproflg': 1, 'scUrl': 'engineering-industrial-equipments/aequs/AL16', 'columns': [{'name': 'change %', 'value': '-2.73'}, {'name': 'LTP', 'value': '232.00'}, {'name': 'Close Price value', 'value': '232.00'}, {'name': 'change absolute', 'value': '-6.50'}]}",OHLC_D_I_NR7BEARBO,NR 7 Breakdown,Seven Bar Pattern,18,Range Breakout,NR7 is a 7-bar narrow range pattern. NR7 bearish breakout pattern scanner shows the list of stocks forming bearish breakout pattern after 7-bar consolidation.,,,False,1,N,,OHLC_D_I_NR7BEARBO
1784718917,"{'stkname': 'Avantel', 'ltp': '', 'perChg': '', 'stkId': 'AS22', 'displayLock': 'N', 'scanproflg': 1, 'scUrl': 'computers-software-mediumsmall/avantel/A19', 'columns': [{'name': 'change %', 'value': '-3.49'}, {'name': 'LTP', 'value': '165.04'}, {'name': 'Close Price value', 'value': '165.04'}, {'name': 'change absolute', 'value': '-5.97'}]}",OHLC_D_I_NR7BEARBO,NR 7 Breakdown,Seven Bar Pattern,18,Range Breakout,NR7 is a 7-bar narrow range pattern. NR7 bearish breakout pattern scanner shows the list of stocks forming bearish breakout pattern after 7-bar consolidation.,,,False,1,N,,OHLC_D_I_NR7BEARBO
1784718917,"{'stkname': 'Nitin Spinners', 'ltp': '', 'perChg': '', 'stkId': 'NS12', 'displayLock': 'N', 'scanproflg': 1, 'scUrl': 'textiles-spinning-cotton-blended/nitinspinners/NS12', 'columns': [{'name': 'change %', 'value': '-2.51'}, {'name': 'LTP', 'value': '535.00'}, {'name': 'Close Price value', 'value': '535.00'}, {'name': 'change absolute', 'value': '-13.75'}]}",OHLC_D_I_NR7BEARBO,NR 7 Breakdown,Seven Bar Pattern,18,Range Breakout,NR7 is a 7-bar narrow range pattern. NR7 bearish breakout pattern scanner shows the list of stocks forming bearish breakout pattern after 7-bar consolidation.,,,False,1,N,,OHLC_D_I_NR7BEARBO
1784718917,"{'stkname': 'Kothari Product', 'ltp': '', 'perChg': '', 'stkId': 'KP06', 'displayLock': 'N', 'scanproflg': 1, 'scUrl': 'cigarettes/kothariproducts/KP06', 'columns': [{'name': 'change %', 'value': '-2.20'}, {'name': 'LTP', 'value': '67.20'}, {'name': 'Close Price value', 'value': '67.20'}, {'name': 'change absolute', 'value': '-1.51'}]}",OHLC_D_I_NR7BEARBO,NR 7 Breakdown,Seven Bar Pattern,18,Range Breakout,NR7 is a 7-bar narrow range pattern. NR7 bearish breakout pattern scanner shows the list of stocks forming bearish breakout pattern after 7-bar consolidation.,,,False,1,N,,OHLC_D_I_NR7BEARBO
1784718917,"{'stkname': 'LMW', 'ltp': '', 'perChg': '', 'stkId': 'LMW', 'displayLock': 'N', 'scanproflg': 1, 'scUrl': 'textiles-machinery/lmw/LMW', 'columns': [{'name': 'change %', 'value': '-0.20'}, {'name': 'LTP', 'value': '16,080.00'}, {'name': 'Close Price value', 'value': '16,080.00'}, {'name': 'change absolute', 'value': '-33.00'}]}",OHLC_D_I_NR7BEARBO,NR 7 Breakdown,Seven Bar Pattern,18,Range Breakout,NR7 is a 7-bar narrow range pattern. NR7 bearish breakout pattern scanner shows the list of stocks forming bearish breakout pattern after 7-bar consolidation.,,,False,1,N,,OHLC_D_I_NR7BEARBO
1784718917,"{'stkname': 'Physicswallah', 'ltp': '', 'perChg': '', 'stkId': 'PL10', 'displayLock': 'N', 'scanproflg': 1, 'scUrl': 'educational-institutions/physicswallah/PL09', 'columns': [{'name': 'change %', 'value': '-1.37'}, {'name': 'LTP', 'value': '132.00'}, {'name': 'Close Price value', 'value': '132.00'}, {'name': 'change absolute', 'value': '-1.84'}]}",OHLC_D_I_NR7BEARBO,NR 7 Breakdown,Seven Bar Pattern,18,Range Breakout,NR7 is a 7-bar narrow range pattern. NR7 bearish breakout pattern scanner shows the list of stocks forming bearish breakout pattern after 7-bar consolidation.,,,False,1,N,,OHLC_D_I_NR7BEARBO
1784718917,"{'stkname': 'Allied Blenders', 'ltp': '', 'perChg': '', 'stkId': 'ABD', 'displayLock': 'N', 'scanproflg': 1, 'scUrl': 'breweriesdistilleries/alliedblendersdistillers/ABD', 'columns': [{'name': 'change %', 'value': '-0.41'}, {'name': 'LTP', 'value': '616.85'}, {'name': 'Close Price value', 'value': '616.85'}, {'name': 'change absolute', 'value': '-2.55'}]}",OHLC_D_I_NR7BEARBO,NR 7 Breakdown,Seven Bar Pattern,18,Range Breakout,NR7 is a 7-bar narrow range pattern. NR7 bearish breakout pattern scanner shows the list of stocks forming bearish breakout pattern after 7-bar consolidation.,,,False,1,N,,OHLC_D_I_NR7BEARBO
1784718917,"{'stkname': 'Sula Vineyards', 'ltp': '', 'perChg': '', 'stkId': 'SV05', 'displayLock': 'N', 'scanproflg': 1, 'scUrl': 'breweriesdistilleries/sulavineyards/SV01', 'columns': [{'name': 'change %', 'value': '-0.62'}, {'name': 'LTP', 'value': '149.09'}, {'name': 'Close Price value', 'value': '149.09'}, {'name': 'change absolute', 'value': '-0.93'}]}",OHLC_D_I_NR7BEARBO,NR 7 Breakdown,Seven Bar Pattern,18,Range Breakout,NR7 is a 7-bar narrow range pattern. NR7 bearish breakout pattern scanner shows the list of stocks forming bearish breakout pattern after 7-bar consolidation.,,,False,1,N,,OHLC_D_I_NR7BEARBO
1784718917,"{'stkname': 'Ambika Cotton', 'ltp': '', 'perChg': '', 'stkId': 'ACM04', 'displayLock': 'N', 'scanproflg': 1, 'scUrl': 'textiles-spinning-cotton-blended/ambikacottonmills/ACM04', 'columns': [{'name': 'change %', 'value': '-0.86'}, {'name': 'LTP', 'value': '1,708.10'}, {'name': 'Close Price value', 'value': '1,708.10'}, {'name': 'change absolute', 'value': '-14.90'}]}",OHLC_D_I_NR7BEARBO,NR 7 Breakdown,Seven Bar Pattern,18,Range Breakout,NR7 is a 7-bar narrow range pattern. NR7 bearish breakout pattern scanner shows the list of stocks forming bearish breakout pattern after 7-bar consolidation.,,,False,1,N,,OHLC_D_I_NR7BEARBO
1784718917,"{'stkname': 'Vikas Life', 'ltp': '', 'perChg': '', 'stkId': 'VIKAS54265', 'displayLock': 'N', 'scanproflg': 1, 'scUrl': 'miscellaneous/vikaslifecare/VIKAS54265', 'columns': [{'name': 'change %', 'value': '-1.52'}, {'name': 'LTP', 'value': '1.30'}, {'name': 'Close Price value', 'value': '1.30'}, {'name': 'change absolute', 'value': '-0.02'}]}",OHLC_D_I_NR7BEARBO,NR 7 Breakdown,Seven Bar Pattern,18,Range Breakout,NR7 is a 7-bar narrow range pattern. NR7 bearish breakout pattern scanner shows the list of stocks forming bearish breakout pattern after 7-bar consolidation.,,,False,1,N,,OHLC_D_I_NR7BEARBO
1784718917,"{'stkname': 'Lambodhara Text', 'ltp': '', 'perChg': '', 'stkId': 'LT02', 'displayLock': 'N', 'scanproflg': 1, 'scUrl': 'textiles-spinning-cotton-blended/lambodharatextile/LT02', 'columns': [{'name': 'change %', 'value': '-1.42'}, {'name': 'LTP', 'value': '113.50'}, {'name': 'Close Price value', 'value': '113.50'}, {'name': 'change absolute', 'value': '-1.64'}]}",OHLC_D_I_NR7BEARBO,NR 7 Breakdown,Seven Bar Pattern,18,Range Breakout,NR7 is a 7-bar narrow range pattern. NR7 bearish breakout pattern scanner shows the list of stocks forming bearish breakout pattern after 7-bar consolidation.,,,False,1,N,,OHLC_D_I_NR7BEARBO
1784718917,"{'stkname': 'BSL', 'ltp': '', 'perChg': '', 'stkId': 'BSL', 'displayLock': 'N', 'scanproflg': 1, 'scUrl': 'textiles-weaving/bsl/BSL', 'columns': [{'name': 'change %', 'value': '-0.82'}, {'name': 'LTP', 'value': '124.99'}, {'name': 'Close Price value', 'value': '124.99'}, {'name': 'change absolute', 'value': '-1.03'}]}",OHLC_D_I_NR7BEARBO,NR 7 Breakdown,Seven Bar Pattern,18,Range Breakout,NR7 is a 7-bar narrow range pattern. NR7 bearish breakout pattern scanner shows the list of stocks forming bearish breakout pattern after 7-bar consolidation.,,,False,1,N,,OHLC_D_I_NR7BEARBO
1784718917,"{'stkname': 'KDDL', 'ltp': '', 'perChg': '', 'stkId': 'KD05', 'displayLock': 'N', 'scanproflg': 1, 'scUrl': 'miscellaneous/kddl/KDD', 'columns': [{'name': 'change %', 'value': '-2.43'}, {'name': 'LTP', 'value': '3,099.00'}, {'name': 'Close Price value', 'value': '3,099.00'}, {'name': 'change absolute', 'value': '-77.20'}]}",OHLC_D_I_NR7BEARBO,NR 7 Breakdown,Seven Bar Pattern,18,Range Breakout,NR7 is a 7-bar narrow range pattern. NR7 bearish breakout pattern scanner shows the list of stocks forming bearish breakout pattern after 7-bar consolidation.,,,False,1,N,,OHLC_D_I_NR7BEARBO
1784718917,"{'stkname': 'PDS', 'ltp': '', 'perChg': '', 'stkId': 'PDS', 'displayLock': 'N', 'scanproflg': 1, 'scUrl': 'textiles-general/pds/PDS', 'columns': [{'name': 'change %', 'value': '-2.55'}, {'name': 'LTP', 'value': '355.50'}, {'name': 'Close Price value', 'value': '355.50'}, {'name': 'change absolute', 'value': '-9.30'}]}",OHLC_D_I_NR7BEARBO,NR 7 Breakdown,Seven Bar Pattern,18,Range Breakout,NR7 is a 7-bar narrow range pattern. NR7 bearish breakout pattern scanner shows the list of stocks forming bearish breakout pattern after 7-bar consolidation.,,,False,1,N,,OHLC_D_I_NR7BEARBO
1784718917,"{'stkname': 'Tata Motors Com', 'ltp': '', 'perChg': '', 'stkId': 'TML02', 'displayLock': 'N', 'scanproflg': 1, 'scUrl': 'automobile-truckslcvs/tatamotors/TML02', 'columns': [{'name': 'change %', 'value': '-1.49'}, {'name': 'LTP', 'value': '405.60'}, {'name': 'Close Price value', 'value': '405.60'}, {'name': 'change absolute', 'value': '-6.15'}]}",OHLC_D_I_NR7BEARBO,NR 7 Breakdown,Seven Bar Pattern,18,Range Breakout,NR7 is a 7-bar narrow range pattern. NR7 bearish breakout pattern scanner shows the list of stocks forming bearish breakout pattern after 7-bar consolidation.,,,False,1,N,,OHLC_D_I_NR7BEARBO
1784718917,"{'stkname': 'Dollar Ind', 'ltp': '', 'perChg': '', 'stkId': 'DI27', 'displayLock': 'N', 'scanproflg': 1, 'scUrl': 'textiles-readymade-apparels/dollarindustries/DI29', 'columns': [{'name': 'change %', 'value': '-1.25'}, {'name': 'LTP', 'value': '256.45'}, {'name': 'Close Price value', 'value': '256.45'}, {'name': 'change absolute', 'value': '-3.25'}]}",OHLC_D_I_NR7BEARBO,NR 7 Breakdown,Seven Bar Pattern,18,Range Breakout,NR7 is a 7-bar narrow range pattern. NR7 bearish breakout pattern scanner shows the list of stocks forming bearish breakout pattern after 7-bar consolidation.,,,False,1,N,,OHLC_D_I_NR7BEARBO
1784718917,"{'stkname': 'Indo Rama Synth', 'ltp': '', 'perChg': '', 'stkId': 'IRS', 'displayLock': 'N', 'scanproflg': 1, 'scUrl': 'textiles-spinning-synthetic-blended/indoramasyntheticsindia/IRS', 'columns': [{'name': 'change %', 'value': '-2.67'}, {'name': 'LTP', 'value': '48.50'}, {'name': 'Close Price value', 'value': '48.50'}, {'name': 'change absolute', 'value': '-1.33'}]}",OHLC_D_I_NR7BEARBO,NR 7 Breakdown,Seven Bar Pattern,18,Range Breakout,NR7 is a 7-bar narrow range pattern. NR7 bearish breakout pattern scanner shows the list of stocks forming bearish breakout pattern after 7-bar consolidation.,,,False,1,N,,OHLC_D_I_NR7BEARBO
1784718917,"{'stkname': 'Swan Corp', 'ltp': '', 'perChg': '', 'stkId': 'SM09', 'displayLock': 'N', 'scanproflg': 1, 'scUrl': 'trading/swancorp/SM09', 'columns': [{'name': 'change %', 'value': '-0.15'}, {'name': 'LTP', 'value': '309.70'}, {'name': 'Close Price value', 'value': '309.70'}, {'name': 'change absolute', 'value': '-0.45'}]}",OHLC_D_I_NR7BEARBO,NR 7 Breakdown,Seven Bar Pattern,18,Range Breakout,NR7 is a 7-bar narrow range pattern. NR7 bearish breakout pattern scanner shows the list of stocks forming bearish breakout pattern after 7-bar consolidation.,,,False,1,N,,OHLC_D_I_NR7BEARBO
1784718917,"{'stkname': 'Oswal Agro', 'ltp': '', 'perChg': '', 'stkId': 'OAM', 'displayLock': 'N', 'scanproflg': 1, 'scUrl': 'finance-investments/oswalagromills/OAM', 'columns': [{'name': 'change %', 'value': '-3.04'}, {'name': 'LTP', 'value': '38.00'}, {'name': 'Close Price value', 'value': '38.00'}, {'name': 'change absolute', 'value': '-1.19'}]}",OHLC_D_I_NR7BEARBO,NR 7 Breakdown,Seven Bar Pattern,18,Range Breakout,NR7 is a 7-bar narrow range pattern. NR7 bearish breakout pattern scanner shows the list of stocks forming bearish breakout pattern after 7-bar consolidation.,,,False,1,N,,OHLC_D_I_NR7BEARBO
1784718917,"{'stkname': 'Vardhman Acryli', 'ltp': '', 'perChg': '', 'stkId': 'VA08', 'displayLock': 'N', 'scanproflg': 1, 'scUrl': 'textilesapparel/vardhmanacrylics/VA08', 'columns': [{'name': 'change %', 'value': '-0.79'}, {'name': 'LTP', 'value': '42.86'}, {'name': 'Close Price value', 'value': '42.86'}, {'name': 'change absolute', 'value': '-0.34'}]}",OHLC_D_I_NR7BEARBO,NR 7 Breakdown,Seven Bar Pattern,18,Range Breakout,NR7 is a 7-bar narrow range pattern. NR7 bearish breakout pattern scanner shows the list of stocks forming bearish breakout pattern after 7-bar consolidation.,,,False,1,N,,OHLC_D_I_NR7BEARBO
1784718917,"{'stkname': 'CCL Products', 'ltp': '', 'perChg': '', 'stkId': 'CC10', 'displayLock': 'N', 'scanproflg': 1, 'scUrl': 'plantations-teacoffee/cclproductsindia/CC10', 'columns': [{'name': 'change %', 'value': '-0.02'}, {'name': 'LTP', 'value': '1,205.00'}, {'name': 'Close Price value', 'value': '1,205.00'}, {'name': 'change absolute', 'value': '-0.20'}]}",OHLC_D_I_NR7BEARBO,NR 7 Breakdown,Seven Bar Pattern,18,Range Breakout,NR7 is a 7-bar narrow range pattern. NR7 bearish breakout pattern scanner shows the list of stocks forming bearish breakout pattern after 7-bar consolidation.,,,False,1,N,,OHLC_D_I_NR7BEARBO
1784718917,"{'stkname': 'Rupa and Comp', 'ltp': '', 'perChg': '', 'stkId': 'RC12', 'displayLock': 'N', 'scanproflg': 1, 'scUrl': 'textiles-hosieryknitwear/rupacompany/RC14', 'columns': [{'name': 'change %', 'value': '-1.23'}, {'name': 'LTP', 'value': '162.60'}, {'name': 'Close Price value', 'value': '162.60'}, {'name': 'change absolute', 'value': '-2.03'}]}",OHLC_D_I_NR7BEARBO,NR 7 Breakdown,Seven Bar Pattern,18,Range Breakout,NR7 is a 7-bar narrow range pattern. NR7 bearish breakout pattern scanner shows the list of stocks forming bearish breakout pattern after 7-bar consolidation.,,,False,1,N,,OHLC_D_I_NR7BEARBO
1784718917,"{'stkname': 'Siyaram Silk', 'ltp': '', 'perChg': '', 'stkId': 'SSM05', 'displayLock': 'N', 'scanproflg': 1, 'scUrl': 'textiles-weaving/siyaramsilkmills/SSM05', 'columns': [{'name': 'change %', 'value': '-1.24'}, {'name': 'LTP', 'value': '629.00'}, {'name': 'Close Price value', 'value': '629.00'}, {'name': 'change absolute', 'value': '-7.90'}]}",OHLC_D_I_NR7BEARBO,NR 7 Breakdown,Seven Bar Pattern,18,Range Breakout,NR7 is a 7-bar narrow range pattern. NR7 bearish breakout pattern scanner shows the list of stocks forming bearish breakout pattern after 7-bar consolidation.,,,False,1,N,,OHLC_D_I_NR7BEARBO
1784718917,"{'stkname': 'The Grob Tea', 'ltp': '', 'perChg': '', 'stkId': 'TGT', 'displayLock': 'N', 'scanproflg': 1, 'scUrl': 'plantations-teacoffee/thegrobteacompany/TGT', 'columns': [{'name': 'change %', 'value': '-1.36'}, {'name': 'LTP', 'value': '901.30'}, {'name': 'Close Price value', 'value': '901.30'}, {'name': 'change absolute', 'value': '-12.45'}]}",OHLC_D_I_NR7BEARBO,NR 7 Breakdown,Seven Bar Pattern,18,Range Breakout,NR7 is a 7-bar narrow range pattern. NR7 bearish breakout pattern scanner shows the list of stocks forming bearish breakout pattern after 7-bar consolidation.,,,False,1,N,,OHLC_D_I_NR7BEARBO
1784718917,"{'stkname': 'BOMDYEING', 'ltp': '', 'perChg': '', 'stkId': 'BDM', 'displayLock': 'N', 'scanproflg': 1, 'scUrl': 'textilesapparel/thebombaydyeingco/BDM', 'columns': [{'name': 'change %', 'value': '-2.08'}, {'name': 'LTP', 'value': '120.80'}, {'name': 'Close Price value', 'value': '120.80'}, {'name': 'change absolute', 'value': '-2.57'}]}",OHLC_D_I_NR7BEARBO,NR 7 Breakdown,Seven Bar Pattern,18,Range Breakout,NR7 is a 7-bar narrow range pattern. NR7 bearish breakout pattern scanner shows the list of stocks forming bearish breakout pattern after 7-bar consolidation.,,,False,1,N,,OHLC_D_I_NR7BEARBO
1784718917,"{'stkname': 'Alok Industries', 'ltp': '', 'perChg': '', 'stkId': 'ATI', 'displayLock': 'N', 'scanproflg': 1, 'scUrl': 'textiles-weaving/alokindustries/AI54', 'columns': [{'name': 'change %', 'value': '-2.03'}, {'name': 'LTP', 'value': '12.06'}, {'name': 'Close Price value', 'value': '12.06'}, {'name': 'change absolute', 'value': '-0.25'}]}",OHLC_D_I_NR7BEARBO,NR 7 Breakdown,Seven Bar Pattern,18,Range Breakout,NR7 is a 7-bar narrow range pattern. NR7 bearish breakout pattern scanner shows the list of stocks forming bearish breakout pattern after 7-bar consolidation.,,,False,1,N,,OHLC_D_I_NR7BEARBO
1784718917,"{'stkname': 'Essar Shipping', 'ltp': '', 'perChg': '', 'stkId': 'ES10', 'displayLock': 'N', 'scanproflg': 1, 'scUrl': 'shipping/essarshipping/ES10', 'columns': [{'name': 'change %', 'value': '-1.21'}, {'name': 'LTP', 'value': '20.49'}, {'name': 'Close Price value', 'value': '20.49'}, {'name': 'change absolute', 'value': '-0.25'}]}",OHLC_D_I_NR7BEARBO,NR 7 Breakdown,Seven Bar Pattern,18,Range Breakout,NR7 is a 7-bar narrow range pattern. NR7 bearish breakout pattern scanner shows the list of stocks forming bearish breakout pattern after 7-bar consolidation.,,,False,1,N,,OHLC_D_I_NR7BEARBO
1784718917,"{'stkname': 'Sai Silks', 'ltp': '', 'perChg': '', 'stkId': 'SSK01', 'displayLock': 'N', 'scanproflg': 1, 'scUrl': 'retailing/saisilkskalamandir/SSK01', 'columns': [{'name': 'change %', 'value': '-3.46'}, {'name': 'LTP', 'value': '86.80'}, {'name': 'Close Price value', 'value': '86.80'}, {'name': 'change absolute', 'value': '-3.11'}]}",OHLC_D_I_NR7BEARBO,NR 7 Breakdown,Seven Bar Pattern,18,Range Breakout,NR7 is a 7-bar narrow range pattern. NR7 bearish breakout pattern scanner shows the list of stocks forming bearish breakout pattern after 7-bar consolidation.,,,False,1,N,,OHLC_D_I_NR7BEARBO
1784718917,"{'stkname': 'DBOL', 'ltp': '', 'perChg': '', 'stkId': 'DBO', 'displayLock': 'N', 'scanproflg': 1, 'scUrl': 'sugar/dhampurbioorganics/DBO', 'columns': [{'name': 'change %', 'value': '-2.69'}, {'name': 'LTP', 'value': '103.25'}, {'name': 'Close Price value', 'value': '103.25'}, {'name': 'change absolute', 'value': '-2.85'}]}",OHLC_D_I_NR7BEARBO,NR 7 Breakdown,Seven Bar Pattern,18,Range Breakout,NR7 is a 7-bar narrow range pattern. NR7 bearish breakout pattern scanner shows the list of stocks forming bearish breakout pattern after 7-bar consolidation.,,,False,1,N,,OHLC_D_I_NR7BEARBO
1784718917,"{'stkname': 'MTNL', 'ltp': '', 'perChg': '', 'stkId': 'MTN', 'displayLock': 'N', 'scanproflg': 1, 'scUrl': 'telecommunications-service/mahanagartelephonenigam/MTN', 'columns': [{'name': 'change %', 'value': '-1.57'}, {'name': 'LTP', 'value': '27.60'}, {'name': 'Close Price value', 'value': '27.60'}, {'name': 'change absolute', 'value': '-0.44'}]}",OHLC_D_I_NR7BEARBO,NR 7 Breakdown,Seven Bar Pattern,18,Range Breakout,NR7 is a 7-bar narrow range pattern. NR7 bearish breakout pattern scanner shows the list of stocks forming bearish breakout pattern after 7-bar consolidation.,,,False,1,N,,OHLC_D_I_NR7BEARBO
1784718917,"{'stkname': 'Aditya Birla F', 'ltp': '', 'perChg': '', 'stkId': 'PFR', 'displayLock': 'N', 'scanproflg': 1, 'scUrl': 'retail/adityabirlafashionretail/PFR', 'columns': [{'name': 'change %', 'value': '-0.28'}, {'name': 'LTP', 'value': '57.25'}, {'name': 'Close Price value', 'value': '57.25'}, {'name': 'change absolute', 'value': '-0.16'}]}",OHLC_D_I_NR7BEARBO,NR 7 Breakdown,Seven Bar Pattern,18,Range Breakout,NR7 is a 7-bar narrow range pattern. NR7 bearish breakout pattern scanner shows the list of stocks forming bearish breakout pattern after 7-bar consolidation.,,,False,1,N,,OHLC_D_I_NR7BEARBO
1784718917,"{'stkname': 'Aditya Birla Re', 'ltp': '', 'perChg': '', 'stkId': 'CTI', 'displayLock': 'N', 'scanproflg': 1, 'scUrl': 'construction-real-estate/adityabirlarealestate/CTI', 'columns': [{'name': 'change %', 'value': '-2.86'}, {'name': 'LTP', 'value': '1,404.00'}, {'name': 'Close Price value', 'value': '1,404.00'}, {'name': 'change absolute', 'value': '-41.30'}]}",OHLC_D_I_NR7BEARBO,NR 7 Breakdown,Seven Bar Pattern,18,Range Breakout,NR7 is a 7-bar narrow range pattern. NR7 bearish breakout pattern scanner shows the list of stocks forming bearish breakout pattern after 7-bar consolidation.,,,False,1,N,,OHLC_D_I_NR7BEARBO
1784718917,"{'stkname': 'Siemens Energy ', 'ltp': '', 'perChg': '', 'stkId': 'SEI11', 'displayLock': 'N', 'scanproflg': 1, 'scUrl': 'electric-equipment/siemensenergyindia/SEI11', 'columns': [{'name': 'change %', 'value': '-0.10'}, {'name': 'LTP', 'value': '3,370.00'}, {'name': 'Close Price value', 'value': '3,370.00'}, {'name': 'change absolute', 'value': '-3.40'}]}",OHLC_D_I_NR7BEARBO,NR 7 Breakdown,Seven Bar Pattern,18,Range Breakout,NR7 is a 7-bar narrow range pattern. NR7 bearish breakout pattern scanner shows the list of stocks forming bearish breakout pattern after 7-bar consolidation.,,,False,1,N,,OHLC_D_I_NR7BEARBO
1784718917,"{'stkname': 'Arvind', 'ltp': '', 'perChg': '', 'stkId': 'AM', 'displayLock': 'N', 'scanproflg': 1, 'scUrl': 'textiles-denim/arvind/A18', 'columns': [{'name': 'change %', 'value': '-1.44'}, {'name': 'LTP', 'value': '522.95'}, {'name': 'Close Price value', 'value': '522.95'}, {'name': 'change absolute', 'value': '-7.65'}]}",OHLC_D_I_NR7BEARBO,NR 7 Breakdown,Seven Bar Pattern,18,Range Breakout,NR7 is a 7-bar narrow range pattern. NR7 bearish breakout pattern scanner shows the list of stocks forming bearish breakout pattern after 7-bar consolidation.,,,False,1,N,,OHLC_D_I_NR7BEARBO
1784718917,"{'stkname': 'Reliance Power', 'ltp': '', 'perChg': '', 'stkId': 'RP', 'displayLock': 'N', 'scanproflg': 1, 'scUrl': 'power-generationdistribution/reliancepower/RP', 'columns': [{'name': 'change %', 'value': '-0.41'}, {'name': 'LTP', 'value': '24.20'}, {'name': 'Close Price value', 'value': '24.20'}, {'name': 'change absolute', 'value': '-0.10'}]}",OHLC_D_I_NR7BEARBO,NR 7 Breakdown,Seven Bar Pattern,18,Range Breakout,NR7 is a 7-bar narrow range pattern. NR7 bearish breakout pattern scanner shows the list of stocks forming bearish breakout pattern after 7-bar consolidation.,,,False,1,N,,OHLC_D_I_NR7BEARBO
1784718917,"{'stkname': 'Lovable Lingeri', 'ltp': '', 'perChg': '', 'stkId': 'LL05', 'displayLock': 'N', 'scanproflg': 1, 'scUrl': 'textiles-readymade-apparels/lovablelingerie/LL04', 'columns': [{'name': 'change %', 'value': '-2.77'}, {'name': 'LTP', 'value': '72.19'}, {'name': 'Close Price value', 'value': '72.19'}, {'name': 'change absolute', 'value': '-2.06'}]}",OHLC_D_I_NR7BEARBO,NR 7 Breakdown,Seven Bar Pattern,18,Range Breakout,NR7 is a 7-bar narrow range pattern. NR7 bearish breakout pattern scanner shows the list of stocks forming bearish breakout pattern after 7-bar consolidation.,,,False,1,N,,OHLC_D_I_NR7BEARBO
1784718917,"{'stkname': 'Rana Sugars', 'ltp': '', 'perChg': '', 'stkId': 'RS05', 'displayLock': 'N', 'scanproflg': 1, 'scUrl': 'sugar/ranasugars/RS05', 'columns': [{'name': 'change %', 'value': '-0.76'}, {'name': 'LTP', 'value': '11.78'}, {'name': 'Close Price value', 'value': '11.78'}, {'name': 'change absolute', 'value': '-0.09'}]}",OHLC_D_I_NR7BEARBO,NR 7 Breakdown,Seven Bar Pattern,18,Range Breakout,NR7 is a 7-bar narrow range pattern. NR7 bearish breakout pattern scanner shows the list of stocks forming bearish breakout pattern after 7-bar consolidation.,,,False,1,N,,OHLC_D_I_NR7BEARBO
1784718917,"{'stkname': 'Texmaco Rail', 'ltp': '', 'perChg': '', 'stkId': 'TRE', 'displayLock': 'N', 'scanproflg': 1, 'scUrl': 'infrastructure-general/texmacorailengineering/TRE', 'columns': [{'name': 'change %', 'value': '-2.79'}, {'name': 'LTP', 'value': '111.00'}, {'name': 'Close Price value', 'value': '111.00'}, {'name': 'change absolute', 'value': '-3.19'}]}",OHLC_D_I_NR7BEARBO,NR 7 Breakdown,Seven Bar Pattern,18,Range Breakout,NR7 is a 7-bar narrow range pattern. NR7 bearish breakout pattern scanner shows the list of stocks forming bearish breakout pattern after 7-bar consolidation.,,,False,1,N,,OHLC_D_I_NR7BEARBO
1784718917,"{'stkname': 'Cantabil Retail', 'ltp': '', 'perChg': '', 'stkId': 'CRI01', 'displayLock': 'N', 'scanproflg': 1, 'scUrl': 'retailing/cantabilretailindia/CRI01', 'columns': [{'name': 'change %', 'value': '-0.90'}, {'name': 'LTP', 'value': '248.70'}, {'name': 'Close Price value', 'value': '248.70'}, {'name': 'change absolute', 'value': '-2.26'}]}",OHLC_D_I_NR7BEARBO,NR 7 Breakdown,Seven Bar Pattern,18,Range Breakout,NR7 is a 7-bar narrow range pattern. NR7 bearish breakout pattern scanner shows the list of stocks forming bearish breakout pattern after 7-bar consolidation.,,,False,1,N,,OHLC_D_I_NR7BEARBO
1784718917,"{'stkname': 'Garware Technic', 'ltp': '', 'perChg': '', 'stkId': 'GWR', 'displayLock': 'N', 'scanproflg': 1, 'scUrl': 'textiles-general/garwaretechnicalfibres/GWR', 'columns': [{'name': 'change %', 'value': '-2.44'}, {'name': 'LTP', 'value': '760.00'}, {'name': 'Close Price value', 'value': '760.00'}, {'name': 'change absolute', 'value': '-19.00'}]}",OHLC_D_I_NR7BEARBO,NR 7 Breakdown,Seven Bar Pattern,18,Range Breakout,NR7 is a 7-bar narrow range pattern. NR7 bearish breakout pattern scanner shows the list of stocks forming bearish breakout pattern after 7-bar consolidation.,,,False,1,N,,OHLC_D_I_NR7BEARBO
1784718917,"{'stkname': 'BF Utilities', 'ltp': '', 'perChg': '', 'stkId': 'BFU', 'displayLock': 'N', 'scanproflg': 1, 'scUrl': 'power-generationdistribution/bfutilities/BFU', 'columns': [{'name': 'change %', 'value': '-3.36'}, {'name': 'LTP', 'value': '584.85'}, {'name': 'Close Price value', 'value': '584.85'}, {'name': 'change absolute', 'value': '-20.35'}]}",OHLC_D_I_NR7BEARBO,NR 7 Breakdown,Seven Bar Pattern,18,Range Breakout,NR7 is a 7-bar narrow range pattern. NR7 bearish breakout pattern scanner shows the list of stocks forming bearish breakout pattern after 7-bar consolidation.,,,False,1,N,,OHLC_D_I_NR7BEARBO
1784718917,"{'stkname': 'Monte Carlo', 'ltp': '', 'perChg': '', 'stkId': 'MC19', 'displayLock': 'N', 'scanproflg': 1, 'scUrl': 'textiles-readymade-apparels/montecarlofashions/MC05', 'columns': [{'name': 'change %', 'value': '-0.79'}, {'name': 'LTP', 'value': '534.00'}, {'name': 'Close Price value', 'value': '534.00'}, {'name': 'change absolute', 'value': '-4.25'}]}",OHLC_D_I_NR7BEARBO,NR 7 Breakdown,Seven Bar Pattern,18,Range Breakout,NR7 is a 7-bar narrow range pattern. NR7 bearish breakout pattern scanner shows the list of stocks forming bearish breakout pattern after 7-bar consolidation.,,,False,1,N,,OHLC_D_I_NR7BEARBO
1784718917,"{'stkname': 'Suven Life Sci', 'ltp': '', 'perChg': '', 'stkId': 'SP24', 'displayLock': 'N', 'scanproflg': 1, 'scUrl': 'pharmaceuticals/suvenlifesciences/SLS01', 'columns': [{'name': 'change %', 'value': '-5.74'}, {'name': 'LTP', 'value': '320.90'}, {'name': 'Close Price value', 'value': '320.90'}, {'name': 'change absolute', 'value': '-19.55'}]}",OHLC_D_I_NR7BEARBO,NR 7 Breakdown,Seven Bar Pattern,18,Range Breakout,NR7 is a 7-bar narrow range pattern. NR7 bearish breakout pattern scanner shows the list of stocks forming bearish breakout pattern after 7-bar consolidation.,,,False,1,N,,OHLC_D_I_NR7BEARBO
1784718917,"{'stkname': 'Go Fashion', 'ltp': '', 'perChg': '', 'stkId': 'GFI04', 'displayLock': 'N', 'scanproflg': 1, 'scUrl': 'retailing/gofashionindia/GFI04', 'columns': [{'name': 'change %', 'value': '-2.19'}, {'name': 'LTP', 'value': '336.95'}, {'name': 'Close Price value', 'value': '336.95'}, {'name': 'change absolute', 'value': '-7.55'}]}",OHLC_D_I_NR7BEARBO,NR 7 Breakdown,Seven Bar Pattern,18,Range Breakout,NR7 is a 7-bar narrow range pattern. NR7 bearish breakout pattern scanner shows the list of stocks forming bearish breakout pattern after 7-bar consolidation.,,,False,1,N,,OHLC_D_I_NR7BEARBO
1784718917,"{'stkname': 'TPL Plastech', 'ltp': '', 'perChg': '', 'stkId': 'TP', 'displayLock': 'N', 'scanproflg': 1, 'scUrl': 'plastics/tplplastech/TPL02', 'columns': [{'name': 'change %', 'value': '-1.47'}, {'name': 'LTP', 'value': '79.50'}, {'name': 'Close Price value', 'value': '79.50'}, {'name': 'change absolute', 'value': '-1.19'}]}",OHLC_D_I_NR7BEARBO,NR 7 Breakdown,Seven Bar Pattern,18,Range Breakout,NR7 is a 7-bar narrow range pattern. NR7 bearish breakout pattern scanner shows the list of stocks forming bearish breakout pattern after 7-bar consolidation.,,,False,1,N,,OHLC_D_I_NR7BEARBO
1784718917,"{'stkname': 'Unichem Labs', 'ltp': '', 'perChg': '', 'stkId': 'UL02', 'displayLock': 'N', 'scanproflg': 1, 'scUrl': 'pharmaceuticals/unichemlaboratories/UL02', 'columns': [{'name': 'change %', 'value': '-9.88'}, {'name': 'LTP', 'value': '529.00'}, {'name': 'Close Price value', 'value': '529.00'}, {'name': 'change absolute', 'value': '-58.00'}]}",OHLC_D_I_NR7BEARBO,NR 7 Breakdown,Seven Bar Pattern,18,Range Breakout,NR7 is a 7-bar narrow range pattern. NR7 bearish breakout pattern scanner shows the list of stocks forming bearish breakout pattern after 7-bar consolidation.,,,False,1,N,,OHLC_D_I_NR7BEARBO
1784718917,"{'stkname': 'Wockhardt', 'ltp': '', 'perChg': '', 'stkId': 'W05', 'displayLock': 'N', 'scanproflg': 1, 'scUrl': 'pharmaceuticals/wockhardt/W05', 'columns': [{'name': 'change %', 'value': '-2.01'}, {'name': 'LTP', 'value': '1,858.10'}, {'name': 'Close Price value', 'value': '1,858.10'}, {'name': 'change absolute', 'value': '-38.20'}]}",OHLC_D_I_NR7BEARBO,NR 7 Breakdown,Seven Bar Pattern,18,Range Breakout,NR7 is a 7-bar narrow range pattern. NR7 bearish breakout pattern scanner shows the list of stocks forming bearish breakout pattern after 7-bar consolidation.,,,False,1,N,,OHLC_D_I_NR7BEARBO
1784718917,"{'stkname': 'Alembic Pharma', 'ltp': '', 'perChg': '', 'stkId': 'AP29', 'displayLock': 'N', 'scanproflg': 1, 'scUrl': 'pharmaceuticals/alembicpharmaceuticals/AP35', 'columns': [{'name': 'change %', 'value': '-2.83'}, {'name': 'LTP', 'value': '810.00'}, {'name': 'Close Price value', 'value': '810.00'}, {'name': 'change absolute', 'value': '-23.60'}]}",OHLC_D_I_NR7BEARBO,NR 7 Breakdown,Seven Bar Pattern,18,Range Breakout,NR7 is a 7-bar narrow range pattern. NR7 bearish breakout pattern scanner shows the list of stocks forming bearish breakout pattern after 7-bar consolidation.,,,False,1,N,,OHLC_D_I_NR7BEARBO
1784718917,"{'stkname': 'Kopran', 'ltp': '', 'perChg': '', 'stkId': 'K01', 'displayLock': 'N', 'scanproflg': 1, 'scUrl': 'pharmaceuticals/kopran/K01', 'columns': [{'name': 'change %', 'value': '-0.99'}, {'name': 'LTP', 'value': '202.00'}, {'name': 'Close Price value', 'value': '202.00'}, {'name': 'change absolute', 'value': '-2.01'}]}",OHLC_D_I_NR7BEARBO,NR 7 Breakdown,Seven Bar Pattern,18,Range Breakout,NR7 is a 7-bar narrow range pattern. NR7 bearish breakout pattern scanner shows the list of stocks forming bearish breakout pattern after 7-bar consolidation.,,,False,1,N,,OHLC_D_I_NR7BEARBO
1784718917,"{'stkname': 'SMS Pharma', 'ltp': '', 'perChg': '', 'stkId': 'SP37', 'displayLock': 'N', 'scanproflg': 1, 'scUrl': 'pharmaceuticals/smspharmaceuticals/SP38', 'columns': [{'name': 'change %', 'value': '-0.57'}, {'name': 'LTP', 'value': '386.00'}, {'name': 'Close Price value', 'value': '386.00'}, {'name': 'change absolute', 'value': '-2.20'}]}",OHLC_D_I_NR7BEARBO,NR 7 Breakdown,Seven Bar Pattern,18,Range Breakout,NR7 is a 7-bar narrow range pattern. NR7 bearish breakout pattern scanner shows the list of stocks forming bearish breakout pattern after 7-bar consolidation.,,,False,1,N,,OHLC_D_I_NR7BEARBO
1784718917,"{'stkname': 'AARTIPHARM', 'ltp': '', 'perChg': '', 'stkId': 'AP32', 'displayLock': 'N', 'scanproflg': 1, 'scUrl': 'medical-equipmentsuppliesaccessories/aartipharmalabs/AP21', 'columns': [{'name': 'change %', 'value': '-4.32'}, {'name': 'LTP', 'value': '672.00'}, {'name': 'Close Price value', 'value': '672.00'}, {'name': 'change absolute', 'value': '-30.35'}]}",OHLC_D_I_NR7BEARBO,NR 7 Breakdown,Seven Bar Pattern,18,Range Breakout,NR7 is a 7-bar narrow range pattern. NR7 bearish breakout pattern scanner shows the list of stocks forming bearish breakout pattern after 7-bar consolidation.,,,False,1,N,,OHLC_D_I_NR7BEARBO
1784718917,"{'stkname': 'DB Corp', 'ltp': '', 'perChg': '', 'stkId': 'C13', 'displayLock': 'N', 'scanproflg': 1, 'scUrl': 'mediaentertainment/dbcorp/C13', 'columns': [{'name': 'change %', 'value': '-1.25'}, {'name': 'LTP', 'value': '214.00'}, {'name': 'Close Price value', 'value': '214.00'}, {'name': 'change absolute', 'value': '-2.70'}]}",OHLC_D_I_NR7BEARBO,NR 7 Breakdown,Seven Bar Pattern,18,Range Breakout,NR7 is a 7-bar narrow range pattern. NR7 bearish breakout pattern scanner shows the list of stocks forming bearish breakout pattern after 7-bar consolidation.,,,False,1,N,,OHLC_D_I_NR7BEARBO
1784718917,"{'stkname': 'Blue Jet', 'ltp': '', 'perChg': '', 'stkId': 'BJH', 'displayLock': 'N', 'scanproflg': 1, 'scUrl': 'pharmaceuticalsdrugs/bluejethealthcare/BJH', 'columns': [{'name': 'change %', 'value': '-0.93'}, {'name': 'LTP', 'value': '584.00'}, {'name': 'Close Price value', 'value': '584.00'}, {'name': 'change absolute', 'value': '-5.50'}]}",OHLC_D_I_NR7BEARBO,NR 7 Breakdown,Seven Bar Pattern,18,Range Breakout,NR7 is a 7-bar narrow range pattern. NR7 bearish breakout pattern scanner shows the list of stocks forming bearish breakout pattern after 7-bar consolidation.,,,False,1,N,,OHLC_D_I_NR7BEARBO
1784718917,"{'stkname': 'Alembic', 'ltp': '', 'perChg': '', 'stkId': 'ACW', 'displayLock': 'N', 'scanproflg': 1, 'scUrl': 'pharmaceuticals/alembic/A08', 'columns': [{'name': 'change %', 'value': '-2.50'}, {'name': 'LTP', 'value': '88.11'}, {'name': 'Close Price value', 'value': '88.11'}, {'name': 'change absolute', 'value': '-2.26'}]}",OHLC_D_I_NR7BEARBO,NR 7 Breakdown,Seven Bar Pattern,18,Range Breakout,NR7 is a 7-bar narrow range pattern. NR7 bearish breakout pattern scanner shows the list of stocks forming bearish breakout pattern after 7-bar consolidation.,,,False,1,N,,OHLC_D_I_NR7BEARBO
1784718917,"{'stkname': 'Caplin Labs', 'ltp': '', 'perChg': '', 'stkId': 'CPL', 'displayLock': 'N', 'scanproflg': 1, 'scUrl': 'pharmaceuticals/caplinpointlaboratories/CPL', 'columns': [{'name': 'change %', 'value': '-4.43'}, {'name': 'LTP', 'value': '2,492.50'}, {'name': 'Close Price value', 'value': '2,492.50'}, {'name': 'change absolute', 'value': '-115.50'}]}",OHLC_D_I_NR7BEARBO,NR 7 Breakdown,Seven Bar Pattern,18,Range Breakout,NR7 is a 7-bar narrow range pattern. NR7 bearish breakout pattern scanner shows the list of stocks forming bearish breakout pattern after 7-bar consolidation.,,,False,1,N,,OHLC_D_I_NR7BEARBO
1784718917,"{'stkname': 'Concord Biotech', 'ltp': '', 'perChg': '', 'stkId': 'CB09', 'displayLock': 'N', 'scanproflg': 1, 'scUrl': 'biotechnologymedical-research/concordbiotech/CB08', 'columns': [{'name': 'change %', 'value': '-4.08'}, {'name': 'LTP', 'value': '1,275.00'}, {'name': 'Close Price value', 'value': '1,275.00'}, {'name': 'change absolute', 'value': '-54.20'}]}",OHLC_D_I_NR7BEARBO,NR 7 Breakdown,Seven Bar Pattern,18,Range Breakout,NR7 is a 7-bar narrow range pattern. NR7 bearish breakout pattern scanner shows the list of stocks forming bearish breakout pattern after 7-bar consolidation.,,,False,1,N,,OHLC_D_I_NR7BEARBO
1784718917,"{'stkname': 'Garware HiTech', 'ltp': '', 'perChg': '', 'stkId': 'GP', 'displayLock': 'N', 'scanproflg': 1, 'scUrl': 'packaging/garwarehi-techfilms/GP', 'columns': [{'name': 'change %', 'value': '-1.76'}, {'name': 'LTP', 'value': '6,799.00'}, {'name': 'Close Price value', 'value': '6,799.00'}, {'name': 'change absolute', 'value': '-122.00'}]}",OHLC_D_I_NR7BEARBO,NR 7 Breakdown,Seven Bar Pattern,18,Range Breakout,NR7 is a 7-bar narrow range pattern. NR7 bearish breakout pattern scanner shows the list of stocks forming bearish breakout pattern after 7-bar consolidation.,,,False,1,N,,OHLC_D_I_NR7BEARBO
1784718917,"{'stkname': 'KAMOPAINTS', 'ltp': '', 'perChg': '', 'stkId': 'KV04', 'displayLock': 'N', 'scanproflg': 1, 'scUrl': 'paints/kamdhenuventures/KV04', 'columns': [{'name': 'change %', 'value': '-0.66'}, {'name': 'LTP', 'value': '4.51'}, {'name': 'Close Price value', 'value': '4.51'}, {'name': 'change absolute', 'value': '-0.03'}]}",OHLC_D_I_NR7BEARBO,NR 7 Breakdown,Seven Bar Pattern,18,Range Breakout,NR7 is a 7-bar narrow range pattern. NR7 bearish breakout pattern scanner shows the list of stocks forming bearish breakout pattern after 7-bar consolidation.,,,False,1,N,,OHLC_D_I_NR7BEARBO
1784718917,"{'stkname': 'Alpa Labs', 'ltp': '', 'perChg': '', 'stkId': 'AL11', 'displayLock': 'N', 'scanproflg': 1, 'scUrl': 'pharmaceuticals/alpalaboratories/AL11', 'columns': [{'name': 'change %', 'value': '-2.05'}, {'name': 'LTP', 'value': '66.25'}, {'name': 'Close Price value', 'value': '66.25'}, {'name': 'change absolute', 'value': '-1.39'}]}",OHLC_D_I_NR7BEARBO,NR 7 Breakdown,Seven Bar Pattern,18,Range Breakout,NR7 is a 7-bar narrow range pattern. NR7 bearish breakout pattern scanner shows the list of stocks forming bearish breakout pattern after 7-bar consolidation.,,,False,1,N,,OHLC_D_I_NR7BEARBO
1784718917,"{'stkname': 'HT Media', 'ltp': '', 'perChg': '', 'stkId': 'HT', 'displayLock': 'N', 'scanproflg': 1, 'scUrl': 'mediaentertainment/htmedia/HT', 'columns': [{'name': 'change %', 'value': '-1.79'}, {'name': 'LTP', 'value': '25.75'}, {'name': 'Close Price value', 'value': '25.75'}, {'name': 'change absolute', 'value': '-0.47'}]}",OHLC_D_I_NR7BEARBO,NR 7 Breakdown,Seven Bar Pattern,18,Range Breakout,NR7 is a 7-bar narrow range pattern. NR7 bearish breakout pattern scanner shows the list of stocks forming bearish breakout pattern after 7-bar consolidation.,,,False,1,N,,OHLC_D_I_NR7BEARBO
1784718917,"{'stkname': 'Man Industries', 'ltp': '', 'perChg': '', 'stkId': 'MII', 'displayLock': 'N', 'scanproflg': 1, 'scUrl': 'steel-tubespipes/manindustriesindia/MII', 'columns': [{'name': 'change %', 'value': '-2.36'}, {'name': 'LTP', 'value': '514.75'}, {'name': 'Close Price value', 'value': '514.75'}, {'name': 'change absolute', 'value': '-12.45'}]}",OHLC_D_I_NR7BEARBO,NR 7 Breakdown,Seven Bar Pattern,18,Range Breakout,NR7 is a 7-bar narrow range pattern. NR7 bearish breakout pattern scanner shows the list of stocks forming bearish breakout pattern after 7-bar consolidation.,,,False,1,N,,OHLC_D_I_NR7BEARBO
1784718917,"{'stkname': 'Prakash Ind', 'ltp': '', 'perChg': '', 'stkId': 'PI18', 'displayLock': 'N', 'scanproflg': 1, 'scUrl': 'diversified/prakashindustries/PI18', 'columns': [{'name': 'change %', 'value': '-0.35'}, {'name': 'LTP', 'value': '123.80'}, {'name': 'Close Price value', 'value': '123.80'}, {'name': 'change absolute', 'value': '-0.44'}]}",OHLC_D_I_NR7BEARBO,NR 7 Breakdown,Seven Bar Pattern,18,Range Breakout,NR7 is a 7-bar narrow range pattern. NR7 bearish breakout pattern scanner shows the list of stocks forming bearish breakout pattern after 7-bar consolidation.,,,False,1,N,,OHLC_D_I_NR7BEARBO
1784718917,"{'stkname': 'Themis Medicare', 'ltp': '', 'perChg': '', 'stkId': 'TC05', 'displayLock': 'N', 'scanproflg': 1, 'scUrl': 'pharmaceuticals/themismedicare/TM04', 'columns': [{'name': 'change %', 'value': '-3.92'}, {'name': 'LTP', 'value': '107.95'}, {'name': 'Close Price value', 'value': '107.95'}, {'name': 'change absolute', 'value': '-4.40'}]}",OHLC_D_I_NR7BEARBO,NR 7 Breakdown,Seven Bar Pattern,18,Range Breakout,NR7 is a 7-bar narrow range pattern. NR7 bearish breakout pattern scanner shows the list of stocks forming bearish breakout pattern after 7-bar consolidation.,,,False,1,N,,OHLC_D_I_NR7BEARBO
1784718917,"{'stkname': 'Bodhi Tree Mult', 'ltp': '', 'perChg': '', 'stkId': 'BTM04', 'displayLock': 'N', 'scanproflg': 1, 'scUrl': 'tv-broadcastingsoftware-production/bodhitreemultimedia/BTM04', 'columns': [{'name': 'change %', 'value': '-1.15'}, {'name': 'LTP', 'value': '6.00'}, {'name': 'Close Price value', 'value': '6.00'}, {'name': 'change absolute', 'value': '-0.07'}]}",OHLC_D_I_NR7BEARBO,NR 7 Breakdown,Seven Bar Pattern,18,Range Breakout,NR7 is a 7-bar narrow range pattern. NR7 bearish breakout pattern scanner shows the list of stocks forming bearish breakout pattern after 7-bar consolidation.,,,False,1,N,,OHLC_D_I_NR7BEARBO
1784718917,"{'stkname': 'MOIL', 'ltp': '', 'perChg': '', 'stkId': 'M11', 'displayLock': 'N', 'scanproflg': 1, 'scUrl': 'miningminerals/moil/M18', 'columns': [{'name': 'change %', 'value': '-0.63'}, {'name': 'LTP', 'value': '269.45'}, {'name': 'Close Price value', 'value': '269.45'}, {'name': 'change absolute', 'value': '-1.70'}]}",OHLC_D_I_NR7BEARBO,NR 7 Breakdown,Seven Bar Pattern,18,Range Breakout,NR7 is a 7-bar narrow range pattern. NR7 bearish breakout pattern scanner shows the list of stocks forming bearish breakout pattern after 7-bar consolidation.,,,False,1,N,,OHLC_D_I_NR7BEARBO
1784718917,"{'stkname': 'Hardwyn', 'ltp': '', 'perChg': '', 'stkId': 'GI26', 'displayLock': 'N', 'scanproflg': 1, 'scUrl': 'aluminium/hardwynindia/GI34', 'columns': [{'name': 'change %', 'value': '-0.89'}, {'name': 'LTP', 'value': '15.59'}, {'name': 'Close Price value', 'value': '15.59'}, {'name': 'change absolute', 'value': '-0.14'}]}",OHLC_D_I_NR7BEARBO,NR 7 Breakdown,Seven Bar Pattern,18,Range Breakout,NR7 is a 7-bar narrow range pattern. NR7 bearish breakout pattern scanner shows the list of stocks forming bearish breakout pattern after 7-bar consolidation.,,,False,1,N,,OHLC_D_I_NR7BEARBO
1784718917,"{'stkname': 'KPR Mill', 'ltp': '', 'perChg': '', 'stkId': 'M09', 'displayLock': 'N', 'scanproflg': 1, 'scUrl': 'textiles-readymade-apparels/kprmill/M15', 'columns': [{'name': 'change %', 'value': '-3.53'}, {'name': 'LTP', 'value': '1,062.00'}, {'name': 'Close Price value', 'value': '1,062.00'}, {'name': 'change absolute', 'value': '-38.90'}]}",OHLC_D_I_NR7BEARBO,NR 7 Breakdown,Seven Bar Pattern,18,Range Breakout,NR7 is a 7-bar narrow range pattern. NR7 bearish breakout pattern scanner shows the list of stocks forming bearish breakout pattern after 7-bar consolidation.,,,False,1,N,,OHLC_D_I_NR7BEARBO
1784718917,"{'stkname': 'ConfidencePetro', 'ltp': '', 'perChg': '', 'stkId': 'DG01', 'displayLock': 'N', 'scanproflg': 1, 'scUrl': 'miscellaneous/confidencepetroleum/CP10', 'columns': [{'name': 'change %', 'value': '-0.93'}, {'name': 'LTP', 'value': '74.95'}, {'name': 'Close Price value', 'value': '74.95'}, {'name': 'change absolute', 'value': '-0.70'}]}",OHLC_D_I_NR7BEARBO,NR 7 Breakdown,Seven Bar Pattern,18,Range Breakout,NR7 is a 7-bar narrow range pattern. NR7 bearish breakout pattern scanner shows the list of stocks forming bearish breakout pattern after 7-bar consolidation.,,,False,1,N,,OHLC_D_I_NR7BEARBO
1784718917,"{'stkname': 'Oricon Ent', 'ltp': '', 'perChg': '', 'stkId': 'OC04', 'displayLock': 'N', 'scanproflg': 1, 'scUrl': 'packaging/oriconenterprises/OE03', 'columns': [{'name': 'change %', 'value': '-4.60'}, {'name': 'LTP', 'value': '54.71'}, {'name': 'Close Price value', 'value': '54.71'}, {'name': 'change absolute', 'value': '-2.64'}]}",OHLC_D_I_NR7BEARBO,NR 7 Breakdown,Seven Bar Pattern,18,Range Breakout,NR7 is a 7-bar narrow range pattern. NR7 bearish breakout pattern scanner shows the list of stocks forming bearish breakout pattern after 7-bar consolidation.,,,False,1,N,,OHLC_D_I_NR7BEARBO
1784718917,"{'stkname': 'Rama Steel Tube', 'ltp': '', 'perChg': '', 'stkId': 'RST', 'displayLock': 'N', 'scanproflg': 1, 'scUrl': 'steel-mediumsmall/ramasteeltubes/RST', 'columns': [{'name': 'change %', 'value': '-0.23'}, {'name': 'LTP', 'value': '4.30'}, {'name': 'Close Price value', 'value': '4.30'}, {'name': 'change absolute', 'value': '-0.01'}]}",OHLC_D_I_NR7BEARBO,NR 7 Breakdown,Seven Bar Pattern,18,Range Breakout,NR7 is a 7-bar narrow range pattern. NR7 bearish breakout pattern scanner shows the list of stocks forming bearish breakout pattern after 7-bar consolidation.,,,False,1,N,,OHLC_D_I_NR7BEARBO
1784718917,"{'stkname': 'Xpro India', 'ltp': '', 'perChg': '', 'stkId': 'XI', 'displayLock': 'N', 'scanproflg': 1, 'scUrl': 'packaging/xproindia/XI', 'columns': [{'name': 'change %', 'value': '-2.75'}, {'name': 'LTP', 'value': '1,345.00'}, {'name': 'Close Price value', 'value': '1,345.00'}, {'name': 'change absolute', 'value': '-38.00'}]}",OHLC_D_I_NR7BEARBO,NR 7 Breakdown,Seven Bar Pattern,18,Range Breakout,NR7 is a 7-bar narrow range pattern. NR7 bearish breakout pattern scanner shows the list of stocks forming bearish breakout pattern after 7-bar consolidation.,,,False,1,N,,OHLC_D_I_NR7BEARBO
1784718917,"{'stkname': 'Manaksia Alumin', 'ltp': '', 'perChg': '', 'stkId': 'MAC04', 'displayLock': 'N', 'scanproflg': 1, 'scUrl': 'aluminium/manaksiaaluminiumcompany/MAC03', 'columns': [{'name': 'change %', 'value': '-1.47'}, {'name': 'LTP', 'value': '36.20'}, {'name': 'Close Price value', 'value': '36.20'}, {'name': 'change absolute', 'value': '-0.54'}]}",OHLC_D_I_NR7BEARBO,NR 7 Breakdown,Seven Bar Pattern,18,Range Breakout,NR7 is a 7-bar narrow range pattern. NR7 bearish breakout pattern scanner shows the list of stocks forming bearish breakout pattern after 7-bar consolidation.,,,False,1,N,,OHLC_D_I_NR7BEARBO
1784718917,"{'stkname': 'Pennar Inds', 'ltp': '', 'perChg': '', 'stkId': 'PS04', 'displayLock': 'N', 'scanproflg': 1, 'scUrl': 'steel-crhr-strips/pennarindustries/PI28', 'columns': [{'name': 'change %', 'value': '-2.04'}, {'name': 'LTP', 'value': '164.50'}, {'name': 'Close Price value', 'value': '164.50'}, {'name': 'change absolute', 'value': '-3.43'}]}",OHLC_D_I_NR7BEARBO,NR 7 Breakdown,Seven Bar Pattern,18,Range Breakout,NR7 is a 7-bar narrow range pattern. NR7 bearish breakout pattern scanner shows the list of stocks forming bearish breakout pattern after 7-bar consolidation.,,,False,1,N,,OHLC_D_I_NR7BEARBO
1784718917,"{'stkname': 'Pyramid Techno', 'ltp': '', 'perChg': '', 'stkId': 'PT10', 'displayLock': 'N', 'scanproflg': 1, 'scUrl': 'containerspackaging/pyramidtechnoplast/PT12', 'columns': [{'name': 'change %', 'value': '-1.16'}, {'name': 'LTP', 'value': '161.11'}, {'name': 'Close Price value', 'value': '161.11'}, {'name': 'change absolute', 'value': '-1.89'}]}",OHLC_D_I_NR7BEARBO,NR 7 Breakdown,Seven Bar Pattern,18,Range Breakout,NR7 is a 7-bar narrow range pattern. NR7 bearish breakout pattern scanner shows the list of stocks forming bearish breakout pattern after 7-bar consolidation.,,,False,1,N,,OHLC_D_I_NR7BEARBO
1784718917,"{'stkname': 'Bharat Wire Rop', 'ltp': '', 'perChg': '', 'stkId': 'BWR01', 'displayLock': 'N', 'scanproflg': 1, 'scUrl': 'steel-mediumsmall/bharatwireropes/BWR01', 'columns': [{'name': 'change %', 'value': '-2.31'}, {'name': 'LTP', 'value': '195.00'}, {'name': 'Close Price value', 'value': '195.00'}, {'name': 'change absolute', 'value': '-4.61'}]}",OHLC_D_I_NR7BEARBO,NR 7 Breakdown,Seven Bar Pattern,18,Range Breakout,NR7 is a 7-bar narrow range pattern. NR7 bearish breakout pattern scanner shows the list of stocks forming bearish breakout pattern after 7-bar consolidation.,,,False,1,N,,OHLC_D_I_NR7BEARBO
1784718917,"{'stkname': 'MSP Steel', 'ltp': '', 'perChg': '', 'stkId': 'MSP', 'displayLock': 'N', 'scanproflg': 1, 'scUrl': 'steel-sponge-iron/mspsteelpower/MSP', 'columns': [{'name': 'change %', 'value': '-3.09'}, {'name': 'LTP', 'value': '35.41'}, {'name': 'Close Price value', 'value': '35.41'}, {'name': 'change absolute', 'value': '-1.13'}]}",OHLC_D_I_NR7BEARBO,NR 7 Breakdown,Seven Bar Pattern,18,Range Breakout,NR7 is a 7-bar narrow range pattern. NR7 bearish breakout pattern scanner shows the list of stocks forming bearish breakout pattern after 7-bar consolidation.,,,False,1,N,,OHLC_D_I_NR7BEARBO
1784718917,"{'stkname': 'Genesys Int', 'ltp': '', 'perChg': '', 'stkId': 'GIC10', 'displayLock': 'N', 'scanproflg': 1, 'scUrl': 'computers-software-mediumsmall/genesysinternationalcorporation/GIC10', 'columns': [{'name': 'change %', 'value': '-6.98'}, {'name': 'LTP', 'value': '301.00'}, {'name': 'Close Price value', 'value': '301.00'}, {'name': 'change absolute', 'value': '-22.60'}]}",OHLC_D_I_NR7BEARBO,NR 7 Breakdown,Seven Bar Pattern,18,Range Breakout,NR7 is a 7-bar narrow range pattern. NR7 bearish breakout pattern scanner shows the list of stocks forming bearish breakout pattern after 7-bar consolidation.,,,False,1,N,,OHLC_D_I_NR7BEARBO
1784718917,"{'stkname': 'Gravita India', 'ltp': '', 'perChg': '', 'stkId': 'GI24', 'displayLock': 'N', 'scanproflg': 1, 'scUrl': 'metals-non-ferrous/gravitaindia/GI09', 'columns': [{'name': 'change %', 'value': '-0.30'}, {'name': 'LTP', 'value': '1,799.00'}, {'name': 'Close Price value', 'value': '1,799.00'}, {'name': 'change absolute', 'value': '-5.50'}]}",OHLC_D_I_NR7BEARBO,NR 7 Breakdown,Seven Bar Pattern,18,Range Breakout,NR7 is a 7-bar narrow range pattern. NR7 bearish breakout pattern scanner shows the list of stocks forming bearish breakout pattern after 7-bar consolidation.,,,False,1,N,,OHLC_D_I_NR7BEARBO
1784718917,"{'stkname': 'Kritika Wires', 'ltp': '', 'perChg': '', 'stkId': 'KW', 'displayLock': 'N', 'scanproflg': 1, 'scUrl': 'ironsteel/kritikawires/KW', 'columns': [{'name': 'change %', 'value': '0.00'}, {'name': 'LTP', 'value': '5.60'}, {'name': 'Close Price value', 'value': '5.60'}, {'name': 'change absolute', 'value': '0.00'}]}",OHLC_D_I_NR7BEARBO,NR 7 Breakdown,Seven Bar Pattern,18,Range Breakout,NR7 is a 7-bar narrow range pattern. NR7 bearish breakout pattern scanner shows the list of stocks forming bearish breakout pattern after 7-bar consolidation.,,,False,1,N,,OHLC_D_I_NR7BEARBO
1784718917,"{'stkname': 'North Eastern', 'ltp': '', 'perChg': '', 'stkId': 'NEC01', 'displayLock': 'N', 'scanproflg': 1, 'scUrl': 'transportlogistics/northeasterncarryingcorporation/NEC01', 'columns': [{'name': 'change %', 'value': '-1.83'}, {'name': 'LTP', 'value': '15.00'}, {'name': 'Close Price value', 'value': '15.00'}, {'name': 'change absolute', 'value': '-0.28'}]}",OHLC_D_I_NR7BEARBO,NR 7 Breakdown,Seven Bar Pattern,18,Range Breakout,NR7 is a 7-bar narrow range pattern. NR7 bearish breakout pattern scanner shows the list of stocks forming bearish breakout pattern after 7-bar consolidation.,,,False,1,N,,OHLC_D_I_NR7BEARBO
1784718917,"{'stkname': 'Nucleus Softwar', 'ltp': '', 'perChg': '', 'stkId': 'NS', 'displayLock': 'N', 'scanproflg': 1, 'scUrl': 'computers-software-mediumsmall/nucleussoftwareexports/NS', 'columns': [{'name': 'change %', 'value': '-1.01'}, {'name': 'LTP', 'value': '742.00'}, {'name': 'Close Price value', 'value': '742.00'}, {'name': 'change absolute', 'value': '-7.55'}]}",OHLC_D_I_NR7BEARBO,NR 7 Breakdown,Seven Bar Pattern,18,Range Breakout,NR7 is a 7-bar narrow range pattern. NR7 bearish breakout pattern scanner shows the list of stocks forming bearish breakout pattern after 7-bar consolidation.,,,False,1,N,,OHLC_D_I_NR7BEARBO
1784718917,"{'stkname': 'TV TodayNetwork', 'ltp': '', 'perChg': '', 'stkId': 'TVT', 'displayLock': 'N', 'scanproflg': 1, 'scUrl': 'mediaentertainment/tvtodaynetwork/TVT', 'columns': [{'name': 'change %', 'value': '-2.11'}, {'name': 'LTP', 'value': '119.46'}, {'name': 'Close Price value', 'value': '119.46'}, {'name': 'change absolute', 'value': '-2.57'}]}",OHLC_D_I_NR7BEARBO,NR 7 Breakdown,Seven Bar Pattern,18,Range Breakout,NR7 is a 7-bar narrow range pattern. NR7 bearish breakout pattern scanner shows the list of stocks forming bearish breakout pattern after 7-bar consolidation.,,,False,1,N,,OHLC_D_I_NR7BEARBO
1784718917,"{'stkname': 'JITF Infralogis', 'ltp': '', 'perChg': '', 'stkId': 'JIT01', 'displayLock': 'N', 'scanproflg': 1, 'scUrl': 'miscellaneous/jitfinfralogistics/JIT01', 'columns': [{'name': 'change %', 'value': '-2.25'}, {'name': 'LTP', 'value': '370.00'}, {'name': 'Close Price value', 'value': '370.00'}, {'name': 'change absolute', 'value': '-8.50'}]}",OHLC_D_I_NR7BEARBO,NR 7 Breakdown,Seven Bar Pattern,18,Range Breakout,NR7 is a 7-bar narrow range pattern. NR7 bearish breakout pattern scanner shows the list of stocks forming bearish breakout pattern after 7-bar consolidation.,,,False,1,N,,OHLC_D_I_NR7BEARBO
1784718917,"{'stkname': 'Music Broadcast', 'ltp': '', 'perChg': '', 'stkId': 'MB04', 'displayLock': 'N', 'scanproflg': 1, 'scUrl': 'mediaentertainment/musicbroadcast/MB05', 'columns': [{'name': 'change %', 'value': '0.00'}, {'name': 'LTP', 'value': '5.97'}, {'name': 'Close Price value', 'value': '5.97'}, {'name': 'change absolute', 'value': '0.00'}]}",OHLC_D_I_NR7BEARBO,NR 7 Breakdown,Seven Bar Pattern,18,Range Breakout,NR7 is a 7-bar narrow range pattern. NR7 bearish breakout pattern scanner shows the list of stocks forming bearish breakout pattern after 7-bar consolidation.,,,False,1,N,,OHLC_D_I_NR7BEARBO
1784718917,"{'stkname': 'Linde India', 'ltp': '', 'perChg': '', 'stkId': 'BOC', 'displayLock': 'N', 'scanproflg': 1, 'scUrl': 'chemicals/lindeindia/BOC', 'columns': [{'name': 'change %', 'value': '-2.35'}, {'name': 'LTP', 'value': '6,839.50'}, {'name': 'Close Price value', 'value': '6,839.50'}, {'name': 'change absolute', 'value': '-164.50'}]}",OHLC_D_I_NR7BEARBO,NR 7 Breakdown,Seven Bar Pattern,18,Range Breakout,NR7 is a 7-bar narrow range pattern. NR7 bearish breakout pattern scanner shows the list of stocks forming bearish breakout pattern after 7-bar consolidation.,,,False,1,N,,OHLC_D_I_NR7BEARBO
1784718917,"{'stkname': 'Hinduja Global', 'ltp': '', 'perChg': '', 'stkId': 'HTM01', 'displayLock': 'N', 'scanproflg': 1, 'scUrl': 'computers-software/hindujaglobalsolutions/HGS01', 'columns': [{'name': 'change %', 'value': '-0.42'}, {'name': 'LTP', 'value': '428.95'}, {'name': 'Close Price value', 'value': '428.95'}, {'name': 'change absolute', 'value': '-1.80'}]}",OHLC_D_I_NR7BEARBO,NR 7 Breakdown,Seven Bar Pattern,18,Range Breakout,NR7 is a 7-bar narrow range pattern. NR7 bearish breakout pattern scanner shows the list of stocks forming bearish breakout pattern after 7-bar consolidation.,,,False,1,N,,OHLC_D_I_NR7BEARBO
1784718917,"{'stkname': 'Nazara', 'ltp': '', 'perChg': '', 'stkId': 'NT03', 'displayLock': 'N', 'scanproflg': 1, 'scUrl': 'software/nazaratechnologies/NT', 'columns': [{'name': 'change %', 'value': '-1.65'}, {'name': 'LTP', 'value': '304.20'}, {'name': 'Close Price value', 'value': '304.20'}, {'name': 'change absolute', 'value': '-5.10'}]}",OHLC_D_I_NR7BEARBO,NR 7 Breakdown,Seven Bar Pattern,18,Range Breakout,NR7 is a 7-bar narrow range pattern. NR7 bearish breakout pattern scanner shows the list of stocks forming bearish breakout pattern after 7-bar consolidation.,,,False,1,N,,OHLC_D_I_NR7BEARBO
1784718917,"{'stkname': '63 Moons Tech', 'ltp': '', 'perChg': '', 'stkId': 'WT01', 'displayLock': 'N', 'scanproflg': 1, 'scUrl': 'computers-software/63moonstechnologies/FT02', 'columns': [{'name': 'change %', 'value': '-4.34'}, {'name': 'LTP', 'value': '703.00'}, {'name': 'Close Price value', 'value': '703.00'}, {'name': 'change absolute', 'value': '-31.90'}]}",OHLC_D_I_NR7BEARBO,NR 7 Breakdown,Seven Bar Pattern,18,Range Breakout,NR7 is a 7-bar narrow range pattern. NR7 bearish breakout pattern scanner shows the list of stocks forming bearish breakout pattern after 7-bar consolidation.,,,False,1,N,,OHLC_D_I_NR7BEARBO
1784718917,"{'stkname': 'Gateway Distri', 'ltp': '', 'perChg': '', 'stkId': 'GD01', 'displayLock': 'N', 'scanproflg': 1, 'scUrl': 'miscellaneous/gatewaydistriparks/GD01', 'columns': [{'name': 'change %', 'value': '-0.87'}, {'name': 'LTP', 'value': '57.79'}, {'name': 'Close Price value', 'value': '57.79'}, {'name': 'change absolute', 'value': '-0.51'}]}",OHLC_D_I_NR7BEARBO,NR 7 Breakdown,Seven Bar Pattern,18,Range Breakout,NR7 is a 7-bar narrow range pattern. NR7 bearish breakout pattern scanner shows the list of stocks forming bearish breakout pattern after 7-bar consolidation.,,,False,1,N,,OHLC_D_I_NR7BEARBO
1784718917,"{'stkname': 'Snowman Logist', 'ltp': '', 'perChg': '', 'stkId': 'SL16', 'displayLock': 'N', 'scanproflg': 1, 'scUrl': 'transportlogistics/snowmanlogistics/SL17', 'columns': [{'name': 'change %', 'value': '-0.14'}, {'name': 'LTP', 'value': '36.94'}, {'name': 'Close Price value', 'value': '36.94'}, {'name': 'change absolute', 'value': '-0.05'}]}",OHLC_D_I_NR7BEARBO,NR 7 Breakdown,Seven Bar Pattern,18,Range Breakout,NR7 is a 7-bar narrow range pattern. NR7 bearish breakout pattern scanner shows the list of stocks forming bearish breakout pattern after 7-bar consolidation.,,,False,1,N,,OHLC_D_I_NR7BEARBO
1784718917,"{'stkname': 'Spacenet Ent', 'ltp': '', 'perChg': '', 'stkId': 'NCT', 'displayLock': 'N', 'scanproflg': 1, 'scUrl': 'it-servicesconsulting/spacenetenterprisesindia/NCT', 'columns': [{'name': 'change %', 'value': '-1.90'}, {'name': 'LTP', 'value': '3.62'}, {'name': 'Close Price value', 'value': '3.62'}, {'name': 'change absolute', 'value': '-0.07'}]}",OHLC_D_I_NR7BEARBO,NR 7 Breakdown,Seven Bar Pattern,18,Range Breakout,NR7 is a 7-bar narrow range pattern. NR7 bearish breakout pattern scanner shows the list of stocks forming bearish breakout pattern after 7-bar consolidation.,,,False,1,N,,OHLC_D_I_NR7BEARBO
1784718917,"{'stkname': 'AvenuesAI', 'ltp': '', 'perChg': '', 'stkId': 'IIL03', 'displayLock': 'N', 'scanproflg': 1, 'scUrl': 'online-services/avenuesai/IIL03', 'columns': [{'name': 'change %', 'value': '-1.76'}, {'name': 'LTP', 'value': '16.74'}, {'name': 'Close Price value', 'value': '16.74'}, {'name': 'change absolute', 'value': '-0.30'}]}",OHLC_D_I_NR7BEARBO,NR 7 Breakdown,Seven Bar Pattern,18,Range Breakout,NR7 is a 7-bar narrow range pattern. NR7 bearish breakout pattern scanner shows the list of stocks forming bearish breakout pattern after 7-bar consolidation.,,,False,1,N,,OHLC_D_I_NR7BEARBO
1784718917,"{'stkname': 'Cybertech', 'ltp': '', 'perChg': '', 'stkId': 'CSS', 'displayLock': 'N', 'scanproflg': 1, 'scUrl': 'computers-software-mediumsmall/cybertechsystemssoftware/CSS', 'columns': [{'name': 'change %', 'value': '-1.17'}, {'name': 'LTP', 'value': '142.30'}, {'name': 'Close Price value', 'value': '142.30'}, {'name': 'change absolute', 'value': '-1.69'}]}",OHLC_D_I_NR7BEARBO,NR 7 Breakdown,Seven Bar Pattern,18,Range Breakout,NR7 is a 7-bar narrow range pattern. NR7 bearish breakout pattern scanner shows the list of stocks forming bearish breakout pattern after 7-bar consolidation.,,,False,1,N,,OHLC_D_I_NR7BEARBO
1784718917,"{'stkname': 'Lemon Tree', 'ltp': '', 'perChg': '', 'stkId': 'LTH', 'displayLock': 'N', 'scanproflg': 1, 'scUrl': 'hotel-resortrestaurants/lemontreehotels/LTH', 'columns': [{'name': 'change %', 'value': '-1.62'}, {'name': 'LTP', 'value': '109.15'}, {'name': 'Close Price value', 'value': '109.15'}, {'name': 'change absolute', 'value': '-1.80'}]}",OHLC_D_I_NR7BEARBO,NR 7 Breakdown,Seven Bar Pattern,18,Range Breakout,NR7 is a 7-bar narrow range pattern. NR7 bearish breakout pattern scanner shows the list of stocks forming bearish breakout pattern after 7-bar consolidation.,,,False,1,N,,OHLC_D_I_NR7BEARBO
1784718917,"{'stkname': 'CenturyPlyboard', 'ltp': '', 'perChg': '', 'stkId': 'CP9', 'displayLock': 'N', 'scanproflg': 1, 'scUrl': 'miscellaneous/centuryplyboards/CP9', 'columns': [{'name': 'change %', 'value': '-0.38'}, {'name': 'LTP', 'value': '789.80'}, {'name': 'Close Price value', 'value': '789.80'}, {'name': 'change absolute', 'value': '-3.05'}]}",OHLC_D_I_NR7BEARBO,NR 7 Breakdown,Seven Bar Pattern,18,Range Breakout,NR7 is a 7-bar narrow range pattern. NR7 bearish breakout pattern scanner shows the list of stocks forming bearish breakout pattern after 7-bar consolidation.,,,False,1,N,,OHLC_D_I_NR7BEARBO
1784718917,"{'stkname': 'Jupiter Life', 'ltp': '', 'perChg': '', 'stkId': 'JLLHL', 'displayLock': 'N', 'scanproflg': 1, 'scUrl': 'hospitalhealthcare-services/jupiterlifelinehospitals/JLLHL', 'columns': [{'name': 'change %', 'value': '-0.11'}, {'name': 'LTP', 'value': '1,565.30'}, {'name': 'Close Price value', 'value': '1,565.30'}, {'name': 'change absolute', 'value': '-1.80'}]}",OHLC_D_I_NR7BEARBO,NR 7 Breakdown,Seven Bar Pattern,18,Range Breakout,NR7 is a 7-bar narrow range pattern. NR7 bearish breakout pattern scanner shows the list of stocks forming bearish breakout pattern after 7-bar consolidation.,,,False,1,N,,OHLC_D_I_NR7BEARBO
1784718917,"{'stkname': 'General Insuran', 'ltp': '', 'perChg': '', 'stkId': 'GIC12', 'displayLock': 'N', 'scanproflg': 1, 'scUrl': 'diversified/generalinsurancecorporationindia/GIC12', 'columns': [{'name': 'change %', 'value': '-0.48'}, {'name': 'LTP', 'value': '360.00'}, {'name': 'Close Price value', 'value': '360.00'}, {'name': 'change absolute', 'value': '-1.75'}]}",OHLC_D_I_NR7BEARBO,NR 7 Breakdown,Seven Bar Pattern,18,Range Breakout,NR7 is a 7-bar narrow range pattern. NR7 bearish breakout pattern scanner shows the list of stocks forming bearish breakout pattern after 7-bar consolidation.,,,False,1,N,,OHLC_D_I_NR7BEARBO
1784718917,"{'stkname': 'New India Assur', 'ltp': '', 'perChg': '', 'stkId': 'NIA', 'displayLock': 'N', 'scanproflg': 1, 'scUrl': 'miscellaneous/newindiaassurancecompany/NIA', 'columns': [{'name': 'change %', 'value': '-2.03'}, {'name': 'LTP', 'value': '174.50'}, {'name': 'Close Price value', 'value': '174.50'}, {'name': 'change absolute', 'value': '-3.61'}]}",OHLC_D_I_NR7BEARBO,NR 7 Breakdown,Seven Bar Pattern,18,Range Breakout,NR7 is a 7-bar narrow range pattern. NR7 bearish breakout pattern scanner shows the list of stocks forming bearish breakout pattern after 7-bar consolidation.,,,False,1,N,,OHLC_D_I_NR7BEARBO
1784718917,"{'stkname': 'Aptech', 'ltp': '', 'perChg': '', 'stkId': 'AT14', 'displayLock': 'N', 'scanproflg': 1, 'scUrl': 'computers-software-training/aptech/A11', 'columns': [{'name': 'change %', 'value': '-1.11'}, {'name': 'LTP', 'value': '92.00'}, {'name': 'Close Price value', 'value': '92.00'}, {'name': 'change absolute', 'value': '-1.03'}]}",OHLC_D_I_NR7BEARBO,NR 7 Breakdown,Seven Bar Pattern,18,Range Breakout,NR7 is a 7-bar narrow range pattern. NR7 bearish breakout pattern scanner shows the list of stocks forming bearish breakout pattern after 7-bar consolidation.,,,False,1,N,,OHLC_D_I_NR7BEARBO
1784718917,"{'stkname': 'Blue Dart', 'ltp': '', 'perChg': '', 'stkId': 'BDE', 'displayLock': 'N', 'scanproflg': 1, 'scUrl': 'couriers/bluedartexpress/BDE', 'columns': [{'name': 'change %', 'value': '-1.29'}, {'name': 'LTP', 'value': '4,807.00'}, {'name': 'Close Price value', 'value': '4,807.00'}, {'name': 'change absolute', 'value': '-62.80'}]}",OHLC_D_I_NR7BEARBO,NR 7 Breakdown,Seven Bar Pattern,18,Range Breakout,NR7 is a 7-bar narrow range pattern. NR7 bearish breakout pattern scanner shows the list of stocks forming bearish breakout pattern after 7-bar consolidation.,,,False,1,N,,OHLC_D_I_NR7BEARBO
1784718917,"{'stkname': 'Axiscades Tech', 'ltp': '', 'perChg': '', 'stkId': 'ITT01', 'displayLock': 'N', 'scanproflg': 1, 'scUrl': 'aerospacedefence/axiscadestechnologies/AXI', 'columns': [{'name': 'change %', 'value': '-1.99'}, {'name': 'LTP', 'value': '1,544.00'}, {'name': 'Close Price value', 'value': '1,544.00'}, {'name': 'change absolute', 'value': '-31.40'}]}",OHLC_D_I_NR7BEARBO,NR 7 Breakdown,Seven Bar Pattern,18,Range Breakout,NR7 is a 7-bar narrow range pattern. NR7 bearish breakout pattern scanner shows the list of stocks forming bearish breakout pattern after 7-bar consolidation.,,,False,1,N,,OHLC_D_I_NR7BEARBO
1784718917,"{'stkname': 'Intense Tech', 'ltp': '', 'perChg': '', 'stkId': 'FI17', 'displayLock': 'N', 'scanproflg': 1, 'scUrl': 'computers-software-mediumsmall/intensetechnologies/FI17', 'columns': [{'name': 'change %', 'value': '-0.32'}, {'name': 'LTP', 'value': '91.50'}, {'name': 'Close Price value', 'value': '91.50'}, {'name': 'change absolute', 'value': '-0.29'}]}",OHLC_D_I_NR7BEARBO,NR 7 Breakdown,Seven Bar Pattern,18,Range Breakout,NR7 is a 7-bar narrow range pattern. NR7 bearish breakout pattern scanner shows the list of stocks forming bearish breakout pattern after 7-bar consolidation.,,,False,1,N,,OHLC_D_I_NR7BEARBO
1784718917,"{'stkname': 'Apollo Sindoori', 'ltp': '', 'perChg': '', 'stkId': 'ASH', 'displayLock': 'N', 'scanproflg': 1, 'scUrl': 'hotel-resortrestaurants/apollosindoorihotels/ASH', 'columns': [{'name': 'change %', 'value': '-1.34'}, {'name': 'LTP', 'value': '1,195.00'}, {'name': 'Close Price value', 'value': '1,195.00'}, {'name': 'change absolute', 'value': '-16.20'}]}",OHLC_D_I_NR7BEARBO,NR 7 Breakdown,Seven Bar Pattern,18,Range Breakout,NR7 is a 7-bar narrow range pattern. NR7 bearish breakout pattern scanner shows the list of stocks forming bearish breakout pattern after 7-bar consolidation.,,,False,1,N,,OHLC_D_I_NR7BEARBO
1784718917,"{'stkname': 'BLS Internation', 'ltp': '', 'perChg': '', 'stkId': 'BLS', 'displayLock': 'N', 'scanproflg': 1, 'scUrl': 'miscellaneous/blsinternationalservices/BLS', 'columns': [{'name': 'change %', 'value': '-1.79'}, {'name': 'LTP', 'value': '230.95'}, {'name': 'Close Price value', 'value': '230.95'}, {'name': 'change absolute', 'value': '-4.20'}]}",OHLC_D_I_NR7BEARBO,NR 7 Breakdown,Seven Bar Pattern,18,Range Breakout,NR7 is a 7-bar narrow range pattern. NR7 bearish breakout pattern scanner shows the list of stocks forming bearish breakout pattern after 7-bar consolidation.,,,False,1,N,,OHLC_D_I_NR7BEARBO
1784718917,"{'stkname': 'India Tourism D', 'ltp': '', 'perChg': '', 'stkId': 'ITD02', 'displayLock': 'N', 'scanproflg': 1, 'scUrl': 'hotels/indiatourismdevelopmentcorporation/ITD02', 'columns': [{'name': 'change %', 'value': '-1.39'}, {'name': 'LTP', 'value': '746.90'}, {'name': 'Close Price value', 'value': '746.90'}, {'name': 'change absolute', 'value': '-10.50'}]}",OHLC_D_I_NR7BEARBO,NR 7 Breakdown,Seven Bar Pattern,18,Range Breakout,NR7 is a 7-bar narrow range pattern. NR7 bearish breakout pattern scanner shows the list of stocks forming bearish breakout pattern after 7-bar consolidation.,,,False,1,N,,OHLC_D_I_NR7BEARBO
1784718917,"{'stkname': 'EIH', 'ltp': '', 'perChg': '', 'stkId': 'EIH', 'displayLock': 'N', 'scanproflg': 1, 'scUrl': 'hotels/eih/EIH', 'columns': [{'name': 'change %', 'value': '-1.18'}, {'name': 'LTP', 'value': '331.30'}, {'name': 'Close Price value', 'value': '331.30'}, {'name': 'change absolute', 'value': '-3.95'}]}",OHLC_D_I_NR7BEARBO,NR 7 Breakdown,Seven Bar Pattern,18,Range Breakout,NR7 is a 7-bar narrow range pattern. NR7 bearish breakout pattern scanner shows the list of stocks forming bearish breakout pattern after 7-bar consolidation.,,,False,1,N,,OHLC_D_I_NR7BEARBO
1784718917,"{'stkname': 'GRM Overseas', 'ltp': '', 'perChg': '', 'stkId': 'GRM01', 'displayLock': 'N', 'scanproflg': 1, 'scUrl': 'food-processing/grmoverseas/GRM01', 'columns': [{'name': 'change %', 'value': '-1.67'}, {'name': 'LTP', 'value': '89.84'}, {'name': 'Close Price value', 'value': '89.84'}, {'name': 'change absolute', 'value': '-1.53'}]}",OHLC_D_I_NR7BEARBO,NR 7 Breakdown,Seven Bar Pattern,18,Range Breakout,NR7 is a 7-bar narrow range pattern. NR7 bearish breakout pattern scanner shows the list of stocks forming bearish breakout pattern after 7-bar consolidation.,,,False,1,N,,OHLC_D_I_NR7BEARBO
1784718917,"{'stkname': 'CIEINDIA', 'ltp': '', 'perChg': '', 'stkId': 'MAS', 'displayLock': 'N', 'scanproflg': 1, 'scUrl': 'auto-ancillaries-castingsforgings/cieautomotiveindia/MF19', 'columns': [{'name': 'change %', 'value': '-0.15'}, {'name': 'LTP', 'value': '472.00'}, {'name': 'Close Price value', 'value': '472.00'}, {'name': 'change absolute', 'value': '-0.70'}]}",OHLC_D_I_NR7BEARBO,NR 7 Breakdown,Seven Bar Pattern,18,Range Breakout,NR7 is a 7-bar narrow range pattern. NR7 bearish breakout pattern scanner shows the list of stocks forming bearish breakout pattern after 7-bar consolidation.,,,False,1,N,,OHLC_D_I_NR7BEARBO
1784718917,"{'stkname': 'OnMobile Global', 'ltp': '', 'perChg': '', 'stkId': 'OG01', 'displayLock': 'N', 'scanproflg': 1, 'scUrl': 'telecommunications-service/onmobileglobal/OG01', 'columns': [{'name': 'change %', 'value': '-0.25'}, {'name': 'LTP', 'value': '60.90'}, {'name': 'Close Price value', 'value': '60.90'}, {'name': 'change absolute', 'value': '-0.15'}]}",OHLC_D_I_NR7BEARBO,NR 7 Breakdown,Seven Bar Pattern,18,Range Breakout,NR7 is a 7-bar narrow range pattern. NR7 bearish breakout pattern scanner shows the list of stocks forming bearish breakout pattern after 7-bar consolidation.,,,False,1,N,,OHLC_D_I_NR7BEARBO
1784718917,"{'stkname': 'Tejas Networks', 'ltp': '', 'perChg': '', 'stkId': 'TN', 'displayLock': 'N', 'scanproflg': 1, 'scUrl': 'telecommunications-equipment/tejasnetworks/TN', 'columns': [{'name': 'change %', 'value': '-3.61'}, {'name': 'LTP', 'value': '517.95'}, {'name': 'Close Price value', 'value': '517.95'}, {'name': 'change absolute', 'value': '-19.40'}]}",OHLC_D_I_NR7BEARBO,NR 7 Breakdown,Seven Bar Pattern,18,Range Breakout,NR7 is a 7-bar narrow range pattern. NR7 bearish breakout pattern scanner shows the list of stocks forming bearish breakout pattern after 7-bar consolidation.,,,False,1,N,,OHLC_D_I_NR7BEARBO
1784718917,"{'stkname': 'Cupid', 'ltp': '', 'perChg': '', 'stkId': 'CR02', 'displayLock': 'N', 'scanproflg': 1, 'scUrl': 'miscellaneous/cupid/CR02', 'columns': [{'name': 'change %', 'value': '-1.90'}, {'name': 'LTP', 'value': '207.23'}, {'name': 'Close Price value', 'value': '207.23'}, {'name': 'change absolute', 'value': '-4.02'}]}",OHLC_D_I_NR7BEARBO,NR 7 Breakdown,Seven Bar Pattern,18,Range Breakout,NR7 is a 7-bar narrow range pattern. NR7 bearish breakout pattern scanner shows the list of stocks forming bearish breakout pattern after 7-bar consolidation.,,,False,1,N,,OHLC_D_I_NR7BEARBO
1784718917,"{'stkname': 'Carysil', 'ltp': '', 'perChg': '', 'stkId': 'AI04', 'displayLock': 'N', 'scanproflg': 1, 'scUrl': 'plastics-moulded-articlesfurnitures/carysil/AI04', 'columns': [{'name': 'change %', 'value': '-1.63'}, {'name': 'LTP', 'value': '1,151.00'}, {'name': 'Close Price value', 'value': '1,151.00'}, {'name': 'change absolute', 'value': '-19.10'}]}",OHLC_D_I_NR7BEARBO,NR 7 Breakdown,Seven Bar Pattern,18,Range Breakout,NR7 is a 7-bar narrow range pattern. NR7 bearish breakout pattern scanner shows the list of stocks forming bearish breakout pattern after 7-bar consolidation.,,,False,1,N,,OHLC_D_I_NR7BEARBO
1784718917,"{'stkname': 'Delta Corp', 'ltp': '', 'perChg': '', 'stkId': 'AW', 'displayLock': 'N', 'scanproflg': 1, 'scUrl': 'constructioncontracting-real-estate/deltacorp/DC11', 'columns': [{'name': 'change %', 'value': '-0.82'}, {'name': 'LTP', 'value': '62.94'}, {'name': 'Close Price value', 'value': '62.94'}, {'name': 'change absolute', 'value': '-0.52'}]}",OHLC_D_I_NR7BEARBO,NR 7 Breakdown,Seven Bar Pattern,18,Range Breakout,NR7 is a 7-bar narrow range pattern. NR7 bearish breakout pattern scanner shows the list of stocks forming bearish breakout pattern after 7-bar consolidation.,,,False,1,N,,OHLC_D_I_NR7BEARBO
1784718917,"{'stkname': 'Vadilal Ind', 'ltp': '', 'perChg': '', 'stkId': 'VI01', 'displayLock': 'N', 'scanproflg': 1, 'scUrl': 'food-processing/vadilalindustries/VI01', 'columns': [{'name': 'change %', 'value': '-1.24'}, {'name': 'LTP', 'value': '6,732.50'}, {'name': 'Close Price value', 'value': '6,732.50'}, {'name': 'change absolute', 'value': '-84.50'}]}",OHLC_D_I_NR7BEARBO,NR 7 Breakdown,Seven Bar Pattern,18,Range Breakout,NR7 is a 7-bar narrow range pattern. NR7 bearish breakout pattern scanner shows the list of stocks forming bearish breakout pattern after 7-bar consolidation.,,,False,1,N,,OHLC_D_I_NR7BEARBO
1784718917,"{'stkname': 'Kalyani Invest', 'ltp': '', 'perChg': '', 'stkId': 'KIC02', 'displayLock': 'N', 'scanproflg': 1, 'scUrl': 'finance-investments/kalyaniinvestmentcompany/KIC04', 'columns': [{'name': 'change %', 'value': '-1.38'}, {'name': 'LTP', 'value': '5,490.00'}, {'name': 'Close Price value', 'value': '5,490.00'}, {'name': 'change absolute', 'value': '-77.00'}]}",OHLC_D_I_NR7BEARBO,NR 7 Breakdown,Seven Bar Pattern,18,Range Breakout,NR7 is a 7-bar narrow range pattern. NR7 bearish breakout pattern scanner shows the list of stocks forming bearish breakout pattern after 7-bar consolidation.,,,False,1,N,,OHLC_D_I_NR7BEARBO
1784718917,"{'stkname': '360 ONE WAM', 'ltp': '', 'perChg': '', 'stkId': 'IIFLW54277', 'displayLock': 'N', 'scanproflg': 1, 'scUrl': 'finance-others/360onewam/IIFLW54277', 'columns': [{'name': 'change %', 'value': '-2.65'}, {'name': 'LTP', 'value': '1,090.00'}, {'name': 'Close Price value', 'value': '1,090.00'}, {'name': 'change absolute', 'value': '-29.70'}]}",OHLC_D_I_NR7BEARBO,NR 7 Breakdown,Seven Bar Pattern,18,Range Breakout,NR7 is a 7-bar narrow range pattern. NR7 bearish breakout pattern scanner shows the list of stocks forming bearish breakout pattern after 7-bar consolidation.,,,False,1,N,,OHLC_D_I_NR7BEARBO
1784718917,"{'stkname': 'AIA Engineering', 'ltp': '', 'perChg': '', 'stkId': 'AIE01', 'displayLock': 'N', 'scanproflg': 1, 'scUrl': 'castingsforgings/aiaengineering/AIE01', 'columns': [{'name': 'change %', 'value': '-1.29'}, {'name': 'LTP', 'value': '4,621.00'}, {'name': 'Close Price value', 'value': '4,621.00'}, {'name': 'change absolute', 'value': '-60.50'}]}",OHLC_D_I_NR7BEARBO,NR 7 Breakdown,Seven Bar Pattern,18,Range Breakout,NR7 is a 7-bar narrow range pattern. NR7 bearish breakout pattern scanner shows the list of stocks forming bearish breakout pattern after 7-bar consolidation.,,,False,1,N,,OHLC_D_I_NR7BEARBO
1784718917,"{'stkname': 'Bikaji Foods', 'ltp': '', 'perChg': '', 'stkId': 'BFI01', 'displayLock': 'N', 'scanproflg': 1, 'scUrl': 'consumer-food/bikajifoodsinternational/BFI01', 'columns': [{'name': 'change %', 'value': '-1.42'}, {'name': 'LTP', 'value': '635.10'}, {'name': 'Close Price value', 'value': '635.10'}, {'name': 'change absolute', 'value': '-9.15'}]}",OHLC_D_I_NR7BEARBO,NR 7 Breakdown,Seven Bar Pattern,18,Range Breakout,NR7 is a 7-bar narrow range pattern. NR7 bearish breakout pattern scanner shows the list of stocks forming bearish breakout pattern after 7-bar consolidation.,,,False,1,N,,OHLC_D_I_NR7BEARBO
1784718917,"{'stkname': 'Choice Internat', 'ltp': '', 'perChg': '', 'stkId': 'CFS01', 'displayLock': 'N', 'scanproflg': 1, 'scUrl': 'finance-general/choiceinternational/CFS01', 'columns': [{'name': 'change %', 'value': '-1.09'}, {'name': 'LTP', 'value': '808.00'}, {'name': 'Close Price value', 'value': '808.00'}, {'name': 'change absolute', 'value': '-8.90'}]}",OHLC_D_I_NR7BEARBO,NR 7 Breakdown,Seven Bar Pattern,18,Range Breakout,NR7 is a 7-bar narrow range pattern. NR7 bearish breakout pattern scanner shows the list of stocks forming bearish breakout pattern after 7-bar consolidation.,,,False,1,N,,OHLC_D_I_NR7BEARBO
1784718917,"{'stkname': 'Summit Sec', 'ltp': '', 'perChg': '', 'stkId': 'KEC', 'displayLock': 'N', 'scanproflg': 1, 'scUrl': 'finance-investments/summitsecurities/SS56', 'columns': [{'name': 'change %', 'value': '-3.96'}, {'name': 'LTP', 'value': '1,441.00'}, {'name': 'Close Price value', 'value': '1,441.00'}, {'name': 'change absolute', 'value': '-59.40'}]}",OHLC_D_I_NR7BEARBO,NR 7 Breakdown,Seven Bar Pattern,18,Range Breakout,NR7 is a 7-bar narrow range pattern. NR7 bearish breakout pattern scanner shows the list of stocks forming bearish breakout pattern after 7-bar consolidation.,,,False,1,N,,OHLC_D_I_NR7BEARBO
1784718917,"{'stkname': 'Jindal Poly Inv', 'ltp': '', 'perChg': '', 'stkId': 'JPI02', 'displayLock': 'N', 'scanproflg': 1, 'scUrl': 'finance-general/jindalpolyinvestmentfinancecompany/JPI02', 'columns': [{'name': 'change %', 'value': '-2.61'}, {'name': 'LTP', 'value': '1,062.90'}, {'name': 'Close Price value', 'value': '1,062.90'}, {'name': 'change absolute', 'value': '-28.50'}]}",OHLC_D_I_NR7BEARBO,NR 7 Breakdown,Seven Bar Pattern,18,Range Breakout,NR7 is a 7-bar narrow range pattern. NR7 bearish breakout pattern scanner shows the list of stocks forming bearish breakout pattern after 7-bar consolidation.,,,False,1,N,,OHLC_D_I_NR7BEARBO
1784718917,"{'stkname': 'Capri Global', 'ltp': '', 'perChg': '', 'stkId': 'DSL01', 'displayLock': 'N', 'scanproflg': 1, 'scUrl': 'finance-general/capriglobalcapital/MMF05', 'columns': [{'name': 'change %', 'value': '-2.17'}, {'name': 'LTP', 'value': '244.22'}, {'name': 'Close Price value', 'value': '244.22'}, {'name': 'change absolute', 'value': '-5.42'}]}",OHLC_D_I_NR7BEARBO,NR 7 Breakdown,Seven Bar Pattern,18,Range Breakout,NR7 is a 7-bar narrow range pattern. NR7 bearish breakout pattern scanner shows the list of stocks forming bearish breakout pattern after 7-bar consolidation.,,,False,1,N,,OHLC_D_I_NR7BEARBO
1784718917,"{'stkname': 'Max India', 'ltp': '', 'perChg': '', 'stkId': 'MIL18', 'displayLock': 'N', 'scanproflg': 1, 'scUrl': 'finance-investment/maxindialimited/MIL19', 'columns': [{'name': 'change %', 'value': '-1.48'}, {'name': 'LTP', 'value': '161.00'}, {'name': 'Close Price value', 'value': '161.00'}, {'name': 'change absolute', 'value': '-2.42'}]}",OHLC_D_I_NR7BEARBO,NR 7 Breakdown,Seven Bar Pattern,18,Range Breakout,NR7 is a 7-bar narrow range pattern. NR7 bearish breakout pattern scanner shows the list of stocks forming bearish breakout pattern after 7-bar consolidation.,,,False,1,N,,OHLC_D_I_NR7BEARBO
1784718917,"{'stkname': 'VIP Industries', 'ltp': '', 'perChg': '', 'stkId': 'VIP', 'displayLock': 'N', 'scanproflg': 1, 'scUrl': 'householdpersonal-products/vipindustries/VIP', 'columns': [{'name': 'change %', 'value': '-2.30'}, {'name': 'LTP', 'value': '292.90'}, {'name': 'Close Price value', 'value': '292.90'}, {'name': 'change absolute', 'value': '-6.90'}]}",OHLC_D_I_NR7BEARBO,NR 7 Breakdown,Seven Bar Pattern,18,Range Breakout,NR7 is a 7-bar narrow range pattern. NR7 bearish breakout pattern scanner shows the list of stocks forming bearish breakout pattern after 7-bar consolidation.,,,False,1,N,,OHLC_D_I_NR7BEARBO
1784718917,"{'stkname': 'Jubilant Food', 'ltp': '', 'perChg': '', 'stkId': 'JF04', 'displayLock': 'N', 'scanproflg': 1, 'scUrl': 'miscellaneous/jubilantfoodworks/JF04', 'columns': [{'name': 'change %', 'value': '-1.88'}, {'name': 'LTP', 'value': '417.50'}, {'name': 'Close Price value', 'value': '417.50'}, {'name': 'change absolute', 'value': '-8.00'}]}",OHLC_D_I_NR7BEARBO,NR 7 Breakdown,Seven Bar Pattern,18,Range Breakout,NR7 is a 7-bar narrow range pattern. NR7 bearish breakout pattern scanner shows the list of stocks forming bearish breakout pattern after 7-bar consolidation.,,,False,1,N,,OHLC_D_I_NR7BEARBO
1784718917,"{'stkname': 'Manorama Indust', 'ltp': '', 'perChg': '', 'stkId': 'MI43', 'displayLock': 'N', 'scanproflg': 1, 'scUrl': 'food-processing/manoramaindustries/MI45', 'columns': [{'name': 'change %', 'value': '-1.78'}, {'name': 'LTP', 'value': '1,580.00'}, {'name': 'Close Price value', 'value': '1,580.00'}, {'name': 'change absolute', 'value': '-28.60'}]}",OHLC_D_I_NR7BEARBO,NR 7 Breakdown,Seven Bar Pattern,18,Range Breakout,NR7 is a 7-bar narrow range pattern. NR7 bearish breakout pattern scanner shows the list of stocks forming bearish breakout pattern after 7-bar consolidation.,,,False,1,N,,OHLC_D_I_NR7BEARBO
1784718917,"{'stkname': 'Home First', 'ltp': '', 'perChg': '', 'stkId': 'HFF', 'displayLock': 'N', 'scanproflg': 1, 'scUrl': 'finance-housing/homefirstfinancecompanyindia/HFF', 'columns': [{'name': 'change %', 'value': '-2.20'}, {'name': 'LTP', 'value': '1,252.00'}, {'name': 'Close Price value', 'value': '1,252.00'}, {'name': 'change absolute', 'value': '-28.10'}]}",OHLC_D_I_NR7BEARBO,NR 7 Breakdown,Seven Bar Pattern,18,Range Breakout,NR7 is a 7-bar narrow range pattern. NR7 bearish breakout pattern scanner shows the list of stocks forming bearish breakout pattern after 7-bar consolidation.,,,False,1,N,,OHLC_D_I_NR7BEARBO
1784718917,"{'stkname': 'LIC Housing Fin', 'ltp': '', 'perChg': '', 'stkId': 'LIC', 'displayLock': 'N', 'scanproflg': 1, 'scUrl': 'finance-housing/lichousingfinance/LIC', 'columns': [{'name': 'change %', 'value': '-1.93'}, {'name': 'LTP', 'value': '538.00'}, {'name': 'Close Price value', 'value': '538.00'}, {'name': 'change absolute', 'value': '-10.60'}]}",OHLC_D_I_NR7BEARBO,NR 7 Breakdown,Seven Bar Pattern,18,Range Breakout,NR7 is a 7-bar narrow range pattern. NR7 bearish breakout pattern scanner shows the list of stocks forming bearish breakout pattern after 7-bar consolidation.,,,False,1,N,,OHLC_D_I_NR7BEARBO
1784718917,"{'stkname': 'IRB Infra', 'ltp': '', 'perChg': '', 'stkId': 'IID01', 'displayLock': 'N', 'scanproflg': 1, 'scUrl': 'transport-infrastructure/irbinfrastructuredevelopers/IID01', 'columns': [{'name': 'change %', 'value': '-0.60'}, {'name': 'LTP', 'value': '19.84'}, {'name': 'Close Price value', 'value': '19.84'}, {'name': 'change absolute', 'value': '-0.12'}]}",OHLC_D_I_NR7BEARBO,NR 7 Breakdown,Seven Bar Pattern,18,Range Breakout,NR7 is a 7-bar narrow range pattern. NR7 bearish breakout pattern scanner shows the list of stocks forming bearish breakout pattern after 7-bar consolidation.,,,False,1,N,,OHLC_D_I_NR7BEARBO
1784718917,"{'stkname': 'Rashtriya Chem', 'ltp': '', 'perChg': '', 'stkId': 'RCF01', 'displayLock': 'N', 'scanproflg': 1, 'scUrl': 'fertilisers/rashtriyachemicalsfertilisers/RCF01', 'columns': [{'name': 'change %', 'value': '-1.47'}, {'name': 'LTP', 'value': '125.77'}, {'name': 'Close Price value', 'value': '125.77'}, {'name': 'change absolute', 'value': '-1.87'}]}",OHLC_D_I_NR7BEARBO,NR 7 Breakdown,Seven Bar Pattern,18,Range Breakout,NR7 is a 7-bar narrow range pattern. NR7 bearish breakout pattern scanner shows the list of stocks forming bearish breakout pattern after 7-bar consolidation.,,,False,1,N,,OHLC_D_I_NR7BEARBO
1784718917,"{'stkname': 'IFCI', 'ltp': '', 'perChg': '', 'stkId': 'IFC', 'displayLock': 'N', 'scanproflg': 1, 'scUrl': 'finance-term-lending-institutions/ifci/IFC02', 'columns': [{'name': 'change %', 'value': '-1.47'}, {'name': 'LTP', 'value': '71.80'}, {'name': 'Close Price value', 'value': '71.80'}, {'name': 'change absolute', 'value': '-1.07'}]}",OHLC_D_I_NR7BEARBO,NR 7 Breakdown,Seven Bar Pattern,18,Range Breakout,NR7 is a 7-bar narrow range pattern. NR7 bearish breakout pattern scanner shows the list of stocks forming bearish breakout pattern after 7-bar consolidation.,,,False,1,N,,OHLC_D_I_NR7BEARBO
1784718917,"{'stkname': 'Satin Credit', 'ltp': '', 'perChg': '', 'stkId': 'SCN', 'displayLock': 'N', 'scanproflg': 1, 'scUrl': 'finance-term-lending/satincreditcarenetwork/SCN', 'columns': [{'name': 'change %', 'value': '-2.11'}, {'name': 'LTP', 'value': '253.00'}, {'name': 'Close Price value', 'value': '253.00'}, {'name': 'change absolute', 'value': '-5.46'}]}",OHLC_D_I_NR7BEARBO,NR 7 Breakdown,Seven Bar Pattern,18,Range Breakout,NR7 is a 7-bar narrow range pattern. NR7 bearish breakout pattern scanner shows the list of stocks forming bearish breakout pattern after 7-bar consolidation.,,,False,1,N,,OHLC_D_I_NR7BEARBO
1784718917,"{'stkname': 'Dhanuka Agritec', 'ltp': '', 'perChg': '', 'stkId': 'DP04', 'displayLock': 'N', 'scanproflg': 1, 'scUrl': 'pesticidesagro-chemicals/dhanukaagritech/DA01', 'columns': [{'name': 'change %', 'value': '-0.98'}, {'name': 'LTP', 'value': '1,005.10'}, {'name': 'Close Price value', 'value': '1,005.10'}, {'name': 'change absolute', 'value': '-9.90'}]}",OHLC_D_I_NR7BEARBO,NR 7 Breakdown,Seven Bar Pattern,18,Range Breakout,NR7 is a 7-bar narrow range pattern. NR7 bearish breakout pattern scanner shows the list of stocks forming bearish breakout pattern after 7-bar consolidation.,,,False,1,N,,OHLC_D_I_NR7BEARBO
1784718917,"{'stkname': 'Chola Fin Hold', 'ltp': '', 'perChg': '', 'stkId': 'TII', 'displayLock': 'N', 'scanproflg': 1, 'scUrl': 'miscellaneous/cholamandalamfinancialholdings/TII', 'columns': [{'name': 'change %', 'value': '-0.99'}, {'name': 'LTP', 'value': '1,534.80'}, {'name': 'Close Price value', 'value': '1,534.80'}, {'name': 'change absolute', 'value': '-15.40'}]}",OHLC_D_I_NR7BEARBO,NR 7 Breakdown,Seven Bar Pattern,18,Range Breakout,NR7 is a 7-bar narrow range pattern. NR7 bearish breakout pattern scanner shows the list of stocks forming bearish breakout pattern after 7-bar consolidation.,,,False,1,N,,OHLC_D_I_NR7BEARBO
1784718917,"{'stkname': 'Punjab Chemical', 'ltp': '', 'perChg': '', 'stkId': 'PCP01', 'displayLock': 'N', 'scanproflg': 1, 'scUrl': 'chemicals/punjabchemicalscropprotection/PCC03', 'columns': [{'name': 'change %', 'value': '-3.04'}, {'name': 'LTP', 'value': '1,121.00'}, {'name': 'Close Price value', 'value': '1,121.00'}, {'name': 'change absolute', 'value': '-35.10'}]}",OHLC_D_I_NR7BEARBO,NR 7 Breakdown,Seven Bar Pattern,18,Range Breakout,NR7 is a 7-bar narrow range pattern. NR7 bearish breakout pattern scanner shows the list of stocks forming bearish breakout pattern after 7-bar consolidation.,,,False,1,N,,OHLC_D_I_NR7BEARBO
1784718917,"{'stkname': 'SEPC', 'ltp': '', 'perChg': '', 'stkId': 'SE21', 'displayLock': 'N', 'scanproflg': 1, 'scUrl': 'construction-infrastructure/sepc/SE21', 'columns': [{'name': 'change %', 'value': '-1.96'}, {'name': 'LTP', 'value': '6.00'}, {'name': 'Close Price value', 'value': '6.00'}, {'name': 'change absolute', 'value': '-0.12'}]}",OHLC_D_I_NR7BEARBO,NR 7 Breakdown,Seven Bar Pattern,18,Range Breakout,NR7 is a 7-bar narrow range pattern. NR7 bearish breakout pattern scanner shows the list of stocks forming bearish breakout pattern after 7-bar consolidation.,,,False,1,N,,OHLC_D_I_NR7BEARBO
1784718917,"{'stkname': 'Fusion Finance', 'ltp': '', 'perChg': '', 'stkId': 'FMF', 'displayLock': 'N', 'scanproflg': 1, 'scUrl': 'finance-nbfc/fusionfinance/FMF', 'columns': [{'name': 'change %', 'value': '-3.41'}, {'name': 'LTP', 'value': '220.00'}, {'name': 'Close Price value', 'value': '220.00'}, {'name': 'change absolute', 'value': '-7.77'}]}",OHLC_D_I_NR7BEARBO,NR 7 Breakdown,Seven Bar Pattern,18,Range Breakout,NR7 is a 7-bar narrow range pattern. NR7 bearish breakout pattern scanner shows the list of stocks forming bearish breakout pattern after 7-bar consolidation.,,,False,1,N,,OHLC_D_I_NR7BEARBO
1784718917,"{'stkname': 'Bharat Rasayan', 'ltp': '', 'perChg': '', 'stkId': 'BR01', 'displayLock': 'N', 'scanproflg': 1, 'scUrl': 'pesticidesagro-chemicals/bharatrasayan/BR01', 'columns': [{'name': 'change %', 'value': '-2.86'}, {'name': 'LTP', 'value': '1,284.00'}, {'name': 'Close Price value', 'value': '1,284.00'}, {'name': 'change absolute', 'value': '-37.80'}]}",OHLC_D_I_NR7BEARBO,NR 7 Breakdown,Seven Bar Pattern,18,Range Breakout,NR7 is a 7-bar narrow range pattern. NR7 bearish breakout pattern scanner shows the list of stocks forming bearish breakout pattern after 7-bar consolidation.,,,False,1,N,,OHLC_D_I_NR7BEARBO
1784718917,"{'stkname': 'Chambal Fert', 'ltp': '', 'perChg': '', 'stkId': 'CFC', 'displayLock': 'N', 'scanproflg': 1, 'scUrl': 'fertilisers/chambalfertiliserschemicals/CFC', 'columns': [{'name': 'change %', 'value': '-0.89'}, {'name': 'LTP', 'value': '435.35'}, {'name': 'Close Price value', 'value': '435.35'}, {'name': 'change absolute', 'value': '-3.90'}]}",OHLC_D_I_NR7BEARBO,NR 7 Breakdown,Seven Bar Pattern,18,Range Breakout,NR7 is a 7-bar narrow range pattern. NR7 bearish breakout pattern scanner shows the list of stocks forming bearish breakout pattern after 7-bar consolidation.,,,False,1,N,,OHLC_D_I_NR7BEARBO
1784718917,"{'stkname': 'Deepak Fert', 'ltp': '', 'perChg': '', 'stkId': 'DFP', 'displayLock': 'N', 'scanproflg': 1, 'scUrl': 'fertilisers/deepakfertiliserspetrochemicalscorporation/DFP', 'columns': [{'name': 'change %', 'value': '-0.46'}, {'name': 'LTP', 'value': '1,599.30'}, {'name': 'Close Price value', 'value': '1,599.30'}, {'name': 'change absolute', 'value': '-7.40'}]}",OHLC_D_I_NR7BEARBO,NR 7 Breakdown,Seven Bar Pattern,18,Range Breakout,NR7 is a 7-bar narrow range pattern. NR7 bearish breakout pattern scanner shows the list of stocks forming bearish breakout pattern after 7-bar consolidation.,,,False,1,N,,OHLC_D_I_NR7BEARBO
1784718917,"{'stkname': 'ISGEC Heavy Eng', 'ltp': '', 'perChg': '', 'stkId': 'SIS06', 'displayLock': 'N', 'scanproflg': 1, 'scUrl': 'engineering-heavy/isgecheavyengineering/SIS06', 'columns': [{'name': 'change %', 'value': '-0.91'}, {'name': 'LTP', 'value': '871.95'}, {'name': 'Close Price value', 'value': '871.95'}, {'name': 'change absolute', 'value': '-8.00'}]}",OHLC_D_I_NR7BEARBO,NR 7 Breakdown,Seven Bar Pattern,18,Range Breakout,NR7 is a 7-bar narrow range pattern. NR7 bearish breakout pattern scanner shows the list of stocks forming bearish breakout pattern after 7-bar consolidation.,,,False,1,N,,OHLC_D_I_NR7BEARBO
1784718917,"{'stkname': 'Ramky Infra', 'ltp': '', 'perChg': '', 'stkId': 'RI29', 'displayLock': 'N', 'scanproflg': 1, 'scUrl': 'constructioncontracting-civil/ramkyinfrastructure/RI12', 'columns': [{'name': 'change %', 'value': '-1.57'}, {'name': 'LTP', 'value': '377.00'}, {'name': 'Close Price value', 'value': '377.00'}, {'name': 'change absolute', 'value': '-6.00'}]}",OHLC_D_I_NR7BEARBO,NR 7 Breakdown,Seven Bar Pattern,18,Range Breakout,NR7 is a 7-bar narrow range pattern. NR7 bearish breakout pattern scanner shows the list of stocks forming bearish breakout pattern after 7-bar consolidation.,,,False,1,N,,OHLC_D_I_NR7BEARBO
1784718917,"{'stkname': 'Man Infra', 'ltp': '', 'perChg': '', 'stkId': 'MI37', 'displayLock': 'N', 'scanproflg': 1, 'scUrl': 'constructioncontracting-civil/maninfraconstruction/MI37', 'columns': [{'name': 'change %', 'value': '-1.88'}, {'name': 'LTP', 'value': '97.80'}, {'name': 'Close Price value', 'value': '97.80'}, {'name': 'change absolute', 'value': '-1.87'}]}",OHLC_D_I_NR7BEARBO,NR 7 Breakdown,Seven Bar Pattern,18,Range Breakout,NR7 is a 7-bar narrow range pattern. NR7 bearish breakout pattern scanner shows the list of stocks forming bearish breakout pattern after 7-bar consolidation.,,,False,1,N,,OHLC_D_I_NR7BEARBO
1784718917,"{'stkname': 'Uniparts India', 'ltp': '', 'perChg': '', 'stkId': 'UI19', 'displayLock': 'N', 'scanproflg': 1, 'scUrl': 'auto-ancillaries-spare-partsaccessories/unipartsindia/UI22', 'columns': [{'name': 'change %', 'value': '-1.80'}, {'name': 'LTP', 'value': '677.95'}, {'name': 'Close Price value', 'value': '677.95'}, {'name': 'change absolute', 'value': '-12.40'}]}",OHLC_D_I_NR7BEARBO,NR 7 Breakdown,Seven Bar Pattern,18,Range Breakout,NR7 is a 7-bar narrow range pattern. NR7 bearish breakout pattern scanner shows the list of stocks forming bearish breakout pattern after 7-bar consolidation.,,,False,1,N,,OHLC_D_I_NR7BEARBO
1784718917,"{'stkname': 'Triveni Turbine', 'ltp': '', 'perChg': '', 'stkId': 'TT12', 'displayLock': 'N', 'scanproflg': 1, 'scUrl': 'electric-equipment/triveniturbine/TT14', 'columns': [{'name': 'change %', 'value': '-0.85'}, {'name': 'LTP', 'value': '613.30'}, {'name': 'Close Price value', 'value': '613.30'}, {'name': 'change absolute', 'value': '-5.25'}]}",OHLC_D_I_NR7BEARBO,NR 7 Breakdown,Seven Bar Pattern,18,Range Breakout,NR7 is a 7-bar narrow range pattern. NR7 bearish breakout pattern scanner shows the list of stocks forming bearish breakout pattern after 7-bar consolidation.,,,False,1,N,,OHLC_D_I_NR7BEARBO
1784718917,"{'stkname': 'Renaissance', 'ltp': '', 'perChg': '', 'stkId': 'RJ', 'displayLock': 'N', 'scanproflg': 1, 'scUrl': 'diamond-cuttingjewelleryprecious-metals/renaissanceglobal/RJ', 'columns': [{'name': 'change %', 'value': '-0.03'}, {'name': 'LTP', 'value': '119.70'}, {'name': 'Close Price value', 'value': '119.70'}, {'name': 'change absolute', 'value': '-0.04'}]}",OHLC_D_I_NR7BEARBO,NR 7 Breakdown,Seven Bar Pattern,18,Range Breakout,NR7 is a 7-bar narrow range pattern. NR7 bearish breakout pattern scanner shows the list of stocks forming bearish breakout pattern after 7-bar consolidation.,,,False,1,N,,OHLC_D_I_NR7BEARBO
1784718917,"{'stkname': 'Cemindia Proj', 'ltp': '', 'perChg': '', 'stkId': 'THC', 'displayLock': 'N', 'scanproflg': 1, 'scUrl': 'constructioncontracting-civil/cemindiaprojects/ITD03', 'columns': [{'name': 'change %', 'value': '-2.42'}, {'name': 'LTP', 'value': '1,600.00'}, {'name': 'Close Price value', 'value': '1,600.00'}, {'name': 'change absolute', 'value': '-39.60'}]}",OHLC_D_I_NR7BEARBO,NR 7 Breakdown,Seven Bar Pattern,18,Range Breakout,NR7 is a 7-bar narrow range pattern. NR7 bearish breakout pattern scanner shows the list of stocks forming bearish breakout pattern after 7-bar consolidation.,,,False,1,N,,OHLC_D_I_NR7BEARBO
1784718917,"{'stkname': 'Elecon Eng', 'ltp': '', 'perChg': '', 'stkId': 'EEC', 'displayLock': 'N', 'scanproflg': 1, 'scUrl': 'engineering-heavy/eleconengineeringcompany/EEC', 'columns': [{'name': 'change %', 'value': '-2.71'}, {'name': 'LTP', 'value': '437.50'}, {'name': 'Close Price value', 'value': '437.50'}, {'name': 'change absolute', 'value': '-12.20'}]}",OHLC_D_I_NR7BEARBO,NR 7 Breakdown,Seven Bar Pattern,18,Range Breakout,NR7 is a 7-bar narrow range pattern. NR7 bearish breakout pattern scanner shows the list of stocks forming bearish breakout pattern after 7-bar consolidation.,,,False,1,N,,OHLC_D_I_NR7BEARBO
1784718917,"{'stkname': 'Rishabh Instru', 'ltp': '', 'perChg': '', 'stkId': 'RI46', 'displayLock': 'N', 'scanproflg': 1, 'scUrl': 'electric-equipment/rishabhinstruments/RI47', 'columns': [{'name': 'change %', 'value': '-0.75'}, {'name': 'LTP', 'value': '647.70'}, {'name': 'Close Price value', 'value': '647.70'}, {'name': 'change absolute', 'value': '-4.90'}]}",OHLC_D_I_NR7BEARBO,NR 7 Breakdown,Seven Bar Pattern,18,Range Breakout,NR7 is a 7-bar narrow range pattern. NR7 bearish breakout pattern scanner shows the list of stocks forming bearish breakout pattern after 7-bar consolidation.,,,False,1,N,,OHLC_D_I_NR7BEARBO
1784718917,"{'stkname': 'Voltamp Trans', 'ltp': '', 'perChg': '', 'stkId': 'VT9', 'displayLock': 'N', 'scanproflg': 1, 'scUrl': 'power-transmissionequipment/voltamptransformers/VT9', 'columns': [{'name': 'change %', 'value': '-1.21'}, {'name': 'LTP', 'value': '9,390.00'}, {'name': 'Close Price value', 'value': '9,390.00'}, {'name': 'change absolute', 'value': '-115.00'}]}",OHLC_D_I_NR7BEARBO,NR 7 Breakdown,Seven Bar Pattern,18,Range Breakout,NR7 is a 7-bar narrow range pattern. NR7 bearish breakout pattern scanner shows the list of stocks forming bearish breakout pattern after 7-bar consolidation.,,,False,1,N,,OHLC_D_I_NR7BEARBO
1784718917,"{'stkname': 'Aeroflex Ind.', 'ltp': '', 'perChg': '', 'stkId': 'AI77', 'displayLock': 'N', 'scanproflg': 1, 'scUrl': 'engineering-industrial-equipments/aeroflexindustries/AI87', 'columns': [{'name': 'change %', 'value': '-1.67'}, {'name': 'LTP', 'value': '406.50'}, {'name': 'Close Price value', 'value': '406.50'}, {'name': 'change absolute', 'value': '-6.90'}]}",OHLC_D_I_NR7BEARBO,NR 7 Breakdown,Seven Bar Pattern,18,Range Breakout,NR7 is a 7-bar narrow range pattern. NR7 bearish breakout pattern scanner shows the list of stocks forming bearish breakout pattern after 7-bar consolidation.,,,False,1,N,,OHLC_D_I_NR7BEARBO
1784718917,"{'stkname': 'Just Dial', 'ltp': '', 'perChg': '', 'stkId': 'JD02', 'displayLock': 'N', 'scanproflg': 1, 'scUrl': 'miscellaneous/justdial/JD', 'columns': [{'name': 'change %', 'value': '-3.15'}, {'name': 'LTP', 'value': '720.00'}, {'name': 'Close Price value', 'value': '720.00'}, {'name': 'change absolute', 'value': '-23.40'}]}",OHLC_D_I_NR7BEARBO,NR 7 Breakdown,Seven Bar Pattern,18,Range Breakout,NR7 is a 7-bar narrow range pattern. NR7 bearish breakout pattern scanner shows the list of stocks forming bearish breakout pattern after 7-bar consolidation.,,,False,1,N,,OHLC_D_I_NR7BEARBO
1784718917,"{'stkname': 'Kirloskar Ind', 'ltp': '', 'perChg': '', 'stkId': 'KOE', 'displayLock': 'N', 'scanproflg': 1, 'scUrl': 'power-generationdistribution/kirloskarindustries/KOE', 'columns': [{'name': 'change %', 'value': '-0.84'}, {'name': 'LTP', 'value': '3,820.00'}, {'name': 'Close Price value', 'value': '3,820.00'}, {'name': 'change absolute', 'value': '-32.50'}]}",OHLC_D_I_NR7BEARBO,NR 7 Breakdown,Seven Bar Pattern,18,Range Breakout,NR7 is a 7-bar narrow range pattern. NR7 bearish breakout pattern scanner shows the list of stocks forming bearish breakout pattern after 7-bar consolidation.,,,False,1,N,,OHLC_D_I_NR7BEARBO
1784718917,"{'stkname': 'Eimco Elecon', 'ltp': '', 'perChg': '', 'stkId': 'EEI', 'displayLock': 'N', 'scanproflg': 1, 'scUrl': 'engineering-heavy/eimcoeleconindia/EEI', 'columns': [{'name': 'change %', 'value': '-0.10'}, {'name': 'LTP', 'value': '1,810.00'}, {'name': 'Close Price value', 'value': '1,810.00'}, {'name': 'change absolute', 'value': '-1.80'}]}",OHLC_D_I_NR7BEARBO,NR 7 Breakdown,Seven Bar Pattern,18,Range Breakout,NR7 is a 7-bar narrow range pattern. NR7 bearish breakout pattern scanner shows the list of stocks forming bearish breakout pattern after 7-bar consolidation.,,,False,1,N,,OHLC_D_I_NR7BEARBO
1784718917,"{'stkname': 'EMS', 'ltp': '', 'perChg': '', 'stkId': 'E13', 'displayLock': 'N', 'scanproflg': 1, 'scUrl': 'engineering-construction/ems/E15', 'columns': [{'name': 'change %', 'value': '-0.65'}, {'name': 'LTP', 'value': '419.00'}, {'name': 'Close Price value', 'value': '419.00'}, {'name': 'change absolute', 'value': '-2.75'}]}",OHLC_D_I_NR7BEARBO,NR 7 Breakdown,Seven Bar Pattern,18,Range Breakout,NR7 is a 7-bar narrow range pattern. NR7 bearish breakout pattern scanner shows the list of stocks forming bearish breakout pattern after 7-bar consolidation.,,,False,1,N,,OHLC_D_I_NR7BEARBO
1784718917,"{'stkname': 'Engineers India', 'ltp': '', 'perChg': '', 'stkId': 'EI14', 'displayLock': 'N', 'scanproflg': 1, 'scUrl': 'engineering/engineersindia/EI14', 'columns': [{'name': 'change %', 'value': '-1.28'}, {'name': 'LTP', 'value': '225.20'}, {'name': 'Close Price value', 'value': '225.20'}, {'name': 'change absolute', 'value': '-2.92'}]}",OHLC_D_I_NR7BEARBO,NR 7 Breakdown,Seven Bar Pattern,18,Range Breakout,NR7 is a 7-bar narrow range pattern. NR7 bearish breakout pattern scanner shows the list of stocks forming bearish breakout pattern after 7-bar consolidation.,,,False,1,N,,OHLC_D_I_NR7BEARBO
1784718917,"{'stkname': 'Everest Kanto', 'ltp': '', 'perChg': '', 'stkId': 'EKC', 'displayLock': 'N', 'scanproflg': 1, 'scUrl': 'packaging/everestkantocylinder/EKC', 'columns': [{'name': 'change %', 'value': '-1.63'}, {'name': 'LTP', 'value': '111.36'}, {'name': 'Close Price value', 'value': '111.36'}, {'name': 'change absolute', 'value': '-1.85'}]}",OHLC_D_I_NR7BEARBO,NR 7 Breakdown,Seven Bar Pattern,18,Range Breakout,NR7 is a 7-bar narrow range pattern. NR7 bearish breakout pattern scanner shows the list of stocks forming bearish breakout pattern after 7-bar consolidation.,,,False,1,N,,OHLC_D_I_NR7BEARBO
1784718917,"{'stkname': 'Mazda', 'ltp': '', 'perChg': '', 'stkId': 'MC07', 'displayLock': 'N', 'scanproflg': 1, 'scUrl': 'engineering/mazda/M14', 'columns': [{'name': 'change %', 'value': '-1.27'}, {'name': 'LTP', 'value': '220.01'}, {'name': 'Close Price value', 'value': '220.01'}, {'name': 'change absolute', 'value': '-2.82'}]}",OHLC_D_I_NR7BEARBO,NR 7 Breakdown,Seven Bar Pattern,18,Range Breakout,NR7 is a 7-bar narrow range pattern. NR7 bearish breakout pattern scanner shows the list of stocks forming bearish breakout pattern after 7-bar consolidation.,,,False,1,N,,OHLC_D_I_NR7BEARBO
1784718917,"{'stkname': 'Manoj Vaibhav G', 'ltp': '', 'perChg': '', 'stkId': 'MVGJL', 'displayLock': 'N', 'scanproflg': 1, 'scUrl': 'diamondjewellery/manojvaibhavgemsnjewellers/MVGJL', 'columns': [{'name': 'change %', 'value': '-1.09'}, {'name': 'LTP', 'value': '156.50'}, {'name': 'Close Price value', 'value': '156.50'}, {'name': 'change absolute', 'value': '-1.72'}]}",OHLC_D_I_NR7BEARBO,NR 7 Breakdown,Seven Bar Pattern,18,Range Breakout,NR7 is a 7-bar narrow range pattern. NR7 bearish breakout pattern scanner shows the list of stocks forming bearish breakout pattern after 7-bar consolidation.,,,False,1,N,,OHLC_D_I_NR7BEARBO
1784718917,"{'stkname': 'Praj Industries', 'ltp': '', 'perChg': '', 'stkId': 'PI17', 'displayLock': 'N', 'scanproflg': 1, 'scUrl': 'engineering-heavy/prajindustries/PI17', 'columns': [{'name': 'change %', 'value': '-2.67'}, {'name': 'LTP', 'value': '326.80'}, {'name': 'Close Price value', 'value': '326.80'}, {'name': 'change absolute', 'value': '-8.95'}]}",OHLC_D_I_NR7BEARBO,NR 7 Breakdown,Seven Bar Pattern,18,Range Breakout,NR7 is a 7-bar narrow range pattern. NR7 bearish breakout pattern scanner shows the list of stocks forming bearish breakout pattern after 7-bar consolidation.,,,False,1,N,,OHLC_D_I_NR7BEARBO
1784718917,"{'stkname': 'Indo Tech Trans', 'ltp': '', 'perChg': '', 'stkId': 'ITT02', 'displayLock': 'N', 'scanproflg': 1, 'scUrl': 'power-transmissionequipment/indotechtransformers/ITT02', 'columns': [{'name': 'change %', 'value': '-0.50'}, {'name': 'LTP', 'value': '3,402.00'}, {'name': 'Close Price value', 'value': '3,402.00'}, {'name': 'change absolute', 'value': '-17.20'}]}",OHLC_D_I_NR7BEARBO,NR 7 Breakdown,Seven Bar Pattern,18,Range Breakout,NR7 is a 7-bar narrow range pattern. NR7 bearish breakout pattern scanner shows the list of stocks forming bearish breakout pattern after 7-bar consolidation.,,,False,1,N,,OHLC_D_I_NR7BEARBO
1784718917,"{'stkname': 'Kirloskar Oil', 'ltp': '', 'perChg': '', 'stkId': 'KOE03', 'displayLock': 'N', 'scanproflg': 1, 'scUrl': 'engines/kirloskaroilengines/KOE03', 'columns': [{'name': 'change %', 'value': '-0.86'}, {'name': 'LTP', 'value': '2,202.70'}, {'name': 'Close Price value', 'value': '2,202.70'}, {'name': 'change absolute', 'value': '-19.00'}]}",OHLC_D_I_NR7BEARBO,NR 7 Breakdown,Seven Bar Pattern,18,Range Breakout,NR7 is a 7-bar narrow range pattern. NR7 bearish breakout pattern scanner shows the list of stocks forming bearish breakout pattern after 7-bar consolidation.,,,False,1,N,,OHLC_D_I_NR7BEARBO
1784718917,"{'stkname': 'Lloyds Engineer', 'ltp': '', 'perChg': '', 'stkId': 'LSI01', 'displayLock': 'N', 'scanproflg': 1, 'scUrl': 'steel-mediumsmall/lloydsengineeringworks/LSI02', 'columns': [{'name': 'change %', 'value': '-4.38'}, {'name': 'LTP', 'value': '87.18'}, {'name': 'Close Price value', 'value': '87.18'}, {'name': 'change absolute', 'value': '-3.99'}]}",OHLC_D_I_NR7BEARBO,NR 7 Breakdown,Seven Bar Pattern,18,Range Breakout,NR7 is a 7-bar narrow range pattern. NR7 bearish breakout pattern scanner shows the list of stocks forming bearish breakout pattern after 7-bar consolidation.,,,False,1,N,,OHLC_D_I_NR7BEARBO
1784718917,"{'stkname': 'Anup Eng', 'ltp': '', 'perChg': '', 'stkId': 'ANUP54246', 'displayLock': 'N', 'scanproflg': 1, 'scUrl': 'engineering-industrial-equipments/theanupengineering/ANUP54246', 'columns': [{'name': 'change %', 'value': '-3.15'}, {'name': 'LTP', 'value': '2,072.00'}, {'name': 'Close Price value', 'value': '2,072.00'}, {'name': 'change absolute', 'value': '-67.40'}]}",OHLC_D_I_NR7BEARBO,NR 7 Breakdown,Seven Bar Pattern,18,Range Breakout,NR7 is a 7-bar narrow range pattern. NR7 bearish breakout pattern scanner shows the list of stocks forming bearish breakout pattern after 7-bar consolidation.,,,False,1,N,,OHLC_D_I_NR7BEARBO
1784718917,"{'stkname': 'Tanla Platforms', 'ltp': '', 'perChg': '', 'stkId': 'TS11', 'displayLock': 'N', 'scanproflg': 1, 'scUrl': 'computers-software-mediumsmall/tanlaplatforms/TS11', 'columns': [{'name': 'change %', 'value': '-0.10'}, {'name': 'LTP', 'value': '564.00'}, {'name': 'Close Price value', 'value': '564.00'}, {'name': 'change absolute', 'value': '-0.55'}]}",OHLC_D_I_NR7BEARBO,NR 7 Breakdown,Seven Bar Pattern,18,Range Breakout,NR7 is a 7-bar narrow range pattern. NR7 bearish breakout pattern scanner shows the list of stocks forming bearish breakout pattern after 7-bar consolidation.,,,False,1,N,,OHLC_D_I_NR7BEARBO
1784718917,"{'stkname': 'Centum Electron', 'ltp': '', 'perChg': '', 'stkId': 'CMC01', 'displayLock': 'N', 'scanproflg': 1, 'scUrl': 'electricals/centumelectronics/CE10', 'columns': [{'name': 'change %', 'value': '-3.03'}, {'name': 'LTP', 'value': '3,600.00'}, {'name': 'Close Price value', 'value': '3,600.00'}, {'name': 'change absolute', 'value': '-112.50'}]}",OHLC_D_I_NR7BEARBO,NR 7 Breakdown,Seven Bar Pattern,18,Range Breakout,NR7 is a 7-bar narrow range pattern. NR7 bearish breakout pattern scanner shows the list of stocks forming bearish breakout pattern after 7-bar consolidation.,,,False,1,N,,OHLC_D_I_NR7BEARBO
1784718917,"{'stkname': 'Suzlon Energy', 'ltp': '', 'perChg': '', 'stkId': 'SE17', 'displayLock': 'N', 'scanproflg': 1, 'scUrl': 'power-generationdistribution/suzlonenergy/SE17', 'columns': [{'name': 'change %', 'value': '-0.51'}, {'name': 'LTP', 'value': '52.90'}, {'name': 'Close Price value', 'value': '52.90'}, {'name': 'change absolute', 'value': '-0.27'}]}",OHLC_D_I_NR7BEARBO,NR 7 Breakdown,Seven Bar Pattern,18,Range Breakout,NR7 is a 7-bar narrow range pattern. NR7 bearish breakout pattern scanner shows the list of stocks forming bearish breakout pattern after 7-bar consolidation.,,,False,1,N,,OHLC_D_I_NR7BEARBO
1784718917,"{'stkname': 'Ion Exchange', 'ltp': '', 'perChg': '', 'stkId': 'IEI', 'displayLock': 'N', 'scanproflg': 1, 'scUrl': 'engineering/ionexchangeindia/IEI', 'columns': [{'name': 'change %', 'value': '-2.67'}, {'name': 'LTP', 'value': '426.00'}, {'name': 'Close Price value', 'value': '426.00'}, {'name': 'change absolute', 'value': '-11.70'}]}",OHLC_D_I_NR7BEARBO,NR 7 Breakdown,Seven Bar Pattern,18,Range Breakout,NR7 is a 7-bar narrow range pattern. NR7 bearish breakout pattern scanner shows the list of stocks forming bearish breakout pattern after 7-bar consolidation.,,,False,1,N,,OHLC_D_I_NR7BEARBO
1784718917,"{'stkname': 'Salzer Electro', 'ltp': '', 'perChg': '', 'stkId': 'SE01', 'displayLock': 'N', 'scanproflg': 1, 'scUrl': 'electric-equipment/salzerelectronics/SE01', 'columns': [{'name': 'change %', 'value': '-1.53'}, {'name': 'LTP', 'value': '579.90'}, {'name': 'Close Price value', 'value': '579.90'}, {'name': 'change absolute', 'value': '-9.00'}]}",OHLC_D_I_NR7BEARBO,NR 7 Breakdown,Seven Bar Pattern,18,Range Breakout,NR7 is a 7-bar narrow range pattern. NR7 bearish breakout pattern scanner shows the list of stocks forming bearish breakout pattern after 7-bar consolidation.,,,False,1,N,,OHLC_D_I_NR7BEARBO
1784718917,"{'stkname': 'Stove Kraft', 'ltp': '', 'perChg': '', 'stkId': 'SK02', 'displayLock': 'N', 'scanproflg': 1, 'scUrl': 'domestic-appliances/stovekraft/SK03', 'columns': [{'name': 'change %', 'value': '-1.71'}, {'name': 'LTP', 'value': '763.45'}, {'name': 'Close Price value', 'value': '763.45'}, {'name': 'change absolute', 'value': '-13.30'}]}",OHLC_D_I_NR7BEARBO,NR 7 Breakdown,Seven Bar Pattern,18,Range Breakout,NR7 is a 7-bar narrow range pattern. NR7 bearish breakout pattern scanner shows the list of stocks forming bearish breakout pattern after 7-bar consolidation.,,,False,1,N,,OHLC_D_I_NR7BEARBO
1784718917,"{'stkname': 'EPack Durables', 'ltp': '', 'perChg': '', 'stkId': 'EDL', 'displayLock': 'N', 'scanproflg': 1, 'scUrl': 'electronic-goods/epackdurables/EDL', 'columns': [{'name': 'change %', 'value': '-1.74'}, {'name': 'LTP', 'value': '234.35'}, {'name': 'Close Price value', 'value': '234.35'}, {'name': 'change absolute', 'value': '-4.14'}]}",OHLC_D_I_NR7BEARBO,NR 7 Breakdown,Seven Bar Pattern,18,Range Breakout,NR7 is a 7-bar narrow range pattern. NR7 bearish breakout pattern scanner shows the list of stocks forming bearish breakout pattern after 7-bar consolidation.,,,False,1,N,,OHLC_D_I_NR7BEARBO
1784718917,"{'stkname': 'Welspun Enter', 'ltp': '', 'perChg': '', 'stkId': 'MSK', 'displayLock': 'N', 'scanproflg': 1, 'scUrl': 'constructioncontracting-civil/welspunenterprises/MSK', 'columns': [{'name': 'change %', 'value': '-2.54'}, {'name': 'LTP', 'value': '605.00'}, {'name': 'Close Price value', 'value': '605.00'}, {'name': 'change absolute', 'value': '-15.75'}]}",OHLC_D_I_NR7BEARBO,NR 7 Breakdown,Seven Bar Pattern,18,Range Breakout,NR7 is a 7-bar narrow range pattern. NR7 bearish breakout pattern scanner shows the list of stocks forming bearish breakout pattern after 7-bar consolidation.,,,False,1,N,,OHLC_D_I_NR7BEARBO
1784718917,"{'stkname': 'Mazagon Dock', 'ltp': '', 'perChg': '', 'stkId': 'MDS01', 'displayLock': 'N', 'scanproflg': 1, 'scUrl': 'ship-building/mazagondockshipbuilders/MDS01', 'columns': [{'name': 'change %', 'value': '-1.96'}, {'name': 'LTP', 'value': '2,308.00'}, {'name': 'Close Price value', 'value': '2,308.00'}, {'name': 'change absolute', 'value': '-46.10'}]}",OHLC_D_I_NR7BEARBO,NR 7 Breakdown,Seven Bar Pattern,18,Range Breakout,NR7 is a 7-bar narrow range pattern. NR7 bearish breakout pattern scanner shows the list of stocks forming bearish breakout pattern after 7-bar consolidation.,,,False,1,N,,OHLC_D_I_NR7BEARBO
1784718917,"{'stkname': 'PSP Projects', 'ltp': '', 'perChg': '', 'stkId': 'PP33', 'displayLock': 'N', 'scanproflg': 1, 'scUrl': 'constructioncontracting-real-estate/pspprojects/PP26', 'columns': [{'name': 'change %', 'value': '-1.99'}, {'name': 'LTP', 'value': '1,056.00'}, {'name': 'Close Price value', 'value': '1,056.00'}, {'name': 'change absolute', 'value': '-21.40'}]}",OHLC_D_I_NR7BEARBO,NR 7 Breakdown,Seven Bar Pattern,18,Range Breakout,NR7 is a 7-bar narrow range pattern. NR7 bearish breakout pattern scanner shows the list of stocks forming bearish breakout pattern after 7-bar consolidation.,,,False,1,N,,OHLC_D_I_NR7BEARBO
1784718917,"{'stkname': 'Radhika Jewel', 'ltp': '', 'perChg': '', 'stkId': 'RJI', 'displayLock': 'N', 'scanproflg': 1, 'scUrl': 'diamond-cuttingjewelleryprecious-metals/radhikajeweltech/RJI', 'columns': [{'name': 'change %', 'value': '-0.34'}, {'name': 'LTP', 'value': '65.13'}, {'name': 'Close Price value', 'value': '65.13'}, {'name': 'change absolute', 'value': '-0.22'}]}",OHLC_D_I_NR7BEARBO,NR 7 Breakdown,Seven Bar Pattern,18,Range Breakout,NR7 is a 7-bar narrow range pattern. NR7 bearish breakout pattern scanner shows the list of stocks forming bearish breakout pattern after 7-bar consolidation.,,,False,1,N,,OHLC_D_I_NR7BEARBO
1784718917,"{'stkname': 'NOCIL', 'ltp': '', 'perChg': '', 'stkId': 'NOC', 'displayLock': 'N', 'scanproflg': 1, 'scUrl': 'petrochemicals/nocil/NOC02', 'columns': [{'name': 'change %', 'value': '-1.58'}, {'name': 'LTP', 'value': '163.95'}, {'name': 'Close Price value', 'value': '163.95'}, {'name': 'change absolute', 'value': '-2.63'}]}",OHLC_D_I_NR7BEARBO,NR 7 Breakdown,Seven Bar Pattern,18,Range Breakout,NR7 is a 7-bar narrow range pattern. NR7 bearish breakout pattern scanner shows the list of stocks forming bearish breakout pattern after 7-bar consolidation.,,,False,1,N,,OHLC_D_I_NR7BEARBO
1784718917,"{'stkname': 'IFB Industries', 'ltp': '', 'perChg': '', 'stkId': 'IFB02', 'displayLock': 'N', 'scanproflg': 1, 'scUrl': 'consumer-goods-white-goods/ifbindustries/IFB02', 'columns': [{'name': 'change %', 'value': '-2.07'}, {'name': 'LTP', 'value': '1,327.00'}, {'name': 'Close Price value', 'value': '1,327.00'}, {'name': 'change absolute', 'value': '-28.00'}]}",OHLC_D_I_NR7BEARBO,NR 7 Breakdown,Seven Bar Pattern,18,Range Breakout,NR7 is a 7-bar narrow range pattern. NR7 bearish breakout pattern scanner shows the list of stocks forming bearish breakout pattern after 7-bar consolidation.,,,False,1,N,,OHLC_D_I_NR7BEARBO
1784718917,"{'stkname': 'Oberoi Realty', 'ltp': '', 'perChg': '', 'stkId': 'OR', 'displayLock': 'N', 'scanproflg': 1, 'scUrl': 'constructioncontracting-real-estate/oberoirealty/OR', 'columns': [{'name': 'change %', 'value': '-2.38'}, {'name': 'LTP', 'value': '1,840.00'}, {'name': 'Close Price value', 'value': '1,840.00'}, {'name': 'change absolute', 'value': '-44.80'}]}",OHLC_D_I_NR7BEARBO,NR 7 Breakdown,Seven Bar Pattern,18,Range Breakout,NR7 is a 7-bar narrow range pattern. NR7 bearish breakout pattern scanner shows the list of stocks forming bearish breakout pattern after 7-bar consolidation.,,,False,1,N,,OHLC_D_I_NR7BEARBO
1784718917,"{'stkname': 'TTK Prestige', 'ltp': '', 'perChg': '', 'stkId': 'TTK02', 'displayLock': 'N', 'scanproflg': 1, 'scUrl': 'domestic-appliances/ttkprestige/TTK02', 'columns': [{'name': 'change %', 'value': '-0.18'}, {'name': 'LTP', 'value': '655.00'}, {'name': 'Close Price value', 'value': '655.00'}, {'name': 'change absolute', 'value': '-1.15'}]}",OHLC_D_I_NR7BEARBO,NR 7 Breakdown,Seven Bar Pattern,18,Range Breakout,NR7 is a 7-bar narrow range pattern. NR7 bearish breakout pattern scanner shows the list of stocks forming bearish breakout pattern after 7-bar consolidation.,,,False,1,N,,OHLC_D_I_NR7BEARBO
1784718917,"{'stkname': 'ABB India', 'ltp': '', 'perChg': '', 'stkId': 'ABB', 'displayLock': 'N', 'scanproflg': 1, 'scUrl': 'infrastructure-general/abbindia/ABB', 'columns': [{'name': 'change %', 'value': '-0.13'}, {'name': 'LTP', 'value': '7,522.00'}, {'name': 'Close Price value', 'value': '7,522.00'}, {'name': 'change absolute', 'value': '-10.00'}]}",OHLC_D_I_NR7BEARBO,NR 7 Breakdown,Seven Bar Pattern,18,Range Breakout,NR7 is a 7-bar narrow range pattern. NR7 bearish breakout pattern scanner shows the list of stocks forming bearish breakout pattern after 7-bar consolidation.,,,False,1,N,,OHLC_D_I_NR7BEARBO
1784718917,"{'stkname': 'Bigbloc Constru', 'ltp': '', 'perChg': '', 'stkId': 'BC17', 'displayLock': 'N', 'scanproflg': 1, 'scUrl': 'construction-real-estate/bigblocconstruction/BC19', 'columns': [{'name': 'change %', 'value': '-0.28'}, {'name': 'LTP', 'value': '47.05'}, {'name': 'Close Price value', 'value': '47.05'}, {'name': 'change absolute', 'value': '-0.13'}]}",OHLC_D_I_NR7BEARBO,NR 7 Breakdown,Seven Bar Pattern,18,Range Breakout,NR7 is a 7-bar narrow range pattern. NR7 bearish breakout pattern scanner shows the list of stocks forming bearish breakout pattern after 7-bar consolidation.,,,False,1,N,,OHLC_D_I_NR7BEARBO
1784718917,"{'stkname': 'GOCL Corp', 'ltp': '', 'perChg': '', 'stkId': 'IDL', 'displayLock': 'N', 'scanproflg': 1, 'scUrl': 'chemicals/goclcorporation/GOC01', 'columns': [{'name': 'change %', 'value': '-1.20'}, {'name': 'LTP', 'value': '394.55'}, {'name': 'Close Price value', 'value': '394.55'}, {'name': 'change absolute', 'value': '-4.80'}]}",OHLC_D_I_NR7BEARBO,NR 7 Breakdown,Seven Bar Pattern,18,Range Breakout,NR7 is a 7-bar narrow range pattern. NR7 bearish breakout pattern scanner shows the list of stocks forming bearish breakout pattern after 7-bar consolidation.,,,False,1,N,,OHLC_D_I_NR7BEARBO
1784718917,"{'stkname': 'Privi Special', 'ltp': '', 'perChg': '', 'stkId': 'HKA', 'displayLock': 'N', 'scanproflg': 1, 'scUrl': 'chemicals/privispecialitychemicals/HKF', 'columns': [{'name': 'change %', 'value': '-0.17'}, {'name': 'LTP', 'value': '3,668.00'}, {'name': 'Close Price value', 'value': '3,668.00'}, {'name': 'change absolute', 'value': '-6.40'}]}",OHLC_D_I_NR7BEARBO,NR 7 Breakdown,Seven Bar Pattern,18,Range Breakout,NR7 is a 7-bar narrow range pattern. NR7 bearish breakout pattern scanner shows the list of stocks forming bearish breakout pattern after 7-bar consolidation.,,,False,1,N,,OHLC_D_I_NR7BEARBO
1784718917,"{'stkname': 'Vikas Ecotech', 'ltp': '', 'perChg': '', 'stkId': 'VL06', 'displayLock': 'N', 'scanproflg': 1, 'scUrl': 'chemicals/vikasecotech/VGO01', 'columns': [{'name': 'change %', 'value': '-1.77'}, {'name': 'LTP', 'value': '1.11'}, {'name': 'Close Price value', 'value': '1.11'}, {'name': 'change absolute', 'value': '-0.02'}]}",OHLC_D_I_NR7BEARBO,NR 7 Breakdown,Seven Bar Pattern,18,Range Breakout,NR7 is a 7-bar narrow range pattern. NR7 bearish breakout pattern scanner shows the list of stocks forming bearish breakout pattern after 7-bar consolidation.,,,False,1,N,,OHLC_D_I_NR7BEARBO
1784718917,"{'stkname': 'Diamines Chem', 'ltp': '', 'perChg': '', 'stkId': 'DC04', 'displayLock': 'N', 'scanproflg': 1, 'scUrl': 'petrochemicals/diamineschemicals/DC04', 'columns': [{'name': 'change %', 'value': '-1.93'}, {'name': 'LTP', 'value': '247.70'}, {'name': 'Close Price value', 'value': '247.70'}, {'name': 'change absolute', 'value': '-4.87'}]}",OHLC_D_I_NR7BEARBO,NR 7 Breakdown,Seven Bar Pattern,18,Range Breakout,NR7 is a 7-bar narrow range pattern. NR7 bearish breakout pattern scanner shows the list of stocks forming bearish breakout pattern after 7-bar consolidation.,,,False,1,N,,OHLC_D_I_NR7BEARBO
1784718917,"{'stkname': 'India Glycols', 'ltp': '', 'perChg': '', 'stkId': 'IG', 'displayLock': 'N', 'scanproflg': 1, 'scUrl': 'chemicals/indiaglycols/IG', 'columns': [{'name': 'change %', 'value': '-1.21'}, {'name': 'LTP', 'value': '1,140.00'}, {'name': 'Close Price value', 'value': '1,140.00'}, {'name': 'change absolute', 'value': '-13.95'}]}",OHLC_D_I_NR7BEARBO,NR 7 Breakdown,Seven Bar Pattern,18,Range Breakout,NR7 is a 7-bar narrow range pattern. NR7 bearish breakout pattern scanner shows the list of stocks forming bearish breakout pattern after 7-bar consolidation.,,,False,1,N,,OHLC_D_I_NR7BEARBO
1784718917,"{'stkname': 'Plastiblends', 'ltp': '', 'perChg': '', 'stkId': 'PI13', 'displayLock': 'N', 'scanproflg': 1, 'scUrl': 'plastics/plastiblendsindia/PI13', 'columns': [{'name': 'change %', 'value': '-0.73'}, {'name': 'LTP', 'value': '196.39'}, {'name': 'Close Price value', 'value': '196.39'}, {'name': 'change absolute', 'value': '-1.45'}]}",OHLC_D_I_NR7BEARBO,NR 7 Breakdown,Seven Bar Pattern,18,Range Breakout,NR7 is a 7-bar narrow range pattern. NR7 bearish breakout pattern scanner shows the list of stocks forming bearish breakout pattern after 7-bar consolidation.,,,False,1,N,,OHLC_D_I_NR7BEARBO
1784718917,"{'stkname': 'KEI Industries', 'ltp': '', 'perChg': '', 'stkId': 'KEI', 'displayLock': 'N', 'scanproflg': 1, 'scUrl': 'cables-powerothers/keiindustries/KEI', 'columns': [{'name': 'change %', 'value': '-0.09'}, {'name': 'LTP', 'value': '4,970.00'}, {'name': 'Close Price value', 'value': '4,970.00'}, {'name': 'change absolute', 'value': '-4.50'}]}",OHLC_D_I_NR7BEARBO,NR 7 Breakdown,Seven Bar Pattern,18,Range Breakout,NR7 is a 7-bar narrow range pattern. NR7 bearish breakout pattern scanner shows the list of stocks forming bearish breakout pattern after 7-bar consolidation.,,,False,1,N,,OHLC_D_I_NR7BEARBO
1784718917,"{'stkname': 'Anupam Rasayan', 'ltp': '', 'perChg': '', 'stkId': 'ARI02', 'displayLock': 'N', 'scanproflg': 1, 'scUrl': 'speciality-chemicals/anupamrasayanindia/ARI02', 'columns': [{'name': 'change %', 'value': '-1.30'}, {'name': 'LTP', 'value': '1,250.00'}, {'name': 'Close Price value', 'value': '1,250.00'}, {'name': 'change absolute', 'value': '-16.40'}]}",OHLC_D_I_NR7BEARBO,NR 7 Breakdown,Seven Bar Pattern,18,Range Breakout,NR7 is a 7-bar narrow range pattern. NR7 bearish breakout pattern scanner shows the list of stocks forming bearish breakout pattern after 7-bar consolidation.,,,False,1,N,,OHLC_D_I_NR7BEARBO
1784718917,"{'stkname': 'Aarti Ind', 'ltp': '', 'perChg': '', 'stkId': 'AI', 'displayLock': 'N', 'scanproflg': 1, 'scUrl': 'chemicals/aartiindustries/AI45', 'columns': [{'name': 'change %', 'value': '-1.18'}, {'name': 'LTP', 'value': '493.60'}, {'name': 'Close Price value', 'value': '493.60'}, {'name': 'change absolute', 'value': '-5.90'}]}",OHLC_D_I_NR7BEARBO,NR 7 Breakdown,Seven Bar Pattern,18,Range Breakout,NR7 is a 7-bar narrow range pattern. NR7 bearish breakout pattern scanner shows the list of stocks forming bearish breakout pattern after 7-bar consolidation.,,,False,1,N,,OHLC_D_I_NR7BEARBO
1784718917,"{'stkname': 'Ahluwalia', 'ltp': '', 'perChg': '', 'stkId': 'ACI12', 'displayLock': 'N', 'scanproflg': 1, 'scUrl': 'constructioncontracting-civil/ahluwaliacontractsindia/ACI12', 'columns': [{'name': 'change %', 'value': '-2.46'}, {'name': 'LTP', 'value': '824.00'}, {'name': 'Close Price value', 'value': '824.00'}, {'name': 'change absolute', 'value': '-20.80'}]}",OHLC_D_I_NR7BEARBO,NR 7 Breakdown,Seven Bar Pattern,18,Range Breakout,NR7 is a 7-bar narrow range pattern. NR7 bearish breakout pattern scanner shows the list of stocks forming bearish breakout pattern after 7-bar consolidation.,,,False,1,N,,OHLC_D_I_NR7BEARBO
1784718917,"{'stkname': 'Keystone Real', 'ltp': '', 'perChg': '', 'stkId': 'KR06', 'displayLock': 'N', 'scanproflg': 1, 'scUrl': 'construction-residentialcommercial-complexes/keystonerealtors/KR05', 'columns': [{'name': 'change %', 'value': '-1.44'}, {'name': 'LTP', 'value': '404.85'}, {'name': 'Close Price value', 'value': '404.85'}, {'name': 'change absolute', 'value': '-5.90'}]}",OHLC_D_I_NR7BEARBO,NR 7 Breakdown,Seven Bar Pattern,18,Range Breakout,NR7 is a 7-bar narrow range pattern. NR7 bearish breakout pattern scanner shows the list of stocks forming bearish breakout pattern after 7-bar consolidation.,,,False,1,N,,OHLC_D_I_NR7BEARBO
1784718917,"{'stkname': 'Camlin Fine', 'ltp': '', 'perChg': '', 'stkId': 'CFC03', 'displayLock': 'N', 'scanproflg': 1, 'scUrl': 'chemicals/camlinfinesciences/CFC03', 'columns': [{'name': 'change %', 'value': '-2.07'}, {'name': 'LTP', 'value': '121.32'}, {'name': 'Close Price value', 'value': '121.32'}, {'name': 'change absolute', 'value': '-2.57'}]}",OHLC_D_I_NR7BEARBO,NR 7 Breakdown,Seven Bar Pattern,18,Range Breakout,NR7 is a 7-bar narrow range pattern. NR7 bearish breakout pattern scanner shows the list of stocks forming bearish breakout pattern after 7-bar consolidation.,,,False,1,N,,OHLC_D_I_NR7BEARBO
1784718917,"{'stkname': 'Sanghvi Movers', 'ltp': '', 'perChg': '', 'stkId': 'SM10', 'displayLock': 'N', 'scanproflg': 1, 'scUrl': 'construction-infrastructure/sanghvimovers/SM10', 'columns': [{'name': 'change %', 'value': '-1.56'}, {'name': 'LTP', 'value': '434.00'}, {'name': 'Close Price value', 'value': '434.00'}, {'name': 'change absolute', 'value': '-6.90'}]}",OHLC_D_I_NR7BEARBO,NR 7 Breakdown,Seven Bar Pattern,18,Range Breakout,NR7 is a 7-bar narrow range pattern. NR7 bearish breakout pattern scanner shows the list of stocks forming bearish breakout pattern after 7-bar consolidation.,,,False,1,N,,OHLC_D_I_NR7BEARBO
1784718917,"{'stkname': 'ACC', 'ltp': '', 'perChg': '', 'stkId': 'ACC', 'displayLock': 'N', 'scanproflg': 1, 'scUrl': 'cement-major/acc/ACC06', 'columns': [{'name': 'change %', 'value': '-2.10'}, {'name': 'LTP', 'value': '1,358.60'}, {'name': 'Close Price value', 'value': '1,358.60'}, {'name': 'change absolute', 'value': '-29.20'}]}",OHLC_D_I_NR7BEARBO,NR 7 Breakdown,Seven Bar Pattern,18,Range Breakout,NR7 is a 7-bar narrow range pattern. NR7 bearish breakout pattern scanner shows the list of stocks forming bearish breakout pattern after 7-bar consolidation.,,,False,1,N,,OHLC_D_I_NR7BEARBO
1784718917,"{'stkname': 'Precision Camsh', 'ltp': '', 'perChg': '', 'stkId': 'PC24', 'displayLock': 'N', 'scanproflg': 1, 'scUrl': 'auto-ancillaries/precisioncamshafts/PC16', 'columns': [{'name': 'change %', 'value': '-1.37'}, {'name': 'LTP', 'value': '140.10'}, {'name': 'Close Price value', 'value': '140.10'}, {'name': 'change absolute', 'value': '-1.95'}]}",OHLC_D_I_NR7BEARBO,NR 7 Breakdown,Seven Bar Pattern,18,Range Breakout,NR7 is a 7-bar narrow range pattern. NR7 bearish breakout pattern scanner shows the list of stocks forming bearish breakout pattern after 7-bar consolidation.,,,False,1,N,,OHLC_D_I_NR7BEARBO
1784718917,"{'stkname': 'Pokarna', 'ltp': '', 'perChg': '', 'stkId': 'PL06', 'displayLock': 'N', 'scanproflg': 1, 'scUrl': 'ceramicsgranite/pokarna/PL06', 'columns': [{'name': 'change %', 'value': '-4.21'}, {'name': 'LTP', 'value': '940.70'}, {'name': 'Close Price value', 'value': '940.70'}, {'name': 'change absolute', 'value': '-41.30'}]}",OHLC_D_I_NR7BEARBO,NR 7 Breakdown,Seven Bar Pattern,18,Range Breakout,NR7 is a 7-bar narrow range pattern. NR7 bearish breakout pattern scanner shows the list of stocks forming bearish breakout pattern after 7-bar consolidation.,,,False,1,N,,OHLC_D_I_NR7BEARBO
1784718917,"{'stkname': 'Deccan Cements', 'ltp': '', 'perChg': '', 'stkId': 'DC', 'displayLock': 'N', 'scanproflg': 1, 'scUrl': 'cement-mini/deccancements/DC', 'columns': [{'name': 'change %', 'value': '-1.67'}, {'name': 'LTP', 'value': '564.50'}, {'name': 'Close Price value', 'value': '564.50'}, {'name': 'change absolute', 'value': '-9.60'}]}",OHLC_D_I_NR7BEARBO,NR 7 Breakdown,Seven Bar Pattern,18,Range Breakout,NR7 is a 7-bar narrow range pattern. NR7 bearish breakout pattern scanner shows the list of stocks forming bearish breakout pattern after 7-bar consolidation.,,,False,1,N,,OHLC_D_I_NR7BEARBO
1784718917,"{'stkname': 'Suprajit Eng', 'ltp': '', 'perChg': '', 'stkId': 'SE15', 'displayLock': 'N', 'scanproflg': 1, 'scUrl': 'auto-ancillaries/suprajitengineering/SE15', 'columns': [{'name': 'change %', 'value': '-0.59'}, {'name': 'LTP', 'value': '486.00'}, {'name': 'Close Price value', 'value': '486.00'}, {'name': 'change absolute', 'value': '-2.90'}]}",OHLC_D_I_NR7BEARBO,NR 7 Breakdown,Seven Bar Pattern,18,Range Breakout,NR7 is a 7-bar narrow range pattern. NR7 bearish breakout pattern scanner shows the list of stocks forming bearish breakout pattern after 7-bar consolidation.,,,False,1,N,,OHLC_D_I_NR7BEARBO
1784718917,"{'stkname': 'Munjal Showa', 'ltp': '', 'perChg': '', 'stkId': 'MS', 'displayLock': 'N', 'scanproflg': 1, 'scUrl': 'auto-ancillaries/munjalshowa/MS', 'columns': [{'name': 'change %', 'value': '-0.45'}, {'name': 'LTP', 'value': '136.15'}, {'name': 'Close Price value', 'value': '136.15'}, {'name': 'change absolute', 'value': '-0.62'}]}",OHLC_D_I_NR7BEARBO,NR 7 Breakdown,Seven Bar Pattern,18,Range Breakout,NR7 is a 7-bar narrow range pattern. NR7 bearish breakout pattern scanner shows the list of stocks forming bearish breakout pattern after 7-bar consolidation.,,,False,1,N,,OHLC_D_I_NR7BEARBO
1784718917,"{'stkname': 'Plaza Wires', 'ltp': '', 'perChg': '', 'stkId': 'PWL', 'displayLock': 'N', 'scanproflg': 1, 'scUrl': 'cables/plazawires/PWL', 'columns': [{'name': 'change %', 'value': '-0.66'}, {'name': 'LTP', 'value': '42.42'}, {'name': 'Close Price value', 'value': '42.42'}, {'name': 'change absolute', 'value': '-0.28'}]}",OHLC_D_I_NR7BEARBO,NR 7 Breakdown,Seven Bar Pattern,18,Range Breakout,NR7 is a 7-bar narrow range pattern. NR7 bearish breakout pattern scanner shows the list of stocks forming bearish breakout pattern after 7-bar consolidation.,,,False,1,N,,OHLC_D_I_NR7BEARBO
1784718917,"{'stkname': 'Yatra Online', 'ltp': '', 'perChg': '', 'stkId': 'YO', 'displayLock': 'N', 'scanproflg': 1, 'scUrl': 'travel-services/yatraonline/YO', 'columns': [{'name': 'change %', 'value': '-1.96'}, {'name': 'LTP', 'value': '105.80'}, {'name': 'Close Price value', 'value': '105.80'}, {'name': 'change absolute', 'value': '-2.12'}]}",OHLC_D_I_NR7BEARBO,NR 7 Breakdown,Seven Bar Pattern,18,Range Breakout,NR7 is a 7-bar narrow range pattern. NR7 bearish breakout pattern scanner shows the list of stocks forming bearish breakout pattern after 7-bar consolidation.,,,False,1,N,,OHLC_D_I_NR7BEARBO
1784718917,"{'stkname': 'Ndr Auto Compon', 'ltp': '', 'perChg': '', 'stkId': 'NAC02', 'displayLock': 'N', 'scanproflg': 1, 'scUrl': 'auto-ancillaries/ndrautocomponents/NAC02', 'columns': [{'name': 'change %', 'value': '-0.70'}, {'name': 'LTP', 'value': '813.40'}, {'name': 'Close Price value', 'value': '813.40'}, {'name': 'change absolute', 'value': '-5.70'}]}",OHLC_D_I_NR7BEARBO,NR 7 Breakdown,Seven Bar Pattern,18,Range Breakout,NR7 is a 7-bar narrow range pattern. NR7 bearish breakout pattern scanner shows the list of stocks forming bearish breakout pattern after 7-bar consolidation.,,,False,1,N,,OHLC_D_I_NR7BEARBO
1784718917,"{'stkname': 'Federal-Mogul', 'ltp': '', 'perChg': '', 'stkId': 'GI09', 'displayLock': 'N', 'scanproflg': 1, 'scUrl': 'auto-ancillaries/federal-mogulgoetze/FMG', 'columns': [{'name': 'change %', 'value': '-1.82'}, {'name': 'LTP', 'value': '476.70'}, {'name': 'Close Price value', 'value': '476.70'}, {'name': 'change absolute', 'value': '-8.85'}]}",OHLC_D_I_NR7BEARBO,NR 7 Breakdown,Seven Bar Pattern,18,Range Breakout,NR7 is a 7-bar narrow range pattern. NR7 bearish breakout pattern scanner shows the list of stocks forming bearish breakout pattern after 7-bar consolidation.,,,False,1,N,,OHLC_D_I_NR7BEARBO
1784718917,"{'stkname': 'Ramcoind', 'ltp': '', 'perChg': '', 'stkId': 'RI26', 'displayLock': 'N', 'scanproflg': 1, 'scUrl': 'cement-productsbuilding-materials/ramcoindustries/RI26', 'columns': [{'name': 'change %', 'value': '-2.68'}, {'name': 'LTP', 'value': '339.95'}, {'name': 'Close Price value', 'value': '339.95'}, {'name': 'change absolute', 'value': '-9.35'}]}",OHLC_D_I_NR7BEARBO,NR 7 Breakdown,Seven Bar Pattern,18,Range Breakout,NR7 is a 7-bar narrow range pattern. NR7 bearish breakout pattern scanner shows the list of stocks forming bearish breakout pattern after 7-bar consolidation.,,,False,1,N,,OHLC_D_I_NR7BEARBO
1784718917,"{'stkname': 'Visaka Ind', 'ltp': '', 'perChg': '', 'stkId': 'VI11', 'displayLock': 'N', 'scanproflg': 1, 'scUrl': 'cement-productsbuilding-materials/visakaindustries/VI11', 'columns': [{'name': 'change %', 'value': '-0.17'}, {'name': 'LTP', 'value': '81.00'}, {'name': 'Close Price value', 'value': '81.00'}, {'name': 'change absolute', 'value': '-0.14'}]}",OHLC_D_I_NR7BEARBO,NR 7 Breakdown,Seven Bar Pattern,18,Range Breakout,NR7 is a 7-bar narrow range pattern. NR7 bearish breakout pattern scanner shows the list of stocks forming bearish breakout pattern after 7-bar consolidation.,,,False,1,N,,OHLC_D_I_NR7BEARBO
1784718917,"{'stkname': 'JTEKT India ', 'ltp': '', 'perChg': '', 'stkId': 'SSS', 'displayLock': 'N', 'scanproflg': 1, 'scUrl': 'auto-ancillaries/jtektindia/SKS04', 'columns': [{'name': 'change %', 'value': '-1.44'}, {'name': 'LTP', 'value': '131.89'}, {'name': 'Close Price value', 'value': '131.89'}, {'name': 'change absolute', 'value': '-1.93'}]}",OHLC_D_I_NR7BEARBO,NR 7 Breakdown,Seven Bar Pattern,18,Range Breakout,NR7 is a 7-bar narrow range pattern. NR7 bearish breakout pattern scanner shows the list of stocks forming bearish breakout pattern after 7-bar consolidation.,,,False,1,N,,OHLC_D_I_NR7BEARBO
1784718917,"{'stkname': 'Apex Frozen', 'ltp': '', 'perChg': '', 'stkId': 'AFF', 'displayLock': 'N', 'scanproflg': 1, 'scUrl': 'food-processing/apexfrozenfoods/AFF', 'columns': [{'name': 'change %', 'value': '-2.39'}, {'name': 'LTP', 'value': '392.60'}, {'name': 'Close Price value', 'value': '392.60'}, {'name': 'change absolute', 'value': '-9.60'}]}",OHLC_D_I_NR7BEARBO,NR 7 Breakdown,Seven Bar Pattern,18,Range Breakout,NR7 is a 7-bar narrow range pattern. NR7 bearish breakout pattern scanner shows the list of stocks forming bearish breakout pattern after 7-bar consolidation.,,,False,1,N,,OHLC_D_I_NR7BEARBO
1784718917,"{'stkname': 'PPAP Automotive', 'ltp': '', 'perChg': '', 'stkId': 'PPP03', 'displayLock': 'N', 'scanproflg': 1, 'scUrl': 'auto-ancillaries/ppapautomotive/PPP03', 'columns': [{'name': 'change %', 'value': '-2.08'}, {'name': 'LTP', 'value': '296.60'}, {'name': 'Close Price value', 'value': '296.60'}, {'name': 'change absolute', 'value': '-6.31'}]}",OHLC_D_I_NR7BEARBO,NR 7 Breakdown,Seven Bar Pattern,18,Range Breakout,NR7 is a 7-bar narrow range pattern. NR7 bearish breakout pattern scanner shows the list of stocks forming bearish breakout pattern after 7-bar consolidation.,,,False,1,N,,OHLC_D_I_NR7BEARBO
1784718917,"{'stkname': 'NCL Industries', 'ltp': '', 'perChg': '', 'stkId': 'NCL', 'displayLock': 'N', 'scanproflg': 1, 'scUrl': 'cement-mini/nclindustries/NCL', 'columns': [{'name': 'change %', 'value': '-2.07'}, {'name': 'LTP', 'value': '184.05'}, {'name': 'Close Price value', 'value': '184.05'}, {'name': 'change absolute', 'value': '-3.89'}]}",OHLC_D_I_NR7BEARBO,NR 7 Breakdown,Seven Bar Pattern,18,Range Breakout,NR7 is a 7-bar narrow range pattern. NR7 bearish breakout pattern scanner shows the list of stocks forming bearish breakout pattern after 7-bar consolidation.,,,False,1,N,,OHLC_D_I_NR7BEARBO
1784718917,"{'stkname': 'Newgen Software', 'ltp': '', 'perChg': '', 'stkId': 'NST01', 'displayLock': 'N', 'scanproflg': 1, 'scUrl': 'computers-software/newgensoftwaretechnologies/NST01', 'columns': [{'name': 'change %', 'value': '-2.17'}, {'name': 'LTP', 'value': '534.45'}, {'name': 'Close Price value', 'value': '534.45'}, {'name': 'change absolute', 'value': '-11.85'}]}",OHLC_D_I_NR7BEARBO,NR 7 Breakdown,Seven Bar Pattern,18,Range Breakout,NR7 is a 7-bar narrow range pattern. NR7 bearish breakout pattern scanner shows the list of stocks forming bearish breakout pattern after 7-bar consolidation.,,,False,1,N,,OHLC_D_I_NR7BEARBO
1784718917,"{'stkname': 'Sandhar Technol', 'ltp': '', 'perChg': '', 'stkId': 'STL05', 'displayLock': 'N', 'scanproflg': 1, 'scUrl': 'auto-ancillaries/sandhartechnologies/STl06', 'columns': [{'name': 'change %', 'value': '-1.74'}, {'name': 'LTP', 'value': '599.95'}, {'name': 'Close Price value', 'value': '599.95'}, {'name': 'change absolute', 'value': '-10.65'}]}",OHLC_D_I_NR7BEARBO,NR 7 Breakdown,Seven Bar Pattern,18,Range Breakout,NR7 is a 7-bar narrow range pattern. NR7 bearish breakout pattern scanner shows the list of stocks forming bearish breakout pattern after 7-bar consolidation.,,,False,1,N,,OHLC_D_I_NR7BEARBO
1784718917,"{'stkname': 'Dhanlaxmi Bank', 'ltp': '', 'perChg': '', 'stkId': 'DB01', 'displayLock': 'N', 'scanproflg': 1, 'scUrl': 'banks-private-sector/dhanlaxmibank/DB01', 'columns': [{'name': 'change %', 'value': '-0.96'}, {'name': 'LTP', 'value': '33.92'}, {'name': 'Close Price value', 'value': '33.92'}, {'name': 'change absolute', 'value': '-0.33'}]}",OHLC_D_I_NR7BEARBO,NR 7 Breakdown,Seven Bar Pattern,18,Range Breakout,NR7 is a 7-bar narrow range pattern. NR7 bearish breakout pattern scanner shows the list of stocks forming bearish breakout pattern after 7-bar consolidation.,,,False,1,N,,OHLC_D_I_NR7BEARBO
1784718917,"{'stkname': 'Landmark Cars', 'ltp': '', 'perChg': '', 'stkId': 'LC08', 'displayLock': 'N', 'scanproflg': 1, 'scUrl': 'trading/landmarkcars/LC07', 'columns': [{'name': 'change %', 'value': '-2.97'}, {'name': 'LTP', 'value': '516.40'}, {'name': 'Close Price value', 'value': '516.40'}, {'name': 'change absolute', 'value': '-15.80'}]}",OHLC_D_I_NR7BEARBO,NR 7 Breakdown,Seven Bar Pattern,18,Range Breakout,NR7 is a 7-bar narrow range pattern. NR7 bearish breakout pattern scanner shows the list of stocks forming bearish breakout pattern after 7-bar consolidation.,,,False,1,N,,OHLC_D_I_NR7BEARBO
1784718917,"{'stkname': 'HBL Eng', 'ltp': '', 'perChg': '', 'stkId': 'SNP', 'displayLock': 'N', 'scanproflg': 1, 'scUrl': 'electric-equipment/hblengineering/HBL02', 'columns': [{'name': 'change %', 'value': '-2.17'}, {'name': 'LTP', 'value': '713.20'}, {'name': 'Close Price value', 'value': '713.20'}, {'name': 'change absolute', 'value': '-15.85'}]}",OHLC_D_I_NR7BEARBO,NR 7 Breakdown,Seven Bar Pattern,18,Range Breakout,NR7 is a 7-bar narrow range pattern. NR7 bearish breakout pattern scanner shows the list of stocks forming bearish breakout pattern after 7-bar consolidation.,,,False,1,N,,OHLC_D_I_NR7BEARBO
1784718917,"{'stkname': 'Cochin Shipyard', 'ltp': '', 'perChg': '', 'stkId': 'CS17', 'displayLock': 'N', 'scanproflg': 1, 'scUrl': 'ship-building/cochinshipyard/CS', 'columns': [{'name': 'change %', 'value': '-2.59'}, {'name': 'LTP', 'value': '1,368.90'}, {'name': 'Close Price value', 'value': '1,368.90'}, {'name': 'change absolute', 'value': '-36.40'}]}",OHLC_D_I_NR7BEARBO,NR 7 Breakdown,Seven Bar Pattern,18,Range Breakout,NR7 is a 7-bar narrow range pattern. NR7 bearish breakout pattern scanner shows the list of stocks forming bearish breakout pattern after 7-bar consolidation.,,,False,1,N,,OHLC_D_I_NR7BEARBO
1784718917,"{'stkname': 'Everest Ind', 'ltp': '', 'perChg': '', 'stkId': 'EE02', 'displayLock': 'N', 'scanproflg': 1, 'scUrl': 'cement-productsbuilding-materials/everestindustries/EI19', 'columns': [{'name': 'change %', 'value': '-1.36'}, {'name': 'LTP', 'value': '483.00'}, {'name': 'Close Price value', 'value': '483.00'}, {'name': 'change absolute', 'value': '-6.65'}]}",OHLC_D_I_NR7BEARBO,NR 7 Breakdown,Seven Bar Pattern,18,Range Breakout,NR7 is a 7-bar narrow range pattern. NR7 bearish breakout pattern scanner shows the list of stocks forming bearish breakout pattern after 7-bar consolidation.,,,False,1,N,,OHLC_D_I_NR7BEARBO
1784718917,"{'stkname': 'V-Mart Retail', 'ltp': '', 'perChg': '', 'stkId': 'VR03', 'displayLock': 'N', 'scanproflg': 1, 'scUrl': 'retail/v-martretail/VR03', 'columns': [{'name': 'change %', 'value': '-1.18'}, {'name': 'LTP', 'value': '765.10'}, {'name': 'Close Price value', 'value': '765.10'}, {'name': 'change absolute', 'value': '-9.10'}]}",OHLC_D_I_NR7BEARBO,NR 7 Breakdown,Seven Bar Pattern,18,Range Breakout,NR7 is a 7-bar narrow range pattern. NR7 bearish breakout pattern scanner shows the list of stocks forming bearish breakout pattern after 7-bar consolidation.,,,False,1,N,,OHLC_D_I_NR7BEARBO
1784718917,"{'stkname': 'Va Tech Wabag', 'ltp': '', 'perChg': '', 'stkId': 'VTW', 'displayLock': 'N', 'scanproflg': 1, 'scUrl': 'infrastructure/vatechwabag/VTW', 'columns': [{'name': 'change %', 'value': '-1.16'}, {'name': 'LTP', 'value': '2,075.90'}, {'name': 'Close Price value', 'value': '2,075.90'}, {'name': 'change absolute', 'value': '-24.30'}]}",OHLC_D_I_NR7BEARBO,NR 7 Breakdown,Seven Bar Pattern,18,Range Breakout,NR7 is a 7-bar narrow range pattern. NR7 bearish breakout pattern scanner shows the list of stocks forming bearish breakout pattern after 7-bar consolidation.,,,False,1,N,,OHLC_D_I_NR7BEARBO
1784718917,"{'stkname': 'Ceat', 'ltp': '', 'perChg': '', 'stkId': 'C07', 'displayLock': 'N', 'scanproflg': 1, 'scUrl': 'tyres/ceat/C07', 'columns': [{'name': 'change %', 'value': '-1.79'}, {'name': 'LTP', 'value': '3,347.00'}, {'name': 'Close Price value', 'value': '3,347.00'}, {'name': 'change absolute', 'value': '-61.00'}]}",OHLC_D_I_NR7BEARBO,NR 7 Breakdown,Seven Bar Pattern,18,Range Breakout,NR7 is a 7-bar narrow range pattern. NR7 bearish breakout pattern scanner shows the list of stocks forming bearish breakout pattern after 7-bar consolidation.,,,False,1,N,,OHLC_D_I_NR7BEARBO
1784718917,"{'stkname': 'Kotyark Ind', 'ltp': '', 'perChg': '', 'stkId': 'KI25', 'displayLock': 'N', 'scanproflg': 1, 'scUrl': 'renewables/kotyarkindustries/KI10', 'columns': [{'name': 'change %', 'value': '-2.84'}, {'name': 'LTP', 'value': '33.50'}, {'name': 'Close Price value', 'value': '33.50'}, {'name': 'change absolute', 'value': '-0.98'}]}",OHLC_D_I_NR7BEARBO,NR 7 Breakdown,Seven Bar Pattern,18,Range Breakout,NR7 is a 7-bar narrow range pattern. NR7 bearish breakout pattern scanner shows the list of stocks forming bearish breakout pattern after 7-bar consolidation.,,,False,1,N,,OHLC_D_I_NR7BEARBO
1784718917,"{'stkname': 'SUMITOMO', 'ltp': '', 'perChg': '', 'stkId': 'SUMIC54292', 'displayLock': 'N', 'scanproflg': 1, 'scUrl': 'pesticidesagrochemicals/sumitomochemicalindialimite/SUMIC54292', 'columns': [{'name': 'change %', 'value': '-1.68'}, {'name': 'LTP', 'value': '531.30'}, {'name': 'Close Price value', 'value': '531.30'}, {'name': 'change absolute', 'value': '-9.10'}]}",OHLC_D_I_NR7BEARBO,NR 7 Breakdown,Seven Bar Pattern,18,Range Breakout,NR7 is a 7-bar narrow range pattern. NR7 bearish breakout pattern scanner shows the list of stocks forming bearish breakout pattern after 7-bar consolidation.,,,False,1,N,,OHLC_D_I_NR7BEARBO
1784718917,"{'stkname': 'Automotive Axle', 'ltp': '', 'perChg': '', 'stkId': 'AA06', 'displayLock': 'N', 'scanproflg': 1, 'scUrl': 'auto-ancillaries/automotiveaxles/AA06', 'columns': [{'name': 'change %', 'value': '-1.07'}, {'name': 'LTP', 'value': '1,815.10'}, {'name': 'Close Price value', 'value': '1,815.10'}, {'name': 'change absolute', 'value': '-19.60'}]}",OHLC_D_I_NR7BEARBO,NR 7 Breakdown,Seven Bar Pattern,18,Range Breakout,NR7 is a 7-bar narrow range pattern. NR7 bearish breakout pattern scanner shows the list of stocks forming bearish breakout pattern after 7-bar consolidation.,,,False,1,N,,OHLC_D_I_NR7BEARBO
1784718917,"{'stkname': 'Hind Composites', 'ltp': '', 'perChg': '', 'stkId': 'HC06', 'displayLock': 'N', 'scanproflg': 1, 'scUrl': 'auto-ancillaries/hindustancomposites/HC06', 'columns': [{'name': 'change %', 'value': '-2.19'}, {'name': 'LTP', 'value': '430.00'}, {'name': 'Close Price value', 'value': '430.00'}, {'name': 'change absolute', 'value': '-9.65'}]}",OHLC_D_I_NR7BEARBO,NR 7 Breakdown,Seven Bar Pattern,18,Range Breakout,NR7 is a 7-bar narrow range pattern. NR7 bearish breakout pattern scanner shows the list of stocks forming bearish breakout pattern after 7-bar consolidation.,,,False,1,N,,OHLC_D_I_NR7BEARBO
1784718917,"{'stkname': 'DLF', 'ltp': '', 'perChg': '', 'stkId': 'D04', 'displayLock': 'N', 'scanproflg': 1, 'scUrl': 'constructioncontracting-real-estate/dlf/D04', 'columns': [{'name': 'change %', 'value': '-3.14'}, {'name': 'LTP', 'value': '652.50'}, {'name': 'Close Price value', 'value': '652.50'}, {'name': 'change absolute', 'value': '-21.15'}]}",OHLC_D_I_NR7BEARBO,NR 7 Breakdown,Seven Bar Pattern,18,Range Breakout,NR7 is a 7-bar narrow range pattern. NR7 bearish breakout pattern scanner shows the list of stocks forming bearish breakout pattern after 7-bar consolidation.,,,False,1,N,,OHLC_D_I_NR7BEARBO
1784718917,"{'stkname': 'Oracle Fin Serv', 'ltp': '', 'perChg': '', 'stkId': 'S11', 'displayLock': 'N', 'scanproflg': 1, 'scUrl': 'computers-software/oraclefinancialservicessoftware/OFS01', 'columns': [{'name': 'change %', 'value': '-7.35'}, {'name': 'LTP', 'value': '10,777.00'}, {'name': 'Close Price value', 'value': '10,777.00'}, {'name': 'change absolute', 'value': '-855.00'}]}",OHLC_D_I_NR7BEARBO,NR 7 Breakdown,Seven Bar Pattern,18,Range Breakout,NR7 is a 7-bar narrow range pattern. NR7 bearish breakout pattern scanner shows the list of stocks forming bearish breakout pattern after 7-bar consolidation.,,,False,1,N,,OHLC_D_I_NR7BEARBO
1784718917,"{'stkname': 'Mahindra Holida', 'ltp': '', 'perChg': '', 'stkId': 'MHR', 'displayLock': 'N', 'scanproflg': 1, 'scUrl': 'hotels/mahindraholidaysresortsindia/MHR', 'columns': [{'name': 'change %', 'value': '-6.48'}, {'name': 'LTP', 'value': '213.20'}, {'name': 'Close Price value', 'value': '213.20'}, {'name': 'change absolute', 'value': '-14.77'}]}",OHLC_D_I_NR7BEARBO,NR 7 Breakdown,Seven Bar Pattern,18,Range Breakout,NR7 is a 7-bar narrow range pattern. NR7 bearish breakout pattern scanner shows the list of stocks forming bearish breakout pattern after 7-bar consolidation.,,,False,1,N,,OHLC_D_I_NR7BEARBO
1784718917,"{'stkname': 'KRBL', 'ltp': '', 'perChg': '', 'stkId': 'KRB', 'displayLock': 'N', 'scanproflg': 1, 'scUrl': 'food-processing/krbl/KRB01', 'columns': [{'name': 'change %', 'value': '-0.45'}, {'name': 'LTP', 'value': '353.45'}, {'name': 'Close Price value', 'value': '353.45'}, {'name': 'change absolute', 'value': '-1.60'}]}",OHLC_D_I_NR7BEARBO,NR 7 Breakdown,Seven Bar Pattern,18,Range Breakout,NR7 is a 7-bar narrow range pattern. NR7 bearish breakout pattern scanner shows the list of stocks forming bearish breakout pattern after 7-bar consolidation.,,,False,1,N,,OHLC_D_I_NR7BEARBO
1784718917,"{'stkname': 'PG Electroplast', 'ltp': '', 'perChg': '', 'stkId': 'PE06', 'displayLock': 'N', 'scanproflg': 1, 'scUrl': 'consumer-goods-electronic/pgelectroplast/PE06', 'columns': [{'name': 'change %', 'value': '-5.76'}, {'name': 'LTP', 'value': '575.00'}, {'name': 'Close Price value', 'value': '575.00'}, {'name': 'change absolute', 'value': '-35.15'}]}",OHLC_D_I_NR7BEARBO,NR 7 Breakdown,Seven Bar Pattern,18,Range Breakout,NR7 is a 7-bar narrow range pattern. NR7 bearish breakout pattern scanner shows the list of stocks forming bearish breakout pattern after 7-bar consolidation.,,,False,1,N,,OHLC_D_I_NR7BEARBO
1784718917,"{'stkname': 'TSF Investments', 'ltp': '', 'perChg': '', 'stkId': 'SFH', 'displayLock': 'N', 'scanproflg': 1, 'scUrl': 'finance-general/tsfinvestments/SFH', 'columns': [{'name': 'change %', 'value': '-4.29'}, {'name': 'LTP', 'value': '448.90'}, {'name': 'Close Price value', 'value': '448.90'}, {'name': 'change absolute', 'value': '-20.10'}]}",OHLC_D_I_NR7BEARBO,NR 7 Breakdown,Seven Bar Pattern,18,Range Breakout,NR7 is a 7-bar narrow range pattern. NR7 bearish breakout pattern scanner shows the list of stocks forming bearish breakout pattern after 7-bar consolidation.,,,False,1,N,,OHLC_D_I_NR7BEARBO
1784718917,"{'stkname': 'KSolves', 'ltp': '', 'perChg': '', 'stkId': 'KI23', 'displayLock': 'N', 'scanproflg': 1, 'scUrl': 'software/ksolvesindia/KI09', 'columns': [{'name': 'change %', 'value': '-2.26'}, {'name': 'LTP', 'value': '284.85'}, {'name': 'Close Price value', 'value': '284.85'}, {'name': 'change absolute', 'value': '-6.60'}]}",OHLC_D_I_NR7BEARBO,NR 7 Breakdown,Seven Bar Pattern,18,Range Breakout,NR7 is a 7-bar narrow range pattern. NR7 bearish breakout pattern scanner shows the list of stocks forming bearish breakout pattern after 7-bar consolidation.,,,False,1,N,,OHLC_D_I_NR7BEARBO
1784718917,"{'stkname': 'Skipper', 'ltp': '', 'perChg': '', 'stkId': 'S19', 'displayLock': 'N', 'scanproflg': 1, 'scUrl': 'engineering/skipper/S21', 'columns': [{'name': 'change %', 'value': '-2.79'}, {'name': 'LTP', 'value': '530.50'}, {'name': 'Close Price value', 'value': '530.50'}, {'name': 'change absolute', 'value': '-15.25'}]}",OHLC_D_I_NR7BEARBO,NR 7 Breakdown,Seven Bar Pattern,18,Range Breakout,NR7 is a 7-bar narrow range pattern. NR7 bearish breakout pattern scanner shows the list of stocks forming bearish breakout pattern after 7-bar consolidation.,,,False,1,N,,OHLC_D_I_NR7BEARBO
1784718917,"{'stkname': 'Jindal Drilling', 'ltp': '', 'perChg': '', 'stkId': 'JDI', 'displayLock': 'N', 'scanproflg': 1, 'scUrl': 'oil-drillingexploration/jindaldrillingindustries/JDI', 'columns': [{'name': 'change %', 'value': '-0.41'}, {'name': 'LTP', 'value': '591.05'}, {'name': 'Close Price value', 'value': '591.05'}, {'name': 'change absolute', 'value': '-2.45'}]}",OHLC_D_I_NR7BEARBO,NR 7 Breakdown,Seven Bar Pattern,18,Range Breakout,NR7 is a 7-bar narrow range pattern. NR7 bearish breakout pattern scanner shows the list of stocks forming bearish breakout pattern after 7-bar consolidation.,,,False,1,N,,OHLC_D_I_NR7BEARBO
1784718917,"{'stkname': 'Usha Martin', 'ltp': '', 'perChg': '', 'stkId': 'UB01', 'displayLock': 'N', 'scanproflg': 1, 'scUrl': 'steel-mediumsmall/ushamartin/UM01', 'columns': [{'name': 'change %', 'value': '-0.80'}, {'name': 'LTP', 'value': '496.20'}, {'name': 'Close Price value', 'value': '496.20'}, {'name': 'change absolute', 'value': '-4.00'}]}",OHLC_D_I_NR7BEARBO,NR 7 Breakdown,Seven Bar Pattern,18,Range Breakout,NR7 is a 7-bar narrow range pattern. NR7 bearish breakout pattern scanner shows the list of stocks forming bearish breakout pattern after 7-bar consolidation.,,,False,1,N,,OHLC_D_I_NR7BEARBO
1784718917,"{'stkname': 'Yatharth HOSP', 'ltp': '', 'perChg': '', 'stkId': 'YHT', 'displayLock': 'N', 'scanproflg': 1, 'scUrl': 'hospitalhealthcare-services/yatharthhospitaltraumacareservices/YHT', 'columns': [{'name': 'change %', 'value': '-0.37'}, {'name': 'LTP', 'value': '854.00'}, {'name': 'Close Price value', 'value': '854.00'}, {'name': 'change absolute', 'value': '-3.20'}]}",OHLC_D_I_NR7BEARBO,NR 7 Breakdown,Seven Bar Pattern,18,Range Breakout,NR7 is a 7-bar narrow range pattern. NR7 bearish breakout pattern scanner shows the list of stocks forming bearish breakout pattern after 7-bar consolidation.,,,False,1,N,,OHLC_D_I_NR7BEARBO
1784718917,"{'stkname': 'Harrisons Malay', 'ltp': '', 'perChg': '', 'stkId': 'HM02', 'displayLock': 'N', 'scanproflg': 1, 'scUrl': 'plantations-teacoffee/harrisonsmalyalam/HM02', 'columns': [{'name': 'change %', 'value': '-0.40'}, {'name': 'LTP', 'value': '218.25'}, {'name': 'Close Price value', 'value': '218.25'}, {'name': 'change absolute', 'value': '-0.88'}]}",OHLC_D_I_NR7BEARBO,NR 7 Breakdown,Seven Bar Pattern,18,Range Breakout,NR7 is a 7-bar narrow range pattern. NR7 bearish breakout pattern scanner shows the list of stocks forming bearish breakout pattern after 7-bar consolidation.,,,False,1,N,,OHLC_D_I_NR7BEARBO
1784718917,"{'stkname': 'SBI Life Insura', 'ltp': '', 'perChg': '', 'stkId': 'SLI03', 'displayLock': 'N', 'scanproflg': 1, 'scUrl': 'lifehealth-insurance/sbilifeinsurancecompany/SLI03', 'columns': [{'name': 'change %', 'value': '-1.25'}, {'name': 'LTP', 'value': '1,805.00'}, {'name': 'Close Price value', 'value': '1,805.00'}, {'name': 'change absolute', 'value': '-22.90'}]}",OHLC_D_I_NR7BEARBO,NR 7 Breakdown,Seven Bar Pattern,18,Range Breakout,NR7 is a 7-bar narrow range pattern. NR7 bearish breakout pattern scanner shows the list of stocks forming bearish breakout pattern after 7-bar consolidation.,,,False,1,N,,OHLC_D_I_NR7BEARBO
1784718917,"{'stkname': 'Inox Wind', 'ltp': '', 'perChg': '', 'stkId': 'IW', 'displayLock': 'N', 'scanproflg': 1, 'scUrl': 'power-generationdistribution/inoxwind/IW', 'columns': [{'name': 'change %', 'value': '-2.87'}, {'name': 'LTP', 'value': '76.75'}, {'name': 'Close Price value', 'value': '76.75'}, {'name': 'change absolute', 'value': '-2.27'}]}",OHLC_D_I_NR7BEARBO,NR 7 Breakdown,Seven Bar Pattern,18,Range Breakout,NR7 is a 7-bar narrow range pattern. NR7 bearish breakout pattern scanner shows the list of stocks forming bearish breakout pattern after 7-bar consolidation.,,,False,1,N,,OHLC_D_I_NR7BEARBO
1784718917,"{'stkname': 'Zydus Life', 'ltp': '', 'perChg': '', 'stkId': 'CHC', 'displayLock': 'N', 'scanproflg': 1, 'scUrl': 'pharmaceuticalsdrugs/zyduslifesciences/CHC', 'columns': [{'name': 'change %', 'value': '-1.76'}, {'name': 'LTP', 'value': '1,123.00'}, {'name': 'Close Price value', 'value': '1,123.00'}, {'name': 'change absolute', 'value': '-20.10'}]}",OHLC_D_I_NR7BEARBO,NR 7 Breakdown,Seven Bar Pattern,18,Range Breakout,NR7 is a 7-bar narrow range pattern. NR7 bearish breakout pattern scanner shows the list of stocks forming bearish breakout pattern after 7-bar consolidation.,,,False,1,N,,OHLC_D_I_NR7BEARBO
1784718917,"{'stkname': 'Apollo Hospital', 'ltp': '', 'perChg': '', 'stkId': 'AHE', 'displayLock': 'N', 'scanproflg': 1, 'scUrl': 'hospitalsmedical-services/apollohospitalsenterprises/AHE', 'columns': [{'name': 'change %', 'value': '-0.04'}, {'name': 'LTP', 'value': '8,922.50'}, {'name': 'Close Price value', 'value': '8,922.50'}, {'name': 'change absolute', 'value': '-4.00'}]}",OHLC_D_I_NR7BEARBO,NR 7 Breakdown,Seven Bar Pattern,18,Range Breakout,NR7 is a 7-bar narrow range pattern. NR7 bearish breakout pattern scanner shows the list of stocks forming bearish breakout pattern after 7-bar consolidation.,,,False,1,N,,OHLC_D_I_NR7BEARBO
1784718917,"{'stkname': 'Bajaj Finance', 'ltp': '', 'perChg': '', 'stkId': 'BAF', 'displayLock': 'N', 'scanproflg': 1, 'scUrl': 'finance-nbfc/bajajfinance/BAF', 'columns': [{'name': 'change %', 'value': '-1.23'}, {'name': 'LTP', 'value': '1,056.10'}, {'name': 'Close Price value', 'value': '1,056.10'}, {'name': 'change absolute', 'value': '-13.10'}]}",OHLC_D_I_NR7BEARBO,NR 7 Breakdown,Seven Bar Pattern,18,Range Breakout,NR7 is a 7-bar narrow range pattern. NR7 bearish breakout pattern scanner shows the list of stocks forming bearish breakout pattern after 7-bar consolidation.,,,False,1,N,,OHLC_D_I_NR7BEARBO
1784718917,"{'stkname': 'Motilal Oswal', 'ltp': '', 'perChg': '', 'stkId': 'MOF01', 'displayLock': 'N', 'scanproflg': 1, 'scUrl': 'finance-general/motilaloswalfinancialservices/MOF01', 'columns': [{'name': 'change %', 'value': '-1.69'}, {'name': 'LTP', 'value': '948.40'}, {'name': 'Close Price value', 'value': '948.40'}, {'name': 'change absolute', 'value': '-16.35'}]}",OHLC_D_I_NR7BEARBO,NR 7 Breakdown,Seven Bar Pattern,18,Range Breakout,NR7 is a 7-bar narrow range pattern. NR7 bearish breakout pattern scanner shows the list of stocks forming bearish breakout pattern after 7-bar consolidation.,,,False,1,N,,OHLC_D_I_NR7BEARBO
1784718917,"{'stkname': 'Torrent Power', 'ltp': '', 'perChg': '', 'stkId': 'TP13', 'displayLock': 'N', 'scanproflg': 1, 'scUrl': 'power-generationdistribution/torrentpower/TP14', 'columns': [{'name': 'change %', 'value': '-0.08'}, {'name': 'LTP', 'value': '1,434.70'}, {'name': 'Close Price value', 'value': '1,434.70'}, {'name': 'change absolute', 'value': '-1.20'}]}",OHLC_D_I_NR7BEARBO,NR 7 Breakdown,Seven Bar Pattern,18,Range Breakout,NR7 is a 7-bar narrow range pattern. NR7 bearish breakout pattern scanner shows the list of stocks forming bearish breakout pattern after 7-bar consolidation.,,,False,1,N,,OHLC_D_I_NR7BEARBO
1784718917,"{'stkname': 'Biocon', 'ltp': '', 'perChg': '', 'stkId': 'BL03', 'displayLock': 'N', 'scanproflg': 1, 'scUrl': 'pharmaceuticals/biocon/BL03', 'columns': [{'name': 'change %', 'value': '-0.34'}, {'name': 'LTP', 'value': '438.80'}, {'name': 'Close Price value', 'value': '438.80'}, {'name': 'change absolute', 'value': '-1.50'}]}",OHLC_D_I_NR7BEARBO,NR 7 Breakdown,Seven Bar Pattern,18,Range Breakout,NR7 is a 7-bar narrow range pattern. NR7 bearish breakout pattern scanner shows the list of stocks forming bearish breakout pattern after 7-bar consolidation.,,,False,1,N,,OHLC_D_I_NR7BEARBO
1784718917,"{'stkname': 'HCL Tech', 'ltp': '', 'perChg': '', 'stkId': 'HCL02', 'displayLock': 'N', 'scanproflg': 1, 'scUrl': 'computers-software/hcltechnologies/HCL02', 'columns': [{'name': 'change %', 'value': '-0.20'}, {'name': 'LTP', 'value': '1,237.00'}, {'name': 'Close Price value', 'value': '1,237.00'}, {'name': 'change absolute', 'value': '-2.50'}]}",OHLC_D_I_NR7BEARBO,NR 7 Breakdown,Seven Bar Pattern,18,Range Breakout,NR7 is a 7-bar narrow range pattern. NR7 bearish breakout pattern scanner shows the list of stocks forming bearish breakout pattern after 7-bar consolidation.,,,False,1,N,,OHLC_D_I_NR7BEARBO
1784718917,"{'stkname': 'ICICI Lombard ', 'ltp': '', 'perChg': '', 'stkId': 'ILG', 'displayLock': 'N', 'scanproflg': 1, 'scUrl': 'multiline-insurancebrokers/icicilombardgeneralinsurancecompany/ILG', 'columns': [{'name': 'change %', 'value': '-2.06'}, {'name': 'LTP', 'value': '1,590.60'}, {'name': 'Close Price value', 'value': '1,590.60'}, {'name': 'change absolute', 'value': '-33.40'}]}",OHLC_D_I_NR7BEARBO,NR 7 Breakdown,Seven Bar Pattern,18,Range Breakout,NR7 is a 7-bar narrow range pattern. NR7 bearish breakout pattern scanner shows the list of stocks forming bearish breakout pattern after 7-bar consolidation.,,,False,1,N,,OHLC_D_I_NR7BEARBO
1784718917,"{'stkname': 'Angel One', 'ltp': '', 'perChg': '', 'stkId': 'ABL03', 'displayLock': 'N', 'scanproflg': 1, 'scUrl': 'finance-stock-broking/angelone/ABL03', 'columns': [{'name': 'change %', 'value': '-3.08'}, {'name': 'LTP', 'value': '312.00'}, {'name': 'Close Price value', 'value': '312.00'}, {'name': 'change absolute', 'value': '-9.90'}]}",OHLC_D_I_NR7BEARBO,NR 7 Breakdown,Seven Bar Pattern,18,Range Breakout,NR7 is a 7-bar narrow range pattern. NR7 bearish breakout pattern scanner shows the list of stocks forming bearish breakout pattern after 7-bar consolidation.,,,False,1,N,,OHLC_D_I_NR7BEARBO
1784718917,"{'stkname': 'Bata India', 'ltp': '', 'perChg': '', 'stkId': 'BI01', 'displayLock': 'N', 'scanproflg': 1, 'scUrl': 'leather-products/bataindia/BI01', 'columns': [{'name': 'change %', 'value': '-0.94'}, {'name': 'LTP', 'value': '692.35'}, {'name': 'Close Price value', 'value': '692.35'}, {'name': 'change absolute', 'value': '-6.55'}]}",OHLC_D_I_NR7BEARBO,NR 7 Breakdown,Seven Bar Pattern,18,Range Breakout,NR7 is a 7-bar narrow range pattern. NR7 bearish breakout pattern scanner shows the list of stocks forming bearish breakout pattern after 7-bar consolidation.,,,False,1,N,,OHLC_D_I_NR7BEARBO
1784718917,"{'stkname': 'Whirlpool', 'ltp': '', 'perChg': '', 'stkId': 'WI', 'displayLock': 'N', 'scanproflg': 1, 'scUrl': 'consumer-goods-white-goods/whirlpoolindia/WI', 'columns': [{'name': 'change %', 'value': '-1.42'}, {'name': 'LTP', 'value': '758.80'}, {'name': 'Close Price value', 'value': '758.80'}, {'name': 'change absolute', 'value': '-10.90'}]}",OHLC_D_I_NR7BEARBO,NR 7 Breakdown,Seven Bar Pattern,18,Range Breakout,NR7 is a 7-bar narrow range pattern. NR7 bearish breakout pattern scanner shows the list of stocks forming bearish breakout pattern after 7-bar consolidation.,,,False,1,N,,OHLC_D_I_NR7BEARBO
1784718917,"{'stkname': 'IOC', 'ltp': '', 'perChg': '', 'stkId': 'IOC', 'displayLock': 'N', 'scanproflg': 1, 'scUrl': 'refineries/indianoilcorporation/IOC', 'columns': [{'name': 'change %', 'value': '-1.19'}, {'name': 'LTP', 'value': '141.60'}, {'name': 'Close Price value', 'value': '141.60'}, {'name': 'change absolute', 'value': '-1.70'}]}",OHLC_D_I_NR7BEARBO,NR 7 Breakdown,Seven Bar Pattern,18,Range Breakout,NR7 is a 7-bar narrow range pattern. NR7 bearish breakout pattern scanner shows the list of stocks forming bearish breakout pattern after 7-bar consolidation.,,,False,1,N,,OHLC_D_I_NR7BEARBO
1784718917,"{'stkname': 'BPCL', 'ltp': '', 'perChg': '', 'stkId': 'BPC', 'displayLock': 'N', 'scanproflg': 1, 'scUrl': 'refineries/bharatpetroleumcorporation/BPC', 'columns': [{'name': 'change %', 'value': '-3.07'}, {'name': 'LTP', 'value': '309.55'}, {'name': 'Close Price value', 'value': '309.55'}, {'name': 'change absolute', 'value': '-9.80'}]}",OHLC_D_I_NR7BEARBO,NR 7 Breakdown,Seven Bar Pattern,18,Range Breakout,NR7 is a 7-bar narrow range pattern. NR7 bearish breakout pattern scanner shows the list of stocks forming bearish breakout pattern after 7-bar consolidation.,,,False,1,N,,OHLC_D_I_NR7BEARBO
1784718917,"{'stkname': 'Alkem Lab', 'ltp': '', 'perChg': '', 'stkId': 'AL16', 'displayLock': 'N', 'scanproflg': 1, 'scUrl': 'pharmaceuticals/alkemlaboratories/AL05', 'columns': [{'name': 'change %', 'value': '-1.90'}, {'name': 'LTP', 'value': '5,573.50'}, {'name': 'Close Price value', 'value': '5,573.50'}, {'name': 'change absolute', 'value': '-108.00'}]}",OHLC_D_I_NR7BEARBO,NR 7 Breakdown,Seven Bar Pattern,18,Range Breakout,NR7 is a 7-bar narrow range pattern. NR7 bearish breakout pattern scanner shows the list of stocks forming bearish breakout pattern after 7-bar consolidation.,,,False,1,N,,OHLC_D_I_NR7BEARBO
1784718917,"{'stkname': 'Indian Renew', 'ltp': '', 'perChg': '', 'stkId': 'IREDAL', 'displayLock': 'N', 'scanproflg': 1, 'scUrl': 'power-generationdistribution/indianrenewableenergydevelopmentagency/IREDAL', 'columns': [{'name': 'change %', 'value': '-1.25'}, {'name': 'LTP', 'value': '119.63'}, {'name': 'Close Price value', 'value': '119.63'}, {'name': 'change absolute', 'value': '-1.52'}]}",OHLC_D_I_NR7BEARBO,NR 7 Breakdown,Seven Bar Pattern,18,Range Breakout,NR7 is a 7-bar narrow range pattern. NR7 bearish breakout pattern scanner shows the list of stocks forming bearish breakout pattern after 7-bar consolidation.,,,False,1,N,,OHLC_D_I_NR7BEARBO
1784718917,"{'stkname': 'Voltas', 'ltp': '', 'perChg': '', 'stkId': 'V', 'displayLock': 'N', 'scanproflg': 1, 'scUrl': 'diversified/voltas/V', 'columns': [{'name': 'change %', 'value': '-3.72'}, {'name': 'LTP', 'value': '1,308.60'}, {'name': 'Close Price value', 'value': '1,308.60'}, {'name': 'change absolute', 'value': '-50.60'}]}",OHLC_D_I_NR7BEARBO,NR 7 Breakdown,Seven Bar Pattern,18,Range Breakout,NR7 is a 7-bar narrow range pattern. NR7 bearish breakout pattern scanner shows the list of stocks forming bearish breakout pattern after 7-bar consolidation.,,,False,1,N,,OHLC_D_I_NR7BEARBO
1784718917,"{'stkname': 'ICICI Prudentia', 'ltp': '', 'perChg': '', 'stkId': 'IPL01', 'displayLock': 'N', 'scanproflg': 1, 'scUrl': 'finance-general/iciciprudentiallifeinsurancecompany/IPL01', 'columns': [{'name': 'change %', 'value': '-0.20'}, {'name': 'LTP', 'value': '499.50'}, {'name': 'Close Price value', 'value': '499.50'}, {'name': 'change absolute', 'value': '-1.00'}]}",OHLC_D_I_NR7BEARBO,NR 7 Breakdown,Seven Bar Pattern,18,Range Breakout,NR7 is a 7-bar narrow range pattern. NR7 bearish breakout pattern scanner shows the list of stocks forming bearish breakout pattern after 7-bar consolidation.,,,False,1,N,,OHLC_D_I_NR7BEARBO
1784718917,"{'stkname': 'SAIL', 'ltp': '', 'perChg': '', 'stkId': 'SAI', 'displayLock': 'N', 'scanproflg': 1, 'scUrl': 'steel-large/steelauthorityindia/SAI', 'columns': [{'name': 'change %', 'value': '-1.51'}, {'name': 'LTP', 'value': '161.60'}, {'name': 'Close Price value', 'value': '161.60'}, {'name': 'change absolute', 'value': '-2.47'}]}",OHLC_D_I_NR7BEARBO,NR 7 Breakdown,Seven Bar Pattern,18,Range Breakout,NR7 is a 7-bar narrow range pattern. NR7 bearish breakout pattern scanner shows the list of stocks forming bearish breakout pattern after 7-bar consolidation.,,,False,1,N,,OHLC_D_I_NR7BEARBO
1784718917,"{'stkname': 'GE Vernova TD', 'ltp': '', 'perChg': '', 'stkId': 'GEC', 'displayLock': 'N', 'scanproflg': 1, 'scUrl': 'power-transmissionequipment/gevernovatdindia/ATD', 'columns': [{'name': 'change %', 'value': '-0.18'}, {'name': 'LTP', 'value': '4,479.00'}, {'name': 'Close Price value', 'value': '4,479.00'}, {'name': 'change absolute', 'value': '-8.30'}]}",OHLC_D_I_NR7BEARBO,NR 7 Breakdown,Seven Bar Pattern,18,Range Breakout,NR7 is a 7-bar narrow range pattern. NR7 bearish breakout pattern scanner shows the list of stocks forming bearish breakout pattern after 7-bar consolidation.,,,False,1,N,,OHLC_D_I_NR7BEARBO
1784718917,"{'stkname': 'Coal India', 'ltp': '', 'perChg': '', 'stkId': 'CI29', 'displayLock': 'N', 'scanproflg': 1, 'scUrl': 'miningminerals/coalindia/CI11', 'columns': [{'name': 'change %', 'value': '-0.56'}, {'name': 'LTP', 'value': '428.85'}, {'name': 'Close Price value', 'value': '428.85'}, {'name': 'change absolute', 'value': '-2.40'}]}",OHLC_D_I_NR7BEARBO,NR 7 Breakdown,Seven Bar Pattern,18,Range Breakout,NR7 is a 7-bar narrow range pattern. NR7 bearish breakout pattern scanner shows the list of stocks forming bearish breakout pattern after 7-bar consolidation.,,,False,1,N,,OHLC_D_I_NR7BEARBO
1784718917,"{'stkname': 'HINDPETRO', 'ltp': '', 'perChg': '', 'stkId': 'HPC', 'displayLock': 'N', 'scanproflg': 1, 'scUrl': 'refineries/hindustanpetroleumcorporation/HPC', 'columns': [{'name': 'change %', 'value': '-3.10'}, {'name': 'LTP', 'value': '394.35'}, {'name': 'Close Price value', 'value': '394.35'}, {'name': 'change absolute', 'value': '-12.60'}]}",OHLC_D_I_NR7BEARBO,NR 7 Breakdown,Seven Bar Pattern,18,Range Breakout,NR7 is a 7-bar narrow range pattern. NR7 bearish breakout pattern scanner shows the list of stocks forming bearish breakout pattern after 7-bar consolidation.,,,False,1,N,,OHLC_D_I_NR7BEARBO
1784718917,"{'stkname': 'Solar Ind', 'ltp': '', 'perChg': '', 'stkId': 'SE20', 'displayLock': 'N', 'scanproflg': 1, 'scUrl': 'chemicals/solarindustriesindia/SII04', 'columns': [{'name': 'change %', 'value': '-1.11'}, {'name': 'LTP', 'value': '18,834.00'}, {'name': 'Close Price value', 'value': '18,834.00'}, {'name': 'change absolute', 'value': '-211.00'}]}",OHLC_D_I_NR7BEARBO,NR 7 Breakdown,Seven Bar Pattern,18,Range Breakout,NR7 is a 7-bar narrow range pattern. NR7 bearish breakout pattern scanner shows the list of stocks forming bearish breakout pattern after 7-bar consolidation.,,,False,1,N,,OHLC_D_I_NR7BEARBO
1784718917,"{'stkname': 'Bharat Forge', 'ltp': '', 'perChg': '', 'stkId': 'BFC', 'displayLock': 'N', 'scanproflg': 1, 'scUrl': 'castingsforgings/bharatforge/BF03', 'columns': [{'name': 'change %', 'value': '-0.79'}, {'name': 'LTP', 'value': '2,184.50'}, {'name': 'Close Price value', 'value': '2,184.50'}, {'name': 'change absolute', 'value': '-17.30'}]}",OHLC_D_I_NR7BEARBO,NR 7 Breakdown,Seven Bar Pattern,18,Range Breakout,NR7 is a 7-bar narrow range pattern. NR7 bearish breakout pattern scanner shows the list of stocks forming bearish breakout pattern after 7-bar consolidation.,,,False,1,N,,OHLC_D_I_NR7BEARBO
1784718917,"{'stkname': 'BSE Limited', 'ltp': '', 'perChg': '', 'stkId': 'B03', 'displayLock': 'N', 'scanproflg': 1, 'scUrl': 'miscellaneous/bselimited/B08', 'columns': [{'name': 'change %', 'value': '-0.89'}, {'name': 'LTP', 'value': '3,631.30'}, {'name': 'Close Price value', 'value': '3,631.30'}, {'name': 'change absolute', 'value': '-32.70'}]}",OHLC_D_I_NR7BEARBO,NR 7 Breakdown,Seven Bar Pattern,18,Range Breakout,NR7 is a 7-bar narrow range pattern. NR7 bearish breakout pattern scanner shows the list of stocks forming bearish breakout pattern after 7-bar consolidation.,,,False,1,N,,OHLC_D_I_NR7BEARBO
1784718917,"{'stkname': 'Max Financial', 'ltp': '', 'perChg': '', 'stkId': 'MI', 'displayLock': 'N', 'scanproflg': 1, 'scUrl': 'finance-investments/maxfinancialservices/MI', 'columns': [{'name': 'change %', 'value': '-0.89'}, {'name': 'LTP', 'value': '1,525.70'}, {'name': 'Close Price value', 'value': '1,525.70'}, {'name': 'change absolute', 'value': '-13.70'}]}",OHLC_D_I_NR7BEARBO,NR 7 Breakdown,Seven Bar Pattern,18,Range Breakout,NR7 is a 7-bar narrow range pattern. NR7 bearish breakout pattern scanner shows the list of stocks forming bearish breakout pattern after 7-bar consolidation.,,,False,1,N,,OHLC_D_I_NR7BEARBO
1784718917,"{'stkname': 'Mirae Top20EW', 'ltp': '', 'perChg': '', 'stkId': 'MAN08', 'displayLock': 'N', 'scanproflg': 1, 'scUrl': 'etf/miraeassetniftytop20equalweightetf/MAN08', 'columns': [{'name': 'change %', 'value': '-0.57'}, {'name': 'LTP', 'value': '8.79'}, {'name': 'Close Price value', 'value': '8.79'}, {'name': 'change absolute', 'value': '-0.05'}]}",OHLC_D_I_NR7BEARBO,NR 7 Breakdown,Seven Bar Pattern,18,Range Breakout,NR7 is a 7-bar narrow range pattern. NR7 bearish breakout pattern scanner shows the list of stocks forming bearish breakout pattern after 7-bar consolidation.,,,False,1,N,,OHLC_D_I_NR7BEARBO
1784718917,"{'stkname': 'Apar Ind', 'ltp': '', 'perChg': '', 'stkId': 'AI40', 'displayLock': 'N', 'scanproflg': 1, 'scUrl': 'electric-equipment/aparindustries/AI40', 'columns': [{'name': 'change %', 'value': '-1.43'}, {'name': 'LTP', 'value': '13,643.00'}, {'name': 'Close Price value', 'value': '13,643.00'}, {'name': 'change absolute', 'value': '-198.00'}]}",OHLC_D_I_NR7BEARBO,NR 7 Breakdown,Seven Bar Pattern,18,Range Breakout,NR7 is a 7-bar narrow range pattern. NR7 bearish breakout pattern scanner shows the list of stocks forming bearish breakout pattern after 7-bar consolidation.,,,False,1,N,,OHLC_D_I_NR7BEARBO
1784718917,"{'stkname': 'Glenmark', 'ltp': '', 'perChg': '', 'stkId': 'GP08', 'displayLock': 'N', 'scanproflg': 1, 'scUrl': 'pharmaceuticals/glenmarkpharma/GP08', 'columns': [{'name': 'change %', 'value': '-1.43'}, {'name': 'LTP', 'value': '2,210.00'}, {'name': 'Close Price value', 'value': '2,210.00'}, {'name': 'change absolute', 'value': '-32.10'}]}",OHLC_D_I_NR7BEARBO,NR 7 Breakdown,Seven Bar Pattern,18,Range Breakout,NR7 is a 7-bar narrow range pattern. NR7 bearish breakout pattern scanner shows the list of stocks forming bearish breakout pattern after 7-bar consolidation.,,,False,1,N,,OHLC_D_I_NR7BEARBO
1784718917,"{'stkname': 'Mirae Nifty50', 'ltp': '', 'perChg': '', 'stkId': 'MAN506353', 'displayLock': 'N', 'scanproflg': 1, 'scUrl': 'etf/miraeassetnifty50etf/MAN506353', 'columns': [{'name': 'change %', 'value': '-0.79'}, {'name': 'LTP', 'value': '261.08'}, {'name': 'Close Price value', 'value': '261.08'}, {'name': 'change absolute', 'value': '-2.08'}]}",OHLC_D_I_NR7BEARBO,NR 7 Breakdown,Seven Bar Pattern,18,Range Breakout,NR7 is a 7-bar narrow range pattern. NR7 bearish breakout pattern scanner shows the list of stocks forming bearish breakout pattern after 7-bar consolidation.,,,False,1,N,,OHLC_D_I_NR7BEARBO
1784718917,"{'stkname': 'Delhivery', 'ltp': '', 'perChg': '', 'stkId': 'D05', 'displayLock': 'N', 'scanproflg': 1, 'scUrl': 'courier-services/delhivery/D06', 'columns': [{'name': 'change %', 'value': '-3.85'}, {'name': 'LTP', 'value': '466.10'}, {'name': 'Close Price value', 'value': '466.10'}, {'name': 'change absolute', 'value': '-18.65'}]}",OHLC_D_I_NR7BEARBO,NR 7 Breakdown,Seven Bar Pattern,18,Range Breakout,NR7 is a 7-bar narrow range pattern. NR7 bearish breakout pattern scanner shows the list of stocks forming bearish breakout pattern after 7-bar consolidation.,,,False,1,N,,OHLC_D_I_NR7BEARBO
1784718917,"{'stkname': 'ICICI Bank', 'ltp': '', 'perChg': '', 'stkId': 'ICI02', 'displayLock': 'N', 'scanproflg': 1, 'scUrl': 'banks-private-sector/icicibank/ICI02', 'columns': [{'name': 'change %', 'value': '-1.60'}, {'name': 'LTP', 'value': '1,439.70'}, {'name': 'Close Price value', 'value': '1,439.70'}, {'name': 'change absolute', 'value': '-23.40'}]}",OHLC_D_I_NR7BEARBO,NR 7 Breakdown,Seven Bar Pattern,18,Range Breakout,NR7 is a 7-bar narrow range pattern. NR7 bearish breakout pattern scanner shows the list of stocks forming bearish breakout pattern after 7-bar consolidation.,,,False,1,N,,OHLC_D_I_NR7BEARBO
1784718917,"{'stkname': 'SBI BankingETF', 'ltp': '', 'perChg': '', 'stkId': 'SBI25', 'displayLock': 'N', 'scanproflg': 1, 'scUrl': 'etf/sbietfbanking/SBI26', 'columns': [{'name': 'change %', 'value': '-0.96'}, {'name': 'LTP', 'value': '589.00'}, {'name': 'Close Price value', 'value': '589.00'}, {'name': 'change absolute', 'value': '-5.71'}]}",OHLC_D_I_NR7BEARBO,NR 7 Breakdown,Seven Bar Pattern,18,Range Breakout,NR7 is a 7-bar narrow range pattern. NR7 bearish breakout pattern scanner shows the list of stocks forming bearish breakout pattern after 7-bar consolidation.,,,False,1,N,,OHLC_D_I_NR7BEARBO
1784718917,"{'stkname': 'Ipru Value 30', 'ltp': '', 'perChg': '', 'stkId': 'VAL3025851', 'displayLock': 'N', 'scanproflg': 1, 'scUrl': 'etf/iciciprudentialnifty200value30etf/VAL3025851', 'columns': [{'name': 'change %', 'value': '-0.58'}, {'name': 'LTP', 'value': '15.41'}, {'name': 'Close Price value', 'value': '15.41'}, {'name': 'change absolute', 'value': '-0.09'}]}",OHLC_D_I_NR7BEARBO,NR 7 Breakdown,Seven Bar Pattern,18,Range Breakout,NR7 is a 7-bar narrow range pattern. NR7 bearish breakout pattern scanner shows the list of stocks forming bearish breakout pattern after 7-bar consolidation.,,,False,1,N,,OHLC_D_I_NR7BEARBO
1784718917,"{'stkname': 'UTI BSE Sen Ne', 'ltp': '', 'perChg': '', 'stkId': 'UTISX9168', 'displayLock': 'N', 'scanproflg': 1, 'scUrl': 'etf/utibsesensexnext50etf/UTISX9168', 'columns': [{'name': 'change %', 'value': '-0.15'}, {'name': 'LTP', 'value': '94.42'}, {'name': 'Close Price value', 'value': '94.42'}, {'name': 'change absolute', 'value': '-0.14'}]}",OHLC_D_I_NR7BEARBO,NR 7 Breakdown,Seven Bar Pattern,18,Range Breakout,NR7 is a 7-bar narrow range pattern. NR7 bearish breakout pattern scanner shows the list of stocks forming bearish breakout pattern after 7-bar consolidation.,,,False,1,N,,OHLC_D_I_NR7BEARBO
1784718917,"{'stkname': 'Ipru Nifty 50', 'ltp': '', 'perChg': '', 'stkId': 'ICI11', 'displayLock': 'N', 'scanproflg': 1, 'scUrl': 'etf/iciciprudentialnifty50etf/ICI11', 'columns': [{'name': 'change %', 'value': '-0.75'}, {'name': 'LTP', 'value': '271.80'}, {'name': 'Close Price value', 'value': '271.80'}, {'name': 'change absolute', 'value': '-2.05'}]}",OHLC_D_I_NR7BEARBO,NR 7 Breakdown,Seven Bar Pattern,18,Range Breakout,NR7 is a 7-bar narrow range pattern. NR7 bearish breakout pattern scanner shows the list of stocks forming bearish breakout pattern after 7-bar consolidation.,,,False,1,N,,OHLC_D_I_NR7BEARBO
1784718917,"{'stkname': 'MA Select IPO', 'ltp': '', 'perChg': '', 'stkId': 'SELEC30109', 'displayLock': 'N', 'scanproflg': 1, 'scUrl': 'etf/miraeassetbseselectipoetf/SELEC30109', 'columns': [{'name': 'change %', 'value': '-1.18'}, {'name': 'LTP', 'value': '45.90'}, {'name': 'Close Price value', 'value': '45.90'}, {'name': 'change absolute', 'value': '-0.55'}]}",OHLC_D_I_NR7BEARBO,NR 7 Breakdown,Seven Bar Pattern,18,Range Breakout,NR7 is a 7-bar narrow range pattern. NR7 bearish breakout pattern scanner shows the list of stocks forming bearish breakout pattern after 7-bar consolidation.,,,False,1,N,,OHLC_D_I_NR7BEARBO
1784718917,"{'stkname': 'Anand Rathi', 'ltp': '', 'perChg': '', 'stkId': 'ARW', 'displayLock': 'N', 'scanproflg': 1, 'scUrl': 'finance-investment/anandrathiwealth/ARW', 'columns': [{'name': 'change %', 'value': '-0.30'}, {'name': 'LTP', 'value': '2,085.00'}, {'name': 'Close Price value', 'value': '2,085.00'}, {'name': 'change absolute', 'value': '-6.20'}]}",OHLC_D_I_NR7BEARBO,NR 7 Breakdown,Seven Bar Pattern,18,Range Breakout,NR7 is a 7-bar narrow range pattern. NR7 bearish breakout pattern scanner shows the list of stocks forming bearish breakout pattern after 7-bar consolidation.,,,False,1,N,,OHLC_D_I_NR7BEARBO
1784718917,"{'stkname': 'DSP Priv Bank', 'ltp': '', 'perChg': '', 'stkId': 'DSPPV17576', 'displayLock': 'N', 'scanproflg': 1, 'scUrl': 'etf/dspniftyprivatebanketf/DSPPV17576', 'columns': [{'name': 'change %', 'value': '-0.99'}, {'name': 'LTP', 'value': '27.97'}, {'name': 'Close Price value', 'value': '27.97'}, {'name': 'change absolute', 'value': '-0.28'}]}",OHLC_D_I_NR7BEARBO,NR 7 Breakdown,Seven Bar Pattern,18,Range Breakout,NR7 is a 7-bar narrow range pattern. NR7 bearish breakout pattern scanner shows the list of stocks forming bearish breakout pattern after 7-bar consolidation.,,,False,1,N,,OHLC_D_I_NR7BEARBO
1784718917,"{'stkname': 'AXIS BSESensex', 'ltp': '', 'perChg': '', 'stkId': 'AXSEN14742', 'displayLock': 'N', 'scanproflg': 1, 'scUrl': 'etf/axisbsesensexetf/AXSEN14742', 'columns': [{'name': 'change %', 'value': '-0.50'}, {'name': 'LTP', 'value': '79.79'}, {'name': 'Close Price value', 'value': '79.79'}, {'name': 'change absolute', 'value': '-0.40'}]}",OHLC_D_I_NR7BEARBO,NR 7 Breakdown,Seven Bar Pattern,18,Range Breakout,NR7 is a 7-bar narrow range pattern. NR7 bearish breakout pattern scanner shows the list of stocks forming bearish breakout pattern after 7-bar consolidation.,,,False,1,N,,OHLC_D_I_NR7BEARBO
1784718917,"{'stkname': 'Ipru BSESensex', 'ltp': '', 'perChg': '', 'stkId': 'ICI09', 'displayLock': 'N', 'scanproflg': 1, 'scUrl': 'etf/iciciprudentialbsesensexetf/ICI09', 'columns': [{'name': 'change %', 'value': '-0.89'}, {'name': 'LTP', 'value': '881.60'}, {'name': 'Close Price value', 'value': '881.60'}, {'name': 'change absolute', 'value': '-7.89'}]}",OHLC_D_I_NR7BEARBO,NR 7 Breakdown,Seven Bar Pattern,18,Range Breakout,NR7 is a 7-bar narrow range pattern. NR7 bearish breakout pattern scanner shows the list of stocks forming bearish breakout pattern after 7-bar consolidation.,,,False,1,N,,OHLC_D_I_NR7BEARBO
1784718917,"{'stkname': 'Mirae Value50', 'ltp': '', 'perChg': '', 'stkId': 'MAN14', 'displayLock': 'N', 'scanproflg': 1, 'scUrl': 'etf/miraeassetnifty500value50etf/MAN14', 'columns': [{'name': 'change %', 'value': '-0.92'}, {'name': 'LTP', 'value': '16.13'}, {'name': 'Close Price value', 'value': '16.13'}, {'name': 'change absolute', 'value': '-0.15'}]}",OHLC_D_I_NR7BEARBO,NR 7 Breakdown,Seven Bar Pattern,18,Range Breakout,NR7 is a 7-bar narrow range pattern. NR7 bearish breakout pattern scanner shows the list of stocks forming bearish breakout pattern after 7-bar consolidation.,,,False,1,N,,OHLC_D_I_NR7BEARBO
1784718917,"{'stkname': 'AU Small Financ', 'ltp': '', 'perChg': '', 'stkId': 'ASF03', 'displayLock': 'N', 'scanproflg': 1, 'scUrl': 'banks-private-sector/ausmallfinancebank/ASF02', 'columns': [{'name': 'change %', 'value': '-2.28'}, {'name': 'LTP', 'value': '980.40'}, {'name': 'Close Price value', 'value': '980.40'}, {'name': 'change absolute', 'value': '-22.90'}]}",OHLC_D_I_NR7BEARBO,NR 7 Breakdown,Seven Bar Pattern,18,Range Breakout,NR7 is a 7-bar narrow range pattern. NR7 bearish breakout pattern scanner shows the list of stocks forming bearish breakout pattern after 7-bar consolidation.,,,False,1,N,,OHLC_D_I_NR7BEARBO
1784718917,"{'stkname': 'QNIFTY', 'ltp': '', 'perChg': '', 'stkId': 'QIF', 'displayLock': 'N', 'scanproflg': 1, 'scUrl': 'etf/quantumnifty50etf/QIF', 'columns': [{'name': 'change %', 'value': '-0.68'}, {'name': 'LTP', 'value': '264.40'}, {'name': 'Close Price value', 'value': '264.40'}, {'name': 'change absolute', 'value': '-1.80'}]}",OHLC_D_I_NR7BEARBO,NR 7 Breakdown,Seven Bar Pattern,18,Range Breakout,NR7 is a 7-bar narrow range pattern. NR7 bearish breakout pattern scanner shows the list of stocks forming bearish breakout pattern after 7-bar consolidation.,,,False,1,N,,OHLC_D_I_NR7BEARBO
1784718917,"{'stkname': 'DSP Smallcp250', 'ltp': '', 'perChg': '', 'stkId': 'DNS', 'displayLock': 'N', 'scanproflg': 1, 'scUrl': 'etf/dspniftysmallcap250etf/DNS', 'columns': [{'name': 'change %', 'value': '-1.82'}, {'name': 'LTP', 'value': '17.85'}, {'name': 'Close Price value', 'value': '17.85'}, {'name': 'change absolute', 'value': '-0.33'}]}",OHLC_D_I_NR7BEARBO,NR 7 Breakdown,Seven Bar Pattern,18,Range Breakout,NR7 is a 7-bar narrow range pattern. NR7 bearish breakout pattern scanner shows the list of stocks forming bearish breakout pattern after 7-bar consolidation.,,,False,1,N,,OHLC_D_I_NR7BEARBO
1784718917,"{'stkname': 'Kot Momentum30', 'ltp': '', 'perChg': '', 'stkId': 'KN2', 'displayLock': 'N', 'scanproflg': 1, 'scUrl': 'etf/kotaknifty200momentum30etf/KN2', 'columns': [{'name': 'change %', 'value': '-0.36'}, {'name': 'LTP', 'value': '30.59'}, {'name': 'Close Price value', 'value': '30.59'}, {'name': 'change absolute', 'value': '-0.11'}]}",OHLC_D_I_NR7BEARBO,NR 7 Breakdown,Seven Bar Pattern,18,Range Breakout,NR7 is a 7-bar narrow range pattern. NR7 bearish breakout pattern scanner shows the list of stocks forming bearish breakout pattern after 7-bar consolidation.,,,False,1,N,,OHLC_D_I_NR7BEARBO
1784718917,"{'stkname': 'MO Nifty200Mom', 'ltp': '', 'perChg': '', 'stkId': 'MON01', 'displayLock': 'N', 'scanproflg': 1, 'scUrl': 'etf/motilaloswalnifty200momentum30etf/MON01', 'columns': [{'name': 'change %', 'value': '-0.18'}, {'name': 'LTP', 'value': '61.95'}, {'name': 'Close Price value', 'value': '61.95'}, {'name': 'change absolute', 'value': '-0.11'}]}",OHLC_D_I_NR7BEARBO,NR 7 Breakdown,Seven Bar Pattern,18,Range Breakout,NR7 is a 7-bar narrow range pattern. NR7 bearish breakout pattern scanner shows the list of stocks forming bearish breakout pattern after 7-bar consolidation.,,,False,1,N,,OHLC_D_I_NR7BEARBO
1784718917,"{'stkname': 'UTI Nifty Next', 'ltp': '', 'perChg': '', 'stkId': 'UTINE21478', 'displayLock': 'N', 'scanproflg': 1, 'scUrl': 'etf/utiniftynext50etf/UTINE21478', 'columns': [{'name': 'change %', 'value': '-0.15'}, {'name': 'LTP', 'value': '78.17'}, {'name': 'Close Price value', 'value': '78.17'}, {'name': 'change absolute', 'value': '-0.12'}]}",OHLC_D_I_NR7BEARBO,NR 7 Breakdown,Seven Bar Pattern,18,Range Breakout,NR7 is a 7-bar narrow range pattern. NR7 bearish breakout pattern scanner shows the list of stocks forming bearish breakout pattern after 7-bar consolidation.,,,False,1,N,,OHLC_D_I_NR7BEARBO
1784718917,"{'stkname': 'Nipp NiftyPhar', 'ltp': '', 'perChg': '', 'stkId': 'NIN', 'displayLock': 'N', 'scanproflg': 1, 'scUrl': 'etf/nipponindianiftypharmaetf/NIN', 'columns': [{'name': 'change %', 'value': '-1.34'}, {'name': 'LTP', 'value': '26.50'}, {'name': 'Close Price value', 'value': '26.50'}, {'name': 'change absolute', 'value': '-0.36'}]}",OHLC_D_I_NR7BEARBO,NR 7 Breakdown,Seven Bar Pattern,18,Range Breakout,NR7 is a 7-bar narrow range pattern. NR7 bearish breakout pattern scanner shows the list of stocks forming bearish breakout pattern after 7-bar consolidation.,,,False,1,N,,OHLC_D_I_NR7BEARBO
1784718917,"{'stkname': 'UTI BSE Sensex', 'ltp': '', 'perChg': '', 'stkId': 'UTI20', 'displayLock': 'N', 'scanproflg': 1, 'scUrl': 'etf/utibsesensexetf/UTI20', 'columns': [{'name': 'change %', 'value': '-0.78'}, {'name': 'LTP', 'value': '848.80'}, {'name': 'Close Price value', 'value': '848.80'}, {'name': 'change absolute', 'value': '-6.67'}]}",OHLC_D_I_NR7BEARBO,NR 7 Breakdown,Seven Bar Pattern,18,Range Breakout,NR7 is a 7-bar narrow range pattern. NR7 bearish breakout pattern scanner shows the list of stocks forming bearish breakout pattern after 7-bar consolidation.,,,False,1,N,,OHLC_D_I_NR7BEARBO
1784718917,"{'stkname': 'Kot Midcap150', 'ltp': '', 'perChg': '', 'stkId': 'MID1530469', 'displayLock': 'N', 'scanproflg': 1, 'scUrl': 'etf/kotakniftymidcap150etf/MID1530469', 'columns': [{'name': 'change %', 'value': '-0.72'}, {'name': 'LTP', 'value': '23.32'}, {'name': 'Close Price value', 'value': '23.32'}, {'name': 'change absolute', 'value': '-0.17'}]}",OHLC_D_I_NR7BEARBO,NR 7 Breakdown,Seven Bar Pattern,18,Range Breakout,NR7 is a 7-bar narrow range pattern. NR7 bearish breakout pattern scanner shows the list of stocks forming bearish breakout pattern after 7-bar consolidation.,,,False,1,N,,OHLC_D_I_NR7BEARBO
1784718917,"{'stkname': 'MOINFRA', 'ltp': '', 'perChg': '', 'stkId': 'MOINF75703', 'displayLock': 'N', 'scanproflg': 1, 'scUrl': 'miscellaneous/moinfra/MOINF75703', 'columns': [{'name': 'change %', 'value': '-0.78'}, {'name': 'LTP', 'value': '61.28'}, {'name': 'Close Price value', 'value': '61.28'}, {'name': 'change absolute', 'value': '-0.48'}]}",OHLC_D_I_NR7BEARBO,NR 7 Breakdown,Seven Bar Pattern,18,Range Breakout,NR7 is a 7-bar narrow range pattern. NR7 bearish breakout pattern scanner shows the list of stocks forming bearish breakout pattern after 7-bar consolidation.,,,False,1,N,,OHLC_D_I_NR7BEARBO
1784718917,"{'stkname': 'MO Next 50', 'ltp': '', 'perChg': '', 'stkId': 'MONEX75716', 'displayLock': 'N', 'scanproflg': 1, 'scUrl': 'etf/motilaloswalniftynext50etf/MONEX75716', 'columns': [{'name': 'change %', 'value': '-0.04'}, {'name': 'LTP', 'value': '72.39'}, {'name': 'Close Price value', 'value': '72.39'}, {'name': 'change absolute', 'value': '-0.03'}]}",OHLC_D_I_NR7BEARBO,NR 7 Breakdown,Seven Bar Pattern,18,Range Breakout,NR7 is a 7-bar narrow range pattern. NR7 bearish breakout pattern scanner shows the list of stocks forming bearish breakout pattern after 7-bar consolidation.,,,False,1,N,,OHLC_D_I_NR7BEARBO
1784718917,"{'stkname': 'MA N500 502525', 'ltp': '', 'perChg': '', 'stkId': 'MULTI25080', 'displayLock': 'N', 'scanproflg': 1, 'scUrl': 'etf/miraeassetnifty500multicap502525etf/MULTI25080', 'columns': [{'name': 'change %', 'value': '-0.78'}, {'name': 'LTP', 'value': '16.58'}, {'name': 'Close Price value', 'value': '16.58'}, {'name': 'change absolute', 'value': '-0.13'}]}",OHLC_D_I_NR7BEARBO,NR 7 Breakdown,Seven Bar Pattern,18,Range Breakout,NR7 is a 7-bar narrow range pattern. NR7 bearish breakout pattern scanner shows the list of stocks forming bearish breakout pattern after 7-bar consolidation.,,,False,1,N,,OHLC_D_I_NR7BEARBO
1784718917,"{'stkname': 'Ipru Nifty Meta', 'ltp': '', 'perChg': '', 'stkId': 'METAL24861', 'displayLock': 'N', 'scanproflg': 1, 'scUrl': 'etf/iciciprudentialniftymetaletf/METAL24861', 'columns': [{'name': 'change %', 'value': '-0.55'}, {'name': 'LTP', 'value': '12.65'}, {'name': 'Close Price value', 'value': '12.65'}, {'name': 'change absolute', 'value': '-0.07'}]}",OHLC_D_I_NR7BEARBO,NR 7 Breakdown,Seven Bar Pattern,18,Range Breakout,NR7 is a 7-bar narrow range pattern. NR7 bearish breakout pattern scanner shows the list of stocks forming bearish breakout pattern after 7-bar consolidation.,,,False,1,N,,OHLC_D_I_NR7BEARBO
1784718917,"{'stkname': 'Mirae NiftyMid', 'ltp': '', 'perChg': '', 'stkId': 'MAN05', 'displayLock': 'N', 'scanproflg': 1, 'scUrl': 'etf/miraeassetniftymidcap150etf/MAN05', 'columns': [{'name': 'change %', 'value': '-0.85'}, {'name': 'LTP', 'value': '23.45'}, {'name': 'Close Price value', 'value': '23.45'}, {'name': 'change absolute', 'value': '-0.20'}]}",OHLC_D_I_NR7BEARBO,NR 7 Breakdown,Seven Bar Pattern,18,Range Breakout,NR7 is a 7-bar narrow range pattern. NR7 bearish breakout pattern scanner shows the list of stocks forming bearish breakout pattern after 7-bar consolidation.,,,False,1,N,,OHLC_D_I_NR7BEARBO
1784718917,"{'stkname': 'Mo Cap. Mkt.', 'ltp': '', 'perChg': '', 'stkId': 'MOCAP30065', 'displayLock': 'N', 'scanproflg': 1, 'scUrl': 'etf/motilaloswalniftycapitalmarketetf/MOCAP30065', 'columns': [{'name': 'change %', 'value': '-0.74'}, {'name': 'LTP', 'value': '53.82'}, {'name': 'Close Price value', 'value': '53.82'}, {'name': 'change absolute', 'value': '-0.40'}]}",OHLC_D_I_NR7BEARBO,NR 7 Breakdown,Seven Bar Pattern,18,Range Breakout,NR7 is a 7-bar narrow range pattern. NR7 bearish breakout pattern scanner shows the list of stocks forming bearish breakout pattern after 7-bar consolidation.,,,False,1,N,,OHLC_D_I_NR7BEARBO
1784718917,"{'stkname': 'Zer Nifty 50', 'ltp': '', 'perChg': '', 'stkId': 'ZN5', 'displayLock': 'N', 'scanproflg': 1, 'scUrl': 'etf/zerodhanifty50etf/ZN5', 'columns': [{'name': 'change %', 'value': '-0.62'}, {'name': 'LTP', 'value': '9.63'}, {'name': 'Close Price value', 'value': '9.63'}, {'name': 'change absolute', 'value': '-0.06'}]}",OHLC_D_I_NR7BEARBO,NR 7 Breakdown,Seven Bar Pattern,18,Range Breakout,NR7 is a 7-bar narrow range pattern. NR7 bearish breakout pattern scanner shows the list of stocks forming bearish breakout pattern after 7-bar consolidation.,,,False,1,N,,OHLC_D_I_NR7BEARBO
1784718917,"{'stkname': 'HDFC BSE Sensex', 'ltp': '', 'perChg': '', 'stkId': 'HDF05', 'displayLock': 'N', 'scanproflg': 1, 'scUrl': 'etf/hdfcbsesensexetf/HDF05', 'columns': [{'name': 'change %', 'value': '-0.66'}, {'name': 'LTP', 'value': '87.20'}, {'name': 'Close Price value', 'value': '87.20'}, {'name': 'change absolute', 'value': '-0.58'}]}",OHLC_D_I_NR7BEARBO,NR 7 Breakdown,Seven Bar Pattern,18,Range Breakout,NR7 is a 7-bar narrow range pattern. NR7 bearish breakout pattern scanner shows the list of stocks forming bearish breakout pattern after 7-bar consolidation.,,,False,1,N,,OHLC_D_I_NR7BEARBO
1784718917,"{'stkname': 'Nipp Nifty Mid', 'ltp': '', 'perChg': '', 'stkId': 'NIE02', 'displayLock': 'N', 'scanproflg': 1, 'scUrl': 'etf/nipponindiaetfniftymidcap150/NIE02', 'columns': [{'name': 'change %', 'value': '-0.74'}, {'name': 'LTP', 'value': '237.50'}, {'name': 'Close Price value', 'value': '237.50'}, {'name': 'change absolute', 'value': '-1.77'}]}",OHLC_D_I_NR7BEARBO,NR 7 Breakdown,Seven Bar Pattern,18,Range Breakout,NR7 is a 7-bar narrow range pattern. NR7 bearish breakout pattern scanner shows the list of stocks forming bearish breakout pattern after 7-bar consolidation.,,,False,1,N,,OHLC_D_I_NR7BEARBO
1784718917,"{'stkname': 'UTI Midcap150', 'ltp': '', 'perChg': '', 'stkId': 'NIFMI18347', 'displayLock': 'N', 'scanproflg': 1, 'scUrl': 'etf/utiniftymidcap150exchangetradedfund/NIFMI18347', 'columns': [{'name': 'change %', 'value': '-0.49'}, {'name': 'LTP', 'value': '232.25'}, {'name': 'Close Price value', 'value': '232.25'}, {'name': 'change absolute', 'value': '-1.14'}]}",OHLC_D_I_NR7BEARBO,NR 7 Breakdown,Seven Bar Pattern,18,Range Breakout,NR7 is a 7-bar narrow range pattern. NR7 bearish breakout pattern scanner shows the list of stocks forming bearish breakout pattern after 7-bar consolidation.,,,False,1,N,,OHLC_D_I_NR7BEARBO
1784718917,"{'stkname': 'MO Nifty Small', 'ltp': '', 'perChg': '', 'stkId': 'MON03', 'displayLock': 'N', 'scanproflg': 1, 'scUrl': 'etf/motilaloswalniftysmallcap250etf/MON03', 'columns': [{'name': 'change %', 'value': '-0.94'}, {'name': 'LTP', 'value': '18.00'}, {'name': 'Close Price value', 'value': '18.00'}, {'name': 'change absolute', 'value': '-0.17'}]}",OHLC_D_I_NR7BEARBO,NR 7 Breakdown,Seven Bar Pattern,18,Range Breakout,NR7 is a 7-bar narrow range pattern. NR7 bearish breakout pattern scanner shows the list of stocks forming bearish breakout pattern after 7-bar consolidation.,,,False,1,N,,OHLC_D_I_NR7BEARBO
1784718917,"{'stkname': 'MO SP BSE Enh', 'ltp': '', 'perChg': '', 'stkId': 'MOS', 'displayLock': 'N', 'scanproflg': 1, 'scUrl': 'etf/motilaloswalspbseenhancedvalueetf/MOS', 'columns': [{'name': 'change %', 'value': '-0.82'}, {'name': 'LTP', 'value': '114.31'}, {'name': 'Close Price value', 'value': '114.31'}, {'name': 'change absolute', 'value': '-0.94'}]}",OHLC_D_I_NR7BEARBO,NR 7 Breakdown,Seven Bar Pattern,18,Range Breakout,NR7 is a 7-bar narrow range pattern. NR7 bearish breakout pattern scanner shows the list of stocks forming bearish breakout pattern after 7-bar consolidation.,,,False,1,N,,OHLC_D_I_NR7BEARBO
1784718917,"{'stkname': 'DSP Healthcare', 'ltp': '', 'perChg': '', 'stkId': 'HEALT22592', 'displayLock': 'N', 'scanproflg': 1, 'scUrl': 'etf/dspniftyhealthcareetf/HEALT22592', 'columns': [{'name': 'change %', 'value': '-1.20'}, {'name': 'LTP', 'value': '16.53'}, {'name': 'Close Price value', 'value': '16.53'}, {'name': 'change absolute', 'value': '-0.20'}]}",OHLC_D_I_NR7BEARBO,NR 7 Breakdown,Seven Bar Pattern,18,Range Breakout,NR7 is a 7-bar narrow range pattern. NR7 bearish breakout pattern scanner shows the list of stocks forming bearish breakout pattern after 7-bar consolidation.,,,False,1,N,,OHLC_D_I_NR7BEARBO
1784718917,"{'stkname': 'MO Service Sec', 'ltp': '', 'perChg': '', 'stkId': 'MON09', 'displayLock': 'N', 'scanproflg': 1, 'scUrl': 'etf/motilaloswalniftyservicessectoretf/MON09', 'columns': [{'name': 'change %', 'value': '-1.05'}, {'name': 'LTP', 'value': '30.95'}, {'name': 'Close Price value', 'value': '30.95'}, {'name': 'change absolute', 'value': '-0.33'}]}",OHLC_D_I_NR7BEARBO,NR 7 Breakdown,Seven Bar Pattern,18,Range Breakout,NR7 is a 7-bar narrow range pattern. NR7 bearish breakout pattern scanner shows the list of stocks forming bearish breakout pattern after 7-bar consolidation.,,,False,1,N,,OHLC_D_I_NR7BEARBO
1784718917,"{'stkname': 'HDFC Momentum', 'ltp': '', 'perChg': '', 'stkId': 'HNM', 'displayLock': 'N', 'scanproflg': 1, 'scUrl': 'etf/hdfcnifty200momentum30etf/HNM', 'columns': [{'name': 'change %', 'value': '-0.19'}, {'name': 'LTP', 'value': '30.90'}, {'name': 'Close Price value', 'value': '30.90'}, {'name': 'change absolute', 'value': '-0.06'}]}",OHLC_D_I_NR7BEARBO,NR 7 Breakdown,Seven Bar Pattern,18,Range Breakout,NR7 is a 7-bar narrow range pattern. NR7 bearish breakout pattern scanner shows the list of stocks forming bearish breakout pattern after 7-bar consolidation.,,,False,1,N,,OHLC_D_I_NR7BEARBO
1784718917,"{'stkname': 'IDFC MF', 'ltp': '', 'perChg': '', 'stkId': 'IDF02', 'displayLock': 'N', 'scanproflg': 1, 'scUrl': 'finance-investment/idfcmutualfund-idfcniftyetf/IDF02', 'columns': [{'name': 'change %', 'value': '-0.54'}, {'name': 'LTP', 'value': '265.13'}, {'name': 'Close Price value', 'value': '265.13'}, {'name': 'change absolute', 'value': '-1.44'}]}",OHLC_D_I_NR7BEARBO,NR 7 Breakdown,Seven Bar Pattern,18,Range Breakout,NR7 is a 7-bar narrow range pattern. NR7 bearish breakout pattern scanner shows the list of stocks forming bearish breakout pattern after 7-bar consolidation.,,,False,1,N,,OHLC_D_I_NR7BEARBO
1784718917,"{'stkname': 'LIC Nifty Mid', 'ltp': '', 'perChg': '', 'stkId': 'LICNM22722', 'displayLock': 'N', 'scanproflg': 1, 'scUrl': 'etf/licmfniftymidcap100etf/LICNM22722', 'columns': [{'name': 'change %', 'value': '-0.59'}, {'name': 'LTP', 'value': '62.81'}, {'name': 'Close Price value', 'value': '62.81'}, {'name': 'change absolute', 'value': '-0.37'}]}",OHLC_D_I_NR7BEARBO,NR 7 Breakdown,Seven Bar Pattern,18,Range Breakout,NR7 is a 7-bar narrow range pattern. NR7 bearish breakout pattern scanner shows the list of stocks forming bearish breakout pattern after 7-bar consolidation.,,,False,1,N,,OHLC_D_I_NR7BEARBO
1784718917,"{'stkname': 'Ipru Nifty 100', 'ltp': '', 'perChg': '', 'stkId': 'ICICI21254', 'displayLock': 'N', 'scanproflg': 1, 'scUrl': 'etf/iciciprudentialnifty100lowvolatility30etf/ICICI21254', 'columns': [{'name': 'change %', 'value': '-0.31'}, {'name': 'LTP', 'value': '22.16'}, {'name': 'Close Price value', 'value': '22.16'}, {'name': 'change absolute', 'value': '-0.07'}]}",OHLC_D_I_NR7BEARBO,NR 7 Breakdown,Seven Bar Pattern,18,Range Breakout,NR7 is a 7-bar narrow range pattern. NR7 bearish breakout pattern scanner shows the list of stocks forming bearish breakout pattern after 7-bar consolidation.,,,False,1,N,,OHLC_D_I_NR7BEARBO
