lastupdt,scannerDetails,scannerCode,scannerName,scannerDescription,catId,catName,scannerDesc,scannerVideo,did_u_know,refreshFlag,scanproflg,displayLock,scannerFormula,scanId
1784891717,"{'stkname': 'DSP Top10 Bks', 'ltp': '', 'perChg': '', 'stkId': 'DBT', 'displayLock': 'N', 'scanproflg': 1, 'scUrl': 'etf/dspbsetop10banksetf/DBT', 'columns': [{'name': 'change %', 'value': '0.24'}, {'name': 'LTP', 'value': '16.90'}, {'name': '20-Delivery Volume Indicator value', 'value': '1,317,799.00'}]}",OHLC_D_I_UNUSVBULL,Unusual Volume - Bullish,Unusual Volume - Bullish,27,Volume & Delivery,Unusual Volume - Bullish,,,False,1,N,,OHLC_D_I_UNUSVBULL
1784891717,"{'stkname': 'Edel Liquid', 'ltp': '', 'perChg': '', 'stkId': 'EN1', 'displayLock': 'N', 'scanproflg': 1, 'scUrl': 'etf/edelweissnifty1drateliquidetf/EN1', 'columns': [{'name': 'change %', 'value': '0.04'}, {'name': 'LTP', 'value': '1,040.91'}, {'name': '20-Delivery Volume Indicator value', 'value': '68,175.00'}]}",OHLC_D_I_UNUSVBULL,Unusual Volume - Bullish,Unusual Volume - Bullish,27,Volume & Delivery,Unusual Volume - Bullish,,,False,1,N,,OHLC_D_I_UNUSVBULL
1784891717,"{'stkname': 'BB Apr 32 ETF', 'ltp': '', 'perChg': '', 'stkId': 'BBE02', 'displayLock': 'N', 'scanproflg': 1, 'scUrl': 'etf/bharatbondetf-april2032/BBE02', 'columns': [{'name': 'change %', 'value': '0.55'}, {'name': 'LTP', 'value': '1,355.70'}, {'name': '20-Delivery Volume Indicator value', 'value': '1,039.00'}]}",OHLC_D_I_UNUSVBULL,Unusual Volume - Bullish,Unusual Volume - Bullish,27,Volume & Delivery,Unusual Volume - Bullish,,,False,1,N,,OHLC_D_I_UNUSVBULL
1784891717,"{'stkname': 'Kotak Niftyban', 'ltp': '', 'perChg': '', 'stkId': 'KMM03', 'displayLock': 'N', 'scanproflg': 1, 'scUrl': 'etf/kotakniftybanketf/KMM03', 'columns': [{'name': 'change %', 'value': '0.29'}, {'name': 'LTP', 'value': '58.93'}, {'name': '20-Delivery Volume Indicator value', 'value': '542,954.00'}]}",OHLC_D_I_UNUSVBULL,Unusual Volume - Bullish,Unusual Volume - Bullish,27,Volume & Delivery,Unusual Volume - Bullish,,,False,1,N,,OHLC_D_I_UNUSVBULL
1784891717,"{'stkname': 'UTI NIF10GETF', 'ltp': '', 'perChg': '', 'stkId': 'NIF1022524', 'displayLock': 'N', 'scanproflg': 1, 'scUrl': 'etf/utinifty10yrbenchmarkg-secetf/NIF1022524', 'columns': [{'name': 'change %', 'value': '1.06'}, {'name': 'LTP', 'value': '26.72'}, {'name': '20-Delivery Volume Indicator value', 'value': '5,981.00'}]}",OHLC_D_I_UNUSVBULL,Unusual Volume - Bullish,Unusual Volume - Bullish,27,Volume & Delivery,Unusual Volume - Bullish,,,False,1,N,,OHLC_D_I_UNUSVBULL
1784891717,"{'stkname': 'Tips Films', 'ltp': '', 'perChg': '', 'stkId': 'TF15', 'displayLock': 'N', 'scanproflg': 1, 'scUrl': 'film-production-distributionentertainment/tipsfilms/TF14', 'columns': [{'name': 'change %', 'value': '5.31'}, {'name': 'LTP', 'value': '395.00'}, {'name': '20-Delivery Volume Indicator value', 'value': '70,611.00'}]}",OHLC_D_I_UNUSVBULL,Unusual Volume - Bullish,Unusual Volume - Bullish,27,Volume & Delivery,Unusual Volume - Bullish,,,False,1,N,,OHLC_D_I_UNUSVBULL
1784891717,"{'stkname': 'Creative Eye', 'ltp': '', 'perChg': '', 'stkId': 'CE08', 'displayLock': 'N', 'scanproflg': 1, 'scUrl': 'mediaentertainment/creativeeye/CE08', 'columns': [{'name': 'change %', 'value': '14.41'}, {'name': 'LTP', 'value': '6.83'}, {'name': '20-Delivery Volume Indicator value', 'value': '2,241.00'}]}",OHLC_D_I_UNUSVBULL,Unusual Volume - Bullish,Unusual Volume - Bullish,27,Volume & Delivery,Unusual Volume - Bullish,,,False,1,N,,OHLC_D_I_UNUSVBULL
1784891717,"{'stkname': 'Next Mediaworks', 'ltp': '', 'perChg': '', 'stkId': 'MDM01', 'displayLock': 'N', 'scanproflg': 1, 'scUrl': 'mediaentertainment/nextmediaworks/MDM01', 'columns': [{'name': 'change %', 'value': '2.63'}, {'name': 'LTP', 'value': '3.90'}, {'name': '20-Delivery Volume Indicator value', 'value': '4,912.00'}]}",OHLC_D_I_UNUSVBULL,Unusual Volume - Bullish,Unusual Volume - Bullish,27,Volume & Delivery,Unusual Volume - Bullish,,,False,1,N,,OHLC_D_I_UNUSVBULL
1784891717,"{'stkname': 'WPIL', 'ltp': '', 'perChg': '', 'stkId': 'WPI', 'displayLock': 'N', 'scanproflg': 1, 'scUrl': 'pumps/wpil/WPI', 'columns': [{'name': 'change %', 'value': '0.03'}, {'name': 'LTP', 'value': '442.70'}, {'name': '20-Delivery Volume Indicator value', 'value': '17,281.00'}]}",OHLC_D_I_UNUSVBULL,Unusual Volume - Bullish,Unusual Volume - Bullish,27,Volume & Delivery,Unusual Volume - Bullish,,,False,1,N,,OHLC_D_I_UNUSVBULL
1784891717,"{'stkname': 'Protean eGov', 'ltp': '', 'perChg': '', 'stkId': 'PETL', 'displayLock': 'N', 'scanproflg': 1, 'scUrl': 'it-servicesconsulting/proteanegovtechnologies/PeTL', 'columns': [{'name': 'change %', 'value': '3.90'}, {'name': 'LTP', 'value': '594.00'}, {'name': '20-Delivery Volume Indicator value', 'value': '249,397.00'}]}",OHLC_D_I_UNUSVBULL,Unusual Volume - Bullish,Unusual Volume - Bullish,27,Volume & Delivery,Unusual Volume - Bullish,,,False,1,N,,OHLC_D_I_UNUSVBULL
1784891717,"{'stkname': 'Tips Music', 'ltp': '', 'perChg': '', 'stkId': 'TI25', 'displayLock': 'N', 'scanproflg': 1, 'scUrl': 'film-production-distributionentertainment/tipsmusic/TI25', 'columns': [{'name': 'change %', 'value': '3.75'}, {'name': 'LTP', 'value': '702.00'}, {'name': '20-Delivery Volume Indicator value', 'value': '1.00'}]}",OHLC_D_I_UNUSVBULL,Unusual Volume - Bullish,Unusual Volume - Bullish,27,Volume & Delivery,Unusual Volume - Bullish,,,False,1,N,,OHLC_D_I_UNUSVBULL
1784891717,"{'stkname': 'Sri Lotus Devel', 'ltp': '', 'perChg': '', 'stkId': 'SLDRL', 'displayLock': 'N', 'scanproflg': 1, 'scUrl': 'construction-residentialcommercial-complexes/srilotusdevelopersrealty/SLDRL', 'columns': [{'name': 'change %', 'value': '3.85'}, {'name': 'LTP', 'value': '180.26'}, {'name': '20-Delivery Volume Indicator value', 'value': '1.54'}]}",OHLC_D_I_UNUSVBULL,Unusual Volume - Bullish,Unusual Volume - Bullish,27,Volume & Delivery,Unusual Volume - Bullish,,,False,1,N,,OHLC_D_I_UNUSVBULL
1784891717,"{'stkname': 'Corona Remedies', 'ltp': '', 'perChg': '', 'stkId': 'CRL02', 'displayLock': 'N', 'scanproflg': 1, 'scUrl': 'miscellaneous/coronaremedies/CRL02', 'columns': [{'name': 'change %', 'value': '3.73'}, {'name': 'LTP', 'value': '2,105.40'}, {'name': '20-Delivery Volume Indicator value', 'value': '11,811.00'}]}",OHLC_D_I_UNUSVBULL,Unusual Volume - Bullish,Unusual Volume - Bullish,27,Volume & Delivery,Unusual Volume - Bullish,,,False,1,N,,OHLC_D_I_UNUSVBULL
1784891717,"{'stkname': 'ESAF SFB', 'ltp': '', 'perChg': '', 'stkId': 'ESF02', 'displayLock': 'N', 'scanproflg': 1, 'scUrl': 'bank-private/esafsmallfinancebank/ESF02', 'columns': [{'name': 'change %', 'value': '8.83'}, {'name': 'LTP', 'value': '38.69'}, {'name': '20-Delivery Volume Indicator value', 'value': '1,415,031.00'}]}",OHLC_D_I_UNUSVBULL,Unusual Volume - Bullish,Unusual Volume - Bullish,27,Volume & Delivery,Unusual Volume - Bullish,,,False,1,N,,OHLC_D_I_UNUSVBULL
1784891717,"{'stkname': 'Bluestone Jewel', 'ltp': '', 'perChg': '', 'stkId': 'BJL', 'displayLock': 'N', 'scanproflg': 1, 'scUrl': 'diamondjewellery/bluestonejewellerylifestyle/BJL', 'columns': [{'name': 'change %', 'value': '4.28'}, {'name': 'LTP', 'value': '779.00'}, {'name': '20-Delivery Volume Indicator value', 'value': '2.51'}]}",OHLC_D_I_UNUSVBULL,Unusual Volume - Bullish,Unusual Volume - Bullish,27,Volume & Delivery,Unusual Volume - Bullish,,,False,1,N,,OHLC_D_I_UNUSVBULL
1784891717,"{'stkname': 'BLS E-Services', 'ltp': '', 'perChg': '', 'stkId': 'BEL', 'displayLock': 'N', 'scanproflg': 1, 'scUrl': 'online-services/blse-services/BEL', 'columns': [{'name': 'change %', 'value': '8.02'}, {'name': 'LTP', 'value': '284.60'}, {'name': '20-Delivery Volume Indicator value', 'value': '1,402,288.00'}]}",OHLC_D_I_UNUSVBULL,Unusual Volume - Bullish,Unusual Volume - Bullish,27,Volume & Delivery,Unusual Volume - Bullish,,,False,1,N,,OHLC_D_I_UNUSVBULL
1784891717,"{'stkname': 'GPT Healthcare', 'ltp': '', 'perChg': '', 'stkId': 'GHL02', 'displayLock': 'N', 'scanproflg': 1, 'scUrl': 'hospitalhealthcare-services/gpthealthcare/GHL02', 'columns': [{'name': 'change %', 'value': '2.07'}, {'name': 'LTP', 'value': '160.00'}, {'name': '20-Delivery Volume Indicator value', 'value': '146,113.00'}]}",OHLC_D_I_UNUSVBULL,Unusual Volume - Bullish,Unusual Volume - Bullish,27,Volume & Delivery,Unusual Volume - Bullish,,,False,1,N,,OHLC_D_I_UNUSVBULL
1784891717,"{'stkname': 'Ambika Cotton', 'ltp': '', 'perChg': '', 'stkId': 'ACM04', 'displayLock': 'N', 'scanproflg': 1, 'scUrl': 'textiles-spinning-cotton-blended/ambikacottonmills/ACM04', 'columns': [{'name': 'change %', 'value': '0.12'}, {'name': 'LTP', 'value': '1,699.20'}, {'name': '20-Delivery Volume Indicator value', 'value': '9,347.00'}]}",OHLC_D_I_UNUSVBULL,Unusual Volume - Bullish,Unusual Volume - Bullish,27,Volume & Delivery,Unusual Volume - Bullish,,,False,1,N,,OHLC_D_I_UNUSVBULL
1784891717,"{'stkname': 'Creative New', 'ltp': '', 'perChg': '', 'stkId': 'CPD', 'displayLock': 'N', 'scanproflg': 1, 'scUrl': 'miscellaneous/creativenewtech/CPD', 'columns': [{'name': 'change %', 'value': '18.88'}, {'name': 'LTP', 'value': '1,045.00'}, {'name': '20-Delivery Volume Indicator value', 'value': '23,656.00'}]}",OHLC_D_I_UNUSVBULL,Unusual Volume - Bullish,Unusual Volume - Bullish,27,Volume & Delivery,Unusual Volume - Bullish,,,False,1,N,,OHLC_D_I_UNUSVBULL
1784891717,"{'stkname': 'Filatex India', 'ltp': '', 'perChg': '', 'stkId': 'FI06', 'displayLock': 'N', 'scanproflg': 1, 'scUrl': 'textiles-manmade/filatexindia/FI06', 'columns': [{'name': 'change %', 'value': '2.92'}, {'name': 'LTP', 'value': '74.10'}, {'name': '20-Delivery Volume Indicator value', 'value': '2,298,521.00'}]}",OHLC_D_I_UNUSVBULL,Unusual Volume - Bullish,Unusual Volume - Bullish,27,Volume & Delivery,Unusual Volume - Bullish,,,False,1,N,,OHLC_D_I_UNUSVBULL
1784891717,"{'stkname': 'KCP Sugar', 'ltp': '', 'perChg': '', 'stkId': 'KCP01', 'displayLock': 'N', 'scanproflg': 1, 'scUrl': 'sugar/kcpsugarindcorp/KCP01', 'columns': [{'name': 'change %', 'value': '15.34'}, {'name': 'LTP', 'value': '27.90'}, {'name': '20-Delivery Volume Indicator value', 'value': '237,183.00'}]}",OHLC_D_I_UNUSVBULL,Unusual Volume - Bullish,Unusual Volume - Bullish,27,Volume & Delivery,Unusual Volume - Bullish,,,False,1,N,,OHLC_D_I_UNUSVBULL
1784891717,"{'stkname': 'GRP', 'ltp': '', 'perChg': '', 'stkId': 'GRR', 'displayLock': 'N', 'scanproflg': 1, 'scUrl': 'rubber/grp/GRR', 'columns': [{'name': 'change %', 'value': '2.05'}, {'name': 'LTP', 'value': '2,013.00'}, {'name': '20-Delivery Volume Indicator value', 'value': '13,519.00'}]}",OHLC_D_I_UNUSVBULL,Unusual Volume - Bullish,Unusual Volume - Bullish,27,Volume & Delivery,Unusual Volume - Bullish,,,False,1,N,,OHLC_D_I_UNUSVBULL
1784891717,"{'stkname': 'Rattan Power', 'ltp': '', 'perChg': '', 'stkId': 'IP08', 'displayLock': 'N', 'scanproflg': 1, 'scUrl': 'power-generationdistribution/rattanindiapower/IP09', 'columns': [{'name': 'change %', 'value': '1.87'}, {'name': 'LTP', 'value': '8.70'}, {'name': '20-Delivery Volume Indicator value', 'value': '7,658,591.00'}]}",OHLC_D_I_UNUSVBULL,Unusual Volume - Bullish,Unusual Volume - Bullish,27,Volume & Delivery,Unusual Volume - Bullish,,,False,1,N,,OHLC_D_I_UNUSVBULL
1784891717,"{'stkname': 'Rushil Decor', 'ltp': '', 'perChg': '', 'stkId': 'RD02', 'displayLock': 'N', 'scanproflg': 1, 'scUrl': 'woodwood-products/rushildecor/RD02', 'columns': [{'name': 'change %', 'value': '6.60'}, {'name': 'LTP', 'value': '18.10'}, {'name': '20-Delivery Volume Indicator value', 'value': '870,059.00'}]}",OHLC_D_I_UNUSVBULL,Unusual Volume - Bullish,Unusual Volume - Bullish,27,Volume & Delivery,Unusual Volume - Bullish,,,False,1,N,,OHLC_D_I_UNUSVBULL
1784891717,"{'stkname': 'NR Agarwal', 'ltp': '', 'perChg': '', 'stkId': 'NRA', 'displayLock': 'N', 'scanproflg': 1, 'scUrl': 'paper/nragarwalindustries/NRA', 'columns': [{'name': 'change %', 'value': '5.82'}, {'name': 'LTP', 'value': '516.00'}, {'name': '20-Delivery Volume Indicator value', 'value': '36,293.00'}]}",OHLC_D_I_UNUSVBULL,Unusual Volume - Bullish,Unusual Volume - Bullish,27,Volume & Delivery,Unusual Volume - Bullish,,,False,1,N,,OHLC_D_I_UNUSVBULL
1784891717,"{'stkname': 'Wendt', 'ltp': '', 'perChg': '', 'stkId': 'WI05', 'displayLock': 'N', 'scanproflg': 1, 'scUrl': 'abrasives/wendtindia/WI05', 'columns': [{'name': 'change %', 'value': '9.75'}, {'name': 'LTP', 'value': '8,150.00'}, {'name': '20-Delivery Volume Indicator value', 'value': '3,593.00'}]}",OHLC_D_I_UNUSVBULL,Unusual Volume - Bullish,Unusual Volume - Bullish,27,Volume & Delivery,Unusual Volume - Bullish,,,False,1,N,,OHLC_D_I_UNUSVBULL
1784891717,"{'stkname': 'MPS', 'ltp': '', 'perChg': '', 'stkId': 'MI31', 'displayLock': 'N', 'scanproflg': 1, 'scUrl': 'printingstationery/mps/MI31', 'columns': [{'name': 'change %', 'value': '5.42'}, {'name': 'LTP', 'value': '2,786.00'}, {'name': '20-Delivery Volume Indicator value', 'value': '915,397.00'}]}",OHLC_D_I_UNUSVBULL,Unusual Volume - Bullish,Unusual Volume - Bullish,27,Volume & Delivery,Unusual Volume - Bullish,,,False,1,N,,OHLC_D_I_UNUSVBULL
1784891717,"{'stkname': 'VRL Logistics', 'ltp': '', 'perChg': '', 'stkId': 'VL08', 'displayLock': 'N', 'scanproflg': 1, 'scUrl': 'transportlogistics/vrllogistics/VL03', 'columns': [{'name': 'change %', 'value': '0.25'}, {'name': 'LTP', 'value': '242.00'}, {'name': '20-Delivery Volume Indicator value', 'value': '832,716.00'}]}",OHLC_D_I_UNUSVBULL,Unusual Volume - Bullish,Unusual Volume - Bullish,27,Volume & Delivery,Unusual Volume - Bullish,,,False,1,N,,OHLC_D_I_UNUSVBULL
1784891717,"{'stkname': 'Huhtamaki India', 'ltp': '', 'perChg': '', 'stkId': 'PP', 'displayLock': 'N', 'scanproflg': 1, 'scUrl': 'packaging/huhtamakiindia/PP', 'columns': [{'name': 'change %', 'value': '6.66'}, {'name': 'LTP', 'value': '317.20'}, {'name': '20-Delivery Volume Indicator value', 'value': '1.38'}]}",OHLC_D_I_UNUSVBULL,Unusual Volume - Bullish,Unusual Volume - Bullish,27,Volume & Delivery,Unusual Volume - Bullish,,,False,1,N,,OHLC_D_I_UNUSVBULL
1784891717,"{'stkname': 'Bodhi Tree Mult', 'ltp': '', 'perChg': '', 'stkId': 'BTM04', 'displayLock': 'N', 'scanproflg': 1, 'scUrl': 'tv-broadcastingsoftware-production/bodhitreemultimedia/BTM04', 'columns': [{'name': 'change %', 'value': '15.13'}, {'name': 'LTP', 'value': '7.00'}, {'name': '20-Delivery Volume Indicator value', 'value': '18,556.00'}]}",OHLC_D_I_UNUSVBULL,Unusual Volume - Bullish,Unusual Volume - Bullish,27,Volume & Delivery,Unusual Volume - Bullish,,,False,1,N,,OHLC_D_I_UNUSVBULL
1784891717,"{'stkname': 'GP Petroleums', 'ltp': '', 'perChg': '', 'stkId': 'SP36', 'displayLock': 'N', 'scanproflg': 1, 'scUrl': 'lubricants/gppetroleums/SP36', 'columns': [{'name': 'change %', 'value': '5.00'}, {'name': 'LTP', 'value': '43.28'}, {'name': '20-Delivery Volume Indicator value', 'value': '166,640.00'}]}",OHLC_D_I_UNUSVBULL,Unusual Volume - Bullish,Unusual Volume - Bullish,27,Volume & Delivery,Unusual Volume - Bullish,,,False,1,N,,OHLC_D_I_UNUSVBULL
1784891717,"{'stkname': 'Cineline India', 'ltp': '', 'perChg': '', 'stkId': 'CI38', 'displayLock': 'N', 'scanproflg': 1, 'scUrl': 'mediaentertainment/cinelineindia/CI38', 'columns': [{'name': 'change %', 'value': '8.35'}, {'name': 'LTP', 'value': '87.03'}, {'name': '20-Delivery Volume Indicator value', 'value': '29,280.00'}]}",OHLC_D_I_UNUSVBULL,Unusual Volume - Bullish,Unusual Volume - Bullish,27,Volume & Delivery,Unusual Volume - Bullish,,,False,1,N,,OHLC_D_I_UNUSVBULL
1784891717,"{'stkname': 'Kaya', 'ltp': '', 'perChg': '', 'stkId': 'K03', 'displayLock': 'N', 'scanproflg': 1, 'scUrl': 'miscellaneous/kaya/K03', 'columns': [{'name': 'change %', 'value': '6.34'}, {'name': 'LTP', 'value': '281.80'}, {'name': '20-Delivery Volume Indicator value', 'value': '65,431.00'}]}",OHLC_D_I_UNUSVBULL,Unusual Volume - Bullish,Unusual Volume - Bullish,27,Volume & Delivery,Unusual Volume - Bullish,,,False,1,N,,OHLC_D_I_UNUSVBULL
1784891717,"{'stkname': 'PVR INOX', 'ltp': '', 'perChg': '', 'stkId': 'PVR', 'displayLock': 'N', 'scanproflg': 1, 'scUrl': 'mediaentertainment/pvrinox/PVR', 'columns': [{'name': 'change %', 'value': '4.73'}, {'name': 'LTP', 'value': '1,055.00'}, {'name': '20-Delivery Volume Indicator value', 'value': '2,013,656.00'}]}",OHLC_D_I_UNUSVBULL,Unusual Volume - Bullish,Unusual Volume - Bullish,27,Volume & Delivery,Unusual Volume - Bullish,,,False,1,N,,OHLC_D_I_UNUSVBULL
1784891717,"{'stkname': 'Greenlam Ind', 'ltp': '', 'perChg': '', 'stkId': 'GI28', 'displayLock': 'N', 'scanproflg': 1, 'scUrl': 'miscellaneous/greenlamindustries/GI31', 'columns': [{'name': 'change %', 'value': '6.08'}, {'name': 'LTP', 'value': '256.55'}, {'name': '20-Delivery Volume Indicator value', 'value': '163,719.00'}]}",OHLC_D_I_UNUSVBULL,Unusual Volume - Bullish,Unusual Volume - Bullish,27,Volume & Delivery,Unusual Volume - Bullish,,,False,1,N,,OHLC_D_I_UNUSVBULL
1784891717,"{'stkname': 'Dr Lal PathLab', 'ltp': '', 'perChg': '', 'stkId': 'DLP01', 'displayLock': 'N', 'scanproflg': 1, 'scUrl': 'pharmaceuticals/drlalpathlabs/DLP01', 'columns': [{'name': 'change %', 'value': '5.21'}, {'name': 'LTP', 'value': '1,775.00'}, {'name': '20-Delivery Volume Indicator value', 'value': '151,255.00'}]}",OHLC_D_I_UNUSVBULL,Unusual Volume - Bullish,Unusual Volume - Bullish,27,Volume & Delivery,Unusual Volume - Bullish,,,False,1,N,,OHLC_D_I_UNUSVBULL
1784891717,"{'stkname': 'Allied Digital', 'ltp': '', 'perChg': '', 'stkId': 'ADS01', 'displayLock': 'N', 'scanproflg': 1, 'scUrl': 'computers-software-mediumsmall/allieddigitalservices/ADS01', 'columns': [{'name': 'change %', 'value': '2.83'}, {'name': 'LTP', 'value': '117.15'}, {'name': '20-Delivery Volume Indicator value', 'value': '107,764.00'}]}",OHLC_D_I_UNUSVBULL,Unusual Volume - Bullish,Unusual Volume - Bullish,27,Volume & Delivery,Unusual Volume - Bullish,,,False,1,N,,OHLC_D_I_UNUSVBULL
1784891717,"{'stkname': 'Blue Dart', 'ltp': '', 'perChg': '', 'stkId': 'BDE', 'displayLock': 'N', 'scanproflg': 1, 'scUrl': 'couriers/bluedartexpress/BDE', 'columns': [{'name': 'change %', 'value': '3.03'}, {'name': 'LTP', 'value': '4,910.00'}, {'name': '20-Delivery Volume Indicator value', 'value': '6,742.00'}]}",OHLC_D_I_UNUSVBULL,Unusual Volume - Bullish,Unusual Volume - Bullish,27,Volume & Delivery,Unusual Volume - Bullish,,,False,1,N,,OHLC_D_I_UNUSVBULL
1784891717,"{'stkname': 'Softtech Engine', 'ltp': '', 'perChg': '', 'stkId': 'SE26', 'displayLock': 'N', 'scanproflg': 1, 'scUrl': 'computers-software/softtechengineers/SE24', 'columns': [{'name': 'change %', 'value': '0.90'}, {'name': 'LTP', 'value': '418.80'}, {'name': '20-Delivery Volume Indicator value', 'value': '1,039.00'}]}",OHLC_D_I_UNUSVBULL,Unusual Volume - Bullish,Unusual Volume - Bullish,27,Volume & Delivery,Unusual Volume - Bullish,,,False,1,N,,OHLC_D_I_UNUSVBULL
1784891717,"{'stkname': 'Thyrocare Techn', 'ltp': '', 'perChg': '', 'stkId': 'TT14', 'displayLock': 'N', 'scanproflg': 1, 'scUrl': 'hospitalsmedical-services/thyrocaretechnologies/TT16', 'columns': [{'name': 'change %', 'value': '3.67'}, {'name': 'LTP', 'value': '565.25'}, {'name': '20-Delivery Volume Indicator value', 'value': '312,670.00'}]}",OHLC_D_I_UNUSVBULL,Unusual Volume - Bullish,Unusual Volume - Bullish,27,Volume & Delivery,Unusual Volume - Bullish,,,False,1,N,,OHLC_D_I_UNUSVBULL
1784891717,"{'stkname': 'Asian Hotels', 'ltp': '', 'perChg': '', 'stkId': 'AH', 'displayLock': 'N', 'scanproflg': 1, 'scUrl': 'hotels/asianhotelsnorth/AH', 'columns': [{'name': 'change %', 'value': '6.53'}, {'name': 'LTP', 'value': '310.00'}, {'name': '20-Delivery Volume Indicator value', 'value': '292,342.00'}]}",OHLC_D_I_UNUSVBULL,Unusual Volume - Bullish,Unusual Volume - Bullish,27,Volume & Delivery,Unusual Volume - Bullish,,,False,1,N,,OHLC_D_I_UNUSVBULL
1784891717,"{'stkname': 'Krsnaa Diagnost', 'ltp': '', 'perChg': '', 'stkId': 'KD08', 'displayLock': 'N', 'scanproflg': 1, 'scUrl': 'hospitalhealthcare-services/krsnaadiagnostics/KD03', 'columns': [{'name': 'change %', 'value': '1.61'}, {'name': 'LTP', 'value': '545.05'}, {'name': '20-Delivery Volume Indicator value', 'value': '25,119.00'}]}",OHLC_D_I_UNUSVBULL,Unusual Volume - Bullish,Unusual Volume - Bullish,27,Volume & Delivery,Unusual Volume - Bullish,,,False,1,N,,OHLC_D_I_UNUSVBULL
1784891717,"{'stkname': 'IFB Agro', 'ltp': '', 'perChg': '', 'stkId': 'IFB', 'displayLock': 'N', 'scanproflg': 1, 'scUrl': 'breweriesdistilleries/ifbagroindustries/IFB', 'columns': [{'name': 'change %', 'value': '3.95'}, {'name': 'LTP', 'value': '992.00'}, {'name': '20-Delivery Volume Indicator value', 'value': '4,616.00'}]}",OHLC_D_I_UNUSVBULL,Unusual Volume - Bullish,Unusual Volume - Bullish,27,Volume & Delivery,Unusual Volume - Bullish,,,False,1,N,,OHLC_D_I_UNUSVBULL
1784891717,"{'stkname': 'Prudent Advisor', 'ltp': '', 'perChg': '', 'stkId': 'PCA', 'displayLock': 'N', 'scanproflg': 1, 'scUrl': 'finance-investment/prudentcorporateadvisoryservices/PCA01', 'columns': [{'name': 'change %', 'value': '0.65'}, {'name': 'LTP', 'value': '2,890.00'}, {'name': '20-Delivery Volume Indicator value', 'value': '40,104.00'}]}",OHLC_D_I_UNUSVBULL,Unusual Volume - Bullish,Unusual Volume - Bullish,27,Volume & Delivery,Unusual Volume - Bullish,,,False,1,N,,OHLC_D_I_UNUSVBULL
1784891717,"{'stkname': 'Tourism Finance', 'ltp': '', 'perChg': '', 'stkId': 'TFC', 'displayLock': 'N', 'scanproflg': 1, 'scUrl': 'finance-term-lending-institutions/tourismfinancecorpindia/TFC', 'columns': [{'name': 'change %', 'value': '7.08'}, {'name': 'LTP', 'value': '87.90'}, {'name': '20-Delivery Volume Indicator value', 'value': '1.21'}]}",OHLC_D_I_UNUSVBULL,Unusual Volume - Bullish,Unusual Volume - Bullish,27,Volume & Delivery,Unusual Volume - Bullish,,,False,1,N,,OHLC_D_I_UNUSVBULL
1784891717,"{'stkname': 'Arihant Capital', 'ltp': '', 'perChg': '', 'stkId': 'ACM02', 'displayLock': 'N', 'scanproflg': 1, 'scUrl': 'finance-investments/arihantcapitalmarkets/ACM02', 'columns': [{'name': 'change %', 'value': '0.68'}, {'name': 'LTP', 'value': '82.00'}, {'name': '20-Delivery Volume Indicator value', 'value': '881,017.00'}]}",OHLC_D_I_UNUSVBULL,Unusual Volume - Bullish,Unusual Volume - Bullish,27,Volume & Delivery,Unusual Volume - Bullish,,,False,1,N,,OHLC_D_I_UNUSVBULL
1784891717,"{'stkname': 'Guj Amb Exports', 'ltp': '', 'perChg': '', 'stkId': 'GAE', 'displayLock': 'N', 'scanproflg': 1, 'scUrl': 'food-processing/gujaratambujaexports/GAE', 'columns': [{'name': 'change %', 'value': '9.13'}, {'name': 'LTP', 'value': '151.85'}, {'name': '20-Delivery Volume Indicator value', 'value': '828,280.00'}]}",OHLC_D_I_UNUSVBULL,Unusual Volume - Bullish,Unusual Volume - Bullish,27,Volume & Delivery,Unusual Volume - Bullish,,,False,1,N,,OHLC_D_I_UNUSVBULL
1784891717,"{'stkname': 'Max India', 'ltp': '', 'perChg': '', 'stkId': 'MIL18', 'displayLock': 'N', 'scanproflg': 1, 'scUrl': 'finance-investment/maxindialimited/MIL19', 'columns': [{'name': 'change %', 'value': '11.08'}, {'name': 'LTP', 'value': '184.00'}, {'name': '20-Delivery Volume Indicator value', 'value': '182,707.00'}]}",OHLC_D_I_UNUSVBULL,Unusual Volume - Bullish,Unusual Volume - Bullish,27,Volume & Delivery,Unusual Volume - Bullish,,,False,1,N,,OHLC_D_I_UNUSVBULL
1784891717,"{'stkname': 'Nuvama Wealth', 'ltp': '', 'perChg': '', 'stkId': 'NWML', 'displayLock': 'N', 'scanproflg': 1, 'scUrl': 'finance-others/nuvamawealthmanagement/NWML', 'columns': [{'name': 'change %', 'value': '0.66'}, {'name': 'LTP', 'value': '1,960.10'}, {'name': '20-Delivery Volume Indicator value', 'value': '868,840.00'}]}",OHLC_D_I_UNUSVBULL,Unusual Volume - Bullish,Unusual Volume - Bullish,27,Volume & Delivery,Unusual Volume - Bullish,,,False,1,N,,OHLC_D_I_UNUSVBULL
1784891717,"{'stkname': 'Satin Credit', 'ltp': '', 'perChg': '', 'stkId': 'SCN', 'displayLock': 'N', 'scanproflg': 1, 'scUrl': 'finance-term-lending/satincreditcarenetwork/SCN', 'columns': [{'name': 'change %', 'value': '4.90'}, {'name': 'LTP', 'value': '268.80'}, {'name': '20-Delivery Volume Indicator value', 'value': '312,785.00'}]}",OHLC_D_I_UNUSVBULL,Unusual Volume - Bullish,Unusual Volume - Bullish,27,Volume & Delivery,Unusual Volume - Bullish,,,False,1,N,,OHLC_D_I_UNUSVBULL
1784891717,"{'stkname': 'HEG', 'ltp': '', 'perChg': '', 'stkId': 'HEG', 'displayLock': 'N', 'scanproflg': 1, 'scUrl': 'electrodesgraphite/heg/HEG', 'columns': [{'name': 'change %', 'value': '2.12'}, {'name': 'LTP', 'value': '637.10'}, {'name': '20-Delivery Volume Indicator value', 'value': '1.88'}]}",OHLC_D_I_UNUSVBULL,Unusual Volume - Bullish,Unusual Volume - Bullish,27,Volume & Delivery,Unusual Volume - Bullish,,,False,1,N,,OHLC_D_I_UNUSVBULL
1784891717,"{'stkname': 'Rama Phosphates', 'ltp': '', 'perChg': '', 'stkId': 'RP07', 'displayLock': 'N', 'scanproflg': 1, 'scUrl': 'fertilisers/ramaphosphates/RP07', 'columns': [{'name': 'change %', 'value': '4.72'}, {'name': 'LTP', 'value': '131.12'}, {'name': '20-Delivery Volume Indicator value', 'value': '15,969.00'}]}",OHLC_D_I_UNUSVBULL,Unusual Volume - Bullish,Unusual Volume - Bullish,27,Volume & Delivery,Unusual Volume - Bullish,,,False,1,N,,OHLC_D_I_UNUSVBULL
1784891717,"{'stkname': 'Shivalik Rasa', 'ltp': '', 'perChg': '', 'stkId': 'SR07', 'displayLock': 'N', 'scanproflg': 1, 'scUrl': 'pesticidesagrochemicals/shivalikrasayan/SR9', 'columns': [{'name': 'change %', 'value': '5.00'}, {'name': 'LTP', 'value': '253.76'}, {'name': '20-Delivery Volume Indicator value', 'value': '40,998.00'}]}",OHLC_D_I_UNUSVBULL,Unusual Volume - Bullish,Unusual Volume - Bullish,27,Volume & Delivery,Unusual Volume - Bullish,,,False,1,N,,OHLC_D_I_UNUSVBULL
1784891717,"{'stkname': 'Coral India Fin', 'ltp': '', 'perChg': '', 'stkId': 'CIF02', 'displayLock': 'N', 'scanproflg': 1, 'scUrl': 'finance-housing/coralindiafinancehousing/CIF02', 'columns': [{'name': 'change %', 'value': '4.95'}, {'name': 'LTP', 'value': '32.88'}, {'name': '20-Delivery Volume Indicator value', 'value': '31,841.00'}]}",OHLC_D_I_UNUSVBULL,Unusual Volume - Bullish,Unusual Volume - Bullish,27,Volume & Delivery,Unusual Volume - Bullish,,,False,1,N,,OHLC_D_I_UNUSVBULL
1784891717,"{'stkname': 'Action Const', 'ltp': '', 'perChg': '', 'stkId': 'ACE3', 'displayLock': 'N', 'scanproflg': 1, 'scUrl': 'engineering-heavy/actionconstructionequipment/ACE3', 'columns': [{'name': 'change %', 'value': '6.13'}, {'name': 'LTP', 'value': '1,039.00'}, {'name': '20-Delivery Volume Indicator value', 'value': '742,730.00'}]}",OHLC_D_I_UNUSVBULL,Unusual Volume - Bullish,Unusual Volume - Bullish,27,Volume & Delivery,Unusual Volume - Bullish,,,False,1,N,,OHLC_D_I_UNUSVBULL
1784891717,"{'stkname': 'Aaron Industrie', 'ltp': '', 'perChg': '', 'stkId': 'AI69', 'displayLock': 'N', 'scanproflg': 1, 'scUrl': 'engineering/aaronindustries/AI79', 'columns': [{'name': 'change %', 'value': '20.00'}, {'name': 'LTP', 'value': '135.25'}, {'name': '20-Delivery Volume Indicator value', 'value': '16,464.00'}]}",OHLC_D_I_UNUSVBULL,Unusual Volume - Bullish,Unusual Volume - Bullish,27,Volume & Delivery,Unusual Volume - Bullish,,,False,1,N,,OHLC_D_I_UNUSVBULL
1784891717,"{'stkname': 'Graphite India', 'ltp': '', 'perChg': '', 'stkId': 'GI13', 'displayLock': 'N', 'scanproflg': 1, 'scUrl': 'electrodesgraphite/graphiteindia/GI13', 'columns': [{'name': 'change %', 'value': '1.88'}, {'name': 'LTP', 'value': '670.30'}, {'name': '20-Delivery Volume Indicator value', 'value': '6,399,257.00'}]}",OHLC_D_I_UNUSVBULL,Unusual Volume - Bullish,Unusual Volume - Bullish,27,Volume & Delivery,Unusual Volume - Bullish,,,False,1,N,,OHLC_D_I_UNUSVBULL
1784891717,"{'stkname': 'ICE Make Refrig', 'ltp': '', 'perChg': '', 'stkId': 'IMR', 'displayLock': 'N', 'scanproflg': 1, 'scUrl': 'miscellaneous/icemakerefrigeration/IMR', 'columns': [{'name': 'change %', 'value': '1.22'}, {'name': 'LTP', 'value': '864.40'}, {'name': '20-Delivery Volume Indicator value', 'value': '68,996.00'}]}",OHLC_D_I_UNUSVBULL,Unusual Volume - Bullish,Unusual Volume - Bullish,27,Volume & Delivery,Unusual Volume - Bullish,,,False,1,N,,OHLC_D_I_UNUSVBULL
1784891717,"{'stkname': 'Deep Ind', 'ltp': '', 'perChg': '', 'stkId': 'DI22', 'displayLock': 'N', 'scanproflg': 1, 'scUrl': 'oil-explorationproduction/deepindustries/DI02', 'columns': [{'name': 'change %', 'value': '4.68'}, {'name': 'LTP', 'value': '481.00'}, {'name': '20-Delivery Volume Indicator value', 'value': '112,537.00'}]}",OHLC_D_I_UNUSVBULL,Unusual Volume - Bullish,Unusual Volume - Bullish,27,Volume & Delivery,Unusual Volume - Bullish,,,False,1,N,,OHLC_D_I_UNUSVBULL
1784891717,"{'stkname': 'Intl Conveyor', 'ltp': '', 'perChg': '', 'stkId': 'IC05', 'displayLock': 'N', 'scanproflg': 1, 'scUrl': 'miscellaneous/internationalconveyors/IC05', 'columns': [{'name': 'change %', 'value': '3.42'}, {'name': 'LTP', 'value': '76.20'}, {'name': '20-Delivery Volume Indicator value', 'value': '69,068.00'}]}",OHLC_D_I_UNUSVBULL,Unusual Volume - Bullish,Unusual Volume - Bullish,27,Volume & Delivery,Unusual Volume - Bullish,,,False,1,N,,OHLC_D_I_UNUSVBULL
1784891717,"{'stkname': 'Bhageria Indu', 'ltp': '', 'perChg': '', 'stkId': 'BD02', 'displayLock': 'N', 'scanproflg': 1, 'scUrl': 'dyespigments/bhageriaindustries/BD02', 'columns': [{'name': 'change %', 'value': '0.39'}, {'name': 'LTP', 'value': '229.00'}, {'name': '20-Delivery Volume Indicator value', 'value': '46,013.00'}]}",OHLC_D_I_UNUSVBULL,Unusual Volume - Bullish,Unusual Volume - Bullish,27,Volume & Delivery,Unusual Volume - Bullish,,,False,1,N,,OHLC_D_I_UNUSVBULL
1784891717,"{'stkname': 'Epigral', 'ltp': '', 'perChg': '', 'stkId': 'MF24', 'displayLock': 'N', 'scanproflg': 1, 'scUrl': 'speciality-chemicals/epigral/MF23', 'columns': [{'name': 'change %', 'value': '1.02'}, {'name': 'LTP', 'value': '1,163.70'}, {'name': '20-Delivery Volume Indicator value', 'value': '85,789.00'}]}",OHLC_D_I_UNUSVBULL,Unusual Volume - Bullish,Unusual Volume - Bullish,27,Volume & Delivery,Unusual Volume - Bullish,,,False,1,N,,OHLC_D_I_UNUSVBULL
1784891717,"{'stkname': 'Arvind Smart', 'ltp': '', 'perChg': '', 'stkId': 'AI66', 'displayLock': 'N', 'scanproflg': 1, 'scUrl': 'infrastructure-general/arvindsmartspaces/AI72', 'columns': [{'name': 'change %', 'value': '3.14'}, {'name': 'LTP', 'value': '609.60'}, {'name': '20-Delivery Volume Indicator value', 'value': '12,220.00'}]}",OHLC_D_I_UNUSVBULL,Unusual Volume - Bullish,Unusual Volume - Bullish,27,Volume & Delivery,Unusual Volume - Bullish,,,False,1,N,,OHLC_D_I_UNUSVBULL
1784891717,"{'stkname': 'Asahi Songwon', 'ltp': '', 'perChg': '', 'stkId': 'ASC01', 'displayLock': 'N', 'scanproflg': 1, 'scUrl': 'dyespigments/asahisongwoncolors/ASC01', 'columns': [{'name': 'change %', 'value': '4.11'}, {'name': 'LTP', 'value': '332.00'}, {'name': '20-Delivery Volume Indicator value', 'value': '130,203.00'}]}",OHLC_D_I_UNUSVBULL,Unusual Volume - Bullish,Unusual Volume - Bullish,27,Volume & Delivery,Unusual Volume - Bullish,,,False,1,N,,OHLC_D_I_UNUSVBULL
1784891717,"{'stkname': 'Indo Borax', 'ltp': '', 'perChg': '', 'stkId': 'IBC', 'displayLock': 'N', 'scanproflg': 1, 'scUrl': 'chemicals/indoboraxchemicals/IBC', 'columns': [{'name': 'change %', 'value': '14.59'}, {'name': 'LTP', 'value': '428.00'}, {'name': '20-Delivery Volume Indicator value', 'value': '448,010.00'}]}",OHLC_D_I_UNUSVBULL,Unusual Volume - Bullish,Unusual Volume - Bullish,27,Volume & Delivery,Unusual Volume - Bullish,,,False,1,N,,OHLC_D_I_UNUSVBULL
1784891717,"{'stkname': 'Lords Chloro', 'ltp': '', 'perChg': '', 'stkId': 'MAC03', 'displayLock': 'N', 'scanproflg': 1, 'scUrl': 'chemicals/lordschloroalkali/LCA01', 'columns': [{'name': 'change %', 'value': '2.16'}, {'name': 'LTP', 'value': '148.20'}, {'name': '20-Delivery Volume Indicator value', 'value': '23,238.00'}]}",OHLC_D_I_UNUSVBULL,Unusual Volume - Bullish,Unusual Volume - Bullish,27,Volume & Delivery,Unusual Volume - Bullish,,,False,1,N,,OHLC_D_I_UNUSVBULL
1784891717,"{'stkname': 'Asian Granito', 'ltp': '', 'perChg': '', 'stkId': 'AGI04', 'displayLock': 'N', 'scanproflg': 1, 'scUrl': 'ceramicsgranite/asiangranitoindia/AGI04', 'columns': [{'name': 'change %', 'value': '1.04'}, {'name': 'LTP', 'value': '52.42'}, {'name': '20-Delivery Volume Indicator value', 'value': '5.32'}]}",OHLC_D_I_UNUSVBULL,Unusual Volume - Bullish,Unusual Volume - Bullish,27,Volume & Delivery,Unusual Volume - Bullish,,,False,1,N,,OHLC_D_I_UNUSVBULL
1784891717,"{'stkname': 'Dilip Buildcon', 'ltp': '', 'perChg': '', 'stkId': 'DB03', 'displayLock': 'N', 'scanproflg': 1, 'scUrl': 'constructioncontracting-civil/dilipbuildcon/DB04', 'columns': [{'name': 'change %', 'value': '8.76'}, {'name': 'LTP', 'value': '420.70'}, {'name': '20-Delivery Volume Indicator value', 'value': '108,470.00'}]}",OHLC_D_I_UNUSVBULL,Unusual Volume - Bullish,Unusual Volume - Bullish,27,Volume & Delivery,Unusual Volume - Bullish,,,False,1,N,,OHLC_D_I_UNUSVBULL
1784891717,"{'stkname': 'Exxaro Tiles', 'ltp': '', 'perChg': '', 'stkId': 'ET05', 'displayLock': 'N', 'scanproflg': 1, 'scUrl': 'ceramicsmarblegranitesanitaryware/exxarotiles/ET02', 'columns': [{'name': 'change %', 'value': '6.23'}, {'name': 'LTP', 'value': '6.65'}, {'name': '20-Delivery Volume Indicator value', 'value': '109,078.00'}]}",OHLC_D_I_UNUSVBULL,Unusual Volume - Bullish,Unusual Volume - Bullish,27,Volume & Delivery,Unusual Volume - Bullish,,,False,1,N,,OHLC_D_I_UNUSVBULL
1784891717,"{'stkname': 'Ahluwalia', 'ltp': '', 'perChg': '', 'stkId': 'ACI12', 'displayLock': 'N', 'scanproflg': 1, 'scUrl': 'constructioncontracting-civil/ahluwaliacontractsindia/ACI12', 'columns': [{'name': 'change %', 'value': '2.62'}, {'name': 'LTP', 'value': '821.20'}, {'name': '20-Delivery Volume Indicator value', 'value': '67,987.00'}]}",OHLC_D_I_UNUSVBULL,Unusual Volume - Bullish,Unusual Volume - Bullish,27,Volume & Delivery,Unusual Volume - Bullish,,,False,1,N,,OHLC_D_I_UNUSVBULL
1784891717,"{'stkname': 'Guj Alkali', 'ltp': '', 'perChg': '', 'stkId': 'GAC01', 'displayLock': 'N', 'scanproflg': 1, 'scUrl': 'chemicals/gujaratalkalieschemicals/GAC01', 'columns': [{'name': 'change %', 'value': '4.49'}, {'name': 'LTP', 'value': '672.90'}, {'name': '20-Delivery Volume Indicator value', 'value': '219,640.00'}]}",OHLC_D_I_UNUSVBULL,Unusual Volume - Bullish,Unusual Volume - Bullish,27,Volume & Delivery,Unusual Volume - Bullish,,,False,1,N,,OHLC_D_I_UNUSVBULL
1784891717,"{'stkname': 'Manali Petro', 'ltp': '', 'perChg': '', 'stkId': 'MP02', 'displayLock': 'N', 'scanproflg': 1, 'scUrl': 'petrochemicals/manalipetrochemicals/MP02', 'columns': [{'name': 'change %', 'value': '1.85'}, {'name': 'LTP', 'value': '66.00'}, {'name': '20-Delivery Volume Indicator value', 'value': '444,884.00'}]}",OHLC_D_I_UNUSVBULL,Unusual Volume - Bullish,Unusual Volume - Bullish,27,Volume & Delivery,Unusual Volume - Bullish,,,False,1,N,,OHLC_D_I_UNUSVBULL
1784891717,"{'stkname': 'Shree Digvijay', 'ltp': '', 'perChg': '', 'stkId': 'SDC', 'displayLock': 'N', 'scanproflg': 1, 'scUrl': 'cement-major/shreedigvijaycementcompany/SDC', 'columns': [{'name': 'change %', 'value': '1.95'}, {'name': 'LTP', 'value': '76.35'}, {'name': '20-Delivery Volume Indicator value', 'value': '78,758.00'}]}",OHLC_D_I_UNUSVBULL,Unusual Volume - Bullish,Unusual Volume - Bullish,27,Volume & Delivery,Unusual Volume - Bullish,,,False,1,N,,OHLC_D_I_UNUSVBULL
1784891717,"{'stkname': 'ACC', 'ltp': '', 'perChg': '', 'stkId': 'ACC', 'displayLock': 'N', 'scanproflg': 1, 'scUrl': 'cement-major/acc/ACC06', 'columns': [{'name': 'change %', 'value': '0.61'}, {'name': 'LTP', 'value': '1,342.00'}, {'name': '20-Delivery Volume Indicator value', 'value': '136,931.00'}]}",OHLC_D_I_UNUSVBULL,Unusual Volume - Bullish,Unusual Volume - Bullish,27,Volume & Delivery,Unusual Volume - Bullish,,,False,1,N,,OHLC_D_I_UNUSVBULL
1784891717,"{'stkname': 'Atul', 'ltp': '', 'perChg': '', 'stkId': 'A06', 'displayLock': 'N', 'scanproflg': 1, 'scUrl': 'chemicals/atul/A06', 'columns': [{'name': 'change %', 'value': '5.60'}, {'name': 'LTP', 'value': '6,473.50'}, {'name': '20-Delivery Volume Indicator value', 'value': '54,072.00'}]}",OHLC_D_I_UNUSVBULL,Unusual Volume - Bullish,Unusual Volume - Bullish,27,Volume & Delivery,Unusual Volume - Bullish,,,False,1,N,,OHLC_D_I_UNUSVBULL
1784891717,"{'stkname': 'Sahyadri Ind', 'ltp': '', 'perChg': '', 'stkId': 'SI84', 'displayLock': 'N', 'scanproflg': 1, 'scUrl': 'cement-productsbuilding-materials/sahyadriindustries/SI86', 'columns': [{'name': 'change %', 'value': '1.00'}, {'name': 'LTP', 'value': '281.95'}, {'name': '20-Delivery Volume Indicator value', 'value': '3,876.00'}]}",OHLC_D_I_UNUSVBULL,Unusual Volume - Bullish,Unusual Volume - Bullish,27,Volume & Delivery,Unusual Volume - Bullish,,,False,1,N,,OHLC_D_I_UNUSVBULL
1784891717,"{'stkname': 'Orient Cement', 'ltp': '', 'perChg': '', 'stkId': 'OC12', 'displayLock': 'N', 'scanproflg': 1, 'scUrl': 'cement-major/orientcement/OC10', 'columns': [{'name': 'change %', 'value': '0.11'}, {'name': 'LTP', 'value': '134.50'}, {'name': '20-Delivery Volume Indicator value', 'value': '273,854.00'}]}",OHLC_D_I_UNUSVBULL,Unusual Volume - Bullish,Unusual Volume - Bullish,27,Volume & Delivery,Unusual Volume - Bullish,,,False,1,N,,OHLC_D_I_UNUSVBULL
1784891717,"{'stkname': 'Ujjivan Small', 'ltp': '', 'perChg': '', 'stkId': 'USF', 'displayLock': 'N', 'scanproflg': 1, 'scUrl': 'bank-private/ujjivansmallfinancebank/USF', 'columns': [{'name': 'change %', 'value': '2.85'}, {'name': 'LTP', 'value': '70.74'}, {'name': '20-Delivery Volume Indicator value', 'value': '1.50'}]}",OHLC_D_I_UNUSVBULL,Unusual Volume - Bullish,Unusual Volume - Bullish,27,Volume & Delivery,Unusual Volume - Bullish,,,False,1,N,,OHLC_D_I_UNUSVBULL
1784891717,"{'stkname': 'Mahindra Logist', 'ltp': '', 'perChg': '', 'stkId': 'ML12', 'displayLock': 'N', 'scanproflg': 1, 'scUrl': 'diversified/mahindralogistics/ML04', 'columns': [{'name': 'change %', 'value': '6.23'}, {'name': 'LTP', 'value': '416.25'}, {'name': '20-Delivery Volume Indicator value', 'value': '249,903.00'}]}",OHLC_D_I_UNUSVBULL,Unusual Volume - Bullish,Unusual Volume - Bullish,27,Volume & Delivery,Unusual Volume - Bullish,,,False,1,N,,OHLC_D_I_UNUSVBULL
1784891717,"{'stkname': 'E2E Networks', 'ltp': '', 'perChg': '', 'stkId': 'EN', 'displayLock': 'N', 'scanproflg': 1, 'scUrl': 'it-servicesconsulting/e2enetworks/EN', 'columns': [{'name': 'change %', 'value': '5.00'}, {'name': 'LTP', 'value': '516.70'}, {'name': '20-Delivery Volume Indicator value', 'value': '114,305.00'}]}",OHLC_D_I_UNUSVBULL,Unusual Volume - Bullish,Unusual Volume - Bullish,27,Volume & Delivery,Unusual Volume - Bullish,,,False,1,N,,OHLC_D_I_UNUSVBULL
1784891717,"{'stkname': 'United Spirits', 'ltp': '', 'perChg': '', 'stkId': 'MC08', 'displayLock': 'N', 'scanproflg': 1, 'scUrl': 'breweriesdistilleries/unitedspirits/US', 'columns': [{'name': 'change %', 'value': '3.24'}, {'name': 'LTP', 'value': '1,464.00'}, {'name': '20-Delivery Volume Indicator value', 'value': '1,621,296.00'}]}",OHLC_D_I_UNUSVBULL,Unusual Volume - Bullish,Unusual Volume - Bullish,27,Volume & Delivery,Unusual Volume - Bullish,,,False,1,N,,OHLC_D_I_UNUSVBULL
1784891717,"{'stkname': 'Cyient', 'ltp': '', 'perChg': '', 'stkId': 'IE07', 'displayLock': 'N', 'scanproflg': 1, 'scUrl': 'computers-software/cyient/IE07', 'columns': [{'name': 'change %', 'value': '0.64'}, {'name': 'LTP', 'value': '836.00'}, {'name': '20-Delivery Volume Indicator value', 'value': '168,679.00'}]}",OHLC_D_I_UNUSVBULL,Unusual Volume - Bullish,Unusual Volume - Bullish,27,Volume & Delivery,Unusual Volume - Bullish,,,False,1,N,,OHLC_D_I_UNUSVBULL
1784891717,"{'stkname': 'Jindal Worldwid', 'ltp': '', 'perChg': '', 'stkId': 'JW01', 'displayLock': 'N', 'scanproflg': 1, 'scUrl': 'textiles-general/jindalworldwide/JW01', 'columns': [{'name': 'change %', 'value': '12.78'}, {'name': 'LTP', 'value': '38.39'}, {'name': '20-Delivery Volume Indicator value', 'value': '1.84'}]}",OHLC_D_I_UNUSVBULL,Unusual Volume - Bullish,Unusual Volume - Bullish,27,Volume & Delivery,Unusual Volume - Bullish,,,False,1,N,,OHLC_D_I_UNUSVBULL
1784891717,"{'stkname': 'MphasiS', 'ltp': '', 'perChg': '', 'stkId': 'BFL', 'displayLock': 'N', 'scanproflg': 1, 'scUrl': 'computers-software/mphasis/MB02', 'columns': [{'name': 'change %', 'value': '2.22'}, {'name': 'LTP', 'value': '2,282.00'}, {'name': '20-Delivery Volume Indicator value', 'value': '559,481.00'}]}",OHLC_D_I_UNUSVBULL,Unusual Volume - Bullish,Unusual Volume - Bullish,27,Volume & Delivery,Unusual Volume - Bullish,,,False,1,N,,OHLC_D_I_UNUSVBULL
1784891717,"{'stkname': 'Pidilite Ind', 'ltp': '', 'perChg': '', 'stkId': 'PI11', 'displayLock': 'N', 'scanproflg': 1, 'scUrl': 'chemicals/pidiliteindustries/PI11', 'columns': [{'name': 'change %', 'value': '0.51'}, {'name': 'LTP', 'value': '1,572.10'}, {'name': '20-Delivery Volume Indicator value', 'value': '1,280,969.00'}]}",OHLC_D_I_UNUSVBULL,Unusual Volume - Bullish,Unusual Volume - Bullish,27,Volume & Delivery,Unusual Volume - Bullish,,,False,1,N,,OHLC_D_I_UNUSVBULL
1784891717,"{'stkname': 'Apar Ind', 'ltp': '', 'perChg': '', 'stkId': 'AI40', 'displayLock': 'N', 'scanproflg': 1, 'scUrl': 'electric-equipment/aparindustries/AI40', 'columns': [{'name': 'change %', 'value': '2.81'}, {'name': 'LTP', 'value': '13,800.00'}, {'name': '20-Delivery Volume Indicator value', 'value': '86,290.00'}]}",OHLC_D_I_UNUSVBULL,Unusual Volume - Bullish,Unusual Volume - Bullish,27,Volume & Delivery,Unusual Volume - Bullish,,,False,1,N,,OHLC_D_I_UNUSVBULL
1784891717,"{'stkname': 'Tata Elxsi', 'ltp': '', 'perChg': '', 'stkId': 'TEI', 'displayLock': 'N', 'scanproflg': 1, 'scUrl': 'computers-software/tataelxsi/TE', 'columns': [{'name': 'change %', 'value': '4.41'}, {'name': 'LTP', 'value': '3,537.00'}, {'name': '20-Delivery Volume Indicator value', 'value': '378,796.00'}]}",OHLC_D_I_UNUSVBULL,Unusual Volume - Bullish,Unusual Volume - Bullish,27,Volume & Delivery,Unusual Volume - Bullish,,,False,1,N,,OHLC_D_I_UNUSVBULL
1784891717,"{'stkname': 'Ipru Nifty Pri', 'ltp': '', 'perChg': '', 'stkId': 'PVTBA11386', 'displayLock': 'N', 'scanproflg': 1, 'scUrl': 'etf/iciciprudentialniftyprivatebanketf/PVTBA11386', 'columns': [{'name': 'change %', 'value': '0.25'}, {'name': 'LTP', 'value': '27.58'}, {'name': '20-Delivery Volume Indicator value', 'value': '1.28'}]}",OHLC_D_I_UNUSVBULL,Unusual Volume - Bullish,Unusual Volume - Bullish,27,Volume & Delivery,Unusual Volume - Bullish,,,False,1,N,,OHLC_D_I_UNUSVBULL
1784891717,"{'stkname': 'DSP Top 10 EW', 'ltp': '', 'perChg': '', 'stkId': 'TOP1025171', 'displayLock': 'N', 'scanproflg': 1, 'scUrl': 'etf/dspniftytop10equalweightetf/TOP1025171', 'columns': [{'name': 'change %', 'value': '0.24'}, {'name': 'LTP', 'value': '86.49'}, {'name': '20-Delivery Volume Indicator value', 'value': '204,205.00'}]}",OHLC_D_I_UNUSVBULL,Unusual Volume - Bullish,Unusual Volume - Bullish,27,Volume & Delivery,Unusual Volume - Bullish,,,False,1,N,,OHLC_D_I_UNUSVBULL
1784891717,"{'stkname': 'HDFC Nifty IT', 'ltp': '', 'perChg': '', 'stkId': 'HNI', 'displayLock': 'N', 'scanproflg': 1, 'scUrl': 'etf/hdfcniftyitetf/HNI', 'columns': [{'name': 'change %', 'value': '1.38'}, {'name': 'LTP', 'value': '30.90'}, {'name': '20-Delivery Volume Indicator value', 'value': '140,796.00'}]}",OHLC_D_I_UNUSVBULL,Unusual Volume - Bullish,Unusual Volume - Bullish,27,Volume & Delivery,Unusual Volume - Bullish,,,False,1,N,,OHLC_D_I_UNUSVBULL
1784891717,"{'stkname': 'Shriram 1DRate', 'ltp': '', 'perChg': '', 'stkId': 'LIQUI24374', 'displayLock': 'N', 'scanproflg': 1, 'scUrl': 'etf/shriramnifty1drateliquidetf/LIQUI24374', 'columns': [{'name': 'change %', 'value': '0.04'}, {'name': 'LTP', 'value': '1,114.54'}, {'name': '20-Delivery Volume Indicator value', 'value': '23,618.00'}]}",OHLC_D_I_UNUSVBULL,Unusual Volume - Bullish,Unusual Volume - Bullish,27,Volume & Delivery,Unusual Volume - Bullish,,,False,1,N,,OHLC_D_I_UNUSVBULL
1784891717,"{'stkname': '', 'ltp': '', 'perChg': '', 'stkId': 'TF15', 'displayLock': 'Y', 'scanproflg': 3, 'scUrl': 'film-production-distributionentertainment/tipsfilms/TF14', 'columns': [{'name': 'change %', 'value': '5.31'}, {'name': 'LTP', 'value': '395.00'}, {'name': '20-Volume Indicator value', 'value': '390,500.00'}]}",OHLC_D_I_20DPVOLBULL,Buying with Strong Volumes,Buying with Strong Volumes,27,Volume & Delivery,Buying with Strong Volumes,,,False,3,Y,,OHLC_D_I_20DPVOLBULL
1784891717,"{'stkname': '', 'ltp': '', 'perChg': '', 'stkId': 'CE08', 'displayLock': 'Y', 'scanproflg': 3, 'scUrl': 'mediaentertainment/creativeeye/CE08', 'columns': [{'name': 'change %', 'value': '14.41'}, {'name': 'LTP', 'value': '6.83'}, {'name': '20-Volume Indicator value', 'value': '446,920.00'}]}",OHLC_D_I_20DPVOLBULL,Buying with Strong Volumes,Buying with Strong Volumes,27,Volume & Delivery,Buying with Strong Volumes,,,False,3,Y,,OHLC_D_I_20DPVOLBULL
1784891717,"{'stkname': '', 'ltp': '', 'perChg': '', 'stkId': 'MS26', 'displayLock': 'Y', 'scanproflg': 3, 'scUrl': 'finance-investment/sgfinserve/MS29', 'columns': [{'name': 'change %', 'value': '6.00'}, {'name': 'LTP', 'value': '703.00'}, {'name': '20-Volume Indicator value', 'value': '2,000,515.00'}]}",OHLC_D_I_20DPVOLBULL,Buying with Strong Volumes,Buying with Strong Volumes,27,Volume & Delivery,Buying with Strong Volumes,,,False,3,Y,,OHLC_D_I_20DPVOLBULL
1784891717,"{'stkname': '', 'ltp': '', 'perChg': '', 'stkId': 'PETL', 'displayLock': 'Y', 'scanproflg': 3, 'scUrl': 'it-servicesconsulting/proteanegovtechnologies/PeTL', 'columns': [{'name': 'change %', 'value': '3.90'}, {'name': 'LTP', 'value': '594.00'}, {'name': '20-Volume Indicator value', 'value': '488,066.00'}]}",OHLC_D_I_20DPVOLBULL,Buying with Strong Volumes,Buying with Strong Volumes,27,Volume & Delivery,Buying with Strong Volumes,,,False,3,Y,,OHLC_D_I_20DPVOLBULL
1784891717,"{'stkname': '', 'ltp': '', 'perChg': '', 'stkId': 'KP11', 'displayLock': 'Y', 'scanproflg': 3, 'scUrl': 'pharmaceuticals/kwalitypharmaceuticals/KP', 'columns': [{'name': 'change %', 'value': '4.40'}, {'name': 'LTP', 'value': '2,790.00'}, {'name': '20-Volume Indicator value', 'value': '45,946.00'}]}",OHLC_D_I_20DPVOLBULL,Buying with Strong Volumes,Buying with Strong Volumes,27,Volume & Delivery,Buying with Strong Volumes,,,False,3,Y,,OHLC_D_I_20DPVOLBULL
1784891717,"{'stkname': '', 'ltp': '', 'perChg': '', 'stkId': 'JTL', 'displayLock': 'Y', 'scanproflg': 3, 'scUrl': 'other-construction-materials/sgmart/JTL', 'columns': [{'name': 'change %', 'value': '6.40'}, {'name': 'LTP', 'value': '717.80'}, {'name': '20-Volume Indicator value', 'value': '1,478,157.00'}]}",OHLC_D_I_20DPVOLBULL,Buying with Strong Volumes,Buying with Strong Volumes,27,Volume & Delivery,Buying with Strong Volumes,,,False,3,Y,,OHLC_D_I_20DPVOLBULL
1784891717,"{'stkname': '', 'ltp': '', 'perChg': '', 'stkId': 'IWS', 'displayLock': 'Y', 'scanproflg': 3, 'scUrl': 'trading/indiabulls/IWS', 'columns': [{'name': 'change %', 'value': '3.46'}, {'name': 'LTP', 'value': '30.50'}, {'name': '20-Volume Indicator value', 'value': '1.01'}]}",OHLC_D_I_20DPVOLBULL,Buying with Strong Volumes,Buying with Strong Volumes,27,Volume & Delivery,Buying with Strong Volumes,,,False,3,Y,,OHLC_D_I_20DPVOLBULL
1784891717,"{'stkname': '', 'ltp': '', 'perChg': '', 'stkId': 'TI25', 'displayLock': 'Y', 'scanproflg': 3, 'scUrl': 'film-production-distributionentertainment/tipsmusic/TI25', 'columns': [{'name': 'change %', 'value': '3.75'}, {'name': 'LTP', 'value': '702.00'}, {'name': '20-Volume Indicator value', 'value': '3,378,372.00'}]}",OHLC_D_I_20DPVOLBULL,Buying with Strong Volumes,Buying with Strong Volumes,27,Volume & Delivery,Buying with Strong Volumes,,,False,3,Y,,OHLC_D_I_20DPVOLBULL
1784891717,"{'stkname': '', 'ltp': '', 'perChg': '', 'stkId': 'SLDRL', 'displayLock': 'Y', 'scanproflg': 3, 'scUrl': 'construction-residentialcommercial-complexes/srilotusdevelopersrealty/SLDRL', 'columns': [{'name': 'change %', 'value': '3.85'}, {'name': 'LTP', 'value': '180.26'}, {'name': '20-Volume Indicator value', 'value': '1.32'}]}",OHLC_D_I_20DPVOLBULL,Buying with Strong Volumes,Buying with Strong Volumes,27,Volume & Delivery,Buying with Strong Volumes,,,False,3,Y,,OHLC_D_I_20DPVOLBULL
1784891717,"{'stkname': '', 'ltp': '', 'perChg': '', 'stkId': 'CRL02', 'displayLock': 'Y', 'scanproflg': 3, 'scUrl': 'miscellaneous/coronaremedies/CRL02', 'columns': [{'name': 'change %', 'value': '3.73'}, {'name': 'LTP', 'value': '2,105.40'}, {'name': '20-Volume Indicator value', 'value': '61,596.00'}]}",OHLC_D_I_20DPVOLBULL,Buying with Strong Volumes,Buying with Strong Volumes,27,Volume & Delivery,Buying with Strong Volumes,,,False,3,Y,,OHLC_D_I_20DPVOLBULL
1784891717,"{'stkname': '', 'ltp': '', 'perChg': '', 'stkId': 'ESF02', 'displayLock': 'Y', 'scanproflg': 3, 'scUrl': 'bank-private/esafsmallfinancebank/ESF02', 'columns': [{'name': 'change %', 'value': '8.83'}, {'name': 'LTP', 'value': '38.69'}, {'name': '20-Volume Indicator value', 'value': '1.15'}]}",OHLC_D_I_20DPVOLBULL,Buying with Strong Volumes,Buying with Strong Volumes,27,Volume & Delivery,Buying with Strong Volumes,,,False,3,Y,,OHLC_D_I_20DPVOLBULL
1784891717,"{'stkname': '', 'ltp': '', 'perChg': '', 'stkId': 'BJL', 'displayLock': 'Y', 'scanproflg': 3, 'scUrl': 'diamondjewellery/bluestonejewellerylifestyle/BJL', 'columns': [{'name': 'change %', 'value': '4.28'}, {'name': 'LTP', 'value': '779.00'}, {'name': '20-Volume Indicator value', 'value': '2.60'}]}",OHLC_D_I_20DPVOLBULL,Buying with Strong Volumes,Buying with Strong Volumes,27,Volume & Delivery,Buying with Strong Volumes,,,False,3,Y,,OHLC_D_I_20DPVOLBULL
1784891717,"{'stkname': '', 'ltp': '', 'perChg': '', 'stkId': 'AEL11', 'displayLock': 'Y', 'scanproflg': 3, 'scUrl': 'electric-equipment-transformers/atlantaelectricals/AEL10', 'columns': [{'name': 'change %', 'value': '3.14'}, {'name': 'LTP', 'value': '1,589.00'}, {'name': '20-Volume Indicator value', 'value': '147,950.00'}]}",OHLC_D_I_20DPVOLBULL,Buying with Strong Volumes,Buying with Strong Volumes,27,Volume & Delivery,Buying with Strong Volumes,,,False,3,Y,,OHLC_D_I_20DPVOLBULL
1784891717,"{'stkname': '', 'ltp': '', 'perChg': '', 'stkId': 'BEL', 'displayLock': 'Y', 'scanproflg': 3, 'scUrl': 'online-services/blse-services/BEL', 'columns': [{'name': 'change %', 'value': '8.02'}, {'name': 'LTP', 'value': '284.60'}, {'name': '20-Volume Indicator value', 'value': '4,955,135.00'}]}",OHLC_D_I_20DPVOLBULL,Buying with Strong Volumes,Buying with Strong Volumes,27,Volume & Delivery,Buying with Strong Volumes,,,False,3,Y,,OHLC_D_I_20DPVOLBULL
1784891717,"{'stkname': '', 'ltp': '', 'perChg': '', 'stkId': 'CL10', 'displayLock': 'Y', 'scanproflg': 3, 'scUrl': 'commodity-chemicals/jgchemicals/CL11', 'columns': [{'name': 'change %', 'value': '5.78'}, {'name': 'LTP', 'value': '504.00'}, {'name': '20-Volume Indicator value', 'value': '430,236.00'}]}",OHLC_D_I_20DPVOLBULL,Buying with Strong Volumes,Buying with Strong Volumes,27,Volume & Delivery,Buying with Strong Volumes,,,False,3,Y,,OHLC_D_I_20DPVOLBULL
1784891717,"{'stkname': '', 'ltp': '', 'perChg': '', 'stkId': 'ABD', 'displayLock': 'Y', 'scanproflg': 3, 'scUrl': 'breweriesdistilleries/alliedblendersdistillers/ABD', 'columns': [{'name': 'change %', 'value': '3.39'}, {'name': 'LTP', 'value': '623.00'}, {'name': '20-Volume Indicator value', 'value': '917,727.00'}]}",OHLC_D_I_20DPVOLBULL,Buying with Strong Volumes,Buying with Strong Volumes,27,Volume & Delivery,Buying with Strong Volumes,,,False,3,Y,,OHLC_D_I_20DPVOLBULL
1784891717,"{'stkname': '', 'ltp': '', 'perChg': '', 'stkId': 'VIKAS54265', 'displayLock': 'Y', 'scanproflg': 3, 'scUrl': 'miscellaneous/vikaslifecare/VIKAS54265', 'columns': [{'name': 'change %', 'value': '3.13'}, {'name': 'LTP', 'value': '1.32'}, {'name': '20-Volume Indicator value', 'value': '3,298,231.00'}]}",OHLC_D_I_20DPVOLBULL,Buying with Strong Volumes,Buying with Strong Volumes,27,Volume & Delivery,Buying with Strong Volumes,,,False,3,Y,,OHLC_D_I_20DPVOLBULL
1784891717,"{'stkname': '', 'ltp': '', 'perChg': '', 'stkId': 'OPL02', 'displayLock': 'Y', 'scanproflg': 3, 'scUrl': 'engineering-industrial-equipments/oswalpumps/OPL02', 'columns': [{'name': 'change %', 'value': '5.34'}, {'name': 'LTP', 'value': '356.95'}, {'name': '20-Volume Indicator value', 'value': '1,143,673.00'}]}",OHLC_D_I_20DPVOLBULL,Buying with Strong Volumes,Buying with Strong Volumes,27,Volume & Delivery,Buying with Strong Volumes,,,False,3,Y,,OHLC_D_I_20DPVOLBULL
1784891717,"{'stkname': '', 'ltp': '', 'perChg': '', 'stkId': 'CPD', 'displayLock': 'Y', 'scanproflg': 3, 'scUrl': 'miscellaneous/creativenewtech/CPD', 'columns': [{'name': 'change %', 'value': '18.88'}, {'name': 'LTP', 'value': '1,045.00'}, {'name': '20-Volume Indicator value', 'value': '5,645,485.00'}]}",OHLC_D_I_20DPVOLBULL,Buying with Strong Volumes,Buying with Strong Volumes,27,Volume & Delivery,Buying with Strong Volumes,,,False,3,Y,,OHLC_D_I_20DPVOLBULL
1784891717,"{'stkname': '', 'ltp': '', 'perChg': '', 'stkId': 'MI54', 'displayLock': 'Y', 'scanproflg': 3, 'scUrl': 'miscellaneous/mallcomindia/MI59', 'columns': [{'name': 'change %', 'value': '3.04'}, {'name': 'LTP', 'value': '1,032.00'}, {'name': '20-Volume Indicator value', 'value': '3,833.00'}]}",OHLC_D_I_20DPVOLBULL,Buying with Strong Volumes,Buying with Strong Volumes,27,Volume & Delivery,Buying with Strong Volumes,,,False,3,Y,,OHLC_D_I_20DPVOLBULL
1784891717,"{'stkname': '', 'ltp': '', 'perChg': '', 'stkId': 'SI91', 'displayLock': 'Y', 'scanproflg': 3, 'scUrl': 'textiles-spinning-synthetic-blended/sportkingindia/SI97', 'columns': [{'name': 'change %', 'value': '3.10'}, {'name': 'LTP', 'value': '213.29'}, {'name': '20-Volume Indicator value', 'value': '589,685.00'}]}",OHLC_D_I_20DPVOLBULL,Buying with Strong Volumes,Buying with Strong Volumes,27,Volume & Delivery,Buying with Strong Volumes,,,False,3,Y,,OHLC_D_I_20DPVOLBULL
1784891717,"{'stkname': '', 'ltp': '', 'perChg': '', 'stkId': 'BH', 'displayLock': 'Y', 'scanproflg': 3, 'scUrl': 'sugar/bajajhindusthansugar/BH06', 'columns': [{'name': 'change %', 'value': '3.45'}, {'name': 'LTP', 'value': '17.40'}, {'name': '20-Volume Indicator value', 'value': '5,752,223.00'}]}",OHLC_D_I_20DPVOLBULL,Buying with Strong Volumes,Buying with Strong Volumes,27,Volume & Delivery,Buying with Strong Volumes,,,False,3,Y,,OHLC_D_I_20DPVOLBULL
1784891717,"{'stkname': '', 'ltp': '', 'perChg': '', 'stkId': 'KCP01', 'displayLock': 'Y', 'scanproflg': 3, 'scUrl': 'sugar/kcpsugarindcorp/KCP01', 'columns': [{'name': 'change %', 'value': '15.34'}, {'name': 'LTP', 'value': '27.90'}, {'name': '20-Volume Indicator value', 'value': '3,946,287.00'}]}",OHLC_D_I_20DPVOLBULL,Buying with Strong Volumes,Buying with Strong Volumes,27,Volume & Delivery,Buying with Strong Volumes,,,False,3,Y,,OHLC_D_I_20DPVOLBULL
1784891717,"{'stkname': '', 'ltp': '', 'perChg': '', 'stkId': 'HSS', 'displayLock': 'Y', 'scanproflg': 3, 'scUrl': 'plastics/kingfasciencetechnology/HSS', 'columns': [{'name': 'change %', 'value': '3.96'}, {'name': 'LTP', 'value': '5,224.00'}, {'name': '20-Volume Indicator value', 'value': '10,453.00'}]}",OHLC_D_I_20DPVOLBULL,Buying with Strong Volumes,Buying with Strong Volumes,27,Volume & Delivery,Buying with Strong Volumes,,,False,3,Y,,OHLC_D_I_20DPVOLBULL
1784891717,"{'stkname': '', 'ltp': '', 'perChg': '', 'stkId': 'RD02', 'displayLock': 'Y', 'scanproflg': 3, 'scUrl': 'woodwood-products/rushildecor/RD02', 'columns': [{'name': 'change %', 'value': '6.60'}, {'name': 'LTP', 'value': '18.10'}, {'name': '20-Volume Indicator value', 'value': '2,305,129.00'}]}",OHLC_D_I_20DPVOLBULL,Buying with Strong Volumes,Buying with Strong Volumes,27,Volume & Delivery,Buying with Strong Volumes,,,False,3,Y,,OHLC_D_I_20DPVOLBULL
1784891717,"{'stkname': '', 'ltp': '', 'perChg': '', 'stkId': 'HMV', 'displayLock': 'Y', 'scanproflg': 3, 'scUrl': 'mediaentertainment/hindustanmediaventures/HMV', 'columns': [{'name': 'change %', 'value': '5.17'}, {'name': 'LTP', 'value': '93.50'}, {'name': '20-Volume Indicator value', 'value': '102,542.00'}]}",OHLC_D_I_20DPVOLBULL,Buying with Strong Volumes,Buying with Strong Volumes,27,Volume & Delivery,Buying with Strong Volumes,,,False,3,Y,,OHLC_D_I_20DPVOLBULL
1784891717,"{'stkname': '', 'ltp': '', 'perChg': '', 'stkId': 'NRA', 'displayLock': 'Y', 'scanproflg': 3, 'scUrl': 'paper/nragarwalindustries/NRA', 'columns': [{'name': 'change %', 'value': '5.82'}, {'name': 'LTP', 'value': '516.00'}, {'name': '20-Volume Indicator value', 'value': '123,052.00'}]}",OHLC_D_I_20DPVOLBULL,Buying with Strong Volumes,Buying with Strong Volumes,27,Volume & Delivery,Buying with Strong Volumes,,,False,3,Y,,OHLC_D_I_20DPVOLBULL
1784891717,"{'stkname': '', 'ltp': '', 'perChg': '', 'stkId': 'WI05', 'displayLock': 'Y', 'scanproflg': 3, 'scUrl': 'abrasives/wendtindia/WI05', 'columns': [{'name': 'change %', 'value': '9.75'}, {'name': 'LTP', 'value': '8,150.00'}, {'name': '20-Volume Indicator value', 'value': '43,877.00'}]}",OHLC_D_I_20DPVOLBULL,Buying with Strong Volumes,Buying with Strong Volumes,27,Volume & Delivery,Buying with Strong Volumes,,,False,3,Y,,OHLC_D_I_20DPVOLBULL
1784891717,"{'stkname': '', 'ltp': '', 'perChg': '', 'stkId': 'MI31', 'displayLock': 'Y', 'scanproflg': 3, 'scUrl': 'printingstationery/mps/MI31', 'columns': [{'name': 'change %', 'value': '5.42'}, {'name': 'LTP', 'value': '2,786.00'}, {'name': '20-Volume Indicator value', 'value': '381,274.00'}]}",OHLC_D_I_20DPVOLBULL,Buying with Strong Volumes,Buying with Strong Volumes,27,Volume & Delivery,Buying with Strong Volumes,,,False,3,Y,,OHLC_D_I_20DPVOLBULL
1784891717,"{'stkname': '', 'ltp': '', 'perChg': '', 'stkId': 'SP13', 'displayLock': 'Y', 'scanproflg': 3, 'scUrl': 'paintsvarnishes/shalimarpaints/SP13', 'columns': [{'name': 'change %', 'value': '9.99'}, {'name': 'LTP', 'value': '68.91'}, {'name': '20-Volume Indicator value', 'value': '553,444.00'}]}",OHLC_D_I_20DPVOLBULL,Buying with Strong Volumes,Buying with Strong Volumes,27,Volume & Delivery,Buying with Strong Volumes,,,False,3,Y,,OHLC_D_I_20DPVOLBULL
1784891717,"{'stkname': '', 'ltp': '', 'perChg': '', 'stkId': 'TTK', 'displayLock': 'Y', 'scanproflg': 3, 'scUrl': 'pharmaceuticals/ttkhealthcare/TTK', 'columns': [{'name': 'change %', 'value': '4.19'}, {'name': 'LTP', 'value': '1,055.00'}, {'name': '20-Volume Indicator value', 'value': '29,893.00'}]}",OHLC_D_I_20DPVOLBULL,Buying with Strong Volumes,Buying with Strong Volumes,27,Volume & Delivery,Buying with Strong Volumes,,,False,3,Y,,OHLC_D_I_20DPVOLBULL
1784891717,"{'stkname': '', 'ltp': '', 'perChg': '', 'stkId': 'APT02', 'displayLock': 'Y', 'scanproflg': 3, 'scUrl': 'plastics/astrallimited/APT02', 'columns': [{'name': 'change %', 'value': '3.30'}, {'name': 'LTP', 'value': '1,460.10'}, {'name': '20-Volume Indicator value', 'value': '1,157,507.00'}]}",OHLC_D_I_20DPVOLBULL,Buying with Strong Volumes,Buying with Strong Volumes,27,Volume & Delivery,Buying with Strong Volumes,,,False,3,Y,,OHLC_D_I_20DPVOLBULL
1784891717,"{'stkname': '', 'ltp': '', 'perChg': '', 'stkId': 'DG01', 'displayLock': 'Y', 'scanproflg': 3, 'scUrl': 'miscellaneous/confidencepetroleum/CP10', 'columns': [{'name': 'change %', 'value': '4.97'}, {'name': 'LTP', 'value': '78.15'}, {'name': '20-Volume Indicator value', 'value': '3,043,421.00'}]}",OHLC_D_I_20DPVOLBULL,Buying with Strong Volumes,Buying with Strong Volumes,27,Volume & Delivery,Buying with Strong Volumes,,,False,3,Y,,OHLC_D_I_20DPVOLBULL
1784891717,"{'stkname': '', 'ltp': '', 'perChg': '', 'stkId': 'PP', 'displayLock': 'Y', 'scanproflg': 3, 'scUrl': 'packaging/huhtamakiindia/PP', 'columns': [{'name': 'change %', 'value': '6.66'}, {'name': 'LTP', 'value': '317.20'}, {'name': '20-Volume Indicator value', 'value': '6,078,678.00'}]}",OHLC_D_I_20DPVOLBULL,Buying with Strong Volumes,Buying with Strong Volumes,27,Volume & Delivery,Buying with Strong Volumes,,,False,3,Y,,OHLC_D_I_20DPVOLBULL
1784891717,"{'stkname': '', 'ltp': '', 'perChg': '', 'stkId': 'BTM04', 'displayLock': 'Y', 'scanproflg': 3, 'scUrl': 'tv-broadcastingsoftware-production/bodhitreemultimedia/BTM04', 'columns': [{'name': 'change %', 'value': '15.13'}, {'name': 'LTP', 'value': '7.00'}, {'name': '20-Volume Indicator value', 'value': '3,265,103.00'}]}",OHLC_D_I_20DPVOLBULL,Buying with Strong Volumes,Buying with Strong Volumes,27,Volume & Delivery,Buying with Strong Volumes,,,False,3,Y,,OHLC_D_I_20DPVOLBULL
1784891717,"{'stkname': '', 'ltp': '', 'perChg': '', 'stkId': 'SP36', 'displayLock': 'Y', 'scanproflg': 3, 'scUrl': 'lubricants/gppetroleums/SP36', 'columns': [{'name': 'change %', 'value': '5.00'}, {'name': 'LTP', 'value': '43.28'}, {'name': '20-Volume Indicator value', 'value': '320,256.00'}]}",OHLC_D_I_20DPVOLBULL,Buying with Strong Volumes,Buying with Strong Volumes,27,Volume & Delivery,Buying with Strong Volumes,,,False,3,Y,,OHLC_D_I_20DPVOLBULL
1784891717,"{'stkname': '', 'ltp': '', 'perChg': '', 'stkId': 'CI38', 'displayLock': 'Y', 'scanproflg': 3, 'scUrl': 'mediaentertainment/cinelineindia/CI38', 'columns': [{'name': 'change %', 'value': '8.35'}, {'name': 'LTP', 'value': '87.03'}, {'name': '20-Volume Indicator value', 'value': '93,509.00'}]}",OHLC_D_I_20DPVOLBULL,Buying with Strong Volumes,Buying with Strong Volumes,27,Volume & Delivery,Buying with Strong Volumes,,,False,3,Y,,OHLC_D_I_20DPVOLBULL
1784891717,"{'stkname': '', 'ltp': '', 'perChg': '', 'stkId': 'K03', 'displayLock': 'Y', 'scanproflg': 3, 'scUrl': 'miscellaneous/kaya/K03', 'columns': [{'name': 'change %', 'value': '6.34'}, {'name': 'LTP', 'value': '281.80'}, {'name': '20-Volume Indicator value', 'value': '94,336.00'}]}",OHLC_D_I_20DPVOLBULL,Buying with Strong Volumes,Buying with Strong Volumes,27,Volume & Delivery,Buying with Strong Volumes,,,False,3,Y,,OHLC_D_I_20DPVOLBULL
1784891717,"{'stkname': '', 'ltp': '', 'perChg': '', 'stkId': 'SH17', 'displayLock': 'Y', 'scanproflg': 3, 'scUrl': 'hotel-resortrestaurants/samhihotels/SH17', 'columns': [{'name': 'change %', 'value': '3.90'}, {'name': 'LTP', 'value': '176.50'}, {'name': '20-Volume Indicator value', 'value': '1,245,538.00'}]}",OHLC_D_I_20DPVOLBULL,Buying with Strong Volumes,Buying with Strong Volumes,27,Volume & Delivery,Buying with Strong Volumes,,,False,3,Y,,OHLC_D_I_20DPVOLBULL
1784891717,"{'stkname': '', 'ltp': '', 'perChg': '', 'stkId': 'PVR', 'displayLock': 'Y', 'scanproflg': 3, 'scUrl': 'mediaentertainment/pvrinox/PVR', 'columns': [{'name': 'change %', 'value': '4.73'}, {'name': 'LTP', 'value': '1,055.00'}, {'name': '20-Volume Indicator value', 'value': '1,849,480.00'}]}",OHLC_D_I_20DPVOLBULL,Buying with Strong Volumes,Buying with Strong Volumes,27,Volume & Delivery,Buying with Strong Volumes,,,False,3,Y,,OHLC_D_I_20DPVOLBULL
1784891717,"{'stkname': '', 'ltp': '', 'perChg': '', 'stkId': 'GI28', 'displayLock': 'Y', 'scanproflg': 3, 'scUrl': 'miscellaneous/greenlamindustries/GI31', 'columns': [{'name': 'change %', 'value': '6.08'}, {'name': 'LTP', 'value': '256.55'}, {'name': '20-Volume Indicator value', 'value': '425,405.00'}]}",OHLC_D_I_20DPVOLBULL,Buying with Strong Volumes,Buying with Strong Volumes,27,Volume & Delivery,Buying with Strong Volumes,,,False,3,Y,,OHLC_D_I_20DPVOLBULL
1784891717,"{'stkname': '', 'ltp': '', 'perChg': '', 'stkId': 'DLP01', 'displayLock': 'Y', 'scanproflg': 3, 'scUrl': 'pharmaceuticals/drlalpathlabs/DLP01', 'columns': [{'name': 'change %', 'value': '5.21'}, {'name': 'LTP', 'value': '1,775.00'}, {'name': '20-Volume Indicator value', 'value': '1,445,781.00'}]}",OHLC_D_I_20DPVOLBULL,Buying with Strong Volumes,Buying with Strong Volumes,27,Volume & Delivery,Buying with Strong Volumes,,,False,3,Y,,OHLC_D_I_20DPVOLBULL
1784891717,"{'stkname': '', 'ltp': '', 'perChg': '', 'stkId': 'BDE', 'displayLock': 'Y', 'scanproflg': 3, 'scUrl': 'couriers/bluedartexpress/BDE', 'columns': [{'name': 'change %', 'value': '3.03'}, {'name': 'LTP', 'value': '4,910.00'}, {'name': '20-Volume Indicator value', 'value': '35,681.00'}]}",OHLC_D_I_20DPVOLBULL,Buying with Strong Volumes,Buying with Strong Volumes,27,Volume & Delivery,Buying with Strong Volumes,,,False,3,Y,,OHLC_D_I_20DPVOLBULL
1784891717,"{'stkname': '', 'ltp': '', 'perChg': '', 'stkId': 'OH', 'displayLock': 'Y', 'scanproflg': 3, 'scUrl': 'hotels/orientalhotels/OH', 'columns': [{'name': 'change %', 'value': '5.69'}, {'name': 'LTP', 'value': '134.66'}, {'name': '20-Volume Indicator value', 'value': '1,834,526.00'}]}",OHLC_D_I_20DPVOLBULL,Buying with Strong Volumes,Buying with Strong Volumes,27,Volume & Delivery,Buying with Strong Volumes,,,False,3,Y,,OHLC_D_I_20DPVOLBULL
1784891717,"{'stkname': '', 'ltp': '', 'perChg': '', 'stkId': 'M08', 'displayLock': 'Y', 'scanproflg': 3, 'scUrl': 'aerospacedefence/sigmaadvancedsystems/M08', 'columns': [{'name': 'change %', 'value': '4.99'}, {'name': 'LTP', 'value': '524.75'}, {'name': '20-Volume Indicator value', 'value': '406,167.00'}]}",OHLC_D_I_20DPVOLBULL,Buying with Strong Volumes,Buying with Strong Volumes,27,Volume & Delivery,Buying with Strong Volumes,,,False,3,Y,,OHLC_D_I_20DPVOLBULL
1784891717,"{'stkname': '', 'ltp': '', 'perChg': '', 'stkId': 'TT14', 'displayLock': 'Y', 'scanproflg': 3, 'scUrl': 'hospitalsmedical-services/thyrocaretechnologies/TT16', 'columns': [{'name': 'change %', 'value': '3.67'}, {'name': 'LTP', 'value': '565.25'}, {'name': '20-Volume Indicator value', 'value': '1.21'}]}",OHLC_D_I_20DPVOLBULL,Buying with Strong Volumes,Buying with Strong Volumes,27,Volume & Delivery,Buying with Strong Volumes,,,False,3,Y,,OHLC_D_I_20DPVOLBULL
1784891717,"{'stkname': '', 'ltp': '', 'perChg': '', 'stkId': 'AH', 'displayLock': 'Y', 'scanproflg': 3, 'scUrl': 'hotels/asianhotelsnorth/AH', 'columns': [{'name': 'change %', 'value': '6.53'}, {'name': 'LTP', 'value': '310.00'}, {'name': '20-Volume Indicator value', 'value': '542,609.00'}]}",OHLC_D_I_20DPVOLBULL,Buying with Strong Volumes,Buying with Strong Volumes,27,Volume & Delivery,Buying with Strong Volumes,,,False,3,Y,,OHLC_D_I_20DPVOLBULL
1784891717,"{'stkname': '', 'ltp': '', 'perChg': '', 'stkId': 'IFB', 'displayLock': 'Y', 'scanproflg': 3, 'scUrl': 'breweriesdistilleries/ifbagroindustries/IFB', 'columns': [{'name': 'change %', 'value': '3.95'}, {'name': 'LTP', 'value': '992.00'}, {'name': '20-Volume Indicator value', 'value': '11,328.00'}]}",OHLC_D_I_20DPVOLBULL,Buying with Strong Volumes,Buying with Strong Volumes,27,Volume & Delivery,Buying with Strong Volumes,,,False,3,Y,,OHLC_D_I_20DPVOLBULL
1784891717,"{'stkname': '', 'ltp': '', 'perChg': '', 'stkId': 'TFC', 'displayLock': 'Y', 'scanproflg': 3, 'scUrl': 'finance-term-lending-institutions/tourismfinancecorpindia/TFC', 'columns': [{'name': 'change %', 'value': '7.08'}, {'name': 'LTP', 'value': '87.90'}, {'name': '20-Volume Indicator value', 'value': '2.49'}]}",OHLC_D_I_20DPVOLBULL,Buying with Strong Volumes,Buying with Strong Volumes,27,Volume & Delivery,Buying with Strong Volumes,,,False,3,Y,,OHLC_D_I_20DPVOLBULL
1784891717,"{'stkname': '', 'ltp': '', 'perChg': '', 'stkId': 'GAE', 'displayLock': 'Y', 'scanproflg': 3, 'scUrl': 'food-processing/gujaratambujaexports/GAE', 'columns': [{'name': 'change %', 'value': '9.13'}, {'name': 'LTP', 'value': '151.85'}, {'name': '20-Volume Indicator value', 'value': '9,147,564.00'}]}",OHLC_D_I_20DPVOLBULL,Buying with Strong Volumes,Buying with Strong Volumes,27,Volume & Delivery,Buying with Strong Volumes,,,False,3,Y,,OHLC_D_I_20DPVOLBULL
1784891717,"{'stkname': '', 'ltp': '', 'perChg': '', 'stkId': 'MIL18', 'displayLock': 'Y', 'scanproflg': 3, 'scUrl': 'finance-investment/maxindialimited/MIL19', 'columns': [{'name': 'change %', 'value': '11.08'}, {'name': 'LTP', 'value': '184.00'}, {'name': '20-Volume Indicator value', 'value': '3,220,513.00'}]}",OHLC_D_I_20DPVOLBULL,Buying with Strong Volumes,Buying with Strong Volumes,27,Volume & Delivery,Buying with Strong Volumes,,,False,3,Y,,OHLC_D_I_20DPVOLBULL
1784891717,"{'stkname': '', 'ltp': '', 'perChg': '', 'stkId': 'ABS', 'displayLock': 'Y', 'scanproflg': 3, 'scUrl': 'finance-investment/adityabirlasunlifeamc/ABS', 'columns': [{'name': 'change %', 'value': '3.04'}, {'name': 'LTP', 'value': '1,016.00'}, {'name': '20-Volume Indicator value', 'value': '546,530.00'}]}",OHLC_D_I_20DPVOLBULL,Buying with Strong Volumes,Buying with Strong Volumes,27,Volume & Delivery,Buying with Strong Volumes,,,False,3,Y,,OHLC_D_I_20DPVOLBULL
1784891717,"{'stkname': '', 'ltp': '', 'perChg': '', 'stkId': 'SCN', 'displayLock': 'Y', 'scanproflg': 3, 'scUrl': 'finance-term-lending/satincreditcarenetwork/SCN', 'columns': [{'name': 'change %', 'value': '4.90'}, {'name': 'LTP', 'value': '268.80'}, {'name': '20-Volume Indicator value', 'value': '1,477,265.00'}]}",OHLC_D_I_20DPVOLBULL,Buying with Strong Volumes,Buying with Strong Volumes,27,Volume & Delivery,Buying with Strong Volumes,,,False,3,Y,,OHLC_D_I_20DPVOLBULL
1784891717,"{'stkname': '', 'ltp': '', 'perChg': '', 'stkId': 'RP07', 'displayLock': 'Y', 'scanproflg': 3, 'scUrl': 'fertilisers/ramaphosphates/RP07', 'columns': [{'name': 'change %', 'value': '4.72'}, {'name': 'LTP', 'value': '131.12'}, {'name': '20-Volume Indicator value', 'value': '153,020.00'}]}",OHLC_D_I_20DPVOLBULL,Buying with Strong Volumes,Buying with Strong Volumes,27,Volume & Delivery,Buying with Strong Volumes,,,False,3,Y,,OHLC_D_I_20DPVOLBULL
1784891717,"{'stkname': '', 'ltp': '', 'perChg': '', 'stkId': 'SR07', 'displayLock': 'Y', 'scanproflg': 3, 'scUrl': 'pesticidesagrochemicals/shivalikrasayan/SR9', 'columns': [{'name': 'change %', 'value': '5.00'}, {'name': 'LTP', 'value': '253.76'}, {'name': '20-Volume Indicator value', 'value': '118,984.00'}]}",OHLC_D_I_20DPVOLBULL,Buying with Strong Volumes,Buying with Strong Volumes,27,Volume & Delivery,Buying with Strong Volumes,,,False,3,Y,,OHLC_D_I_20DPVOLBULL
1784891717,"{'stkname': '', 'ltp': '', 'perChg': '', 'stkId': 'BRN', 'displayLock': 'Y', 'scanproflg': 3, 'scUrl': 'infrastructure-general/bharatroadnetwork/BRN', 'columns': [{'name': 'change %', 'value': '3.38'}, {'name': 'LTP', 'value': '18.04'}, {'name': '20-Volume Indicator value', 'value': '30,941.00'}]}",OHLC_D_I_20DPVOLBULL,Buying with Strong Volumes,Buying with Strong Volumes,27,Volume & Delivery,Buying with Strong Volumes,,,False,3,Y,,OHLC_D_I_20DPVOLBULL
1784891717,"{'stkname': '', 'ltp': '', 'perChg': '', 'stkId': 'KP14', 'displayLock': 'Y', 'scanproflg': 3, 'scUrl': 'miscellaneous/krishanaphoschem/KP11', 'columns': [{'name': 'change %', 'value': '3.47'}, {'name': 'LTP', 'value': '161.15'}, {'name': '20-Volume Indicator value', 'value': '3,484,590.00'}]}",OHLC_D_I_20DPVOLBULL,Buying with Strong Volumes,Buying with Strong Volumes,27,Volume & Delivery,Buying with Strong Volumes,,,False,3,Y,,OHLC_D_I_20DPVOLBULL
1784891717,"{'stkname': '', 'ltp': '', 'perChg': '', 'stkId': 'CIF02', 'displayLock': 'Y', 'scanproflg': 3, 'scUrl': 'finance-housing/coralindiafinancehousing/CIF02', 'columns': [{'name': 'change %', 'value': '4.95'}, {'name': 'LTP', 'value': '32.88'}, {'name': '20-Volume Indicator value', 'value': '98,092.00'}]}",OHLC_D_I_20DPVOLBULL,Buying with Strong Volumes,Buying with Strong Volumes,27,Volume & Delivery,Buying with Strong Volumes,,,False,3,Y,,OHLC_D_I_20DPVOLBULL
1784891717,"{'stkname': '', 'ltp': '', 'perChg': '', 'stkId': 'ACE3', 'displayLock': 'Y', 'scanproflg': 3, 'scUrl': 'engineering-heavy/actionconstructionequipment/ACE3', 'columns': [{'name': 'change %', 'value': '6.13'}, {'name': 'LTP', 'value': '1,039.00'}, {'name': '20-Volume Indicator value', 'value': '2,105,212.00'}]}",OHLC_D_I_20DPVOLBULL,Buying with Strong Volumes,Buying with Strong Volumes,27,Volume & Delivery,Buying with Strong Volumes,,,False,3,Y,,OHLC_D_I_20DPVOLBULL
1784891717,"{'stkname': '', 'ltp': '', 'perChg': '', 'stkId': 'AI69', 'displayLock': 'Y', 'scanproflg': 3, 'scUrl': 'engineering/aaronindustries/AI79', 'columns': [{'name': 'change %', 'value': '20.00'}, {'name': 'LTP', 'value': '135.25'}, {'name': '20-Volume Indicator value', 'value': '364,489.00'}]}",OHLC_D_I_20DPVOLBULL,Buying with Strong Volumes,Buying with Strong Volumes,27,Volume & Delivery,Buying with Strong Volumes,,,False,3,Y,,OHLC_D_I_20DPVOLBULL
1784891717,"{'stkname': '', 'ltp': '', 'perChg': '', 'stkId': 'DI22', 'displayLock': 'Y', 'scanproflg': 3, 'scUrl': 'oil-explorationproduction/deepindustries/DI02', 'columns': [{'name': 'change %', 'value': '4.68'}, {'name': 'LTP', 'value': '481.00'}, {'name': '20-Volume Indicator value', 'value': '339,173.00'}]}",OHLC_D_I_20DPVOLBULL,Buying with Strong Volumes,Buying with Strong Volumes,27,Volume & Delivery,Buying with Strong Volumes,,,False,3,Y,,OHLC_D_I_20DPVOLBULL
1784891717,"{'stkname': '', 'ltp': '', 'perChg': '', 'stkId': 'KPITT54265', 'displayLock': 'Y', 'scanproflg': 3, 'scUrl': 'it-servicesconsulting/kpittechnologies/KPITT54265', 'columns': [{'name': 'change %', 'value': '5.88'}, {'name': 'LTP', 'value': '583.30'}, {'name': '20-Volume Indicator value', 'value': '9,473,645.00'}]}",OHLC_D_I_20DPVOLBULL,Buying with Strong Volumes,Buying with Strong Volumes,27,Volume & Delivery,Buying with Strong Volumes,,,False,3,Y,,OHLC_D_I_20DPVOLBULL
1784891717,"{'stkname': '', 'ltp': '', 'perChg': '', 'stkId': 'ME21', 'displayLock': 'Y', 'scanproflg': 3, 'scUrl': 'electronics-components/marineelectricalsindia/ME21', 'columns': [{'name': 'change %', 'value': '3.45'}, {'name': 'LTP', 'value': '256.40'}, {'name': '20-Volume Indicator value', 'value': '1,017,556.00'}]}",OHLC_D_I_20DPVOLBULL,Buying with Strong Volumes,Buying with Strong Volumes,27,Volume & Delivery,Buying with Strong Volumes,,,False,3,Y,,OHLC_D_I_20DPVOLBULL
1784891717,"{'stkname': '', 'ltp': '', 'perChg': '', 'stkId': 'IC05', 'displayLock': 'Y', 'scanproflg': 3, 'scUrl': 'miscellaneous/internationalconveyors/IC05', 'columns': [{'name': 'change %', 'value': '3.42'}, {'name': 'LTP', 'value': '76.20'}, {'name': '20-Volume Indicator value', 'value': '173,130.00'}]}",OHLC_D_I_20DPVOLBULL,Buying with Strong Volumes,Buying with Strong Volumes,27,Volume & Delivery,Buying with Strong Volumes,,,False,3,Y,,OHLC_D_I_20DPVOLBULL
1784891717,"{'stkname': '', 'ltp': '', 'perChg': '', 'stkId': 'CAP', 'displayLock': 'Y', 'scanproflg': 3, 'scUrl': 'chemicals/orientalaromaticsltd/CAP', 'columns': [{'name': 'change %', 'value': '5.34'}, {'name': 'LTP', 'value': '371.05'}, {'name': '20-Volume Indicator value', 'value': '45,244.00'}]}",OHLC_D_I_20DPVOLBULL,Buying with Strong Volumes,Buying with Strong Volumes,27,Volume & Delivery,Buying with Strong Volumes,,,False,3,Y,,OHLC_D_I_20DPVOLBULL
1784891717,"{'stkname': '', 'ltp': '', 'perChg': '', 'stkId': 'AI66', 'displayLock': 'Y', 'scanproflg': 3, 'scUrl': 'infrastructure-general/arvindsmartspaces/AI72', 'columns': [{'name': 'change %', 'value': '3.14'}, {'name': 'LTP', 'value': '609.60'}, {'name': '20-Volume Indicator value', 'value': '127,839.00'}]}",OHLC_D_I_20DPVOLBULL,Buying with Strong Volumes,Buying with Strong Volumes,27,Volume & Delivery,Buying with Strong Volumes,,,False,3,Y,,OHLC_D_I_20DPVOLBULL
1784891717,"{'stkname': '', 'ltp': '', 'perChg': '', 'stkId': 'ASC01', 'displayLock': 'Y', 'scanproflg': 3, 'scUrl': 'dyespigments/asahisongwoncolors/ASC01', 'columns': [{'name': 'change %', 'value': '4.11'}, {'name': 'LTP', 'value': '332.00'}, {'name': '20-Volume Indicator value', 'value': '63,870.00'}]}",OHLC_D_I_20DPVOLBULL,Buying with Strong Volumes,Buying with Strong Volumes,27,Volume & Delivery,Buying with Strong Volumes,,,False,3,Y,,OHLC_D_I_20DPVOLBULL
1784891717,"{'stkname': '', 'ltp': '', 'perChg': '', 'stkId': 'IBC', 'displayLock': 'Y', 'scanproflg': 3, 'scUrl': 'chemicals/indoboraxchemicals/IBC', 'columns': [{'name': 'change %', 'value': '14.59'}, {'name': 'LTP', 'value': '428.00'}, {'name': '20-Volume Indicator value', 'value': '1.05'}]}",OHLC_D_I_20DPVOLBULL,Buying with Strong Volumes,Buying with Strong Volumes,27,Volume & Delivery,Buying with Strong Volumes,,,False,3,Y,,OHLC_D_I_20DPVOLBULL
1784891717,"{'stkname': '', 'ltp': '', 'perChg': '', 'stkId': 'SM10', 'displayLock': 'Y', 'scanproflg': 3, 'scUrl': 'construction-infrastructure/sanghvimovers/SM10', 'columns': [{'name': 'change %', 'value': '7.70'}, {'name': 'LTP', 'value': '458.55'}, {'name': '20-Volume Indicator value', 'value': '616,721.00'}]}",OHLC_D_I_20DPVOLBULL,Buying with Strong Volumes,Buying with Strong Volumes,27,Volume & Delivery,Buying with Strong Volumes,,,False,3,Y,,OHLC_D_I_20DPVOLBULL
1784891717,"{'stkname': '', 'ltp': '', 'perChg': '', 'stkId': 'DB03', 'displayLock': 'Y', 'scanproflg': 3, 'scUrl': 'constructioncontracting-civil/dilipbuildcon/DB04', 'columns': [{'name': 'change %', 'value': '8.76'}, {'name': 'LTP', 'value': '420.70'}, {'name': '20-Volume Indicator value', 'value': '1.75'}]}",OHLC_D_I_20DPVOLBULL,Buying with Strong Volumes,Buying with Strong Volumes,27,Volume & Delivery,Buying with Strong Volumes,,,False,3,Y,,OHLC_D_I_20DPVOLBULL
1784891717,"{'stkname': '', 'ltp': '', 'perChg': '', 'stkId': 'ET05', 'displayLock': 'Y', 'scanproflg': 3, 'scUrl': 'ceramicsmarblegranitesanitaryware/exxarotiles/ET02', 'columns': [{'name': 'change %', 'value': '6.23'}, {'name': 'LTP', 'value': '6.65'}, {'name': '20-Volume Indicator value', 'value': '1,259,292.00'}]}",OHLC_D_I_20DPVOLBULL,Buying with Strong Volumes,Buying with Strong Volumes,27,Volume & Delivery,Buying with Strong Volumes,,,False,3,Y,,OHLC_D_I_20DPVOLBULL
1784891717,"{'stkname': '', 'ltp': '', 'perChg': '', 'stkId': 'GAC01', 'displayLock': 'Y', 'scanproflg': 3, 'scUrl': 'chemicals/gujaratalkalieschemicals/GAC01', 'columns': [{'name': 'change %', 'value': '4.49'}, {'name': 'LTP', 'value': '672.90'}, {'name': '20-Volume Indicator value', 'value': '940,490.00'}]}",OHLC_D_I_20DPVOLBULL,Buying with Strong Volumes,Buying with Strong Volumes,27,Volume & Delivery,Buying with Strong Volumes,,,False,3,Y,,OHLC_D_I_20DPVOLBULL
1784891717,"{'stkname': '', 'ltp': '', 'perChg': '', 'stkId': 'A06', 'displayLock': 'Y', 'scanproflg': 3, 'scUrl': 'chemicals/atul/A06', 'columns': [{'name': 'change %', 'value': '5.60'}, {'name': 'LTP', 'value': '6,473.50'}, {'name': '20-Volume Indicator value', 'value': '403,601.00'}]}",OHLC_D_I_20DPVOLBULL,Buying with Strong Volumes,Buying with Strong Volumes,27,Volume & Delivery,Buying with Strong Volumes,,,False,3,Y,,OHLC_D_I_20DPVOLBULL
1784891717,"{'stkname': '', 'ltp': '', 'perChg': '', 'stkId': 'DC05', 'displayLock': 'Y', 'scanproflg': 3, 'scUrl': 'cables-powerothers/diamondpowerinfrastructure/DC05', 'columns': [{'name': 'change %', 'value': '7.40'}, {'name': 'LTP', 'value': '294.20'}, {'name': '20-Volume Indicator value', 'value': '1.54'}]}",OHLC_D_I_20DPVOLBULL,Buying with Strong Volumes,Buying with Strong Volumes,27,Volume & Delivery,Buying with Strong Volumes,,,False,3,Y,,OHLC_D_I_20DPVOLBULL
1784891717,"{'stkname': '', 'ltp': '', 'perChg': '', 'stkId': 'K04', 'displayLock': 'Y', 'scanproflg': 3, 'scUrl': 'cables/rrkabel/K04', 'columns': [{'name': 'change %', 'value': '5.37'}, {'name': 'LTP', 'value': '2,505.90'}, {'name': '20-Volume Indicator value', 'value': '943,390.00'}]}",OHLC_D_I_20DPVOLBULL,Buying with Strong Volumes,Buying with Strong Volumes,27,Volume & Delivery,Buying with Strong Volumes,,,False,3,Y,,OHLC_D_I_20DPVOLBULL
1784891717,"{'stkname': '', 'ltp': '', 'perChg': '', 'stkId': 'E09', 'displayLock': 'Y', 'scanproflg': 3, 'scUrl': 'auto-ancillaries-others/sjsenterprises/E11', 'columns': [{'name': 'change %', 'value': '3.73'}, {'name': 'LTP', 'value': '2,360.00'}, {'name': '20-Volume Indicator value', 'value': '166,914.00'}]}",OHLC_D_I_20DPVOLBULL,Buying with Strong Volumes,Buying with Strong Volumes,27,Volume & Delivery,Buying with Strong Volumes,,,False,3,Y,,OHLC_D_I_20DPVOLBULL
1784891717,"{'stkname': '', 'ltp': '', 'perChg': '', 'stkId': 'EE02', 'displayLock': 'Y', 'scanproflg': 3, 'scUrl': 'cement-productsbuilding-materials/everestindustries/EI19', 'columns': [{'name': 'change %', 'value': '4.99'}, {'name': 'LTP', 'value': '525.95'}, {'name': '20-Volume Indicator value', 'value': '37,814.00'}]}",OHLC_D_I_20DPVOLBULL,Buying with Strong Volumes,Buying with Strong Volumes,27,Volume & Delivery,Buying with Strong Volumes,,,False,3,Y,,OHLC_D_I_20DPVOLBULL
1784891717,"{'stkname': '', 'ltp': '', 'perChg': '', 'stkId': 'KET', 'displayLock': 'Y', 'scanproflg': 3, 'scUrl': 'engineering-heavy/kabraextrusiontechnik/KET', 'columns': [{'name': 'change %', 'value': '8.70'}, {'name': 'LTP', 'value': '381.60'}, {'name': '20-Volume Indicator value', 'value': '314,877.00'}]}",OHLC_D_I_20DPVOLBULL,Buying with Strong Volumes,Buying with Strong Volumes,27,Volume & Delivery,Buying with Strong Volumes,,,False,3,Y,,OHLC_D_I_20DPVOLBULL
1784891717,"{'stkname': '', 'ltp': '', 'perChg': '', 'stkId': 'ML12', 'displayLock': 'Y', 'scanproflg': 3, 'scUrl': 'diversified/mahindralogistics/ML04', 'columns': [{'name': 'change %', 'value': '6.23'}, {'name': 'LTP', 'value': '416.25'}, {'name': '20-Volume Indicator value', 'value': '1,695,671.00'}]}",OHLC_D_I_20DPVOLBULL,Buying with Strong Volumes,Buying with Strong Volumes,27,Volume & Delivery,Buying with Strong Volumes,,,False,3,Y,,OHLC_D_I_20DPVOLBULL
1784891717,"{'stkname': '', 'ltp': '', 'perChg': '', 'stkId': 'EN', 'displayLock': 'Y', 'scanproflg': 3, 'scUrl': 'it-servicesconsulting/e2enetworks/EN', 'columns': [{'name': 'change %', 'value': '5.00'}, {'name': 'LTP', 'value': '516.70'}, {'name': '20-Volume Indicator value', 'value': '7,140,040.00'}]}",OHLC_D_I_20DPVOLBULL,Buying with Strong Volumes,Buying with Strong Volumes,27,Volume & Delivery,Buying with Strong Volumes,,,False,3,Y,,OHLC_D_I_20DPVOLBULL
1784891717,"{'stkname': '', 'ltp': '', 'perChg': '', 'stkId': 'MC08', 'displayLock': 'Y', 'scanproflg': 3, 'scUrl': 'breweriesdistilleries/unitedspirits/US', 'columns': [{'name': 'change %', 'value': '3.24'}, {'name': 'LTP', 'value': '1,464.00'}, {'name': '20-Volume Indicator value', 'value': '3,954,136.00'}]}",OHLC_D_I_20DPVOLBULL,Buying with Strong Volumes,Buying with Strong Volumes,27,Volume & Delivery,Buying with Strong Volumes,,,False,3,Y,,OHLC_D_I_20DPVOLBULL
1784891717,"{'stkname': '', 'ltp': '', 'perChg': '', 'stkId': 'JW01', 'displayLock': 'Y', 'scanproflg': 3, 'scUrl': 'textiles-general/jindalworldwide/JW01', 'columns': [{'name': 'change %', 'value': '12.78'}, {'name': 'LTP', 'value': '38.39'}, {'name': '20-Volume Indicator value', 'value': '7.20'}]}",OHLC_D_I_20DPVOLBULL,Buying with Strong Volumes,Buying with Strong Volumes,27,Volume & Delivery,Buying with Strong Volumes,,,False,3,Y,,OHLC_D_I_20DPVOLBULL
1784891717,"{'stkname': '', 'ltp': '', 'perChg': '', 'stkId': 'NBG', 'displayLock': 'Y', 'scanproflg': 3, 'scUrl': 'pharmaceuticals/nathbio-genes/NBG', 'columns': [{'name': 'change %', 'value': '3.59'}, {'name': 'LTP', 'value': '160.20'}, {'name': '20-Volume Indicator value', 'value': '19,093.00'}]}",OHLC_D_I_20DPVOLBULL,Buying with Strong Volumes,Buying with Strong Volumes,27,Volume & Delivery,Buying with Strong Volumes,,,False,3,Y,,OHLC_D_I_20DPVOLBULL
1784891717,"{'stkname': '', 'ltp': '', 'perChg': '', 'stkId': 'NII02', 'displayLock': 'Y', 'scanproflg': 3, 'scUrl': 'computers-software/coforge/NII02', 'columns': [{'name': 'change %', 'value': '3.20'}, {'name': 'LTP', 'value': '1,486.00'}, {'name': '20-Volume Indicator value', 'value': '3,440,581.00'}]}",OHLC_D_I_20DPVOLBULL,Buying with Strong Volumes,Buying with Strong Volumes,27,Volume & Delivery,Buying with Strong Volumes,,,False,3,Y,,OHLC_D_I_20DPVOLBULL
1784891717,"{'stkname': '', 'ltp': '', 'perChg': '', 'stkId': 'GPI', 'displayLock': 'Y', 'scanproflg': 3, 'scUrl': 'cigarettes/godfreyphillipsindia/GPI', 'columns': [{'name': 'change %', 'value': '3.93'}, {'name': 'LTP', 'value': '2,127.00'}, {'name': '20-Volume Indicator value', 'value': '408,336.00'}]}",OHLC_D_I_20DPVOLBULL,Buying with Strong Volumes,Buying with Strong Volumes,27,Volume & Delivery,Buying with Strong Volumes,,,False,3,Y,,OHLC_D_I_20DPVOLBULL
1784891717,"{'stkname': '', 'ltp': '', 'perChg': '', 'stkId': 'TEI', 'displayLock': 'Y', 'scanproflg': 3, 'scUrl': 'computers-software/tataelxsi/TE', 'columns': [{'name': 'change %', 'value': '4.41'}, {'name': 'LTP', 'value': '3,537.00'}, {'name': '20-Volume Indicator value', 'value': '1,304,445.00'}]}",OHLC_D_I_20DPVOLBULL,Buying with Strong Volumes,Buying with Strong Volumes,27,Volume & Delivery,Buying with Strong Volumes,,,False,3,Y,,OHLC_D_I_20DPVOLBULL
1784891717,"{'stkname': '', 'ltp': '', 'perChg': '', 'stkId': 'IPN07', 'displayLock': 'Y', 'scanproflg': 3, 'scUrl': 'etf/iciciprudentialniftysmallcap250etf/IPN07', 'columns': [{'name': 'change %', 'value': '4.97'}, {'name': 'LTP', 'value': '18.58'}, {'name': '20-Volume Indicator value', 'value': '84,286.00'}]}",OHLC_D_I_20DPVOLBULL,Buying with Strong Volumes,Buying with Strong Volumes,27,Volume & Delivery,Buying with Strong Volumes,,,False,3,Y,,OHLC_D_I_20DPVOLBULL
1784891717,"{'stkname': '', 'ltp': '', 'perChg': '', 'stkId': 'HNP', 'displayLock': 'Y', 'scanproflg': 3, 'scUrl': 'etf/hdfcniftyprivatebanketf/HNP', 'columns': [{'name': 'change %', 'value': '4.20'}, {'name': 'LTP', 'value': '29.00'}, {'name': '20-Volume Indicator value', 'value': '738,288.00'}]}",OHLC_D_I_20DPVOLBULL,Buying with Strong Volumes,Buying with Strong Volumes,27,Volume & Delivery,Buying with Strong Volumes,,,False,3,Y,,OHLC_D_I_20DPVOLBULL
1784891717,"{'stkname': '', 'ltp': '', 'perChg': '', 'stkId': 'HET01', 'displayLock': 'Y', 'scanproflg': 3, 'scUrl': 'engineering-industrial-equipments/algoquantfintech/HET01', 'columns': [{'name': 'change %', 'value': '3.07'}, {'name': 'LTP', 'value': '57.83'}, {'name': '20-Volume Indicator value', 'value': '1,719,119.00'}]}",OHLC_D_I_20DPVOLBULL,Buying with Strong Volumes,Buying with Strong Volumes,27,Volume & Delivery,Buying with Strong Volumes,,,False,3,Y,,OHLC_D_I_20DPVOLBULL
1784891717,"{'stkname': 'Edel Liquid', 'ltp': '', 'perChg': '', 'stkId': 'EN1', 'displayLock': 'N', 'scanproflg': 1, 'scUrl': 'etf/edelweissnifty1drateliquidetf/EN1', 'columns': [{'name': 'change %', 'value': '0.04'}, {'name': 'LTP', 'value': '1,040.91'}, {'name': '20-Delivery Volume Indicator value', 'value': '68,175.00'}]}",OHLC_D_I_20DELVBULL,Above Average Delivery Volume,Stock recorded higher delivery volume in previous trading session,27,Volume & Delivery,"The stock recorded higher delivery volume, and the percentage change in stock price was positive in the previous trading session. This indicates that traders/investors bought the stock and carried it forward as a holding.",,,False,1,N,,OHLC_D_I_20DELVBULL
1784891717,"{'stkname': 'UltraTechCement', 'ltp': '', 'perChg': '', 'stkId': 'UTC', 'displayLock': 'N', 'scanproflg': 1, 'scUrl': 'cement-major/ultratechcement/UTC01', 'columns': [{'name': 'change %', 'value': '-0.57'}, {'name': 'LTP', 'value': '11,840.00'}, {'name': '20-Delivery Volume Indicator value', 'value': '415,137.00'}]}",OHLC_D_I_20DELVBULL,Above Average Delivery Volume,Stock recorded higher delivery volume in previous trading session,27,Volume & Delivery,"The stock recorded higher delivery volume, and the percentage change in stock price was positive in the previous trading session. This indicates that traders/investors bought the stock and carried it forward as a holding.",,,False,1,N,,OHLC_D_I_20DELVBULL
1784891717,"{'stkname': 'Nipp NiftyAuto', 'ltp': '', 'perChg': '', 'stkId': 'NIN01', 'displayLock': 'N', 'scanproflg': 1, 'scUrl': 'etf/nipponindianiftyautoetf/NIN01', 'columns': [{'name': 'change %', 'value': '-0.74'}, {'name': 'LTP', 'value': '281.61'}, {'name': '20-Delivery Volume Indicator value', 'value': '304,035.00'}]}",OHLC_D_I_20DELVBULL,Above Average Delivery Volume,Stock recorded higher delivery volume in previous trading session,27,Volume & Delivery,"The stock recorded higher delivery volume, and the percentage change in stock price was positive in the previous trading session. This indicates that traders/investors bought the stock and carried it forward as a holding.",,,False,1,N,,OHLC_D_I_20DELVBULL
1784891717,"{'stkname': 'Ipru Liquid', 'ltp': '', 'perChg': '', 'stkId': 'CASHI30139', 'displayLock': 'N', 'scanproflg': 1, 'scUrl': 'etf/iciciprudentialbseliquidrateetf-growth/CASHI30139', 'columns': [{'name': 'change %', 'value': '0.04'}, {'name': 'LTP', 'value': '1,072.47'}, {'name': '20-Delivery Volume Indicator value', 'value': '359,132.00'}]}",OHLC_D_I_20DELVBULL,Above Average Delivery Volume,Stock recorded higher delivery volume in previous trading session,27,Volume & Delivery,"The stock recorded higher delivery volume, and the percentage change in stock price was positive in the previous trading session. This indicates that traders/investors bought the stock and carried it forward as a holding.",,,False,1,N,,OHLC_D_I_20DELVBULL
1784891717,"{'stkname': 'Gr Liquid', 'ltp': '', 'perChg': '', 'stkId': 'GROWW25447', 'displayLock': 'N', 'scanproflg': 1, 'scUrl': 'etf/growwnifty1drateliquidetf/GROWW25447', 'columns': [{'name': 'change %', 'value': '0.05'}, {'name': 'LTP', 'value': '110.07'}, {'name': '20-Delivery Volume Indicator value', 'value': '398,475.00'}]}",OHLC_D_I_20DELVBULL,Above Average Delivery Volume,Stock recorded higher delivery volume in previous trading session,27,Volume & Delivery,"The stock recorded higher delivery volume, and the percentage change in stock price was positive in the previous trading session. This indicates that traders/investors bought the stock and carried it forward as a holding.",,,False,1,N,,OHLC_D_I_20DELVBULL
1784891717,"{'stkname': 'Rajputana Stain', 'ltp': '', 'perChg': '', 'stkId': 'RSL12', 'displayLock': 'N', 'scanproflg': 1, 'scUrl': 'ironsteel/rajputanastainless/RSL12', 'columns': [{'name': 'change %', 'value': '-0.19'}, {'name': 'LTP', 'value': '133.99'}, {'name': '20-Delivery Volume Indicator value', 'value': '252,974.00'}]}",OHLC_D_I_20DELVBULL,Above Average Delivery Volume,Stock recorded higher delivery volume in previous trading session,27,Volume & Delivery,"The stock recorded higher delivery volume, and the percentage change in stock price was positive in the previous trading session. This indicates that traders/investors bought the stock and carried it forward as a holding.",,,False,1,N,,OHLC_D_I_20DELVBULL
1784891717,"{'stkname': 'Tips Films', 'ltp': '', 'perChg': '', 'stkId': 'TF15', 'displayLock': 'N', 'scanproflg': 1, 'scUrl': 'film-production-distributionentertainment/tipsfilms/TF14', 'columns': [{'name': 'change %', 'value': '5.31'}, {'name': 'LTP', 'value': '395.00'}, {'name': '20-Delivery Volume Indicator value', 'value': '70,611.00'}]}",OHLC_D_I_20DELVBULL,Above Average Delivery Volume,Stock recorded higher delivery volume in previous trading session,27,Volume & Delivery,"The stock recorded higher delivery volume, and the percentage change in stock price was positive in the previous trading session. This indicates that traders/investors bought the stock and carried it forward as a holding.",,,False,1,N,,OHLC_D_I_20DELVBULL
1784891717,"{'stkname': 'Cyber Media', 'ltp': '', 'perChg': '', 'stkId': 'CMI01', 'displayLock': 'N', 'scanproflg': 1, 'scUrl': 'mediaentertainment/cybermediaindia/CMI01', 'columns': [{'name': 'change %', 'value': '1.31'}, {'name': 'LTP', 'value': '15.50'}, {'name': '20-Delivery Volume Indicator value', 'value': '9,429.00'}]}",OHLC_D_I_20DELVBULL,Above Average Delivery Volume,Stock recorded higher delivery volume in previous trading session,27,Volume & Delivery,"The stock recorded higher delivery volume, and the percentage change in stock price was positive in the previous trading session. This indicates that traders/investors bought the stock and carried it forward as a holding.",,,False,1,N,,OHLC_D_I_20DELVBULL
1784891717,"{'stkname': 'Vedanta Alumini', 'ltp': '', 'perChg': '', 'stkId': 'VAM', 'displayLock': 'N', 'scanproflg': 1, 'scUrl': 'aluminiumaluminium-products/vedantaaluminiummetal/VAM', 'columns': [{'name': 'change %', 'value': '0.19'}, {'name': 'LTP', 'value': '437.70'}, {'name': '20-Delivery Volume Indicator value', 'value': '1.45'}]}",OHLC_D_I_20DELVBULL,Above Average Delivery Volume,Stock recorded higher delivery volume in previous trading session,27,Volume & Delivery,"The stock recorded higher delivery volume, and the percentage change in stock price was positive in the previous trading session. This indicates that traders/investors bought the stock and carried it forward as a holding.",,,False,1,N,,OHLC_D_I_20DELVBULL
1784891717,"{'stkname': 'Indo Thai Secu', 'ltp': '', 'perChg': '', 'stkId': 'ITS', 'displayLock': 'N', 'scanproflg': 1, 'scUrl': 'finance-general/indothaisecurities/ITS', 'columns': [{'name': 'change %', 'value': '-0.86'}, {'name': 'LTP', 'value': '215.52'}, {'name': '20-Delivery Volume Indicator value', 'value': '3,715,566.00'}]}",OHLC_D_I_20DELVBULL,Above Average Delivery Volume,Stock recorded higher delivery volume in previous trading session,27,Volume & Delivery,"The stock recorded higher delivery volume, and the percentage change in stock price was positive in the previous trading session. This indicates that traders/investors bought the stock and carried it forward as a holding.",,,False,1,N,,OHLC_D_I_20DELVBULL
1784891717,"{'stkname': 'ANTELOPUS', 'ltp': '', 'perChg': '', 'stkId': 'SET', 'displayLock': 'N', 'scanproflg': 1, 'scUrl': 'oil-drillingexploration/antelopusselanenergy/SET', 'columns': [{'name': 'change %', 'value': '-0.87'}, {'name': 'LTP', 'value': '886.00'}, {'name': '20-Delivery Volume Indicator value', 'value': '163,327.00'}]}",OHLC_D_I_20DELVBULL,Above Average Delivery Volume,Stock recorded higher delivery volume in previous trading session,27,Volume & Delivery,"The stock recorded higher delivery volume, and the percentage change in stock price was positive in the previous trading session. This indicates that traders/investors bought the stock and carried it forward as a holding.",,,False,1,N,,OHLC_D_I_20DELVBULL
1784891717,"{'stkname': 'Glottis', 'ltp': '', 'perChg': '', 'stkId': 'GL04', 'displayLock': 'N', 'scanproflg': 1, 'scUrl': 'ground-freightlogistics-services/glottis/GL05', 'columns': [{'name': 'change %', 'value': '-0.42'}, {'name': 'LTP', 'value': '66.95'}, {'name': '20-Delivery Volume Indicator value', 'value': '63,672.00'}]}",OHLC_D_I_20DELVBULL,Above Average Delivery Volume,Stock recorded higher delivery volume in previous trading session,27,Volume & Delivery,"The stock recorded higher delivery volume, and the percentage change in stock price was positive in the previous trading session. This indicates that traders/investors bought the stock and carried it forward as a holding.",,,False,1,N,,OHLC_D_I_20DELVBULL
1784891717,"{'stkname': 'GSP Crop Sci', 'ltp': '', 'perChg': '', 'stkId': 'GCS06', 'displayLock': 'N', 'scanproflg': 1, 'scUrl': 'pesticidesagrochemicals/gspcropscience/GCS06', 'columns': [{'name': 'change %', 'value': '-2.97'}, {'name': 'LTP', 'value': '530.00'}, {'name': '20-Delivery Volume Indicator value', 'value': '893,721.00'}]}",OHLC_D_I_20DELVBULL,Above Average Delivery Volume,Stock recorded higher delivery volume in previous trading session,27,Volume & Delivery,"The stock recorded higher delivery volume, and the percentage change in stock price was positive in the previous trading session. This indicates that traders/investors bought the stock and carried it forward as a holding.",,,False,1,N,,OHLC_D_I_20DELVBULL
1784891717,"{'stkname': 'Sundrop Brands', 'ltp': '', 'perChg': '', 'stkId': 'ITC02', 'displayLock': 'N', 'scanproflg': 1, 'scUrl': 'edible-oilssolvent-extraction/sundropbrands/ATF', 'columns': [{'name': 'change %', 'value': '-1.77'}, {'name': 'LTP', 'value': '680.15'}, {'name': '20-Delivery Volume Indicator value', 'value': '104,032.00'}]}",OHLC_D_I_20DELVBULL,Above Average Delivery Volume,Stock recorded higher delivery volume in previous trading session,27,Volume & Delivery,"The stock recorded higher delivery volume, and the percentage change in stock price was positive in the previous trading session. This indicates that traders/investors bought the stock and carried it forward as a holding.",,,False,1,N,,OHLC_D_I_20DELVBULL
1784891717,"{'stkname': 'Stallion India ', 'ltp': '', 'perChg': '', 'stkId': 'SIFL', 'displayLock': 'N', 'scanproflg': 1, 'scUrl': 'chemicals/stallionindiafluorochemicals/SIFL', 'columns': [{'name': 'change %', 'value': '-4.43'}, {'name': 'LTP', 'value': '242.00'}, {'name': '20-Delivery Volume Indicator value', 'value': '5,237,510.00'}]}",OHLC_D_I_20DELVBULL,Above Average Delivery Volume,Stock recorded higher delivery volume in previous trading session,27,Volume & Delivery,"The stock recorded higher delivery volume, and the percentage change in stock price was positive in the previous trading session. This indicates that traders/investors bought the stock and carried it forward as a holding.",,,False,1,N,,OHLC_D_I_20DELVBULL
1784891717,"{'stkname': 'Tips Music', 'ltp': '', 'perChg': '', 'stkId': 'TI25', 'displayLock': 'N', 'scanproflg': 1, 'scUrl': 'film-production-distributionentertainment/tipsmusic/TI25', 'columns': [{'name': 'change %', 'value': '3.75'}, {'name': 'LTP', 'value': '702.00'}, {'name': '20-Delivery Volume Indicator value', 'value': '1.00'}]}",OHLC_D_I_20DELVBULL,Above Average Delivery Volume,Stock recorded higher delivery volume in previous trading session,27,Volume & Delivery,"The stock recorded higher delivery volume, and the percentage change in stock price was positive in the previous trading session. This indicates that traders/investors bought the stock and carried it forward as a holding.",,,False,1,N,,OHLC_D_I_20DELVBULL
1784891717,"{'stkname': 'Indogulf Crop', 'ltp': '', 'perChg': '', 'stkId': 'ICL02', 'displayLock': 'N', 'scanproflg': 1, 'scUrl': 'pesticidesagrochemicals/indogulfcropsciences/ICL02', 'columns': [{'name': 'change %', 'value': '0.21'}, {'name': 'LTP', 'value': '75.00'}, {'name': '20-Delivery Volume Indicator value', 'value': '614,885.00'}]}",OHLC_D_I_20DELVBULL,Above Average Delivery Volume,Stock recorded higher delivery volume in previous trading session,27,Volume & Delivery,"The stock recorded higher delivery volume, and the percentage change in stock price was positive in the previous trading session. This indicates that traders/investors bought the stock and carried it forward as a holding.",,,False,1,N,,OHLC_D_I_20DELVBULL
1784891717,"{'stkname': 'TruAlt Bioenerg', 'ltp': '', 'perChg': '', 'stkId': 'TBL01', 'displayLock': 'N', 'scanproflg': 1, 'scUrl': 'diversified/trualtbioenergy/TBL01', 'columns': [{'name': 'change %', 'value': '-1.10'}, {'name': 'LTP', 'value': '427.15'}, {'name': '20-Delivery Volume Indicator value', 'value': '1,942,086.00'}]}",OHLC_D_I_20DELVBULL,Above Average Delivery Volume,Stock recorded higher delivery volume in previous trading session,27,Volume & Delivery,"The stock recorded higher delivery volume, and the percentage change in stock price was positive in the previous trading session. This indicates that traders/investors bought the stock and carried it forward as a holding.",,,False,1,N,,OHLC_D_I_20DELVBULL
1784891717,"{'stkname': 'Veedol Corp', 'ltp': '', 'perChg': '', 'stkId': 'TWO', 'displayLock': 'N', 'scanproflg': 1, 'scUrl': 'oil-explorationproduction/veedolcorporation/TWO', 'columns': [{'name': 'change %', 'value': '0.77'}, {'name': 'LTP', 'value': '1,407.10'}, {'name': '20-Delivery Volume Indicator value', 'value': '10,456.00'}]}",OHLC_D_I_20DELVBULL,Above Average Delivery Volume,Stock recorded higher delivery volume in previous trading session,27,Volume & Delivery,"The stock recorded higher delivery volume, and the percentage change in stock price was positive in the previous trading session. This indicates that traders/investors bought the stock and carried it forward as a holding.",,,False,1,N,,OHLC_D_I_20DELVBULL
1784891717,"{'stkname': 'Krystal Integra', 'ltp': '', 'perChg': '', 'stkId': 'KIS02', 'displayLock': 'N', 'scanproflg': 1, 'scUrl': 'misc-commercial-services/krystalintegratedservices/KIS02', 'columns': [{'name': 'change %', 'value': '-0.07'}, {'name': 'LTP', 'value': '600.20'}, {'name': '20-Delivery Volume Indicator value', 'value': '64,463.00'}]}",OHLC_D_I_20DELVBULL,Above Average Delivery Volume,Stock recorded higher delivery volume in previous trading session,27,Volume & Delivery,"The stock recorded higher delivery volume, and the percentage change in stock price was positive in the previous trading session. This indicates that traders/investors bought the stock and carried it forward as a holding.",,,False,1,N,,OHLC_D_I_20DELVBULL
1784891717,"{'stkname': 'Rubicon Res', 'ltp': '', 'perChg': '', 'stkId': 'RRL04', 'displayLock': 'N', 'scanproflg': 1, 'scUrl': 'pharmaceuticalsdrugs/rubiconresearch/RRL04', 'columns': [{'name': 'change %', 'value': '-0.29'}, {'name': 'LTP', 'value': '1,521.00'}, {'name': '20-Delivery Volume Indicator value', 'value': '526,847.00'}]}",OHLC_D_I_20DELVBULL,Above Average Delivery Volume,Stock recorded higher delivery volume in previous trading session,27,Volume & Delivery,"The stock recorded higher delivery volume, and the percentage change in stock price was positive in the previous trading session. This indicates that traders/investors bought the stock and carried it forward as a holding.",,,False,1,N,,OHLC_D_I_20DELVBULL
1784891717,"{'stkname': 'Clean Max Envir', 'ltp': '', 'perChg': '', 'stkId': 'CMEESL', 'displayLock': 'N', 'scanproflg': 1, 'scUrl': 'renewables/cleanmaxenviroenergysolutions/CMEESL', 'columns': [{'name': 'change %', 'value': '0.07'}, {'name': 'LTP', 'value': '1,426.00'}, {'name': '20-Delivery Volume Indicator value', 'value': '256,752.00'}]}",OHLC_D_I_20DELVBULL,Above Average Delivery Volume,Stock recorded higher delivery volume in previous trading session,27,Volume & Delivery,"The stock recorded higher delivery volume, and the percentage change in stock price was positive in the previous trading session. This indicates that traders/investors bought the stock and carried it forward as a holding.",,,False,1,N,,OHLC_D_I_20DELVBULL
1784891717,"{'stkname': 'Sri Lotus Devel', 'ltp': '', 'perChg': '', 'stkId': 'SLDRL', 'displayLock': 'N', 'scanproflg': 1, 'scUrl': 'construction-residentialcommercial-complexes/srilotusdevelopersrealty/SLDRL', 'columns': [{'name': 'change %', 'value': '3.85'}, {'name': 'LTP', 'value': '180.26'}, {'name': '20-Delivery Volume Indicator value', 'value': '1.54'}]}",OHLC_D_I_20DELVBULL,Above Average Delivery Volume,Stock recorded higher delivery volume in previous trading session,27,Volume & Delivery,"The stock recorded higher delivery volume, and the percentage change in stock price was positive in the previous trading session. This indicates that traders/investors bought the stock and carried it forward as a holding.",,,False,1,N,,OHLC_D_I_20DELVBULL
1784891717,"{'stkname': 'CARE Ratings', 'ltp': '', 'perChg': '', 'stkId': 'CAR', 'displayLock': 'N', 'scanproflg': 1, 'scUrl': 'miscellaneous/careratings/CAR', 'columns': [{'name': 'change %', 'value': '-2.85'}, {'name': 'LTP', 'value': '1,680.00'}, {'name': '20-Delivery Volume Indicator value', 'value': '107,351.00'}]}",OHLC_D_I_20DELVBULL,Above Average Delivery Volume,Stock recorded higher delivery volume in previous trading session,27,Volume & Delivery,"The stock recorded higher delivery volume, and the percentage change in stock price was positive in the previous trading session. This indicates that traders/investors bought the stock and carried it forward as a holding.",,,False,1,N,,OHLC_D_I_20DELVBULL
1784891717,"{'stkname': 'Nephrocare Heal', 'ltp': '', 'perChg': '', 'stkId': 'NHSL', 'displayLock': 'N', 'scanproflg': 1, 'scUrl': 'hospitalhealthcare-services/nephrocarehealthservices/NHSL', 'columns': [{'name': 'change %', 'value': '-0.28'}, {'name': 'LTP', 'value': '676.00'}, {'name': '20-Delivery Volume Indicator value', 'value': '373,046.00'}]}",OHLC_D_I_20DELVBULL,Above Average Delivery Volume,Stock recorded higher delivery volume in previous trading session,27,Volume & Delivery,"The stock recorded higher delivery volume, and the percentage change in stock price was positive in the previous trading session. This indicates that traders/investors bought the stock and carried it forward as a holding.",,,False,1,N,,OHLC_D_I_20DELVBULL
1784891717,"{'stkname': 'Motisons Jewell', 'ltp': '', 'perChg': '', 'stkId': 'MJL', 'displayLock': 'N', 'scanproflg': 1, 'scUrl': 'diamondjewellery/motisonsjewellers/MJL', 'columns': [{'name': 'change %', 'value': '-0.14'}, {'name': 'LTP', 'value': '14.16'}, {'name': '20-Delivery Volume Indicator value', 'value': '4.55'}]}",OHLC_D_I_20DELVBULL,Above Average Delivery Volume,Stock recorded higher delivery volume in previous trading session,27,Volume & Delivery,"The stock recorded higher delivery volume, and the percentage change in stock price was positive in the previous trading session. This indicates that traders/investors bought the stock and carried it forward as a holding.",,,False,1,N,,OHLC_D_I_20DELVBULL
1784891717,"{'stkname': 'Suraksha Diagno', 'ltp': '', 'perChg': '', 'stkId': 'SDL02', 'displayLock': 'N', 'scanproflg': 1, 'scUrl': 'labslife-sciences-services/surakshadiagnostic/SDL02', 'columns': [{'name': 'change %', 'value': '-3.58'}, {'name': 'LTP', 'value': '250.35'}, {'name': '20-Delivery Volume Indicator value', 'value': '333,546.00'}]}",OHLC_D_I_20DELVBULL,Above Average Delivery Volume,Stock recorded higher delivery volume in previous trading session,27,Volume & Delivery,"The stock recorded higher delivery volume, and the percentage change in stock price was positive in the previous trading session. This indicates that traders/investors bought the stock and carried it forward as a holding.",,,False,1,N,,OHLC_D_I_20DELVBULL
1784891717,"{'stkname': 'Saraswati Saree', 'ltp': '', 'perChg': '', 'stkId': 'SSD02', 'displayLock': 'N', 'scanproflg': 1, 'scUrl': 'trading/saraswatisareedepot/SSD', 'columns': [{'name': 'change %', 'value': '1.85'}, {'name': 'LTP', 'value': '53.46'}, {'name': '20-Delivery Volume Indicator value', 'value': '20,023.00'}]}",OHLC_D_I_20DELVBULL,Above Average Delivery Volume,Stock recorded higher delivery volume in previous trading session,27,Volume & Delivery,"The stock recorded higher delivery volume, and the percentage change in stock price was positive in the previous trading session. This indicates that traders/investors bought the stock and carried it forward as a holding.",,,False,1,N,,OHLC_D_I_20DELVBULL
1784891717,"{'stkname': 'Amagi Media Lab', 'ltp': '', 'perChg': '', 'stkId': 'AMLL', 'displayLock': 'N', 'scanproflg': 1, 'scUrl': 'software/amagimedialabs/AMLL', 'columns': [{'name': 'change %', 'value': '-6.48'}, {'name': 'LTP', 'value': '612.90'}, {'name': '20-Delivery Volume Indicator value', 'value': '1,542,904.00'}]}",OHLC_D_I_20DELVBULL,Above Average Delivery Volume,Stock recorded higher delivery volume in previous trading session,27,Volume & Delivery,"The stock recorded higher delivery volume, and the percentage change in stock price was positive in the previous trading session. This indicates that traders/investors bought the stock and carried it forward as a holding.",,,False,1,N,,OHLC_D_I_20DELVBULL
1784891717,"{'stkname': 'Kronox Lab Scie', 'ltp': '', 'perChg': '', 'stkId': 'KLS', 'displayLock': 'N', 'scanproflg': 1, 'scUrl': 'chemicals/kronoxlabsciences/KLS', 'columns': [{'name': 'change %', 'value': '1.21'}, {'name': 'LTP', 'value': '154.26'}, {'name': '20-Delivery Volume Indicator value', 'value': '268,307.00'}]}",OHLC_D_I_20DELVBULL,Above Average Delivery Volume,Stock recorded higher delivery volume in previous trading session,27,Volume & Delivery,"The stock recorded higher delivery volume, and the percentage change in stock price was positive in the previous trading session. This indicates that traders/investors bought the stock and carried it forward as a holding.",,,False,1,N,,OHLC_D_I_20DELVBULL
1784891717,"{'stkname': 'Gandhar Oil', 'ltp': '', 'perChg': '', 'stkId': 'GOR', 'displayLock': 'N', 'scanproflg': 1, 'scUrl': 'refineries/gandharoilrefineryindia/GOR', 'columns': [{'name': 'change %', 'value': '-0.46'}, {'name': 'LTP', 'value': '280.65'}, {'name': '20-Delivery Volume Indicator value', 'value': '2.51'}]}",OHLC_D_I_20DELVBULL,Above Average Delivery Volume,Stock recorded higher delivery volume in previous trading session,27,Volume & Delivery,"The stock recorded higher delivery volume, and the percentage change in stock price was positive in the previous trading session. This indicates that traders/investors bought the stock and carried it forward as a holding.",,,False,1,N,,OHLC_D_I_20DELVBULL
1784891717,"{'stkname': 'Spectrum Electr', 'ltp': '', 'perChg': '', 'stkId': 'SEI06', 'displayLock': 'N', 'scanproflg': 1, 'scUrl': 'electric-equipment/spectrumelectricalindustries/SEI06', 'columns': [{'name': 'change %', 'value': '-3.47'}, {'name': 'LTP', 'value': '2,250.00'}, {'name': '20-Delivery Volume Indicator value', 'value': '282,124.00'}]}",OHLC_D_I_20DELVBULL,Above Average Delivery Volume,Stock recorded higher delivery volume in previous trading session,27,Volume & Delivery,"The stock recorded higher delivery volume, and the percentage change in stock price was positive in the previous trading session. This indicates that traders/investors bought the stock and carried it forward as a holding.",,,False,1,N,,OHLC_D_I_20DELVBULL
1784891717,"{'stkname': 'ASK Auto', 'ltp': '', 'perChg': '', 'stkId': 'AAL02', 'displayLock': 'N', 'scanproflg': 1, 'scUrl': 'auto-ancillaries-brakes/askautomotive/AAL02', 'columns': [{'name': 'change %', 'value': '1.37'}, {'name': 'LTP', 'value': '509.85'}, {'name': '20-Delivery Volume Indicator value', 'value': '523,144.00'}]}",OHLC_D_I_20DELVBULL,Above Average Delivery Volume,Stock recorded higher delivery volume in previous trading session,27,Volume & Delivery,"The stock recorded higher delivery volume, and the percentage change in stock price was positive in the previous trading session. This indicates that traders/investors bought the stock and carried it forward as a holding.",,,False,1,N,,OHLC_D_I_20DELVBULL
1784891717,"{'stkname': 'Azad Eng', 'ltp': '', 'perChg': '', 'stkId': 'AEL03', 'displayLock': 'N', 'scanproflg': 1, 'scUrl': 'aerospacedefence/azadengineering/AEL02', 'columns': [{'name': 'change %', 'value': '3.80'}, {'name': 'LTP', 'value': '2,437.00'}, {'name': '20-Delivery Volume Indicator value', 'value': '1,292,332.00'}]}",OHLC_D_I_20DELVBULL,Above Average Delivery Volume,Stock recorded higher delivery volume in previous trading session,27,Volume & Delivery,"The stock recorded higher delivery volume, and the percentage change in stock price was positive in the previous trading session. This indicates that traders/investors bought the stock and carried it forward as a holding.",,,False,1,N,,OHLC_D_I_20DELVBULL
1784891717,"{'stkname': 'Sagility', 'ltp': '', 'perChg': '', 'stkId': 'SIL25', 'displayLock': 'N', 'scanproflg': 1, 'scUrl': 'miscellaneous/sagility/SIL27', 'columns': [{'name': 'change %', 'value': '-2.01'}, {'name': 'LTP', 'value': '40.49'}, {'name': '20-Delivery Volume Indicator value', 'value': '2.68'}]}",OHLC_D_I_20DELVBULL,Above Average Delivery Volume,Stock recorded higher delivery volume in previous trading session,27,Volume & Delivery,"The stock recorded higher delivery volume, and the percentage change in stock price was positive in the previous trading session. This indicates that traders/investors bought the stock and carried it forward as a holding.",,,False,1,N,,OHLC_D_I_20DELVBULL
1784891717,"{'stkname': 'Rain Industries', 'ltp': '', 'perChg': '', 'stkId': 'PC13', 'displayLock': 'N', 'scanproflg': 1, 'scUrl': 'cement-major/rainindustries/RC12', 'columns': [{'name': 'change %', 'value': '0.77'}, {'name': 'LTP', 'value': '225.15'}, {'name': '20-Delivery Volume Indicator value', 'value': '5,576,795.00'}]}",OHLC_D_I_20DELVBULL,Above Average Delivery Volume,Stock recorded higher delivery volume in previous trading session,27,Volume & Delivery,"The stock recorded higher delivery volume, and the percentage change in stock price was positive in the previous trading session. This indicates that traders/investors bought the stock and carried it forward as a holding.",,,False,1,N,,OHLC_D_I_20DELVBULL
1784891717,"{'stkname': 'NTPC Green Ener', 'ltp': '', 'perChg': '', 'stkId': 'NGE', 'displayLock': 'N', 'scanproflg': 1, 'scUrl': 'power-generationdistribution/ntpcgreenenergy/NGE', 'columns': [{'name': 'change %', 'value': '-1.07'}, {'name': 'LTP', 'value': '96.18'}, {'name': '20-Delivery Volume Indicator value', 'value': '1.07'}]}",OHLC_D_I_20DELVBULL,Above Average Delivery Volume,Stock recorded higher delivery volume in previous trading session,27,Volume & Delivery,"The stock recorded higher delivery volume, and the percentage change in stock price was positive in the previous trading session. This indicates that traders/investors bought the stock and carried it forward as a holding.",,,False,1,N,,OHLC_D_I_20DELVBULL
1784891717,"{'stkname': 'SBC Exports', 'ltp': '', 'perChg': '', 'stkId': 'SE29', 'displayLock': 'N', 'scanproflg': 1, 'scUrl': 'diversified/sbcexports/SE18', 'columns': [{'name': 'change %', 'value': '-0.12'}, {'name': 'LTP', 'value': '42.10'}, {'name': '20-Delivery Volume Indicator value', 'value': '8,087,679.00'}]}",OHLC_D_I_20DELVBULL,Above Average Delivery Volume,Stock recorded higher delivery volume in previous trading session,27,Volume & Delivery,"The stock recorded higher delivery volume, and the percentage change in stock price was positive in the previous trading session. This indicates that traders/investors bought the stock and carried it forward as a holding.",,,False,1,N,,OHLC_D_I_20DELVBULL
1784891717,"{'stkname': 'Tembo Global', 'ltp': '', 'perChg': '', 'stkId': 'SE27', 'displayLock': 'N', 'scanproflg': 1, 'scUrl': 'engineering-industrial-equipments/temboglobalindustries/SE25', 'columns': [{'name': 'change %', 'value': '0.45'}, {'name': 'LTP', 'value': '534.65'}, {'name': '20-Delivery Volume Indicator value', 'value': '159,288.00'}]}",OHLC_D_I_20DELVBULL,Above Average Delivery Volume,Stock recorded higher delivery volume in previous trading session,27,Volume & Delivery,"The stock recorded higher delivery volume, and the percentage change in stock price was positive in the previous trading session. This indicates that traders/investors bought the stock and carried it forward as a holding.",,,False,1,N,,OHLC_D_I_20DELVBULL
1784891717,"{'stkname': 'Assoc Alcohol', 'ltp': '', 'perChg': '', 'stkId': 'AAB', 'displayLock': 'N', 'scanproflg': 1, 'scUrl': 'breweriesdistilleries/associatedalcoholbreweries/AAB', 'columns': [{'name': 'change %', 'value': '2.19'}, {'name': 'LTP', 'value': '822.00'}, {'name': '20-Delivery Volume Indicator value', 'value': '32,745.00'}]}",OHLC_D_I_20DELVBULL,Above Average Delivery Volume,Stock recorded higher delivery volume in previous trading session,27,Volume & Delivery,"The stock recorded higher delivery volume, and the percentage change in stock price was positive in the previous trading session. This indicates that traders/investors bought the stock and carried it forward as a holding.",,,False,1,N,,OHLC_D_I_20DELVBULL
1784891717,"{'stkname': 'Osia Hyper Reta', 'ltp': '', 'perChg': '', 'stkId': 'OHR', 'displayLock': 'N', 'scanproflg': 1, 'scUrl': 'retailing/osiahyperretail/OHR', 'columns': [{'name': 'change %', 'value': '0.00'}, {'name': 'LTP', 'value': '3.01'}, {'name': '20-Delivery Volume Indicator value', 'value': '430,844.00'}]}",OHLC_D_I_20DELVBULL,Above Average Delivery Volume,Stock recorded higher delivery volume in previous trading session,27,Volume & Delivery,"The stock recorded higher delivery volume, and the percentage change in stock price was positive in the previous trading session. This indicates that traders/investors bought the stock and carried it forward as a holding.",,,False,1,N,,OHLC_D_I_20DELVBULL
1784891717,"{'stkname': 'Sportking India', 'ltp': '', 'perChg': '', 'stkId': 'SI91', 'displayLock': 'N', 'scanproflg': 1, 'scUrl': 'textiles-spinning-synthetic-blended/sportkingindia/SI97', 'columns': [{'name': 'change %', 'value': '3.10'}, {'name': 'LTP', 'value': '213.29'}, {'name': '20-Delivery Volume Indicator value', 'value': '925,525.00'}]}",OHLC_D_I_20DELVBULL,Above Average Delivery Volume,Stock recorded higher delivery volume in previous trading session,27,Volume & Delivery,"The stock recorded higher delivery volume, and the percentage change in stock price was positive in the previous trading session. This indicates that traders/investors bought the stock and carried it forward as a holding.",,,False,1,N,,OHLC_D_I_20DELVBULL
1784891717,"{'stkname': 'Shaily Engg', 'ltp': '', 'perChg': '', 'stkId': 'SEP01', 'displayLock': 'N', 'scanproflg': 1, 'scUrl': 'trading/shailyengineeringplastics/SEP02', 'columns': [{'name': 'change %', 'value': '0.24'}, {'name': 'LTP', 'value': '2,960.00'}, {'name': '20-Delivery Volume Indicator value', 'value': '466,449.00'}]}",OHLC_D_I_20DELVBULL,Above Average Delivery Volume,Stock recorded higher delivery volume in previous trading session,27,Volume & Delivery,"The stock recorded higher delivery volume, and the percentage change in stock price was positive in the previous trading session. This indicates that traders/investors bought the stock and carried it forward as a holding.",,,False,1,N,,OHLC_D_I_20DELVBULL
1784891717,"{'stkname': 'Maral Overseas', 'ltp': '', 'perChg': '', 'stkId': 'MO', 'displayLock': 'N', 'scanproflg': 1, 'scUrl': 'textiles-spinning-cotton-blended/maraloverseas/MO', 'columns': [{'name': 'change %', 'value': '-0.02'}, {'name': 'LTP', 'value': '56.89'}, {'name': '20-Delivery Volume Indicator value', 'value': '25,095.00'}]}",OHLC_D_I_20DELVBULL,Above Average Delivery Volume,Stock recorded higher delivery volume in previous trading session,27,Volume & Delivery,"The stock recorded higher delivery volume, and the percentage change in stock price was positive in the previous trading session. This indicates that traders/investors bought the stock and carried it forward as a holding.",,,False,1,N,,OHLC_D_I_20DELVBULL
1784891717,"{'stkname': 'Sai Silks', 'ltp': '', 'perChg': '', 'stkId': 'SSK01', 'displayLock': 'N', 'scanproflg': 1, 'scUrl': 'retailing/saisilkskalamandir/SSK01', 'columns': [{'name': 'change %', 'value': '0.05'}, {'name': 'LTP', 'value': '88.60'}, {'name': '20-Delivery Volume Indicator value', 'value': '862,126.00'}]}",OHLC_D_I_20DELVBULL,Above Average Delivery Volume,Stock recorded higher delivery volume in previous trading session,27,Volume & Delivery,"The stock recorded higher delivery volume, and the percentage change in stock price was positive in the previous trading session. This indicates that traders/investors bought the stock and carried it forward as a holding.",,,False,1,N,,OHLC_D_I_20DELVBULL
1784891717,"{'stkname': 'Rossell India', 'ltp': '', 'perChg': '', 'stkId': 'RT08', 'displayLock': 'N', 'scanproflg': 1, 'scUrl': 'plantations-teacoffee/rossellindia/RT08', 'columns': [{'name': 'change %', 'value': '-0.20'}, {'name': 'LTP', 'value': '59.89'}, {'name': '20-Delivery Volume Indicator value', 'value': '39,869.00'}]}",OHLC_D_I_20DELVBULL,Above Average Delivery Volume,Stock recorded higher delivery volume in previous trading session,27,Volume & Delivery,"The stock recorded higher delivery volume, and the percentage change in stock price was positive in the previous trading session. This indicates that traders/investors bought the stock and carried it forward as a holding.",,,False,1,N,,OHLC_D_I_20DELVBULL
1784891717,"{'stkname': 'Mold-Tek Pack', 'ltp': '', 'perChg': '', 'stkId': 'MTP02', 'displayLock': 'N', 'scanproflg': 1, 'scUrl': 'plastics/mold-tekpackaging/MTP01', 'columns': [{'name': 'change %', 'value': '2.42'}, {'name': 'LTP', 'value': '731.00'}, {'name': '20-Delivery Volume Indicator value', 'value': '137,463.00'}]}",OHLC_D_I_20DELVBULL,Above Average Delivery Volume,Stock recorded higher delivery volume in previous trading session,27,Volume & Delivery,"The stock recorded higher delivery volume, and the percentage change in stock price was positive in the previous trading session. This indicates that traders/investors bought the stock and carried it forward as a holding.",,,False,1,N,,OHLC_D_I_20DELVBULL
1784891717,"{'stkname': 'United Nilgiri', 'ltp': '', 'perChg': '', 'stkId': 'UNT', 'displayLock': 'N', 'scanproflg': 1, 'scUrl': 'plantations-teacoffee/unitednilgiriteaestatescompany/UNT', 'columns': [{'name': 'change %', 'value': '-2.93'}, {'name': 'LTP', 'value': '469.15'}, {'name': '20-Delivery Volume Indicator value', 'value': '5,532.00'}]}",OHLC_D_I_20DELVBULL,Above Average Delivery Volume,Stock recorded higher delivery volume in previous trading session,27,Volume & Delivery,"The stock recorded higher delivery volume, and the percentage change in stock price was positive in the previous trading session. This indicates that traders/investors bought the stock and carried it forward as a holding.",,,False,1,N,,OHLC_D_I_20DELVBULL
1784891717,"{'stkname': 'Ponni Sugars(E)', 'ltp': '', 'perChg': '', 'stkId': 'PSE03', 'displayLock': 'N', 'scanproflg': 1, 'scUrl': 'sugar/ponnisugarserode/PSE03', 'columns': [{'name': 'change %', 'value': '-2.52'}, {'name': 'LTP', 'value': '313.10'}, {'name': '20-Delivery Volume Indicator value', 'value': '19,417.00'}]}",OHLC_D_I_20DELVBULL,Above Average Delivery Volume,Stock recorded higher delivery volume in previous trading session,27,Volume & Delivery,"The stock recorded higher delivery volume, and the percentage change in stock price was positive in the previous trading session. This indicates that traders/investors bought the stock and carried it forward as a holding.",,,False,1,N,,OHLC_D_I_20DELVBULL
1784891717,"{'stkname': 'GRP', 'ltp': '', 'perChg': '', 'stkId': 'GRR', 'displayLock': 'N', 'scanproflg': 1, 'scUrl': 'rubber/grp/GRR', 'columns': [{'name': 'change %', 'value': '2.05'}, {'name': 'LTP', 'value': '2,013.00'}, {'name': '20-Delivery Volume Indicator value', 'value': '13,519.00'}]}",OHLC_D_I_20DELVBULL,Above Average Delivery Volume,Stock recorded higher delivery volume in previous trading session,27,Volume & Delivery,"The stock recorded higher delivery volume, and the percentage change in stock price was positive in the previous trading session. This indicates that traders/investors bought the stock and carried it forward as a holding.",,,False,1,N,,OHLC_D_I_20DELVBULL
1784891717,"{'stkname': 'Medplus Health', 'ltp': '', 'perChg': '', 'stkId': 'MHS01', 'displayLock': 'N', 'scanproflg': 1, 'scUrl': 'fooddrug-retailing/medplushealthservices/MHS01', 'columns': [{'name': 'change %', 'value': '0.81'}, {'name': 'LTP', 'value': '721.00'}, {'name': '20-Delivery Volume Indicator value', 'value': '982,408.00'}]}",OHLC_D_I_20DELVBULL,Above Average Delivery Volume,Stock recorded higher delivery volume in previous trading session,27,Volume & Delivery,"The stock recorded higher delivery volume, and the percentage change in stock price was positive in the previous trading session. This indicates that traders/investors bought the stock and carried it forward as a holding.",,,False,1,N,,OHLC_D_I_20DELVBULL
1784891717,"{'stkname': 'Piramal Pharma', 'ltp': '', 'perChg': '', 'stkId': 'PP37', 'displayLock': 'N', 'scanproflg': 1, 'scUrl': 'pharmaceuticalsdrugs/piramalpharma/PP34', 'columns': [{'name': 'change %', 'value': '0.21'}, {'name': 'LTP', 'value': '181.21'}, {'name': '20-Delivery Volume Indicator value', 'value': '8,945,904.00'}]}",OHLC_D_I_20DELVBULL,Above Average Delivery Volume,Stock recorded higher delivery volume in previous trading session,27,Volume & Delivery,"The stock recorded higher delivery volume, and the percentage change in stock price was positive in the previous trading session. This indicates that traders/investors bought the stock and carried it forward as a holding.",,,False,1,N,,OHLC_D_I_20DELVBULL
1784891717,"{'stkname': 'BB Triplewall ', 'ltp': '', 'perChg': '', 'stkId': 'BTC02', 'displayLock': 'N', 'scanproflg': 1, 'scUrl': 'containerspackaging/bbtriplewallcontainers/BTC', 'columns': [{'name': 'change %', 'value': '-0.08'}, {'name': 'LTP', 'value': '213.25'}, {'name': '20-Delivery Volume Indicator value', 'value': '11,202.00'}]}",OHLC_D_I_20DELVBULL,Above Average Delivery Volume,Stock recorded higher delivery volume in previous trading session,27,Volume & Delivery,"The stock recorded higher delivery volume, and the percentage change in stock price was positive in the previous trading session. This indicates that traders/investors bought the stock and carried it forward as a holding.",,,False,1,N,,OHLC_D_I_20DELVBULL
1784891717,"{'stkname': 'Satia Ind', 'ltp': '', 'perChg': '', 'stkId': 'SI90', 'displayLock': 'N', 'scanproflg': 1, 'scUrl': 'paper/satiaindustries/SI96', 'columns': [{'name': 'change %', 'value': '-2.70'}, {'name': 'LTP', 'value': '60.85'}, {'name': '20-Delivery Volume Indicator value', 'value': '375,339.00'}]}",OHLC_D_I_20DELVBULL,Above Average Delivery Volume,Stock recorded higher delivery volume in previous trading session,27,Volume & Delivery,"The stock recorded higher delivery volume, and the percentage change in stock price was positive in the previous trading session. This indicates that traders/investors bought the stock and carried it forward as a holding.",,,False,1,N,,OHLC_D_I_20DELVBULL
1784891717,"{'stkname': 'Astron Paper', 'ltp': '', 'perChg': '', 'stkId': 'APB', 'displayLock': 'N', 'scanproflg': 1, 'scUrl': 'paperforest-products/astronpaperboardmill/APB', 'columns': [{'name': 'change %', 'value': '0.48'}, {'name': 'LTP', 'value': '4.15'}, {'name': '20-Delivery Volume Indicator value', 'value': '38,279.00'}]}",OHLC_D_I_20DELVBULL,Above Average Delivery Volume,Stock recorded higher delivery volume in previous trading session,27,Volume & Delivery,"The stock recorded higher delivery volume, and the percentage change in stock price was positive in the previous trading session. This indicates that traders/investors bought the stock and carried it forward as a holding.",,,False,1,N,,OHLC_D_I_20DELVBULL
1784891717,"{'stkname': 'Andhra Paper', 'ltp': '', 'perChg': '', 'stkId': 'APP', 'displayLock': 'N', 'scanproflg': 1, 'scUrl': 'paper/andhrapaperlimited/APP', 'columns': [{'name': 'change %', 'value': '-1.74'}, {'name': 'LTP', 'value': '61.00'}, {'name': '20-Delivery Volume Indicator value', 'value': '560,806.00'}]}",OHLC_D_I_20DELVBULL,Above Average Delivery Volume,Stock recorded higher delivery volume in previous trading session,27,Volume & Delivery,"The stock recorded higher delivery volume, and the percentage change in stock price was positive in the previous trading session. This indicates that traders/investors bought the stock and carried it forward as a holding.",,,False,1,N,,OHLC_D_I_20DELVBULL
1784891717,"{'stkname': 'Orient Paper', 'ltp': '', 'perChg': '', 'stkId': 'OPI', 'displayLock': 'N', 'scanproflg': 1, 'scUrl': 'paperforest-products/orientpaperindustries/OPI', 'columns': [{'name': 'change %', 'value': '-0.62'}, {'name': 'LTP', 'value': '17.65'}, {'name': '20-Delivery Volume Indicator value', 'value': '1,610,148.00'}]}",OHLC_D_I_20DELVBULL,Above Average Delivery Volume,Stock recorded higher delivery volume in previous trading session,27,Volume & Delivery,"The stock recorded higher delivery volume, and the percentage change in stock price was positive in the previous trading session. This indicates that traders/investors bought the stock and carried it forward as a holding.",,,False,1,N,,OHLC_D_I_20DELVBULL
1784891717,"{'stkname': 'Pudumjee Paper ', 'ltp': '', 'perChg': '', 'stkId': 'PPP04', 'displayLock': 'N', 'scanproflg': 1, 'scUrl': 'paper/pudumjeepaperproductslimited/PPP04', 'columns': [{'name': 'change %', 'value': '-1.87'}, {'name': 'LTP', 'value': '91.50'}, {'name': '20-Delivery Volume Indicator value', 'value': '927,625.00'}]}",OHLC_D_I_20DELVBULL,Above Average Delivery Volume,Stock recorded higher delivery volume in previous trading session,27,Volume & Delivery,"The stock recorded higher delivery volume, and the percentage change in stock price was positive in the previous trading session. This indicates that traders/investors bought the stock and carried it forward as a holding.",,,False,1,N,,OHLC_D_I_20DELVBULL
1784891717,"{'stkname': 'West Coast Pap', 'ltp': '', 'perChg': '', 'stkId': 'WCP', 'displayLock': 'N', 'scanproflg': 1, 'scUrl': 'paper/westcoastpapermills/WCP', 'columns': [{'name': 'change %', 'value': '-0.84'}, {'name': 'LTP', 'value': '556.00'}, {'name': '20-Delivery Volume Indicator value', 'value': '805,364.00'}]}",OHLC_D_I_20DELVBULL,Above Average Delivery Volume,Stock recorded higher delivery volume in previous trading session,27,Volume & Delivery,"The stock recorded higher delivery volume, and the percentage change in stock price was positive in the previous trading session. This indicates that traders/investors bought the stock and carried it forward as a holding.",,,False,1,N,,OHLC_D_I_20DELVBULL
1784891717,"{'stkname': 'Savita Oil Tech', 'ltp': '', 'perChg': '', 'stkId': 'SC04', 'displayLock': 'N', 'scanproflg': 1, 'scUrl': 'petrochemicals/savitaoiltechnologies/SOT01', 'columns': [{'name': 'change %', 'value': '0.80'}, {'name': 'LTP', 'value': '650.25'}, {'name': '20-Delivery Volume Indicator value', 'value': '5,747,851.00'}]}",OHLC_D_I_20DELVBULL,Above Average Delivery Volume,Stock recorded higher delivery volume in previous trading session,27,Volume & Delivery,"The stock recorded higher delivery volume, and the percentage change in stock price was positive in the previous trading session. This indicates that traders/investors bought the stock and carried it forward as a holding.",,,False,1,N,,OHLC_D_I_20DELVBULL
1784891717,"{'stkname': 'Tamil Newsprint', 'ltp': '', 'perChg': '', 'stkId': 'TNP', 'displayLock': 'N', 'scanproflg': 1, 'scUrl': 'paper/tamilnadunewsprintpapers/TNN', 'columns': [{'name': 'change %', 'value': '-1.28'}, {'name': 'LTP', 'value': '149.50'}, {'name': '20-Delivery Volume Indicator value', 'value': '2,644,383.00'}]}",OHLC_D_I_20DELVBULL,Above Average Delivery Volume,Stock recorded higher delivery volume in previous trading session,27,Volume & Delivery,"The stock recorded higher delivery volume, and the percentage change in stock price was positive in the previous trading session. This indicates that traders/investors bought the stock and carried it forward as a holding.",,,False,1,N,,OHLC_D_I_20DELVBULL
1784891717,"{'stkname': 'NR Agarwal', 'ltp': '', 'perChg': '', 'stkId': 'NRA', 'displayLock': 'N', 'scanproflg': 1, 'scUrl': 'paper/nragarwalindustries/NRA', 'columns': [{'name': 'change %', 'value': '5.82'}, {'name': 'LTP', 'value': '516.00'}, {'name': '20-Delivery Volume Indicator value', 'value': '36,293.00'}]}",OHLC_D_I_20DELVBULL,Above Average Delivery Volume,Stock recorded higher delivery volume in previous trading session,27,Volume & Delivery,"The stock recorded higher delivery volume, and the percentage change in stock price was positive in the previous trading session. This indicates that traders/investors bought the stock and carried it forward as a holding.",,,False,1,N,,OHLC_D_I_20DELVBULL
1784891717,"{'stkname': 'MPS', 'ltp': '', 'perChg': '', 'stkId': 'MI31', 'displayLock': 'N', 'scanproflg': 1, 'scUrl': 'printingstationery/mps/MI31', 'columns': [{'name': 'change %', 'value': '5.42'}, {'name': 'LTP', 'value': '2,786.00'}, {'name': '20-Delivery Volume Indicator value', 'value': '915,397.00'}]}",OHLC_D_I_20DELVBULL,Above Average Delivery Volume,Stock recorded higher delivery volume in previous trading session,27,Volume & Delivery,"The stock recorded higher delivery volume, and the percentage change in stock price was positive in the previous trading session. This indicates that traders/investors bought the stock and carried it forward as a holding.",,,False,1,N,,OHLC_D_I_20DELVBULL
1784891717,"{'stkname': 'Ruchira Papers', 'ltp': '', 'perChg': '', 'stkId': 'RP25', 'displayLock': 'N', 'scanproflg': 1, 'scUrl': 'paper/ruchirapapers/RP25', 'columns': [{'name': 'change %', 'value': '-1.61'}, {'name': 'LTP', 'value': '106.33'}, {'name': '20-Delivery Volume Indicator value', 'value': '156,695.00'}]}",OHLC_D_I_20DELVBULL,Above Average Delivery Volume,Stock recorded higher delivery volume in previous trading session,27,Volume & Delivery,"The stock recorded higher delivery volume, and the percentage change in stock price was positive in the previous trading session. This indicates that traders/investors bought the stock and carried it forward as a holding.",,,False,1,N,,OHLC_D_I_20DELVBULL
1784891717,"{'stkname': 'Sundaram Multi', 'ltp': '', 'perChg': '', 'stkId': 'SMP01', 'displayLock': 'N', 'scanproflg': 1, 'scUrl': 'printingstationery/sundarammultipap/SMP02', 'columns': [{'name': 'change %', 'value': '-0.78'}, {'name': 'LTP', 'value': '1.28'}, {'name': '20-Delivery Volume Indicator value', 'value': '838,131.00'}]}",OHLC_D_I_20DELVBULL,Above Average Delivery Volume,Stock recorded higher delivery volume in previous trading session,27,Volume & Delivery,"The stock recorded higher delivery volume, and the percentage change in stock price was positive in the previous trading session. This indicates that traders/investors bought the stock and carried it forward as a holding.",,,False,1,N,,OHLC_D_I_20DELVBULL
1784891717,"{'stkname': 'Panama Petro', 'ltp': '', 'perChg': '', 'stkId': 'PP02', 'displayLock': 'N', 'scanproflg': 1, 'scUrl': 'chemicals/panamapetrochem/PP02', 'columns': [{'name': 'change %', 'value': '-0.60'}, {'name': 'LTP', 'value': '497.75'}, {'name': '20-Delivery Volume Indicator value', 'value': '1,510,185.00'}]}",OHLC_D_I_20DELVBULL,Above Average Delivery Volume,Stock recorded higher delivery volume in previous trading session,27,Volume & Delivery,"The stock recorded higher delivery volume, and the percentage change in stock price was positive in the previous trading session. This indicates that traders/investors bought the stock and carried it forward as a holding.",,,False,1,N,,OHLC_D_I_20DELVBULL
1784891717,"{'stkname': 'Shri Rama Multi', 'ltp': '', 'perChg': '', 'stkId': 'SRI01', 'displayLock': 'N', 'scanproflg': 1, 'scUrl': 'packaging/shreeramamultitech/SRI01', 'columns': [{'name': 'change %', 'value': '-0.27'}, {'name': 'LTP', 'value': '40.50'}, {'name': '20-Delivery Volume Indicator value', 'value': '111,389.00'}]}",OHLC_D_I_20DELVBULL,Above Average Delivery Volume,Stock recorded higher delivery volume in previous trading session,27,Volume & Delivery,"The stock recorded higher delivery volume, and the percentage change in stock price was positive in the previous trading session. This indicates that traders/investors bought the stock and carried it forward as a holding.",,,False,1,N,,OHLC_D_I_20DELVBULL
1784891717,"{'stkname': 'Star Paper', 'ltp': '', 'perChg': '', 'stkId': 'SPM04', 'displayLock': 'N', 'scanproflg': 1, 'scUrl': 'paper/starpapermills/SPM04', 'columns': [{'name': 'change %', 'value': '-0.58'}, {'name': 'LTP', 'value': '148.70'}, {'name': '20-Delivery Volume Indicator value', 'value': '103,397.00'}]}",OHLC_D_I_20DELVBULL,Above Average Delivery Volume,Stock recorded higher delivery volume in previous trading session,27,Volume & Delivery,"The stock recorded higher delivery volume, and the percentage change in stock price was positive in the previous trading session. This indicates that traders/investors bought the stock and carried it forward as a holding.",,,False,1,N,,OHLC_D_I_20DELVBULL
1784891717,"{'stkname': 'Shreyans Ind', 'ltp': '', 'perChg': '', 'stkId': 'SI20', 'displayLock': 'N', 'scanproflg': 1, 'scUrl': 'paper/shreyansindustries/SI20', 'columns': [{'name': 'change %', 'value': '1.11'}, {'name': 'LTP', 'value': '138.99'}, {'name': '20-Delivery Volume Indicator value', 'value': '39,946.00'}]}",OHLC_D_I_20DELVBULL,Above Average Delivery Volume,Stock recorded higher delivery volume in previous trading session,27,Volume & Delivery,"The stock recorded higher delivery volume, and the percentage change in stock price was positive in the previous trading session. This indicates that traders/investors bought the stock and carried it forward as a holding.",,,False,1,N,,OHLC_D_I_20DELVBULL
1784891717,"{'stkname': 'TTK Healthcare', 'ltp': '', 'perChg': '', 'stkId': 'TTK', 'displayLock': 'N', 'scanproflg': 1, 'scUrl': 'pharmaceuticals/ttkhealthcare/TTK', 'columns': [{'name': 'change %', 'value': '4.19'}, {'name': 'LTP', 'value': '1,055.00'}, {'name': '20-Delivery Volume Indicator value', 'value': '28,716.00'}]}",OHLC_D_I_20DELVBULL,Above Average Delivery Volume,Stock recorded higher delivery volume in previous trading session,27,Volume & Delivery,"The stock recorded higher delivery volume, and the percentage change in stock price was positive in the previous trading session. This indicates that traders/investors bought the stock and carried it forward as a holding.",,,False,1,N,,OHLC_D_I_20DELVBULL
1784891717,"{'stkname': 'AGI Greenpac', 'ltp': '', 'perChg': '', 'stkId': 'HSI', 'displayLock': 'N', 'scanproflg': 1, 'scUrl': 'containerspackaging/agigreenpac/HSI02', 'columns': [{'name': 'change %', 'value': '1.53'}, {'name': 'LTP', 'value': '680.00'}, {'name': '20-Delivery Volume Indicator value', 'value': '110,480.00'}]}",OHLC_D_I_20DELVBULL,Above Average Delivery Volume,Stock recorded higher delivery volume in previous trading session,27,Volume & Delivery,"The stock recorded higher delivery volume, and the percentage change in stock price was positive in the previous trading session. This indicates that traders/investors bought the stock and carried it forward as a holding.",,,False,1,N,,OHLC_D_I_20DELVBULL
1784891717,"{'stkname': 'MMP Industries', 'ltp': '', 'perChg': '', 'stkId': 'MIL16', 'displayLock': 'N', 'scanproflg': 1, 'scUrl': 'aluminiumaluminium-products/mmpindustries/MIL17', 'columns': [{'name': 'change %', 'value': '-1.64'}, {'name': 'LTP', 'value': '281.60'}, {'name': '20-Delivery Volume Indicator value', 'value': '51,947.00'}]}",OHLC_D_I_20DELVBULL,Above Average Delivery Volume,Stock recorded higher delivery volume in previous trading session,27,Volume & Delivery,"The stock recorded higher delivery volume, and the percentage change in stock price was positive in the previous trading session. This indicates that traders/investors bought the stock and carried it forward as a holding.",,,False,1,N,,OHLC_D_I_20DELVBULL
1784891717,"{'stkname': 'Technocraft Ind', 'ltp': '', 'perChg': '', 'stkId': 'TII01', 'displayLock': 'N', 'scanproflg': 1, 'scUrl': 'steel-mediumsmall/technocraftindustriesindia/TII01', 'columns': [{'name': 'change %', 'value': '-0.56'}, {'name': 'LTP', 'value': '2,551.50'}, {'name': '20-Delivery Volume Indicator value', 'value': '10,265.00'}]}",OHLC_D_I_20DELVBULL,Above Average Delivery Volume,Stock recorded higher delivery volume in previous trading session,27,Volume & Delivery,"The stock recorded higher delivery volume, and the percentage change in stock price was positive in the previous trading session. This indicates that traders/investors bought the stock and carried it forward as a holding.",,,False,1,N,,OHLC_D_I_20DELVBULL
1784891717,"{'stkname': 'Ester Ind', 'ltp': '', 'perChg': '', 'stkId': 'EI07', 'displayLock': 'N', 'scanproflg': 1, 'scUrl': 'packaging/esterindustries/EI20', 'columns': [{'name': 'change %', 'value': '-0.01'}, {'name': 'LTP', 'value': '89.00'}, {'name': '20-Delivery Volume Indicator value', 'value': '106,158.00'}]}",OHLC_D_I_20DELVBULL,Above Average Delivery Volume,Stock recorded higher delivery volume in previous trading session,27,Volume & Delivery,"The stock recorded higher delivery volume, and the percentage change in stock price was positive in the previous trading session. This indicates that traders/investors bought the stock and carried it forward as a holding.",,,False,1,N,,OHLC_D_I_20DELVBULL
1784891717,"{'stkname': 'Dolphin Offshor', 'ltp': '', 'perChg': '', 'stkId': 'DOE', 'displayLock': 'N', 'scanproflg': 1, 'scUrl': 'oil-drillingexploration/dolphinoffshoreenterprisesi/DOE', 'columns': [{'name': 'change %', 'value': '-5.29'}, {'name': 'LTP', 'value': '376.00'}, {'name': '20-Delivery Volume Indicator value', 'value': '24,309.00'}]}",OHLC_D_I_20DELVBULL,Above Average Delivery Volume,Stock recorded higher delivery volume in previous trading session,27,Volume & Delivery,"The stock recorded higher delivery volume, and the percentage change in stock price was positive in the previous trading session. This indicates that traders/investors bought the stock and carried it forward as a holding.",,,False,1,N,,OHLC_D_I_20DELVBULL
1784891717,"{'stkname': 'JK Paper', 'ltp': '', 'perChg': '', 'stkId': 'CPM01', 'displayLock': 'N', 'scanproflg': 1, 'scUrl': 'paper/jkpaper/JKP01', 'columns': [{'name': 'change %', 'value': '2.48'}, {'name': 'LTP', 'value': '401.25'}, {'name': '20-Delivery Volume Indicator value', 'value': '5,218,012.00'}]}",OHLC_D_I_20DELVBULL,Above Average Delivery Volume,Stock recorded higher delivery volume in previous trading session,27,Volume & Delivery,"The stock recorded higher delivery volume, and the percentage change in stock price was positive in the previous trading session. This indicates that traders/investors bought the stock and carried it forward as a holding.",,,False,1,N,,OHLC_D_I_20DELVBULL
1784891717,"{'stkname': 'Kuantum Papers', 'ltp': '', 'perChg': '', 'stkId': 'ABC06', 'displayLock': 'N', 'scanproflg': 1, 'scUrl': 'paper/kuantumpapers/ABC07', 'columns': [{'name': 'change %', 'value': '-3.05'}, {'name': 'LTP', 'value': '77.25'}, {'name': '20-Delivery Volume Indicator value', 'value': '613,588.00'}]}",OHLC_D_I_20DELVBULL,Above Average Delivery Volume,Stock recorded higher delivery volume in previous trading session,27,Volume & Delivery,"The stock recorded higher delivery volume, and the percentage change in stock price was positive in the previous trading session. This indicates that traders/investors bought the stock and carried it forward as a holding.",,,False,1,N,,OHLC_D_I_20DELVBULL
1784891717,"{'stkname': 'Man Industries', 'ltp': '', 'perChg': '', 'stkId': 'MII', 'displayLock': 'N', 'scanproflg': 1, 'scUrl': 'steel-tubespipes/manindustriesindia/MII', 'columns': [{'name': 'change %', 'value': '-1.27'}, {'name': 'LTP', 'value': '526.55'}, {'name': '20-Delivery Volume Indicator value', 'value': '339,695.00'}]}",OHLC_D_I_20DELVBULL,Above Average Delivery Volume,Stock recorded higher delivery volume in previous trading session,27,Volume & Delivery,"The stock recorded higher delivery volume, and the percentage change in stock price was positive in the previous trading session. This indicates that traders/investors bought the stock and carried it forward as a holding.",,,False,1,N,,OHLC_D_I_20DELVBULL
1784891717,"{'stkname': 'Emami Paper', 'ltp': '', 'perChg': '', 'stkId': 'EPM01', 'displayLock': 'N', 'scanproflg': 1, 'scUrl': 'paper/emamipapermills/EPM01', 'columns': [{'name': 'change %', 'value': '-3.97'}, {'name': 'LTP', 'value': '118.00'}, {'name': '20-Delivery Volume Indicator value', 'value': '3,946,892.00'}]}",OHLC_D_I_20DELVBULL,Above Average Delivery Volume,Stock recorded higher delivery volume in previous trading session,27,Volume & Delivery,"The stock recorded higher delivery volume, and the percentage change in stock price was positive in the previous trading session. This indicates that traders/investors bought the stock and carried it forward as a holding.",,,False,1,N,,OHLC_D_I_20DELVBULL
1784891717,"{'stkname': 'Polyplex Corp', 'ltp': '', 'perChg': '', 'stkId': 'PC08', 'displayLock': 'N', 'scanproflg': 1, 'scUrl': 'packaging/polyplexcorporation/PC08', 'columns': [{'name': 'change %', 'value': '-0.19'}, {'name': 'LTP', 'value': '1,140.00'}, {'name': '20-Delivery Volume Indicator value', 'value': '287,567.00'}]}",OHLC_D_I_20DELVBULL,Above Average Delivery Volume,Stock recorded higher delivery volume in previous trading session,27,Volume & Delivery,"The stock recorded higher delivery volume, and the percentage change in stock price was positive in the previous trading session. This indicates that traders/investors bought the stock and carried it forward as a holding.",,,False,1,N,,OHLC_D_I_20DELVBULL
1784891717,"{'stkname': 'Huhtamaki India', 'ltp': '', 'perChg': '', 'stkId': 'PP', 'displayLock': 'N', 'scanproflg': 1, 'scUrl': 'packaging/huhtamakiindia/PP', 'columns': [{'name': 'change %', 'value': '6.66'}, {'name': 'LTP', 'value': '317.20'}, {'name': '20-Delivery Volume Indicator value', 'value': '1.38'}]}",OHLC_D_I_20DELVBULL,Above Average Delivery Volume,Stock recorded higher delivery volume in previous trading session,27,Volume & Delivery,"The stock recorded higher delivery volume, and the percentage change in stock price was positive in the previous trading session. This indicates that traders/investors bought the stock and carried it forward as a holding.",,,False,1,N,,OHLC_D_I_20DELVBULL
1784891717,"{'stkname': 'Ratnaveer', 'ltp': '', 'perChg': '', 'stkId': 'RPE', 'displayLock': 'N', 'scanproflg': 1, 'scUrl': 'ironsteel/ratnaveerprecisionengineering/RPE', 'columns': [{'name': 'change %', 'value': '0.67'}, {'name': 'LTP', 'value': '178.66'}, {'name': '20-Delivery Volume Indicator value', 'value': '2,344,322.00'}]}",OHLC_D_I_20DELVBULL,Above Average Delivery Volume,Stock recorded higher delivery volume in previous trading session,27,Volume & Delivery,"The stock recorded higher delivery volume, and the percentage change in stock price was positive in the previous trading session. This indicates that traders/investors bought the stock and carried it forward as a holding.",,,False,1,N,,OHLC_D_I_20DELVBULL
1784891717,"{'stkname': 'Gulf Oil Lubric', 'ltp': '', 'perChg': '', 'stkId': 'GOL01', 'displayLock': 'N', 'scanproflg': 1, 'scUrl': 'lubricants/gulfoillubricantsindia/GOL01', 'columns': [{'name': 'change %', 'value': '-1.61'}, {'name': 'LTP', 'value': '1,019.00'}, {'name': '20-Delivery Volume Indicator value', 'value': '130,639.00'}]}",OHLC_D_I_20DELVBULL,Above Average Delivery Volume,Stock recorded higher delivery volume in previous trading session,27,Volume & Delivery,"The stock recorded higher delivery volume, and the percentage change in stock price was positive in the previous trading session. This indicates that traders/investors bought the stock and carried it forward as a holding.",,,False,1,N,,OHLC_D_I_20DELVBULL
1784891717,"{'stkname': 'HOEC', 'ltp': '', 'perChg': '', 'stkId': 'HOE01', 'displayLock': 'N', 'scanproflg': 1, 'scUrl': 'oil-drillingexploration/hindustanoilexplorationcompany/HOE01', 'columns': [{'name': 'change %', 'value': '-3.19'}, {'name': 'LTP', 'value': '162.15'}, {'name': '20-Delivery Volume Indicator value', 'value': '1,076,335.00'}]}",OHLC_D_I_20DELVBULL,Above Average Delivery Volume,Stock recorded higher delivery volume in previous trading session,27,Volume & Delivery,"The stock recorded higher delivery volume, and the percentage change in stock price was positive in the previous trading session. This indicates that traders/investors bought the stock and carried it forward as a holding.",,,False,1,N,,OHLC_D_I_20DELVBULL
1784891717,"{'stkname': 'Seshasayee Pape', 'ltp': '', 'perChg': '', 'stkId': 'SPB', 'displayLock': 'N', 'scanproflg': 1, 'scUrl': 'paper/seshasayeepaperboards/SPB', 'columns': [{'name': 'change %', 'value': '1.03'}, {'name': 'LTP', 'value': '232.00'}, {'name': '20-Delivery Volume Indicator value', 'value': '413,190.00'}]}",OHLC_D_I_20DELVBULL,Above Average Delivery Volume,Stock recorded higher delivery volume in previous trading session,27,Volume & Delivery,"The stock recorded higher delivery volume, and the percentage change in stock price was positive in the previous trading session. This indicates that traders/investors bought the stock and carried it forward as a holding.",,,False,1,N,,OHLC_D_I_20DELVBULL
1784891717,"{'stkname': 'MRPL', 'ltp': '', 'perChg': '', 'stkId': 'MRP', 'displayLock': 'N', 'scanproflg': 1, 'scUrl': 'refineries/mangalorerefinerypetrochemicals/MRP', 'columns': [{'name': 'change %', 'value': '-3.60'}, {'name': 'LTP', 'value': '169.61'}, {'name': '20-Delivery Volume Indicator value', 'value': '3.32'}]}",OHLC_D_I_20DELVBULL,Above Average Delivery Volume,Stock recorded higher delivery volume in previous trading session,27,Volume & Delivery,"The stock recorded higher delivery volume, and the percentage change in stock price was positive in the previous trading session. This indicates that traders/investors bought the stock and carried it forward as a holding.",,,False,1,N,,OHLC_D_I_20DELVBULL
1784891717,"{'stkname': 'Prime Focus', 'ltp': '', 'perChg': '', 'stkId': 'PF13', 'displayLock': 'N', 'scanproflg': 1, 'scUrl': 'mediaentertainment/primefocus/PF13', 'columns': [{'name': 'change %', 'value': '1.14'}, {'name': 'LTP', 'value': '289.80'}, {'name': '20-Delivery Volume Indicator value', 'value': '968,487.00'}]}",OHLC_D_I_20DELVBULL,Above Average Delivery Volume,Stock recorded higher delivery volume in previous trading session,27,Volume & Delivery,"The stock recorded higher delivery volume, and the percentage change in stock price was positive in the previous trading session. This indicates that traders/investors bought the stock and carried it forward as a holding.",,,False,1,N,,OHLC_D_I_20DELVBULL
1784891717,"{'stkname': 'Pyramid Techno', 'ltp': '', 'perChg': '', 'stkId': 'PT10', 'displayLock': 'N', 'scanproflg': 1, 'scUrl': 'containerspackaging/pyramidtechnoplast/PT12', 'columns': [{'name': 'change %', 'value': '0.05'}, {'name': 'LTP', 'value': '163.00'}, {'name': '20-Delivery Volume Indicator value', 'value': '37,825.00'}]}",OHLC_D_I_20DELVBULL,Above Average Delivery Volume,Stock recorded higher delivery volume in previous trading session,27,Volume & Delivery,"The stock recorded higher delivery volume, and the percentage change in stock price was positive in the previous trading session. This indicates that traders/investors bought the stock and carried it forward as a holding.",,,False,1,N,,OHLC_D_I_20DELVBULL
1784891717,"{'stkname': 'GP Petroleums', 'ltp': '', 'perChg': '', 'stkId': 'SP36', 'displayLock': 'N', 'scanproflg': 1, 'scUrl': 'lubricants/gppetroleums/SP36', 'columns': [{'name': 'change %', 'value': '5.00'}, {'name': 'LTP', 'value': '43.28'}, {'name': '20-Delivery Volume Indicator value', 'value': '166,640.00'}]}",OHLC_D_I_20DELVBULL,Above Average Delivery Volume,Stock recorded higher delivery volume in previous trading session,27,Volume & Delivery,"The stock recorded higher delivery volume, and the percentage change in stock price was positive in the previous trading session. This indicates that traders/investors bought the stock and carried it forward as a holding.",,,False,1,N,,OHLC_D_I_20DELVBULL
1784891717,"{'stkname': 'Ashapura Mine', 'ltp': '', 'perChg': '', 'stkId': 'AM07', 'displayLock': 'N', 'scanproflg': 1, 'scUrl': 'miningminerals/ashapuraminechem/AM07', 'columns': [{'name': 'change %', 'value': '1.32'}, {'name': 'LTP', 'value': '696.00'}, {'name': '20-Delivery Volume Indicator value', 'value': '513,742.00'}]}",OHLC_D_I_20DELVBULL,Above Average Delivery Volume,Stock recorded higher delivery volume in previous trading session,27,Volume & Delivery,"The stock recorded higher delivery volume, and the percentage change in stock price was positive in the previous trading session. This indicates that traders/investors bought the stock and carried it forward as a holding.",,,False,1,N,,OHLC_D_I_20DELVBULL
1784891717,"{'stkname': 'Cosmo First', 'ltp': '', 'perChg': '', 'stkId': 'CF08', 'displayLock': 'N', 'scanproflg': 1, 'scUrl': 'plastics/cosmofirst/CF08', 'columns': [{'name': 'change %', 'value': '-0.46'}, {'name': 'LTP', 'value': '873.50'}, {'name': '20-Delivery Volume Indicator value', 'value': '376,579.00'}]}",OHLC_D_I_20DELVBULL,Above Average Delivery Volume,Stock recorded higher delivery volume in previous trading session,27,Volume & Delivery,"The stock recorded higher delivery volume, and the percentage change in stock price was positive in the previous trading session. This indicates that traders/investors bought the stock and carried it forward as a holding.",,,False,1,N,,OHLC_D_I_20DELVBULL
1784891717,"{'stkname': 'Transport Corp', 'ltp': '', 'perChg': '', 'stkId': 'TCI04', 'displayLock': 'N', 'scanproflg': 1, 'scUrl': 'transportlogistics/transportcorporationindia/TCI04', 'columns': [{'name': 'change %', 'value': '-0.77'}, {'name': 'LTP', 'value': '922.95'}, {'name': '20-Delivery Volume Indicator value', 'value': '81,113.00'}]}",OHLC_D_I_20DELVBULL,Above Average Delivery Volume,Stock recorded higher delivery volume in previous trading session,27,Volume & Delivery,"The stock recorded higher delivery volume, and the percentage change in stock price was positive in the previous trading session. This indicates that traders/investors bought the stock and carried it forward as a holding.",,,False,1,N,,OHLC_D_I_20DELVBULL
1784891717,"{'stkname': 'Cineline India', 'ltp': '', 'perChg': '', 'stkId': 'CI38', 'displayLock': 'N', 'scanproflg': 1, 'scUrl': 'mediaentertainment/cinelineindia/CI38', 'columns': [{'name': 'change %', 'value': '8.35'}, {'name': 'LTP', 'value': '87.03'}, {'name': '20-Delivery Volume Indicator value', 'value': '29,280.00'}]}",OHLC_D_I_20DELVBULL,Above Average Delivery Volume,Stock recorded higher delivery volume in previous trading session,27,Volume & Delivery,"The stock recorded higher delivery volume, and the percentage change in stock price was positive in the previous trading session. This indicates that traders/investors bought the stock and carried it forward as a holding.",,,False,1,N,,OHLC_D_I_20DELVBULL
1784891717,"{'stkname': 'Kamdhenu', 'ltp': '', 'perChg': '', 'stkId': 'KI24', 'displayLock': 'N', 'scanproflg': 1, 'scUrl': 'steel-mediumsmall/kamdhenu/KI24', 'columns': [{'name': 'change %', 'value': '2.09'}, {'name': 'LTP', 'value': '35.70'}, {'name': '20-Delivery Volume Indicator value', 'value': '1,544,141.00'}]}",OHLC_D_I_20DELVBULL,Above Average Delivery Volume,Stock recorded higher delivery volume in previous trading session,27,Volume & Delivery,"The stock recorded higher delivery volume, and the percentage change in stock price was positive in the previous trading session. This indicates that traders/investors bought the stock and carried it forward as a holding.",,,False,1,N,,OHLC_D_I_20DELVBULL
1784891717,"{'stkname': 'Lloyds Metals', 'ltp': '', 'perChg': '', 'stkId': 'LME', 'displayLock': 'N', 'scanproflg': 1, 'scUrl': 'steel-sponge-iron/lloydsmetalsenergy/LME', 'columns': [{'name': 'change %', 'value': '0.07'}, {'name': 'LTP', 'value': '1,932.00'}, {'name': '20-Delivery Volume Indicator value', 'value': '587,567.00'}]}",OHLC_D_I_20DELVBULL,Above Average Delivery Volume,Stock recorded higher delivery volume in previous trading session,27,Volume & Delivery,"The stock recorded higher delivery volume, and the percentage change in stock price was positive in the previous trading session. This indicates that traders/investors bought the stock and carried it forward as a holding.",,,False,1,N,,OHLC_D_I_20DELVBULL
1784891717,"{'stkname': 'Mukta Arts', 'ltp': '', 'perChg': '', 'stkId': 'MA02', 'displayLock': 'N', 'scanproflg': 1, 'scUrl': 'mediaentertainment/muktaarts/MA02', 'columns': [{'name': 'change %', 'value': '-2.98'}, {'name': 'LTP', 'value': '56.00'}, {'name': '20-Delivery Volume Indicator value', 'value': '9,021.00'}]}",OHLC_D_I_20DELVBULL,Above Average Delivery Volume,Stock recorded higher delivery volume in previous trading session,27,Volume & Delivery,"The stock recorded higher delivery volume, and the percentage change in stock price was positive in the previous trading session. This indicates that traders/investors bought the stock and carried it forward as a holding.",,,False,1,N,,OHLC_D_I_20DELVBULL
1784891717,"{'stkname': 'Sarthak Metals', 'ltp': '', 'perChg': '', 'stkId': 'SM16', 'displayLock': 'N', 'scanproflg': 1, 'scUrl': 'miningminerals/sarthakmetals/SM14', 'columns': [{'name': 'change %', 'value': '1.49'}, {'name': 'LTP', 'value': '67.63'}, {'name': '20-Delivery Volume Indicator value', 'value': '6,283.00'}]}",OHLC_D_I_20DELVBULL,Above Average Delivery Volume,Stock recorded higher delivery volume in previous trading session,27,Volume & Delivery,"The stock recorded higher delivery volume, and the percentage change in stock price was positive in the previous trading session. This indicates that traders/investors bought the stock and carried it forward as a holding.",,,False,1,N,,OHLC_D_I_20DELVBULL
1784891717,"{'stkname': 'Samhi Hotels', 'ltp': '', 'perChg': '', 'stkId': 'SH17', 'displayLock': 'N', 'scanproflg': 1, 'scUrl': 'hotel-resortrestaurants/samhihotels/SH17', 'columns': [{'name': 'change %', 'value': '3.90'}, {'name': 'LTP', 'value': '176.50'}, {'name': '20-Delivery Volume Indicator value', 'value': '1,001,419.00'}]}",OHLC_D_I_20DELVBULL,Above Average Delivery Volume,Stock recorded higher delivery volume in previous trading session,27,Volume & Delivery,"The stock recorded higher delivery volume, and the percentage change in stock price was positive in the previous trading session. This indicates that traders/investors bought the stock and carried it forward as a holding.",,,False,1,N,,OHLC_D_I_20DELVBULL
1784891717,"{'stkname': 'Trigyn Tech', 'ltp': '', 'perChg': '', 'stkId': 'LES', 'displayLock': 'N', 'scanproflg': 1, 'scUrl': 'computers-software-mediumsmall/trigyntechnologies/TT08', 'columns': [{'name': 'change %', 'value': '0.61'}, {'name': 'LTP', 'value': '54.34'}, {'name': '20-Delivery Volume Indicator value', 'value': '46,219.00'}]}",OHLC_D_I_20DELVBULL,Above Average Delivery Volume,Stock recorded higher delivery volume in previous trading session,27,Volume & Delivery,"The stock recorded higher delivery volume, and the percentage change in stock price was positive in the previous trading session. This indicates that traders/investors bought the stock and carried it forward as a holding.",,,False,1,N,,OHLC_D_I_20DELVBULL
1784891717,"{'stkname': 'PVR INOX', 'ltp': '', 'perChg': '', 'stkId': 'PVR', 'displayLock': 'N', 'scanproflg': 1, 'scUrl': 'mediaentertainment/pvrinox/PVR', 'columns': [{'name': 'change %', 'value': '4.73'}, {'name': 'LTP', 'value': '1,055.00'}, {'name': '20-Delivery Volume Indicator value', 'value': '2,013,656.00'}]}",OHLC_D_I_20DELVBULL,Above Average Delivery Volume,Stock recorded higher delivery volume in previous trading session,27,Volume & Delivery,"The stock recorded higher delivery volume, and the percentage change in stock price was positive in the previous trading session. This indicates that traders/investors bought the stock and carried it forward as a holding.",,,False,1,N,,OHLC_D_I_20DELVBULL
1784891717,"{'stkname': 'Music Broadcast', 'ltp': '', 'perChg': '', 'stkId': 'MB04', 'displayLock': 'N', 'scanproflg': 1, 'scUrl': 'mediaentertainment/musicbroadcast/MB05', 'columns': [{'name': 'change %', 'value': '-2.14'}, {'name': 'LTP', 'value': '6.40'}, {'name': '20-Delivery Volume Indicator value', 'value': '873,779.00'}]}",OHLC_D_I_20DELVBULL,Above Average Delivery Volume,Stock recorded higher delivery volume in previous trading session,27,Volume & Delivery,"The stock recorded higher delivery volume, and the percentage change in stock price was positive in the previous trading session. This indicates that traders/investors bought the stock and carried it forward as a holding.",,,False,1,N,,OHLC_D_I_20DELVBULL
1784891717,"{'stkname': 'C. E. Info Syst', 'ltp': '', 'perChg': '', 'stkId': 'CIS01', 'displayLock': 'N', 'scanproflg': 1, 'scUrl': 'software/ceinfosystemsmapmyindia/CIS02', 'columns': [{'name': 'change %', 'value': '4.54'}, {'name': 'LTP', 'value': '1,131.00'}, {'name': '20-Delivery Volume Indicator value', 'value': '1,893,933.00'}]}",OHLC_D_I_20DELVBULL,Above Average Delivery Volume,Stock recorded higher delivery volume in previous trading session,27,Volume & Delivery,"The stock recorded higher delivery volume, and the percentage change in stock price was positive in the previous trading session. This indicates that traders/investors bought the stock and carried it forward as a holding.",,,False,1,N,,OHLC_D_I_20DELVBULL
1784891717,"{'stkname': 'GSS Infotech', 'ltp': '', 'perChg': '', 'stkId': 'GAI03', 'displayLock': 'N', 'scanproflg': 1, 'scUrl': 'computers-software-mediumsmall/gssinfotech/GAI05', 'columns': [{'name': 'change %', 'value': '-2.52'}, {'name': 'LTP', 'value': '11.97'}, {'name': '20-Delivery Volume Indicator value', 'value': '15,633.00'}]}",OHLC_D_I_20DELVBULL,Above Average Delivery Volume,Stock recorded higher delivery volume in previous trading session,27,Volume & Delivery,"The stock recorded higher delivery volume, and the percentage change in stock price was positive in the previous trading session. This indicates that traders/investors bought the stock and carried it forward as a holding.",,,False,1,N,,OHLC_D_I_20DELVBULL
1784891717,"{'stkname': 'Ritco Logistics', 'ltp': '', 'perChg': '', 'stkId': 'RL06', 'displayLock': 'N', 'scanproflg': 1, 'scUrl': 'transportlogistics/ritcologistics/RL06', 'columns': [{'name': 'change %', 'value': '1.21'}, {'name': 'LTP', 'value': '297.85'}, {'name': '20-Delivery Volume Indicator value', 'value': '367,963.00'}]}",OHLC_D_I_20DELVBULL,Above Average Delivery Volume,Stock recorded higher delivery volume in previous trading session,27,Volume & Delivery,"The stock recorded higher delivery volume, and the percentage change in stock price was positive in the previous trading session. This indicates that traders/investors bought the stock and carried it forward as a holding.",,,False,1,N,,OHLC_D_I_20DELVBULL
1784891717,"{'stkname': 'FCS Software', 'ltp': '', 'perChg': '', 'stkId': 'FCS', 'displayLock': 'N', 'scanproflg': 1, 'scUrl': 'computers-software-mediumsmall/fcssoftwaresolutions/FCS', 'columns': [{'name': 'change %', 'value': '0.65'}, {'name': 'LTP', 'value': '1.56'}, {'name': '20-Delivery Volume Indicator value', 'value': '918,967.00'}]}",OHLC_D_I_20DELVBULL,Above Average Delivery Volume,Stock recorded higher delivery volume in previous trading session,27,Volume & Delivery,"The stock recorded higher delivery volume, and the percentage change in stock price was positive in the previous trading session. This indicates that traders/investors bought the stock and carried it forward as a holding.",,,False,1,N,,OHLC_D_I_20DELVBULL
1784891717,"{'stkname': 'PTC Industries', 'ltp': '', 'perChg': '', 'stkId': 'PTC02', 'displayLock': 'N', 'scanproflg': 1, 'scUrl': 'engineering-heavy/ptcindustries/PTC03', 'columns': [{'name': 'change %', 'value': '-0.73'}, {'name': 'LTP', 'value': '17,705.00'}, {'name': '20-Delivery Volume Indicator value', 'value': '36,329.00'}]}",OHLC_D_I_20DELVBULL,Above Average Delivery Volume,Stock recorded higher delivery volume in previous trading session,27,Volume & Delivery,"The stock recorded higher delivery volume, and the percentage change in stock price was positive in the previous trading session. This indicates that traders/investors bought the stock and carried it forward as a holding.",,,False,1,N,,OHLC_D_I_20DELVBULL
1784891717,"{'stkname': 'Route', 'ltp': '', 'perChg': '', 'stkId': 'RML02', 'displayLock': 'N', 'scanproflg': 1, 'scUrl': 'it-servicesconsulting/routemobile/RML02', 'columns': [{'name': 'change %', 'value': '-6.09'}, {'name': 'LTP', 'value': '563.90'}, {'name': '20-Delivery Volume Indicator value', 'value': '2.95'}]}",OHLC_D_I_20DELVBULL,Above Average Delivery Volume,Stock recorded higher delivery volume in previous trading session,27,Volume & Delivery,"The stock recorded higher delivery volume, and the percentage change in stock price was positive in the previous trading session. This indicates that traders/investors bought the stock and carried it forward as a holding.",,,False,1,N,,OHLC_D_I_20DELVBULL
1784891717,"{'stkname': 'Global Health', 'ltp': '', 'perChg': '', 'stkId': 'GH03', 'displayLock': 'N', 'scanproflg': 1, 'scUrl': 'hospitalhealthcare-services/globalhealth/GH03', 'columns': [{'name': 'change %', 'value': '-0.59'}, {'name': 'LTP', 'value': '1,370.00'}, {'name': '20-Delivery Volume Indicator value', 'value': '817,126.00'}]}",OHLC_D_I_20DELVBULL,Above Average Delivery Volume,Stock recorded higher delivery volume in previous trading session,27,Volume & Delivery,"The stock recorded higher delivery volume, and the percentage change in stock price was positive in the previous trading session. This indicates that traders/investors bought the stock and carried it forward as a holding.",,,False,1,N,,OHLC_D_I_20DELVBULL
1784891717,"{'stkname': '3i Infotech', 'ltp': '', 'perChg': '', 'stkId': 'I11', 'displayLock': 'N', 'scanproflg': 1, 'scUrl': 'computers-software/3iinfotech/I11', 'columns': [{'name': 'change %', 'value': '-3.38'}, {'name': 'LTP', 'value': '19.74'}, {'name': '20-Delivery Volume Indicator value', 'value': '1,639,950.00'}]}",OHLC_D_I_20DELVBULL,Above Average Delivery Volume,Stock recorded higher delivery volume in previous trading session,27,Volume & Delivery,"The stock recorded higher delivery volume, and the percentage change in stock price was positive in the previous trading session. This indicates that traders/investors bought the stock and carried it forward as a holding.",,,False,1,N,,OHLC_D_I_20DELVBULL
1784891717,"{'stkname': 'Synergy Green I', 'ltp': '', 'perChg': '', 'stkId': 'SGI01', 'displayLock': 'N', 'scanproflg': 1, 'scUrl': 'castingsforgings/synergygreenindustries/SGI02', 'columns': [{'name': 'change %', 'value': '-0.46'}, {'name': 'LTP', 'value': '595.00'}, {'name': '20-Delivery Volume Indicator value', 'value': '14,828.00'}]}",OHLC_D_I_20DELVBULL,Above Average Delivery Volume,Stock recorded higher delivery volume in previous trading session,27,Volume & Delivery,"The stock recorded higher delivery volume, and the percentage change in stock price was positive in the previous trading session. This indicates that traders/investors bought the stock and carried it forward as a holding.",,,False,1,N,,OHLC_D_I_20DELVBULL
1784891717,"{'stkname': 'Gokul Refoils', 'ltp': '', 'perChg': '', 'stkId': 'GRS', 'displayLock': 'N', 'scanproflg': 1, 'scUrl': 'edible-oilssolvent-extraction/gokulrefoilssolvent/GRS', 'columns': [{'name': 'change %', 'value': '-1.18'}, {'name': 'LTP', 'value': '39.33'}, {'name': '20-Delivery Volume Indicator value', 'value': '175,400.00'}]}",OHLC_D_I_20DELVBULL,Above Average Delivery Volume,Stock recorded higher delivery volume in previous trading session,27,Volume & Delivery,"The stock recorded higher delivery volume, and the percentage change in stock price was positive in the previous trading session. This indicates that traders/investors bought the stock and carried it forward as a holding.",,,False,1,N,,OHLC_D_I_20DELVBULL
1784891717,"{'stkname': 'Prudent Advisor', 'ltp': '', 'perChg': '', 'stkId': 'PCA', 'displayLock': 'N', 'scanproflg': 1, 'scUrl': 'finance-investment/prudentcorporateadvisoryservices/PCA01', 'columns': [{'name': 'change %', 'value': '0.65'}, {'name': 'LTP', 'value': '2,890.00'}, {'name': '20-Delivery Volume Indicator value', 'value': '40,104.00'}]}",OHLC_D_I_20DELVBULL,Above Average Delivery Volume,Stock recorded higher delivery volume in previous trading session,27,Volume & Delivery,"The stock recorded higher delivery volume, and the percentage change in stock price was positive in the previous trading session. This indicates that traders/investors bought the stock and carried it forward as a holding.",,,False,1,N,,OHLC_D_I_20DELVBULL
1784891717,"{'stkname': 'Tourism Finance', 'ltp': '', 'perChg': '', 'stkId': 'TFC', 'displayLock': 'N', 'scanproflg': 1, 'scUrl': 'finance-term-lending-institutions/tourismfinancecorpindia/TFC', 'columns': [{'name': 'change %', 'value': '7.08'}, {'name': 'LTP', 'value': '87.90'}, {'name': '20-Delivery Volume Indicator value', 'value': '1.21'}]}",OHLC_D_I_20DELVBULL,Above Average Delivery Volume,Stock recorded higher delivery volume in previous trading session,27,Volume & Delivery,"The stock recorded higher delivery volume, and the percentage change in stock price was positive in the previous trading session. This indicates that traders/investors bought the stock and carried it forward as a holding.",,,False,1,N,,OHLC_D_I_20DELVBULL
1784891717,"{'stkname': 'Bajaj Consumer ', 'ltp': '', 'perChg': '', 'stkId': 'BC14', 'displayLock': 'N', 'scanproflg': 1, 'scUrl': 'personal-care/bajajconsumercare/BC02', 'columns': [{'name': 'change %', 'value': '-1.03'}, {'name': 'LTP', 'value': '550.20'}, {'name': '20-Delivery Volume Indicator value', 'value': '1,450,653.00'}]}",OHLC_D_I_20DELVBULL,Above Average Delivery Volume,Stock recorded higher delivery volume in previous trading session,27,Volume & Delivery,"The stock recorded higher delivery volume, and the percentage change in stock price was positive in the previous trading session. This indicates that traders/investors bought the stock and carried it forward as a holding.",,,False,1,N,,OHLC_D_I_20DELVBULL
1784891717,"{'stkname': 'Arihant Capital', 'ltp': '', 'perChg': '', 'stkId': 'ACM02', 'displayLock': 'N', 'scanproflg': 1, 'scUrl': 'finance-investments/arihantcapitalmarkets/ACM02', 'columns': [{'name': 'change %', 'value': '0.68'}, {'name': 'LTP', 'value': '82.00'}, {'name': '20-Delivery Volume Indicator value', 'value': '881,017.00'}]}",OHLC_D_I_20DELVBULL,Above Average Delivery Volume,Stock recorded higher delivery volume in previous trading session,27,Volume & Delivery,"The stock recorded higher delivery volume, and the percentage change in stock price was positive in the previous trading session. This indicates that traders/investors bought the stock and carried it forward as a holding.",,,False,1,N,,OHLC_D_I_20DELVBULL
1784891717,"{'stkname': 'Nuvama Wealth', 'ltp': '', 'perChg': '', 'stkId': 'NWML', 'displayLock': 'N', 'scanproflg': 1, 'scUrl': 'finance-others/nuvamawealthmanagement/NWML', 'columns': [{'name': 'change %', 'value': '0.66'}, {'name': 'LTP', 'value': '1,960.10'}, {'name': '20-Delivery Volume Indicator value', 'value': '868,840.00'}]}",OHLC_D_I_20DELVBULL,Above Average Delivery Volume,Stock recorded higher delivery volume in previous trading session,27,Volume & Delivery,"The stock recorded higher delivery volume, and the percentage change in stock price was positive in the previous trading session. This indicates that traders/investors bought the stock and carried it forward as a holding.",,,False,1,N,,OHLC_D_I_20DELVBULL
1784891717,"{'stkname': 'Krishival Foods', 'ltp': '', 'perChg': '', 'stkId': 'EC07', 'displayLock': 'N', 'scanproflg': 1, 'scUrl': 'consumer-food/krishivalfoods/EC04', 'columns': [{'name': 'change %', 'value': '-1.24'}, {'name': 'LTP', 'value': '386.30'}, {'name': '20-Delivery Volume Indicator value', 'value': '128,218.00'}]}",OHLC_D_I_20DELVBULL,Above Average Delivery Volume,Stock recorded higher delivery volume in previous trading session,27,Volume & Delivery,"The stock recorded higher delivery volume, and the percentage change in stock price was positive in the previous trading session. This indicates that traders/investors bought the stock and carried it forward as a holding.",,,False,1,N,,OHLC_D_I_20DELVBULL
1784891717,"{'stkname': 'Prime Sec', 'ltp': '', 'perChg': '', 'stkId': 'PS', 'displayLock': 'N', 'scanproflg': 1, 'scUrl': 'finance-investments/primesecurities/PS', 'columns': [{'name': 'change %', 'value': '-2.11'}, {'name': 'LTP', 'value': '273.50'}, {'name': '20-Delivery Volume Indicator value', 'value': '95,578.00'}]}",OHLC_D_I_20DELVBULL,Above Average Delivery Volume,Stock recorded higher delivery volume in previous trading session,27,Volume & Delivery,"The stock recorded higher delivery volume, and the percentage change in stock price was positive in the previous trading session. This indicates that traders/investors bought the stock and carried it forward as a holding.",,,False,1,N,,OHLC_D_I_20DELVBULL
1784891717,"{'stkname': 'HEG', 'ltp': '', 'perChg': '', 'stkId': 'HEG', 'displayLock': 'N', 'scanproflg': 1, 'scUrl': 'electrodesgraphite/heg/HEG', 'columns': [{'name': 'change %', 'value': '2.12'}, {'name': 'LTP', 'value': '637.10'}, {'name': '20-Delivery Volume Indicator value', 'value': '1.88'}]}",OHLC_D_I_20DELVBULL,Above Average Delivery Volume,Stock recorded higher delivery volume in previous trading session,27,Volume & Delivery,"The stock recorded higher delivery volume, and the percentage change in stock price was positive in the previous trading session. This indicates that traders/investors bought the stock and carried it forward as a holding.",,,False,1,N,,OHLC_D_I_20DELVBULL
1784891717,"{'stkname': 'RKEC Projects', 'ltp': '', 'perChg': '', 'stkId': 'RP22', 'displayLock': 'N', 'scanproflg': 1, 'scUrl': 'construction-infrastructure/rkecprojects/RP26', 'columns': [{'name': 'change %', 'value': '-3.10'}, {'name': 'LTP', 'value': '26.85'}, {'name': '20-Delivery Volume Indicator value', 'value': '76,047.00'}]}",OHLC_D_I_20DELVBULL,Above Average Delivery Volume,Stock recorded higher delivery volume in previous trading session,27,Volume & Delivery,"The stock recorded higher delivery volume, and the percentage change in stock price was positive in the previous trading session. This indicates that traders/investors bought the stock and carried it forward as a holding.",,,False,1,N,,OHLC_D_I_20DELVBULL
1784891717,"{'stkname': 'Capital Trust', 'ltp': '', 'perChg': '', 'stkId': 'CT', 'displayLock': 'N', 'scanproflg': 1, 'scUrl': 'finance-leasinghire-purchase/capitaltrust/CT', 'columns': [{'name': 'change %', 'value': '-4.99'}, {'name': 'LTP', 'value': '14.65'}, {'name': '20-Delivery Volume Indicator value', 'value': '264,427.00'}]}",OHLC_D_I_20DELVBULL,Above Average Delivery Volume,Stock recorded higher delivery volume in previous trading session,27,Volume & Delivery,"The stock recorded higher delivery volume, and the percentage change in stock price was positive in the previous trading session. This indicates that traders/investors bought the stock and carried it forward as a holding.",,,False,1,N,,OHLC_D_I_20DELVBULL
1784891717,"{'stkname': 'Mold Tek Tech', 'ltp': '', 'perChg': '', 'stkId': 'MTP01', 'displayLock': 'N', 'scanproflg': 1, 'scUrl': 'bpoites/moldtektechnologies/MTT01', 'columns': [{'name': 'change %', 'value': '0.01'}, {'name': 'LTP', 'value': '134.11'}, {'name': '20-Delivery Volume Indicator value', 'value': '133,241.00'}]}",OHLC_D_I_20DELVBULL,Above Average Delivery Volume,Stock recorded higher delivery volume in previous trading session,27,Volume & Delivery,"The stock recorded higher delivery volume, and the percentage change in stock price was positive in the previous trading session. This indicates that traders/investors bought the stock and carried it forward as a holding.",,,False,1,N,,OHLC_D_I_20DELVBULL
1784891717,"{'stkname': 'BGR Energy', 'ltp': '', 'perChg': '', 'stkId': 'BES', 'displayLock': 'N', 'scanproflg': 1, 'scUrl': 'infrastructure-general/bgrenergysystems/BES', 'columns': [{'name': 'change %', 'value': '-1.09'}, {'name': 'LTP', 'value': '290.00'}, {'name': '20-Delivery Volume Indicator value', 'value': '37,078.00'}]}",OHLC_D_I_20DELVBULL,Above Average Delivery Volume,Stock recorded higher delivery volume in previous trading session,27,Volume & Delivery,"The stock recorded higher delivery volume, and the percentage change in stock price was positive in the previous trading session. This indicates that traders/investors bought the stock and carried it forward as a holding.",,,False,1,N,,OHLC_D_I_20DELVBULL
1784891717,"{'stkname': 'Sadbhav Engg', 'ltp': '', 'perChg': '', 'stkId': 'SE19', 'displayLock': 'N', 'scanproflg': 1, 'scUrl': 'infrastructure-general/sadbhavengineering/SE19', 'columns': [{'name': 'change %', 'value': '1.02'}, {'name': 'LTP', 'value': '7.92'}, {'name': '20-Delivery Volume Indicator value', 'value': '360,367.00'}]}",OHLC_D_I_20DELVBULL,Above Average Delivery Volume,Stock recorded higher delivery volume in previous trading session,27,Volume & Delivery,"The stock recorded higher delivery volume, and the percentage change in stock price was positive in the previous trading session. This indicates that traders/investors bought the stock and carried it forward as a holding.",,,False,1,N,,OHLC_D_I_20DELVBULL
1784891717,"{'stkname': 'Krishana Phosch', 'ltp': '', 'perChg': '', 'stkId': 'KP14', 'displayLock': 'N', 'scanproflg': 1, 'scUrl': 'miscellaneous/krishanaphoschem/KP11', 'columns': [{'name': 'change %', 'value': '3.47'}, {'name': 'LTP', 'value': '161.15'}, {'name': '20-Delivery Volume Indicator value', 'value': '4,701,400.00'}]}",OHLC_D_I_20DELVBULL,Above Average Delivery Volume,Stock recorded higher delivery volume in previous trading session,27,Volume & Delivery,"The stock recorded higher delivery volume, and the percentage change in stock price was positive in the previous trading session. This indicates that traders/investors bought the stock and carried it forward as a holding.",,,False,1,N,,OHLC_D_I_20DELVBULL
1784891717,"{'stkname': 'Jash Engineerin', 'ltp': '', 'perChg': '', 'stkId': 'JE04', 'displayLock': 'N', 'scanproflg': 1, 'scUrl': 'diversified/jashengineering/JE04', 'columns': [{'name': 'change %', 'value': '-0.11'}, {'name': 'LTP', 'value': '510.00'}, {'name': '20-Delivery Volume Indicator value', 'value': '268,719.00'}]}",OHLC_D_I_20DELVBULL,Above Average Delivery Volume,Stock recorded higher delivery volume in previous trading session,27,Volume & Delivery,"The stock recorded higher delivery volume, and the percentage change in stock price was positive in the previous trading session. This indicates that traders/investors bought the stock and carried it forward as a holding.",,,False,1,N,,OHLC_D_I_20DELVBULL
1784891717,"{'stkname': 'Alphageo', 'ltp': '', 'perChg': '', 'stkId': 'AI10', 'displayLock': 'N', 'scanproflg': 1, 'scUrl': 'oil-drillingexploration/alphageoindia/AI10', 'columns': [{'name': 'change %', 'value': '0.67'}, {'name': 'LTP', 'value': '202.12'}, {'name': '20-Delivery Volume Indicator value', 'value': '7,323.00'}]}",OHLC_D_I_20DELVBULL,Above Average Delivery Volume,Stock recorded higher delivery volume in previous trading session,27,Volume & Delivery,"The stock recorded higher delivery volume, and the percentage change in stock price was positive in the previous trading session. This indicates that traders/investors bought the stock and carried it forward as a holding.",,,False,1,N,,OHLC_D_I_20DELVBULL
1784891717,"{'stkname': 'Graphite India', 'ltp': '', 'perChg': '', 'stkId': 'GI13', 'displayLock': 'N', 'scanproflg': 1, 'scUrl': 'electrodesgraphite/graphiteindia/GI13', 'columns': [{'name': 'change %', 'value': '1.88'}, {'name': 'LTP', 'value': '670.30'}, {'name': '20-Delivery Volume Indicator value', 'value': '6,399,257.00'}]}",OHLC_D_I_20DELVBULL,Above Average Delivery Volume,Stock recorded higher delivery volume in previous trading session,27,Volume & Delivery,"The stock recorded higher delivery volume, and the percentage change in stock price was positive in the previous trading session. This indicates that traders/investors bought the stock and carried it forward as a holding.",,,False,1,N,,OHLC_D_I_20DELVBULL
1784891717,"{'stkname': 'Rajesh Exports', 'ltp': '', 'perChg': '', 'stkId': 'RE07', 'displayLock': 'N', 'scanproflg': 1, 'scUrl': 'diamond-cuttingjewelleryprecious-metals/rajeshexports/RE07', 'columns': [{'name': 'change %', 'value': '-3.76'}, {'name': 'LTP', 'value': '88.98'}, {'name': '20-Delivery Volume Indicator value', 'value': '915,020.00'}]}",OHLC_D_I_20DELVBULL,Above Average Delivery Volume,Stock recorded higher delivery volume in previous trading session,27,Volume & Delivery,"The stock recorded higher delivery volume, and the percentage change in stock price was positive in the previous trading session. This indicates that traders/investors bought the stock and carried it forward as a holding.",,,False,1,N,,OHLC_D_I_20DELVBULL
1784891717,"{'stkname': 'WS Industries', 'ltp': '', 'perChg': '', 'stkId': 'WSI', 'displayLock': 'N', 'scanproflg': 1, 'scUrl': 'electric-equipment/wsindustries/WSI', 'columns': [{'name': 'change %', 'value': '1.14'}, {'name': 'LTP', 'value': '62.10'}, {'name': '20-Delivery Volume Indicator value', 'value': '87,188.00'}]}",OHLC_D_I_20DELVBULL,Above Average Delivery Volume,Stock recorded higher delivery volume in previous trading session,27,Volume & Delivery,"The stock recorded higher delivery volume, and the percentage change in stock price was positive in the previous trading session. This indicates that traders/investors bought the stock and carried it forward as a holding.",,,False,1,N,,OHLC_D_I_20DELVBULL
1784891717,"{'stkname': 'MTAR Tech', 'ltp': '', 'perChg': '', 'stkId': 'MT14', 'displayLock': 'N', 'scanproflg': 1, 'scUrl': 'aerospacedefence/mtartechnologies/MT15', 'columns': [{'name': 'change %', 'value': '-1.45'}, {'name': 'LTP', 'value': '5,790.00'}, {'name': '20-Delivery Volume Indicator value', 'value': '243,215.00'}]}",OHLC_D_I_20DELVBULL,Above Average Delivery Volume,Stock recorded higher delivery volume in previous trading session,27,Volume & Delivery,"The stock recorded higher delivery volume, and the percentage change in stock price was positive in the previous trading session. This indicates that traders/investors bought the stock and carried it forward as a holding.",,,False,1,N,,OHLC_D_I_20DELVBULL
1784891717,"{'stkname': 'TARC', 'ltp': '', 'perChg': '', 'stkId': 'ARG', 'displayLock': 'N', 'scanproflg': 1, 'scUrl': 'construction-real-estate/tarc/ARG', 'columns': [{'name': 'change %', 'value': '0.54'}, {'name': 'LTP', 'value': '131.40'}, {'name': '20-Delivery Volume Indicator value', 'value': '7,753,451.00'}]}",OHLC_D_I_20DELVBULL,Above Average Delivery Volume,Stock recorded higher delivery volume in previous trading session,27,Volume & Delivery,"The stock recorded higher delivery volume, and the percentage change in stock price was positive in the previous trading session. This indicates that traders/investors bought the stock and carried it forward as a holding.",,,False,1,N,,OHLC_D_I_20DELVBULL
1784891717,"{'stkname': 'Tanla Platforms', 'ltp': '', 'perChg': '', 'stkId': 'TS11', 'displayLock': 'N', 'scanproflg': 1, 'scUrl': 'computers-software-mediumsmall/tanlaplatforms/TS11', 'columns': [{'name': 'change %', 'value': '-2.97'}, {'name': 'LTP', 'value': '600.10'}, {'name': '20-Delivery Volume Indicator value', 'value': '2.69'}]}",OHLC_D_I_20DELVBULL,Above Average Delivery Volume,Stock recorded higher delivery volume in previous trading session,27,Volume & Delivery,"The stock recorded higher delivery volume, and the percentage change in stock price was positive in the previous trading session. This indicates that traders/investors bought the stock and carried it forward as a holding.",,,False,1,N,,OHLC_D_I_20DELVBULL
1784891717,"{'stkname': 'Orient Electric', 'ltp': '', 'perChg': '', 'stkId': 'ORIEN54130', 'displayLock': 'N', 'scanproflg': 1, 'scUrl': 'consumer-goods-electronic/orientelectriclimited/ORIEN54130', 'columns': [{'name': 'change %', 'value': '-2.37'}, {'name': 'LTP', 'value': '170.20'}, {'name': '20-Delivery Volume Indicator value', 'value': '1.91'}]}",OHLC_D_I_20DELVBULL,Above Average Delivery Volume,Stock recorded higher delivery volume in previous trading session,27,Volume & Delivery,"The stock recorded higher delivery volume, and the percentage change in stock price was positive in the previous trading session. This indicates that traders/investors bought the stock and carried it forward as a holding.",,,False,1,N,,OHLC_D_I_20DELVBULL
1784891717,"{'stkname': 'IG Petro', 'ltp': '', 'perChg': '', 'stkId': 'IGP', 'displayLock': 'N', 'scanproflg': 1, 'scUrl': 'chemicals/igpetrochemicals/IGP', 'columns': [{'name': 'change %', 'value': '0.45'}, {'name': 'LTP', 'value': '454.00'}, {'name': '20-Delivery Volume Indicator value', 'value': '89,655.00'}]}",OHLC_D_I_20DELVBULL,Above Average Delivery Volume,Stock recorded higher delivery volume in previous trading session,27,Volume & Delivery,"The stock recorded higher delivery volume, and the percentage change in stock price was positive in the previous trading session. This indicates that traders/investors bought the stock and carried it forward as a holding.",,,False,1,N,,OHLC_D_I_20DELVBULL
1784891717,"{'stkname': 'P N Gadgil', 'ltp': '', 'perChg': '', 'stkId': 'GJL', 'displayLock': 'N', 'scanproflg': 1, 'scUrl': 'diamondjewellery/pngadgiljewellers/GJL', 'columns': [{'name': 'change %', 'value': '-0.70'}, {'name': 'LTP', 'value': '646.05'}, {'name': '20-Delivery Volume Indicator value', 'value': '1,510,083.00'}]}",OHLC_D_I_20DELVBULL,Above Average Delivery Volume,Stock recorded higher delivery volume in previous trading session,27,Volume & Delivery,"The stock recorded higher delivery volume, and the percentage change in stock price was positive in the previous trading session. This indicates that traders/investors bought the stock and carried it forward as a holding.",,,False,1,N,,OHLC_D_I_20DELVBULL
1784891717,"{'stkname': 'Laxmi Organic', 'ltp': '', 'perChg': '', 'stkId': 'LOI01', 'displayLock': 'N', 'scanproflg': 1, 'scUrl': 'speciality-chemicals/laxmiorganicindustries/LOI', 'columns': [{'name': 'change %', 'value': '-0.15'}, {'name': 'LTP', 'value': '182.70'}, {'name': '20-Delivery Volume Indicator value', 'value': '5,206,234.00'}]}",OHLC_D_I_20DELVBULL,Above Average Delivery Volume,Stock recorded higher delivery volume in previous trading session,27,Volume & Delivery,"The stock recorded higher delivery volume, and the percentage change in stock price was positive in the previous trading session. This indicates that traders/investors bought the stock and carried it forward as a holding.",,,False,1,N,,OHLC_D_I_20DELVBULL
1784891717,"{'stkname': 'Sunteck Realty', 'ltp': '', 'perChg': '', 'stkId': 'IE06', 'displayLock': 'N', 'scanproflg': 1, 'scUrl': 'constructioncontracting-real-estate/sunteckrealty/SR05', 'columns': [{'name': 'change %', 'value': '1.16'}, {'name': 'LTP', 'value': '306.10'}, {'name': '20-Delivery Volume Indicator value', 'value': '3,923,596.00'}]}",OHLC_D_I_20DELVBULL,Above Average Delivery Volume,Stock recorded higher delivery volume in previous trading session,27,Volume & Delivery,"The stock recorded higher delivery volume, and the percentage change in stock price was positive in the previous trading session. This indicates that traders/investors bought the stock and carried it forward as a holding.",,,False,1,N,,OHLC_D_I_20DELVBULL
1784891717,"{'stkname': 'Tamilnadu Petro', 'ltp': '', 'perChg': '', 'stkId': 'TPL', 'displayLock': 'N', 'scanproflg': 1, 'scUrl': 'detergents/tamilnadupetroproducts/TP13', 'columns': [{'name': 'change %', 'value': '-0.60'}, {'name': 'LTP', 'value': '94.50'}, {'name': '20-Delivery Volume Indicator value', 'value': '171,987.00'}]}",OHLC_D_I_20DELVBULL,Above Average Delivery Volume,Stock recorded higher delivery volume in previous trading session,27,Volume & Delivery,"The stock recorded higher delivery volume, and the percentage change in stock price was positive in the previous trading session. This indicates that traders/investors bought the stock and carried it forward as a holding.",,,False,1,N,,OHLC_D_I_20DELVBULL
1784891717,"{'stkname': 'Prozone Realty', 'ltp': '', 'perChg': '', 'stkId': 'PCS03', 'displayLock': 'N', 'scanproflg': 1, 'scUrl': 'constructioncontracting-real-estate/prozonerealty/PCS03', 'columns': [{'name': 'change %', 'value': '-3.10'}, {'name': 'LTP', 'value': '43.52'}, {'name': '20-Delivery Volume Indicator value', 'value': '768,620.00'}]}",OHLC_D_I_20DELVBULL,Above Average Delivery Volume,Stock recorded higher delivery volume in previous trading session,27,Volume & Delivery,"The stock recorded higher delivery volume, and the percentage change in stock price was positive in the previous trading session. This indicates that traders/investors bought the stock and carried it forward as a holding.",,,False,1,N,,OHLC_D_I_20DELVBULL
1784891717,"{'stkname': 'Nila Infra', 'ltp': '', 'perChg': '', 'stkId': 'NHI', 'displayLock': 'N', 'scanproflg': 1, 'scUrl': 'construction-real-estate/nilainfrastructures/NHI', 'columns': [{'name': 'change %', 'value': '-1.08'}, {'name': 'LTP', 'value': '7.35'}, {'name': '20-Delivery Volume Indicator value', 'value': '204,219.00'}]}",OHLC_D_I_20DELVBULL,Above Average Delivery Volume,Stock recorded higher delivery volume in previous trading session,27,Volume & Delivery,"The stock recorded higher delivery volume, and the percentage change in stock price was positive in the previous trading session. This indicates that traders/investors bought the stock and carried it forward as a holding.",,,False,1,N,,OHLC_D_I_20DELVBULL
1784891717,"{'stkname': 'Fineotex Chem', 'ltp': '', 'perChg': '', 'stkId': 'FC06', 'displayLock': 'N', 'scanproflg': 1, 'scUrl': 'speciality-chemicals/fineotexchemical/FC02', 'columns': [{'name': 'change %', 'value': '-5.77'}, {'name': 'LTP', 'value': '39.49'}, {'name': '20-Delivery Volume Indicator value', 'value': '2.25'}]}",OHLC_D_I_20DELVBULL,Above Average Delivery Volume,Stock recorded higher delivery volume in previous trading session,27,Volume & Delivery,"The stock recorded higher delivery volume, and the percentage change in stock price was positive in the previous trading session. This indicates that traders/investors bought the stock and carried it forward as a holding.",,,False,1,N,,OHLC_D_I_20DELVBULL
1784891717,"{'stkname': 'Agarwal Ind', 'ltp': '', 'perChg': '', 'stkId': 'BBR', 'displayLock': 'N', 'scanproflg': 1, 'scUrl': 'transportlogistics/agarwalindustrialcorporation/AIC03', 'columns': [{'name': 'change %', 'value': '-1.52'}, {'name': 'LTP', 'value': '479.25'}, {'name': '20-Delivery Volume Indicator value', 'value': '42,186.00'}]}",OHLC_D_I_20DELVBULL,Above Average Delivery Volume,Stock recorded higher delivery volume in previous trading session,27,Volume & Delivery,"The stock recorded higher delivery volume, and the percentage change in stock price was positive in the previous trading session. This indicates that traders/investors bought the stock and carried it forward as a holding.",,,False,1,N,,OHLC_D_I_20DELVBULL
1784891717,"{'stkname': 'Chemfab Alkalis', 'ltp': '', 'perChg': '', 'stkId': 'CA01', 'displayLock': 'N', 'scanproflg': 1, 'scUrl': 'chemicals/chemfabalkalis/CA01', 'columns': [{'name': 'change %', 'value': '-2.12'}, {'name': 'LTP', 'value': '360.00'}, {'name': '20-Delivery Volume Indicator value', 'value': '3,449.00'}]}",OHLC_D_I_20DELVBULL,Above Average Delivery Volume,Stock recorded higher delivery volume in previous trading session,27,Volume & Delivery,"The stock recorded higher delivery volume, and the percentage change in stock price was positive in the previous trading session. This indicates that traders/investors bought the stock and carried it forward as a holding.",,,False,1,N,,OHLC_D_I_20DELVBULL
1784891717,"{'stkname': 'Eldeco Housing', 'ltp': '', 'perChg': '', 'stkId': 'EH01', 'displayLock': 'N', 'scanproflg': 1, 'scUrl': 'construction-residentialcommercial-complexes/eldecohousingindustries/EH01', 'columns': [{'name': 'change %', 'value': '-0.62'}, {'name': 'LTP', 'value': '778.30'}, {'name': '20-Delivery Volume Indicator value', 'value': '3,165.00'}]}",OHLC_D_I_20DELVBULL,Above Average Delivery Volume,Stock recorded higher delivery volume in previous trading session,27,Volume & Delivery,"The stock recorded higher delivery volume, and the percentage change in stock price was positive in the previous trading session. This indicates that traders/investors bought the stock and carried it forward as a holding.",,,False,1,N,,OHLC_D_I_20DELVBULL
1784891717,"{'stkname': 'Supreme Petro', 'ltp': '', 'perChg': '', 'stkId': 'SP', 'displayLock': 'N', 'scanproflg': 1, 'scUrl': 'petrochemicals/supremepetrochem/SP', 'columns': [{'name': 'change %', 'value': '1.03'}, {'name': 'LTP', 'value': '743.00'}, {'name': '20-Delivery Volume Indicator value', 'value': '240,320.00'}]}",OHLC_D_I_20DELVBULL,Above Average Delivery Volume,Stock recorded higher delivery volume in previous trading session,27,Volume & Delivery,"The stock recorded higher delivery volume, and the percentage change in stock price was positive in the previous trading session. This indicates that traders/investors bought the stock and carried it forward as a holding.",,,False,1,N,,OHLC_D_I_20DELVBULL
1784891717,"{'stkname': 'Asahi Songwon', 'ltp': '', 'perChg': '', 'stkId': 'ASC01', 'displayLock': 'N', 'scanproflg': 1, 'scUrl': 'dyespigments/asahisongwoncolors/ASC01', 'columns': [{'name': 'change %', 'value': '4.11'}, {'name': 'LTP', 'value': '332.00'}, {'name': '20-Delivery Volume Indicator value', 'value': '130,203.00'}]}",OHLC_D_I_20DELVBULL,Above Average Delivery Volume,Stock recorded higher delivery volume in previous trading session,27,Volume & Delivery,"The stock recorded higher delivery volume, and the percentage change in stock price was positive in the previous trading session. This indicates that traders/investors bought the stock and carried it forward as a holding.",,,False,1,N,,OHLC_D_I_20DELVBULL
1784891717,"{'stkname': 'Jayant Agro-Org', 'ltp': '', 'perChg': '', 'stkId': 'JAO', 'displayLock': 'N', 'scanproflg': 1, 'scUrl': 'chemicals/jayantagro-organics/JAO', 'columns': [{'name': 'change %', 'value': '-1.21'}, {'name': 'LTP', 'value': '222.00'}, {'name': '20-Delivery Volume Indicator value', 'value': '16,038.00'}]}",OHLC_D_I_20DELVBULL,Above Average Delivery Volume,Stock recorded higher delivery volume in previous trading session,27,Volume & Delivery,"The stock recorded higher delivery volume, and the percentage change in stock price was positive in the previous trading session. This indicates that traders/investors bought the stock and carried it forward as a holding.",,,False,1,N,,OHLC_D_I_20DELVBULL
1784891717,"{'stkname': 'Kiri Industries', 'ltp': '', 'perChg': '', 'stkId': 'KDC01', 'displayLock': 'N', 'scanproflg': 1, 'scUrl': 'dyespigments/kiriindustries/KDC01', 'columns': [{'name': 'change %', 'value': '-1.28'}, {'name': 'LTP', 'value': '405.80'}, {'name': '20-Delivery Volume Indicator value', 'value': '239,075.00'}]}",OHLC_D_I_20DELVBULL,Above Average Delivery Volume,Stock recorded higher delivery volume in previous trading session,27,Volume & Delivery,"The stock recorded higher delivery volume, and the percentage change in stock price was positive in the previous trading session. This indicates that traders/investors bought the stock and carried it forward as a holding.",,,False,1,N,,OHLC_D_I_20DELVBULL
1784891717,"{'stkname': 'Lords Chloro', 'ltp': '', 'perChg': '', 'stkId': 'MAC03', 'displayLock': 'N', 'scanproflg': 1, 'scUrl': 'chemicals/lordschloroalkali/LCA01', 'columns': [{'name': 'change %', 'value': '2.16'}, {'name': 'LTP', 'value': '148.20'}, {'name': '20-Delivery Volume Indicator value', 'value': '23,238.00'}]}",OHLC_D_I_20DELVBULL,Above Average Delivery Volume,Stock recorded higher delivery volume in previous trading session,27,Volume & Delivery,"The stock recorded higher delivery volume, and the percentage change in stock price was positive in the previous trading session. This indicates that traders/investors bought the stock and carried it forward as a holding.",,,False,1,N,,OHLC_D_I_20DELVBULL
1784891717,"{'stkname': 'Sadhana Nitro', 'ltp': '', 'perChg': '', 'stkId': 'SN', 'displayLock': 'N', 'scanproflg': 1, 'scUrl': 'dyespigments/sadhananitrochem/SN', 'columns': [{'name': 'change %', 'value': '-1.79'}, {'name': 'LTP', 'value': '2.74'}, {'name': '20-Delivery Volume Indicator value', 'value': '2,310,245.00'}]}",OHLC_D_I_20DELVBULL,Above Average Delivery Volume,Stock recorded higher delivery volume in previous trading session,27,Volume & Delivery,"The stock recorded higher delivery volume, and the percentage change in stock price was positive in the previous trading session. This indicates that traders/investors bought the stock and carried it forward as a holding.",,,False,1,N,,OHLC_D_I_20DELVBULL
1784891717,"{'stkname': 'Asian Granito', 'ltp': '', 'perChg': '', 'stkId': 'AGI04', 'displayLock': 'N', 'scanproflg': 1, 'scUrl': 'ceramicsgranite/asiangranitoindia/AGI04', 'columns': [{'name': 'change %', 'value': '1.04'}, {'name': 'LTP', 'value': '52.42'}, {'name': '20-Delivery Volume Indicator value', 'value': '5.32'}]}",OHLC_D_I_20DELVBULL,Above Average Delivery Volume,Stock recorded higher delivery volume in previous trading session,27,Volume & Delivery,"The stock recorded higher delivery volume, and the percentage change in stock price was positive in the previous trading session. This indicates that traders/investors bought the stock and carried it forward as a holding.",,,False,1,N,,OHLC_D_I_20DELVBULL
1784891717,"{'stkname': 'Ganesh Benzo', 'ltp': '', 'perChg': '', 'stkId': 'GB01', 'displayLock': 'N', 'scanproflg': 1, 'scUrl': 'chemicals/ganeshbenzoplast/GB01', 'columns': [{'name': 'change %', 'value': '-1.29'}, {'name': 'LTP', 'value': '112.14'}, {'name': '20-Delivery Volume Indicator value', 'value': '1,240,325.00'}]}",OHLC_D_I_20DELVBULL,Above Average Delivery Volume,Stock recorded higher delivery volume in previous trading session,27,Volume & Delivery,"The stock recorded higher delivery volume, and the percentage change in stock price was positive in the previous trading session. This indicates that traders/investors bought the stock and carried it forward as a holding.",,,False,1,N,,OHLC_D_I_20DELVBULL
1784891717,"{'stkname': 'Styrenix', 'ltp': '', 'perChg': '', 'stkId': 'BAB', 'displayLock': 'N', 'scanproflg': 1, 'scUrl': 'commodity-chemicals/styrenixperformancematerials/INE01', 'columns': [{'name': 'change %', 'value': '0.95'}, {'name': 'LTP', 'value': '2,456.00'}, {'name': '20-Delivery Volume Indicator value', 'value': '98,152.00'}]}",OHLC_D_I_20DELVBULL,Above Average Delivery Volume,Stock recorded higher delivery volume in previous trading session,27,Volume & Delivery,"The stock recorded higher delivery volume, and the percentage change in stock price was positive in the previous trading session. This indicates that traders/investors bought the stock and carried it forward as a holding.",,,False,1,N,,OHLC_D_I_20DELVBULL
1784891717,"{'stkname': 'Guj Alkali', 'ltp': '', 'perChg': '', 'stkId': 'GAC01', 'displayLock': 'N', 'scanproflg': 1, 'scUrl': 'chemicals/gujaratalkalieschemicals/GAC01', 'columns': [{'name': 'change %', 'value': '4.49'}, {'name': 'LTP', 'value': '672.90'}, {'name': '20-Delivery Volume Indicator value', 'value': '219,640.00'}]}",OHLC_D_I_20DELVBULL,Above Average Delivery Volume,Stock recorded higher delivery volume in previous trading session,27,Volume & Delivery,"The stock recorded higher delivery volume, and the percentage change in stock price was positive in the previous trading session. This indicates that traders/investors bought the stock and carried it forward as a holding.",,,False,1,N,,OHLC_D_I_20DELVBULL
1784891717,"{'stkname': 'Jubilant Ing.', 'ltp': '', 'perChg': '', 'stkId': 'JI12', 'displayLock': 'N', 'scanproflg': 1, 'scUrl': 'speciality-chemicals/jubilantingrevia/JI14', 'columns': [{'name': 'change %', 'value': '-2.83'}, {'name': 'LTP', 'value': '723.95'}, {'name': '20-Delivery Volume Indicator value', 'value': '766,893.00'}]}",OHLC_D_I_20DELVBULL,Above Average Delivery Volume,Stock recorded higher delivery volume in previous trading session,27,Volume & Delivery,"The stock recorded higher delivery volume, and the percentage change in stock price was positive in the previous trading session. This indicates that traders/investors bought the stock and carried it forward as a holding.",,,False,1,N,,OHLC_D_I_20DELVBULL
1784891717,"{'stkname': 'Kanoria Chem', 'ltp': '', 'perChg': '', 'stkId': 'KCI01', 'displayLock': 'N', 'scanproflg': 1, 'scUrl': 'chemicals/kanoriachemicalsindustries/KCI01', 'columns': [{'name': 'change %', 'value': '-0.07'}, {'name': 'LTP', 'value': '160.00'}, {'name': '20-Delivery Volume Indicator value', 'value': '92,343.00'}]}",OHLC_D_I_20DELVBULL,Above Average Delivery Volume,Stock recorded higher delivery volume in previous trading session,27,Volume & Delivery,"The stock recorded higher delivery volume, and the percentage change in stock price was positive in the previous trading session. This indicates that traders/investors bought the stock and carried it forward as a holding.",,,False,1,N,,OHLC_D_I_20DELVBULL
1784891717,"{'stkname': 'Kothari Petro', 'ltp': '', 'perChg': '', 'stkId': 'KP12', 'displayLock': 'N', 'scanproflg': 1, 'scUrl': 'trading/kotharipetrochem/KP12', 'columns': [{'name': 'change %', 'value': '-1.54'}, {'name': 'LTP', 'value': '131.65'}, {'name': '20-Delivery Volume Indicator value', 'value': '477,353.00'}]}",OHLC_D_I_20DELVBULL,Above Average Delivery Volume,Stock recorded higher delivery volume in previous trading session,27,Volume & Delivery,"The stock recorded higher delivery volume, and the percentage change in stock price was positive in the previous trading session. This indicates that traders/investors bought the stock and carried it forward as a holding.",,,False,1,N,,OHLC_D_I_20DELVBULL
1784891717,"{'stkname': 'Manali Petro', 'ltp': '', 'perChg': '', 'stkId': 'MP02', 'displayLock': 'N', 'scanproflg': 1, 'scUrl': 'petrochemicals/manalipetrochemicals/MP02', 'columns': [{'name': 'change %', 'value': '1.85'}, {'name': 'LTP', 'value': '66.00'}, {'name': '20-Delivery Volume Indicator value', 'value': '444,884.00'}]}",OHLC_D_I_20DELVBULL,Above Average Delivery Volume,Stock recorded higher delivery volume in previous trading session,27,Volume & Delivery,"The stock recorded higher delivery volume, and the percentage change in stock price was positive in the previous trading session. This indicates that traders/investors bought the stock and carried it forward as a holding.",,,False,1,N,,OHLC_D_I_20DELVBULL
1784891717,"{'stkname': 'Shivam Auto', 'ltp': '', 'perChg': '', 'stkId': 'SA12', 'displayLock': 'N', 'scanproflg': 1, 'scUrl': 'auto-ancillaries/shivamautotech/SA13', 'columns': [{'name': 'change %', 'value': '0.00'}, {'name': 'LTP', 'value': '16.73'}, {'name': '20-Delivery Volume Indicator value', 'value': '97,886.00'}]}",OHLC_D_I_20DELVBULL,Above Average Delivery Volume,Stock recorded higher delivery volume in previous trading session,27,Volume & Delivery,"The stock recorded higher delivery volume, and the percentage change in stock price was positive in the previous trading session. This indicates that traders/investors bought the stock and carried it forward as a holding.",,,False,1,N,,OHLC_D_I_20DELVBULL
1784891717,"{'stkname': 'Diamond Power', 'ltp': '', 'perChg': '', 'stkId': 'DC05', 'displayLock': 'N', 'scanproflg': 1, 'scUrl': 'cables-powerothers/diamondpowerinfrastructure/DC05', 'columns': [{'name': 'change %', 'value': '7.40'}, {'name': 'LTP', 'value': '294.20'}, {'name': '20-Delivery Volume Indicator value', 'value': '1.73'}]}",OHLC_D_I_20DELVBULL,Above Average Delivery Volume,Stock recorded higher delivery volume in previous trading session,27,Volume & Delivery,"The stock recorded higher delivery volume, and the percentage change in stock price was positive in the previous trading session. This indicates that traders/investors bought the stock and carried it forward as a holding.",,,False,1,N,,OHLC_D_I_20DELVBULL
1784891717,"{'stkname': 'Karnataka Bank', 'ltp': '', 'perChg': '', 'stkId': 'KB04', 'displayLock': 'N', 'scanproflg': 1, 'scUrl': 'banks-private-sector/karnatakabank/KB04', 'columns': [{'name': 'change %', 'value': '-0.67'}, {'name': 'LTP', 'value': '279.90'}, {'name': '20-Delivery Volume Indicator value', 'value': '3,483,006.00'}]}",OHLC_D_I_20DELVBULL,Above Average Delivery Volume,Stock recorded higher delivery volume in previous trading session,27,Volume & Delivery,"The stock recorded higher delivery volume, and the percentage change in stock price was positive in the previous trading session. This indicates that traders/investors bought the stock and carried it forward as a holding.",,,False,1,N,,OHLC_D_I_20DELVBULL
1784891717,"{'stkname': 'Menon Bearings', 'ltp': '', 'perChg': '', 'stkId': 'MB01', 'displayLock': 'N', 'scanproflg': 1, 'scUrl': 'bearings/menonbearings/MB01', 'columns': [{'name': 'change %', 'value': '-0.70'}, {'name': 'LTP', 'value': '215.00'}, {'name': '20-Delivery Volume Indicator value', 'value': '137,438.00'}]}",OHLC_D_I_20DELVBULL,Above Average Delivery Volume,Stock recorded higher delivery volume in previous trading session,27,Volume & Delivery,"The stock recorded higher delivery volume, and the percentage change in stock price was positive in the previous trading session. This indicates that traders/investors bought the stock and carried it forward as a holding.",,,False,1,N,,OHLC_D_I_20DELVBULL
1784891717,"{'stkname': 'CHEMPLAST SANMA', 'ltp': '', 'perChg': '', 'stkId': 'CS18', 'displayLock': 'N', 'scanproflg': 1, 'scUrl': 'speciality-chemicals/chemplastsanmar/CS23', 'columns': [{'name': 'change %', 'value': '-3.44'}, {'name': 'LTP', 'value': '202.68'}, {'name': '20-Delivery Volume Indicator value', 'value': '5,580,996.00'}]}",OHLC_D_I_20DELVBULL,Above Average Delivery Volume,Stock recorded higher delivery volume in previous trading session,27,Volume & Delivery,"The stock recorded higher delivery volume, and the percentage change in stock price was positive in the previous trading session. This indicates that traders/investors bought the stock and carried it forward as a holding.",,,False,1,N,,OHLC_D_I_20DELVBULL
1784891717,"{'stkname': 'SJS Enterprises', 'ltp': '', 'perChg': '', 'stkId': 'E09', 'displayLock': 'N', 'scanproflg': 1, 'scUrl': 'auto-ancillaries-others/sjsenterprises/E11', 'columns': [{'name': 'change %', 'value': '3.73'}, {'name': 'LTP', 'value': '2,360.00'}, {'name': '20-Delivery Volume Indicator value', 'value': '189,561.00'}]}",OHLC_D_I_20DELVBULL,Above Average Delivery Volume,Stock recorded higher delivery volume in previous trading session,27,Volume & Delivery,"The stock recorded higher delivery volume, and the percentage change in stock price was positive in the previous trading session. This indicates that traders/investors bought the stock and carried it forward as a holding.",,,False,1,N,,OHLC_D_I_20DELVBULL
1784891717,"{'stkname': 'Steel Str Wheel', 'ltp': '', 'perChg': '', 'stkId': 'SSW01', 'displayLock': 'N', 'scanproflg': 1, 'scUrl': 'auto-ancillaries/steelstripswheels/SSW02', 'columns': [{'name': 'change %', 'value': '0.35'}, {'name': 'LTP', 'value': '287.74'}, {'name': '20-Delivery Volume Indicator value', 'value': '2,710,655.00'}]}",OHLC_D_I_20DELVBULL,Above Average Delivery Volume,Stock recorded higher delivery volume in previous trading session,27,Volume & Delivery,"The stock recorded higher delivery volume, and the percentage change in stock price was positive in the previous trading session. This indicates that traders/investors bought the stock and carried it forward as a holding.",,,False,1,N,,OHLC_D_I_20DELVBULL
1784891717,"{'stkname': 'Goa Carbon', 'ltp': '', 'perChg': '', 'stkId': 'GC04', 'displayLock': 'N', 'scanproflg': 1, 'scUrl': 'petrochemicals/goacarbon/GC04', 'columns': [{'name': 'change %', 'value': '-1.32'}, {'name': 'LTP', 'value': '375.00'}, {'name': '20-Delivery Volume Indicator value', 'value': '79,850.00'}]}",OHLC_D_I_20DELVBULL,Above Average Delivery Volume,Stock recorded higher delivery volume in previous trading session,27,Volume & Delivery,"The stock recorded higher delivery volume, and the percentage change in stock price was positive in the previous trading session. This indicates that traders/investors bought the stock and carried it forward as a holding.",,,False,1,N,,OHLC_D_I_20DELVBULL
1784891717,"{'stkname': 'Murudeshwar Cer', 'ltp': '', 'perChg': '', 'stkId': 'MC13', 'displayLock': 'N', 'scanproflg': 1, 'scUrl': 'ceramicsgranite/murudeshwarceramics/MC13', 'columns': [{'name': 'change %', 'value': '-1.68'}, {'name': 'LTP', 'value': '30.40'}, {'name': '20-Delivery Volume Indicator value', 'value': '27,948.00'}]}",OHLC_D_I_20DELVBULL,Above Average Delivery Volume,Stock recorded higher delivery volume in previous trading session,27,Volume & Delivery,"The stock recorded higher delivery volume, and the percentage change in stock price was positive in the previous trading session. This indicates that traders/investors bought the stock and carried it forward as a holding.",,,False,1,N,,OHLC_D_I_20DELVBULL
1784891717,"{'stkname': 'Birla Cable', 'ltp': '', 'perChg': '', 'stkId': 'BEO', 'displayLock': 'N', 'scanproflg': 1, 'scUrl': 'cables-telephone/birlacable/BEO', 'columns': [{'name': 'change %', 'value': '0.58'}, {'name': 'LTP', 'value': '198.50'}, {'name': '20-Delivery Volume Indicator value', 'value': '79,017.00'}]}",OHLC_D_I_20DELVBULL,Above Average Delivery Volume,Stock recorded higher delivery volume in previous trading session,27,Volume & Delivery,"The stock recorded higher delivery volume, and the percentage change in stock price was positive in the previous trading session. This indicates that traders/investors bought the stock and carried it forward as a holding.",,,False,1,N,,OHLC_D_I_20DELVBULL
1784891717,"{'stkname': 'Shanthi Gears', 'ltp': '', 'perChg': '', 'stkId': 'SG04', 'displayLock': 'N', 'scanproflg': 1, 'scUrl': 'auto-ancillaries/shanthigears/SG04', 'columns': [{'name': 'change %', 'value': '0.54'}, {'name': 'LTP', 'value': '417.50'}, {'name': '20-Delivery Volume Indicator value', 'value': '14,503.00'}]}",OHLC_D_I_20DELVBULL,Above Average Delivery Volume,Stock recorded higher delivery volume in previous trading session,27,Volume & Delivery,"The stock recorded higher delivery volume, and the percentage change in stock price was positive in the previous trading session. This indicates that traders/investors bought the stock and carried it forward as a holding.",,,False,1,N,,OHLC_D_I_20DELVBULL
1784891717,"{'stkname': 'Ujjivan Small', 'ltp': '', 'perChg': '', 'stkId': 'USF', 'displayLock': 'N', 'scanproflg': 1, 'scUrl': 'bank-private/ujjivansmallfinancebank/USF', 'columns': [{'name': 'change %', 'value': '2.85'}, {'name': 'LTP', 'value': '70.74'}, {'name': '20-Delivery Volume Indicator value', 'value': '1.50'}]}",OHLC_D_I_20DELVBULL,Above Average Delivery Volume,Stock recorded higher delivery volume in previous trading session,27,Volume & Delivery,"The stock recorded higher delivery volume, and the percentage change in stock price was positive in the previous trading session. This indicates that traders/investors bought the stock and carried it forward as a holding.",,,False,1,N,,OHLC_D_I_20DELVBULL
1784891717,"{'stkname': 'Updater Service', 'ltp': '', 'perChg': '', 'stkId': 'USL02', 'displayLock': 'N', 'scanproflg': 1, 'scUrl': 'misc-commercial-services/updaterservices/USL02', 'columns': [{'name': 'change %', 'value': '-2.71'}, {'name': 'LTP', 'value': '202.50'}, {'name': '20-Delivery Volume Indicator value', 'value': '1,335,395.00'}]}",OHLC_D_I_20DELVBULL,Above Average Delivery Volume,Stock recorded higher delivery volume in previous trading session,27,Volume & Delivery,"The stock recorded higher delivery volume, and the percentage change in stock price was positive in the previous trading session. This indicates that traders/investors bought the stock and carried it forward as a holding.",,,False,1,N,,OHLC_D_I_20DELVBULL
1784891717,"{'stkname': 'Rico Auto', 'ltp': '', 'perChg': '', 'stkId': 'RA04', 'displayLock': 'N', 'scanproflg': 1, 'scUrl': 'auto-ancillaries/ricoauto/RA04', 'columns': [{'name': 'change %', 'value': '2.38'}, {'name': 'LTP', 'value': '138.65'}, {'name': '20-Delivery Volume Indicator value', 'value': '3,775,981.00'}]}",OHLC_D_I_20DELVBULL,Above Average Delivery Volume,Stock recorded higher delivery volume in previous trading session,27,Volume & Delivery,"The stock recorded higher delivery volume, and the percentage change in stock price was positive in the previous trading session. This indicates that traders/investors bought the stock and carried it forward as a holding.",,,False,1,N,,OHLC_D_I_20DELVBULL
1784891717,"{'stkname': 'Pricol', 'ltp': '', 'perChg': '', 'stkId': 'PIC01', 'displayLock': 'N', 'scanproflg': 1, 'scUrl': 'auto-ancillaries/pricol/P9', 'columns': [{'name': 'change %', 'value': '0.55'}, {'name': 'LTP', 'value': '629.55'}, {'name': '20-Delivery Volume Indicator value', 'value': '823,980.00'}]}",OHLC_D_I_20DELVBULL,Above Average Delivery Volume,Stock recorded higher delivery volume in previous trading session,27,Volume & Delivery,"The stock recorded higher delivery volume, and the percentage change in stock price was positive in the previous trading session. This indicates that traders/investors bought the stock and carried it forward as a holding.",,,False,1,N,,OHLC_D_I_20DELVBULL
1784891717,"{'stkname': 'Bombay Super', 'ltp': '', 'perChg': '', 'stkId': 'BSH', 'displayLock': 'N', 'scanproflg': 1, 'scUrl': 'miscellaneous/bombaysuperhybridseeds/BSH', 'columns': [{'name': 'change %', 'value': '-0.68'}, {'name': 'LTP', 'value': '87.00'}, {'name': '20-Delivery Volume Indicator value', 'value': '5,578.00'}]}",OHLC_D_I_20DELVBULL,Above Average Delivery Volume,Stock recorded higher delivery volume in previous trading session,27,Volume & Delivery,"The stock recorded higher delivery volume, and the percentage change in stock price was positive in the previous trading session. This indicates that traders/investors bought the stock and carried it forward as a holding.",,,False,1,N,,OHLC_D_I_20DELVBULL
1784891717,"{'stkname': 'Avenue Supermar', 'ltp': '', 'perChg': '', 'stkId': 'AS28', 'displayLock': 'N', 'scanproflg': 1, 'scUrl': 'retail/avenuesupermarts/AS19', 'columns': [{'name': 'change %', 'value': '-0.37'}, {'name': 'LTP', 'value': '4,020.00'}, {'name': '20-Delivery Volume Indicator value', 'value': '740,773.00'}]}",OHLC_D_I_20DELVBULL,Above Average Delivery Volume,Stock recorded higher delivery volume in previous trading session,27,Volume & Delivery,"The stock recorded higher delivery volume, and the percentage change in stock price was positive in the previous trading session. This indicates that traders/investors bought the stock and carried it forward as a holding.",,,False,1,N,,OHLC_D_I_20DELVBULL
1784891717,"{'stkname': 'Mahindra Life', 'ltp': '', 'perChg': '', 'stkId': 'GC16', 'displayLock': 'N', 'scanproflg': 1, 'scUrl': 'constructioncontracting-civil/mahindralifespacedevelopers/MLD', 'columns': [{'name': 'change %', 'value': '-0.66'}, {'name': 'LTP', 'value': '375.00'}, {'name': '20-Delivery Volume Indicator value', 'value': '3,912,034.00'}]}",OHLC_D_I_20DELVBULL,Above Average Delivery Volume,Stock recorded higher delivery volume in previous trading session,27,Volume & Delivery,"The stock recorded higher delivery volume, and the percentage change in stock price was positive in the previous trading session. This indicates that traders/investors bought the stock and carried it forward as a holding.",,,False,1,N,,OHLC_D_I_20DELVBULL
1784891717,"{'stkname': 'Thangamayil', 'ltp': '', 'perChg': '', 'stkId': 'TJ', 'displayLock': 'N', 'scanproflg': 1, 'scUrl': 'diamondjewellery/thangamayiljewellery/TJ', 'columns': [{'name': 'change %', 'value': '0.42'}, {'name': 'LTP', 'value': '6,900.00'}, {'name': '20-Delivery Volume Indicator value', 'value': '424,760.00'}]}",OHLC_D_I_20DELVBULL,Above Average Delivery Volume,Stock recorded higher delivery volume in previous trading session,27,Volume & Delivery,"The stock recorded higher delivery volume, and the percentage change in stock price was positive in the previous trading session. This indicates that traders/investors bought the stock and carried it forward as a holding.",,,False,1,N,,OHLC_D_I_20DELVBULL
1784891717,"{'stkname': 'Hindustan Aeron', 'ltp': '', 'perChg': '', 'stkId': 'HAL', 'displayLock': 'N', 'scanproflg': 1, 'scUrl': 'aerospacedefence/hindustanaeronautics/HAL', 'columns': [{'name': 'change %', 'value': '-0.32'}, {'name': 'LTP', 'value': '4,577.70'}, {'name': '20-Delivery Volume Indicator value', 'value': '648,588.00'}]}",OHLC_D_I_20DELVBULL,Above Average Delivery Volume,Stock recorded higher delivery volume in previous trading session,27,Volume & Delivery,"The stock recorded higher delivery volume, and the percentage change in stock price was positive in the previous trading session. This indicates that traders/investors bought the stock and carried it forward as a holding.",,,False,1,N,,OHLC_D_I_20DELVBULL
1784891717,"{'stkname': 'Oil India', 'ltp': '', 'perChg': '', 'stkId': 'OI13', 'displayLock': 'N', 'scanproflg': 1, 'scUrl': 'oil-drillingexploration/oilindia/OI13', 'columns': [{'name': 'change %', 'value': '-1.81'}, {'name': 'LTP', 'value': '450.50'}, {'name': '20-Delivery Volume Indicator value', 'value': '4,310,065.00'}]}",OHLC_D_I_20DELVBULL,Above Average Delivery Volume,Stock recorded higher delivery volume in previous trading session,27,Volume & Delivery,"The stock recorded higher delivery volume, and the percentage change in stock price was positive in the previous trading session. This indicates that traders/investors bought the stock and carried it forward as a holding.",,,False,1,N,,OHLC_D_I_20DELVBULL
1784891717,"{'stkname': 'Seshaasai Techn', 'ltp': '', 'perChg': '', 'stkId': 'STL11', 'displayLock': 'N', 'scanproflg': 1, 'scUrl': 'it-servicesconsulting/seshaasaitechnologies/STL12', 'columns': [{'name': 'change %', 'value': '-4.04'}, {'name': 'LTP', 'value': '384.00'}, {'name': '20-Delivery Volume Indicator value', 'value': '453,217.00'}]}",OHLC_D_I_20DELVBULL,Above Average Delivery Volume,Stock recorded higher delivery volume in previous trading session,27,Volume & Delivery,"The stock recorded higher delivery volume, and the percentage change in stock price was positive in the previous trading session. This indicates that traders/investors bought the stock and carried it forward as a holding.",,,False,1,N,,OHLC_D_I_20DELVBULL
1784891717,"{'stkname': 'Mahindra Holida', 'ltp': '', 'perChg': '', 'stkId': 'MHR', 'displayLock': 'N', 'scanproflg': 1, 'scUrl': 'hotels/mahindraholidaysresortsindia/MHR', 'columns': [{'name': 'change %', 'value': '0.38'}, {'name': 'LTP', 'value': '218.90'}, {'name': '20-Delivery Volume Indicator value', 'value': '235,015.00'}]}",OHLC_D_I_20DELVBULL,Above Average Delivery Volume,Stock recorded higher delivery volume in previous trading session,27,Volume & Delivery,"The stock recorded higher delivery volume, and the percentage change in stock price was positive in the previous trading session. This indicates that traders/investors bought the stock and carried it forward as a holding.",,,False,1,N,,OHLC_D_I_20DELVBULL
1784891717,"{'stkname': 'FIEM Ind', 'ltp': '', 'perChg': '', 'stkId': 'FIE', 'displayLock': 'N', 'scanproflg': 1, 'scUrl': 'auto-ancillaries/fiemindustries/FIE', 'columns': [{'name': 'change %', 'value': '-0.63'}, {'name': 'LTP', 'value': '2,339.30'}, {'name': '20-Delivery Volume Indicator value', 'value': '70,404.00'}]}",OHLC_D_I_20DELVBULL,Above Average Delivery Volume,Stock recorded higher delivery volume in previous trading session,27,Volume & Delivery,"The stock recorded higher delivery volume, and the percentage change in stock price was positive in the previous trading session. This indicates that traders/investors bought the stock and carried it forward as a holding.",,,False,1,N,,OHLC_D_I_20DELVBULL
1784891717,"{'stkname': 'United Spirits', 'ltp': '', 'perChg': '', 'stkId': 'MC08', 'displayLock': 'N', 'scanproflg': 1, 'scUrl': 'breweriesdistilleries/unitedspirits/US', 'columns': [{'name': 'change %', 'value': '3.24'}, {'name': 'LTP', 'value': '1,464.00'}, {'name': '20-Delivery Volume Indicator value', 'value': '1,621,296.00'}]}",OHLC_D_I_20DELVBULL,Above Average Delivery Volume,Stock recorded higher delivery volume in previous trading session,27,Volume & Delivery,"The stock recorded higher delivery volume, and the percentage change in stock price was positive in the previous trading session. This indicates that traders/investors bought the stock and carried it forward as a holding.",,,False,1,N,,OHLC_D_I_20DELVBULL
1784891717,"{'stkname': 'Whirlpool', 'ltp': '', 'perChg': '', 'stkId': 'WI', 'displayLock': 'N', 'scanproflg': 1, 'scUrl': 'consumer-goods-white-goods/whirlpoolindia/WI', 'columns': [{'name': 'change %', 'value': '0.03'}, {'name': 'LTP', 'value': '770.95'}, {'name': '20-Delivery Volume Indicator value', 'value': '1,087,085.00'}]}",OHLC_D_I_20DELVBULL,Above Average Delivery Volume,Stock recorded higher delivery volume in previous trading session,27,Volume & Delivery,"The stock recorded higher delivery volume, and the percentage change in stock price was positive in the previous trading session. This indicates that traders/investors bought the stock and carried it forward as a holding.",,,False,1,N,,OHLC_D_I_20DELVBULL
1784891717,"{'stkname': 'Shreeoswal Seed', 'ltp': '', 'perChg': '', 'stkId': 'SSC07', 'displayLock': 'N', 'scanproflg': 1, 'scUrl': 'pesticidesagro-chemicals/shreeoswalseedschemicals/SSC07', 'columns': [{'name': 'change %', 'value': '-1.86'}, {'name': 'LTP', 'value': '10.00'}, {'name': '20-Delivery Volume Indicator value', 'value': '76,831.00'}]}",OHLC_D_I_20DELVBULL,Above Average Delivery Volume,Stock recorded higher delivery volume in previous trading session,27,Volume & Delivery,"The stock recorded higher delivery volume, and the percentage change in stock price was positive in the previous trading session. This indicates that traders/investors bought the stock and carried it forward as a holding.",,,False,1,N,,OHLC_D_I_20DELVBULL
1784891717,"{'stkname': 'PI Industries', 'ltp': '', 'perChg': '', 'stkId': 'PII', 'displayLock': 'N', 'scanproflg': 1, 'scUrl': 'pesticidesagro-chemicals/piindustries/PII', 'columns': [{'name': 'change %', 'value': '-0.54'}, {'name': 'LTP', 'value': '2,727.70'}, {'name': '20-Delivery Volume Indicator value', 'value': '314,337.00'}]}",OHLC_D_I_20DELVBULL,Above Average Delivery Volume,Stock recorded higher delivery volume in previous trading session,27,Volume & Delivery,"The stock recorded higher delivery volume, and the percentage change in stock price was positive in the previous trading session. This indicates that traders/investors bought the stock and carried it forward as a holding.",,,False,1,N,,OHLC_D_I_20DELVBULL
1784891717,"{'stkname': 'Eternal', 'ltp': '', 'perChg': '', 'stkId': 'Z01', 'displayLock': 'N', 'scanproflg': 1, 'scUrl': 'online-services/eternal/Z', 'columns': [{'name': 'change %', 'value': '-2.40'}, {'name': 'LTP', 'value': '280.20'}, {'name': '20-Delivery Volume Indicator value', 'value': '6.47'}]}",OHLC_D_I_20DELVBULL,Above Average Delivery Volume,Stock recorded higher delivery volume in previous trading session,27,Volume & Delivery,"The stock recorded higher delivery volume, and the percentage change in stock price was positive in the previous trading session. This indicates that traders/investors bought the stock and carried it forward as a holding.",,,False,1,N,,OHLC_D_I_20DELVBULL
1784891717,"{'stkname': 'NLC India', 'ltp': '', 'perChg': '', 'stkId': 'NLC', 'displayLock': 'N', 'scanproflg': 1, 'scUrl': 'power-generationdistribution/nlcindia/NLC', 'columns': [{'name': 'change %', 'value': '0.62'}, {'name': 'LTP', 'value': '292.50'}, {'name': '20-Delivery Volume Indicator value', 'value': '2,975,499.00'}]}",OHLC_D_I_20DELVBULL,Above Average Delivery Volume,Stock recorded higher delivery volume in previous trading session,27,Volume & Delivery,"The stock recorded higher delivery volume, and the percentage change in stock price was positive in the previous trading session. This indicates that traders/investors bought the stock and carried it forward as a holding.",,,False,1,N,,OHLC_D_I_20DELVBULL
1784891717,"{'stkname': 'Tata Comm', 'ltp': '', 'perChg': '', 'stkId': 'VSN', 'displayLock': 'N', 'scanproflg': 1, 'scUrl': 'telecommunications-service/tatacommunications/TC17', 'columns': [{'name': 'change %', 'value': '-0.72'}, {'name': 'LTP', 'value': '1,787.70'}, {'name': '20-Delivery Volume Indicator value', 'value': '653,698.00'}]}",OHLC_D_I_20DELVBULL,Above Average Delivery Volume,Stock recorded higher delivery volume in previous trading session,27,Volume & Delivery,"The stock recorded higher delivery volume, and the percentage change in stock price was positive in the previous trading session. This indicates that traders/investors bought the stock and carried it forward as a holding.",,,False,1,N,,OHLC_D_I_20DELVBULL
1784891717,"{'stkname': 'ITC', 'ltp': '', 'perChg': '', 'stkId': 'ITC', 'displayLock': 'N', 'scanproflg': 1, 'scUrl': 'diversified/itc/ITC', 'columns': [{'name': 'change %', 'value': '0.96'}, {'name': 'LTP', 'value': '284.00'}, {'name': '20-Delivery Volume Indicator value', 'value': '2.11'}]}",OHLC_D_I_20DELVBULL,Above Average Delivery Volume,Stock recorded higher delivery volume in previous trading session,27,Volume & Delivery,"The stock recorded higher delivery volume, and the percentage change in stock price was positive in the previous trading session. This indicates that traders/investors bought the stock and carried it forward as a holding.",,,False,1,N,,OHLC_D_I_20DELVBULL
1784891717,"{'stkname': 'M&M', 'ltp': '', 'perChg': '', 'stkId': 'MM', 'displayLock': 'N', 'scanproflg': 1, 'scUrl': 'auto-carsjeeps/mahindramahindra/MM', 'columns': [{'name': 'change %', 'value': '-2.00'}, {'name': 'LTP', 'value': '3,165.00'}, {'name': '20-Delivery Volume Indicator value', 'value': '2,705,691.00'}]}",OHLC_D_I_20DELVBULL,Above Average Delivery Volume,Stock recorded higher delivery volume in previous trading session,27,Volume & Delivery,"The stock recorded higher delivery volume, and the percentage change in stock price was positive in the previous trading session. This indicates that traders/investors bought the stock and carried it forward as a holding.",,,False,1,N,,OHLC_D_I_20DELVBULL
1784891717,"{'stkname': 'Rail Vikas', 'ltp': '', 'perChg': '', 'stkId': 'RVN', 'displayLock': 'N', 'scanproflg': 1, 'scUrl': 'miscellaneous/railvikasnigam/RVN', 'columns': [{'name': 'change %', 'value': '0.16'}, {'name': 'LTP', 'value': '224.48'}, {'name': '20-Delivery Volume Indicator value', 'value': '3,963,760.00'}]}",OHLC_D_I_20DELVBULL,Above Average Delivery Volume,Stock recorded higher delivery volume in previous trading session,27,Volume & Delivery,"The stock recorded higher delivery volume, and the percentage change in stock price was positive in the previous trading session. This indicates that traders/investors bought the stock and carried it forward as a holding.",,,False,1,N,,OHLC_D_I_20DELVBULL
1784891717,"{'stkname': 'Shree Cements', 'ltp': '', 'perChg': '', 'stkId': 'SC12', 'displayLock': 'N', 'scanproflg': 1, 'scUrl': 'cement-major/shreecements/SC12', 'columns': [{'name': 'change %', 'value': '0.65'}, {'name': 'LTP', 'value': '27,000.00'}, {'name': '20-Delivery Volume Indicator value', 'value': '31,050.00'}]}",OHLC_D_I_20DELVBULL,Above Average Delivery Volume,Stock recorded higher delivery volume in previous trading session,27,Volume & Delivery,"The stock recorded higher delivery volume, and the percentage change in stock price was positive in the previous trading session. This indicates that traders/investors bought the stock and carried it forward as a holding.",,,False,1,N,,OHLC_D_I_20DELVBULL
1784891717,"{'stkname': 'Bajaj Auto', 'ltp': '', 'perChg': '', 'stkId': 'BA06', 'displayLock': 'N', 'scanproflg': 1, 'scUrl': 'auto-23-wheelers/bajajauto/BA10', 'columns': [{'name': 'change %', 'value': '-1.42'}, {'name': 'LTP', 'value': '11,123.50'}, {'name': '20-Delivery Volume Indicator value', 'value': '1,025,555.00'}]}",OHLC_D_I_20DELVBULL,Above Average Delivery Volume,Stock recorded higher delivery volume in previous trading session,27,Volume & Delivery,"The stock recorded higher delivery volume, and the percentage change in stock price was positive in the previous trading session. This indicates that traders/investors bought the stock and carried it forward as a holding.",,,False,1,N,,OHLC_D_I_20DELVBULL
1784891717,"{'stkname': 'Hero Motocorp', 'ltp': '', 'perChg': '', 'stkId': 'HHM', 'displayLock': 'N', 'scanproflg': 1, 'scUrl': 'auto-23-wheelers/heromotocorp/HHM', 'columns': [{'name': 'change %', 'value': '-3.15'}, {'name': 'LTP', 'value': '5,010.90'}, {'name': '20-Delivery Volume Indicator value', 'value': '1,603,396.00'}]}",OHLC_D_I_20DELVBULL,Above Average Delivery Volume,Stock recorded higher delivery volume in previous trading session,27,Volume & Delivery,"The stock recorded higher delivery volume, and the percentage change in stock price was positive in the previous trading session. This indicates that traders/investors bought the stock and carried it forward as a holding.",,,False,1,N,,OHLC_D_I_20DELVBULL
1784891717,"{'stkname': 'Bosch', 'ltp': '', 'perChg': '', 'stkId': 'MIC', 'displayLock': 'N', 'scanproflg': 1, 'scUrl': 'auto-ancillaries/bosch/B05', 'columns': [{'name': 'change %', 'value': '-0.80'}, {'name': 'LTP', 'value': '41,900.00'}, {'name': '20-Delivery Volume Indicator value', 'value': '39,162.00'}]}",OHLC_D_I_20DELVBULL,Above Average Delivery Volume,Stock recorded higher delivery volume in previous trading session,27,Volume & Delivery,"The stock recorded higher delivery volume, and the percentage change in stock price was positive in the previous trading session. This indicates that traders/investors bought the stock and carried it forward as a holding.",,,False,1,N,,OHLC_D_I_20DELVBULL
1784891717,"{'stkname': 'TVS Motor', 'ltp': '', 'perChg': '', 'stkId': 'TVS', 'displayLock': 'N', 'scanproflg': 1, 'scUrl': 'auto-23-wheelers/tvsmotorcompany/TVS', 'columns': [{'name': 'change %', 'value': '-1.29'}, {'name': 'LTP', 'value': '3,869.20'}, {'name': '20-Delivery Volume Indicator value', 'value': '1,761,279.00'}]}",OHLC_D_I_20DELVBULL,Above Average Delivery Volume,Stock recorded higher delivery volume in previous trading session,27,Volume & Delivery,"The stock recorded higher delivery volume, and the percentage change in stock price was positive in the previous trading session. This indicates that traders/investors bought the stock and carried it forward as a holding.",,,False,1,N,,OHLC_D_I_20DELVBULL
1784891717,"{'stkname': 'Sun Pharma', 'ltp': '', 'perChg': '', 'stkId': 'SPI', 'displayLock': 'N', 'scanproflg': 1, 'scUrl': 'pharmaceuticals/sunpharmaceuticalindustries/SPI', 'columns': [{'name': 'change %', 'value': '-0.89'}, {'name': 'LTP', 'value': '1,936.60'}, {'name': '20-Delivery Volume Indicator value', 'value': '2,057,288.00'}]}",OHLC_D_I_20DELVBULL,Above Average Delivery Volume,Stock recorded higher delivery volume in previous trading session,27,Volume & Delivery,"The stock recorded higher delivery volume, and the percentage change in stock price was positive in the previous trading session. This indicates that traders/investors bought the stock and carried it forward as a holding.",,,False,1,N,,OHLC_D_I_20DELVBULL
1784891717,"{'stkname': 'Bajaj Holdings', 'ltp': '', 'perChg': '', 'stkId': 'BA', 'displayLock': 'N', 'scanproflg': 1, 'scUrl': 'finance-investments/bajajholdingsinvestment/BHI', 'columns': [{'name': 'change %', 'value': '0.55'}, {'name': 'LTP', 'value': '10,694.00'}, {'name': '20-Delivery Volume Indicator value', 'value': '108,337.00'}]}",OHLC_D_I_20DELVBULL,Above Average Delivery Volume,Stock recorded higher delivery volume in previous trading session,27,Volume & Delivery,"The stock recorded higher delivery volume, and the percentage change in stock price was positive in the previous trading session. This indicates that traders/investors bought the stock and carried it forward as a holding.",,,False,1,N,,OHLC_D_I_20DELVBULL
1784891717,"{'stkname': 'TATA Cons. Prod', 'ltp': '', 'perChg': '', 'stkId': 'TT', 'displayLock': 'N', 'scanproflg': 1, 'scUrl': 'plantations-teacoffee/tataconsumerproducts/TT', 'columns': [{'name': 'change %', 'value': '-1.42'}, {'name': 'LTP', 'value': '1,092.00'}, {'name': '20-Delivery Volume Indicator value', 'value': '1,965,538.00'}]}",OHLC_D_I_20DELVBULL,Above Average Delivery Volume,Stock recorded higher delivery volume in previous trading session,27,Volume & Delivery,"The stock recorded higher delivery volume, and the percentage change in stock price was positive in the previous trading session. This indicates that traders/investors bought the stock and carried it forward as a holding.",,,False,1,N,,OHLC_D_I_20DELVBULL
1784891717,"{'stkname': 'Mirae BSE Sens', 'ltp': '', 'perChg': '', 'stkId': 'SENSE19224', 'displayLock': 'N', 'scanproflg': 1, 'scUrl': 'etf/miraeassetspbsesensexetf/SENSE19224', 'columns': [{'name': 'change %', 'value': '-1.08'}, {'name': 'LTP', 'value': '78.49'}, {'name': '20-Delivery Volume Indicator value', 'value': '28,988.00'}]}",OHLC_D_I_20DELVBULL,Above Average Delivery Volume,Stock recorded higher delivery volume in previous trading session,27,Volume & Delivery,"The stock recorded higher delivery volume, and the percentage change in stock price was positive in the previous trading session. This indicates that traders/investors bought the stock and carried it forward as a holding.",,,False,1,N,,OHLC_D_I_20DELVBULL
1784891717,"{'stkname': 'Hind Copper', 'ltp': '', 'perChg': '', 'stkId': 'HC07', 'displayLock': 'N', 'scanproflg': 1, 'scUrl': 'metals-non-ferrous/hindustancopper/HC07', 'columns': [{'name': 'change %', 'value': '-1.69'}, {'name': 'LTP', 'value': '483.50'}, {'name': '20-Delivery Volume Indicator value', 'value': '4,059,084.00'}]}",OHLC_D_I_20DELVBULL,Above Average Delivery Volume,Stock recorded higher delivery volume in previous trading session,27,Volume & Delivery,"The stock recorded higher delivery volume, and the percentage change in stock price was positive in the previous trading session. This indicates that traders/investors bought the stock and carried it forward as a holding.",,,False,1,N,,OHLC_D_I_20DELVBULL
1784891717,"{'stkname': 'Manappuram Fin', 'ltp': '', 'perChg': '', 'stkId': 'MGF01', 'displayLock': 'N', 'scanproflg': 1, 'scUrl': 'finance-leasinghire-purchase/manappuramfinance/MGF01', 'columns': [{'name': 'change %', 'value': '0.28'}, {'name': 'LTP', 'value': '353.45'}, {'name': '20-Delivery Volume Indicator value', 'value': '4,084,267.00'}]}",OHLC_D_I_20DELVBULL,Above Average Delivery Volume,Stock recorded higher delivery volume in previous trading session,27,Volume & Delivery,"The stock recorded higher delivery volume, and the percentage change in stock price was positive in the previous trading session. This indicates that traders/investors bought the stock and carried it forward as a holding.",,,False,1,N,,OHLC_D_I_20DELVBULL
1784891717,"{'stkname': '360 ONE MSCI', 'ltp': '', 'perChg': '', 'stkId': '3OM', 'displayLock': 'N', 'scanproflg': 1, 'scUrl': 'etf/360onemsciindiaetf/3OM', 'columns': [{'name': 'change %', 'value': '-0.60'}, {'name': 'LTP', 'value': '9.99'}, {'name': '20-Delivery Volume Indicator value', 'value': '10,940.00'}]}",OHLC_D_I_20DELVBULL,Above Average Delivery Volume,Stock recorded higher delivery volume in previous trading session,27,Volume & Delivery,"The stock recorded higher delivery volume, and the percentage change in stock price was positive in the previous trading session. This indicates that traders/investors bought the stock and carried it forward as a holding.",,,False,1,N,,OHLC_D_I_20DELVBULL
1784891717,"{'stkname': 'Nipp Hang Seng', 'ltp': '', 'perChg': '', 'stkId': 'BMF01', 'displayLock': 'N', 'scanproflg': 1, 'scUrl': 'etf/nipponindiaetfhangsengbees/BMF01', 'columns': [{'name': 'change %', 'value': '-0.38'}, {'name': 'LTP', 'value': '485.75'}, {'name': '20-Delivery Volume Indicator value', 'value': '139,170.00'}]}",OHLC_D_I_20DELVBULL,Above Average Delivery Volume,Stock recorded higher delivery volume in previous trading session,27,Volume & Delivery,"The stock recorded higher delivery volume, and the percentage change in stock price was positive in the previous trading session. This indicates that traders/investors bought the stock and carried it forward as a holding.",,,False,1,N,,OHLC_D_I_20DELVBULL
1784891717,"{'stkname': 'Shriram 1DRate', 'ltp': '', 'perChg': '', 'stkId': 'LIQUI24374', 'displayLock': 'N', 'scanproflg': 1, 'scUrl': 'etf/shriramnifty1drateliquidetf/LIQUI24374', 'columns': [{'name': 'change %', 'value': '0.04'}, {'name': 'LTP', 'value': '1,114.54'}, {'name': '20-Delivery Volume Indicator value', 'value': '23,618.00'}]}",OHLC_D_I_20DELVBULL,Above Average Delivery Volume,Stock recorded higher delivery volume in previous trading session,27,Volume & Delivery,"The stock recorded higher delivery volume, and the percentage change in stock price was positive in the previous trading session. This indicates that traders/investors bought the stock and carried it forward as a holding.",,,False,1,N,,OHLC_D_I_20DELVBULL
1784891717,"{'stkname': 'Mirae NYSEFANG', 'ltp': '', 'perChg': '', 'stkId': 'MAN', 'displayLock': 'N', 'scanproflg': 1, 'scUrl': 'etf/miraeassetnysefang+etf/MAN', 'columns': [{'name': 'change %', 'value': '-0.82'}, {'name': 'LTP', 'value': '196.15'}, {'name': '20-Delivery Volume Indicator value', 'value': '225,072.00'}]}",OHLC_D_I_20DELVBULL,Above Average Delivery Volume,Stock recorded higher delivery volume in previous trading session,27,Volume & Delivery,"The stock recorded higher delivery volume, and the percentage change in stock price was positive in the previous trading session. This indicates that traders/investors bought the stock and carried it forward as a holding.",,,False,1,N,,OHLC_D_I_20DELVBULL
1784891717,"{'stkname': 'Nipp 1D Rate', 'ltp': '', 'perChg': '', 'stkId': 'NIN03', 'displayLock': 'N', 'scanproflg': 1, 'scUrl': 'etf/nipponindianifty1drateliquidetf/NIN03', 'columns': [{'name': 'change %', 'value': '0.04'}, {'name': 'LTP', 'value': '1,049.06'}, {'name': '20-Delivery Volume Indicator value', 'value': '106,108.00'}]}",OHLC_D_I_20DELVBULL,Above Average Delivery Volume,Stock recorded higher delivery volume in previous trading session,27,Volume & Delivery,"The stock recorded higher delivery volume, and the percentage change in stock price was positive in the previous trading session. This indicates that traders/investors bought the stock and carried it forward as a holding.",,,False,1,N,,OHLC_D_I_20DELVBULL
1784891717,"{'stkname': 'Zer 1D Rate', 'ltp': '', 'perChg': '', 'stkId': 'LIQUI21750', 'displayLock': 'N', 'scanproflg': 1, 'scUrl': 'etf/zerodhanifty1drateliquidetf/LIQUI21750', 'columns': [{'name': 'change %', 'value': '0.03'}, {'name': 'LTP', 'value': '115.17'}, {'name': '20-Delivery Volume Indicator value', 'value': '2.27'}]}",OHLC_D_I_20DELVBULL,Above Average Delivery Volume,Stock recorded higher delivery volume in previous trading session,27,Volume & Delivery,"The stock recorded higher delivery volume, and the percentage change in stock price was positive in the previous trading session. This indicates that traders/investors bought the stock and carried it forward as a holding.",,,False,1,N,,OHLC_D_I_20DELVBULL
1784891717,"{'stkname': 'Mirae 1D Rate', 'ltp': '', 'perChg': '', 'stkId': 'LIQUI27075', 'displayLock': 'N', 'scanproflg': 1, 'scUrl': 'etf/manifty1drateliquidetf-growth/LIQUI27075', 'columns': [{'name': 'change %', 'value': '0.04'}, {'name': 'LTP', 'value': '1,096.04'}, {'name': '20-Delivery Volume Indicator value', 'value': '1,143,159.00'}]}",OHLC_D_I_20DELVBULL,Above Average Delivery Volume,Stock recorded higher delivery volume in previous trading session,27,Volume & Delivery,"The stock recorded higher delivery volume, and the percentage change in stock price was positive in the previous trading session. This indicates that traders/investors bought the stock and carried it forward as a holding.",,,False,1,N,,OHLC_D_I_20DELVBULL
1784891717,"{'stkname': 'Mirae Nifty8-13', 'ltp': '', 'perChg': '', 'stkId': 'MAGS814938', 'displayLock': 'N', 'scanproflg': 1, 'scUrl': 'etf/miraeassetnifty8-13yrg-secetf/MAGS814938', 'columns': [{'name': 'change %', 'value': '-0.52'}, {'name': 'LTP', 'value': '30.44'}, {'name': '20-Delivery Volume Indicator value', 'value': '26,930.00'}]}",OHLC_D_I_20DELVBULL,Above Average Delivery Volume,Stock recorded higher delivery volume in previous trading session,27,Volume & Delivery,"The stock recorded higher delivery volume, and the percentage change in stock price was positive in the previous trading session. This indicates that traders/investors bought the stock and carried it forward as a holding.",,,False,1,N,,OHLC_D_I_20DELVBULL
1784891717,"{'stkname': 'JB Chemicals', 'ltp': '', 'perChg': '', 'stkId': 'JBC', 'displayLock': 'N', 'scanproflg': 1, 'scUrl': 'pharmaceuticals/jbchemicalspharmaceuticals/JBC01', 'columns': [{'name': 'change %', 'value': '-3.59'}, {'name': 'LTP', 'value': '2,416.10'}, {'name': '20-Delivery Volume Indicator value', 'value': '717,650.00'}]}",OHLC_D_I_20DELVBULL,Above Average Delivery Volume,Stock recorded higher delivery volume in previous trading session,27,Volume & Delivery,"The stock recorded higher delivery volume, and the percentage change in stock price was positive in the previous trading session. This indicates that traders/investors bought the stock and carried it forward as a holding.",,,False,1,N,,OHLC_D_I_20DELVBULL
1784891717,"{'stkname': 'Wonder Elect.', 'ltp': '', 'perChg': '', 'stkId': 'WF03', 'displayLock': 'N', 'scanproflg': 1, 'scUrl': 'electronic-goods/wonderelectricals/WF', 'columns': [{'name': 'change %', 'value': '1.82'}, {'name': 'LTP', 'value': '104.00'}, {'name': '20-Delivery Volume Indicator value', 'value': '885,775.00'}]}",OHLC_D_I_20DELVBULL,Above Average Delivery Volume,Stock recorded higher delivery volume in previous trading session,27,Volume & Delivery,"The stock recorded higher delivery volume, and the percentage change in stock price was positive in the previous trading session. This indicates that traders/investors bought the stock and carried it forward as a holding.",,,False,1,N,,OHLC_D_I_20DELVBULL
1784891717,"{'stkname': 'Laxmi Goldorna', 'ltp': '', 'perChg': '', 'stkId': 'LGHL18475', 'displayLock': 'N', 'scanproflg': 1, 'scUrl': 'trading/laxmigoldornahouse/LGHL18475', 'columns': [{'name': 'change %', 'value': '-2.00'}, {'name': 'LTP', 'value': '222.01'}, {'name': '20-Delivery Volume Indicator value', 'value': '42,473.00'}]}",OHLC_D_I_20DELVBULL,Above Average Delivery Volume,Stock recorded higher delivery volume in previous trading session,27,Volume & Delivery,"The stock recorded higher delivery volume, and the percentage change in stock price was positive in the previous trading session. This indicates that traders/investors bought the stock and carried it forward as a holding.",,,False,1,N,,OHLC_D_I_20DELVBULL
1784891717,"{'stkname': 'Systematix Corp', 'ltp': '', 'perChg': '', 'stkId': 'SCS05', 'displayLock': 'N', 'scanproflg': 1, 'scUrl': 'finance-leasinghire-purchase/systematixcorporateservices/SCS05', 'columns': [{'name': 'change %', 'value': '-9.99'}, {'name': 'LTP', 'value': '56.24'}, {'name': '20-Delivery Volume Indicator value', 'value': '131,147.00'}]}",OHLC_D_I_20DELVBULL,Above Average Delivery Volume,Stock recorded higher delivery volume in previous trading session,27,Volume & Delivery,"The stock recorded higher delivery volume, and the percentage change in stock price was positive in the previous trading session. This indicates that traders/investors bought the stock and carried it forward as a holding.",,,False,1,N,,OHLC_D_I_20DELVBULL
1784891717,"{'stkname': 'IFGL Refractory', 'ltp': '', 'perChg': '', 'stkId': 'IFG', 'displayLock': 'N', 'scanproflg': 1, 'scUrl': 'cement-productsbuilding-materials/ifglrefractories/IFG', 'columns': [{'name': 'change %', 'value': '-6.14'}, {'name': 'LTP', 'value': '131.00'}, {'name': '20-Delivery Volume Indicator value', 'value': '123,415.00'}]}",OHLC_D_I_20DELVBULL,Above Average Delivery Volume,Stock recorded higher delivery volume in previous trading session,27,Volume & Delivery,"The stock recorded higher delivery volume, and the percentage change in stock price was positive in the previous trading session. This indicates that traders/investors bought the stock and carried it forward as a holding.",,,False,1,N,,OHLC_D_I_20DELVBULL
1784891717,"{'stkname': 'Edel Liquid', 'ltp': '', 'perChg': '', 'stkId': 'EN1', 'displayLock': 'N', 'scanproflg': 1, 'scUrl': 'etf/edelweissnifty1drateliquidetf/EN1', 'columns': [{'name': 'change %', 'value': '0.04'}, {'name': 'LTP', 'value': '1,040.91'}, {'name': '10-Volume Indicator value', 'value': '168,927.00'}]}",OHLC_D_I_10DELVBULL,Above Average Volume - Bullish,Stocks experiencing higher-than-average volume today.,27,Volume & Delivery,Stocks experiencing higher-than-average volume today. Todays volume compared to 10 day average volume,,,False,1,N,,OHLC_D_I_10DELVBULL
1784891717,"{'stkname': 'Ipru NiftyBank', 'ltp': '', 'perChg': '', 'stkId': 'IPB01', 'displayLock': 'N', 'scanproflg': 1, 'scUrl': 'etf/iciciprudentialniftybanketf/IPB01', 'columns': [{'name': 'change %', 'value': '0.17'}, {'name': 'LTP', 'value': '58.28'}, {'name': '10-Volume Indicator value', 'value': '632,801.00'}]}",OHLC_D_I_10DELVBULL,Above Average Volume - Bullish,Stocks experiencing higher-than-average volume today.,27,Volume & Delivery,Stocks experiencing higher-than-average volume today. Todays volume compared to 10 day average volume,,,False,1,N,,OHLC_D_I_10DELVBULL
1784891717,"{'stkname': 'BB Apr 32 ETF', 'ltp': '', 'perChg': '', 'stkId': 'BBE02', 'displayLock': 'N', 'scanproflg': 1, 'scUrl': 'etf/bharatbondetf-april2032/BBE02', 'columns': [{'name': 'change %', 'value': '0.55'}, {'name': 'LTP', 'value': '1,355.70'}, {'name': '10-Volume Indicator value', 'value': '3,852.00'}]}",OHLC_D_I_10DELVBULL,Above Average Volume - Bullish,Stocks experiencing higher-than-average volume today.,27,Volume & Delivery,Stocks experiencing higher-than-average volume today. Todays volume compared to 10 day average volume,,,False,1,N,,OHLC_D_I_10DELVBULL
1784891717,"{'stkname': 'GROWWSLVR', 'ltp': '', 'perChg': '', 'stkId': 'GROWW75682', 'displayLock': 'N', 'scanproflg': 1, 'scUrl': 'etf/growwsilveretf/GROWW75682', 'columns': [{'name': 'change %', 'value': '0.05'}, {'name': 'LTP', 'value': '21.64'}, {'name': '10-Volume Indicator value', 'value': '1,793,121.00'}]}",OHLC_D_I_10DELVBULL,Above Average Volume - Bullish,Stocks experiencing higher-than-average volume today.,27,Volume & Delivery,Stocks experiencing higher-than-average volume today. Todays volume compared to 10 day average volume,,,False,1,N,,OHLC_D_I_10DELVBULL
1784891717,"{'stkname': 'BB Apr 30 ETF', 'ltp': '', 'perChg': '', 'stkId': 'EBBET16253', 'displayLock': 'N', 'scanproflg': 1, 'scUrl': 'miscellaneous/bharatbondetf-april2030/EBBET16253', 'columns': [{'name': 'change %', 'value': '0.17'}, {'name': 'LTP', 'value': '1,606.00'}, {'name': '10-Volume Indicator value', 'value': '21,481.00'}]}",OHLC_D_I_10DELVBULL,Above Average Volume - Bullish,Stocks experiencing higher-than-average volume today.,27,Volume & Delivery,Stocks experiencing higher-than-average volume today. Todays volume compared to 10 day average volume,,,False,1,N,,OHLC_D_I_10DELVBULL
1784891717,"{'stkname': 'UTI NIF10GETF', 'ltp': '', 'perChg': '', 'stkId': 'NIF1022524', 'displayLock': 'N', 'scanproflg': 1, 'scUrl': 'etf/utinifty10yrbenchmarkg-secetf/NIF1022524', 'columns': [{'name': 'change %', 'value': '1.06'}, {'name': 'LTP', 'value': '26.72'}, {'name': '10-Volume Indicator value', 'value': '8,727.00'}]}",OHLC_D_I_10DELVBULL,Above Average Volume - Bullish,Stocks experiencing higher-than-average volume today.,27,Volume & Delivery,Stocks experiencing higher-than-average volume today. Todays volume compared to 10 day average volume,,,False,1,N,,OHLC_D_I_10DELVBULL
1784891717,"{'stkname': 'Gr Nifty ETF', 'ltp': '', 'perChg': '', 'stkId': 'GN5', 'displayLock': 'N', 'scanproflg': 1, 'scUrl': 'etf/growwnifty50etf/GN5', 'columns': [{'name': 'change %', 'value': '0.00'}, {'name': 'LTP', 'value': '9.63'}, {'name': '10-Volume Indicator value', 'value': '803,093.00'}]}",OHLC_D_I_10DELVBULL,Above Average Volume - Bullish,Stocks experiencing higher-than-average volume today.,27,Volume & Delivery,Stocks experiencing higher-than-average volume today. Todays volume compared to 10 day average volume,,,False,1,N,,OHLC_D_I_10DELVBULL
1784891717,"{'stkname': 'Gr Next 50', 'ltp': '', 'perChg': '', 'stkId': 'GNN', 'displayLock': 'N', 'scanproflg': 1, 'scUrl': 'etf/growwniftynext50etf/GNN', 'columns': [{'name': 'change %', 'value': '0.04'}, {'name': 'LTP', 'value': '72.50'}, {'name': '10-Volume Indicator value', 'value': '6,343.00'}]}",OHLC_D_I_10DELVBULL,Above Average Volume - Bullish,Stocks experiencing higher-than-average volume today.,27,Volume & Delivery,Stocks experiencing higher-than-average volume today. Todays volume compared to 10 day average volume,,,False,1,N,,OHLC_D_I_10DELVBULL
1784891717,"{'stkname': 'DSP Nifty FMCG', 'ltp': '', 'perChg': '', 'stkId': 'DNF01', 'displayLock': 'N', 'scanproflg': 1, 'scUrl': 'etf/dspniftyfmcgetf/DNF01', 'columns': [{'name': 'change %', 'value': '0.18'}, {'name': 'LTP', 'value': '49.35'}, {'name': '10-Volume Indicator value', 'value': '6,909.00'}]}",OHLC_D_I_10DELVBULL,Above Average Volume - Bullish,Stocks experiencing higher-than-average volume today.,27,Volume & Delivery,Stocks experiencing higher-than-average volume today. Todays volume compared to 10 day average volume,,,False,1,N,,OHLC_D_I_10DELVBULL
1784891717,"{'stkname': 'Ipru Liquid', 'ltp': '', 'perChg': '', 'stkId': 'CASHI30139', 'displayLock': 'N', 'scanproflg': 1, 'scUrl': 'etf/iciciprudentialbseliquidrateetf-growth/CASHI30139', 'columns': [{'name': 'change %', 'value': '0.04'}, {'name': 'LTP', 'value': '1,072.47'}, {'name': '10-Volume Indicator value', 'value': '405,068.00'}]}",OHLC_D_I_10DELVBULL,Above Average Volume - Bullish,Stocks experiencing higher-than-average volume today.,27,Volume & Delivery,Stocks experiencing higher-than-average volume today. Todays volume compared to 10 day average volume,,,False,1,N,,OHLC_D_I_10DELVBULL
1784891717,"{'stkname': 'Edel Mom.Qual', 'ltp': '', 'perChg': '', 'stkId': 'EMULT25996', 'displayLock': 'N', 'scanproflg': 1, 'scUrl': 'etf/edelnifty500multicapmomentumquality50etf/EMULT25996', 'columns': [{'name': 'change %', 'value': '2.55'}, {'name': 'LTP', 'value': '41.88'}, {'name': '10-Volume Indicator value', 'value': '61,477.00'}]}",OHLC_D_I_10DELVBULL,Above Average Volume - Bullish,Stocks experiencing higher-than-average volume today.,27,Volume & Delivery,Stocks experiencing higher-than-average volume today. Todays volume compared to 10 day average volume,,,False,1,N,,OHLC_D_I_10DELVBULL
1784891717,"{'stkname': 'Gr Nifty200', 'ltp': '', 'perChg': '', 'stkId': 'GROWW29872', 'displayLock': 'N', 'scanproflg': 1, 'scUrl': 'etf/growwnifty200etf/GROWW29872', 'columns': [{'name': 'change %', 'value': '0.89'}, {'name': 'LTP', 'value': '11.35'}, {'name': '10-Volume Indicator value', 'value': '78,967.00'}]}",OHLC_D_I_10DELVBULL,Above Average Volume - Bullish,Stocks experiencing higher-than-average volume today.,27,Volume & Delivery,Stocks experiencing higher-than-average volume today. Todays volume compared to 10 day average volume,,,False,1,N,,OHLC_D_I_10DELVBULL
1784891717,"{'stkname': 'Adani Green Ene', 'ltp': '', 'perChg': '', 'stkId': 'ADANI54145', 'displayLock': 'N', 'scanproflg': 1, 'scUrl': 'power-generationdistribution/adanigreenenergylimited/ADANI54145', 'columns': [{'name': 'change %', 'value': '1.15'}, {'name': 'LTP', 'value': '1,395.80'}, {'name': '10-Volume Indicator value', 'value': '5,247,012.00'}]}",OHLC_D_I_10DELVBULL,Above Average Volume - Bullish,Stocks experiencing higher-than-average volume today.,27,Volume & Delivery,Stocks experiencing higher-than-average volume today. Todays volume compared to 10 day average volume,,,False,1,N,,OHLC_D_I_10DELVBULL
1784891717,"{'stkname': 'Gr Nift Metals', 'ltp': '', 'perChg': '', 'stkId': 'GNM', 'displayLock': 'N', 'scanproflg': 1, 'scUrl': 'etf/growwniftymetaletf/GNM', 'columns': [{'name': 'change %', 'value': '0.08'}, {'name': 'LTP', 'value': '11.87'}, {'name': '10-Volume Indicator value', 'value': '396,225.00'}]}",OHLC_D_I_10DELVBULL,Above Average Volume - Bullish,Stocks experiencing higher-than-average volume today.,27,Volume & Delivery,Stocks experiencing higher-than-average volume today. Todays volume compared to 10 day average volume,,,False,1,N,,OHLC_D_I_10DELVBULL
1784891717,"{'stkname': 'Gr BSE Power', 'ltp': '', 'perChg': '', 'stkId': 'GBP02', 'displayLock': 'N', 'scanproflg': 1, 'scUrl': 'etf/growwbsepoweretf/GBP02', 'columns': [{'name': 'change %', 'value': '1.02'}, {'name': 'LTP', 'value': '11.85'}, {'name': '10-Volume Indicator value', 'value': '2,368,194.00'}]}",OHLC_D_I_10DELVBULL,Above Average Volume - Bullish,Stocks experiencing higher-than-average volume today.,27,Volume & Delivery,Stocks experiencing higher-than-average volume today. Todays volume compared to 10 day average volume,,,False,1,N,,OHLC_D_I_10DELVBULL
1784891717,"{'stkname': 'Gr PSU Bank', 'ltp': '', 'perChg': '', 'stkId': 'GNP02', 'displayLock': 'N', 'scanproflg': 1, 'scUrl': 'etf/growwniftypsubanketf/GNP01', 'columns': [{'name': 'change %', 'value': '1.24'}, {'name': 'LTP', 'value': '84.00'}, {'name': '10-Volume Indicator value', 'value': '13,646.00'}]}",OHLC_D_I_10DELVBULL,Above Average Volume - Bullish,Stocks experiencing higher-than-average volume today.,27,Volume & Delivery,Stocks experiencing higher-than-average volume today. Todays volume compared to 10 day average volume,,,False,1,N,,OHLC_D_I_10DELVBULL
1784891717,"{'stkname': 'CSM Technologie', 'ltp': '', 'perChg': '', 'stkId': 'CTL05', 'displayLock': 'N', 'scanproflg': 1, 'scUrl': 'it-servicesconsulting/csmtechnologies/CTL05', 'columns': [{'name': 'change %', 'value': '2.58'}, {'name': 'LTP', 'value': '99.49'}, {'name': '10-Volume Indicator value', 'value': '489,852.00'}]}",OHLC_D_I_10DELVBULL,Above Average Volume - Bullish,Stocks experiencing higher-than-average volume today.,27,Volume & Delivery,Stocks experiencing higher-than-average volume today. Todays volume compared to 10 day average volume,,,False,1,N,,OHLC_D_I_10DELVBULL
1784891717,"{'stkname': 'Radaan Media', 'ltp': '', 'perChg': '', 'stkId': 'RMW', 'displayLock': 'N', 'scanproflg': 1, 'scUrl': 'mediaentertainment/radaanmediaworksindia/RMW', 'columns': [{'name': 'change %', 'value': '2.41'}, {'name': 'LTP', 'value': '2.98'}, {'name': '10-Volume Indicator value', 'value': '19,992.00'}]}",OHLC_D_I_10DELVBULL,Above Average Volume - Bullish,Stocks experiencing higher-than-average volume today.,27,Volume & Delivery,Stocks experiencing higher-than-average volume today. Todays volume compared to 10 day average volume,,,False,1,N,,OHLC_D_I_10DELVBULL
1784891717,"{'stkname': 'Tips Films', 'ltp': '', 'perChg': '', 'stkId': 'TF15', 'displayLock': 'N', 'scanproflg': 1, 'scUrl': 'film-production-distributionentertainment/tipsfilms/TF14', 'columns': [{'name': 'change %', 'value': '5.31'}, {'name': 'LTP', 'value': '395.00'}, {'name': '10-Volume Indicator value', 'value': '390,500.00'}]}",OHLC_D_I_10DELVBULL,Above Average Volume - Bullish,Stocks experiencing higher-than-average volume today.,27,Volume & Delivery,Stocks experiencing higher-than-average volume today. Todays volume compared to 10 day average volume,,,False,1,N,,OHLC_D_I_10DELVBULL
1784891717,"{'stkname': 'Creative Eye', 'ltp': '', 'perChg': '', 'stkId': 'CE08', 'displayLock': 'N', 'scanproflg': 1, 'scUrl': 'mediaentertainment/creativeeye/CE08', 'columns': [{'name': 'change %', 'value': '14.41'}, {'name': 'LTP', 'value': '6.83'}, {'name': '10-Volume Indicator value', 'value': '446,920.00'}]}",OHLC_D_I_10DELVBULL,Above Average Volume - Bullish,Stocks experiencing higher-than-average volume today.,27,Volume & Delivery,Stocks experiencing higher-than-average volume today. Todays volume compared to 10 day average volume,,,False,1,N,,OHLC_D_I_10DELVBULL
1784891717,"{'stkname': 'Next Mediaworks', 'ltp': '', 'perChg': '', 'stkId': 'MDM01', 'displayLock': 'N', 'scanproflg': 1, 'scUrl': 'mediaentertainment/nextmediaworks/MDM01', 'columns': [{'name': 'change %', 'value': '2.63'}, {'name': 'LTP', 'value': '3.90'}, {'name': '10-Volume Indicator value', 'value': '22,745.00'}]}",OHLC_D_I_10DELVBULL,Above Average Volume - Bullish,Stocks experiencing higher-than-average volume today.,27,Volume & Delivery,Stocks experiencing higher-than-average volume today. Todays volume compared to 10 day average volume,,,False,1,N,,OHLC_D_I_10DELVBULL
1784891717,"{'stkname': 'Omnitech Engine', 'ltp': '', 'perChg': '', 'stkId': 'OEL', 'displayLock': 'N', 'scanproflg': 1, 'scUrl': 'engineering-industrial-equipments/omnitechengineering/OEL', 'columns': [{'name': 'change %', 'value': '2.92'}, {'name': 'LTP', 'value': '609.00'}, {'name': '10-Volume Indicator value', 'value': '563,993.00'}]}",OHLC_D_I_10DELVBULL,Above Average Volume - Bullish,Stocks experiencing higher-than-average volume today.,27,Volume & Delivery,Stocks experiencing higher-than-average volume today. Todays volume compared to 10 day average volume,,,False,1,N,,OHLC_D_I_10DELVBULL
1784891717,"{'stkname': 'Vedanta Oil', 'ltp': '', 'perChg': '', 'stkId': 'VOGL', 'displayLock': 'N', 'scanproflg': 1, 'scUrl': 'refineries/vedantaoilgas/VOGL', 'columns': [{'name': 'change %', 'value': '5.06'}, {'name': 'LTP', 'value': '34.44'}, {'name': '10-Volume Indicator value', 'value': '4.27'}]}",OHLC_D_I_10DELVBULL,Above Average Volume - Bullish,Stocks experiencing higher-than-average volume today.,27,Volume & Delivery,Stocks experiencing higher-than-average volume today. Todays volume compared to 10 day average volume,,,False,1,N,,OHLC_D_I_10DELVBULL
1784891717,"{'stkname': 'Raymond Life', 'ltp': '', 'perChg': '', 'stkId': 'RLL01', 'displayLock': 'N', 'scanproflg': 1, 'scUrl': 'textilesapparel/raymondlifestyle/RLL01', 'columns': [{'name': 'change %', 'value': '0.13'}, {'name': 'LTP', 'value': '716.85'}, {'name': '10-Volume Indicator value', 'value': '77,616.00'}]}",OHLC_D_I_10DELVBULL,Above Average Volume - Bullish,Stocks experiencing higher-than-average volume today.,27,Volume & Delivery,Stocks experiencing higher-than-average volume today. Todays volume compared to 10 day average volume,,,False,1,N,,OHLC_D_I_10DELVBULL
1784891717,"{'stkname': 'RHI Magnesita', 'ltp': '', 'perChg': '', 'stkId': 'OR01', 'displayLock': 'N', 'scanproflg': 1, 'scUrl': 'cement-productsbuilding-materials/rhimagnesitaindia/OR01', 'columns': [{'name': 'change %', 'value': '1.35'}, {'name': 'LTP', 'value': '400.95'}, {'name': '10-Volume Indicator value', 'value': '744,839.00'}]}",OHLC_D_I_10DELVBULL,Above Average Volume - Bullish,Stocks experiencing higher-than-average volume today.,27,Volume & Delivery,Stocks experiencing higher-than-average volume today. Todays volume compared to 10 day average volume,,,False,1,N,,OHLC_D_I_10DELVBULL
1784891717,"{'stkname': 'WPIL', 'ltp': '', 'perChg': '', 'stkId': 'WPI', 'displayLock': 'N', 'scanproflg': 1, 'scUrl': 'pumps/wpil/WPI', 'columns': [{'name': 'change %', 'value': '0.03'}, {'name': 'LTP', 'value': '442.70'}, {'name': '10-Volume Indicator value', 'value': '683,298.00'}]}",OHLC_D_I_10DELVBULL,Above Average Volume - Bullish,Stocks experiencing higher-than-average volume today.,27,Volume & Delivery,Stocks experiencing higher-than-average volume today. Todays volume compared to 10 day average volume,,,False,1,N,,OHLC_D_I_10DELVBULL
1784891717,"{'stkname': 'SG FINSERVE', 'ltp': '', 'perChg': '', 'stkId': 'MS26', 'displayLock': 'N', 'scanproflg': 1, 'scUrl': 'finance-investment/sgfinserve/MS29', 'columns': [{'name': 'change %', 'value': '6.00'}, {'name': 'LTP', 'value': '703.00'}, {'name': '10-Volume Indicator value', 'value': '2,000,515.00'}]}",OHLC_D_I_10DELVBULL,Above Average Volume - Bullish,Stocks experiencing higher-than-average volume today.,27,Volume & Delivery,Stocks experiencing higher-than-average volume today. Todays volume compared to 10 day average volume,,,False,1,N,,OHLC_D_I_10DELVBULL
1784891717,"{'stkname': 'Kirloskar Ferro', 'ltp': '', 'perChg': '', 'stkId': 'KFI01', 'displayLock': 'N', 'scanproflg': 1, 'scUrl': 'steel-pig-iron/kirloskarferrousindustries/KFI01', 'columns': [{'name': 'change %', 'value': '1.14'}, {'name': 'LTP', 'value': '470.00'}, {'name': '10-Volume Indicator value', 'value': '95,458.00'}]}",OHLC_D_I_10DELVBULL,Above Average Volume - Bullish,Stocks experiencing higher-than-average volume today.,27,Volume & Delivery,Stocks experiencing higher-than-average volume today. Todays volume compared to 10 day average volume,,,False,1,N,,OHLC_D_I_10DELVBULL
1784891717,"{'stkname': 'Protean eGov', 'ltp': '', 'perChg': '', 'stkId': 'PETL', 'displayLock': 'N', 'scanproflg': 1, 'scUrl': 'it-servicesconsulting/proteanegovtechnologies/PeTL', 'columns': [{'name': 'change %', 'value': '3.90'}, {'name': 'LTP', 'value': '594.00'}, {'name': '10-Volume Indicator value', 'value': '488,066.00'}]}",OHLC_D_I_10DELVBULL,Above Average Volume - Bullish,Stocks experiencing higher-than-average volume today.,27,Volume & Delivery,Stocks experiencing higher-than-average volume today. Todays volume compared to 10 day average volume,,,False,1,N,,OHLC_D_I_10DELVBULL
1784891717,"{'stkname': 'Wonderla', 'ltp': '', 'perChg': '', 'stkId': 'WH03', 'displayLock': 'N', 'scanproflg': 1, 'scUrl': 'miscellaneous/wonderlaholidays/WH01', 'columns': [{'name': 'change %', 'value': '1.16'}, {'name': 'LTP', 'value': '470.00'}, {'name': '10-Volume Indicator value', 'value': '50,265.00'}]}",OHLC_D_I_10DELVBULL,Above Average Volume - Bullish,Stocks experiencing higher-than-average volume today.,27,Volume & Delivery,Stocks experiencing higher-than-average volume today. Todays volume compared to 10 day average volume,,,False,1,N,,OHLC_D_I_10DELVBULL
1784891717,"{'stkname': 'Shilchar Techno', 'ltp': '', 'perChg': '', 'stkId': 'SEL07', 'displayLock': 'N', 'scanproflg': 1, 'scUrl': 'electric-equipment/shilchartechnologies/ST21', 'columns': [{'name': 'change %', 'value': '2.50'}, {'name': 'LTP', 'value': '4,225.10'}, {'name': '10-Volume Indicator value', 'value': '35,241.00'}]}",OHLC_D_I_10DELVBULL,Above Average Volume - Bullish,Stocks experiencing higher-than-average volume today.,27,Volume & Delivery,Stocks experiencing higher-than-average volume today. Todays volume compared to 10 day average volume,,,False,1,N,,OHLC_D_I_10DELVBULL
1784891717,"{'stkname': 'Welspun Special', 'ltp': '', 'perChg': '', 'stkId': 'RMG', 'displayLock': 'N', 'scanproflg': 1, 'scUrl': 'steel-tubespipes/welspunspecialtysolutions/RMG', 'columns': [{'name': 'change %', 'value': '3.85'}, {'name': 'LTP', 'value': '51.25'}, {'name': '10-Volume Indicator value', 'value': '752,175.00'}]}",OHLC_D_I_10DELVBULL,Above Average Volume - Bullish,Stocks experiencing higher-than-average volume today.,27,Volume & Delivery,Stocks experiencing higher-than-average volume today. Todays volume compared to 10 day average volume,,,False,1,N,,OHLC_D_I_10DELVBULL
1784891717,"{'stkname': 'Kwality Pharmac', 'ltp': '', 'perChg': '', 'stkId': 'KP11', 'displayLock': 'N', 'scanproflg': 1, 'scUrl': 'pharmaceuticals/kwalitypharmaceuticals/KP', 'columns': [{'name': 'change %', 'value': '4.40'}, {'name': 'LTP', 'value': '2,790.00'}, {'name': '10-Volume Indicator value', 'value': '45,946.00'}]}",OHLC_D_I_10DELVBULL,Above Average Volume - Bullish,Stocks experiencing higher-than-average volume today.,27,Volume & Delivery,Stocks experiencing higher-than-average volume today. Todays volume compared to 10 day average volume,,,False,1,N,,OHLC_D_I_10DELVBULL
1784891717,"{'stkname': 'Nitco', 'ltp': '', 'perChg': '', 'stkId': 'NT01', 'displayLock': 'N', 'scanproflg': 1, 'scUrl': 'ceramicsgranite/nitco/N52', 'columns': [{'name': 'change %', 'value': '1.69'}, {'name': 'LTP', 'value': '104.94'}, {'name': '10-Volume Indicator value', 'value': '695,339.00'}]}",OHLC_D_I_10DELVBULL,Above Average Volume - Bullish,Stocks experiencing higher-than-average volume today.,27,Volume & Delivery,Stocks experiencing higher-than-average volume today. Todays volume compared to 10 day average volume,,,False,1,N,,OHLC_D_I_10DELVBULL
1784891717,"{'stkname': 'SG MART', 'ltp': '', 'perChg': '', 'stkId': 'JTL', 'displayLock': 'N', 'scanproflg': 1, 'scUrl': 'other-construction-materials/sgmart/JTL', 'columns': [{'name': 'change %', 'value': '6.40'}, {'name': 'LTP', 'value': '717.80'}, {'name': '10-Volume Indicator value', 'value': '1,478,157.00'}]}",OHLC_D_I_10DELVBULL,Above Average Volume - Bullish,Stocks experiencing higher-than-average volume today.,27,Volume & Delivery,Stocks experiencing higher-than-average volume today. Todays volume compared to 10 day average volume,,,False,1,N,,OHLC_D_I_10DELVBULL
1784891717,"{'stkname': 'Prostarm Info', 'ltp': '', 'perChg': '', 'stkId': 'PISL02', 'displayLock': 'N', 'scanproflg': 1, 'scUrl': 'electrodeselectrical-equipments/prostarminfosystems/PISL02', 'columns': [{'name': 'change %', 'value': '2.63'}, {'name': 'LTP', 'value': '124.85'}, {'name': '10-Volume Indicator value', 'value': '125,287.00'}]}",OHLC_D_I_10DELVBULL,Above Average Volume - Bullish,Stocks experiencing higher-than-average volume today.,27,Volume & Delivery,Stocks experiencing higher-than-average volume today. Todays volume compared to 10 day average volume,,,False,1,N,,OHLC_D_I_10DELVBULL
1784891717,"{'stkname': 'Indiabulls', 'ltp': '', 'perChg': '', 'stkId': 'IWS', 'displayLock': 'N', 'scanproflg': 1, 'scUrl': 'trading/indiabulls/IWS', 'columns': [{'name': 'change %', 'value': '3.46'}, {'name': 'LTP', 'value': '30.50'}, {'name': '10-Volume Indicator value', 'value': '1.01'}]}",OHLC_D_I_10DELVBULL,Above Average Volume - Bullish,Stocks experiencing higher-than-average volume today.,27,Volume & Delivery,Stocks experiencing higher-than-average volume today. Todays volume compared to 10 day average volume,,,False,1,N,,OHLC_D_I_10DELVBULL
1784891717,"{'stkname': 'Tips Music', 'ltp': '', 'perChg': '', 'stkId': 'TI25', 'displayLock': 'N', 'scanproflg': 1, 'scUrl': 'film-production-distributionentertainment/tipsmusic/TI25', 'columns': [{'name': 'change %', 'value': '3.75'}, {'name': 'LTP', 'value': '702.00'}, {'name': '10-Volume Indicator value', 'value': '3,378,372.00'}]}",OHLC_D_I_10DELVBULL,Above Average Volume - Bullish,Stocks experiencing higher-than-average volume today.,27,Volume & Delivery,Stocks experiencing higher-than-average volume today. Todays volume compared to 10 day average volume,,,False,1,N,,OHLC_D_I_10DELVBULL
1784891717,"{'stkname': 'Jaro Insti Tech', 'ltp': '', 'perChg': '', 'stkId': 'JIOTMARL', 'displayLock': 'N', 'scanproflg': 1, 'scUrl': 'educational-institutions/jaroinstitutetechnologymanagementresear/JIOTMARL', 'columns': [{'name': 'change %', 'value': '2.54'}, {'name': 'LTP', 'value': '474.85'}, {'name': '10-Volume Indicator value', 'value': '86,379.00'}]}",OHLC_D_I_10DELVBULL,Above Average Volume - Bullish,Stocks experiencing higher-than-average volume today.,27,Volume & Delivery,Stocks experiencing higher-than-average volume today. Todays volume compared to 10 day average volume,,,False,1,N,,OHLC_D_I_10DELVBULL
1784891717,"{'stkname': 'GNG Electronics', 'ltp': '', 'perChg': '', 'stkId': 'GEL01', 'displayLock': 'N', 'scanproflg': 1, 'scUrl': 'electronic-goods/gngelectronics/GEL01', 'columns': [{'name': 'change %', 'value': '5.00'}, {'name': 'LTP', 'value': '572.35'}, {'name': '10-Volume Indicator value', 'value': '594,220.00'}]}",OHLC_D_I_10DELVBULL,Above Average Volume - Bullish,Stocks experiencing higher-than-average volume today.,27,Volume & Delivery,Stocks experiencing higher-than-average volume today. Todays volume compared to 10 day average volume,,,False,1,N,,OHLC_D_I_10DELVBULL
1784891717,"{'stkname': 'Rashi Periphera', 'ltp': '', 'perChg': '', 'stkId': 'RPL04', 'displayLock': 'N', 'scanproflg': 1, 'scUrl': 'miscellaneous/rashiperipherals/RPL04', 'columns': [{'name': 'change %', 'value': '2.16'}, {'name': 'LTP', 'value': '778.00'}, {'name': '10-Volume Indicator value', 'value': '511,463.00'}]}",OHLC_D_I_10DELVBULL,Above Average Volume - Bullish,Stocks experiencing higher-than-average volume today.,27,Volume & Delivery,Stocks experiencing higher-than-average volume today. Todays volume compared to 10 day average volume,,,False,1,N,,OHLC_D_I_10DELVBULL
1784891717,"{'stkname': 'All Time Plasti', 'ltp': '', 'perChg': '', 'stkId': 'ATP01', 'displayLock': 'N', 'scanproflg': 1, 'scUrl': 'plastic-products/alltimeplastics/ATP01', 'columns': [{'name': 'change %', 'value': '0.29'}, {'name': 'LTP', 'value': '224.51'}, {'name': '10-Volume Indicator value', 'value': '71,801.00'}]}",OHLC_D_I_10DELVBULL,Above Average Volume - Bullish,Stocks experiencing higher-than-average volume today.,27,Volume & Delivery,Stocks experiencing higher-than-average volume today. Todays volume compared to 10 day average volume,,,False,1,N,,OHLC_D_I_10DELVBULL
1784891717,"{'stkname': 'Clean Max Envir', 'ltp': '', 'perChg': '', 'stkId': 'CMEESL', 'displayLock': 'N', 'scanproflg': 1, 'scUrl': 'renewables/cleanmaxenviroenergysolutions/CMEESL', 'columns': [{'name': 'change %', 'value': '0.07'}, {'name': 'LTP', 'value': '1,426.00'}, {'name': '10-Volume Indicator value', 'value': '162,285.00'}]}",OHLC_D_I_10DELVBULL,Above Average Volume - Bullish,Stocks experiencing higher-than-average volume today.,27,Volume & Delivery,Stocks experiencing higher-than-average volume today. Todays volume compared to 10 day average volume,,,False,1,N,,OHLC_D_I_10DELVBULL
1784891717,"{'stkname': 'Sri Lotus Devel', 'ltp': '', 'perChg': '', 'stkId': 'SLDRL', 'displayLock': 'N', 'scanproflg': 1, 'scUrl': 'construction-residentialcommercial-complexes/srilotusdevelopersrealty/SLDRL', 'columns': [{'name': 'change %', 'value': '3.85'}, {'name': 'LTP', 'value': '180.26'}, {'name': '10-Volume Indicator value', 'value': '1.32'}]}",OHLC_D_I_10DELVBULL,Above Average Volume - Bullish,Stocks experiencing higher-than-average volume today.,27,Volume & Delivery,Stocks experiencing higher-than-average volume today. Todays volume compared to 10 day average volume,,,False,1,N,,OHLC_D_I_10DELVBULL
1784891717,"{'stkname': 'Elpro Int', 'ltp': '', 'perChg': '', 'stkId': 'EI03', 'displayLock': 'N', 'scanproflg': 1, 'scUrl': 'electric-equipment/elprointernational/EI03', 'columns': [{'name': 'change %', 'value': '0.85'}, {'name': 'LTP', 'value': '176.50'}, {'name': '10-Volume Indicator value', 'value': '74,371.00'}]}",OHLC_D_I_10DELVBULL,Above Average Volume - Bullish,Stocks experiencing higher-than-average volume today.,27,Volume & Delivery,Stocks experiencing higher-than-average volume today. Todays volume compared to 10 day average volume,,,False,1,N,,OHLC_D_I_10DELVBULL
1784891717,"{'stkname': 'Shanti Gold', 'ltp': '', 'perChg': '', 'stkId': 'SGIL', 'displayLock': 'N', 'scanproflg': 1, 'scUrl': 'diamondjewellery/shantigoldinternational/SGIL', 'columns': [{'name': 'change %', 'value': '2.22'}, {'name': 'LTP', 'value': '211.76'}, {'name': '10-Volume Indicator value', 'value': '1,110,892.00'}]}",OHLC_D_I_10DELVBULL,Above Average Volume - Bullish,Stocks experiencing higher-than-average volume today.,27,Volume & Delivery,Stocks experiencing higher-than-average volume today. Todays volume compared to 10 day average volume,,,False,1,N,,OHLC_D_I_10DELVBULL
1784891717,"{'stkname': 'SRM Contractors', 'ltp': '', 'perChg': '', 'stkId': 'SCL14', 'displayLock': 'N', 'scanproflg': 1, 'scUrl': 'engineering-construction/srmcontractors/SCL14', 'columns': [{'name': 'change %', 'value': '0.74'}, {'name': 'LTP', 'value': '506.15'}, {'name': '10-Volume Indicator value', 'value': '75,111.00'}]}",OHLC_D_I_10DELVBULL,Above Average Volume - Bullish,Stocks experiencing higher-than-average volume today.,27,Volume & Delivery,Stocks experiencing higher-than-average volume today. Todays volume compared to 10 day average volume,,,False,1,N,,OHLC_D_I_10DELVBULL
1784891717,"{'stkname': 'Enviro Infra', 'ltp': '', 'perChg': '', 'stkId': 'EIEL', 'displayLock': 'N', 'scanproflg': 1, 'scUrl': 'engineering-industrial-equipments/enviroinfraengineers/EIEL', 'columns': [{'name': 'change %', 'value': '0.91'}, {'name': 'LTP', 'value': '219.59'}, {'name': '10-Volume Indicator value', 'value': '1,651,564.00'}]}",OHLC_D_I_10DELVBULL,Above Average Volume - Bullish,Stocks experiencing higher-than-average volume today.,27,Volume & Delivery,Stocks experiencing higher-than-average volume today. Todays volume compared to 10 day average volume,,,False,1,N,,OHLC_D_I_10DELVBULL
1784891717,"{'stkname': 'Deepak Builders', 'ltp': '', 'perChg': '', 'stkId': 'DBEIL', 'displayLock': 'N', 'scanproflg': 1, 'scUrl': 'construction-residentialcommercial-complexes/deepakbuildersengineersindia/DBEIL', 'columns': [{'name': 'change %', 'value': '1.39'}, {'name': 'LTP', 'value': '7.28'}, {'name': '10-Volume Indicator value', 'value': '202,332.00'}]}",OHLC_D_I_10DELVBULL,Above Average Volume - Bullish,Stocks experiencing higher-than-average volume today.,27,Volume & Delivery,Stocks experiencing higher-than-average volume today. Todays volume compared to 10 day average volume,,,False,1,N,,OHLC_D_I_10DELVBULL
1784891717,"{'stkname': 'Manba Finance', 'ltp': '', 'perChg': '', 'stkId': 'MFL08', 'displayLock': 'N', 'scanproflg': 1, 'scUrl': 'finance-investment/manbafinance/MFL08', 'columns': [{'name': 'change %', 'value': '0.49'}, {'name': 'LTP', 'value': '137.76'}, {'name': '10-Volume Indicator value', 'value': '188,188.00'}]}",OHLC_D_I_10DELVBULL,Above Average Volume - Bullish,Stocks experiencing higher-than-average volume today.,27,Volume & Delivery,Stocks experiencing higher-than-average volume today. Todays volume compared to 10 day average volume,,,False,1,N,,OHLC_D_I_10DELVBULL
1784891717,"{'stkname': 'Credo Brands Ma', 'ltp': '', 'perChg': '', 'stkId': 'CBML', 'displayLock': 'N', 'scanproflg': 1, 'scUrl': 'textilesapparel/credobrandsmarketing/CBML', 'columns': [{'name': 'change %', 'value': '0.74'}, {'name': 'LTP', 'value': '83.99'}, {'name': '10-Volume Indicator value', 'value': '80,898.00'}]}",OHLC_D_I_10DELVBULL,Above Average Volume - Bullish,Stocks experiencing higher-than-average volume today.,27,Volume & Delivery,Stocks experiencing higher-than-average volume today. Todays volume compared to 10 day average volume,,,False,1,N,,OHLC_D_I_10DELVBULL
1784891717,"{'stkname': 'Corona Remedies', 'ltp': '', 'perChg': '', 'stkId': 'CRL02', 'displayLock': 'N', 'scanproflg': 1, 'scUrl': 'miscellaneous/coronaremedies/CRL02', 'columns': [{'name': 'change %', 'value': '3.73'}, {'name': 'LTP', 'value': '2,105.40'}, {'name': '10-Volume Indicator value', 'value': '61,596.00'}]}",OHLC_D_I_10DELVBULL,Above Average Volume - Bullish,Stocks experiencing higher-than-average volume today.,27,Volume & Delivery,Stocks experiencing higher-than-average volume today. Todays volume compared to 10 day average volume,,,False,1,N,,OHLC_D_I_10DELVBULL
1784891717,"{'stkname': 'DEE Development', 'ltp': '', 'perChg': '', 'stkId': 'DDEL', 'displayLock': 'N', 'scanproflg': 1, 'scUrl': 'ironsteel/deedevelopmentengineers/DDEL', 'columns': [{'name': 'change %', 'value': '0.64'}, {'name': 'LTP', 'value': '652.00'}, {'name': '10-Volume Indicator value', 'value': '127,992.00'}]}",OHLC_D_I_10DELVBULL,Above Average Volume - Bullish,Stocks experiencing higher-than-average volume today.,27,Volume & Delivery,Stocks experiencing higher-than-average volume today. Todays volume compared to 10 day average volume,,,False,1,N,,OHLC_D_I_10DELVBULL
1784891717,"{'stkname': 'ESAF SFB', 'ltp': '', 'perChg': '', 'stkId': 'ESF02', 'displayLock': 'N', 'scanproflg': 1, 'scUrl': 'bank-private/esafsmallfinancebank/ESF02', 'columns': [{'name': 'change %', 'value': '8.83'}, {'name': 'LTP', 'value': '38.69'}, {'name': '10-Volume Indicator value', 'value': '1.15'}]}",OHLC_D_I_10DELVBULL,Above Average Volume - Bullish,Stocks experiencing higher-than-average volume today.,27,Volume & Delivery,Stocks experiencing higher-than-average volume today. Todays volume compared to 10 day average volume,,,False,1,N,,OHLC_D_I_10DELVBULL
1784891717,"{'stkname': 'Fabtech Tech', 'ltp': '', 'perChg': '', 'stkId': 'FTL03', 'displayLock': 'N', 'scanproflg': 1, 'scUrl': 'engineering-industrial-equipments/fabtechtechnologies/FTL03', 'columns': [{'name': 'change %', 'value': '2.93'}, {'name': 'LTP', 'value': '152.95'}, {'name': '10-Volume Indicator value', 'value': '192,316.00'}]}",OHLC_D_I_10DELVBULL,Above Average Volume - Bullish,Stocks experiencing higher-than-average volume today.,27,Volume & Delivery,Stocks experiencing higher-than-average volume today. Todays volume compared to 10 day average volume,,,False,1,N,,OHLC_D_I_10DELVBULL
1784891717,"{'stkname': 'Sanstar', 'ltp': '', 'perChg': '', 'stkId': 'SL22', 'displayLock': 'N', 'scanproflg': 1, 'scUrl': 'miscellaneous/sanstar/SL23', 'columns': [{'name': 'change %', 'value': '3.34'}, {'name': 'LTP', 'value': '109.49'}, {'name': '10-Volume Indicator value', 'value': '204,824.00'}]}",OHLC_D_I_10DELVBULL,Above Average Volume - Bullish,Stocks experiencing higher-than-average volume today.,27,Volume & Delivery,Stocks experiencing higher-than-average volume today. Todays volume compared to 10 day average volume,,,False,1,N,,OHLC_D_I_10DELVBULL
1784891717,"{'stkname': 'Bluestone Jewel', 'ltp': '', 'perChg': '', 'stkId': 'BJL', 'displayLock': 'N', 'scanproflg': 1, 'scUrl': 'diamondjewellery/bluestonejewellerylifestyle/BJL', 'columns': [{'name': 'change %', 'value': '4.28'}, {'name': 'LTP', 'value': '779.00'}, {'name': '10-Volume Indicator value', 'value': '2.60'}]}",OHLC_D_I_10DELVBULL,Above Average Volume - Bullish,Stocks experiencing higher-than-average volume today.,27,Volume & Delivery,Stocks experiencing higher-than-average volume today. Todays volume compared to 10 day average volume,,,False,1,N,,OHLC_D_I_10DELVBULL
1784891717,"{'stkname': 'Euro Pratik', 'ltp': '', 'perChg': '', 'stkId': 'EPS', 'displayLock': 'N', 'scanproflg': 1, 'scUrl': 'laminatesdecoratives/europratiksales/EPS', 'columns': [{'name': 'change %', 'value': '2.59'}, {'name': 'LTP', 'value': '304.45'}, {'name': '10-Volume Indicator value', 'value': '164,872.00'}]}",OHLC_D_I_10DELVBULL,Above Average Volume - Bullish,Stocks experiencing higher-than-average volume today.,27,Volume & Delivery,Stocks experiencing higher-than-average volume today. Todays volume compared to 10 day average volume,,,False,1,N,,OHLC_D_I_10DELVBULL
1784891717,"{'stkname': 'Happy Forgings', 'ltp': '', 'perChg': '', 'stkId': 'HFL03', 'displayLock': 'N', 'scanproflg': 1, 'scUrl': 'metals-castingsforgings/happyforgings/HFL02', 'columns': [{'name': 'change %', 'value': '1.98'}, {'name': 'LTP', 'value': '1,619.90'}, {'name': '10-Volume Indicator value', 'value': '57,249.00'}]}",OHLC_D_I_10DELVBULL,Above Average Volume - Bullish,Stocks experiencing higher-than-average volume today.,27,Volume & Delivery,Stocks experiencing higher-than-average volume today. Todays volume compared to 10 day average volume,,,False,1,N,,OHLC_D_I_10DELVBULL
1784891717,"{'stkname': 'Medi Assist Hea', 'ltp': '', 'perChg': '', 'stkId': 'MAH01', 'displayLock': 'N', 'scanproflg': 1, 'scUrl': 'hospitalhealthcare-services/mediassisthealthcareservices/MAH01', 'columns': [{'name': 'change %', 'value': '0.67'}, {'name': 'LTP', 'value': '340.50'}, {'name': '10-Volume Indicator value', 'value': '99,737.00'}]}",OHLC_D_I_10DELVBULL,Above Average Volume - Bullish,Stocks experiencing higher-than-average volume today.,27,Volume & Delivery,Stocks experiencing higher-than-average volume today. Todays volume compared to 10 day average volume,,,False,1,N,,OHLC_D_I_10DELVBULL
1784891717,"{'stkname': 'Transrail Light', 'ltp': '', 'perChg': '', 'stkId': 'TLL01', 'displayLock': 'N', 'scanproflg': 1, 'scUrl': 'engineering-construction/transraillighting/TLL01', 'columns': [{'name': 'change %', 'value': '1.03'}, {'name': 'LTP', 'value': '485.90'}, {'name': '10-Volume Indicator value', 'value': '314,430.00'}]}",OHLC_D_I_10DELVBULL,Above Average Volume - Bullish,Stocks experiencing higher-than-average volume today.,27,Volume & Delivery,Stocks experiencing higher-than-average volume today. Todays volume compared to 10 day average volume,,,False,1,N,,OHLC_D_I_10DELVBULL
1784891717,"{'stkname': 'BLS E-Services', 'ltp': '', 'perChg': '', 'stkId': 'BEL', 'displayLock': 'N', 'scanproflg': 1, 'scUrl': 'online-services/blse-services/BEL', 'columns': [{'name': 'change %', 'value': '8.02'}, {'name': 'LTP', 'value': '284.60'}, {'name': '10-Volume Indicator value', 'value': '4,955,135.00'}]}",OHLC_D_I_10DELVBULL,Above Average Volume - Bullish,Stocks experiencing higher-than-average volume today.,27,Volume & Delivery,Stocks experiencing higher-than-average volume today. Todays volume compared to 10 day average volume,,,False,1,N,,OHLC_D_I_10DELVBULL
1784891717,"{'stkname': 'DOMS Industries', 'ltp': '', 'perChg': '', 'stkId': 'DIL03', 'displayLock': 'N', 'scanproflg': 1, 'scUrl': 'printingstationery/domsindustries/DIL04', 'columns': [{'name': 'change %', 'value': '0.35'}, {'name': 'LTP', 'value': '2,238.00'}, {'name': '10-Volume Indicator value', 'value': '50,195.00'}]}",OHLC_D_I_10DELVBULL,Above Average Volume - Bullish,Stocks experiencing higher-than-average volume today.,27,Volume & Delivery,Stocks experiencing higher-than-average volume today. Todays volume compared to 10 day average volume,,,False,1,N,,OHLC_D_I_10DELVBULL
1784891717,"{'stkname': 'R K Swamy', 'ltp': '', 'perChg': '', 'stkId': 'SL21', 'displayLock': 'N', 'scanproflg': 1, 'scUrl': 'misc-commercial-services/rkswamy/SL22', 'columns': [{'name': 'change %', 'value': '1.14'}, {'name': 'LTP', 'value': '101.00'}, {'name': '10-Volume Indicator value', 'value': '82,974.00'}]}",OHLC_D_I_10DELVBULL,Above Average Volume - Bullish,Stocks experiencing higher-than-average volume today.,27,Volume & Delivery,Stocks experiencing higher-than-average volume today. Todays volume compared to 10 day average volume,,,False,1,N,,OHLC_D_I_10DELVBULL
1784891717,"{'stkname': 'ACME Solar', 'ltp': '', 'perChg': '', 'stkId': 'ASH02', 'displayLock': 'N', 'scanproflg': 1, 'scUrl': 'power-generationdistribution/acmesolarholdings/ASH02', 'columns': [{'name': 'change %', 'value': '0.67'}, {'name': 'LTP', 'value': '365.50'}, {'name': '10-Volume Indicator value', 'value': '2,103,525.00'}]}",OHLC_D_I_10DELVBULL,Above Average Volume - Bullish,Stocks experiencing higher-than-average volume today.,27,Volume & Delivery,Stocks experiencing higher-than-average volume today. Todays volume compared to 10 day average volume,,,False,1,N,,OHLC_D_I_10DELVBULL
1784891717,"{'stkname': 'GPT Healthcare', 'ltp': '', 'perChg': '', 'stkId': 'GHL02', 'displayLock': 'N', 'scanproflg': 1, 'scUrl': 'hospitalhealthcare-services/gpthealthcare/GHL02', 'columns': [{'name': 'change %', 'value': '2.07'}, {'name': 'LTP', 'value': '160.00'}, {'name': '10-Volume Indicator value', 'value': '518,270.00'}]}",OHLC_D_I_10DELVBULL,Above Average Volume - Bullish,Stocks experiencing higher-than-average volume today.,27,Volume & Delivery,Stocks experiencing higher-than-average volume today. Todays volume compared to 10 day average volume,,,False,1,N,,OHLC_D_I_10DELVBULL
1784891717,"{'stkname': 'ASK Auto', 'ltp': '', 'perChg': '', 'stkId': 'AAL02', 'displayLock': 'N', 'scanproflg': 1, 'scUrl': 'auto-ancillaries-brakes/askautomotive/AAL02', 'columns': [{'name': 'change %', 'value': '1.37'}, {'name': 'LTP', 'value': '509.85'}, {'name': '10-Volume Indicator value', 'value': '512,621.00'}]}",OHLC_D_I_10DELVBULL,Above Average Volume - Bullish,Stocks experiencing higher-than-average volume today.,27,Volume & Delivery,Stocks experiencing higher-than-average volume today. Todays volume compared to 10 day average volume,,,False,1,N,,OHLC_D_I_10DELVBULL
1784891717,"{'stkname': 'Ecos India Mobi', 'ltp': '', 'perChg': '', 'stkId': 'EIMHL', 'displayLock': 'N', 'scanproflg': 1, 'scUrl': 'travel-services/ecosindiamobilityhospitality/EIMHL', 'columns': [{'name': 'change %', 'value': '1.16'}, {'name': 'LTP', 'value': '128.60'}, {'name': '10-Volume Indicator value', 'value': '31,563.00'}]}",OHLC_D_I_10DELVBULL,Above Average Volume - Bullish,Stocks experiencing higher-than-average volume today.,27,Volume & Delivery,Stocks experiencing higher-than-average volume today. Todays volume compared to 10 day average volume,,,False,1,N,,OHLC_D_I_10DELVBULL
1784891717,"{'stkname': 'Azad Eng', 'ltp': '', 'perChg': '', 'stkId': 'AEL03', 'displayLock': 'N', 'scanproflg': 1, 'scUrl': 'aerospacedefence/azadengineering/AEL02', 'columns': [{'name': 'change %', 'value': '3.80'}, {'name': 'LTP', 'value': '2,437.00'}, {'name': '10-Volume Indicator value', 'value': '686,917.00'}]}",OHLC_D_I_10DELVBULL,Above Average Volume - Bullish,Stocks experiencing higher-than-average volume today.,27,Volume & Delivery,Stocks experiencing higher-than-average volume today. Todays volume compared to 10 day average volume,,,False,1,N,,OHLC_D_I_10DELVBULL
1784891717,"{'stkname': 'Ambika Cotton', 'ltp': '', 'perChg': '', 'stkId': 'ACM04', 'displayLock': 'N', 'scanproflg': 1, 'scUrl': 'textiles-spinning-cotton-blended/ambikacottonmills/ACM04', 'columns': [{'name': 'change %', 'value': '0.12'}, {'name': 'LTP', 'value': '1,699.20'}, {'name': '10-Volume Indicator value', 'value': '22,297.00'}]}",OHLC_D_I_10DELVBULL,Above Average Volume - Bullish,Stocks experiencing higher-than-average volume today.,27,Volume & Delivery,Stocks experiencing higher-than-average volume today. Todays volume compared to 10 day average volume,,,False,1,N,,OHLC_D_I_10DELVBULL
1784891717,"{'stkname': 'Vinyl Chemicals', 'ltp': '', 'perChg': '', 'stkId': 'VCI02', 'displayLock': 'N', 'scanproflg': 1, 'scUrl': 'chemicals/vinylchemicalsindia/VCI02', 'columns': [{'name': 'change %', 'value': '0.41'}, {'name': 'LTP', 'value': '243.00'}, {'name': '10-Volume Indicator value', 'value': '8,317.00'}]}",OHLC_D_I_10DELVBULL,Above Average Volume - Bullish,Stocks experiencing higher-than-average volume today.,27,Volume & Delivery,Stocks experiencing higher-than-average volume today. Todays volume compared to 10 day average volume,,,False,1,N,,OHLC_D_I_10DELVBULL
1784891717,"{'stkname': 'Tilaknagar Ind', 'ltp': '', 'perChg': '', 'stkId': 'TI09', 'displayLock': 'N', 'scanproflg': 1, 'scUrl': 'breweriesdistilleries/tilaknagarindustries/TI09', 'columns': [{'name': 'change %', 'value': '0.50'}, {'name': 'LTP', 'value': '440.15'}, {'name': '10-Volume Indicator value', 'value': '422,260.00'}]}",OHLC_D_I_10DELVBULL,Above Average Volume - Bullish,Stocks experiencing higher-than-average volume today.,27,Volume & Delivery,Stocks experiencing higher-than-average volume today. Todays volume compared to 10 day average volume,,,False,1,N,,OHLC_D_I_10DELVBULL
1784891717,"{'stkname': 'Allied Blenders', 'ltp': '', 'perChg': '', 'stkId': 'ABD', 'displayLock': 'N', 'scanproflg': 1, 'scUrl': 'breweriesdistilleries/alliedblendersdistillers/ABD', 'columns': [{'name': 'change %', 'value': '3.39'}, {'name': 'LTP', 'value': '623.00'}, {'name': '10-Volume Indicator value', 'value': '917,727.00'}]}",OHLC_D_I_10DELVBULL,Above Average Volume - Bullish,Stocks experiencing higher-than-average volume today.,27,Volume & Delivery,Stocks experiencing higher-than-average volume today. Todays volume compared to 10 day average volume,,,False,1,N,,OHLC_D_I_10DELVBULL
1784891717,"{'stkname': 'Sula Vineyards', 'ltp': '', 'perChg': '', 'stkId': 'SV05', 'displayLock': 'N', 'scanproflg': 1, 'scUrl': 'breweriesdistilleries/sulavineyards/SV01', 'columns': [{'name': 'change %', 'value': '0.31'}, {'name': 'LTP', 'value': '149.80'}, {'name': '10-Volume Indicator value', 'value': '323,336.00'}]}",OHLC_D_I_10DELVBULL,Above Average Volume - Bullish,Stocks experiencing higher-than-average volume today.,27,Volume & Delivery,Stocks experiencing higher-than-average volume today. Todays volume compared to 10 day average volume,,,False,1,N,,OHLC_D_I_10DELVBULL
1784891717,"{'stkname': 'Sreeleathers', 'ltp': '', 'perChg': '', 'stkId': 'S18', 'displayLock': 'N', 'scanproflg': 1, 'scUrl': 'leather-products/sreeleathers/S20', 'columns': [{'name': 'change %', 'value': '2.60'}, {'name': 'LTP', 'value': '228.50'}, {'name': '10-Volume Indicator value', 'value': '33,290.00'}]}",OHLC_D_I_10DELVBULL,Above Average Volume - Bullish,Stocks experiencing higher-than-average volume today.,27,Volume & Delivery,Stocks experiencing higher-than-average volume today. Todays volume compared to 10 day average volume,,,False,1,N,,OHLC_D_I_10DELVBULL
1784891717,"{'stkname': 'Vikas Life', 'ltp': '', 'perChg': '', 'stkId': 'VIKAS54265', 'displayLock': 'N', 'scanproflg': 1, 'scUrl': 'miscellaneous/vikaslifecare/VIKAS54265', 'columns': [{'name': 'change %', 'value': '3.13'}, {'name': 'LTP', 'value': '1.32'}, {'name': '10-Volume Indicator value', 'value': '3,298,231.00'}]}",OHLC_D_I_10DELVBULL,Above Average Volume - Bullish,Stocks experiencing higher-than-average volume today.,27,Volume & Delivery,Stocks experiencing higher-than-average volume today. Todays volume compared to 10 day average volume,,,False,1,N,,OHLC_D_I_10DELVBULL
1784891717,"{'stkname': 'Indian Card', 'ltp': '', 'perChg': '', 'stkId': 'ICC01', 'displayLock': 'N', 'scanproflg': 1, 'scUrl': 'textiles-machinery/indiancardclothing/ICC01', 'columns': [{'name': 'change %', 'value': '0.91'}, {'name': 'LTP', 'value': '223.01'}, {'name': '10-Volume Indicator value', 'value': '6,624.00'}]}",OHLC_D_I_10DELVBULL,Above Average Volume - Bullish,Stocks experiencing higher-than-average volume today.,27,Volume & Delivery,Stocks experiencing higher-than-average volume today. Todays volume compared to 10 day average volume,,,False,1,N,,OHLC_D_I_10DELVBULL
1784891717,"{'stkname': 'Nahar Spinning', 'ltp': '', 'perChg': '', 'stkId': 'NSM', 'displayLock': 'N', 'scanproflg': 1, 'scUrl': 'textiles-hosieryknitwear/naharspinningmills/NSM', 'columns': [{'name': 'change %', 'value': '0.64'}, {'name': 'LTP', 'value': '275.50'}, {'name': '10-Volume Indicator value', 'value': '13,925.00'}]}",OHLC_D_I_10DELVBULL,Above Average Volume - Bullish,Stocks experiencing higher-than-average volume today.,27,Volume & Delivery,Stocks experiencing higher-than-average volume today. Todays volume compared to 10 day average volume,,,False,1,N,,OHLC_D_I_10DELVBULL
1784891717,"{'stkname': 'Oswal Pumps', 'ltp': '', 'perChg': '', 'stkId': 'OPL02', 'displayLock': 'N', 'scanproflg': 1, 'scUrl': 'engineering-industrial-equipments/oswalpumps/OPL02', 'columns': [{'name': 'change %', 'value': '5.34'}, {'name': 'LTP', 'value': '356.95'}, {'name': '10-Volume Indicator value', 'value': '1,143,673.00'}]}",OHLC_D_I_10DELVBULL,Above Average Volume - Bullish,Stocks experiencing higher-than-average volume today.,27,Volume & Delivery,Stocks experiencing higher-than-average volume today. Todays volume compared to 10 day average volume,,,False,1,N,,OHLC_D_I_10DELVBULL
1784891717,"{'stkname': 'Creative New', 'ltp': '', 'perChg': '', 'stkId': 'CPD', 'displayLock': 'N', 'scanproflg': 1, 'scUrl': 'miscellaneous/creativenewtech/CPD', 'columns': [{'name': 'change %', 'value': '18.88'}, {'name': 'LTP', 'value': '1,045.00'}, {'name': '10-Volume Indicator value', 'value': '5,645,485.00'}]}",OHLC_D_I_10DELVBULL,Above Average Volume - Bullish,Stocks experiencing higher-than-average volume today.,27,Volume & Delivery,Stocks experiencing higher-than-average volume today. Todays volume compared to 10 day average volume,,,False,1,N,,OHLC_D_I_10DELVBULL
1784891717,"{'stkname': 'KDDL', 'ltp': '', 'perChg': '', 'stkId': 'KD05', 'displayLock': 'N', 'scanproflg': 1, 'scUrl': 'miscellaneous/kddl/KDD', 'columns': [{'name': 'change %', 'value': '2.07'}, {'name': 'LTP', 'value': '3,159.00'}, {'name': '10-Volume Indicator value', 'value': '14,329.00'}]}",OHLC_D_I_10DELVBULL,Above Average Volume - Bullish,Stocks experiencing higher-than-average volume today.,27,Volume & Delivery,Stocks experiencing higher-than-average volume today. Todays volume compared to 10 day average volume,,,False,1,N,,OHLC_D_I_10DELVBULL
1784891717,"{'stkname': 'TataTeleservice', 'ltp': '', 'perChg': '', 'stkId': 'HTC02', 'displayLock': 'N', 'scanproflg': 1, 'scUrl': 'telecommunications-service/tatateleservicesmaharashtra/TTM01', 'columns': [{'name': 'change %', 'value': '0.18'}, {'name': 'LTP', 'value': '39.47'}, {'name': '10-Volume Indicator value', 'value': '3,129,257.00'}]}",OHLC_D_I_10DELVBULL,Above Average Volume - Bullish,Stocks experiencing higher-than-average volume today.,27,Volume & Delivery,Stocks experiencing higher-than-average volume today. Todays volume compared to 10 day average volume,,,False,1,N,,OHLC_D_I_10DELVBULL
1784891717,"{'stkname': 'Transformers', 'ltp': '', 'perChg': '', 'stkId': 'TRI', 'displayLock': 'N', 'scanproflg': 1, 'scUrl': 'power-transmissionequipment/transformersrectifiersindia/TRI', 'columns': [{'name': 'change %', 'value': '0.58'}, {'name': 'LTP', 'value': '295.40'}, {'name': '10-Volume Indicator value', 'value': '2,071,595.00'}]}",OHLC_D_I_10DELVBULL,Above Average Volume - Bullish,Stocks experiencing higher-than-average volume today.,27,Volume & Delivery,Stocks experiencing higher-than-average volume today. Todays volume compared to 10 day average volume,,,False,1,N,,OHLC_D_I_10DELVBULL
1784891717,"{'stkname': 'Dollar Ind', 'ltp': '', 'perChg': '', 'stkId': 'DI27', 'displayLock': 'N', 'scanproflg': 1, 'scUrl': 'textiles-readymade-apparels/dollarindustries/DI29', 'columns': [{'name': 'change %', 'value': '1.57'}, {'name': 'LTP', 'value': '256.30'}, {'name': '10-Volume Indicator value', 'value': '290,755.00'}]}",OHLC_D_I_10DELVBULL,Above Average Volume - Bullish,Stocks experiencing higher-than-average volume today.,27,Volume & Delivery,Stocks experiencing higher-than-average volume today. Todays volume compared to 10 day average volume,,,False,1,N,,OHLC_D_I_10DELVBULL
1784891717,"{'stkname': 'Donear Ind', 'ltp': '', 'perChg': '', 'stkId': 'DI13', 'displayLock': 'N', 'scanproflg': 1, 'scUrl': 'textiles-weaving/donearindustries/DI25', 'columns': [{'name': 'change %', 'value': '2.87'}, {'name': 'LTP', 'value': '86.79'}, {'name': '10-Volume Indicator value', 'value': '12,348.00'}]}",OHLC_D_I_10DELVBULL,Above Average Volume - Bullish,Stocks experiencing higher-than-average volume today.,27,Volume & Delivery,Stocks experiencing higher-than-average volume today. Todays volume compared to 10 day average volume,,,False,1,N,,OHLC_D_I_10DELVBULL
1784891717,"{'stkname': 'VST', 'ltp': '', 'perChg': '', 'stkId': 'VST', 'displayLock': 'N', 'scanproflg': 1, 'scUrl': 'cigarettes/vstindustries/VST', 'columns': [{'name': 'change %', 'value': '1.36'}, {'name': 'LTP', 'value': '231.00'}, {'name': '10-Volume Indicator value', 'value': '337,731.00'}]}",OHLC_D_I_10DELVBULL,Above Average Volume - Bullish,Stocks experiencing higher-than-average volume today.,27,Volume & Delivery,Stocks experiencing higher-than-average volume today. Todays volume compared to 10 day average volume,,,False,1,N,,OHLC_D_I_10DELVBULL
1784891717,"{'stkname': 'Assoc Alcohol', 'ltp': '', 'perChg': '', 'stkId': 'AAB', 'displayLock': 'N', 'scanproflg': 1, 'scUrl': 'breweriesdistilleries/associatedalcoholbreweries/AAB', 'columns': [{'name': 'change %', 'value': '2.19'}, {'name': 'LTP', 'value': '822.00'}, {'name': '10-Volume Indicator value', 'value': '49,137.00'}]}",OHLC_D_I_10DELVBULL,Above Average Volume - Bullish,Stocks experiencing higher-than-average volume today.,27,Volume & Delivery,Stocks experiencing higher-than-average volume today. Todays volume compared to 10 day average volume,,,False,1,N,,OHLC_D_I_10DELVBULL
1784891717,"{'stkname': 'Filatex India', 'ltp': '', 'perChg': '', 'stkId': 'FI06', 'displayLock': 'N', 'scanproflg': 1, 'scUrl': 'textiles-manmade/filatexindia/FI06', 'columns': [{'name': 'change %', 'value': '2.92'}, {'name': 'LTP', 'value': '74.10'}, {'name': '10-Volume Indicator value', 'value': '2.04'}]}",OHLC_D_I_10DELVBULL,Above Average Volume - Bullish,Stocks experiencing higher-than-average volume today.,27,Volume & Delivery,Stocks experiencing higher-than-average volume today. Todays volume compared to 10 day average volume,,,False,1,N,,OHLC_D_I_10DELVBULL
1784891717,"{'stkname': 'Mallcom (India)', 'ltp': '', 'perChg': '', 'stkId': 'MI54', 'displayLock': 'N', 'scanproflg': 1, 'scUrl': 'miscellaneous/mallcomindia/MI59', 'columns': [{'name': 'change %', 'value': '3.04'}, {'name': 'LTP', 'value': '1,032.00'}, {'name': '10-Volume Indicator value', 'value': '3,833.00'}]}",OHLC_D_I_10DELVBULL,Above Average Volume - Bullish,Stocks experiencing higher-than-average volume today.,27,Volume & Delivery,Stocks experiencing higher-than-average volume today. Todays volume compared to 10 day average volume,,,False,1,N,,OHLC_D_I_10DELVBULL
1784891717,"{'stkname': 'Shipping Corp', 'ltp': '', 'perChg': '', 'stkId': 'SCI', 'displayLock': 'N', 'scanproflg': 1, 'scUrl': 'shipping/shippingcorporationindia/SCI', 'columns': [{'name': 'change %', 'value': '2.57'}, {'name': 'LTP', 'value': '275.50'}, {'name': '10-Volume Indicator value', 'value': '2,355,626.00'}]}",OHLC_D_I_10DELVBULL,Above Average Volume - Bullish,Stocks experiencing higher-than-average volume today.,27,Volume & Delivery,Stocks experiencing higher-than-average volume today. Todays volume compared to 10 day average volume,,,False,1,N,,OHLC_D_I_10DELVBULL
1784891717,"{'stkname': 'NAVA', 'ltp': '', 'perChg': '', 'stkId': 'NBF01', 'displayLock': 'N', 'scanproflg': 1, 'scUrl': 'diversified/nava/NBV', 'columns': [{'name': 'change %', 'value': '0.26'}, {'name': 'LTP', 'value': '557.00'}, {'name': '10-Volume Indicator value', 'value': '266,607.00'}]}",OHLC_D_I_10DELVBULL,Above Average Volume - Bullish,Stocks experiencing higher-than-average volume today.,27,Volume & Delivery,Stocks experiencing higher-than-average volume today. Todays volume compared to 10 day average volume,,,False,1,N,,OHLC_D_I_10DELVBULL
1784891717,"{'stkname': 'Urja Global', 'ltp': '', 'perChg': '', 'stkId': 'CCS02', 'displayLock': 'N', 'scanproflg': 1, 'scUrl': 'power-generationdistribution/urjaglobal/UG01', 'columns': [{'name': 'change %', 'value': '2.21'}, {'name': 'LTP', 'value': '9.25'}, {'name': '10-Volume Indicator value', 'value': '841,601.00'}]}",OHLC_D_I_10DELVBULL,Above Average Volume - Bullish,Stocks experiencing higher-than-average volume today.,27,Volume & Delivery,Stocks experiencing higher-than-average volume today. Todays volume compared to 10 day average volume,,,False,1,N,,OHLC_D_I_10DELVBULL
1784891717,"{'stkname': 'Gokaldas Export', 'ltp': '', 'perChg': '', 'stkId': 'GE05', 'displayLock': 'N', 'scanproflg': 1, 'scUrl': 'textiles-readymade-apparels/gokaldasexports/GE05', 'columns': [{'name': 'change %', 'value': '4.52'}, {'name': 'LTP', 'value': '831.00'}, {'name': '10-Volume Indicator value', 'value': '356,797.00'}]}",OHLC_D_I_10DELVBULL,Above Average Volume - Bullish,Stocks experiencing higher-than-average volume today.,27,Volume & Delivery,Stocks experiencing higher-than-average volume today. Todays volume compared to 10 day average volume,,,False,1,N,,OHLC_D_I_10DELVBULL
1784891717,"{'stkname': 'Shaily Engg', 'ltp': '', 'perChg': '', 'stkId': 'SEP01', 'displayLock': 'N', 'scanproflg': 1, 'scUrl': 'trading/shailyengineeringplastics/SEP02', 'columns': [{'name': 'change %', 'value': '0.24'}, {'name': 'LTP', 'value': '2,960.00'}, {'name': '10-Volume Indicator value', 'value': '189,404.00'}]}",OHLC_D_I_10DELVBULL,Above Average Volume - Bullish,Stocks experiencing higher-than-average volume today.,27,Volume & Delivery,Stocks experiencing higher-than-average volume today. Todays volume compared to 10 day average volume,,,False,1,N,,OHLC_D_I_10DELVBULL
1784891717,"{'stkname': 'Bajaj Hindustha', 'ltp': '', 'perChg': '', 'stkId': 'BH', 'displayLock': 'N', 'scanproflg': 1, 'scUrl': 'sugar/bajajhindusthansugar/BH06', 'columns': [{'name': 'change %', 'value': '3.45'}, {'name': 'LTP', 'value': '17.40'}, {'name': '10-Volume Indicator value', 'value': '5,752,223.00'}]}",OHLC_D_I_10DELVBULL,Above Average Volume - Bullish,Stocks experiencing higher-than-average volume today.,27,Volume & Delivery,Stocks experiencing higher-than-average volume today. Todays volume compared to 10 day average volume,,,False,1,N,,OHLC_D_I_10DELVBULL
1784891717,"{'stkname': 'KCP Sugar', 'ltp': '', 'perChg': '', 'stkId': 'KCP01', 'displayLock': 'N', 'scanproflg': 1, 'scUrl': 'sugar/kcpsugarindcorp/KCP01', 'columns': [{'name': 'change %', 'value': '15.34'}, {'name': 'LTP', 'value': '27.90'}, {'name': '10-Volume Indicator value', 'value': '3,946,287.00'}]}",OHLC_D_I_10DELVBULL,Above Average Volume - Bullish,Stocks experiencing higher-than-average volume today.,27,Volume & Delivery,Stocks experiencing higher-than-average volume today. Todays volume compared to 10 day average volume,,,False,1,N,,OHLC_D_I_10DELVBULL
1784891717,"{'stkname': 'Surana Solar', 'ltp': '', 'perChg': '', 'stkId': 'SV04', 'displayLock': 'N', 'scanproflg': 1, 'scUrl': 'electric-equipment/suranasolar/SV05', 'columns': [{'name': 'change %', 'value': '0.42'}, {'name': 'LTP', 'value': '26.25'}, {'name': '10-Volume Indicator value', 'value': '65,632.00'}]}",OHLC_D_I_10DELVBULL,Above Average Volume - Bullish,Stocks experiencing higher-than-average volume today.,27,Volume & Delivery,Stocks experiencing higher-than-average volume today. Todays volume compared to 10 day average volume,,,False,1,N,,OHLC_D_I_10DELVBULL
1784891717,"{'stkname': 'Dredging Corp', 'ltp': '', 'perChg': '', 'stkId': 'DCI', 'displayLock': 'N', 'scanproflg': 1, 'scUrl': 'miscellaneous/dredgingcorporationindia/DCI', 'columns': [{'name': 'change %', 'value': '1.96'}, {'name': 'LTP', 'value': '1,003.90'}, {'name': '10-Volume Indicator value', 'value': '132,937.00'}]}",OHLC_D_I_10DELVBULL,Above Average Volume - Bullish,Stocks experiencing higher-than-average volume today.,27,Volume & Delivery,Stocks experiencing higher-than-average volume today. Todays volume compared to 10 day average volume,,,False,1,N,,OHLC_D_I_10DELVBULL
1784891717,"{'stkname': 'Prince Pipes', 'ltp': '', 'perChg': '', 'stkId': 'PPF', 'displayLock': 'N', 'scanproflg': 1, 'scUrl': 'plastics-tubespipeshosesfittings/princepipesfittings/PPF', 'columns': [{'name': 'change %', 'value': '1.44'}, {'name': 'LTP', 'value': '260.90'}, {'name': '10-Volume Indicator value', 'value': '131,721.00'}]}",OHLC_D_I_10DELVBULL,Above Average Volume - Bullish,Stocks experiencing higher-than-average volume today.,27,Volume & Delivery,Stocks experiencing higher-than-average volume today. Todays volume compared to 10 day average volume,,,False,1,N,,OHLC_D_I_10DELVBULL
1784891717,"{'stkname': 'Kewal Kiran', 'ltp': '', 'perChg': '', 'stkId': 'KKC02', 'displayLock': 'N', 'scanproflg': 1, 'scUrl': 'retail/kewalkiranclothing/KKC02', 'columns': [{'name': 'change %', 'value': '1.03'}, {'name': 'LTP', 'value': '506.00'}, {'name': '10-Volume Indicator value', 'value': '35,688.00'}]}",OHLC_D_I_10DELVBULL,Above Average Volume - Bullish,Stocks experiencing higher-than-average volume today.,27,Volume & Delivery,Stocks experiencing higher-than-average volume today. Todays volume compared to 10 day average volume,,,False,1,N,,OHLC_D_I_10DELVBULL
1784891717,"{'stkname': 'Kingfa Science', 'ltp': '', 'perChg': '', 'stkId': 'HSS', 'displayLock': 'N', 'scanproflg': 1, 'scUrl': 'plastics/kingfasciencetechnology/HSS', 'columns': [{'name': 'change %', 'value': '3.96'}, {'name': 'LTP', 'value': '5,224.00'}, {'name': '10-Volume Indicator value', 'value': '10,453.00'}]}",OHLC_D_I_10DELVBULL,Above Average Volume - Bullish,Stocks experiencing higher-than-average volume today.,27,Volume & Delivery,Stocks experiencing higher-than-average volume today. Todays volume compared to 10 day average volume,,,False,1,N,,OHLC_D_I_10DELVBULL
1784891717,"{'stkname': 'Shree Renuka', 'ltp': '', 'perChg': '', 'stkId': 'SRS03', 'displayLock': 'N', 'scanproflg': 1, 'scUrl': 'sugar/shreerenukasugars/SRS03', 'columns': [{'name': 'change %', 'value': '2.86'}, {'name': 'LTP', 'value': '22.30'}, {'name': '10-Volume Indicator value', 'value': '3,304,359.00'}]}",OHLC_D_I_10DELVBULL,Above Average Volume - Bullish,Stocks experiencing higher-than-average volume today.,27,Volume & Delivery,Stocks experiencing higher-than-average volume today. Todays volume compared to 10 day average volume,,,False,1,N,,OHLC_D_I_10DELVBULL
1784891717,"{'stkname': 'Reliance Power', 'ltp': '', 'perChg': '', 'stkId': 'RP', 'displayLock': 'N', 'scanproflg': 1, 'scUrl': 'power-generationdistribution/reliancepower/RP', 'columns': [{'name': 'change %', 'value': '3.16'}, {'name': 'LTP', 'value': '24.18'}, {'name': '10-Volume Indicator value', 'value': '2.36'}]}",OHLC_D_I_10DELVBULL,Above Average Volume - Bullish,Stocks experiencing higher-than-average volume today.,27,Volume & Delivery,Stocks experiencing higher-than-average volume today. Todays volume compared to 10 day average volume,,,False,1,N,,OHLC_D_I_10DELVBULL
1784891717,"{'stkname': 'Lovable Lingeri', 'ltp': '', 'perChg': '', 'stkId': 'LL05', 'displayLock': 'N', 'scanproflg': 1, 'scUrl': 'textiles-readymade-apparels/lovablelingerie/LL04', 'columns': [{'name': 'change %', 'value': '0.11'}, {'name': 'LTP', 'value': '72.01'}, {'name': '10-Volume Indicator value', 'value': '9,826.00'}]}",OHLC_D_I_10DELVBULL,Above Average Volume - Bullish,Stocks experiencing higher-than-average volume today.,27,Volume & Delivery,Stocks experiencing higher-than-average volume today. Todays volume compared to 10 day average volume,,,False,1,N,,OHLC_D_I_10DELVBULL
1784891717,"{'stkname': 'Mold-Tek Pack', 'ltp': '', 'perChg': '', 'stkId': 'MTP02', 'displayLock': 'N', 'scanproflg': 1, 'scUrl': 'plastics/mold-tekpackaging/MTP01', 'columns': [{'name': 'change %', 'value': '2.42'}, {'name': 'LTP', 'value': '731.00'}, {'name': '10-Volume Indicator value', 'value': '93,240.00'}]}",OHLC_D_I_10DELVBULL,Above Average Volume - Bullish,Stocks experiencing higher-than-average volume today.,27,Volume & Delivery,Stocks experiencing higher-than-average volume today. Todays volume compared to 10 day average volume,,,False,1,N,,OHLC_D_I_10DELVBULL
1784891717,"{'stkname': 'GRP', 'ltp': '', 'perChg': '', 'stkId': 'GRR', 'displayLock': 'N', 'scanproflg': 1, 'scUrl': 'rubber/grp/GRR', 'columns': [{'name': 'change %', 'value': '2.05'}, {'name': 'LTP', 'value': '2,013.00'}, {'name': '10-Volume Indicator value', 'value': '20,374.00'}]}",OHLC_D_I_10DELVBULL,Above Average Volume - Bullish,Stocks experiencing higher-than-average volume today.,27,Volume & Delivery,Stocks experiencing higher-than-average volume today. Todays volume compared to 10 day average volume,,,False,1,N,,OHLC_D_I_10DELVBULL
1784891717,"{'stkname': 'Finolex Ind', 'ltp': '', 'perChg': '', 'stkId': 'FI', 'displayLock': 'N', 'scanproflg': 1, 'scUrl': 'petrochemicals/finolexindustries/FI', 'columns': [{'name': 'change %', 'value': '2.54'}, {'name': 'LTP', 'value': '164.00'}, {'name': '10-Volume Indicator value', 'value': '746,042.00'}]}",OHLC_D_I_10DELVBULL,Above Average Volume - Bullish,Stocks experiencing higher-than-average volume today.,27,Volume & Delivery,Stocks experiencing higher-than-average volume today. Todays volume compared to 10 day average volume,,,False,1,N,,OHLC_D_I_10DELVBULL
1784891717,"{'stkname': 'Rattan Power', 'ltp': '', 'perChg': '', 'stkId': 'IP08', 'displayLock': 'N', 'scanproflg': 1, 'scUrl': 'power-generationdistribution/rattanindiapower/IP09', 'columns': [{'name': 'change %', 'value': '1.87'}, {'name': 'LTP', 'value': '8.70'}, {'name': '10-Volume Indicator value', 'value': '2.42'}]}",OHLC_D_I_10DELVBULL,Above Average Volume - Bullish,Stocks experiencing higher-than-average volume today.,27,Volume & Delivery,Stocks experiencing higher-than-average volume today. Todays volume compared to 10 day average volume,,,False,1,N,,OHLC_D_I_10DELVBULL
1784891717,"{'stkname': 'Orient Green', 'ltp': '', 'perChg': '', 'stkId': 'OGP', 'displayLock': 'N', 'scanproflg': 1, 'scUrl': 'power-generationdistribution/orientgreenpowercompany/OGP', 'columns': [{'name': 'change %', 'value': '1.21'}, {'name': 'LTP', 'value': '10.02'}, {'name': '10-Volume Indicator value', 'value': '3,076,111.00'}]}",OHLC_D_I_10DELVBULL,Above Average Volume - Bullish,Stocks experiencing higher-than-average volume today.,27,Volume & Delivery,Stocks experiencing higher-than-average volume today. Todays volume compared to 10 day average volume,,,False,1,N,,OHLC_D_I_10DELVBULL
1784891717,"{'stkname': 'Astron Paper', 'ltp': '', 'perChg': '', 'stkId': 'APB', 'displayLock': 'N', 'scanproflg': 1, 'scUrl': 'paperforest-products/astronpaperboardmill/APB', 'columns': [{'name': 'change %', 'value': '0.48'}, {'name': 'LTP', 'value': '4.15'}, {'name': '10-Volume Indicator value', 'value': '32,421.00'}]}",OHLC_D_I_10DELVBULL,Above Average Volume - Bullish,Stocks experiencing higher-than-average volume today.,27,Volume & Delivery,Stocks experiencing higher-than-average volume today. Todays volume compared to 10 day average volume,,,False,1,N,,OHLC_D_I_10DELVBULL
1784891717,"{'stkname': 'Rushil Decor', 'ltp': '', 'perChg': '', 'stkId': 'RD02', 'displayLock': 'N', 'scanproflg': 1, 'scUrl': 'woodwood-products/rushildecor/RD02', 'columns': [{'name': 'change %', 'value': '6.60'}, {'name': 'LTP', 'value': '18.10'}, {'name': '10-Volume Indicator value', 'value': '2,305,129.00'}]}",OHLC_D_I_10DELVBULL,Above Average Volume - Bullish,Stocks experiencing higher-than-average volume today.,27,Volume & Delivery,Stocks experiencing higher-than-average volume today. Todays volume compared to 10 day average volume,,,False,1,N,,OHLC_D_I_10DELVBULL
1784891717,"{'stkname': 'Hindustan Media', 'ltp': '', 'perChg': '', 'stkId': 'HMV', 'displayLock': 'N', 'scanproflg': 1, 'scUrl': 'mediaentertainment/hindustanmediaventures/HMV', 'columns': [{'name': 'change %', 'value': '5.17'}, {'name': 'LTP', 'value': '93.50'}, {'name': '10-Volume Indicator value', 'value': '102,542.00'}]}",OHLC_D_I_10DELVBULL,Above Average Volume - Bullish,Stocks experiencing higher-than-average volume today.,27,Volume & Delivery,Stocks experiencing higher-than-average volume today. Todays volume compared to 10 day average volume,,,False,1,N,,OHLC_D_I_10DELVBULL
1784891717,"{'stkname': 'NR Agarwal', 'ltp': '', 'perChg': '', 'stkId': 'NRA', 'displayLock': 'N', 'scanproflg': 1, 'scUrl': 'paper/nragarwalindustries/NRA', 'columns': [{'name': 'change %', 'value': '5.82'}, {'name': 'LTP', 'value': '516.00'}, {'name': '10-Volume Indicator value', 'value': '123,052.00'}]}",OHLC_D_I_10DELVBULL,Above Average Volume - Bullish,Stocks experiencing higher-than-average volume today.,27,Volume & Delivery,Stocks experiencing higher-than-average volume today. Todays volume compared to 10 day average volume,,,False,1,N,,OHLC_D_I_10DELVBULL
1784891717,"{'stkname': 'Wendt', 'ltp': '', 'perChg': '', 'stkId': 'WI05', 'displayLock': 'N', 'scanproflg': 1, 'scUrl': 'abrasives/wendtindia/WI05', 'columns': [{'name': 'change %', 'value': '9.75'}, {'name': 'LTP', 'value': '8,150.00'}, {'name': '10-Volume Indicator value', 'value': '43,877.00'}]}",OHLC_D_I_10DELVBULL,Above Average Volume - Bullish,Stocks experiencing higher-than-average volume today.,27,Volume & Delivery,Stocks experiencing higher-than-average volume today. Todays volume compared to 10 day average volume,,,False,1,N,,OHLC_D_I_10DELVBULL
1784891717,"{'stkname': 'MPS', 'ltp': '', 'perChg': '', 'stkId': 'MI31', 'displayLock': 'N', 'scanproflg': 1, 'scUrl': 'printingstationery/mps/MI31', 'columns': [{'name': 'change %', 'value': '5.42'}, {'name': 'LTP', 'value': '2,786.00'}, {'name': '10-Volume Indicator value', 'value': '381,274.00'}]}",OHLC_D_I_10DELVBULL,Above Average Volume - Bullish,Stocks experiencing higher-than-average volume today.,27,Volume & Delivery,Stocks experiencing higher-than-average volume today. Todays volume compared to 10 day average volume,,,False,1,N,,OHLC_D_I_10DELVBULL
1784891717,"{'stkname': 'Sanofi India', 'ltp': '', 'perChg': '', 'stkId': 'HMR', 'displayLock': 'N', 'scanproflg': 1, 'scUrl': 'pharmaceuticals/sanofiindia/AP26', 'columns': [{'name': 'change %', 'value': '0.25'}, {'name': 'LTP', 'value': '3,402.90'}, {'name': '10-Volume Indicator value', 'value': '28,487.00'}]}",OHLC_D_I_10DELVBULL,Above Average Volume - Bullish,Stocks experiencing higher-than-average volume today.,27,Volume & Delivery,Stocks experiencing higher-than-average volume today. Todays volume compared to 10 day average volume,,,False,1,N,,OHLC_D_I_10DELVBULL
1784891717,"{'stkname': 'Syncom Formula', 'ltp': '', 'perChg': '', 'stkId': 'SF18', 'displayLock': 'N', 'scanproflg': 1, 'scUrl': 'pharmaceuticals/syncomformulations/SF18', 'columns': [{'name': 'change %', 'value': '0.68'}, {'name': 'LTP', 'value': '13.24'}, {'name': '10-Volume Indicator value', 'value': '1,233,461.00'}]}",OHLC_D_I_10DELVBULL,Above Average Volume - Bullish,Stocks experiencing higher-than-average volume today.,27,Volume & Delivery,Stocks experiencing higher-than-average volume today. Todays volume compared to 10 day average volume,,,False,1,N,,OHLC_D_I_10DELVBULL
1784891717,"{'stkname': 'AstraZeneca', 'ltp': '', 'perChg': '', 'stkId': 'AID', 'displayLock': 'N', 'scanproflg': 1, 'scUrl': 'pharmaceuticals/astrazenecapharma/AZP', 'columns': [{'name': 'change %', 'value': '1.28'}, {'name': 'LTP', 'value': '7,973.00'}, {'name': '10-Volume Indicator value', 'value': '14,165.00'}]}",OHLC_D_I_10DELVBULL,Above Average Volume - Bullish,Stocks experiencing higher-than-average volume today.,27,Volume & Delivery,Stocks experiencing higher-than-average volume today. Todays volume compared to 10 day average volume,,,False,1,N,,OHLC_D_I_10DELVBULL
1784891717,"{'stkname': 'Indian Metals', 'ltp': '', 'perChg': '', 'stkId': 'IMF01', 'displayLock': 'N', 'scanproflg': 1, 'scUrl': 'miningminerals/indianmetalsferroalloys/IMF01', 'columns': [{'name': 'change %', 'value': '0.14'}, {'name': 'LTP', 'value': '1,338.20'}, {'name': '10-Volume Indicator value', 'value': '77,298.00'}]}",OHLC_D_I_10DELVBULL,Above Average Volume - Bullish,Stocks experiencing higher-than-average volume today.,27,Volume & Delivery,Stocks experiencing higher-than-average volume today. Todays volume compared to 10 day average volume,,,False,1,N,,OHLC_D_I_10DELVBULL
1784891717,"{'stkname': 'Astral Ltd', 'ltp': '', 'perChg': '', 'stkId': 'APT02', 'displayLock': 'N', 'scanproflg': 1, 'scUrl': 'plastics/astrallimited/APT02', 'columns': [{'name': 'change %', 'value': '3.30'}, {'name': 'LTP', 'value': '1,460.10'}, {'name': '10-Volume Indicator value', 'value': '1,157,507.00'}]}",OHLC_D_I_10DELVBULL,Above Average Volume - Bullish,Stocks experiencing higher-than-average volume today.,27,Volume & Delivery,Stocks experiencing higher-than-average volume today. Todays volume compared to 10 day average volume,,,False,1,N,,OHLC_D_I_10DELVBULL
1784891717,"{'stkname': 'JTL Ind.', 'ltp': '', 'perChg': '', 'stkId': 'JTL01', 'displayLock': 'N', 'scanproflg': 1, 'scUrl': 'ironsteel/jtlindustries/JTL01', 'columns': [{'name': 'change %', 'value': '1.18'}, {'name': 'LTP', 'value': '72.90'}, {'name': '10-Volume Indicator value', 'value': '2,187,368.00'}]}",OHLC_D_I_10DELVBULL,Above Average Volume - Bullish,Stocks experiencing higher-than-average volume today.,27,Volume & Delivery,Stocks experiencing higher-than-average volume today. Todays volume compared to 10 day average volume,,,False,1,N,,OHLC_D_I_10DELVBULL
1784891717,"{'stkname': 'VRL Logistics', 'ltp': '', 'perChg': '', 'stkId': 'VL08', 'displayLock': 'N', 'scanproflg': 1, 'scUrl': 'transportlogistics/vrllogistics/VL03', 'columns': [{'name': 'change %', 'value': '0.25'}, {'name': 'LTP', 'value': '242.00'}, {'name': '10-Volume Indicator value', 'value': '483,217.00'}]}",OHLC_D_I_10DELVBULL,Above Average Volume - Bullish,Stocks experiencing higher-than-average volume today.,27,Volume & Delivery,Stocks experiencing higher-than-average volume today. Todays volume compared to 10 day average volume,,,False,1,N,,OHLC_D_I_10DELVBULL
1784891717,"{'stkname': 'Bedmutha Ind', 'ltp': '', 'perChg': '', 'stkId': 'BI20', 'displayLock': 'N', 'scanproflg': 1, 'scUrl': 'steel-mediumsmall/bedmuthaindustries/BI05', 'columns': [{'name': 'change %', 'value': '0.55'}, {'name': 'LTP', 'value': '107.00'}, {'name': '10-Volume Indicator value', 'value': '1,628.00'}]}",OHLC_D_I_10DELVBULL,Above Average Volume - Bullish,Stocks experiencing higher-than-average volume today.,27,Volume & Delivery,Stocks experiencing higher-than-average volume today. Todays volume compared to 10 day average volume,,,False,1,N,,OHLC_D_I_10DELVBULL
1784891717,"{'stkname': 'ConfidencePetro', 'ltp': '', 'perChg': '', 'stkId': 'DG01', 'displayLock': 'N', 'scanproflg': 1, 'scUrl': 'miscellaneous/confidencepetroleum/CP10', 'columns': [{'name': 'change %', 'value': '4.97'}, {'name': 'LTP', 'value': '78.15'}, {'name': '10-Volume Indicator value', 'value': '3,043,421.00'}]}",OHLC_D_I_10DELVBULL,Above Average Volume - Bullish,Stocks experiencing higher-than-average volume today.,27,Volume & Delivery,Stocks experiencing higher-than-average volume today. Todays volume compared to 10 day average volume,,,False,1,N,,OHLC_D_I_10DELVBULL
1784891717,"{'stkname': 'Euro Panel', 'ltp': '', 'perChg': '', 'stkId': 'EPP', 'displayLock': 'N', 'scanproflg': 1, 'scUrl': 'aluminiumaluminium-products/europanelproducts/EPP', 'columns': [{'name': 'change %', 'value': '0.46'}, {'name': 'LTP', 'value': '161.51'}, {'name': '10-Volume Indicator value', 'value': '7,550.00'}]}",OHLC_D_I_10DELVBULL,Above Average Volume - Bullish,Stocks experiencing higher-than-average volume today.,27,Volume & Delivery,Stocks experiencing higher-than-average volume today. Todays volume compared to 10 day average volume,,,False,1,N,,OHLC_D_I_10DELVBULL
1784891717,"{'stkname': 'Huhtamaki India', 'ltp': '', 'perChg': '', 'stkId': 'PP', 'displayLock': 'N', 'scanproflg': 1, 'scUrl': 'packaging/huhtamakiindia/PP', 'columns': [{'name': 'change %', 'value': '6.66'}, {'name': 'LTP', 'value': '317.20'}, {'name': '10-Volume Indicator value', 'value': '6,078,678.00'}]}",OHLC_D_I_10DELVBULL,Above Average Volume - Bullish,Stocks experiencing higher-than-average volume today.,27,Volume & Delivery,Stocks experiencing higher-than-average volume today. Todays volume compared to 10 day average volume,,,False,1,N,,OHLC_D_I_10DELVBULL
1784891717,"{'stkname': 'Castrol', 'ltp': '', 'perChg': '', 'stkId': 'CI01', 'displayLock': 'N', 'scanproflg': 1, 'scUrl': 'lubricants/castrolindia/CI01', 'columns': [{'name': 'change %', 'value': '0.06'}, {'name': 'LTP', 'value': '185.41'}, {'name': '10-Volume Indicator value', 'value': '1,334,968.00'}]}",OHLC_D_I_10DELVBULL,Above Average Volume - Bullish,Stocks experiencing higher-than-average volume today.,27,Volume & Delivery,Stocks experiencing higher-than-average volume today. Todays volume compared to 10 day average volume,,,False,1,N,,OHLC_D_I_10DELVBULL
1784891717,"{'stkname': 'Manaksia Steels', 'ltp': '', 'perChg': '', 'stkId': 'MS24', 'displayLock': 'N', 'scanproflg': 1, 'scUrl': 'steel-large/manaksiasteels/MS27', 'columns': [{'name': 'change %', 'value': '1.20'}, {'name': 'LTP', 'value': '71.92'}, {'name': '10-Volume Indicator value', 'value': '36,251.00'}]}",OHLC_D_I_10DELVBULL,Above Average Volume - Bullish,Stocks experiencing higher-than-average volume today.,27,Volume & Delivery,Stocks experiencing higher-than-average volume today. Todays volume compared to 10 day average volume,,,False,1,N,,OHLC_D_I_10DELVBULL
1784891717,"{'stkname': 'Bodhi Tree Mult', 'ltp': '', 'perChg': '', 'stkId': 'BTM04', 'displayLock': 'N', 'scanproflg': 1, 'scUrl': 'tv-broadcastingsoftware-production/bodhitreemultimedia/BTM04', 'columns': [{'name': 'change %', 'value': '15.13'}, {'name': 'LTP', 'value': '7.00'}, {'name': '10-Volume Indicator value', 'value': '3,265,103.00'}]}",OHLC_D_I_10DELVBULL,Above Average Volume - Bullish,Stocks experiencing higher-than-average volume today.,27,Volume & Delivery,Stocks experiencing higher-than-average volume today. Todays volume compared to 10 day average volume,,,False,1,N,,OHLC_D_I_10DELVBULL
1784891717,"{'stkname': 'MOIL', 'ltp': '', 'perChg': '', 'stkId': 'M11', 'displayLock': 'N', 'scanproflg': 1, 'scUrl': 'miningminerals/moil/M18', 'columns': [{'name': 'change %', 'value': '1.51'}, {'name': 'LTP', 'value': '269.50'}, {'name': '10-Volume Indicator value', 'value': '515,443.00'}]}",OHLC_D_I_10DELVBULL,Above Average Volume - Bullish,Stocks experiencing higher-than-average volume today.,27,Volume & Delivery,Stocks experiencing higher-than-average volume today. Todays volume compared to 10 day average volume,,,False,1,N,,OHLC_D_I_10DELVBULL
1784891717,"{'stkname': 'Shivalik Bimeta', 'ltp': '', 'perChg': '', 'stkId': 'SBC', 'displayLock': 'N', 'scanproflg': 1, 'scUrl': 'steel-mediumsmall/shivalikbimetalcontrols/SBC01', 'columns': [{'name': 'change %', 'value': '0.37'}, {'name': 'LTP', 'value': '755.90'}, {'name': '10-Volume Indicator value', 'value': '329,365.00'}]}",OHLC_D_I_10DELVBULL,Above Average Volume - Bullish,Stocks experiencing higher-than-average volume today.,27,Volume & Delivery,Stocks experiencing higher-than-average volume today. Todays volume compared to 10 day average volume,,,False,1,N,,OHLC_D_I_10DELVBULL
1784891717,"{'stkname': 'KPR Mill', 'ltp': '', 'perChg': '', 'stkId': 'M09', 'displayLock': 'N', 'scanproflg': 1, 'scUrl': 'textiles-readymade-apparels/kprmill/M15', 'columns': [{'name': 'change %', 'value': '2.71'}, {'name': 'LTP', 'value': '1,061.40'}, {'name': '10-Volume Indicator value', 'value': '458,187.00'}]}",OHLC_D_I_10DELVBULL,Above Average Volume - Bullish,Stocks experiencing higher-than-average volume today.,27,Volume & Delivery,Stocks experiencing higher-than-average volume today. Todays volume compared to 10 day average volume,,,False,1,N,,OHLC_D_I_10DELVBULL
1784891717,"{'stkname': 'Pyramid Techno', 'ltp': '', 'perChg': '', 'stkId': 'PT10', 'displayLock': 'N', 'scanproflg': 1, 'scUrl': 'containerspackaging/pyramidtechnoplast/PT12', 'columns': [{'name': 'change %', 'value': '0.05'}, {'name': 'LTP', 'value': '163.00'}, {'name': '10-Volume Indicator value', 'value': '41,365.00'}]}",OHLC_D_I_10DELVBULL,Above Average Volume - Bullish,Stocks experiencing higher-than-average volume today.,27,Volume & Delivery,Stocks experiencing higher-than-average volume today. Todays volume compared to 10 day average volume,,,False,1,N,,OHLC_D_I_10DELVBULL
1784891717,"{'stkname': 'GP Petroleums', 'ltp': '', 'perChg': '', 'stkId': 'SP36', 'displayLock': 'N', 'scanproflg': 1, 'scUrl': 'lubricants/gppetroleums/SP36', 'columns': [{'name': 'change %', 'value': '5.00'}, {'name': 'LTP', 'value': '43.28'}, {'name': '10-Volume Indicator value', 'value': '320,256.00'}]}",OHLC_D_I_10DELVBULL,Above Average Volume - Bullish,Stocks experiencing higher-than-average volume today.,27,Volume & Delivery,Stocks experiencing higher-than-average volume today. Todays volume compared to 10 day average volume,,,False,1,N,,OHLC_D_I_10DELVBULL
1784891717,"{'stkname': 'Hitech Corp', 'ltp': '', 'perChg': '', 'stkId': 'HTP', 'displayLock': 'N', 'scanproflg': 1, 'scUrl': 'plastics/hitechcorporation/HP08', 'columns': [{'name': 'change %', 'value': '0.58'}, {'name': 'LTP', 'value': '321.00'}, {'name': '10-Volume Indicator value', 'value': '21,896.00'}]}",OHLC_D_I_10DELVBULL,Above Average Volume - Bullish,Stocks experiencing higher-than-average volume today.,27,Volume & Delivery,Stocks experiencing higher-than-average volume today. Todays volume compared to 10 day average volume,,,False,1,N,,OHLC_D_I_10DELVBULL
1784891717,"{'stkname': 'Orissa Minerals', 'ltp': '', 'perChg': '', 'stkId': 'OMD', 'displayLock': 'N', 'scanproflg': 1, 'scUrl': 'miningminerals/orissamineralsdevelopmentcompany/OMD', 'columns': [{'name': 'change %', 'value': '2.23'}, {'name': 'LTP', 'value': '3,729.90'}, {'name': '10-Volume Indicator value', 'value': '9,040.00'}]}",OHLC_D_I_10DELVBULL,Above Average Volume - Bullish,Stocks experiencing higher-than-average volume today.,27,Volume & Delivery,Stocks experiencing higher-than-average volume today. Todays volume compared to 10 day average volume,,,False,1,N,,OHLC_D_I_10DELVBULL
1784891717,"{'stkname': 'Raj Television', 'ltp': '', 'perChg': '', 'stkId': 'RTN', 'displayLock': 'N', 'scanproflg': 1, 'scUrl': 'mediaentertainment/rajtelevisionnetwork/RTN', 'columns': [{'name': 'change %', 'value': '0.59'}, {'name': 'LTP', 'value': '11.99'}, {'name': '10-Volume Indicator value', 'value': '29,485.00'}]}",OHLC_D_I_10DELVBULL,Above Average Volume - Bullish,Stocks experiencing higher-than-average volume today.,27,Volume & Delivery,Stocks experiencing higher-than-average volume today. Todays volume compared to 10 day average volume,,,False,1,N,,OHLC_D_I_10DELVBULL
1784891717,"{'stkname': 'Dish TV', 'ltp': '', 'perChg': '', 'stkId': 'DTV', 'displayLock': 'N', 'scanproflg': 1, 'scUrl': 'mediaentertainment/dishtvindia/DTV', 'columns': [{'name': 'change %', 'value': '1.06'}, {'name': 'LTP', 'value': '2.85'}, {'name': '10-Volume Indicator value', 'value': '660,683.00'}]}",OHLC_D_I_10DELVBULL,Above Average Volume - Bullish,Stocks experiencing higher-than-average volume today.,27,Volume & Delivery,Stocks experiencing higher-than-average volume today. Todays volume compared to 10 day average volume,,,False,1,N,,OHLC_D_I_10DELVBULL
1784891717,"{'stkname': 'TVS Supply', 'ltp': '', 'perChg': '', 'stkId': 'TSC03', 'displayLock': 'N', 'scanproflg': 1, 'scUrl': 'logistics/tvssupplychainsolutions/TSC03', 'columns': [{'name': 'change %', 'value': '0.54'}, {'name': 'LTP', 'value': '133.00'}, {'name': '10-Volume Indicator value', 'value': '401,302.00'}]}",OHLC_D_I_10DELVBULL,Above Average Volume - Bullish,Stocks experiencing higher-than-average volume today.,27,Volume & Delivery,Stocks experiencing higher-than-average volume today. Todays volume compared to 10 day average volume,,,False,1,N,,OHLC_D_I_10DELVBULL
1784891717,"{'stkname': 'Cineline India', 'ltp': '', 'perChg': '', 'stkId': 'CI38', 'displayLock': 'N', 'scanproflg': 1, 'scUrl': 'mediaentertainment/cinelineindia/CI38', 'columns': [{'name': 'change %', 'value': '8.35'}, {'name': 'LTP', 'value': '87.03'}, {'name': '10-Volume Indicator value', 'value': '93,509.00'}]}",OHLC_D_I_10DELVBULL,Above Average Volume - Bullish,Stocks experiencing higher-than-average volume today.,27,Volume & Delivery,Stocks experiencing higher-than-average volume today. Todays volume compared to 10 day average volume,,,False,1,N,,OHLC_D_I_10DELVBULL
1784891717,"{'stkname': 'Kamdhenu', 'ltp': '', 'perChg': '', 'stkId': 'KI24', 'displayLock': 'N', 'scanproflg': 1, 'scUrl': 'steel-mediumsmall/kamdhenu/KI24', 'columns': [{'name': 'change %', 'value': '2.09'}, {'name': 'LTP', 'value': '35.70'}, {'name': '10-Volume Indicator value', 'value': '1,445,439.00'}]}",OHLC_D_I_10DELVBULL,Above Average Volume - Bullish,Stocks experiencing higher-than-average volume today.,27,Volume & Delivery,Stocks experiencing higher-than-average volume today. Todays volume compared to 10 day average volume,,,False,1,N,,OHLC_D_I_10DELVBULL
1784891717,"{'stkname': 'Bhagyanagar Ind', 'ltp': '', 'perChg': '', 'stkId': 'BM01', 'displayLock': 'N', 'scanproflg': 1, 'scUrl': 'cables-telephone/bhagyanagarindia/BI23', 'columns': [{'name': 'change %', 'value': '2.33'}, {'name': 'LTP', 'value': '413.00'}, {'name': '10-Volume Indicator value', 'value': '107,866.00'}]}",OHLC_D_I_10DELVBULL,Above Average Volume - Bullish,Stocks experiencing higher-than-average volume today.,27,Volume & Delivery,Stocks experiencing higher-than-average volume today. Todays volume compared to 10 day average volume,,,False,1,N,,OHLC_D_I_10DELVBULL
1784891717,"{'stkname': 'Electrotherm', 'ltp': '', 'perChg': '', 'stkId': 'EI02', 'displayLock': 'N', 'scanproflg': 1, 'scUrl': 'engineering/electrothermindia/EI02', 'columns': [{'name': 'change %', 'value': '1.36'}, {'name': 'LTP', 'value': '1,011.00'}, {'name': '10-Volume Indicator value', 'value': '54,826.00'}]}",OHLC_D_I_10DELVBULL,Above Average Volume - Bullish,Stocks experiencing higher-than-average volume today.,27,Volume & Delivery,Stocks experiencing higher-than-average volume today. Todays volume compared to 10 day average volume,,,False,1,N,,OHLC_D_I_10DELVBULL
1784891717,"{'stkname': 'IRIS RegTech', 'ltp': '', 'perChg': '', 'stkId': 'IBS01', 'displayLock': 'N', 'scanproflg': 1, 'scUrl': 'software/irisregtechsolutions/IBS01', 'columns': [{'name': 'change %', 'value': '2.41'}, {'name': 'LTP', 'value': '242.20'}, {'name': '10-Volume Indicator value', 'value': '42,470.00'}]}",OHLC_D_I_10DELVBULL,Above Average Volume - Bullish,Stocks experiencing higher-than-average volume today.,27,Volume & Delivery,Stocks experiencing higher-than-average volume today. Todays volume compared to 10 day average volume,,,False,1,N,,OHLC_D_I_10DELVBULL
1784891717,"{'stkname': 'Kaya', 'ltp': '', 'perChg': '', 'stkId': 'K03', 'displayLock': 'N', 'scanproflg': 1, 'scUrl': 'miscellaneous/kaya/K03', 'columns': [{'name': 'change %', 'value': '6.34'}, {'name': 'LTP', 'value': '281.80'}, {'name': '10-Volume Indicator value', 'value': '94,336.00'}]}",OHLC_D_I_10DELVBULL,Above Average Volume - Bullish,Stocks experiencing higher-than-average volume today.,27,Volume & Delivery,Stocks experiencing higher-than-average volume today. Todays volume compared to 10 day average volume,,,False,1,N,,OHLC_D_I_10DELVBULL
1784891717,"{'stkname': 'Samhi Hotels', 'ltp': '', 'perChg': '', 'stkId': 'SH17', 'displayLock': 'N', 'scanproflg': 1, 'scUrl': 'hotel-resortrestaurants/samhihotels/SH17', 'columns': [{'name': 'change %', 'value': '3.90'}, {'name': 'LTP', 'value': '176.50'}, {'name': '10-Volume Indicator value', 'value': '1,245,538.00'}]}",OHLC_D_I_10DELVBULL,Above Average Volume - Bullish,Stocks experiencing higher-than-average volume today.,27,Volume & Delivery,Stocks experiencing higher-than-average volume today. Todays volume compared to 10 day average volume,,,False,1,N,,OHLC_D_I_10DELVBULL
1784891717,"{'stkname': 'NIIT', 'ltp': '', 'perChg': '', 'stkId': 'NII', 'displayLock': 'N', 'scanproflg': 1, 'scUrl': 'computers-software-training/niit/NII', 'columns': [{'name': 'change %', 'value': '3.12'}, {'name': 'LTP', 'value': '95.40'}, {'name': '10-Volume Indicator value', 'value': '1,140,687.00'}]}",OHLC_D_I_10DELVBULL,Above Average Volume - Bullish,Stocks experiencing higher-than-average volume today.,27,Volume & Delivery,Stocks experiencing higher-than-average volume today. Todays volume compared to 10 day average volume,,,False,1,N,,OHLC_D_I_10DELVBULL
1784891717,"{'stkname': 'PVR INOX', 'ltp': '', 'perChg': '', 'stkId': 'PVR', 'displayLock': 'N', 'scanproflg': 1, 'scUrl': 'mediaentertainment/pvrinox/PVR', 'columns': [{'name': 'change %', 'value': '4.73'}, {'name': 'LTP', 'value': '1,055.00'}, {'name': '10-Volume Indicator value', 'value': '1,849,480.00'}]}",OHLC_D_I_10DELVBULL,Above Average Volume - Bullish,Stocks experiencing higher-than-average volume today.,27,Volume & Delivery,Stocks experiencing higher-than-average volume today. Todays volume compared to 10 day average volume,,,False,1,N,,OHLC_D_I_10DELVBULL
1784891717,"{'stkname': 'AvenuesAI', 'ltp': '', 'perChg': '', 'stkId': 'IIL03', 'displayLock': 'N', 'scanproflg': 1, 'scUrl': 'online-services/avenuesai/IIL03', 'columns': [{'name': 'change %', 'value': '0.93'}, {'name': 'LTP', 'value': '16.30'}, {'name': '10-Volume Indicator value', 'value': '1.06'}]}",OHLC_D_I_10DELVBULL,Above Average Volume - Bullish,Stocks experiencing higher-than-average volume today.,27,Volume & Delivery,Stocks experiencing higher-than-average volume today. Todays volume compared to 10 day average volume,,,False,1,N,,OHLC_D_I_10DELVBULL
1784891717,"{'stkname': 'Greenlam Ind', 'ltp': '', 'perChg': '', 'stkId': 'GI28', 'displayLock': 'N', 'scanproflg': 1, 'scUrl': 'miscellaneous/greenlamindustries/GI31', 'columns': [{'name': 'change %', 'value': '6.08'}, {'name': 'LTP', 'value': '256.55'}, {'name': '10-Volume Indicator value', 'value': '425,405.00'}]}",OHLC_D_I_10DELVBULL,Above Average Volume - Bullish,Stocks experiencing higher-than-average volume today.,27,Volume & Delivery,Stocks experiencing higher-than-average volume today. Todays volume compared to 10 day average volume,,,False,1,N,,OHLC_D_I_10DELVBULL
1784891717,"{'stkname': 'Archidply Ind', 'ltp': '', 'perChg': '', 'stkId': 'AI42', 'displayLock': 'N', 'scanproflg': 1, 'scUrl': 'miscellaneous/archidplyindustries/AI', 'columns': [{'name': 'change %', 'value': '0.50'}, {'name': 'LTP', 'value': '82.89'}, {'name': '10-Volume Indicator value', 'value': '9,673.00'}]}",OHLC_D_I_10DELVBULL,Above Average Volume - Bullish,Stocks experiencing higher-than-average volume today.,27,Volume & Delivery,Stocks experiencing higher-than-average volume today. Todays volume compared to 10 day average volume,,,False,1,N,,OHLC_D_I_10DELVBULL
1784891717,"{'stkname': 'Dr Lal PathLab', 'ltp': '', 'perChg': '', 'stkId': 'DLP01', 'displayLock': 'N', 'scanproflg': 1, 'scUrl': 'pharmaceuticals/drlalpathlabs/DLP01', 'columns': [{'name': 'change %', 'value': '5.21'}, {'name': 'LTP', 'value': '1,775.00'}, {'name': '10-Volume Indicator value', 'value': '1,445,781.00'}]}",OHLC_D_I_10DELVBULL,Above Average Volume - Bullish,Stocks experiencing higher-than-average volume today.,27,Volume & Delivery,Stocks experiencing higher-than-average volume today. Todays volume compared to 10 day average volume,,,False,1,N,,OHLC_D_I_10DELVBULL
1784891717,"{'stkname': 'Metropolis', 'ltp': '', 'perChg': '', 'stkId': 'MH09', 'displayLock': 'N', 'scanproflg': 1, 'scUrl': 'hospitalsmedical-services/metropolishealthcare/MH06', 'columns': [{'name': 'change %', 'value': '1.33'}, {'name': 'LTP', 'value': '575.00'}, {'name': '10-Volume Indicator value', 'value': '321,877.00'}]}",OHLC_D_I_10DELVBULL,Above Average Volume - Bullish,Stocks experiencing higher-than-average volume today.,27,Volume & Delivery,Stocks experiencing higher-than-average volume today. Todays volume compared to 10 day average volume,,,False,1,N,,OHLC_D_I_10DELVBULL
1784891717,"{'stkname': 'Allied Digital', 'ltp': '', 'perChg': '', 'stkId': 'ADS01', 'displayLock': 'N', 'scanproflg': 1, 'scUrl': 'computers-software-mediumsmall/allieddigitalservices/ADS01', 'columns': [{'name': 'change %', 'value': '2.83'}, {'name': 'LTP', 'value': '117.15'}, {'name': '10-Volume Indicator value', 'value': '560,013.00'}]}",OHLC_D_I_10DELVBULL,Above Average Volume - Bullish,Stocks experiencing higher-than-average volume today.,27,Volume & Delivery,Stocks experiencing higher-than-average volume today. Todays volume compared to 10 day average volume,,,False,1,N,,OHLC_D_I_10DELVBULL
1784891717,"{'stkname': 'Krishna Inst.', 'ltp': '', 'perChg': '', 'stkId': 'KIO01', 'displayLock': 'N', 'scanproflg': 1, 'scUrl': 'hospitalhealthcare-services/krishnainstitutemedicalsciences/KIo01', 'columns': [{'name': 'change %', 'value': '1.72'}, {'name': 'LTP', 'value': '795.00'}, {'name': '10-Volume Indicator value', 'value': '792,411.00'}]}",OHLC_D_I_10DELVBULL,Above Average Volume - Bullish,Stocks experiencing higher-than-average volume today.,27,Volume & Delivery,Stocks experiencing higher-than-average volume today. Todays volume compared to 10 day average volume,,,False,1,N,,OHLC_D_I_10DELVBULL
1784891717,"{'stkname': 'Ritco Logistics', 'ltp': '', 'perChg': '', 'stkId': 'RL06', 'displayLock': 'N', 'scanproflg': 1, 'scUrl': 'transportlogistics/ritcologistics/RL06', 'columns': [{'name': 'change %', 'value': '1.21'}, {'name': 'LTP', 'value': '297.85'}, {'name': '10-Volume Indicator value', 'value': '196,810.00'}]}",OHLC_D_I_10DELVBULL,Above Average Volume - Bullish,Stocks experiencing higher-than-average volume today.,27,Volume & Delivery,Stocks experiencing higher-than-average volume today. Todays volume compared to 10 day average volume,,,False,1,N,,OHLC_D_I_10DELVBULL
1784891717,"{'stkname': 'Aptech', 'ltp': '', 'perChg': '', 'stkId': 'AT14', 'displayLock': 'N', 'scanproflg': 1, 'scUrl': 'computers-software-training/aptech/A11', 'columns': [{'name': 'change %', 'value': '0.99'}, {'name': 'LTP', 'value': '91.80'}, {'name': '10-Volume Indicator value', 'value': '77,392.00'}]}",OHLC_D_I_10DELVBULL,Above Average Volume - Bullish,Stocks experiencing higher-than-average volume today.,27,Volume & Delivery,Stocks experiencing higher-than-average volume today. Todays volume compared to 10 day average volume,,,False,1,N,,OHLC_D_I_10DELVBULL
1784891717,"{'stkname': 'Blue Dart', 'ltp': '', 'perChg': '', 'stkId': 'BDE', 'displayLock': 'N', 'scanproflg': 1, 'scUrl': 'couriers/bluedartexpress/BDE', 'columns': [{'name': 'change %', 'value': '3.03'}, {'name': 'LTP', 'value': '4,910.00'}, {'name': '10-Volume Indicator value', 'value': '35,681.00'}]}",OHLC_D_I_10DELVBULL,Above Average Volume - Bullish,Stocks experiencing higher-than-average volume today.,27,Volume & Delivery,Stocks experiencing higher-than-average volume today. Todays volume compared to 10 day average volume,,,False,1,N,,OHLC_D_I_10DELVBULL
1784891717,"{'stkname': 'Petronet LNG', 'ltp': '', 'perChg': '', 'stkId': 'PLN', 'displayLock': 'N', 'scanproflg': 1, 'scUrl': 'oil-drillingexploration/petronetlng/PLN', 'columns': [{'name': 'change %', 'value': '1.86'}, {'name': 'LTP', 'value': '274.45'}, {'name': '10-Volume Indicator value', 'value': '2,466,871.00'}]}",OHLC_D_I_10DELVBULL,Above Average Volume - Bullish,Stocks experiencing higher-than-average volume today.,27,Volume & Delivery,Stocks experiencing higher-than-average volume today. Todays volume compared to 10 day average volume,,,False,1,N,,OHLC_D_I_10DELVBULL
1784891717,"{'stkname': 'Axiscades Tech', 'ltp': '', 'perChg': '', 'stkId': 'ITT01', 'displayLock': 'N', 'scanproflg': 1, 'scUrl': 'aerospacedefence/axiscadestechnologies/AXI', 'columns': [{'name': 'change %', 'value': '3.24'}, {'name': 'LTP', 'value': '1,613.00'}, {'name': '10-Volume Indicator value', 'value': '149,151.00'}]}",OHLC_D_I_10DELVBULL,Above Average Volume - Bullish,Stocks experiencing higher-than-average volume today.,27,Volume & Delivery,Stocks experiencing higher-than-average volume today. Todays volume compared to 10 day average volume,,,False,1,N,,OHLC_D_I_10DELVBULL
1784891717,"{'stkname': 'Dynacons Sys', 'ltp': '', 'perChg': '', 'stkId': 'DSS01', 'displayLock': 'N', 'scanproflg': 1, 'scUrl': 'computers-software-mediumsmall/dynaconssystemssolutions/DSS01', 'columns': [{'name': 'change %', 'value': '4.99'}, {'name': 'LTP', 'value': '1,240.60'}, {'name': '10-Volume Indicator value', 'value': '33,993.00'}]}",OHLC_D_I_10DELVBULL,Above Average Volume - Bullish,Stocks experiencing higher-than-average volume today.,27,Volume & Delivery,Stocks experiencing higher-than-average volume today. Todays volume compared to 10 day average volume,,,False,1,N,,OHLC_D_I_10DELVBULL
1784891717,"{'stkname': 'United Food', 'ltp': '', 'perChg': '', 'stkId': 'BNH', 'displayLock': 'N', 'scanproflg': 1, 'scUrl': 'consumer-food/unitedfoodbrands/BNH', 'columns': [{'name': 'change %', 'value': '1.81'}, {'name': 'LTP', 'value': '670.00'}, {'name': '10-Volume Indicator value', 'value': '224,856.00'}]}",OHLC_D_I_10DELVBULL,Above Average Volume - Bullish,Stocks experiencing higher-than-average volume today.,27,Volume & Delivery,Stocks experiencing higher-than-average volume today. Todays volume compared to 10 day average volume,,,False,1,N,,OHLC_D_I_10DELVBULL
1784891717,"{'stkname': 'OnMobile Global', 'ltp': '', 'perChg': '', 'stkId': 'OG01', 'displayLock': 'N', 'scanproflg': 1, 'scUrl': 'telecommunications-service/onmobileglobal/OG01', 'columns': [{'name': 'change %', 'value': '3.73'}, {'name': 'LTP', 'value': '61.20'}, {'name': '10-Volume Indicator value', 'value': '97,464.00'}]}",OHLC_D_I_10DELVBULL,Above Average Volume - Bullish,Stocks experiencing higher-than-average volume today.,27,Volume & Delivery,Stocks experiencing higher-than-average volume today. Todays volume compared to 10 day average volume,,,False,1,N,,OHLC_D_I_10DELVBULL
1784891717,"{'stkname': 'SIGMA ADVANCED', 'ltp': '', 'perChg': '', 'stkId': 'M08', 'displayLock': 'N', 'scanproflg': 1, 'scUrl': 'aerospacedefence/sigmaadvancedsystems/M08', 'columns': [{'name': 'change %', 'value': '4.99'}, {'name': 'LTP', 'value': '524.75'}, {'name': '10-Volume Indicator value', 'value': '406,167.00'}]}",OHLC_D_I_10DELVBULL,Above Average Volume - Bullish,Stocks experiencing higher-than-average volume today.,27,Volume & Delivery,Stocks experiencing higher-than-average volume today. Todays volume compared to 10 day average volume,,,False,1,N,,OHLC_D_I_10DELVBULL
1784891717,"{'stkname': 'Softtech Engine', 'ltp': '', 'perChg': '', 'stkId': 'SE26', 'displayLock': 'N', 'scanproflg': 1, 'scUrl': 'computers-software/softtechengineers/SE24', 'columns': [{'name': 'change %', 'value': '0.90'}, {'name': 'LTP', 'value': '418.80'}, {'name': '10-Volume Indicator value', 'value': '2,430.00'}]}",OHLC_D_I_10DELVBULL,Above Average Volume - Bullish,Stocks experiencing higher-than-average volume today.,27,Volume & Delivery,Stocks experiencing higher-than-average volume today. Todays volume compared to 10 day average volume,,,False,1,N,,OHLC_D_I_10DELVBULL
1784891717,"{'stkname': 'Tejas Networks', 'ltp': '', 'perChg': '', 'stkId': 'TN', 'displayLock': 'N', 'scanproflg': 1, 'scUrl': 'telecommunications-equipment/tejasnetworks/TN', 'columns': [{'name': 'change %', 'value': '0.95'}, {'name': 'LTP', 'value': '502.00'}, {'name': '10-Volume Indicator value', 'value': '1,819,482.00'}]}",OHLC_D_I_10DELVBULL,Above Average Volume - Bullish,Stocks experiencing higher-than-average volume today.,27,Volume & Delivery,Stocks experiencing higher-than-average volume today. Todays volume compared to 10 day average volume,,,False,1,N,,OHLC_D_I_10DELVBULL
1784891717,"{'stkname': 'Thyrocare Techn', 'ltp': '', 'perChg': '', 'stkId': 'TT14', 'displayLock': 'N', 'scanproflg': 1, 'scUrl': 'hospitalsmedical-services/thyrocaretechnologies/TT16', 'columns': [{'name': 'change %', 'value': '3.67'}, {'name': 'LTP', 'value': '565.25'}, {'name': '10-Volume Indicator value', 'value': '1.21'}]}",OHLC_D_I_10DELVBULL,Above Average Volume - Bullish,Stocks experiencing higher-than-average volume today.,27,Volume & Delivery,Stocks experiencing higher-than-average volume today. Todays volume compared to 10 day average volume,,,False,1,N,,OHLC_D_I_10DELVBULL
1784891717,"{'stkname': 'Asian Hotels', 'ltp': '', 'perChg': '', 'stkId': 'AH', 'displayLock': 'N', 'scanproflg': 1, 'scUrl': 'hotels/asianhotelsnorth/AH', 'columns': [{'name': 'change %', 'value': '6.53'}, {'name': 'LTP', 'value': '310.00'}, {'name': '10-Volume Indicator value', 'value': '542,609.00'}]}",OHLC_D_I_10DELVBULL,Above Average Volume - Bullish,Stocks experiencing higher-than-average volume today.,27,Volume & Delivery,Stocks experiencing higher-than-average volume today. Todays volume compared to 10 day average volume,,,False,1,N,,OHLC_D_I_10DELVBULL
1784891717,"{'stkname': 'D-Link India', 'ltp': '', 'perChg': '', 'stkId': 'DLI01', 'displayLock': 'N', 'scanproflg': 1, 'scUrl': 'computers-hardware/d-linkindia/DLI01', 'columns': [{'name': 'change %', 'value': '2.84'}, {'name': 'LTP', 'value': '453.30'}, {'name': '10-Volume Indicator value', 'value': '172,989.00'}]}",OHLC_D_I_10DELVBULL,Above Average Volume - Bullish,Stocks experiencing higher-than-average volume today.,27,Volume & Delivery,Stocks experiencing higher-than-average volume today. Todays volume compared to 10 day average volume,,,False,1,N,,OHLC_D_I_10DELVBULL
1784891717,"{'stkname': 'Dodla Dairy', 'ltp': '', 'perChg': '', 'stkId': 'DD02', 'displayLock': 'N', 'scanproflg': 1, 'scUrl': 'consumer-food/dodladairy/DD01', 'columns': [{'name': 'change %', 'value': '2.37'}, {'name': 'LTP', 'value': '1,061.90'}, {'name': '10-Volume Indicator value', 'value': '18,671.00'}]}",OHLC_D_I_10DELVBULL,Above Average Volume - Bullish,Stocks experiencing higher-than-average volume today.,27,Volume & Delivery,Stocks experiencing higher-than-average volume today. Todays volume compared to 10 day average volume,,,False,1,N,,OHLC_D_I_10DELVBULL
1784891717,"{'stkname': 'Emkay Global', 'ltp': '', 'perChg': '', 'stkId': 'ESS01', 'displayLock': 'N', 'scanproflg': 1, 'scUrl': 'finance-general/emkayglobalfinancialservices/EGF', 'columns': [{'name': 'change %', 'value': '1.89'}, {'name': 'LTP', 'value': '240.10'}, {'name': '10-Volume Indicator value', 'value': '32,291.00'}]}",OHLC_D_I_10DELVBULL,Above Average Volume - Bullish,Stocks experiencing higher-than-average volume today.,27,Volume & Delivery,Stocks experiencing higher-than-average volume today. Todays volume compared to 10 day average volume,,,False,1,N,,OHLC_D_I_10DELVBULL
1784891717,"{'stkname': 'Krsnaa Diagnost', 'ltp': '', 'perChg': '', 'stkId': 'KD08', 'displayLock': 'N', 'scanproflg': 1, 'scUrl': 'hospitalhealthcare-services/krsnaadiagnostics/KD03', 'columns': [{'name': 'change %', 'value': '1.61'}, {'name': 'LTP', 'value': '545.05'}, {'name': '10-Volume Indicator value', 'value': '118,987.00'}]}",OHLC_D_I_10DELVBULL,Above Average Volume - Bullish,Stocks experiencing higher-than-average volume today.,27,Volume & Delivery,Stocks experiencing higher-than-average volume today. Todays volume compared to 10 day average volume,,,False,1,N,,OHLC_D_I_10DELVBULL
1784891717,"{'stkname': 'Aster DM Health', 'ltp': '', 'perChg': '', 'stkId': 'ADH', 'displayLock': 'N', 'scanproflg': 1, 'scUrl': 'hospitalhealthcare-services/asterdmhealthcare/ADH', 'columns': [{'name': 'change %', 'value': '0.71'}, {'name': 'LTP', 'value': '789.90'}, {'name': '10-Volume Indicator value', 'value': '731,472.00'}]}",OHLC_D_I_10DELVBULL,Above Average Volume - Bullish,Stocks experiencing higher-than-average volume today.,27,Volume & Delivery,Stocks experiencing higher-than-average volume today. Todays volume compared to 10 day average volume,,,False,1,N,,OHLC_D_I_10DELVBULL
1784891717,"{'stkname': 'Devyani Int', 'ltp': '', 'perChg': '', 'stkId': 'DI23', 'displayLock': 'N', 'scanproflg': 1, 'scUrl': 'consumer-food/devyaniinternational/DI06', 'columns': [{'name': 'change %', 'value': '1.97'}, {'name': 'LTP', 'value': '112.03'}, {'name': '10-Volume Indicator value', 'value': '3,026,002.00'}]}",OHLC_D_I_10DELVBULL,Above Average Volume - Bullish,Stocks experiencing higher-than-average volume today.,27,Volume & Delivery,Stocks experiencing higher-than-average volume today. Todays volume compared to 10 day average volume,,,False,1,N,,OHLC_D_I_10DELVBULL
1784891717,"{'stkname': 'IFB Agro', 'ltp': '', 'perChg': '', 'stkId': 'IFB', 'displayLock': 'N', 'scanproflg': 1, 'scUrl': 'breweriesdistilleries/ifbagroindustries/IFB', 'columns': [{'name': 'change %', 'value': '3.95'}, {'name': 'LTP', 'value': '992.00'}, {'name': '10-Volume Indicator value', 'value': '11,328.00'}]}",OHLC_D_I_10DELVBULL,Above Average Volume - Bullish,Stocks experiencing higher-than-average volume today.,27,Volume & Delivery,Stocks experiencing higher-than-average volume today. Todays volume compared to 10 day average volume,,,False,1,N,,OHLC_D_I_10DELVBULL
1784891717,"{'stkname': 'Monarch Net', 'ltp': '', 'perChg': '', 'stkId': 'NF03', 'displayLock': 'N', 'scanproflg': 1, 'scUrl': 'finance-investments/monarchnetworthcapital/NSB', 'columns': [{'name': 'change %', 'value': '0.20'}, {'name': 'LTP', 'value': '356.90'}, {'name': '10-Volume Indicator value', 'value': '140,702.00'}]}",OHLC_D_I_10DELVBULL,Above Average Volume - Bullish,Stocks experiencing higher-than-average volume today.,27,Volume & Delivery,Stocks experiencing higher-than-average volume today. Todays volume compared to 10 day average volume,,,False,1,N,,OHLC_D_I_10DELVBULL
1784891717,"{'stkname': 'Prudent Advisor', 'ltp': '', 'perChg': '', 'stkId': 'PCA', 'displayLock': 'N', 'scanproflg': 1, 'scUrl': 'finance-investment/prudentcorporateadvisoryservices/PCA01', 'columns': [{'name': 'change %', 'value': '0.65'}, {'name': 'LTP', 'value': '2,890.00'}, {'name': '10-Volume Indicator value', 'value': '59,041.00'}]}",OHLC_D_I_10DELVBULL,Above Average Volume - Bullish,Stocks experiencing higher-than-average volume today.,27,Volume & Delivery,Stocks experiencing higher-than-average volume today. Todays volume compared to 10 day average volume,,,False,1,N,,OHLC_D_I_10DELVBULL
1784891717,"{'stkname': 'Tourism Finance', 'ltp': '', 'perChg': '', 'stkId': 'TFC', 'displayLock': 'N', 'scanproflg': 1, 'scUrl': 'finance-term-lending-institutions/tourismfinancecorpindia/TFC', 'columns': [{'name': 'change %', 'value': '7.08'}, {'name': 'LTP', 'value': '87.90'}, {'name': '10-Volume Indicator value', 'value': '2.49'}]}",OHLC_D_I_10DELVBULL,Above Average Volume - Bullish,Stocks experiencing higher-than-average volume today.,27,Volume & Delivery,Stocks experiencing higher-than-average volume today. Todays volume compared to 10 day average volume,,,False,1,N,,OHLC_D_I_10DELVBULL
1784891717,"{'stkname': 'Religare Enterp', 'ltp': '', 'perChg': '', 'stkId': 'RE09', 'displayLock': 'N', 'scanproflg': 1, 'scUrl': 'finance-investments/religareenterprises/RE09', 'columns': [{'name': 'change %', 'value': '1.80'}, {'name': 'LTP', 'value': '257.60'}, {'name': '10-Volume Indicator value', 'value': '1,033,592.00'}]}",OHLC_D_I_10DELVBULL,Above Average Volume - Bullish,Stocks experiencing higher-than-average volume today.,27,Volume & Delivery,Stocks experiencing higher-than-average volume today. Todays volume compared to 10 day average volume,,,False,1,N,,OHLC_D_I_10DELVBULL
1784891717,"{'stkname': 'Electrosteel', 'ltp': '', 'perChg': '', 'stkId': 'EC02', 'displayLock': 'N', 'scanproflg': 1, 'scUrl': 'castingsforgings/electrosteelcastings/EC02', 'columns': [{'name': 'change %', 'value': '2.36'}, {'name': 'LTP', 'value': '72.09'}, {'name': '10-Volume Indicator value', 'value': '1,437,096.00'}]}",OHLC_D_I_10DELVBULL,Above Average Volume - Bullish,Stocks experiencing higher-than-average volume today.,27,Volume & Delivery,Stocks experiencing higher-than-average volume today. Todays volume compared to 10 day average volume,,,False,1,N,,OHLC_D_I_10DELVBULL
1784891717,"{'stkname': 'Arihant Capital', 'ltp': '', 'perChg': '', 'stkId': 'ACM02', 'displayLock': 'N', 'scanproflg': 1, 'scUrl': 'finance-investments/arihantcapitalmarkets/ACM02', 'columns': [{'name': 'change %', 'value': '0.68'}, {'name': 'LTP', 'value': '82.00'}, {'name': '10-Volume Indicator value', 'value': '978,733.00'}]}",OHLC_D_I_10DELVBULL,Above Average Volume - Bullish,Stocks experiencing higher-than-average volume today.,27,Volume & Delivery,Stocks experiencing higher-than-average volume today. Todays volume compared to 10 day average volume,,,False,1,N,,OHLC_D_I_10DELVBULL
1784891717,"{'stkname': 'Restaurant Bran', 'ltp': '', 'perChg': '', 'stkId': 'BKI01', 'displayLock': 'N', 'scanproflg': 1, 'scUrl': 'consumer-food/restaurantbrandsasia/BKI01', 'columns': [{'name': 'change %', 'value': '0.92'}, {'name': 'LTP', 'value': '65.50'}, {'name': '10-Volume Indicator value', 'value': '3,860,631.00'}]}",OHLC_D_I_10DELVBULL,Above Average Volume - Bullish,Stocks experiencing higher-than-average volume today.,27,Volume & Delivery,Stocks experiencing higher-than-average volume today. Todays volume compared to 10 day average volume,,,False,1,N,,OHLC_D_I_10DELVBULL
1784891717,"{'stkname': 'Guj Amb Exports', 'ltp': '', 'perChg': '', 'stkId': 'GAE', 'displayLock': 'N', 'scanproflg': 1, 'scUrl': 'food-processing/gujaratambujaexports/GAE', 'columns': [{'name': 'change %', 'value': '9.13'}, {'name': 'LTP', 'value': '151.85'}, {'name': '10-Volume Indicator value', 'value': '9,147,564.00'}]}",OHLC_D_I_10DELVBULL,Above Average Volume - Bullish,Stocks experiencing higher-than-average volume today.,27,Volume & Delivery,Stocks experiencing higher-than-average volume today. Todays volume compared to 10 day average volume,,,False,1,N,,OHLC_D_I_10DELVBULL
1784891717,"{'stkname': 'P&G Hygiene', 'ltp': '', 'perChg': '', 'stkId': 'PGI', 'displayLock': 'N', 'scanproflg': 1, 'scUrl': 'householdpersonal-products/proctergamblehygienehealthcare/PGH', 'columns': [{'name': 'change %', 'value': '0.18'}, {'name': 'LTP', 'value': '9,000.00'}, {'name': '10-Volume Indicator value', 'value': '15,433.00'}]}",OHLC_D_I_10DELVBULL,Above Average Volume - Bullish,Stocks experiencing higher-than-average volume today.,27,Volume & Delivery,Stocks experiencing higher-than-average volume today. Todays volume compared to 10 day average volume,,,False,1,N,,OHLC_D_I_10DELVBULL
1784891717,"{'stkname': 'Max India', 'ltp': '', 'perChg': '', 'stkId': 'MIL18', 'displayLock': 'N', 'scanproflg': 1, 'scUrl': 'finance-investment/maxindialimited/MIL19', 'columns': [{'name': 'change %', 'value': '11.08'}, {'name': 'LTP', 'value': '184.00'}, {'name': '10-Volume Indicator value', 'value': '3,220,513.00'}]}",OHLC_D_I_10DELVBULL,Above Average Volume - Bullish,Stocks experiencing higher-than-average volume today.,27,Volume & Delivery,Stocks experiencing higher-than-average volume today. Todays volume compared to 10 day average volume,,,False,1,N,,OHLC_D_I_10DELVBULL
1784891717,"{'stkname': 'Nuvama Wealth', 'ltp': '', 'perChg': '', 'stkId': 'NWML', 'displayLock': 'N', 'scanproflg': 1, 'scUrl': 'finance-others/nuvamawealthmanagement/NWML', 'columns': [{'name': 'change %', 'value': '0.66'}, {'name': 'LTP', 'value': '1,960.10'}, {'name': '10-Volume Indicator value', 'value': '3,577,702.00'}]}",OHLC_D_I_10DELVBULL,Above Average Volume - Bullish,Stocks experiencing higher-than-average volume today.,27,Volume & Delivery,Stocks experiencing higher-than-average volume today. Todays volume compared to 10 day average volume,,,False,1,N,,OHLC_D_I_10DELVBULL
1784891717,"{'stkname': 'ABSL AMC', 'ltp': '', 'perChg': '', 'stkId': 'ABS', 'displayLock': 'N', 'scanproflg': 1, 'scUrl': 'finance-investment/adityabirlasunlifeamc/ABS', 'columns': [{'name': 'change %', 'value': '3.04'}, {'name': 'LTP', 'value': '1,016.00'}, {'name': '10-Volume Indicator value', 'value': '546,530.00'}]}",OHLC_D_I_10DELVBULL,Above Average Volume - Bullish,Stocks experiencing higher-than-average volume today.,27,Volume & Delivery,Stocks experiencing higher-than-average volume today. Todays volume compared to 10 day average volume,,,False,1,N,,OHLC_D_I_10DELVBULL
1784891717,"{'stkname': 'Indbank Merchan', 'ltp': '', 'perChg': '', 'stkId': 'IMB', 'displayLock': 'N', 'scanproflg': 1, 'scUrl': 'finance-general/indbankmerchantbankingservices/IMB', 'columns': [{'name': 'change %', 'value': '1.81'}, {'name': 'LTP', 'value': '33.10'}, {'name': '10-Volume Indicator value', 'value': '29,136.00'}]}",OHLC_D_I_10DELVBULL,Above Average Volume - Bullish,Stocks experiencing higher-than-average volume today.,27,Volume & Delivery,Stocks experiencing higher-than-average volume today. Todays volume compared to 10 day average volume,,,False,1,N,,OHLC_D_I_10DELVBULL
1784891717,"{'stkname': 'ADF Foods', 'ltp': '', 'perChg': '', 'stkId': 'ADF01', 'displayLock': 'N', 'scanproflg': 1, 'scUrl': 'food-processing/adffoodsindustries/AF30', 'columns': [{'name': 'change %', 'value': '3.76'}, {'name': 'LTP', 'value': '307.80'}, {'name': '10-Volume Indicator value', 'value': '223,892.00'}]}",OHLC_D_I_10DELVBULL,Above Average Volume - Bullish,Stocks experiencing higher-than-average volume today.,27,Volume & Delivery,Stocks experiencing higher-than-average volume today. Todays volume compared to 10 day average volume,,,False,1,N,,OHLC_D_I_10DELVBULL
1784891717,"{'stkname': 'IIFL Capital ', 'ltp': '', 'perChg': '', 'stkId': 'IIFLS54277', 'displayLock': 'N', 'scanproflg': 1, 'scUrl': 'finance-investment/iiflcapitalservices/IIFLS54277', 'columns': [{'name': 'change %', 'value': '0.00'}, {'name': 'LTP', 'value': '339.60'}, {'name': '10-Volume Indicator value', 'value': '401,036.00'}]}",OHLC_D_I_10DELVBULL,Above Average Volume - Bullish,Stocks experiencing higher-than-average volume today.,27,Volume & Delivery,Stocks experiencing higher-than-average volume today. Todays volume compared to 10 day average volume,,,False,1,N,,OHLC_D_I_10DELVBULL
1784891717,"{'stkname': 'Sammaan Capital', 'ltp': '', 'perChg': '', 'stkId': 'IHF01', 'displayLock': 'N', 'scanproflg': 1, 'scUrl': 'finance-housing/sammaancapital/IHF01', 'columns': [{'name': 'change %', 'value': '1.65'}, {'name': 'LTP', 'value': '160.55'}, {'name': '10-Volume Indicator value', 'value': '9,777,133.00'}]}",OHLC_D_I_10DELVBULL,Above Average Volume - Bullish,Stocks experiencing higher-than-average volume today.,27,Volume & Delivery,Stocks experiencing higher-than-average volume today. Todays volume compared to 10 day average volume,,,False,1,N,,OHLC_D_I_10DELVBULL
1784891717,"{'stkname': 'Satin Credit', 'ltp': '', 'perChg': '', 'stkId': 'SCN', 'displayLock': 'N', 'scanproflg': 1, 'scUrl': 'finance-term-lending/satincreditcarenetwork/SCN', 'columns': [{'name': 'change %', 'value': '4.90'}, {'name': 'LTP', 'value': '268.80'}, {'name': '10-Volume Indicator value', 'value': '1,477,265.00'}]}",OHLC_D_I_10DELVBULL,Above Average Volume - Bullish,Stocks experiencing higher-than-average volume today.,27,Volume & Delivery,Stocks experiencing higher-than-average volume today. Todays volume compared to 10 day average volume,,,False,1,N,,OHLC_D_I_10DELVBULL
1784891717,"{'stkname': 'VIP Industries', 'ltp': '', 'perChg': '', 'stkId': 'VIP', 'displayLock': 'N', 'scanproflg': 1, 'scUrl': 'householdpersonal-products/vipindustries/VIP', 'columns': [{'name': 'change %', 'value': '0.77'}, {'name': 'LTP', 'value': '293.10'}, {'name': '10-Volume Indicator value', 'value': '147,769.00'}]}",OHLC_D_I_10DELVBULL,Above Average Volume - Bullish,Stocks experiencing higher-than-average volume today.,27,Volume & Delivery,Stocks experiencing higher-than-average volume today. Todays volume compared to 10 day average volume,,,False,1,N,,OHLC_D_I_10DELVBULL
1784891717,"{'stkname': 'Five-Star Busin', 'ltp': '', 'perChg': '', 'stkId': 'FBF', 'displayLock': 'N', 'scanproflg': 1, 'scUrl': 'finance-nbfc/five-starbusinessfinance/FBF', 'columns': [{'name': 'change %', 'value': '0.19'}, {'name': 'LTP', 'value': '535.30'}, {'name': '10-Volume Indicator value', 'value': '495,254.00'}]}",OHLC_D_I_10DELVBULL,Above Average Volume - Bullish,Stocks experiencing higher-than-average volume today.,27,Volume & Delivery,Stocks experiencing higher-than-average volume today. Todays volume compared to 10 day average volume,,,False,1,N,,OHLC_D_I_10DELVBULL
1784891717,"{'stkname': 'Jubilant Food', 'ltp': '', 'perChg': '', 'stkId': 'JF04', 'displayLock': 'N', 'scanproflg': 1, 'scUrl': 'miscellaneous/jubilantfoodworks/JF04', 'columns': [{'name': 'change %', 'value': '1.48'}, {'name': 'LTP', 'value': '418.40'}, {'name': '10-Volume Indicator value', 'value': '1,515,694.00'}]}",OHLC_D_I_10DELVBULL,Above Average Volume - Bullish,Stocks experiencing higher-than-average volume today.,27,Volume & Delivery,Stocks experiencing higher-than-average volume today. Todays volume compared to 10 day average volume,,,False,1,N,,OHLC_D_I_10DELVBULL
1784891717,"{'stkname': 'Dolat Algotech', 'ltp': '', 'perChg': '', 'stkId': 'DI11', 'displayLock': 'N', 'scanproflg': 1, 'scUrl': 'finance-stock-broking/dolatalgotech/DI11', 'columns': [{'name': 'change %', 'value': '2.50'}, {'name': 'LTP', 'value': '70.00'}, {'name': '10-Volume Indicator value', 'value': '114,290.00'}]}",OHLC_D_I_10DELVBULL,Above Average Volume - Bullish,Stocks experiencing higher-than-average volume today.,27,Volume & Delivery,Stocks experiencing higher-than-average volume today. Todays volume compared to 10 day average volume,,,False,1,N,,OHLC_D_I_10DELVBULL
1784891717,"{'stkname': 'Hind Constr', 'ltp': '', 'perChg': '', 'stkId': 'HCC', 'displayLock': 'N', 'scanproflg': 1, 'scUrl': 'constructioncontracting-civil/hindustanconstructioncompany/HCC', 'columns': [{'name': 'change %', 'value': '0.61'}, {'name': 'LTP', 'value': '21.57'}, {'name': '10-Volume Indicator value', 'value': '2.75'}]}",OHLC_D_I_10DELVBULL,Above Average Volume - Bullish,Stocks experiencing higher-than-average volume today.,27,Volume & Delivery,Stocks experiencing higher-than-average volume today. Todays volume compared to 10 day average volume,,,False,1,N,,OHLC_D_I_10DELVBULL
1784891717,"{'stkname': 'HEG', 'ltp': '', 'perChg': '', 'stkId': 'HEG', 'displayLock': 'N', 'scanproflg': 1, 'scUrl': 'electrodesgraphite/heg/HEG', 'columns': [{'name': 'change %', 'value': '2.12'}, {'name': 'LTP', 'value': '637.10'}, {'name': '10-Volume Indicator value', 'value': '7,737,371.00'}]}",OHLC_D_I_10DELVBULL,Above Average Volume - Bullish,Stocks experiencing higher-than-average volume today.,27,Volume & Delivery,Stocks experiencing higher-than-average volume today. Todays volume compared to 10 day average volume,,,False,1,N,,OHLC_D_I_10DELVBULL
1784891717,"{'stkname': 'IRFC', 'ltp': '', 'perChg': '', 'stkId': 'IRF', 'displayLock': 'N', 'scanproflg': 1, 'scUrl': 'finance-nbfc/indianrailwayfinancecorporation/IRF', 'columns': [{'name': 'change %', 'value': '0.91'}, {'name': 'LTP', 'value': '87.82'}, {'name': '10-Volume Indicator value', 'value': '6,223,808.00'}]}",OHLC_D_I_10DELVBULL,Above Average Volume - Bullish,Stocks experiencing higher-than-average volume today.,27,Volume & Delivery,Stocks experiencing higher-than-average volume today. Todays volume compared to 10 day average volume,,,False,1,N,,OHLC_D_I_10DELVBULL
1784891717,"{'stkname': 'REC', 'ltp': '', 'perChg': '', 'stkId': 'REC02', 'displayLock': 'N', 'scanproflg': 1, 'scUrl': 'finance-term-lending-institutions/rec/REC02', 'columns': [{'name': 'change %', 'value': '0.71'}, {'name': 'LTP', 'value': '361.00'}, {'name': '10-Volume Indicator value', 'value': '4,575,786.00'}]}",OHLC_D_I_10DELVBULL,Above Average Volume - Bullish,Stocks experiencing higher-than-average volume today.,27,Volume & Delivery,Stocks experiencing higher-than-average volume today. Todays volume compared to 10 day average volume,,,False,1,N,,OHLC_D_I_10DELVBULL
1784891717,"{'stkname': 'Dharmaj Crop', 'ltp': '', 'perChg': '', 'stkId': 'DCG', 'displayLock': 'N', 'scanproflg': 1, 'scUrl': 'pesticidesagrochemical/dharmajcropguard/DCG', 'columns': [{'name': 'change %', 'value': '0.12'}, {'name': 'LTP', 'value': '260.00'}, {'name': '10-Volume Indicator value', 'value': '20,261.00'}]}",OHLC_D_I_10DELVBULL,Above Average Volume - Bullish,Stocks experiencing higher-than-average volume today.,27,Volume & Delivery,Stocks experiencing higher-than-average volume today. Todays volume compared to 10 day average volume,,,False,1,N,,OHLC_D_I_10DELVBULL
1784891717,"{'stkname': 'Rama Phosphates', 'ltp': '', 'perChg': '', 'stkId': 'RP07', 'displayLock': 'N', 'scanproflg': 1, 'scUrl': 'fertilisers/ramaphosphates/RP07', 'columns': [{'name': 'change %', 'value': '4.72'}, {'name': 'LTP', 'value': '131.12'}, {'name': '10-Volume Indicator value', 'value': '153,020.00'}]}",OHLC_D_I_10DELVBULL,Above Average Volume - Bullish,Stocks experiencing higher-than-average volume today.,27,Volume & Delivery,Stocks experiencing higher-than-average volume today. Todays volume compared to 10 day average volume,,,False,1,N,,OHLC_D_I_10DELVBULL
1784891717,"{'stkname': 'Shivalik Rasa', 'ltp': '', 'perChg': '', 'stkId': 'SR07', 'displayLock': 'N', 'scanproflg': 1, 'scUrl': 'pesticidesagrochemicals/shivalikrasayan/SR9', 'columns': [{'name': 'change %', 'value': '5.00'}, {'name': 'LTP', 'value': '253.76'}, {'name': '10-Volume Indicator value', 'value': '118,984.00'}]}",OHLC_D_I_10DELVBULL,Above Average Volume - Bullish,Stocks experiencing higher-than-average volume today.,27,Volume & Delivery,Stocks experiencing higher-than-average volume today. Todays volume compared to 10 day average volume,,,False,1,N,,OHLC_D_I_10DELVBULL
1784891717,"{'stkname': 'Power Mech', 'ltp': '', 'perChg': '', 'stkId': 'PMP', 'displayLock': 'N', 'scanproflg': 1, 'scUrl': 'infrastructure-general/powermechprojects/PMP', 'columns': [{'name': 'change %', 'value': '1.58'}, {'name': 'LTP', 'value': '2,596.00'}, {'name': '10-Volume Indicator value', 'value': '58,408.00'}]}",OHLC_D_I_10DELVBULL,Above Average Volume - Bullish,Stocks experiencing higher-than-average volume today.,27,Volume & Delivery,Stocks experiencing higher-than-average volume today. Todays volume compared to 10 day average volume,,,False,1,N,,OHLC_D_I_10DELVBULL
1784891717,"{'stkname': 'Shakti Pumps', 'ltp': '', 'perChg': '', 'stkId': 'SPI08', 'displayLock': 'N', 'scanproflg': 1, 'scUrl': 'pumps/shaktipumpsindia/SPI08', 'columns': [{'name': 'change %', 'value': '1.61'}, {'name': 'LTP', 'value': '552.00'}, {'name': '10-Volume Indicator value', 'value': '623,443.00'}]}",OHLC_D_I_10DELVBULL,Above Average Volume - Bullish,Stocks experiencing higher-than-average volume today.,27,Volume & Delivery,Stocks experiencing higher-than-average volume today. Todays volume compared to 10 day average volume,,,False,1,N,,OHLC_D_I_10DELVBULL
1784891717,"{'stkname': 'Bharat Road Net', 'ltp': '', 'perChg': '', 'stkId': 'BRN', 'displayLock': 'N', 'scanproflg': 1, 'scUrl': 'infrastructure-general/bharatroadnetwork/BRN', 'columns': [{'name': 'change %', 'value': '3.38'}, {'name': 'LTP', 'value': '18.04'}, {'name': '10-Volume Indicator value', 'value': '30,941.00'}]}",OHLC_D_I_10DELVBULL,Above Average Volume - Bullish,Stocks experiencing higher-than-average volume today.,27,Volume & Delivery,Stocks experiencing higher-than-average volume today. Todays volume compared to 10 day average volume,,,False,1,N,,OHLC_D_I_10DELVBULL
1784891717,"{'stkname': 'KNR Construct', 'ltp': '', 'perChg': '', 'stkId': 'KC13', 'displayLock': 'N', 'scanproflg': 1, 'scUrl': 'constructioncontracting-civil/knrconstructions/KC13', 'columns': [{'name': 'change %', 'value': '2.10'}, {'name': 'LTP', 'value': '121.78'}, {'name': '10-Volume Indicator value', 'value': '604,840.00'}]}",OHLC_D_I_10DELVBULL,Above Average Volume - Bullish,Stocks experiencing higher-than-average volume today.,27,Volume & Delivery,Stocks experiencing higher-than-average volume today. Todays volume compared to 10 day average volume,,,False,1,N,,OHLC_D_I_10DELVBULL
1784891717,"{'stkname': 'Tarmat', 'ltp': '', 'perChg': '', 'stkId': 'RT06', 'displayLock': 'N', 'scanproflg': 1, 'scUrl': 'constructioncontracting-civil/tarmat/RT06', 'columns': [{'name': 'change %', 'value': '2.10'}, {'name': 'LTP', 'value': '51.00'}, {'name': '10-Volume Indicator value', 'value': '12,831.00'}]}",OHLC_D_I_10DELVBULL,Above Average Volume - Bullish,Stocks experiencing higher-than-average volume today.,27,Volume & Delivery,Stocks experiencing higher-than-average volume today. Todays volume compared to 10 day average volume,,,False,1,N,,OHLC_D_I_10DELVBULL
1784891717,"{'stkname': 'Krishana Phosch', 'ltp': '', 'perChg': '', 'stkId': 'KP14', 'displayLock': 'N', 'scanproflg': 1, 'scUrl': 'miscellaneous/krishanaphoschem/KP11', 'columns': [{'name': 'change %', 'value': '3.47'}, {'name': 'LTP', 'value': '161.15'}, {'name': '10-Volume Indicator value', 'value': '3,484,590.00'}]}",OHLC_D_I_10DELVBULL,Above Average Volume - Bullish,Stocks experiencing higher-than-average volume today.,27,Volume & Delivery,Stocks experiencing higher-than-average volume today. Todays volume compared to 10 day average volume,,,False,1,N,,OHLC_D_I_10DELVBULL
1784891717,"{'stkname': 'Coral India Fin', 'ltp': '', 'perChg': '', 'stkId': 'CIF02', 'displayLock': 'N', 'scanproflg': 1, 'scUrl': 'finance-housing/coralindiafinancehousing/CIF02', 'columns': [{'name': 'change %', 'value': '4.95'}, {'name': 'LTP', 'value': '32.88'}, {'name': '10-Volume Indicator value', 'value': '98,092.00'}]}",OHLC_D_I_10DELVBULL,Above Average Volume - Bullish,Stocks experiencing higher-than-average volume today.,27,Volume & Delivery,Stocks experiencing higher-than-average volume today. Todays volume compared to 10 day average volume,,,False,1,N,,OHLC_D_I_10DELVBULL
1784891717,"{'stkname': 'Action Const', 'ltp': '', 'perChg': '', 'stkId': 'ACE3', 'displayLock': 'N', 'scanproflg': 1, 'scUrl': 'engineering-heavy/actionconstructionequipment/ACE3', 'columns': [{'name': 'change %', 'value': '6.13'}, {'name': 'LTP', 'value': '1,039.00'}, {'name': '10-Volume Indicator value', 'value': '2,105,212.00'}]}",OHLC_D_I_10DELVBULL,Above Average Volume - Bullish,Stocks experiencing higher-than-average volume today.,27,Volume & Delivery,Stocks experiencing higher-than-average volume today. Todays volume compared to 10 day average volume,,,False,1,N,,OHLC_D_I_10DELVBULL
1784891717,"{'stkname': 'Tega Industries', 'ltp': '', 'perChg': '', 'stkId': 'TI30', 'displayLock': 'N', 'scanproflg': 1, 'scUrl': 'engineering-industrial-equipments/tegaindustries/TI26', 'columns': [{'name': 'change %', 'value': '0.27'}, {'name': 'LTP', 'value': '1,560.00'}, {'name': '10-Volume Indicator value', 'value': '65,880.00'}]}",OHLC_D_I_10DELVBULL,Above Average Volume - Bullish,Stocks experiencing higher-than-average volume today.,27,Volume & Delivery,Stocks experiencing higher-than-average volume today. Todays volume compared to 10 day average volume,,,False,1,N,,OHLC_D_I_10DELVBULL
1784891717,"{'stkname': 'Aaron Industrie', 'ltp': '', 'perChg': '', 'stkId': 'AI69', 'displayLock': 'N', 'scanproflg': 1, 'scUrl': 'engineering/aaronindustries/AI79', 'columns': [{'name': 'change %', 'value': '20.00'}, {'name': 'LTP', 'value': '135.25'}, {'name': '10-Volume Indicator value', 'value': '364,489.00'}]}",OHLC_D_I_10DELVBULL,Above Average Volume - Bullish,Stocks experiencing higher-than-average volume today.,27,Volume & Delivery,Stocks experiencing higher-than-average volume today. Todays volume compared to 10 day average volume,,,False,1,N,,OHLC_D_I_10DELVBULL
1784891717,"{'stkname': 'Aeroflex Ind.', 'ltp': '', 'perChg': '', 'stkId': 'AI77', 'displayLock': 'N', 'scanproflg': 1, 'scUrl': 'engineering-industrial-equipments/aeroflexindustries/AI87', 'columns': [{'name': 'change %', 'value': '0.21'}, {'name': 'LTP', 'value': '421.00'}, {'name': '10-Volume Indicator value', 'value': '2,248,359.00'}]}",OHLC_D_I_10DELVBULL,Above Average Volume - Bullish,Stocks experiencing higher-than-average volume today.,27,Volume & Delivery,Stocks experiencing higher-than-average volume today. Todays volume compared to 10 day average volume,,,False,1,N,,OHLC_D_I_10DELVBULL
1784891717,"{'stkname': 'Alphageo', 'ltp': '', 'perChg': '', 'stkId': 'AI10', 'displayLock': 'N', 'scanproflg': 1, 'scUrl': 'oil-drillingexploration/alphageoindia/AI10', 'columns': [{'name': 'change %', 'value': '0.67'}, {'name': 'LTP', 'value': '202.12'}, {'name': '10-Volume Indicator value', 'value': '4,649.00'}]}",OHLC_D_I_10DELVBULL,Above Average Volume - Bullish,Stocks experiencing higher-than-average volume today.,27,Volume & Delivery,Stocks experiencing higher-than-average volume today. Todays volume compared to 10 day average volume,,,False,1,N,,OHLC_D_I_10DELVBULL
1784891717,"{'stkname': 'Graphite India', 'ltp': '', 'perChg': '', 'stkId': 'GI13', 'displayLock': 'N', 'scanproflg': 1, 'scUrl': 'electrodesgraphite/graphiteindia/GI13', 'columns': [{'name': 'change %', 'value': '1.88'}, {'name': 'LTP', 'value': '670.30'}, {'name': '10-Volume Indicator value', 'value': '4,548,902.00'}]}",OHLC_D_I_10DELVBULL,Above Average Volume - Bullish,Stocks experiencing higher-than-average volume today.,27,Volume & Delivery,Stocks experiencing higher-than-average volume today. Todays volume compared to 10 day average volume,,,False,1,N,,OHLC_D_I_10DELVBULL
1784891717,"{'stkname': 'CreditAccess Gr', 'ltp': '', 'perChg': '', 'stkId': 'CG02', 'displayLock': 'N', 'scanproflg': 1, 'scUrl': 'finance-nbfc/creditaccessgrameen/CG03', 'columns': [{'name': 'change %', 'value': '1.10'}, {'name': 'LTP', 'value': '1,520.00'}, {'name': '10-Volume Indicator value', 'value': '335,181.00'}]}",OHLC_D_I_10DELVBULL,Above Average Volume - Bullish,Stocks experiencing higher-than-average volume today.,27,Volume & Delivery,Stocks experiencing higher-than-average volume today. Todays volume compared to 10 day average volume,,,False,1,N,,OHLC_D_I_10DELVBULL
1784891717,"{'stkname': 'Kirloskar Ind', 'ltp': '', 'perChg': '', 'stkId': 'KOE', 'displayLock': 'N', 'scanproflg': 1, 'scUrl': 'power-generationdistribution/kirloskarindustries/KOE', 'columns': [{'name': 'change %', 'value': '0.37'}, {'name': 'LTP', 'value': '3,751.00'}, {'name': '10-Volume Indicator value', 'value': '9,246.00'}]}",OHLC_D_I_10DELVBULL,Above Average Volume - Bullish,Stocks experiencing higher-than-average volume today.,27,Volume & Delivery,Stocks experiencing higher-than-average volume today. Todays volume compared to 10 day average volume,,,False,1,N,,OHLC_D_I_10DELVBULL
1784891717,"{'stkname': 'Excel', 'ltp': '', 'perChg': '', 'stkId': 'EI10', 'displayLock': 'N', 'scanproflg': 1, 'scUrl': 'chemicals/excelindustries/EI10', 'columns': [{'name': 'change %', 'value': '2.72'}, {'name': 'LTP', 'value': '939.25'}, {'name': '10-Volume Indicator value', 'value': '10,521.00'}]}",OHLC_D_I_10DELVBULL,Above Average Volume - Bullish,Stocks experiencing higher-than-average volume today.,27,Volume & Delivery,Stocks experiencing higher-than-average volume today. Todays volume compared to 10 day average volume,,,False,1,N,,OHLC_D_I_10DELVBULL
1784891717,"{'stkname': 'Everest Kanto', 'ltp': '', 'perChg': '', 'stkId': 'EKC', 'displayLock': 'N', 'scanproflg': 1, 'scUrl': 'packaging/everestkantocylinder/EKC', 'columns': [{'name': 'change %', 'value': '0.33'}, {'name': 'LTP', 'value': '109.25'}, {'name': '10-Volume Indicator value', 'value': '177,338.00'}]}",OHLC_D_I_10DELVBULL,Above Average Volume - Bullish,Stocks experiencing higher-than-average volume today.,27,Volume & Delivery,Stocks experiencing higher-than-average volume today. Todays volume compared to 10 day average volume,,,False,1,N,,OHLC_D_I_10DELVBULL
1784891717,"{'stkname': 'WS Industries', 'ltp': '', 'perChg': '', 'stkId': 'WSI', 'displayLock': 'N', 'scanproflg': 1, 'scUrl': 'electric-equipment/wsindustries/WSI', 'columns': [{'name': 'change %', 'value': '1.14'}, {'name': 'LTP', 'value': '62.10'}, {'name': '10-Volume Indicator value', 'value': '86,023.00'}]}",OHLC_D_I_10DELVBULL,Above Average Volume - Bullish,Stocks experiencing higher-than-average volume today.,27,Volume & Delivery,Stocks experiencing higher-than-average volume today. Todays volume compared to 10 day average volume,,,False,1,N,,OHLC_D_I_10DELVBULL
1784891717,"{'stkname': 'KPIL', 'ltp': '', 'perChg': '', 'stkId': 'KPT', 'displayLock': 'N', 'scanproflg': 1, 'scUrl': 'power-transmissionequipment/kalpataruprojectsinternational/KPT', 'columns': [{'name': 'change %', 'value': '0.08'}, {'name': 'LTP', 'value': '1,299.00'}, {'name': '10-Volume Indicator value', 'value': '131,178.00'}]}",OHLC_D_I_10DELVBULL,Above Average Volume - Bullish,Stocks experiencing higher-than-average volume today.,27,Volume & Delivery,Stocks experiencing higher-than-average volume today. Todays volume compared to 10 day average volume,,,False,1,N,,OHLC_D_I_10DELVBULL
1784891717,"{'stkname': 'Silgo Retail', 'ltp': '', 'perChg': '', 'stkId': 'SR06', 'displayLock': 'N', 'scanproflg': 1, 'scUrl': 'retailing/silgoretail/SR08', 'columns': [{'name': 'change %', 'value': '0.11'}, {'name': 'LTP', 'value': '74.60'}, {'name': '10-Volume Indicator value', 'value': '155,508.00'}]}",OHLC_D_I_10DELVBULL,Above Average Volume - Bullish,Stocks experiencing higher-than-average volume today.,27,Volume & Delivery,Stocks experiencing higher-than-average volume today. Todays volume compared to 10 day average volume,,,False,1,N,,OHLC_D_I_10DELVBULL
1784891717,"{'stkname': 'Harsha Engineer', 'ltp': '', 'perChg': '', 'stkId': 'HEI', 'displayLock': 'N', 'scanproflg': 1, 'scUrl': 'engineering-industrial-equipments/harshaengineersinternational/HEI', 'columns': [{'name': 'change %', 'value': '0.33'}, {'name': 'LTP', 'value': '405.00'}, {'name': '10-Volume Indicator value', 'value': '247,235.00'}]}",OHLC_D_I_10DELVBULL,Above Average Volume - Bullish,Stocks experiencing higher-than-average volume today.,27,Volume & Delivery,Stocks experiencing higher-than-average volume today. Todays volume compared to 10 day average volume,,,False,1,N,,OHLC_D_I_10DELVBULL
1784891717,"{'stkname': 'ICE Make Refrig', 'ltp': '', 'perChg': '', 'stkId': 'IMR', 'displayLock': 'N', 'scanproflg': 1, 'scUrl': 'miscellaneous/icemakerefrigeration/IMR', 'columns': [{'name': 'change %', 'value': '1.22'}, {'name': 'LTP', 'value': '864.40'}, {'name': '10-Volume Indicator value', 'value': '103,463.00'}]}",OHLC_D_I_10DELVBULL,Above Average Volume - Bullish,Stocks experiencing higher-than-average volume today.,27,Volume & Delivery,Stocks experiencing higher-than-average volume today. Todays volume compared to 10 day average volume,,,False,1,N,,OHLC_D_I_10DELVBULL
1784891717,"{'stkname': 'Deep Ind', 'ltp': '', 'perChg': '', 'stkId': 'DI22', 'displayLock': 'N', 'scanproflg': 1, 'scUrl': 'oil-explorationproduction/deepindustries/DI02', 'columns': [{'name': 'change %', 'value': '4.68'}, {'name': 'LTP', 'value': '481.00'}, {'name': '10-Volume Indicator value', 'value': '339,173.00'}]}",OHLC_D_I_10DELVBULL,Above Average Volume - Bullish,Stocks experiencing higher-than-average volume today.,27,Volume & Delivery,Stocks experiencing higher-than-average volume today. Todays volume compared to 10 day average volume,,,False,1,N,,OHLC_D_I_10DELVBULL
1784891717,"{'stkname': 'KPIT Tech', 'ltp': '', 'perChg': '', 'stkId': 'KPITT54265', 'displayLock': 'N', 'scanproflg': 1, 'scUrl': 'it-servicesconsulting/kpittechnologies/KPITT54265', 'columns': [{'name': 'change %', 'value': '5.88'}, {'name': 'LTP', 'value': '583.30'}, {'name': '10-Volume Indicator value', 'value': '9,473,645.00'}]}",OHLC_D_I_10DELVBULL,Above Average Volume - Bullish,Stocks experiencing higher-than-average volume today.,27,Volume & Delivery,Stocks experiencing higher-than-average volume today. Todays volume compared to 10 day average volume,,,False,1,N,,OHLC_D_I_10DELVBULL
1784891717,"{'stkname': 'Aurionpro Solut', 'ltp': '', 'perChg': '', 'stkId': 'PS12', 'displayLock': 'N', 'scanproflg': 1, 'scUrl': 'computers-software-mediumsmall/aurionprosolutions/PS12', 'columns': [{'name': 'change %', 'value': '1.92'}, {'name': 'LTP', 'value': '824.00'}, {'name': '10-Volume Indicator value', 'value': '86,236.00'}]}",OHLC_D_I_10DELVBULL,Above Average Volume - Bullish,Stocks experiencing higher-than-average volume today.,27,Volume & Delivery,Stocks experiencing higher-than-average volume today. Todays volume compared to 10 day average volume,,,False,1,N,,OHLC_D_I_10DELVBULL
1784891717,"{'stkname': 'Swelect Energy', 'ltp': '', 'perChg': '', 'stkId': 'NPS', 'displayLock': 'N', 'scanproflg': 1, 'scUrl': 'electric-equipment/swelectenergysystems/NPS', 'columns': [{'name': 'change %', 'value': '2.18'}, {'name': 'LTP', 'value': '617.30'}, {'name': '10-Volume Indicator value', 'value': '18,395.00'}]}",OHLC_D_I_10DELVBULL,Above Average Volume - Bullish,Stocks experiencing higher-than-average volume today.,27,Volume & Delivery,Stocks experiencing higher-than-average volume today. Todays volume compared to 10 day average volume,,,False,1,N,,OHLC_D_I_10DELVBULL
1784891717,"{'stkname': 'Garden Reach Sh', 'ltp': '', 'perChg': '', 'stkId': 'GRS01', 'displayLock': 'N', 'scanproflg': 1, 'scUrl': 'engineering-heavy/gardenreachshipbuildersengineers/GRS01', 'columns': [{'name': 'change %', 'value': '0.30'}, {'name': 'LTP', 'value': '2,582.00'}, {'name': '10-Volume Indicator value', 'value': '284,674.00'}]}",OHLC_D_I_10DELVBULL,Above Average Volume - Bullish,Stocks experiencing higher-than-average volume today.,27,Volume & Delivery,Stocks experiencing higher-than-average volume today. Todays volume compared to 10 day average volume,,,False,1,N,,OHLC_D_I_10DELVBULL
1784891717,"{'stkname': 'Wipro', 'ltp': '', 'perChg': '', 'stkId': 'W', 'displayLock': 'N', 'scanproflg': 1, 'scUrl': 'computers-software/wipro/W', 'columns': [{'name': 'change %', 'value': '1.18'}, {'name': 'LTP', 'value': '176.89'}, {'name': '10-Volume Indicator value', 'value': '1.32'}]}",OHLC_D_I_10DELVBULL,Above Average Volume - Bullish,Stocks experiencing higher-than-average volume today.,27,Volume & Delivery,Stocks experiencing higher-than-average volume today. Todays volume compared to 10 day average volume,,,False,1,N,,OHLC_D_I_10DELVBULL
1784891717,"{'stkname': 'Marine Electric', 'ltp': '', 'perChg': '', 'stkId': 'ME21', 'displayLock': 'N', 'scanproflg': 1, 'scUrl': 'electronics-components/marineelectricalsindia/ME21', 'columns': [{'name': 'change %', 'value': '3.45'}, {'name': 'LTP', 'value': '256.40'}, {'name': '10-Volume Indicator value', 'value': '1,017,556.00'}]}",OHLC_D_I_10DELVBULL,Above Average Volume - Bullish,Stocks experiencing higher-than-average volume today.,27,Volume & Delivery,Stocks experiencing higher-than-average volume today. Todays volume compared to 10 day average volume,,,False,1,N,,OHLC_D_I_10DELVBULL
1784891717,"{'stkname': 'Intl Conveyor', 'ltp': '', 'perChg': '', 'stkId': 'IC05', 'displayLock': 'N', 'scanproflg': 1, 'scUrl': 'miscellaneous/internationalconveyors/IC05', 'columns': [{'name': 'change %', 'value': '3.42'}, {'name': 'LTP', 'value': '76.20'}, {'name': '10-Volume Indicator value', 'value': '173,130.00'}]}",OHLC_D_I_10DELVBULL,Above Average Volume - Bullish,Stocks experiencing higher-than-average volume today.,27,Volume & Delivery,Stocks experiencing higher-than-average volume today. Todays volume compared to 10 day average volume,,,False,1,N,,OHLC_D_I_10DELVBULL
1784891717,"{'stkname': 'Surya Roshni', 'ltp': '', 'perChg': '', 'stkId': 'SR01', 'displayLock': 'N', 'scanproflg': 1, 'scUrl': 'steel-tubespipes/suryaroshni/SR01', 'columns': [{'name': 'change %', 'value': '1.36'}, {'name': 'LTP', 'value': '238.70'}, {'name': '10-Volume Indicator value', 'value': '413,120.00'}]}",OHLC_D_I_10DELVBULL,Above Average Volume - Bullish,Stocks experiencing higher-than-average volume today.,27,Volume & Delivery,Stocks experiencing higher-than-average volume today. Todays volume compared to 10 day average volume,,,False,1,N,,OHLC_D_I_10DELVBULL
1784891717,"{'stkname': 'Bhageria Indu', 'ltp': '', 'perChg': '', 'stkId': 'BD02', 'displayLock': 'N', 'scanproflg': 1, 'scUrl': 'dyespigments/bhageriaindustries/BD02', 'columns': [{'name': 'change %', 'value': '0.39'}, {'name': 'LTP', 'value': '229.00'}, {'name': '10-Volume Indicator value', 'value': '190,578.00'}]}",OHLC_D_I_10DELVBULL,Above Average Volume - Bullish,Stocks experiencing higher-than-average volume today.,27,Volume & Delivery,Stocks experiencing higher-than-average volume today. Todays volume compared to 10 day average volume,,,False,1,N,,OHLC_D_I_10DELVBULL
1784891717,"{'stkname': 'Ruchinfra', 'ltp': '', 'perChg': '', 'stkId': 'RI27', 'displayLock': 'N', 'scanproflg': 1, 'scUrl': 'edible-oilssolvent-extraction/ruchiinfrastructure/RI27', 'columns': [{'name': 'change %', 'value': '0.67'}, {'name': 'LTP', 'value': '5.99'}, {'name': '10-Volume Indicator value', 'value': '53,551.00'}]}",OHLC_D_I_10DELVBULL,Above Average Volume - Bullish,Stocks experiencing higher-than-average volume today.,27,Volume & Delivery,Stocks experiencing higher-than-average volume today. Todays volume compared to 10 day average volume,,,False,1,N,,OHLC_D_I_10DELVBULL
1784891717,"{'stkname': 'PSP Projects', 'ltp': '', 'perChg': '', 'stkId': 'PP33', 'displayLock': 'N', 'scanproflg': 1, 'scUrl': 'constructioncontracting-real-estate/pspprojects/PP26', 'columns': [{'name': 'change %', 'value': '5.01'}, {'name': 'LTP', 'value': '1,036.90'}, {'name': '10-Volume Indicator value', 'value': '126,260.00'}]}",OHLC_D_I_10DELVBULL,Above Average Volume - Bullish,Stocks experiencing higher-than-average volume today.,27,Volume & Delivery,Stocks experiencing higher-than-average volume today. Todays volume compared to 10 day average volume,,,False,1,N,,OHLC_D_I_10DELVBULL
1784891717,"{'stkname': 'ORIENTAL AROMAT', 'ltp': '', 'perChg': '', 'stkId': 'CAP', 'displayLock': 'N', 'scanproflg': 1, 'scUrl': 'chemicals/orientalaromaticsltd/CAP', 'columns': [{'name': 'change %', 'value': '5.34'}, {'name': 'LTP', 'value': '371.05'}, {'name': '10-Volume Indicator value', 'value': '45,244.00'}]}",OHLC_D_I_10DELVBULL,Above Average Volume - Bullish,Stocks experiencing higher-than-average volume today.,27,Volume & Delivery,Stocks experiencing higher-than-average volume today. Todays volume compared to 10 day average volume,,,False,1,N,,OHLC_D_I_10DELVBULL
1784891717,"{'stkname': 'Guj Heavy Chem', 'ltp': '', 'perChg': '', 'stkId': 'GHC', 'displayLock': 'N', 'scanproflg': 1, 'scUrl': 'chemicals/gujaratheavychemicals/GHC', 'columns': [{'name': 'change %', 'value': '1.98'}, {'name': 'LTP', 'value': '438.00'}, {'name': '10-Volume Indicator value', 'value': '123,263.00'}]}",OHLC_D_I_10DELVBULL,Above Average Volume - Bullish,Stocks experiencing higher-than-average volume today.,27,Volume & Delivery,Stocks experiencing higher-than-average volume today. Todays volume compared to 10 day average volume,,,False,1,N,,OHLC_D_I_10DELVBULL
1784891717,"{'stkname': 'Epigral', 'ltp': '', 'perChg': '', 'stkId': 'MF24', 'displayLock': 'N', 'scanproflg': 1, 'scUrl': 'speciality-chemicals/epigral/MF23', 'columns': [{'name': 'change %', 'value': '1.02'}, {'name': 'LTP', 'value': '1,163.70'}, {'name': '10-Volume Indicator value', 'value': '301,608.00'}]}",OHLC_D_I_10DELVBULL,Above Average Volume - Bullish,Stocks experiencing higher-than-average volume today.,27,Volume & Delivery,Stocks experiencing higher-than-average volume today. Todays volume compared to 10 day average volume,,,False,1,N,,OHLC_D_I_10DELVBULL
1784891717,"{'stkname': 'Arvind Smart', 'ltp': '', 'perChg': '', 'stkId': 'AI66', 'displayLock': 'N', 'scanproflg': 1, 'scUrl': 'infrastructure-general/arvindsmartspaces/AI72', 'columns': [{'name': 'change %', 'value': '3.14'}, {'name': 'LTP', 'value': '609.60'}, {'name': '10-Volume Indicator value', 'value': '127,839.00'}]}",OHLC_D_I_10DELVBULL,Above Average Volume - Bullish,Stocks experiencing higher-than-average volume today.,27,Volume & Delivery,Stocks experiencing higher-than-average volume today. Todays volume compared to 10 day average volume,,,False,1,N,,OHLC_D_I_10DELVBULL
1784891717,"{'stkname': 'Asahi Songwon', 'ltp': '', 'perChg': '', 'stkId': 'ASC01', 'displayLock': 'N', 'scanproflg': 1, 'scUrl': 'dyespigments/asahisongwoncolors/ASC01', 'columns': [{'name': 'change %', 'value': '4.11'}, {'name': 'LTP', 'value': '332.00'}, {'name': '10-Volume Indicator value', 'value': '63,870.00'}]}",OHLC_D_I_10DELVBULL,Above Average Volume - Bullish,Stocks experiencing higher-than-average volume today.,27,Volume & Delivery,Stocks experiencing higher-than-average volume today. Todays volume compared to 10 day average volume,,,False,1,N,,OHLC_D_I_10DELVBULL
1784891717,"{'stkname': 'Foseco India', 'ltp': '', 'perChg': '', 'stkId': 'FI12', 'displayLock': 'N', 'scanproflg': 1, 'scUrl': 'chemicals/fosecoindia/FI12', 'columns': [{'name': 'change %', 'value': '0.74'}, {'name': 'LTP', 'value': '5,069.00'}, {'name': '10-Volume Indicator value', 'value': '2,038.00'}]}",OHLC_D_I_10DELVBULL,Above Average Volume - Bullish,Stocks experiencing higher-than-average volume today.,27,Volume & Delivery,Stocks experiencing higher-than-average volume today. Todays volume compared to 10 day average volume,,,False,1,N,,OHLC_D_I_10DELVBULL
1784891717,"{'stkname': 'Indo Borax', 'ltp': '', 'perChg': '', 'stkId': 'IBC', 'displayLock': 'N', 'scanproflg': 1, 'scUrl': 'chemicals/indoboraxchemicals/IBC', 'columns': [{'name': 'change %', 'value': '14.59'}, {'name': 'LTP', 'value': '428.00'}, {'name': '10-Volume Indicator value', 'value': '1.05'}]}",OHLC_D_I_10DELVBULL,Above Average Volume - Bullish,Stocks experiencing higher-than-average volume today.,27,Volume & Delivery,Stocks experiencing higher-than-average volume today. Todays volume compared to 10 day average volume,,,False,1,N,,OHLC_D_I_10DELVBULL
1784891717,"{'stkname': 'Lords Chloro', 'ltp': '', 'perChg': '', 'stkId': 'MAC03', 'displayLock': 'N', 'scanproflg': 1, 'scUrl': 'chemicals/lordschloroalkali/LCA01', 'columns': [{'name': 'change %', 'value': '2.16'}, {'name': 'LTP', 'value': '148.20'}, {'name': '10-Volume Indicator value', 'value': '38,665.00'}]}",OHLC_D_I_10DELVBULL,Above Average Volume - Bullish,Stocks experiencing higher-than-average volume today.,27,Volume & Delivery,Stocks experiencing higher-than-average volume today. Todays volume compared to 10 day average volume,,,False,1,N,,OHLC_D_I_10DELVBULL
1784891717,"{'stkname': 'Asian Granito', 'ltp': '', 'perChg': '', 'stkId': 'AGI04', 'displayLock': 'N', 'scanproflg': 1, 'scUrl': 'ceramicsgranite/asiangranitoindia/AGI04', 'columns': [{'name': 'change %', 'value': '1.04'}, {'name': 'LTP', 'value': '52.42'}, {'name': '10-Volume Indicator value', 'value': '7.24'}]}",OHLC_D_I_10DELVBULL,Above Average Volume - Bullish,Stocks experiencing higher-than-average volume today.,27,Volume & Delivery,Stocks experiencing higher-than-average volume today. Todays volume compared to 10 day average volume,,,False,1,N,,OHLC_D_I_10DELVBULL
1784891717,"{'stkname': 'Sanghvi Movers', 'ltp': '', 'perChg': '', 'stkId': 'SM10', 'displayLock': 'N', 'scanproflg': 1, 'scUrl': 'construction-infrastructure/sanghvimovers/SM10', 'columns': [{'name': 'change %', 'value': '7.70'}, {'name': 'LTP', 'value': '458.55'}, {'name': '10-Volume Indicator value', 'value': '616,721.00'}]}",OHLC_D_I_10DELVBULL,Above Average Volume - Bullish,Stocks experiencing higher-than-average volume today.,27,Volume & Delivery,Stocks experiencing higher-than-average volume today. Todays volume compared to 10 day average volume,,,False,1,N,,OHLC_D_I_10DELVBULL
1784891717,"{'stkname': 'Valiant Organic', 'ltp': '', 'perChg': '', 'stkId': 'VO03', 'displayLock': 'N', 'scanproflg': 1, 'scUrl': 'chemicals/valiantorganics/VO03', 'columns': [{'name': 'change %', 'value': '2.27'}, {'name': 'LTP', 'value': '269.95'}, {'name': '10-Volume Indicator value', 'value': '8,817.00'}]}",OHLC_D_I_10DELVBULL,Above Average Volume - Bullish,Stocks experiencing higher-than-average volume today.,27,Volume & Delivery,Stocks experiencing higher-than-average volume today. Todays volume compared to 10 day average volume,,,False,1,N,,OHLC_D_I_10DELVBULL
1784891717,"{'stkname': 'Dilip Buildcon', 'ltp': '', 'perChg': '', 'stkId': 'DB03', 'displayLock': 'N', 'scanproflg': 1, 'scUrl': 'constructioncontracting-civil/dilipbuildcon/DB04', 'columns': [{'name': 'change %', 'value': '8.76'}, {'name': 'LTP', 'value': '420.70'}, {'name': '10-Volume Indicator value', 'value': '1.75'}]}",OHLC_D_I_10DELVBULL,Above Average Volume - Bullish,Stocks experiencing higher-than-average volume today.,27,Volume & Delivery,Stocks experiencing higher-than-average volume today. Todays volume compared to 10 day average volume,,,False,1,N,,OHLC_D_I_10DELVBULL
1784891717,"{'stkname': 'DMCC', 'ltp': '', 'perChg': '', 'stkId': 'DMC01', 'displayLock': 'N', 'scanproflg': 1, 'scUrl': 'speciality-chemicals/dmccspecialitychemicals/DMC01', 'columns': [{'name': 'change %', 'value': '2.72'}, {'name': 'LTP', 'value': '270.00'}, {'name': '10-Volume Indicator value', 'value': '55,938.00'}]}",OHLC_D_I_10DELVBULL,Above Average Volume - Bullish,Stocks experiencing higher-than-average volume today.,27,Volume & Delivery,Stocks experiencing higher-than-average volume today. Todays volume compared to 10 day average volume,,,False,1,N,,OHLC_D_I_10DELVBULL
1784891717,"{'stkname': 'Exxaro Tiles', 'ltp': '', 'perChg': '', 'stkId': 'ET05', 'displayLock': 'N', 'scanproflg': 1, 'scUrl': 'ceramicsmarblegranitesanitaryware/exxarotiles/ET02', 'columns': [{'name': 'change %', 'value': '6.23'}, {'name': 'LTP', 'value': '6.65'}, {'name': '10-Volume Indicator value', 'value': '1,259,292.00'}]}",OHLC_D_I_10DELVBULL,Above Average Volume - Bullish,Stocks experiencing higher-than-average volume today.,27,Volume & Delivery,Stocks experiencing higher-than-average volume today. Todays volume compared to 10 day average volume,,,False,1,N,,OHLC_D_I_10DELVBULL
1784891717,"{'stkname': 'Bigbloc Constru', 'ltp': '', 'perChg': '', 'stkId': 'BC17', 'displayLock': 'N', 'scanproflg': 1, 'scUrl': 'construction-real-estate/bigblocconstruction/BC19', 'columns': [{'name': 'change %', 'value': '3.23'}, {'name': 'LTP', 'value': '47.99'}, {'name': '10-Volume Indicator value', 'value': '47,549.00'}]}",OHLC_D_I_10DELVBULL,Above Average Volume - Bullish,Stocks experiencing higher-than-average volume today.,27,Volume & Delivery,Stocks experiencing higher-than-average volume today. Todays volume compared to 10 day average volume,,,False,1,N,,OHLC_D_I_10DELVBULL
1784891717,"{'stkname': 'Ahluwalia', 'ltp': '', 'perChg': '', 'stkId': 'ACI12', 'displayLock': 'N', 'scanproflg': 1, 'scUrl': 'constructioncontracting-civil/ahluwaliacontractsindia/ACI12', 'columns': [{'name': 'change %', 'value': '2.62'}, {'name': 'LTP', 'value': '821.20'}, {'name': '10-Volume Indicator value', 'value': '140,372.00'}]}",OHLC_D_I_10DELVBULL,Above Average Volume - Bullish,Stocks experiencing higher-than-average volume today.,27,Volume & Delivery,Stocks experiencing higher-than-average volume today. Todays volume compared to 10 day average volume,,,False,1,N,,OHLC_D_I_10DELVBULL
1784891717,"{'stkname': 'Vikas Ecotech', 'ltp': '', 'perChg': '', 'stkId': 'VL06', 'displayLock': 'N', 'scanproflg': 1, 'scUrl': 'chemicals/vikasecotech/VGO01', 'columns': [{'name': 'change %', 'value': '1.82'}, {'name': 'LTP', 'value': '1.12'}, {'name': '10-Volume Indicator value', 'value': '2,067,962.00'}]}",OHLC_D_I_10DELVBULL,Above Average Volume - Bullish,Stocks experiencing higher-than-average volume today.,27,Volume & Delivery,Stocks experiencing higher-than-average volume today. Todays volume compared to 10 day average volume,,,False,1,N,,OHLC_D_I_10DELVBULL
1784891717,"{'stkname': 'Guj Alkali', 'ltp': '', 'perChg': '', 'stkId': 'GAC01', 'displayLock': 'N', 'scanproflg': 1, 'scUrl': 'chemicals/gujaratalkalieschemicals/GAC01', 'columns': [{'name': 'change %', 'value': '4.49'}, {'name': 'LTP', 'value': '672.90'}, {'name': '10-Volume Indicator value', 'value': '940,490.00'}]}",OHLC_D_I_10DELVBULL,Above Average Volume - Bullish,Stocks experiencing higher-than-average volume today.,27,Volume & Delivery,Stocks experiencing higher-than-average volume today. Todays volume compared to 10 day average volume,,,False,1,N,,OHLC_D_I_10DELVBULL
1784891717,"{'stkname': 'Apcotex Ind', 'ltp': '', 'perChg': '', 'stkId': 'AL05', 'displayLock': 'N', 'scanproflg': 1, 'scUrl': 'rubber/apcotexindustries/AI58', 'columns': [{'name': 'change %', 'value': '0.78'}, {'name': 'LTP', 'value': '565.00'}, {'name': '10-Volume Indicator value', 'value': '181,713.00'}]}",OHLC_D_I_10DELVBULL,Above Average Volume - Bullish,Stocks experiencing higher-than-average volume today.,27,Volume & Delivery,Stocks experiencing higher-than-average volume today. Todays volume compared to 10 day average volume,,,False,1,N,,OHLC_D_I_10DELVBULL
1784891717,"{'stkname': 'Manali Petro', 'ltp': '', 'perChg': '', 'stkId': 'MP02', 'displayLock': 'N', 'scanproflg': 1, 'scUrl': 'petrochemicals/manalipetrochemicals/MP02', 'columns': [{'name': 'change %', 'value': '1.85'}, {'name': 'LTP', 'value': '66.00'}, {'name': '10-Volume Indicator value', 'value': '972,417.00'}]}",OHLC_D_I_10DELVBULL,Above Average Volume - Bullish,Stocks experiencing higher-than-average volume today.,27,Volume & Delivery,Stocks experiencing higher-than-average volume today. Todays volume compared to 10 day average volume,,,False,1,N,,OHLC_D_I_10DELVBULL
1784891717,"{'stkname': 'Orient Bell', 'ltp': '', 'perChg': '', 'stkId': 'OCI', 'displayLock': 'N', 'scanproflg': 1, 'scUrl': 'ceramicsgranite/orientbell/OCI', 'columns': [{'name': 'change %', 'value': '1.23'}, {'name': 'LTP', 'value': '320.00'}, {'name': '10-Volume Indicator value', 'value': '13,382.00'}]}",OHLC_D_I_10DELVBULL,Above Average Volume - Bullish,Stocks experiencing higher-than-average volume today.,27,Volume & Delivery,Stocks experiencing higher-than-average volume today. Todays volume compared to 10 day average volume,,,False,1,N,,OHLC_D_I_10DELVBULL
1784891717,"{'stkname': 'Shree Digvijay', 'ltp': '', 'perChg': '', 'stkId': 'SDC', 'displayLock': 'N', 'scanproflg': 1, 'scUrl': 'cement-major/shreedigvijaycementcompany/SDC', 'columns': [{'name': 'change %', 'value': '1.95'}, {'name': 'LTP', 'value': '76.35'}, {'name': '10-Volume Indicator value', 'value': '247,611.00'}]}",OHLC_D_I_10DELVBULL,Above Average Volume - Bullish,Stocks experiencing higher-than-average volume today.,27,Volume & Delivery,Stocks experiencing higher-than-average volume today. Todays volume compared to 10 day average volume,,,False,1,N,,OHLC_D_I_10DELVBULL
1784891717,"{'stkname': 'ACC', 'ltp': '', 'perChg': '', 'stkId': 'ACC', 'displayLock': 'N', 'scanproflg': 1, 'scUrl': 'cement-major/acc/ACC06', 'columns': [{'name': 'change %', 'value': '0.61'}, {'name': 'LTP', 'value': '1,342.00'}, {'name': '10-Volume Indicator value', 'value': '469,942.00'}]}",OHLC_D_I_10DELVBULL,Above Average Volume - Bullish,Stocks experiencing higher-than-average volume today.,27,Volume & Delivery,Stocks experiencing higher-than-average volume today. Todays volume compared to 10 day average volume,,,False,1,N,,OHLC_D_I_10DELVBULL
1784891717,"{'stkname': 'Atul', 'ltp': '', 'perChg': '', 'stkId': 'A06', 'displayLock': 'N', 'scanproflg': 1, 'scUrl': 'chemicals/atul/A06', 'columns': [{'name': 'change %', 'value': '5.60'}, {'name': 'LTP', 'value': '6,473.50'}, {'name': '10-Volume Indicator value', 'value': '403,601.00'}]}",OHLC_D_I_10DELVBULL,Above Average Volume - Bullish,Stocks experiencing higher-than-average volume today.,27,Volume & Delivery,Stocks experiencing higher-than-average volume today. Todays volume compared to 10 day average volume,,,False,1,N,,OHLC_D_I_10DELVBULL
1784891717,"{'stkname': 'Diamond Power', 'ltp': '', 'perChg': '', 'stkId': 'DC05', 'displayLock': 'N', 'scanproflg': 1, 'scUrl': 'cables-powerothers/diamondpowerinfrastructure/DC05', 'columns': [{'name': 'change %', 'value': '7.40'}, {'name': 'LTP', 'value': '294.20'}, {'name': '10-Volume Indicator value', 'value': '1.54'}]}",OHLC_D_I_10DELVBULL,Above Average Volume - Bullish,Stocks experiencing higher-than-average volume today.,27,Volume & Delivery,Stocks experiencing higher-than-average volume today. Todays volume compared to 10 day average volume,,,False,1,N,,OHLC_D_I_10DELVBULL
1784891717,"{'stkname': 'R R Kabel', 'ltp': '', 'perChg': '', 'stkId': 'K04', 'displayLock': 'N', 'scanproflg': 1, 'scUrl': 'cables/rrkabel/K04', 'columns': [{'name': 'change %', 'value': '5.37'}, {'name': 'LTP', 'value': '2,505.90'}, {'name': '10-Volume Indicator value', 'value': '943,390.00'}]}",OHLC_D_I_10DELVBULL,Above Average Volume - Bullish,Stocks experiencing higher-than-average volume today.,27,Volume & Delivery,Stocks experiencing higher-than-average volume today. Todays volume compared to 10 day average volume,,,False,1,N,,OHLC_D_I_10DELVBULL
1784891717,"{'stkname': 'Bank of Mah', 'ltp': '', 'perChg': '', 'stkId': 'BM05', 'displayLock': 'N', 'scanproflg': 1, 'scUrl': 'banks-public-sector/bankmaharashtra/BM05', 'columns': [{'name': 'change %', 'value': '2.57'}, {'name': 'LTP', 'value': '80.50'}, {'name': '10-Volume Indicator value', 'value': '1.82'}]}",OHLC_D_I_10DELVBULL,Above Average Volume - Bullish,Stocks experiencing higher-than-average volume today.,27,Volume & Delivery,Stocks experiencing higher-than-average volume today. Todays volume compared to 10 day average volume,,,False,1,N,,OHLC_D_I_10DELVBULL
1784891717,"{'stkname': 'Sahyadri Ind', 'ltp': '', 'perChg': '', 'stkId': 'SI84', 'displayLock': 'N', 'scanproflg': 1, 'scUrl': 'cement-productsbuilding-materials/sahyadriindustries/SI86', 'columns': [{'name': 'change %', 'value': '1.00'}, {'name': 'LTP', 'value': '281.95'}, {'name': '10-Volume Indicator value', 'value': '11,721.00'}]}",OHLC_D_I_10DELVBULL,Above Average Volume - Bullish,Stocks experiencing higher-than-average volume today.,27,Volume & Delivery,Stocks experiencing higher-than-average volume today. Todays volume compared to 10 day average volume,,,False,1,N,,OHLC_D_I_10DELVBULL
1784891717,"{'stkname': 'Minda Corp', 'ltp': '', 'perChg': '', 'stkId': 'MC22', 'displayLock': 'N', 'scanproflg': 1, 'scUrl': 'auto-ancillaries/mindacorporation/MC23', 'columns': [{'name': 'change %', 'value': '3.15'}, {'name': 'LTP', 'value': '678.50'}, {'name': '10-Volume Indicator value', 'value': '192,527.00'}]}",OHLC_D_I_10DELVBULL,Above Average Volume - Bullish,Stocks experiencing higher-than-average volume today.,27,Volume & Delivery,Stocks experiencing higher-than-average volume today. Todays volume compared to 10 day average volume,,,False,1,N,,OHLC_D_I_10DELVBULL
1784891717,"{'stkname': 'SJS Enterprises', 'ltp': '', 'perChg': '', 'stkId': 'E09', 'displayLock': 'N', 'scanproflg': 1, 'scUrl': 'auto-ancillaries-others/sjsenterprises/E11', 'columns': [{'name': 'change %', 'value': '3.73'}, {'name': 'LTP', 'value': '2,360.00'}, {'name': '10-Volume Indicator value', 'value': '166,914.00'}]}",OHLC_D_I_10DELVBULL,Above Average Volume - Bullish,Stocks experiencing higher-than-average volume today.,27,Volume & Delivery,Stocks experiencing higher-than-average volume today. Todays volume compared to 10 day average volume,,,False,1,N,,OHLC_D_I_10DELVBULL
1784891717,"{'stkname': 'Lumax Inds', 'ltp': '', 'perChg': '', 'stkId': 'LI05', 'displayLock': 'N', 'scanproflg': 1, 'scUrl': 'auto-ancillaries/lumaxindustries/LI05', 'columns': [{'name': 'change %', 'value': '1.11'}, {'name': 'LTP', 'value': '5,150.00'}, {'name': '10-Volume Indicator value', 'value': '12,395.00'}]}",OHLC_D_I_10DELVBULL,Above Average Volume - Bullish,Stocks experiencing higher-than-average volume today.,27,Volume & Delivery,Stocks experiencing higher-than-average volume today. Todays volume compared to 10 day average volume,,,False,1,N,,OHLC_D_I_10DELVBULL
1784891717,"{'stkname': 'Finolex Cables', 'ltp': '', 'perChg': '', 'stkId': 'FC01', 'displayLock': 'N', 'scanproflg': 1, 'scUrl': 'cables-telephone/finolexcables/FC01', 'columns': [{'name': 'change %', 'value': '2.17'}, {'name': 'LTP', 'value': '999.00'}, {'name': '10-Volume Indicator value', 'value': '328,578.00'}]}",OHLC_D_I_10DELVBULL,Above Average Volume - Bullish,Stocks experiencing higher-than-average volume today.,27,Volume & Delivery,Stocks experiencing higher-than-average volume today. Todays volume compared to 10 day average volume,,,False,1,N,,OHLC_D_I_10DELVBULL
1784891717,"{'stkname': 'Orient Cement', 'ltp': '', 'perChg': '', 'stkId': 'OC12', 'displayLock': 'N', 'scanproflg': 1, 'scUrl': 'cement-major/orientcement/OC10', 'columns': [{'name': 'change %', 'value': '0.11'}, {'name': 'LTP', 'value': '134.50'}, {'name': '10-Volume Indicator value', 'value': '544,290.00'}]}",OHLC_D_I_10DELVBULL,Above Average Volume - Bullish,Stocks experiencing higher-than-average volume today.,27,Volume & Delivery,Stocks experiencing higher-than-average volume today. Todays volume compared to 10 day average volume,,,False,1,N,,OHLC_D_I_10DELVBULL
1784891717,"{'stkname': 'ANDHRSUGAR', 'ltp': '', 'perChg': '', 'stkId': 'AS18', 'displayLock': 'N', 'scanproflg': 1, 'scUrl': 'commodity-chemicals/theandhrasugar/AS18', 'columns': [{'name': 'change %', 'value': '1.79'}, {'name': 'LTP', 'value': '86.95'}, {'name': '10-Volume Indicator value', 'value': '301,413.00'}]}",OHLC_D_I_10DELVBULL,Above Average Volume - Bullish,Stocks experiencing higher-than-average volume today.,27,Volume & Delivery,Stocks experiencing higher-than-average volume today. Todays volume compared to 10 day average volume,,,False,1,N,,OHLC_D_I_10DELVBULL
1784891717,"{'stkname': 'Birla Cable', 'ltp': '', 'perChg': '', 'stkId': 'BEO', 'displayLock': 'N', 'scanproflg': 1, 'scUrl': 'cables-telephone/birlacable/BEO', 'columns': [{'name': 'change %', 'value': '0.58'}, {'name': 'LTP', 'value': '198.50'}, {'name': '10-Volume Indicator value', 'value': '56,790.00'}]}",OHLC_D_I_10DELVBULL,Above Average Volume - Bullish,Stocks experiencing higher-than-average volume today.,27,Volume & Delivery,Stocks experiencing higher-than-average volume today. Todays volume compared to 10 day average volume,,,False,1,N,,OHLC_D_I_10DELVBULL
1784891717,"{'stkname': 'Jay BharatMarut', 'ltp': '', 'perChg': '', 'stkId': 'JBM', 'displayLock': 'N', 'scanproflg': 1, 'scUrl': 'auto-ancillaries/jaybharatmaruti/JBM', 'columns': [{'name': 'change %', 'value': '1.46'}, {'name': 'LTP', 'value': '162.00'}, {'name': '10-Volume Indicator value', 'value': '1,357,211.00'}]}",OHLC_D_I_10DELVBULL,Above Average Volume - Bullish,Stocks experiencing higher-than-average volume today.,27,Volume & Delivery,Stocks experiencing higher-than-average volume today. Todays volume compared to 10 day average volume,,,False,1,N,,OHLC_D_I_10DELVBULL
1784891717,"{'stkname': 'Shanthi Gears', 'ltp': '', 'perChg': '', 'stkId': 'SG04', 'displayLock': 'N', 'scanproflg': 1, 'scUrl': 'auto-ancillaries/shanthigears/SG04', 'columns': [{'name': 'change %', 'value': '0.54'}, {'name': 'LTP', 'value': '417.50'}, {'name': '10-Volume Indicator value', 'value': '22,646.00'}]}",OHLC_D_I_10DELVBULL,Above Average Volume - Bullish,Stocks experiencing higher-than-average volume today.,27,Volume & Delivery,Stocks experiencing higher-than-average volume today. Todays volume compared to 10 day average volume,,,False,1,N,,OHLC_D_I_10DELVBULL
1784891717,"{'stkname': 'Ujjivan Small', 'ltp': '', 'perChg': '', 'stkId': 'USF', 'displayLock': 'N', 'scanproflg': 1, 'scUrl': 'bank-private/ujjivansmallfinancebank/USF', 'columns': [{'name': 'change %', 'value': '2.85'}, {'name': 'LTP', 'value': '70.74'}, {'name': '10-Volume Indicator value', 'value': '6.85'}]}",OHLC_D_I_10DELVBULL,Above Average Volume - Bullish,Stocks experiencing higher-than-average volume today.,27,Volume & Delivery,Stocks experiencing higher-than-average volume today. Todays volume compared to 10 day average volume,,,False,1,N,,OHLC_D_I_10DELVBULL
1784891717,"{'stkname': 'IEX', 'ltp': '', 'perChg': '', 'stkId': 'IEE', 'displayLock': 'N', 'scanproflg': 1, 'scUrl': 'diversified/indianenergyexchange/IEE', 'columns': [{'name': 'change %', 'value': '1.69'}, {'name': 'LTP', 'value': '124.00'}, {'name': '10-Volume Indicator value', 'value': '1.06'}]}",OHLC_D_I_10DELVBULL,Above Average Volume - Bullish,Stocks experiencing higher-than-average volume today.,27,Volume & Delivery,Stocks experiencing higher-than-average volume today. Todays volume compared to 10 day average volume,,,False,1,N,,OHLC_D_I_10DELVBULL
1784891717,"{'stkname': 'Timken', 'ltp': '', 'perChg': '', 'stkId': 'TT04', 'displayLock': 'N', 'scanproflg': 1, 'scUrl': 'bearings/timkenindia/TI23', 'columns': [{'name': 'change %', 'value': '1.07'}, {'name': 'LTP', 'value': '3,116.00'}, {'name': '10-Volume Indicator value', 'value': '77,943.00'}]}",OHLC_D_I_10DELVBULL,Above Average Volume - Bullish,Stocks experiencing higher-than-average volume today.,27,Volume & Delivery,Stocks experiencing higher-than-average volume today. Todays volume compared to 10 day average volume,,,False,1,N,,OHLC_D_I_10DELVBULL
1784891717,"{'stkname': 'Varroc Engineer', 'ltp': '', 'perChg': '', 'stkId': 'VE08', 'displayLock': 'N', 'scanproflg': 1, 'scUrl': 'engineering-heavy/varrocengineering/VE08', 'columns': [{'name': 'change %', 'value': '0.74'}, {'name': 'LTP', 'value': '645.50'}, {'name': '10-Volume Indicator value', 'value': '197,767.00'}]}",OHLC_D_I_10DELVBULL,Above Average Volume - Bullish,Stocks experiencing higher-than-average volume today.,27,Volume & Delivery,Stocks experiencing higher-than-average volume today. Todays volume compared to 10 day average volume,,,False,1,N,,OHLC_D_I_10DELVBULL
1784891717,"{'stkname': 'Escorts Kubota', 'ltp': '', 'perChg': '', 'stkId': 'E', 'displayLock': 'N', 'scanproflg': 1, 'scUrl': 'automobile-tractors/escortskubota/E', 'columns': [{'name': 'change %', 'value': '0.10'}, {'name': 'LTP', 'value': '2,910.00'}, {'name': '10-Volume Indicator value', 'value': '100,720.00'}]}",OHLC_D_I_10DELVBULL,Above Average Volume - Bullish,Stocks experiencing higher-than-average volume today.,27,Volume & Delivery,Stocks experiencing higher-than-average volume today. Todays volume compared to 10 day average volume,,,False,1,N,,OHLC_D_I_10DELVBULL
1784891717,"{'stkname': 'Sansera Eng', 'ltp': '', 'perChg': '', 'stkId': 'SE30', 'displayLock': 'N', 'scanproflg': 1, 'scUrl': 'auto-ancillaries-others/sanseraengineering/SE27', 'columns': [{'name': 'change %', 'value': '0.13'}, {'name': 'LTP', 'value': '3,193.00'}, {'name': '10-Volume Indicator value', 'value': '319,318.00'}]}",OHLC_D_I_10DELVBULL,Above Average Volume - Bullish,Stocks experiencing higher-than-average volume today.,27,Volume & Delivery,Stocks experiencing higher-than-average volume today. Todays volume compared to 10 day average volume,,,False,1,N,,OHLC_D_I_10DELVBULL
1784891717,"{'stkname': 'Atul Auto', 'ltp': '', 'perChg': '', 'stkId': 'AA08', 'displayLock': 'N', 'scanproflg': 1, 'scUrl': 'auto-23-wheelers/atulauto/AA08', 'columns': [{'name': 'change %', 'value': '0.01'}, {'name': 'LTP', 'value': '473.75'}, {'name': '10-Volume Indicator value', 'value': '82,283.00'}]}",OHLC_D_I_10DELVBULL,Above Average Volume - Bullish,Stocks experiencing higher-than-average volume today.,27,Volume & Delivery,Stocks experiencing higher-than-average volume today. Todays volume compared to 10 day average volume,,,False,1,N,,OHLC_D_I_10DELVBULL
1784891717,"{'stkname': 'Rico Auto', 'ltp': '', 'perChg': '', 'stkId': 'RA04', 'displayLock': 'N', 'scanproflg': 1, 'scUrl': 'auto-ancillaries/ricoauto/RA04', 'columns': [{'name': 'change %', 'value': '2.38'}, {'name': 'LTP', 'value': '138.65'}, {'name': '10-Volume Indicator value', 'value': '3,243,441.00'}]}",OHLC_D_I_10DELVBULL,Above Average Volume - Bullish,Stocks experiencing higher-than-average volume today.,27,Volume & Delivery,Stocks experiencing higher-than-average volume today. Todays volume compared to 10 day average volume,,,False,1,N,,OHLC_D_I_10DELVBULL
1784891717,"{'stkname': 'Jamna Auto', 'ltp': '', 'perChg': '', 'stkId': 'JAI', 'displayLock': 'N', 'scanproflg': 1, 'scUrl': 'auto-ancillaries/jamnaautoindustries/JAI', 'columns': [{'name': 'change %', 'value': '1.75'}, {'name': 'LTP', 'value': '133.09'}, {'name': '10-Volume Indicator value', 'value': '1,660,666.00'}]}",OHLC_D_I_10DELVBULL,Above Average Volume - Bullish,Stocks experiencing higher-than-average volume today.,27,Volume & Delivery,Stocks experiencing higher-than-average volume today. Todays volume compared to 10 day average volume,,,False,1,N,,OHLC_D_I_10DELVBULL
1784891717,"{'stkname': 'Pricol', 'ltp': '', 'perChg': '', 'stkId': 'PIC01', 'displayLock': 'N', 'scanproflg': 1, 'scUrl': 'auto-ancillaries/pricol/P9', 'columns': [{'name': 'change %', 'value': '0.55'}, {'name': 'LTP', 'value': '629.55'}, {'name': '10-Volume Indicator value', 'value': '501,790.00'}]}",OHLC_D_I_10DELVBULL,Above Average Volume - Bullish,Stocks experiencing higher-than-average volume today.,27,Volume & Delivery,Stocks experiencing higher-than-average volume today. Todays volume compared to 10 day average volume,,,False,1,N,,OHLC_D_I_10DELVBULL
1784891717,"{'stkname': 'Banco Products', 'ltp': '', 'perChg': '', 'stkId': 'BPI', 'displayLock': 'N', 'scanproflg': 1, 'scUrl': 'auto-ancillaries/bancoproductsindia/BPI', 'columns': [{'name': 'change %', 'value': '1.23'}, {'name': 'LTP', 'value': '615.50'}, {'name': '10-Volume Indicator value', 'value': '241,589.00'}]}",OHLC_D_I_10DELVBULL,Above Average Volume - Bullish,Stocks experiencing higher-than-average volume today.,27,Volume & Delivery,Stocks experiencing higher-than-average volume today. Todays volume compared to 10 day average volume,,,False,1,N,,OHLC_D_I_10DELVBULL
1784891717,"{'stkname': 'Everest Ind', 'ltp': '', 'perChg': '', 'stkId': 'EE02', 'displayLock': 'N', 'scanproflg': 1, 'scUrl': 'cement-productsbuilding-materials/everestindustries/EI19', 'columns': [{'name': 'change %', 'value': '4.99'}, {'name': 'LTP', 'value': '525.95'}, {'name': '10-Volume Indicator value', 'value': '37,814.00'}]}",OHLC_D_I_10DELVBULL,Above Average Volume - Bullish,Stocks experiencing higher-than-average volume today.,27,Volume & Delivery,Stocks experiencing higher-than-average volume today. Todays volume compared to 10 day average volume,,,False,1,N,,OHLC_D_I_10DELVBULL
1784891717,"{'stkname': 'Kabra Extrusion', 'ltp': '', 'perChg': '', 'stkId': 'KET', 'displayLock': 'N', 'scanproflg': 1, 'scUrl': 'engineering-heavy/kabraextrusiontechnik/KET', 'columns': [{'name': 'change %', 'value': '8.70'}, {'name': 'LTP', 'value': '381.60'}, {'name': '10-Volume Indicator value', 'value': '314,877.00'}]}",OHLC_D_I_10DELVBULL,Above Average Volume - Bullish,Stocks experiencing higher-than-average volume today.,27,Volume & Delivery,Stocks experiencing higher-than-average volume today. Todays volume compared to 10 day average volume,,,False,1,N,,OHLC_D_I_10DELVBULL
1784891717,"{'stkname': 'Universal Cable', 'ltp': '', 'perChg': '', 'stkId': 'UC', 'displayLock': 'N', 'scanproflg': 1, 'scUrl': 'cables-powerothers/universalcables/UC', 'columns': [{'name': 'change %', 'value': '2.72'}, {'name': 'LTP', 'value': '1,237.10'}, {'name': '10-Volume Indicator value', 'value': '122,434.00'}]}",OHLC_D_I_10DELVBULL,Above Average Volume - Bullish,Stocks experiencing higher-than-average volume today.,27,Volume & Delivery,Stocks experiencing higher-than-average volume today. Todays volume compared to 10 day average volume,,,False,1,N,,OHLC_D_I_10DELVBULL
1784891717,"{'stkname': 'Mahindra Logist', 'ltp': '', 'perChg': '', 'stkId': 'ML12', 'displayLock': 'N', 'scanproflg': 1, 'scUrl': 'diversified/mahindralogistics/ML04', 'columns': [{'name': 'change %', 'value': '6.23'}, {'name': 'LTP', 'value': '416.25'}, {'name': '10-Volume Indicator value', 'value': '1,695,671.00'}]}",OHLC_D_I_10DELVBULL,Above Average Volume - Bullish,Stocks experiencing higher-than-average volume today.,27,Volume & Delivery,Stocks experiencing higher-than-average volume today. Todays volume compared to 10 day average volume,,,False,1,N,,OHLC_D_I_10DELVBULL
1784891717,"{'stkname': 'Sterlite Techno', 'ltp': '', 'perChg': '', 'stkId': 'SO03', 'displayLock': 'N', 'scanproflg': 1, 'scUrl': 'cables-telephone/sterlitetechnologies/ST20', 'columns': [{'name': 'change %', 'value': '2.94'}, {'name': 'LTP', 'value': '565.00'}, {'name': '10-Volume Indicator value', 'value': '3,717,834.00'}]}",OHLC_D_I_10DELVBULL,Above Average Volume - Bullish,Stocks experiencing higher-than-average volume today.,27,Volume & Delivery,Stocks experiencing higher-than-average volume today. Todays volume compared to 10 day average volume,,,False,1,N,,OHLC_D_I_10DELVBULL
1784891717,"{'stkname': 'Tata Capital', 'ltp': '', 'perChg': '', 'stkId': 'TCL06', 'displayLock': 'N', 'scanproflg': 1, 'scUrl': 'finance-nbfc/tatacapital/TCL06', 'columns': [{'name': 'change %', 'value': '0.16'}, {'name': 'LTP', 'value': '342.00'}, {'name': '10-Volume Indicator value', 'value': '899,161.00'}]}",OHLC_D_I_10DELVBULL,Above Average Volume - Bullish,Stocks experiencing higher-than-average volume today.,27,Volume & Delivery,Stocks experiencing higher-than-average volume today. Todays volume compared to 10 day average volume,,,False,1,N,,OHLC_D_I_10DELVBULL
1784891717,"{'stkname': 'Jain Irrigation', 'ltp': '', 'perChg': '', 'stkId': 'JIS02', 'displayLock': 'N', 'scanproflg': 1, 'scUrl': 'plastics/jainirrigationsystems/JIS02', 'columns': [{'name': 'change %', 'value': '2.48'}, {'name': 'LTP', 'value': '30.20'}, {'name': '10-Volume Indicator value', 'value': '1,639,048.00'}]}",OHLC_D_I_10DELVBULL,Above Average Volume - Bullish,Stocks experiencing higher-than-average volume today.,27,Volume & Delivery,Stocks experiencing higher-than-average volume today. Todays volume compared to 10 day average volume,,,False,1,N,,OHLC_D_I_10DELVBULL
1784891717,"{'stkname': 'Persistent', 'ltp': '', 'perChg': '', 'stkId': 'PS15', 'displayLock': 'N', 'scanproflg': 1, 'scUrl': 'computers-software/persistentsystems/PS15', 'columns': [{'name': 'change %', 'value': '3.86'}, {'name': 'LTP', 'value': '5,195.00'}, {'name': '10-Volume Indicator value', 'value': '732,313.00'}]}",OHLC_D_I_10DELVBULL,Above Average Volume - Bullish,Stocks experiencing higher-than-average volume today.,27,Volume & Delivery,Stocks experiencing higher-than-average volume today. Todays volume compared to 10 day average volume,,,False,1,N,,OHLC_D_I_10DELVBULL
1784891717,"{'stkname': 'E2E Networks', 'ltp': '', 'perChg': '', 'stkId': 'EN', 'displayLock': 'N', 'scanproflg': 1, 'scUrl': 'it-servicesconsulting/e2enetworks/EN', 'columns': [{'name': 'change %', 'value': '5.00'}, {'name': 'LTP', 'value': '516.70'}, {'name': '10-Volume Indicator value', 'value': '7,140,040.00'}]}",OHLC_D_I_10DELVBULL,Above Average Volume - Bullish,Stocks experiencing higher-than-average volume today.,27,Volume & Delivery,Stocks experiencing higher-than-average volume today. Todays volume compared to 10 day average volume,,,False,1,N,,OHLC_D_I_10DELVBULL
1784891717,"{'stkname': 'United Spirits', 'ltp': '', 'perChg': '', 'stkId': 'MC08', 'displayLock': 'N', 'scanproflg': 1, 'scUrl': 'breweriesdistilleries/unitedspirits/US', 'columns': [{'name': 'change %', 'value': '3.24'}, {'name': 'LTP', 'value': '1,464.00'}, {'name': '10-Volume Indicator value', 'value': '3,954,136.00'}]}",OHLC_D_I_10DELVBULL,Above Average Volume - Bullish,Stocks experiencing higher-than-average volume today.,27,Volume & Delivery,Stocks experiencing higher-than-average volume today. Todays volume compared to 10 day average volume,,,False,1,N,,OHLC_D_I_10DELVBULL
1784891717,"{'stkname': 'Sundaram Fin', 'ltp': '', 'perChg': '', 'stkId': 'SF20', 'displayLock': 'N', 'scanproflg': 1, 'scUrl': 'finance-leasinghire-purchase/sundaramfinance/SF20', 'columns': [{'name': 'change %', 'value': '1.01'}, {'name': 'LTP', 'value': '4,460.00'}, {'name': '10-Volume Indicator value', 'value': '50,411.00'}]}",OHLC_D_I_10DELVBULL,Above Average Volume - Bullish,Stocks experiencing higher-than-average volume today.,27,Volume & Delivery,Stocks experiencing higher-than-average volume today. Todays volume compared to 10 day average volume,,,False,1,N,,OHLC_D_I_10DELVBULL
1784891717,"{'stkname': 'Cyient', 'ltp': '', 'perChg': '', 'stkId': 'IE07', 'displayLock': 'N', 'scanproflg': 1, 'scUrl': 'computers-software/cyient/IE07', 'columns': [{'name': 'change %', 'value': '0.64'}, {'name': 'LTP', 'value': '836.00'}, {'name': '10-Volume Indicator value', 'value': '2,956,537.00'}]}",OHLC_D_I_10DELVBULL,Above Average Volume - Bullish,Stocks experiencing higher-than-average volume today.,27,Volume & Delivery,Stocks experiencing higher-than-average volume today. Todays volume compared to 10 day average volume,,,False,1,N,,OHLC_D_I_10DELVBULL
1784891717,"{'stkname': 'NLC India', 'ltp': '', 'perChg': '', 'stkId': 'NLC', 'displayLock': 'N', 'scanproflg': 1, 'scUrl': 'power-generationdistribution/nlcindia/NLC', 'columns': [{'name': 'change %', 'value': '0.62'}, {'name': 'LTP', 'value': '292.50'}, {'name': '10-Volume Indicator value', 'value': '2,549,929.00'}]}",OHLC_D_I_10DELVBULL,Above Average Volume - Bullish,Stocks experiencing higher-than-average volume today.,27,Volume & Delivery,Stocks experiencing higher-than-average volume today. Todays volume compared to 10 day average volume,,,False,1,N,,OHLC_D_I_10DELVBULL
1784891717,"{'stkname': 'Jindal Worldwid', 'ltp': '', 'perChg': '', 'stkId': 'JW01', 'displayLock': 'N', 'scanproflg': 1, 'scUrl': 'textiles-general/jindalworldwide/JW01', 'columns': [{'name': 'change %', 'value': '12.78'}, {'name': 'LTP', 'value': '38.39'}, {'name': '10-Volume Indicator value', 'value': '7.20'}]}",OHLC_D_I_10DELVBULL,Above Average Volume - Bullish,Stocks experiencing higher-than-average volume today.,27,Volume & Delivery,Stocks experiencing higher-than-average volume today. Todays volume compared to 10 day average volume,,,False,1,N,,OHLC_D_I_10DELVBULL
1784891717,"{'stkname': 'Godrej Agrovet', 'ltp': '', 'perChg': '', 'stkId': 'GA08', 'displayLock': 'N', 'scanproflg': 1, 'scUrl': 'miscellaneous/godrejagrovet/GA03', 'columns': [{'name': 'change %', 'value': '2.25'}, {'name': 'LTP', 'value': '573.80'}, {'name': '10-Volume Indicator value', 'value': '111,116.00'}]}",OHLC_D_I_10DELVBULL,Above Average Volume - Bullish,Stocks experiencing higher-than-average volume today.,27,Volume & Delivery,Stocks experiencing higher-than-average volume today. Todays volume compared to 10 day average volume,,,False,1,N,,OHLC_D_I_10DELVBULL
1784891717,"{'stkname': 'Nath Bio-Genes', 'ltp': '', 'perChg': '', 'stkId': 'NBG', 'displayLock': 'N', 'scanproflg': 1, 'scUrl': 'pharmaceuticals/nathbio-genes/NBG', 'columns': [{'name': 'change %', 'value': '3.59'}, {'name': 'LTP', 'value': '160.20'}, {'name': '10-Volume Indicator value', 'value': '19,093.00'}]}",OHLC_D_I_10DELVBULL,Above Average Volume - Bullish,Stocks experiencing higher-than-average volume today.,27,Volume & Delivery,Stocks experiencing higher-than-average volume today. Todays volume compared to 10 day average volume,,,False,1,N,,OHLC_D_I_10DELVBULL
1784891717,"{'stkname': 'Torrent Power', 'ltp': '', 'perChg': '', 'stkId': 'TP13', 'displayLock': 'N', 'scanproflg': 1, 'scUrl': 'power-generationdistribution/torrentpower/TP14', 'columns': [{'name': 'change %', 'value': '0.42'}, {'name': 'LTP', 'value': '1,436.00'}, {'name': '10-Volume Indicator value', 'value': '509,148.00'}]}",OHLC_D_I_10DELVBULL,Above Average Volume - Bullish,Stocks experiencing higher-than-average volume today.,27,Volume & Delivery,Stocks experiencing higher-than-average volume today. Todays volume compared to 10 day average volume,,,False,1,N,,OHLC_D_I_10DELVBULL
1784891717,"{'stkname': 'ITC', 'ltp': '', 'perChg': '', 'stkId': 'ITC', 'displayLock': 'N', 'scanproflg': 1, 'scUrl': 'diversified/itc/ITC', 'columns': [{'name': 'change %', 'value': '0.96'}, {'name': 'LTP', 'value': '284.00'}, {'name': '10-Volume Indicator value', 'value': '2.49'}]}",OHLC_D_I_10DELVBULL,Above Average Volume - Bullish,Stocks experiencing higher-than-average volume today.,27,Volume & Delivery,Stocks experiencing higher-than-average volume today. Todays volume compared to 10 day average volume,,,False,1,N,,OHLC_D_I_10DELVBULL
1784891717,"{'stkname': 'Rail Vikas', 'ltp': '', 'perChg': '', 'stkId': 'RVN', 'displayLock': 'N', 'scanproflg': 1, 'scUrl': 'miscellaneous/railvikasnigam/RVN', 'columns': [{'name': 'change %', 'value': '0.16'}, {'name': 'LTP', 'value': '224.48'}, {'name': '10-Volume Indicator value', 'value': '5,201,168.00'}]}",OHLC_D_I_10DELVBULL,Above Average Volume - Bullish,Stocks experiencing higher-than-average volume today.,27,Volume & Delivery,Stocks experiencing higher-than-average volume today. Todays volume compared to 10 day average volume,,,False,1,N,,OHLC_D_I_10DELVBULL
1784891717,"{'stkname': 'Marico', 'ltp': '', 'perChg': '', 'stkId': 'MI25', 'displayLock': 'N', 'scanproflg': 1, 'scUrl': 'personal-care/marico/M13', 'columns': [{'name': 'change %', 'value': '0.54'}, {'name': 'LTP', 'value': '857.80'}, {'name': '10-Volume Indicator value', 'value': '1,968,473.00'}]}",OHLC_D_I_10DELVBULL,Above Average Volume - Bullish,Stocks experiencing higher-than-average volume today.,27,Volume & Delivery,Stocks experiencing higher-than-average volume today. Todays volume compared to 10 day average volume,,,False,1,N,,OHLC_D_I_10DELVBULL
1784891717,"{'stkname': 'MphasiS', 'ltp': '', 'perChg': '', 'stkId': 'BFL', 'displayLock': 'N', 'scanproflg': 1, 'scUrl': 'computers-software/mphasis/MB02', 'columns': [{'name': 'change %', 'value': '2.22'}, {'name': 'LTP', 'value': '2,282.00'}, {'name': '10-Volume Indicator value', 'value': '2,105,333.00'}]}",OHLC_D_I_10DELVBULL,Above Average Volume - Bullish,Stocks experiencing higher-than-average volume today.,27,Volume & Delivery,Stocks experiencing higher-than-average volume today. Todays volume compared to 10 day average volume,,,False,1,N,,OHLC_D_I_10DELVBULL
1784891717,"{'stkname': 'Exide Ind', 'ltp': '', 'perChg': '', 'stkId': 'EI', 'displayLock': 'N', 'scanproflg': 1, 'scUrl': 'auto-ancillaries/exideindustries/EI', 'columns': [{'name': 'change %', 'value': '0.03'}, {'name': 'LTP', 'value': '439.90'}, {'name': '10-Volume Indicator value', 'value': '7,332,091.00'}]}",OHLC_D_I_10DELVBULL,Above Average Volume - Bullish,Stocks experiencing higher-than-average volume today.,27,Volume & Delivery,Stocks experiencing higher-than-average volume today. Todays volume compared to 10 day average volume,,,False,1,N,,OHLC_D_I_10DELVBULL
1784891717,"{'stkname': 'Hind Zinc', 'ltp': '', 'perChg': '', 'stkId': 'HZ', 'displayLock': 'N', 'scanproflg': 1, 'scUrl': 'metals-non-ferrous/hindustanzinc/HZ', 'columns': [{'name': 'change %', 'value': '0.47'}, {'name': 'LTP', 'value': '533.65'}, {'name': '10-Volume Indicator value', 'value': '5,494,610.00'}]}",OHLC_D_I_10DELVBULL,Above Average Volume - Bullish,Stocks experiencing higher-than-average volume today.,27,Volume & Delivery,Stocks experiencing higher-than-average volume today. Todays volume compared to 10 day average volume,,,False,1,N,,OHLC_D_I_10DELVBULL
1784891717,"{'stkname': 'Pidilite Ind', 'ltp': '', 'perChg': '', 'stkId': 'PI11', 'displayLock': 'N', 'scanproflg': 1, 'scUrl': 'chemicals/pidiliteindustries/PI11', 'columns': [{'name': 'change %', 'value': '0.51'}, {'name': 'LTP', 'value': '1,572.10'}, {'name': '10-Volume Indicator value', 'value': '2,199,972.00'}]}",OHLC_D_I_10DELVBULL,Above Average Volume - Bullish,Stocks experiencing higher-than-average volume today.,27,Volume & Delivery,Stocks experiencing higher-than-average volume today. Todays volume compared to 10 day average volume,,,False,1,N,,OHLC_D_I_10DELVBULL
1784891717,"{'stkname': 'Canara Bank', 'ltp': '', 'perChg': '', 'stkId': 'CB06', 'displayLock': 'N', 'scanproflg': 1, 'scUrl': 'banks-public-sector/canarabank/CB06', 'columns': [{'name': 'change %', 'value': '0.50'}, {'name': 'LTP', 'value': '125.85'}, {'name': '10-Volume Indicator value', 'value': '3.67'}]}",OHLC_D_I_10DELVBULL,Above Average Volume - Bullish,Stocks experiencing higher-than-average volume today.,27,Volume & Delivery,Stocks experiencing higher-than-average volume today. Todays volume compared to 10 day average volume,,,False,1,N,,OHLC_D_I_10DELVBULL
1784891717,"{'stkname': 'Indian Renew', 'ltp': '', 'perChg': '', 'stkId': 'IREDAL', 'displayLock': 'N', 'scanproflg': 1, 'scUrl': 'power-generationdistribution/indianrenewableenergydevelopmentagency/IREDAL', 'columns': [{'name': 'change %', 'value': '0.81'}, {'name': 'LTP', 'value': '120.55'}, {'name': '10-Volume Indicator value', 'value': '4,771,755.00'}]}",OHLC_D_I_10DELVBULL,Above Average Volume - Bullish,Stocks experiencing higher-than-average volume today.,27,Volume & Delivery,Stocks experiencing higher-than-average volume today. Todays volume compared to 10 day average volume,,,False,1,N,,OHLC_D_I_10DELVBULL
1784891717,"{'stkname': 'COFORGE', 'ltp': '', 'perChg': '', 'stkId': 'NII02', 'displayLock': 'N', 'scanproflg': 1, 'scUrl': 'computers-software/coforge/NII02', 'columns': [{'name': 'change %', 'value': '3.20'}, {'name': 'LTP', 'value': '1,486.00'}, {'name': '10-Volume Indicator value', 'value': '3,440,581.00'}]}",OHLC_D_I_10DELVBULL,Above Average Volume - Bullish,Stocks experiencing higher-than-average volume today.,27,Volume & Delivery,Stocks experiencing higher-than-average volume today. Todays volume compared to 10 day average volume,,,False,1,N,,OHLC_D_I_10DELVBULL
1784891717,"{'stkname': 'Force Motors', 'ltp': '', 'perChg': '', 'stkId': 'BT', 'displayLock': 'N', 'scanproflg': 1, 'scUrl': 'auto-lcvshcvs/forcemotors/FM01', 'columns': [{'name': 'change %', 'value': '1.15'}, {'name': 'LTP', 'value': '17,610.00'}, {'name': '10-Volume Indicator value', 'value': '112,128.00'}]}",OHLC_D_I_10DELVBULL,Above Average Volume - Bullish,Stocks experiencing higher-than-average volume today.,27,Volume & Delivery,Stocks experiencing higher-than-average volume today. Todays volume compared to 10 day average volume,,,False,1,N,,OHLC_D_I_10DELVBULL
1784891717,"{'stkname': 'Bajaj Holdings', 'ltp': '', 'perChg': '', 'stkId': 'BA', 'displayLock': 'N', 'scanproflg': 1, 'scUrl': 'finance-investments/bajajholdingsinvestment/BHI', 'columns': [{'name': 'change %', 'value': '0.55'}, {'name': 'LTP', 'value': '10,694.00'}, {'name': '10-Volume Indicator value', 'value': '73,478.00'}]}",OHLC_D_I_10DELVBULL,Above Average Volume - Bullish,Stocks experiencing higher-than-average volume today.,27,Volume & Delivery,Stocks experiencing higher-than-average volume today. Todays volume compared to 10 day average volume,,,False,1,N,,OHLC_D_I_10DELVBULL
1784891717,"{'stkname': 'Godfrey Phillip', 'ltp': '', 'perChg': '', 'stkId': 'GPI', 'displayLock': 'N', 'scanproflg': 1, 'scUrl': 'cigarettes/godfreyphillipsindia/GPI', 'columns': [{'name': 'change %', 'value': '3.93'}, {'name': 'LTP', 'value': '2,127.00'}, {'name': '10-Volume Indicator value', 'value': '408,336.00'}]}",OHLC_D_I_10DELVBULL,Above Average Volume - Bullish,Stocks experiencing higher-than-average volume today.,27,Volume & Delivery,Stocks experiencing higher-than-average volume today. Todays volume compared to 10 day average volume,,,False,1,N,,OHLC_D_I_10DELVBULL
1784891717,"{'stkname': 'IDFC First Bank', 'ltp': '', 'perChg': '', 'stkId': 'IDF01', 'displayLock': 'N', 'scanproflg': 1, 'scUrl': 'banks-private-sector/idfcfirstbank/IDF01', 'columns': [{'name': 'change %', 'value': '1.25'}, {'name': 'LTP', 'value': '80.90'}, {'name': '10-Volume Indicator value', 'value': '1.62'}]}",OHLC_D_I_10DELVBULL,Above Average Volume - Bullish,Stocks experiencing higher-than-average volume today.,27,Volume & Delivery,Stocks experiencing higher-than-average volume today. Todays volume compared to 10 day average volume,,,False,1,N,,OHLC_D_I_10DELVBULL
1784891717,"{'stkname': 'SRF', 'ltp': '', 'perChg': '', 'stkId': 'SRF', 'displayLock': 'N', 'scanproflg': 1, 'scUrl': 'diversified/srf/SRF', 'columns': [{'name': 'change %', 'value': '1.75'}, {'name': 'LTP', 'value': '2,668.50'}, {'name': '10-Volume Indicator value', 'value': '1,245,937.00'}]}",OHLC_D_I_10DELVBULL,Above Average Volume - Bullish,Stocks experiencing higher-than-average volume today.,27,Volume & Delivery,Stocks experiencing higher-than-average volume today. Todays volume compared to 10 day average volume,,,False,1,N,,OHLC_D_I_10DELVBULL
1784891717,"{'stkname': 'Cipla', 'ltp': '', 'perChg': '', 'stkId': 'C', 'displayLock': 'N', 'scanproflg': 1, 'scUrl': 'pharmaceuticals/cipla/C', 'columns': [{'name': 'change %', 'value': '1.15'}, {'name': 'LTP', 'value': '1,409.00'}, {'name': '10-Volume Indicator value', 'value': '2,917,718.00'}]}",OHLC_D_I_10DELVBULL,Above Average Volume - Bullish,Stocks experiencing higher-than-average volume today.,27,Volume & Delivery,Stocks experiencing higher-than-average volume today. Todays volume compared to 10 day average volume,,,False,1,N,,OHLC_D_I_10DELVBULL
1784891717,"{'stkname': 'Radico Khaitan', 'ltp': '', 'perChg': '', 'stkId': 'RK01', 'displayLock': 'N', 'scanproflg': 1, 'scUrl': 'breweriesdistilleries/radicokhaitan/RK01', 'columns': [{'name': 'change %', 'value': '1.20'}, {'name': 'LTP', 'value': '4,114.00'}, {'name': '10-Volume Indicator value', 'value': '343,768.00'}]}",OHLC_D_I_10DELVBULL,Above Average Volume - Bullish,Stocks experiencing higher-than-average volume today.,27,Volume & Delivery,Stocks experiencing higher-than-average volume today. Todays volume compared to 10 day average volume,,,False,1,N,,OHLC_D_I_10DELVBULL
1784891717,"{'stkname': 'Apar Ind', 'ltp': '', 'perChg': '', 'stkId': 'AI40', 'displayLock': 'N', 'scanproflg': 1, 'scUrl': 'electric-equipment/aparindustries/AI40', 'columns': [{'name': 'change %', 'value': '2.81'}, {'name': 'LTP', 'value': '13,800.00'}, {'name': '10-Volume Indicator value', 'value': '485,026.00'}]}",OHLC_D_I_10DELVBULL,Above Average Volume - Bullish,Stocks experiencing higher-than-average volume today.,27,Volume & Delivery,Stocks experiencing higher-than-average volume today. Todays volume compared to 10 day average volume,,,False,1,N,,OHLC_D_I_10DELVBULL
1784891717,"{'stkname': 'Chola Invest.', 'ltp': '', 'perChg': '', 'stkId': 'CIF01', 'displayLock': 'N', 'scanproflg': 1, 'scUrl': 'finance-nbfc/cholamandalaminvestmentfinancecompany/CDB', 'columns': [{'name': 'change %', 'value': '0.24'}, {'name': 'LTP', 'value': '1,721.50'}, {'name': '10-Volume Indicator value', 'value': '1,912,110.00'}]}",OHLC_D_I_10DELVBULL,Above Average Volume - Bullish,Stocks experiencing higher-than-average volume today.,27,Volume & Delivery,Stocks experiencing higher-than-average volume today. Todays volume compared to 10 day average volume,,,False,1,N,,OHLC_D_I_10DELVBULL
1784891717,"{'stkname': 'UNO Minda', 'ltp': '', 'perChg': '', 'stkId': 'MI44', 'displayLock': 'N', 'scanproflg': 1, 'scUrl': 'auto-ancillaries-head-lampslights/unominda/MI4', 'columns': [{'name': 'change %', 'value': '0.16'}, {'name': 'LTP', 'value': '1,131.70'}, {'name': '10-Volume Indicator value', 'value': '1,005,124.00'}]}",OHLC_D_I_10DELVBULL,Above Average Volume - Bullish,Stocks experiencing higher-than-average volume today.,27,Volume & Delivery,Stocks experiencing higher-than-average volume today. Todays volume compared to 10 day average volume,,,False,1,N,,OHLC_D_I_10DELVBULL
1784891717,"{'stkname': 'Tata Elxsi', 'ltp': '', 'perChg': '', 'stkId': 'TEI', 'displayLock': 'N', 'scanproflg': 1, 'scUrl': 'computers-software/tataelxsi/TE', 'columns': [{'name': 'change %', 'value': '4.41'}, {'name': 'LTP', 'value': '3,537.00'}, {'name': '10-Volume Indicator value', 'value': '1,304,445.00'}]}",OHLC_D_I_10DELVBULL,Above Average Volume - Bullish,Stocks experiencing higher-than-average volume today.,27,Volume & Delivery,Stocks experiencing higher-than-average volume today. Todays volume compared to 10 day average volume,,,False,1,N,,OHLC_D_I_10DELVBULL
1784891717,"{'stkname': 'Max Financial', 'ltp': '', 'perChg': '', 'stkId': 'MI', 'displayLock': 'N', 'scanproflg': 1, 'scUrl': 'finance-investments/maxfinancialservices/MI', 'columns': [{'name': 'change %', 'value': '0.07'}, {'name': 'LTP', 'value': '1,505.00'}, {'name': '10-Volume Indicator value', 'value': '1,112,478.00'}]}",OHLC_D_I_10DELVBULL,Above Average Volume - Bullish,Stocks experiencing higher-than-average volume today.,27,Volume & Delivery,Stocks experiencing higher-than-average volume today. Todays volume compared to 10 day average volume,,,False,1,N,,OHLC_D_I_10DELVBULL
1784891717,"{'stkname': 'DSP Next50', 'ltp': '', 'perChg': '', 'stkId': 'DNN', 'displayLock': 'N', 'scanproflg': 1, 'scUrl': 'etf/dspniftynext50etf/DNN', 'columns': [{'name': 'change %', 'value': '1.43'}, {'name': 'LTP', 'value': '73.26'}, {'name': '10-Volume Indicator value', 'value': '6,423.00'}]}",OHLC_D_I_10DELVBULL,Above Average Volume - Bullish,Stocks experiencing higher-than-average volume today.,27,Volume & Delivery,Stocks experiencing higher-than-average volume today. Todays volume compared to 10 day average volume,,,False,1,N,,OHLC_D_I_10DELVBULL
1784891717,"{'stkname': 'SBILIQETF', 'ltp': '', 'perChg': '', 'stkId': 'SBILI75849', 'displayLock': 'N', 'scanproflg': 1, 'scUrl': 'miscellaneous/sbiliqetf/SBILI75849', 'columns': [{'name': 'change %', 'value': '0.04'}, {'name': 'LTP', 'value': '1,049.07'}, {'name': '10-Volume Indicator value', 'value': '53,061.00'}]}",OHLC_D_I_10DELVBULL,Above Average Volume - Bullish,Stocks experiencing higher-than-average volume today.,27,Volume & Delivery,Stocks experiencing higher-than-average volume today. Todays volume compared to 10 day average volume,,,False,1,N,,OHLC_D_I_10DELVBULL
1784891717,"{'stkname': 'Laurus Labs', 'ltp': '', 'perChg': '', 'stkId': 'LL06', 'displayLock': 'N', 'scanproflg': 1, 'scUrl': 'pharmaceuticals/lauruslabs/LL05', 'columns': [{'name': 'change %', 'value': '2.53'}, {'name': 'LTP', 'value': '1,608.00'}, {'name': '10-Volume Indicator value', 'value': '2,647,075.00'}]}",OHLC_D_I_10DELVBULL,Above Average Volume - Bullish,Stocks experiencing higher-than-average volume today.,27,Volume & Delivery,Stocks experiencing higher-than-average volume today. Todays volume compared to 10 day average volume,,,False,1,N,,OHLC_D_I_10DELVBULL
1784891717,"{'stkname': 'Ipru NiftyNext', 'ltp': '', 'perChg': '', 'stkId': 'ICICI4529', 'displayLock': 'N', 'scanproflg': 1, 'scUrl': 'etf/iciciprudentialniftynext50etf/ICICI4529', 'columns': [{'name': 'change %', 'value': '0.24'}, {'name': 'LTP', 'value': '75.85'}, {'name': '10-Volume Indicator value', 'value': '892,258.00'}]}",OHLC_D_I_10DELVBULL,Above Average Volume - Bullish,Stocks experiencing higher-than-average volume today.,27,Volume & Delivery,Stocks experiencing higher-than-average volume today. Todays volume compared to 10 day average volume,,,False,1,N,,OHLC_D_I_10DELVBULL
1784891717,"{'stkname': 'Ipru Nifty Pri', 'ltp': '', 'perChg': '', 'stkId': 'PVTBA11386', 'displayLock': 'N', 'scanproflg': 1, 'scUrl': 'etf/iciciprudentialniftyprivatebanketf/PVTBA11386', 'columns': [{'name': 'change %', 'value': '0.25'}, {'name': 'LTP', 'value': '27.58'}, {'name': '10-Volume Indicator value', 'value': '1.39'}]}",OHLC_D_I_10DELVBULL,Above Average Volume - Bullish,Stocks experiencing higher-than-average volume today.,27,Volume & Delivery,Stocks experiencing higher-than-average volume today. Todays volume compared to 10 day average volume,,,False,1,N,,OHLC_D_I_10DELVBULL
1784891717,"{'stkname': 'IC QUAL30IETF', 'ltp': '', 'perChg': '', 'stkId': 'QUAL317808', 'displayLock': 'N', 'scanproflg': 1, 'scUrl': 'etf/iciciprudentialnifty200quality30etf/QUAL317808', 'columns': [{'name': 'change %', 'value': '0.96'}, {'name': 'LTP', 'value': '20.98'}, {'name': '10-Volume Indicator value', 'value': '86,838.00'}]}",OHLC_D_I_10DELVBULL,Above Average Volume - Bullish,Stocks experiencing higher-than-average volume today.,27,Volume & Delivery,Stocks experiencing higher-than-average volume today. Todays volume compared to 10 day average volume,,,False,1,N,,OHLC_D_I_10DELVBULL
1784891717,"{'stkname': 'Ipru BSESensex', 'ltp': '', 'perChg': '', 'stkId': 'ICI09', 'displayLock': 'N', 'scanproflg': 1, 'scUrl': 'etf/iciciprudentialbsesensexetf/ICI09', 'columns': [{'name': 'change %', 'value': '0.32'}, {'name': 'LTP', 'value': '879.80'}, {'name': '10-Volume Indicator value', 'value': '8,738.00'}]}",OHLC_D_I_10DELVBULL,Above Average Volume - Bullish,Stocks experiencing higher-than-average volume today.,27,Volume & Delivery,Stocks experiencing higher-than-average volume today. Todays volume compared to 10 day average volume,,,False,1,N,,OHLC_D_I_10DELVBULL
1784891717,"{'stkname': 'Ipru SilverETF', 'ltp': '', 'perChg': '', 'stkId': 'IPS01', 'displayLock': 'N', 'scanproflg': 1, 'scUrl': 'etf/iciciprudentialsilveretf/IPS02', 'columns': [{'name': 'change %', 'value': '0.05'}, {'name': 'LTP', 'value': '220.39'}, {'name': '10-Volume Indicator value', 'value': '3,323,102.00'}]}",OHLC_D_I_10DELVBULL,Above Average Volume - Bullish,Stocks experiencing higher-than-average volume today.,27,Volume & Delivery,Stocks experiencing higher-than-average volume today. Todays volume compared to 10 day average volume,,,False,1,N,,OHLC_D_I_10DELVBULL
1784891717,"{'stkname': 'Zero Nifty 100', 'ltp': '', 'perChg': '', 'stkId': 'ZN1', 'displayLock': 'N', 'scanproflg': 1, 'scUrl': 'etf/zerodhanifty100etf/ZN1', 'columns': [{'name': 'change %', 'value': '0.10'}, {'name': 'LTP', 'value': '10.47'}, {'name': '10-Volume Indicator value', 'value': '832,173.00'}]}",OHLC_D_I_10DELVBULL,Above Average Volume - Bullish,Stocks experiencing higher-than-average volume today.,27,Volume & Delivery,Stocks experiencing higher-than-average volume today. Todays volume compared to 10 day average volume,,,False,1,N,,OHLC_D_I_10DELVBULL
1784891717,"{'stkname': 'AU Small Financ', 'ltp': '', 'perChg': '', 'stkId': 'ASF03', 'displayLock': 'N', 'scanproflg': 1, 'scUrl': 'banks-private-sector/ausmallfinancebank/ASF02', 'columns': [{'name': 'change %', 'value': '3.51'}, {'name': 'LTP', 'value': '1,013.10'}, {'name': '10-Volume Indicator value', 'value': '1,826,449.00'}]}",OHLC_D_I_10DELVBULL,Above Average Volume - Bullish,Stocks experiencing higher-than-average volume today.,27,Volume & Delivery,Stocks experiencing higher-than-average volume today. Todays volume compared to 10 day average volume,,,False,1,N,,OHLC_D_I_10DELVBULL
1784891717,"{'stkname': 'Mirae NiftyNext', 'ltp': '', 'perChg': '', 'stkId': 'MANXT17181', 'displayLock': 'N', 'scanproflg': 1, 'scUrl': 'etf/miraeassetniftynext50etf/MANXT17181', 'columns': [{'name': 'change %', 'value': '0.07'}, {'name': 'LTP', 'value': '741.35'}, {'name': '10-Volume Indicator value', 'value': '46,577.00'}]}",OHLC_D_I_10DELVBULL,Above Average Volume - Bullish,Stocks experiencing higher-than-average volume today.,27,Volume & Delivery,Stocks experiencing higher-than-average volume today. Todays volume compared to 10 day average volume,,,False,1,N,,OHLC_D_I_10DELVBULL
1784891717,"{'stkname': 'Tata SilverETF', 'ltp': '', 'perChg': '', 'stkId': 'TATSI21428', 'displayLock': 'N', 'scanproflg': 1, 'scUrl': 'etf/tatasilveretf/TATSI21428', 'columns': [{'name': 'change %', 'value': '0.23'}, {'name': 'LTP', 'value': '21.48'}, {'name': '10-Volume Indicator value', 'value': '4.21'}]}",OHLC_D_I_10DELVBULL,Above Average Volume - Bullish,Stocks experiencing higher-than-average volume today.,27,Volume & Delivery,Stocks experiencing higher-than-average volume today. Todays volume compared to 10 day average volume,,,False,1,N,,OHLC_D_I_10DELVBULL
1784891717,"{'stkname': 'DSP Top 10 EW', 'ltp': '', 'perChg': '', 'stkId': 'TOP1025171', 'displayLock': 'N', 'scanproflg': 1, 'scUrl': 'etf/dspniftytop10equalweightetf/TOP1025171', 'columns': [{'name': 'change %', 'value': '0.24'}, {'name': 'LTP', 'value': '86.49'}, {'name': '10-Volume Indicator value', 'value': '834,900.00'}]}",OHLC_D_I_10DELVBULL,Above Average Volume - Bullish,Stocks experiencing higher-than-average volume today.,27,Volume & Delivery,Stocks experiencing higher-than-average volume today. Todays volume compared to 10 day average volume,,,False,1,N,,OHLC_D_I_10DELVBULL
1784891717,"{'stkname': 'ICICI SMALLIETF', 'ltp': '', 'perChg': '', 'stkId': 'IPN07', 'displayLock': 'N', 'scanproflg': 1, 'scUrl': 'etf/iciciprudentialniftysmallcap250etf/IPN07', 'columns': [{'name': 'change %', 'value': '4.97'}, {'name': 'LTP', 'value': '18.58'}, {'name': '10-Volume Indicator value', 'value': '84,286.00'}]}",OHLC_D_I_10DELVBULL,Above Average Volume - Bullish,Stocks experiencing higher-than-average volume today.,27,Volume & Delivery,Stocks experiencing higher-than-average volume today. Todays volume compared to 10 day average volume,,,False,1,N,,OHLC_D_I_10DELVBULL
1784891717,"{'stkname': 'Kot Momentum30', 'ltp': '', 'perChg': '', 'stkId': 'KN2', 'displayLock': 'N', 'scanproflg': 1, 'scUrl': 'etf/kotaknifty200momentum30etf/KN2', 'columns': [{'name': 'change %', 'value': '2.41'}, {'name': 'LTP', 'value': '30.99'}, {'name': '10-Volume Indicator value', 'value': '139,428.00'}]}",OHLC_D_I_10DELVBULL,Above Average Volume - Bullish,Stocks experiencing higher-than-average volume today.,27,Volume & Delivery,Stocks experiencing higher-than-average volume today. Todays volume compared to 10 day average volume,,,False,1,N,,OHLC_D_I_10DELVBULL
1784891717,"{'stkname': 'MO N500M50ETF', 'ltp': '', 'perChg': '', 'stkId': 'MOMEN25606', 'displayLock': 'N', 'scanproflg': 1, 'scUrl': 'etf/motilaloswalnifty500momentum50etf/MOMEN25606', 'columns': [{'name': 'change %', 'value': '0.48'}, {'name': 'LTP', 'value': '52.40'}, {'name': '10-Volume Indicator value', 'value': '538,077.00'}]}",OHLC_D_I_10DELVBULL,Above Average Volume - Bullish,Stocks experiencing higher-than-average volume today.,27,Volume & Delivery,Stocks experiencing higher-than-average volume today. Todays volume compared to 10 day average volume,,,False,1,N,,OHLC_D_I_10DELVBULL
1784891717,"{'stkname': 'ABSL Qual30', 'ltp': '', 'perChg': '', 'stkId': 'NIFTY10690', 'displayLock': 'N', 'scanproflg': 1, 'scUrl': 'etf/abslnifty200quality30etf/NIFTY10690', 'columns': [{'name': 'change %', 'value': '0.76'}, {'name': 'LTP', 'value': '21.19'}, {'name': '10-Volume Indicator value', 'value': '43,782.00'}]}",OHLC_D_I_10DELVBULL,Above Average Volume - Bullish,Stocks experiencing higher-than-average volume today.,27,Volume & Delivery,Stocks experiencing higher-than-average volume today. Todays volume compared to 10 day average volume,,,False,1,N,,OHLC_D_I_10DELVBULL
1784891717,"{'stkname': 'Groww Pri. Bank', 'ltp': '', 'perChg': '', 'stkId': 'GNP04', 'displayLock': 'N', 'scanproflg': 1, 'scUrl': 'etf/growwniftyprivatebanketf/GNP03', 'columns': [{'name': 'change %', 'value': '0.77'}, {'name': 'LTP', 'value': '27.48'}, {'name': '10-Volume Indicator value', 'value': '29,009.00'}]}",OHLC_D_I_10DELVBULL,Above Average Volume - Bullish,Stocks experiencing higher-than-average volume today.,27,Volume & Delivery,Stocks experiencing higher-than-average volume today. Todays volume compared to 10 day average volume,,,False,1,N,,OHLC_D_I_10DELVBULL
1784891717,"{'stkname': 'MO Nasdaq Q50', 'ltp': '', 'perChg': '', 'stkId': 'MON', 'displayLock': 'N', 'scanproflg': 1, 'scUrl': 'etf/motilaloswalnasdaqq50etf/MON', 'columns': [{'name': 'change %', 'value': '0.02'}, {'name': 'LTP', 'value': '142.45'}, {'name': '10-Volume Indicator value', 'value': '100,538.00'}]}",OHLC_D_I_10DELVBULL,Above Average Volume - Bullish,Stocks experiencing higher-than-average volume today.,27,Volume & Delivery,Stocks experiencing higher-than-average volume today. Todays volume compared to 10 day average volume,,,False,1,N,,OHLC_D_I_10DELVBULL
1784891717,"{'stkname': 'MO In. Tourism', 'ltp': '', 'perChg': '', 'stkId': 'MOTOU75744', 'displayLock': 'N', 'scanproflg': 1, 'scUrl': 'etf/motilaloswalniftyindiatourismetf/MOTOU75744', 'columns': [{'name': 'change %', 'value': '0.35'}, {'name': 'LTP', 'value': '77.50'}, {'name': '10-Volume Indicator value', 'value': '26,411.00'}]}",OHLC_D_I_10DELVBULL,Above Average Volume - Bullish,Stocks experiencing higher-than-average volume today.,27,Volume & Delivery,Stocks experiencing higher-than-average volume today. Todays volume compared to 10 day average volume,,,False,1,N,,OHLC_D_I_10DELVBULL
1784891717,"{'stkname': 'Kotak Nifty 1D', 'ltp': '', 'perChg': '', 'stkId': 'KOTAK13950', 'displayLock': 'N', 'scanproflg': 1, 'scUrl': 'etf/kotaknifty1drateliquidetf/KOTAK13950', 'columns': [{'name': 'change %', 'value': '0.04'}, {'name': 'LTP', 'value': '1,115.22'}, {'name': '10-Volume Indicator value', 'value': '1,102,409.00'}]}",OHLC_D_I_10DELVBULL,Above Average Volume - Bullish,Stocks experiencing higher-than-average volume today.,27,Volume & Delivery,Stocks experiencing higher-than-average volume today. Todays volume compared to 10 day average volume,,,False,1,N,,OHLC_D_I_10DELVBULL
1784891717,"{'stkname': 'HDFC Nifty IT', 'ltp': '', 'perChg': '', 'stkId': 'HNI', 'displayLock': 'N', 'scanproflg': 1, 'scUrl': 'etf/hdfcniftyitetf/HNI', 'columns': [{'name': 'change %', 'value': '1.38'}, {'name': 'LTP', 'value': '30.90'}, {'name': '10-Volume Indicator value', 'value': '2,766,456.00'}]}",OHLC_D_I_10DELVBULL,Above Average Volume - Bullish,Stocks experiencing higher-than-average volume today.,27,Volume & Delivery,Stocks experiencing higher-than-average volume today. Todays volume compared to 10 day average volume,,,False,1,N,,OHLC_D_I_10DELVBULL
1784891717,"{'stkname': 'Mo Cap. Mkt.', 'ltp': '', 'perChg': '', 'stkId': 'MOCAP30065', 'displayLock': 'N', 'scanproflg': 1, 'scUrl': 'etf/motilaloswalniftycapitalmarketetf/MOCAP30065', 'columns': [{'name': 'change %', 'value': '0.55'}, {'name': 'LTP', 'value': '53.25'}, {'name': '10-Volume Indicator value', 'value': '889,603.00'}]}",OHLC_D_I_10DELVBULL,Above Average Volume - Bullish,Stocks experiencing higher-than-average volume today.,27,Volume & Delivery,Stocks experiencing higher-than-average volume today. Todays volume compared to 10 day average volume,,,False,1,N,,OHLC_D_I_10DELVBULL
1784891717,"{'stkname': 'Nipp NiftyNext', 'ltp': '', 'perChg': '', 'stkId': 'BMF04', 'displayLock': 'N', 'scanproflg': 1, 'scUrl': 'etf/nipponindiaetfniftynext50juniorbees/BMF04', 'columns': [{'name': 'change %', 'value': '0.04'}, {'name': 'LTP', 'value': '776.52'}, {'name': '10-Volume Indicator value', 'value': '314,135.00'}]}",OHLC_D_I_10DELVBULL,Above Average Volume - Bullish,Stocks experiencing higher-than-average volume today.,27,Volume & Delivery,Stocks experiencing higher-than-average volume today. Todays volume compared to 10 day average volume,,,False,1,N,,OHLC_D_I_10DELVBULL
1784891717,"{'stkname': 'Shriram 1DRate', 'ltp': '', 'perChg': '', 'stkId': 'LIQUI24374', 'displayLock': 'N', 'scanproflg': 1, 'scUrl': 'etf/shriramnifty1drateliquidetf/LIQUI24374', 'columns': [{'name': 'change %', 'value': '0.04'}, {'name': 'LTP', 'value': '1,114.54'}, {'name': '10-Volume Indicator value', 'value': '24,052.00'}]}",OHLC_D_I_10DELVBULL,Above Average Volume - Bullish,Stocks experiencing higher-than-average volume today.,27,Volume & Delivery,Stocks experiencing higher-than-average volume today. Todays volume compared to 10 day average volume,,,False,1,N,,OHLC_D_I_10DELVBULL
1784891717,"{'stkname': 'Nipp Nifty8-13', 'ltp': '', 'perChg': '', 'stkId': 'RSL06', 'displayLock': 'N', 'scanproflg': 1, 'scUrl': 'etf/nipponindiaetfnifty8-13yrg-seclongtermgil/RSL06', 'columns': [{'name': 'change %', 'value': '0.00'}, {'name': 'LTP', 'value': '29.84'}, {'name': '10-Volume Indicator value', 'value': '2,450,631.00'}]}",OHLC_D_I_10DELVBULL,Above Average Volume - Bullish,Stocks experiencing higher-than-average volume today.,27,Volume & Delivery,Stocks experiencing higher-than-average volume today. Todays volume compared to 10 day average volume,,,False,1,N,,OHLC_D_I_10DELVBULL
1784891717,"{'stkname': 'Nipp Nifty Mid', 'ltp': '', 'perChg': '', 'stkId': 'NIE02', 'displayLock': 'N', 'scanproflg': 1, 'scUrl': 'etf/nipponindiaetfniftymidcap150/NIE02', 'columns': [{'name': 'change %', 'value': '0.05'}, {'name': 'LTP', 'value': '235.19'}, {'name': '10-Volume Indicator value', 'value': '818,738.00'}]}",OHLC_D_I_10DELVBULL,Above Average Volume - Bullish,Stocks experiencing higher-than-average volume today.,27,Volume & Delivery,Stocks experiencing higher-than-average volume today. Todays volume compared to 10 day average volume,,,False,1,N,,OHLC_D_I_10DELVBULL
1784891717,"{'stkname': 'Zero Nifty Mid', 'ltp': '', 'perChg': '', 'stkId': 'ZNM', 'displayLock': 'N', 'scanproflg': 1, 'scUrl': 'etf/zerodhaniftymidcap150etf/ZNM', 'columns': [{'name': 'change %', 'value': '0.26'}, {'name': 'LTP', 'value': '11.45'}, {'name': '10-Volume Indicator value', 'value': '1,537,999.00'}]}",OHLC_D_I_10DELVBULL,Above Average Volume - Bullish,Stocks experiencing higher-than-average volume today.,27,Volume & Delivery,Stocks experiencing higher-than-average volume today. Todays volume compared to 10 day average volume,,,False,1,N,,OHLC_D_I_10DELVBULL
1784891717,"{'stkname': 'MO Nifty200Mom', 'ltp': '', 'perChg': '', 'stkId': 'MON01', 'displayLock': 'N', 'scanproflg': 1, 'scUrl': 'etf/motilaloswalnifty200momentum30etf/MON01', 'columns': [{'name': 'change %', 'value': '0.41'}, {'name': 'LTP', 'value': '61.40'}, {'name': '10-Volume Indicator value', 'value': '46,929.00'}]}",OHLC_D_I_10DELVBULL,Above Average Volume - Bullish,Stocks experiencing higher-than-average volume today.,27,Volume & Delivery,Stocks experiencing higher-than-average volume today. Todays volume compared to 10 day average volume,,,False,1,N,,OHLC_D_I_10DELVBULL
1784891717,"{'stkname': 'KOTAKMID50', 'ltp': '', 'perChg': '', 'stkId': 'KOTAK8077', 'displayLock': 'N', 'scanproflg': 1, 'scUrl': 'miscellaneous/kotakmid50/KOTAK8077', 'columns': [{'name': 'change %', 'value': '2.04'}, {'name': 'LTP', 'value': '18.47'}, {'name': '10-Volume Indicator value', 'value': '542,509.00'}]}",OHLC_D_I_10DELVBULL,Above Average Volume - Bullish,Stocks experiencing higher-than-average volume today.,27,Volume & Delivery,Stocks experiencing higher-than-average volume today. Todays volume compared to 10 day average volume,,,False,1,N,,OHLC_D_I_10DELVBULL
1784891717,"{'stkname': 'MO Midcap 100', 'ltp': '', 'perChg': '', 'stkId': 'MOM01', 'displayLock': 'N', 'scanproflg': 1, 'scUrl': 'etf/motilaloswalmidcap100etf/MOM01', 'columns': [{'name': 'change %', 'value': '0.02'}, {'name': 'LTP', 'value': '66.66'}, {'name': '10-Volume Indicator value', 'value': '343,931.00'}]}",OHLC_D_I_10DELVBULL,Above Average Volume - Bullish,Stocks experiencing higher-than-average volume today.,27,Volume & Delivery,Stocks experiencing higher-than-average volume today. Todays volume compared to 10 day average volume,,,False,1,N,,OHLC_D_I_10DELVBULL
1784891717,"{'stkname': 'Mirae NiftyMid', 'ltp': '', 'perChg': '', 'stkId': 'MIDSM23855', 'displayLock': 'N', 'scanproflg': 1, 'scUrl': 'etf/miraeassetniftymidsmallcap400mq100etf/MIDSM23855', 'columns': [{'name': 'change %', 'value': '0.14'}, {'name': 'LTP', 'value': '50.14'}, {'name': '10-Volume Indicator value', 'value': '343,765.00'}]}",OHLC_D_I_10DELVBULL,Above Average Volume - Bullish,Stocks experiencing higher-than-average volume today.,27,Volume & Delivery,Stocks experiencing higher-than-average volume today. Todays volume compared to 10 day average volume,,,False,1,N,,OHLC_D_I_10DELVBULL
1784891717,"{'stkname': 'MO Momentum', 'ltp': '', 'perChg': '', 'stkId': 'MOMID75781', 'displayLock': 'N', 'scanproflg': 1, 'scUrl': 'etf/motilaloswalniftymidcap150momentum50etf/MOMID75781', 'columns': [{'name': 'change %', 'value': '0.98'}, {'name': 'LTP', 'value': '63.09'}, {'name': '10-Volume Indicator value', 'value': '91,425.00'}]}",OHLC_D_I_10DELVBULL,Above Average Volume - Bullish,Stocks experiencing higher-than-average volume today.,27,Volume & Delivery,Stocks experiencing higher-than-average volume today. Todays volume compared to 10 day average volume,,,False,1,N,,OHLC_D_I_10DELVBULL
1784891717,"{'stkname': 'DSP Top10 Bks', 'ltp': '', 'perChg': '', 'stkId': 'DBT', 'displayLock': 'N', 'scanproflg': 1, 'scUrl': 'etf/dspbsetop10banksetf/DBT', 'columns': [{'name': 'change %', 'value': '0.24'}, {'name': 'LTP', 'value': '16.90'}, {'name': '10-Volume Indicator value', 'value': '1,730,421.00'}]}",OHLC_D_I_10DELVBULL,Above Average Volume - Bullish,Stocks experiencing higher-than-average volume today.,27,Volume & Delivery,Stocks experiencing higher-than-average volume today. Todays volume compared to 10 day average volume,,,False,1,N,,OHLC_D_I_10DELVBULL
1784891717,"{'stkname': 'DSP BSE Liquid', 'ltp': '', 'perChg': '', 'stkId': 'LIQUI23407', 'displayLock': 'N', 'scanproflg': 1, 'scUrl': 'etf/dspbseliquidrateetf/LIQUI23407', 'columns': [{'name': 'change %', 'value': '0.04'}, {'name': 'LTP', 'value': '1,137.36'}, {'name': '10-Volume Indicator value', 'value': '719,019.00'}]}",OHLC_D_I_10DELVBULL,Above Average Volume - Bullish,Stocks experiencing higher-than-average volume today.,27,Volume & Delivery,Stocks experiencing higher-than-average volume today. Todays volume compared to 10 day average volume,,,False,1,N,,OHLC_D_I_10DELVBULL
1784891717,"{'stkname': 'DSP MidcapQual', 'ltp': '', 'perChg': '', 'stkId': 'DNM', 'displayLock': 'N', 'scanproflg': 1, 'scUrl': 'etf/dspniftymidcap150quality50etf/DNM', 'columns': [{'name': 'change %', 'value': '0.53'}, {'name': 'LTP', 'value': '24.69'}, {'name': '10-Volume Indicator value', 'value': '39,318.00'}]}",OHLC_D_I_10DELVBULL,Above Average Volume - Bullish,Stocks experiencing higher-than-average volume today.,27,Volume & Delivery,Stocks experiencing higher-than-average volume today. Todays volume compared to 10 day average volume,,,False,1,N,,OHLC_D_I_10DELVBULL
1784891717,"{'stkname': 'Adani Energy', 'ltp': '', 'perChg': '', 'stkId': 'AT18', 'displayLock': 'N', 'scanproflg': 1, 'scUrl': 'power-transmissionequipment/adanienergysolutions/AT22', 'columns': [{'name': 'change %', 'value': '1.02'}, {'name': 'LTP', 'value': '1,701.00'}, {'name': '10-Volume Indicator value', 'value': '2,585,803.00'}]}",OHLC_D_I_10DELVBULL,Above Average Volume - Bullish,Stocks experiencing higher-than-average volume today.,27,Volume & Delivery,Stocks experiencing higher-than-average volume today. Todays volume compared to 10 day average volume,,,False,1,N,,OHLC_D_I_10DELVBULL
1784891717,"{'stkname': 'HDFC Momentum', 'ltp': '', 'perChg': '', 'stkId': 'HNM', 'displayLock': 'N', 'scanproflg': 1, 'scUrl': 'etf/hdfcnifty200momentum30etf/HNM', 'columns': [{'name': 'change %', 'value': '0.16'}, {'name': 'LTP', 'value': '30.60'}, {'name': '10-Volume Indicator value', 'value': '194,758.00'}]}",OHLC_D_I_10DELVBULL,Above Average Volume - Bullish,Stocks experiencing higher-than-average volume today.,27,Volume & Delivery,Stocks experiencing higher-than-average volume today. Todays volume compared to 10 day average volume,,,False,1,N,,OHLC_D_I_10DELVBULL
1784891717,"{'stkname': 'HDFC Nifty Pri', 'ltp': '', 'perChg': '', 'stkId': 'HNP', 'displayLock': 'N', 'scanproflg': 1, 'scUrl': 'etf/hdfcniftyprivatebanketf/HNP', 'columns': [{'name': 'change %', 'value': '4.20'}, {'name': 'LTP', 'value': '29.00'}, {'name': '10-Volume Indicator value', 'value': '738,288.00'}]}",OHLC_D_I_10DELVBULL,Above Average Volume - Bullish,Stocks experiencing higher-than-average volume today.,27,Volume & Delivery,Stocks experiencing higher-than-average volume today. Todays volume compared to 10 day average volume,,,False,1,N,,OHLC_D_I_10DELVBULL
1784891717,"{'stkname': 'Zer 1D Rate', 'ltp': '', 'perChg': '', 'stkId': 'LIQUI21750', 'displayLock': 'N', 'scanproflg': 1, 'scUrl': 'etf/zerodhanifty1drateliquidetf/LIQUI21750', 'columns': [{'name': 'change %', 'value': '0.03'}, {'name': 'LTP', 'value': '115.17'}, {'name': '10-Volume Indicator value', 'value': '1.55'}]}",OHLC_D_I_10DELVBULL,Above Average Volume - Bullish,Stocks experiencing higher-than-average volume today.,27,Volume & Delivery,Stocks experiencing higher-than-average volume today. Todays volume compared to 10 day average volume,,,False,1,N,,OHLC_D_I_10DELVBULL
1784891717,"{'stkname': 'Mirae 1D Rate', 'ltp': '', 'perChg': '', 'stkId': 'LIQUI27075', 'displayLock': 'N', 'scanproflg': 1, 'scUrl': 'etf/manifty1drateliquidetf-growth/LIQUI27075', 'columns': [{'name': 'change %', 'value': '0.04'}, {'name': 'LTP', 'value': '1,096.04'}, {'name': '10-Volume Indicator value', 'value': '446,341.00'}]}",OHLC_D_I_10DELVBULL,Above Average Volume - Bullish,Stocks experiencing higher-than-average volume today.,27,Volume & Delivery,Stocks experiencing higher-than-average volume today. Todays volume compared to 10 day average volume,,,False,1,N,,OHLC_D_I_10DELVBULL
1784891717,"{'stkname': 'Ipru Nifty 100', 'ltp': '', 'perChg': '', 'stkId': 'ICICI21254', 'displayLock': 'N', 'scanproflg': 1, 'scUrl': 'etf/iciciprudentialnifty100lowvolatility30etf/ICICI21254', 'columns': [{'name': 'change %', 'value': '0.00'}, {'name': 'LTP', 'value': '22.10'}, {'name': '10-Volume Indicator value', 'value': '1,781,256.00'}]}",OHLC_D_I_10DELVBULL,Above Average Volume - Bullish,Stocks experiencing higher-than-average volume today.,27,Volume & Delivery,Stocks experiencing higher-than-average volume today. Todays volume compared to 10 day average volume,,,False,1,N,,OHLC_D_I_10DELVBULL
1784891717,"{'stkname': 'MA NIFITETF', 'ltp': '', 'perChg': '', 'stkId': 'ITETF19633', 'displayLock': 'N', 'scanproflg': 1, 'scUrl': 'etf/miraeassetniftyitetf/ITETF19633', 'columns': [{'name': 'change %', 'value': '0.46'}, {'name': 'LTP', 'value': '30.41'}, {'name': '10-Volume Indicator value', 'value': '481,731.00'}]}",OHLC_D_I_10DELVBULL,Above Average Volume - Bullish,Stocks experiencing higher-than-average volume today.,27,Volume & Delivery,Stocks experiencing higher-than-average volume today. Todays volume compared to 10 day average volume,,,False,1,N,,OHLC_D_I_10DELVBULL
1784891717,"{'stkname': 'Edel Sensex', 'ltp': '', 'perChg': '', 'stkId': 'EBS', 'displayLock': 'N', 'scanproflg': 1, 'scUrl': 'etf/edelweissbsesensexetf/EBS', 'columns': [{'name': 'change %', 'value': '0.33'}, {'name': 'LTP', 'value': '76.83'}, {'name': '10-Volume Indicator value', 'value': '403.00'}]}",OHLC_D_I_10DELVBULL,Above Average Volume - Bullish,Stocks experiencing higher-than-average volume today.,27,Volume & Delivery,Stocks experiencing higher-than-average volume today. Todays volume compared to 10 day average volume,,,False,1,N,,OHLC_D_I_10DELVBULL
1784891717,"{'stkname': 'Adani Enterpris', 'ltp': '', 'perChg': '', 'stkId': 'AE01', 'displayLock': 'N', 'scanproflg': 1, 'scUrl': 'trading/adanienterprises/AE13', 'columns': [{'name': 'change %', 'value': '0.78'}, {'name': 'LTP', 'value': '3,033.40'}, {'name': '10-Volume Indicator value', 'value': '1,280,360.00'}]}",OHLC_D_I_10DELVBULL,Above Average Volume - Bullish,Stocks experiencing higher-than-average volume today.,27,Volume & Delivery,Stocks experiencing higher-than-average volume today. Todays volume compared to 10 day average volume,,,False,1,N,,OHLC_D_I_10DELVBULL
1784891717,"{'stkname': 'AB Capital', 'ltp': '', 'perChg': '', 'stkId': 'ABC07', 'displayLock': 'N', 'scanproflg': 1, 'scUrl': 'finance-investments/adityabirlacapital/ABC9', 'columns': [{'name': 'change %', 'value': '0.45'}, {'name': 'LTP', 'value': '394.00'}, {'name': '10-Volume Indicator value', 'value': '3,423,205.00'}]}",OHLC_D_I_10DELVBULL,Above Average Volume - Bullish,Stocks experiencing higher-than-average volume today.,27,Volume & Delivery,Stocks experiencing higher-than-average volume today. Todays volume compared to 10 day average volume,,,False,1,N,,OHLC_D_I_10DELVBULL
1784891717,"{'stkname': 'ABSL NiftyBank', 'ltp': '', 'perChg': '', 'stkId': 'ABSLB13987', 'displayLock': 'N', 'scanproflg': 1, 'scUrl': 'etf/adityabirlasunlifeniftybanketf/ABSLB13987', 'columns': [{'name': 'change %', 'value': '0.28'}, {'name': 'LTP', 'value': '58.26'}, {'name': '10-Volume Indicator value', 'value': '212,784.00'}]}",OHLC_D_I_10DELVBULL,Above Average Volume - Bullish,Stocks experiencing higher-than-average volume today.,27,Volume & Delivery,Stocks experiencing higher-than-average volume today. Todays volume compared to 10 day average volume,,,False,1,N,,OHLC_D_I_10DELVBULL
1784891717,"{'stkname': 'Angel Liquid', 'ltp': '', 'perChg': '', 'stkId': 'AONEL30472', 'displayLock': 'N', 'scanproflg': 1, 'scUrl': 'etf/angelonenifty1drateliquidetf-growth/AONEL30472', 'columns': [{'name': 'change %', 'value': '0.04'}, {'name': 'LTP', 'value': '1,069.80'}, {'name': '10-Volume Indicator value', 'value': '38,925.00'}]}",OHLC_D_I_10DELVBULL,Above Average Volume - Bullish,Stocks experiencing higher-than-average volume today.,27,Volume & Delivery,Stocks experiencing higher-than-average volume today. Todays volume compared to 10 day average volume,,,False,1,N,,OHLC_D_I_10DELVBULL
1784891717,"{'stkname': 'Kotak Niftyban', 'ltp': '', 'perChg': '', 'stkId': 'KMM03', 'displayLock': 'N', 'scanproflg': 1, 'scUrl': 'etf/kotakniftybanketf/KMM03', 'columns': [{'name': 'change %', 'value': '0.29'}, {'name': 'LTP', 'value': '58.93'}, {'name': '10-Volume Indicator value', 'value': '2,539,444.00'}]}",OHLC_D_I_10DELVBULL,Above Average Volume - Bullish,Stocks experiencing higher-than-average volume today.,27,Volume & Delivery,Stocks experiencing higher-than-average volume today. Todays volume compared to 10 day average volume,,,False,1,N,,OHLC_D_I_10DELVBULL
1784891717,"{'stkname': 'Nipp Nifty Div', 'ltp': '', 'perChg': '', 'stkId': 'RMF04', 'displayLock': 'N', 'scanproflg': 1, 'scUrl': 'etf/nipponindiaetfniftydividendopportunities50/RMF05', 'columns': [{'name': 'change %', 'value': '1.77'}, {'name': 'LTP', 'value': '78.13'}, {'name': '10-Volume Indicator value', 'value': '39,013.00'}]}",OHLC_D_I_10DELVBULL,Above Average Volume - Bullish,Stocks experiencing higher-than-average volume today.,27,Volume & Delivery,Stocks experiencing higher-than-average volume today. Todays volume compared to 10 day average volume,,,False,1,N,,OHLC_D_I_10DELVBULL
1784891717,"{'stkname': 'Algoquant Fin', 'ltp': '', 'perChg': '', 'stkId': 'HET01', 'displayLock': 'N', 'scanproflg': 1, 'scUrl': 'engineering-industrial-equipments/algoquantfintech/HET01', 'columns': [{'name': 'change %', 'value': '3.07'}, {'name': 'LTP', 'value': '57.83'}, {'name': '10-Volume Indicator value', 'value': '1,719,119.00'}]}",OHLC_D_I_10DELVBULL,Above Average Volume - Bullish,Stocks experiencing higher-than-average volume today.,27,Volume & Delivery,Stocks experiencing higher-than-average volume today. Todays volume compared to 10 day average volume,,,False,1,N,,OHLC_D_I_10DELVBULL
