lastupdt,scannerDetails,scannerCode,scannerName,scannerDescription,catId,catName,scannerDesc,scannerVideo,did_u_know,refreshFlag,scanproflg,displayLock,scannerFormula,scanId
1779794117,"{'stkname': 'Creative Eye', 'ltp': '', 'perChg': '', 'stkId': 'CE08', 'displayLock': 'N', 'scanproflg': 1, 'scUrl': 'mediaentertainment/creativeeye/CE08', 'columns': [{'name': 'change %', 'value': '-4.12'}, {'name': 'Adaptive RSI Indicator value', 'value': '6.93'}, {'name': 'LTP', 'value': '6.75'}]}",OHLC_D_I_ADRBEARCO,Bearish Crossovers (Daily),"Adaptive RSI (14,9) indicator fell below its average line in the current session.",15,Indicator Scans,"Adaptive RSI (14,9) indicator fell below its average line in the current session. It’s a bearish event.",,,False,1,N,,OHLC_D_I_ADRBEARCO
1779794117,"{'stkname': 'AGI Infra', 'ltp': '', 'perChg': '', 'stkId': 'AI52', 'displayLock': 'N', 'scanproflg': 1, 'scUrl': 'constructioncontracting-civil/agiinfra/AI43', 'columns': [{'name': 'change %', 'value': '-5.12'}, {'name': 'Adaptive RSI Indicator value', 'value': '381.23'}, {'name': 'LTP', 'value': '363.30'}]}",OHLC_D_I_ADRBEARCO,Bearish Crossovers (Daily),"Adaptive RSI (14,9) indicator fell below its average line in the current session.",15,Indicator Scans,"Adaptive RSI (14,9) indicator fell below its average line in the current session. It’s a bearish event.",,,False,1,N,,OHLC_D_I_ADRBEARCO
1779794117,"{'stkname': 'Godavari Bio', 'ltp': '', 'perChg': '', 'stkId': 'GBL02', 'displayLock': 'N', 'scanproflg': 1, 'scUrl': 'diversified/godavaribiorefineries/GBL02', 'columns': [{'name': 'change %', 'value': '-3.07'}, {'name': 'Adaptive RSI Indicator value', 'value': '310.45'}, {'name': 'LTP', 'value': '283.90'}]}",OHLC_D_I_ADRBEARCO,Bearish Crossovers (Daily),"Adaptive RSI (14,9) indicator fell below its average line in the current session.",15,Indicator Scans,"Adaptive RSI (14,9) indicator fell below its average line in the current session. It’s a bearish event.",,,False,1,N,,OHLC_D_I_ADRBEARCO
1779794117,"{'stkname': 'Creative New', 'ltp': '', 'perChg': '', 'stkId': 'CPD', 'displayLock': 'N', 'scanproflg': 1, 'scUrl': 'miscellaneous/creativenewtech/CPD', 'columns': [{'name': 'change %', 'value': '-3.20'}, {'name': 'Adaptive RSI Indicator value', 'value': '643.42'}, {'name': 'LTP', 'value': '634.00'}]}",OHLC_D_I_ADRBEARCO,Bearish Crossovers (Daily),"Adaptive RSI (14,9) indicator fell below its average line in the current session.",15,Indicator Scans,"Adaptive RSI (14,9) indicator fell below its average line in the current session. It’s a bearish event.",,,False,1,N,,OHLC_D_I_ADRBEARCO
1779794117,"{'stkname': 'Balrampur Chini', 'ltp': '', 'perChg': '', 'stkId': 'BCM', 'displayLock': 'N', 'scanproflg': 1, 'scUrl': 'sugar/balrampurchinimills/BCM', 'columns': [{'name': 'change %', 'value': '-0.46'}, {'name': 'Adaptive RSI Indicator value', 'value': '535.34'}, {'name': 'LTP', 'value': '530.50'}]}",OHLC_D_I_ADRBEARCO,Bearish Crossovers (Daily),"Adaptive RSI (14,9) indicator fell below its average line in the current session.",15,Indicator Scans,"Adaptive RSI (14,9) indicator fell below its average line in the current session. It’s a bearish event.",,,False,1,N,,OHLC_D_I_ADRBEARCO
1779794117,"{'stkname': 'GMRP UI', 'ltp': '', 'perChg': '', 'stkId': 'GPU', 'displayLock': 'N', 'scanproflg': 1, 'scUrl': 'power-generationdistribution/gmrpowerurbaninfra/GPU', 'columns': [{'name': 'change %', 'value': '-0.92'}, {'name': 'Adaptive RSI Indicator value', 'value': '110.71'}, {'name': 'LTP', 'value': '106.60'}]}",OHLC_D_I_ADRBEARCO,Bearish Crossovers (Daily),"Adaptive RSI (14,9) indicator fell below its average line in the current session.",15,Indicator Scans,"Adaptive RSI (14,9) indicator fell below its average line in the current session. It’s a bearish event.",,,False,1,N,,OHLC_D_I_ADRBEARCO
1779794117,"{'stkname': 'Ajanta Pharma', 'ltp': '', 'perChg': '', 'stkId': 'AP22', 'displayLock': 'N', 'scanproflg': 1, 'scUrl': 'pharmaceuticals/ajantapharma/AP22', 'columns': [{'name': 'change %', 'value': '0.55'}, {'name': 'Adaptive RSI Indicator value', 'value': '3,135.95'}, {'name': 'LTP', 'value': '3,098.50'}]}",OHLC_D_I_ADRBEARCO,Bearish Crossovers (Daily),"Adaptive RSI (14,9) indicator fell below its average line in the current session.",15,Indicator Scans,"Adaptive RSI (14,9) indicator fell below its average line in the current session. It’s a bearish event.",,,False,1,N,,OHLC_D_I_ADRBEARCO
1779794117,"{'stkname': 'Berger Paints', 'ltp': '', 'perChg': '', 'stkId': 'BPI02', 'displayLock': 'N', 'scanproflg': 1, 'scUrl': 'paintsvarnishes/bergerpaintsindia/BPI02', 'columns': [{'name': 'change %', 'value': '2.01'}, {'name': 'Adaptive RSI Indicator value', 'value': '508.89'}, {'name': 'LTP', 'value': '515.00'}]}",OHLC_D_I_ADRBEARCO,Bearish Crossovers (Daily),"Adaptive RSI (14,9) indicator fell below its average line in the current session.",15,Indicator Scans,"Adaptive RSI (14,9) indicator fell below its average line in the current session. It’s a bearish event.",,,False,1,N,,OHLC_D_I_ADRBEARCO
1779794117,"{'stkname': 'Aurobindo Pharm', 'ltp': '', 'perChg': '', 'stkId': 'AP', 'displayLock': 'N', 'scanproflg': 1, 'scUrl': 'pharmaceuticals/aurobindopharma/AP', 'columns': [{'name': 'change %', 'value': '0.20'}, {'name': 'Adaptive RSI Indicator value', 'value': '1,493.93'}, {'name': 'LTP', 'value': '1,457.50'}]}",OHLC_D_I_ADRBEARCO,Bearish Crossovers (Daily),"Adaptive RSI (14,9) indicator fell below its average line in the current session.",15,Indicator Scans,"Adaptive RSI (14,9) indicator fell below its average line in the current session. It’s a bearish event.",,,False,1,N,,OHLC_D_I_ADRBEARCO
1779794117,"{'stkname': 'Sheetal Cool Pr', 'ltp': '', 'perChg': '', 'stkId': 'SCP02', 'displayLock': 'N', 'scanproflg': 1, 'scUrl': 'food-processing/sheetalcoolproducts/SCP', 'columns': [{'name': 'change %', 'value': '-1.18'}, {'name': 'Adaptive RSI Indicator value', 'value': '437.44'}, {'name': 'LTP', 'value': '414.75'}]}",OHLC_D_I_ADRBEARCO,Bearish Crossovers (Daily),"Adaptive RSI (14,9) indicator fell below its average line in the current session.",15,Indicator Scans,"Adaptive RSI (14,9) indicator fell below its average line in the current session. It’s a bearish event.",,,False,1,N,,OHLC_D_I_ADRBEARCO
1779794117,"{'stkname': 'HMA Agro', 'ltp': '', 'perChg': '', 'stkId': 'HAI', 'displayLock': 'N', 'scanproflg': 1, 'scUrl': 'consumer-food/hmaagroindustries/HAI01', 'columns': [{'name': 'change %', 'value': '-4.63'}, {'name': 'Adaptive RSI Indicator value', 'value': '24.17'}, {'name': 'LTP', 'value': '23.50'}]}",OHLC_D_I_ADRBEARCO,Bearish Crossovers (Daily),"Adaptive RSI (14,9) indicator fell below its average line in the current session.",15,Indicator Scans,"Adaptive RSI (14,9) indicator fell below its average line in the current session. It’s a bearish event.",,,False,1,N,,OHLC_D_I_ADRBEARCO
1779794117,"{'stkname': 'Megastar Foods', 'ltp': '', 'perChg': '', 'stkId': 'MF23', 'displayLock': 'N', 'scanproflg': 1, 'scUrl': 'food-processing/megastarfoods/MF13', 'columns': [{'name': 'change %', 'value': '-4.01'}, {'name': 'Adaptive RSI Indicator value', 'value': '304.15'}, {'name': 'LTP', 'value': '278.60'}]}",OHLC_D_I_ADRBEARCO,Bearish Crossovers (Daily),"Adaptive RSI (14,9) indicator fell below its average line in the current session.",15,Indicator Scans,"Adaptive RSI (14,9) indicator fell below its average line in the current session. It’s a bearish event.",,,False,1,N,,OHLC_D_I_ADRBEARCO
1779794117,"{'stkname': 'Gulshan Poly', 'ltp': '', 'perChg': '', 'stkId': 'GP9', 'displayLock': 'N', 'scanproflg': 1, 'scUrl': 'chemicals/gulshanpolyols/GP9', 'columns': [{'name': 'change %', 'value': '3.02'}, {'name': 'Adaptive RSI Indicator value', 'value': '190.82'}, {'name': 'LTP', 'value': '184.86'}]}",OHLC_D_I_ADRBEARCO,Bearish Crossovers (Daily),"Adaptive RSI (14,9) indicator fell below its average line in the current session.",15,Indicator Scans,"Adaptive RSI (14,9) indicator fell below its average line in the current session. It’s a bearish event.",,,False,1,N,,OHLC_D_I_ADRBEARCO
1779794117,"{'stkname': 'Butterfly', 'ltp': '', 'perChg': '', 'stkId': 'GA', 'displayLock': 'N', 'scanproflg': 1, 'scUrl': 'domestic-appliances/butterflygandhimathiappliances/GA', 'columns': [{'name': 'change %', 'value': '-1.97'}, {'name': 'Adaptive RSI Indicator value', 'value': '672.28'}, {'name': 'LTP', 'value': '662.00'}]}",OHLC_D_I_ADRBEARCO,Bearish Crossovers (Daily),"Adaptive RSI (14,9) indicator fell below its average line in the current session.",15,Indicator Scans,"Adaptive RSI (14,9) indicator fell below its average line in the current session. It’s a bearish event.",,,False,1,N,,OHLC_D_I_ADRBEARCO
1779794117,"{'stkname': 'Jubilant Ing.', 'ltp': '', 'perChg': '', 'stkId': 'JI12', 'displayLock': 'N', 'scanproflg': 1, 'scUrl': 'speciality-chemicals/jubilantingrevia/JI14', 'columns': [{'name': 'change %', 'value': '-3.87'}, {'name': 'Adaptive RSI Indicator value', 'value': '728.95'}, {'name': 'LTP', 'value': '703.45'}]}",OHLC_D_I_ADRBEARCO,Bearish Crossovers (Daily),"Adaptive RSI (14,9) indicator fell below its average line in the current session.",15,Indicator Scans,"Adaptive RSI (14,9) indicator fell below its average line in the current session. It’s a bearish event.",,,False,1,N,,OHLC_D_I_ADRBEARCO
1779794117,"{'stkname': 'CHEMPLAST SANMA', 'ltp': '', 'perChg': '', 'stkId': 'CS18', 'displayLock': 'N', 'scanproflg': 1, 'scUrl': 'speciality-chemicals/chemplastsanmar/CS23', 'columns': [{'name': 'change %', 'value': '-5.04'}, {'name': 'Adaptive RSI Indicator value', 'value': '235.16'}, {'name': 'LTP', 'value': '231.60'}]}",OHLC_D_I_ADRBEARCO,Bearish Crossovers (Daily),"Adaptive RSI (14,9) indicator fell below its average line in the current session.",15,Indicator Scans,"Adaptive RSI (14,9) indicator fell below its average line in the current session. It’s a bearish event.",,,False,1,N,,OHLC_D_I_ADRBEARCO
1779794117,"{'stkname': 'Thermax', 'ltp': '', 'perChg': '', 'stkId': 'T', 'displayLock': 'N', 'scanproflg': 1, 'scUrl': 'infrastructure-general/thermax/T', 'columns': [{'name': 'change %', 'value': '-0.11'}, {'name': 'Adaptive RSI Indicator value', 'value': '4,454.91'}, {'name': 'LTP', 'value': '4,431.00'}]}",OHLC_D_I_ADRBEARCO,Bearish Crossovers (Daily),"Adaptive RSI (14,9) indicator fell below its average line in the current session.",15,Indicator Scans,"Adaptive RSI (14,9) indicator fell below its average line in the current session. It’s a bearish event.",,,False,1,N,,OHLC_D_I_ADRBEARCO
1779794117,"{'stkname': 'Oil India', 'ltp': '', 'perChg': '', 'stkId': 'OI13', 'displayLock': 'N', 'scanproflg': 1, 'scUrl': 'oil-drillingexploration/oilindia/OI13', 'columns': [{'name': 'change %', 'value': '2.06'}, {'name': 'Adaptive RSI Indicator value', 'value': '496.97'}, {'name': 'LTP', 'value': '492.50'}]}",OHLC_D_I_ADRBEARCO,Bearish Crossovers (Daily),"Adaptive RSI (14,9) indicator fell below its average line in the current session.",15,Indicator Scans,"Adaptive RSI (14,9) indicator fell below its average line in the current session. It’s a bearish event.",,,False,1,N,,OHLC_D_I_ADRBEARCO
1779794117,"{'stkname': 'Vardhman Text', 'ltp': '', 'perChg': '', 'stkId': 'MSM', 'displayLock': 'N', 'scanproflg': 1, 'scUrl': 'textiles-spinning-cotton-blended/vardhmantextiles/VT10', 'columns': [{'name': 'change %', 'value': '-0.07'}, {'name': 'Adaptive RSI Indicator value', 'value': '607.54'}, {'name': 'LTP', 'value': '601.00'}]}",OHLC_D_I_ADRBEARCO,Bearish Crossovers (Daily),"Adaptive RSI (14,9) indicator fell below its average line in the current session.",15,Indicator Scans,"Adaptive RSI (14,9) indicator fell below its average line in the current session. It’s a bearish event.",,,False,1,N,,OHLC_D_I_ADRBEARCO
1779794117,"{'stkname': 'Marico', 'ltp': '', 'perChg': '', 'stkId': 'MI25', 'displayLock': 'N', 'scanproflg': 1, 'scUrl': 'personal-care/marico/M13', 'columns': [{'name': 'change %', 'value': '0.40'}, {'name': 'Adaptive RSI Indicator value', 'value': '829.20'}, {'name': 'LTP', 'value': '826.65'}]}",OHLC_D_I_ADRBEARCO,Bearish Crossovers (Daily),"Adaptive RSI (14,9) indicator fell below its average line in the current session.",15,Indicator Scans,"Adaptive RSI (14,9) indicator fell below its average line in the current session. It’s a bearish event.",,,False,1,N,,OHLC_D_I_ADRBEARCO
1779794117,"{'stkname': 'MO Silver ETF', 'ltp': '', 'perChg': '', 'stkId': 'MOS01', 'displayLock': 'N', 'scanproflg': 1, 'scUrl': 'etf/motilaloswalsilveretf/MOS01', 'columns': [{'name': 'change %', 'value': '-1.85'}, {'name': 'Adaptive RSI Indicator value', 'value': '261.02'}, {'name': 'LTP', 'value': '259.01'}]}",OHLC_D_I_ADRBEARCO,Bearish Crossovers (Daily),"Adaptive RSI (14,9) indicator fell below its average line in the current session.",15,Indicator Scans,"Adaptive RSI (14,9) indicator fell below its average line in the current session. It’s a bearish event.",,,False,1,N,,OHLC_D_I_ADRBEARCO
1779794117,"{'stkname': 'ABSL Liq. ETF', 'ltp': '', 'perChg': '', 'stkId': 'ABSLL14518', 'displayLock': 'N', 'scanproflg': 1, 'scUrl': 'etf/abslcrisilliquidovernightetf/ABSLL14518', 'columns': [{'name': 'change %', 'value': '0.00'}, {'name': 'Adaptive RSI Indicator value', 'value': '1,000.00'}, {'name': 'LTP', 'value': '999.99'}]}",OHLC_D_I_ADRBEARCO,Bearish Crossovers (Daily),"Adaptive RSI (14,9) indicator fell below its average line in the current session.",15,Indicator Scans,"Adaptive RSI (14,9) indicator fell below its average line in the current session. It’s a bearish event.",,,False,1,N,,OHLC_D_I_ADRBEARCO
1779794117,"{'stkname': 'MO SP BSE Enh', 'ltp': '', 'perChg': '', 'stkId': 'MOS', 'displayLock': 'N', 'scanproflg': 1, 'scUrl': 'etf/motilaloswalspbseenhancedvalueetf/MOS', 'columns': [{'name': 'change %', 'value': '0.28'}, {'name': 'Adaptive RSI Indicator value', 'value': '117.31'}, {'name': 'LTP', 'value': '118.81'}]}",OHLC_W_I_ADRBULLCO,Bullish Crossovers (Weekly),Bullish Crossovers (Weekly),15,Indicator Scans,Bullish Crossovers (Weekly),,,False,1,N,,OHLC_W_I_ADRBULLCO
1779794117,"{'stkname': 'Angel Nifty TM', 'ltp': '', 'perChg': '', 'stkId': 'AONET29975', 'displayLock': 'N', 'scanproflg': 1, 'scUrl': 'etf/angeloneniftytotalmarketetf/AONET29975', 'columns': [{'name': 'change %', 'value': '0.26'}, {'name': 'Adaptive RSI Indicator value', 'value': '11.54'}, {'name': 'LTP', 'value': '11.65'}]}",OHLC_W_I_ADRBULLCO,Bullish Crossovers (Weekly),Bullish Crossovers (Weekly),15,Indicator Scans,Bullish Crossovers (Weekly),,,False,1,N,,OHLC_W_I_ADRBULLCO
1779794117,"{'stkname': 'Shringar House ', 'ltp': '', 'perChg': '', 'stkId': 'SHO', 'displayLock': 'N', 'scanproflg': 1, 'scUrl': 'diamondjewellery/shringarhousemangalsutra/SHo', 'columns': [{'name': 'change %', 'value': '-0.05'}, {'name': 'Adaptive RSI Indicator value', 'value': '211.36'}, {'name': 'LTP', 'value': '216.10'}]}",OHLC_W_I_ADRBULLCO,Bullish Crossovers (Weekly),Bullish Crossovers (Weekly),15,Indicator Scans,Bullish Crossovers (Weekly),,,False,1,N,,OHLC_W_I_ADRBULLCO
1779794117,"{'stkname': 'Greaves Cotton', 'ltp': '', 'perChg': '', 'stkId': 'G', 'displayLock': 'N', 'scanproflg': 1, 'scUrl': 'engines/greavescotton/GC20', 'columns': [{'name': 'change %', 'value': '6.76'}, {'name': 'Adaptive RSI Indicator value', 'value': '169.91'}, {'name': 'LTP', 'value': '183.25'}]}",OHLC_W_I_ADRBULLCO,Bullish Crossovers (Weekly),Bullish Crossovers (Weekly),15,Indicator Scans,Bullish Crossovers (Weekly),,,False,1,N,,OHLC_W_I_ADRBULLCO
1779794117,"{'stkname': 'Ola Electric', 'ltp': '', 'perChg': '', 'stkId': 'OEM', 'displayLock': 'N', 'scanproflg': 1, 'scUrl': 'auto-ancillaries-brakes/olaelectricmobility/OEM', 'columns': [{'name': 'change %', 'value': '-1.03'}, {'name': 'Adaptive RSI Indicator value', 'value': '36.69'}, {'name': 'LTP', 'value': '37.50'}]}",OHLC_W_I_ADRBULLCO,Bullish Crossovers (Weekly),Bullish Crossovers (Weekly),15,Indicator Scans,Bullish Crossovers (Weekly),,,False,1,N,,OHLC_W_I_ADRBULLCO
1779794117,"{'stkname': 'Spectrum Electr', 'ltp': '', 'perChg': '', 'stkId': 'SEI06', 'displayLock': 'N', 'scanproflg': 1, 'scUrl': 'electric-equipment/spectrumelectricalindustries/SEI06', 'columns': [{'name': 'change %', 'value': '-0.29'}, {'name': 'Adaptive RSI Indicator value', 'value': '1,350.82'}, {'name': 'LTP', 'value': '1,390.00'}]}",OHLC_W_I_ADRBULLCO,Bullish Crossovers (Weekly),Bullish Crossovers (Weekly),15,Indicator Scans,Bullish Crossovers (Weekly),,,False,1,N,,OHLC_W_I_ADRBULLCO
1779794117,"{'stkname': 'Vaibhav Global', 'ltp': '', 'perChg': '', 'stkId': 'VG02', 'displayLock': 'N', 'scanproflg': 1, 'scUrl': 'retail/vaibhavglobal/VG02', 'columns': [{'name': 'change %', 'value': '-0.23'}, {'name': 'Adaptive RSI Indicator value', 'value': '222.62'}, {'name': 'LTP', 'value': '228.70'}]}",OHLC_W_I_ADRBULLCO,Bullish Crossovers (Weekly),Bullish Crossovers (Weekly),15,Indicator Scans,Bullish Crossovers (Weekly),,,False,1,N,,OHLC_W_I_ADRBULLCO
1779794117,"{'stkname': 'LMW', 'ltp': '', 'perChg': '', 'stkId': 'LMW', 'displayLock': 'N', 'scanproflg': 1, 'scUrl': 'textiles-machinery/lmw/LMW', 'columns': [{'name': 'change %', 'value': '3.14'}, {'name': 'Adaptive RSI Indicator value', 'value': '14,621.98'}, {'name': 'LTP', 'value': '15,347.00'}]}",OHLC_W_I_ADRBULLCO,Bullish Crossovers (Weekly),Bullish Crossovers (Weekly),15,Indicator Scans,Bullish Crossovers (Weekly),,,False,1,N,,OHLC_W_I_ADRBULLCO
1779794117,"{'stkname': 'Siyaram Silk', 'ltp': '', 'perChg': '', 'stkId': 'SSM05', 'displayLock': 'N', 'scanproflg': 1, 'scUrl': 'textiles-weaving/siyaramsilkmills/SSM05', 'columns': [{'name': 'change %', 'value': '-1.94'}, {'name': 'Adaptive RSI Indicator value', 'value': '579.97'}, {'name': 'LTP', 'value': '590.00'}]}",OHLC_W_I_ADRBULLCO,Bullish Crossovers (Weekly),Bullish Crossovers (Weekly),15,Indicator Scans,Bullish Crossovers (Weekly),,,False,1,N,,OHLC_W_I_ADRBULLCO
1779794117,"{'stkname': 'DCM', 'ltp': '', 'perChg': '', 'stkId': 'DCM', 'displayLock': 'N', 'scanproflg': 1, 'scUrl': 'textiles-spinning-cotton-blended/dcm/DCM', 'columns': [{'name': 'change %', 'value': '4.84'}, {'name': 'Adaptive RSI Indicator value', 'value': '84.47'}, {'name': 'LTP', 'value': '92.50'}]}",OHLC_W_I_ADRBULLCO,Bullish Crossovers (Weekly),Bullish Crossovers (Weekly),15,Indicator Scans,Bullish Crossovers (Weekly),,,False,1,N,,OHLC_W_I_ADRBULLCO
1779794117,"{'stkname': 'Procter Gamble', 'ltp': '', 'perChg': '', 'stkId': 'EMI', 'displayLock': 'N', 'scanproflg': 1, 'scUrl': 'pharmaceuticals/proctergamblehealth/M12', 'columns': [{'name': 'change %', 'value': '-1.11'}, {'name': 'Adaptive RSI Indicator value', 'value': '5,430.12'}, {'name': 'LTP', 'value': '5,662.50'}]}",OHLC_W_I_ADRBULLCO,Bullish Crossovers (Weekly),Bullish Crossovers (Weekly),15,Indicator Scans,Bullish Crossovers (Weekly),,,False,1,N,,OHLC_W_I_ADRBULLCO
1779794117,"{'stkname': 'AstraZeneca', 'ltp': '', 'perChg': '', 'stkId': 'AID', 'displayLock': 'N', 'scanproflg': 1, 'scUrl': 'pharmaceuticals/astrazenecapharma/AZP', 'columns': [{'name': 'change %', 'value': '2.56'}, {'name': 'Adaptive RSI Indicator value', 'value': '8,606.62'}, {'name': 'LTP', 'value': '9,025.00'}]}",OHLC_W_I_ADRBULLCO,Bullish Crossovers (Weekly),Bullish Crossovers (Weekly),15,Indicator Scans,Bullish Crossovers (Weekly),,,False,1,N,,OHLC_W_I_ADRBULLCO
1779794117,"{'stkname': 'Responsive Ind', 'ltp': '', 'perChg': '', 'stkId': 'SH10', 'displayLock': 'N', 'scanproflg': 1, 'scUrl': 'constructioncontracting-civil/responsiveindustries/SH10', 'columns': [{'name': 'change %', 'value': '7.16'}, {'name': 'Adaptive RSI Indicator value', 'value': '171.67'}, {'name': 'LTP', 'value': '187.00'}]}",OHLC_W_I_ADRBULLCO,Bullish Crossovers (Weekly),Bullish Crossovers (Weekly),15,Indicator Scans,Bullish Crossovers (Weekly),,,False,1,N,,OHLC_W_I_ADRBULLCO
1779794117,"{'stkname': 'Medico Remedies', 'ltp': '', 'perChg': '', 'stkId': 'MR04', 'displayLock': 'N', 'scanproflg': 1, 'scUrl': 'diversified/medicoremedies/MR', 'columns': [{'name': 'change %', 'value': '-1.73'}, {'name': 'Adaptive RSI Indicator value', 'value': '44.98'}, {'name': 'LTP', 'value': '48.39'}]}",OHLC_W_I_ADRBULLCO,Bullish Crossovers (Weekly),Bullish Crossovers (Weekly),15,Indicator Scans,Bullish Crossovers (Weekly),,,False,1,N,,OHLC_W_I_ADRBULLCO
1779794117,"{'stkname': 'FDC', 'ltp': '', 'perChg': '', 'stkId': 'FDC', 'displayLock': 'N', 'scanproflg': 1, 'scUrl': 'pharmaceuticals/fdc/FDC', 'columns': [{'name': 'change %', 'value': '8.73'}, {'name': 'Adaptive RSI Indicator value', 'value': '380.60'}, {'name': 'LTP', 'value': '401.60'}]}",OHLC_W_I_ADRBULLCO,Bullish Crossovers (Weekly),Bullish Crossovers (Weekly),15,Indicator Scans,Bullish Crossovers (Weekly),,,False,1,N,,OHLC_W_I_ADRBULLCO
1779794117,"{'stkname': 'Hariom Pipe', 'ltp': '', 'perChg': '', 'stkId': 'HPI02', 'displayLock': 'N', 'scanproflg': 1, 'scUrl': 'ironsteel/hariompipeindustries/HPI02', 'columns': [{'name': 'change %', 'value': '1.89'}, {'name': 'Adaptive RSI Indicator value', 'value': '362.77'}, {'name': 'LTP', 'value': '421.00'}]}",OHLC_W_I_ADRBULLCO,Bullish Crossovers (Weekly),Bullish Crossovers (Weekly),15,Indicator Scans,Bullish Crossovers (Weekly),,,False,1,N,,OHLC_W_I_ADRBULLCO
1779794117,"{'stkname': 'Kansai Nerolac', 'ltp': '', 'perChg': '', 'stkId': 'GNP', 'displayLock': 'N', 'scanproflg': 1, 'scUrl': 'paintsvarnishes/kansainerolacpaints/KNP', 'columns': [{'name': 'change %', 'value': '-0.16'}, {'name': 'Adaptive RSI Indicator value', 'value': '214.78'}, {'name': 'LTP', 'value': '218.00'}]}",OHLC_W_I_ADRBULLCO,Bullish Crossovers (Weekly),Bullish Crossovers (Weekly),15,Indicator Scans,Bullish Crossovers (Weekly),,,False,1,N,,OHLC_W_I_ADRBULLCO
1779794117,"{'stkname': 'Hi-Tech Pipes', 'ltp': '', 'perChg': '', 'stkId': 'HPL01', 'displayLock': 'N', 'scanproflg': 1, 'scUrl': 'steel-tubespipes/hi-techpipes/HPL01', 'columns': [{'name': 'change %', 'value': '3.73'}, {'name': 'Adaptive RSI Indicator value', 'value': '89.19'}, {'name': 'LTP', 'value': '95.47'}]}",OHLC_W_I_ADRBULLCO,Bullish Crossovers (Weekly),Bullish Crossovers (Weekly),15,Indicator Scans,Bullish Crossovers (Weekly),,,False,1,N,,OHLC_W_I_ADRBULLCO
1779794117,"{'stkname': '20 Microns', 'ltp': '', 'perChg': '', 'stkId': '2M', 'displayLock': 'N', 'scanproflg': 1, 'scUrl': 'miningminerals/20microns/2M', 'columns': [{'name': 'change %', 'value': '-3.88'}, {'name': 'Adaptive RSI Indicator value', 'value': '180.86'}, {'name': 'LTP', 'value': '189.03'}]}",OHLC_W_I_ADRBULLCO,Bullish Crossovers (Weekly),Bullish Crossovers (Weekly),15,Indicator Scans,Bullish Crossovers (Weekly),,,False,1,N,,OHLC_W_I_ADRBULLCO
1779794117,"{'stkname': 'Hitech Corp', 'ltp': '', 'perChg': '', 'stkId': 'HTP', 'displayLock': 'N', 'scanproflg': 1, 'scUrl': 'plastics/hitechcorporation/HP08', 'columns': [{'name': 'change %', 'value': '-0.64'}, {'name': 'Adaptive RSI Indicator value', 'value': '155.68'}, {'name': 'LTP', 'value': '166.80'}]}",OHLC_W_I_ADRBULLCO,Bullish Crossovers (Weekly),Bullish Crossovers (Weekly),15,Indicator Scans,Bullish Crossovers (Weekly),,,False,1,N,,OHLC_W_I_ADRBULLCO
1779794117,"{'stkname': 'Mukta Arts', 'ltp': '', 'perChg': '', 'stkId': 'MA02', 'displayLock': 'N', 'scanproflg': 1, 'scUrl': 'mediaentertainment/muktaarts/MA02', 'columns': [{'name': 'change %', 'value': '-0.81'}, {'name': 'Adaptive RSI Indicator value', 'value': '58.65'}, {'name': 'LTP', 'value': '64.00'}]}",OHLC_W_I_ADRBULLCO,Bullish Crossovers (Weekly),Bullish Crossovers (Weekly),15,Indicator Scans,Bullish Crossovers (Weekly),,,False,1,N,,OHLC_W_I_ADRBULLCO
1779794117,"{'stkname': 'Tejas Networks', 'ltp': '', 'perChg': '', 'stkId': 'TN', 'displayLock': 'N', 'scanproflg': 1, 'scUrl': 'telecommunications-equipment/tejasnetworks/TN', 'columns': [{'name': 'change %', 'value': '6.23'}, {'name': 'Adaptive RSI Indicator value', 'value': '471.96'}, {'name': 'LTP', 'value': '503.50'}]}",OHLC_W_I_ADRBULLCO,Bullish Crossovers (Weekly),Bullish Crossovers (Weekly),15,Indicator Scans,Bullish Crossovers (Weekly),,,False,1,N,,OHLC_W_I_ADRBULLCO
1779794117,"{'stkname': 'Asian Hotels', 'ltp': '', 'perChg': '', 'stkId': 'AH', 'displayLock': 'N', 'scanproflg': 1, 'scUrl': 'hotels/asianhotelsnorth/AH', 'columns': [{'name': 'change %', 'value': '1.92'}, {'name': 'Adaptive RSI Indicator value', 'value': '300.42'}, {'name': 'LTP', 'value': '310.00'}]}",OHLC_W_I_ADRBULLCO,Bullish Crossovers (Weekly),Bullish Crossovers (Weekly),15,Indicator Scans,Bullish Crossovers (Weekly),,,False,1,N,,OHLC_W_I_ADRBULLCO
1779794117,"{'stkname': 'Metro Brands', 'ltp': '', 'perChg': '', 'stkId': 'MB05', 'displayLock': 'N', 'scanproflg': 1, 'scUrl': 'footwear/metrobrands/MB06', 'columns': [{'name': 'change %', 'value': '-1.91'}, {'name': 'Adaptive RSI Indicator value', 'value': '1,046.67'}, {'name': 'LTP', 'value': '1,053.50'}]}",OHLC_W_I_ADRBULLCO,Bullish Crossovers (Weekly),Bullish Crossovers (Weekly),15,Indicator Scans,Bullish Crossovers (Weekly),,,False,1,N,,OHLC_W_I_ADRBULLCO
1779794117,"{'stkname': 'Religare Enterp', 'ltp': '', 'perChg': '', 'stkId': 'RE09', 'displayLock': 'N', 'scanproflg': 1, 'scUrl': 'finance-investments/religareenterprises/RE09', 'columns': [{'name': 'change %', 'value': '2.66'}, {'name': 'Adaptive RSI Indicator value', 'value': '231.35'}, {'name': 'LTP', 'value': '242.90'}]}",OHLC_W_I_ADRBULLCO,Bullish Crossovers (Weekly),Bullish Crossovers (Weekly),15,Indicator Scans,Bullish Crossovers (Weekly),,,False,1,N,,OHLC_W_I_ADRBULLCO
1779794117,"{'stkname': 'Kalyani Forge', 'ltp': '', 'perChg': '', 'stkId': 'KF02', 'displayLock': 'N', 'scanproflg': 1, 'scUrl': 'castingsforgings/kalyaniforge/KF02', 'columns': [{'name': 'change %', 'value': '-0.58'}, {'name': 'Adaptive RSI Indicator value', 'value': '618.60'}, {'name': 'LTP', 'value': '629.15'}]}",OHLC_W_I_ADRBULLCO,Bullish Crossovers (Weekly),Bullish Crossovers (Weekly),15,Indicator Scans,Bullish Crossovers (Weekly),,,False,1,N,,OHLC_W_I_ADRBULLCO
1779794117,"{'stkname': 'Prataap Snacks ', 'ltp': '', 'perChg': '', 'stkId': 'PS20', 'displayLock': 'N', 'scanproflg': 1, 'scUrl': 'food-processing/prataapsnacks/PS20', 'columns': [{'name': 'change %', 'value': '12.96'}, {'name': 'Adaptive RSI Indicator value', 'value': '1,034.15'}, {'name': 'LTP', 'value': '1,107.00'}]}",OHLC_W_I_ADRBULLCO,Bullish Crossovers (Weekly),Bullish Crossovers (Weekly),15,Indicator Scans,Bullish Crossovers (Weekly),,,False,1,N,,OHLC_W_I_ADRBULLCO
1779794117,"{'stkname': 'Simplex Infra', 'ltp': '', 'perChg': '', 'stkId': 'SCP', 'displayLock': 'N', 'scanproflg': 1, 'scUrl': 'constructioncontracting-civil/simplexinfrastructures/SI82', 'columns': [{'name': 'change %', 'value': '4.57'}, {'name': 'Adaptive RSI Indicator value', 'value': '228.01'}, {'name': 'LTP', 'value': '249.00'}]}",OHLC_W_I_ADRBULLCO,Bullish Crossovers (Weekly),Bullish Crossovers (Weekly),15,Indicator Scans,Bullish Crossovers (Weekly),,,False,1,N,,OHLC_W_I_ADRBULLCO
1779794117,"{'stkname': '5paisa Capita', 'ltp': '', 'perChg': '', 'stkId': 'C96', 'displayLock': 'N', 'scanproflg': 1, 'scUrl': 'miscellaneous/5paisacapital/C98', 'columns': [{'name': 'change %', 'value': '4.55'}, {'name': 'Adaptive RSI Indicator value', 'value': '324.59'}, {'name': 'LTP', 'value': '334.50'}]}",OHLC_W_I_ADRBULLCO,Bullish Crossovers (Weekly),Bullish Crossovers (Weekly),15,Indicator Scans,Bullish Crossovers (Weekly),,,False,1,N,,OHLC_W_I_ADRBULLCO
1779794117,"{'stkname': 'Health X Plat', 'ltp': '', 'perChg': '', 'stkId': 'MFS04', 'displayLock': 'N', 'scanproflg': 1, 'scUrl': 'finance-general/healthxplatform/MFS', 'columns': [{'name': 'change %', 'value': '-3.55'}, {'name': 'Adaptive RSI Indicator value', 'value': '291.96'}, {'name': 'LTP', 'value': '311.00'}]}",OHLC_W_I_ADRBULLCO,Bullish Crossovers (Weekly),Bullish Crossovers (Weekly),15,Indicator Scans,Bullish Crossovers (Weekly),,,False,1,N,,OHLC_W_I_ADRBULLCO
1779794117,"{'stkname': 'Chambal Fert', 'ltp': '', 'perChg': '', 'stkId': 'CFC', 'displayLock': 'N', 'scanproflg': 1, 'scUrl': 'fertilisers/chambalfertiliserschemicals/CFC', 'columns': [{'name': 'change %', 'value': '3.27'}, {'name': 'Adaptive RSI Indicator value', 'value': '456.97'}, {'name': 'LTP', 'value': '478.60'}]}",OHLC_W_I_ADRBULLCO,Bullish Crossovers (Weekly),Bullish Crossovers (Weekly),15,Indicator Scans,Bullish Crossovers (Weekly),,,False,1,N,,OHLC_W_I_ADRBULLCO
1779794117,"{'stkname': 'Igarashi Motors', 'ltp': '', 'perChg': '', 'stkId': 'CGI', 'displayLock': 'N', 'scanproflg': 1, 'scUrl': 'electric-equipment/igarashimotors/IM01', 'columns': [{'name': 'change %', 'value': '-0.55'}, {'name': 'Adaptive RSI Indicator value', 'value': '393.54'}, {'name': 'LTP', 'value': '386.60'}]}",OHLC_W_I_ADRBULLCO,Bullish Crossovers (Weekly),Bullish Crossovers (Weekly),15,Indicator Scans,Bullish Crossovers (Weekly),,,False,1,N,,OHLC_W_I_ADRBULLCO
1779794117,"{'stkname': 'HPL Electric ', 'ltp': '', 'perChg': '', 'stkId': 'HEP', 'displayLock': 'N', 'scanproflg': 1, 'scUrl': 'electric-equipment/hplelectricpower/HEP', 'columns': [{'name': 'change %', 'value': '1.83'}, {'name': 'Adaptive RSI Indicator value', 'value': '365.50'}, {'name': 'LTP', 'value': '378.90'}]}",OHLC_W_I_ADRBULLCO,Bullish Crossovers (Weekly),Bullish Crossovers (Weekly),15,Indicator Scans,Bullish Crossovers (Weekly),,,False,1,N,,OHLC_W_I_ADRBULLCO
1779794117,"{'stkname': 'Sobha', 'ltp': '', 'perChg': '', 'stkId': 'SD6', 'displayLock': 'N', 'scanproflg': 1, 'scUrl': 'constructioncontracting-real-estate/sobha/SD6', 'columns': [{'name': 'change %', 'value': '2.57'}, {'name': 'Adaptive RSI Indicator value', 'value': '1,405.27'}, {'name': 'LTP', 'value': '1,431.00'}]}",OHLC_W_I_ADRBULLCO,Bullish Crossovers (Weekly),Bullish Crossovers (Weekly),15,Indicator Scans,Bullish Crossovers (Weekly),,,False,1,N,,OHLC_W_I_ADRBULLCO
1779794117,"{'stkname': 'Ruchinfra', 'ltp': '', 'perChg': '', 'stkId': 'RI27', 'displayLock': 'N', 'scanproflg': 1, 'scUrl': 'edible-oilssolvent-extraction/ruchiinfrastructure/RI27', 'columns': [{'name': 'change %', 'value': '4.03'}, {'name': 'Adaptive RSI Indicator value', 'value': '6.36'}, {'name': 'LTP', 'value': '6.46'}]}",OHLC_W_I_ADRBULLCO,Bullish Crossovers (Weekly),Bullish Crossovers (Weekly),15,Indicator Scans,Bullish Crossovers (Weekly),,,False,1,N,,OHLC_W_I_ADRBULLCO
1779794117,"{'stkname': 'Jocil', 'ltp': '', 'perChg': '', 'stkId': 'J01', 'displayLock': 'N', 'scanproflg': 1, 'scUrl': 'chemicals/jocil/J01', 'columns': [{'name': 'change %', 'value': '10.42'}, {'name': 'Adaptive RSI Indicator value', 'value': '135.84'}, {'name': 'LTP', 'value': '147.24'}]}",OHLC_W_I_ADRBULLCO,Bullish Crossovers (Weekly),Bullish Crossovers (Weekly),15,Indicator Scans,Bullish Crossovers (Weekly),,,False,1,N,,OHLC_W_I_ADRBULLCO
1779794117,"{'stkname': 'Asahi Songwon', 'ltp': '', 'perChg': '', 'stkId': 'ASC01', 'displayLock': 'N', 'scanproflg': 1, 'scUrl': 'dyespigments/asahisongwoncolors/ASC01', 'columns': [{'name': 'change %', 'value': '7.74'}, {'name': 'Adaptive RSI Indicator value', 'value': '244.74'}, {'name': 'LTP', 'value': '253.10'}]}",OHLC_W_I_ADRBULLCO,Bullish Crossovers (Weekly),Bullish Crossovers (Weekly),15,Indicator Scans,Bullish Crossovers (Weekly),,,False,1,N,,OHLC_W_I_ADRBULLCO
1779794117,"{'stkname': 'Marathon Realty', 'ltp': '', 'perChg': '', 'stkId': 'PSW01', 'displayLock': 'N', 'scanproflg': 1, 'scUrl': 'constructioncontracting-real-estate/marathonnextgenrealty/MNR', 'columns': [{'name': 'change %', 'value': '2.79'}, {'name': 'Adaptive RSI Indicator value', 'value': '488.84'}, {'name': 'LTP', 'value': '498.00'}]}",OHLC_W_I_ADRBULLCO,Bullish Crossovers (Weekly),Bullish Crossovers (Weekly),15,Indicator Scans,Bullish Crossovers (Weekly),,,False,1,N,,OHLC_W_I_ADRBULLCO
1779794117,"{'stkname': 'GeeCee Ventures', 'ltp': '', 'perChg': '', 'stkId': 'GCI05', 'displayLock': 'N', 'scanproflg': 1, 'scUrl': 'construction-real-estate/geeceeventures/GCI05', 'columns': [{'name': 'change %', 'value': '-1.92'}, {'name': 'Adaptive RSI Indicator value', 'value': '313.59'}, {'name': 'LTP', 'value': '325.00'}]}",OHLC_W_I_ADRBULLCO,Bullish Crossovers (Weekly),Bullish Crossovers (Weekly),15,Indicator Scans,Bullish Crossovers (Weekly),,,False,1,N,,OHLC_W_I_ADRBULLCO
1779794117,"{'stkname': 'Chemcon Special', 'ltp': '', 'perChg': '', 'stkId': 'CSC02', 'displayLock': 'N', 'scanproflg': 1, 'scUrl': 'speciality-chemicals/chemconspecialitychemicals/CSC', 'columns': [{'name': 'change %', 'value': '6.00'}, {'name': 'Adaptive RSI Indicator value', 'value': '182.75'}, {'name': 'LTP', 'value': '203.90'}]}",OHLC_W_I_ADRBULLCO,Bullish Crossovers (Weekly),Bullish Crossovers (Weekly),15,Indicator Scans,Bullish Crossovers (Weekly),,,False,1,N,,OHLC_W_I_ADRBULLCO
1779794117,"{'stkname': 'Minda Corp', 'ltp': '', 'perChg': '', 'stkId': 'MC22', 'displayLock': 'N', 'scanproflg': 1, 'scUrl': 'auto-ancillaries/mindacorporation/MC23', 'columns': [{'name': 'change %', 'value': '1.48'}, {'name': 'Adaptive RSI Indicator value', 'value': '552.66'}, {'name': 'LTP', 'value': '594.00'}]}",OHLC_W_I_ADRBULLCO,Bullish Crossovers (Weekly),Bullish Crossovers (Weekly),15,Indicator Scans,Bullish Crossovers (Weekly),,,False,1,N,,OHLC_W_I_ADRBULLCO
1779794117,"{'stkname': 'Suprajit Eng', 'ltp': '', 'perChg': '', 'stkId': 'SE15', 'displayLock': 'N', 'scanproflg': 1, 'scUrl': 'auto-ancillaries/suprajitengineering/SE15', 'columns': [{'name': 'change %', 'value': '6.30'}, {'name': 'Adaptive RSI Indicator value', 'value': '437.91'}, {'name': 'LTP', 'value': '473.00'}]}",OHLC_W_I_ADRBULLCO,Bullish Crossovers (Weekly),Bullish Crossovers (Weekly),15,Indicator Scans,Bullish Crossovers (Weekly),,,False,1,N,,OHLC_W_I_ADRBULLCO
1779794117,"{'stkname': 'Sundaram Brake', 'ltp': '', 'perChg': '', 'stkId': 'SBL', 'displayLock': 'N', 'scanproflg': 1, 'scUrl': 'auto-ancillaries/sundarambrakelinings/SBL', 'columns': [{'name': 'change %', 'value': '-4.10'}, {'name': 'Adaptive RSI Indicator value', 'value': '650.36'}, {'name': 'LTP', 'value': '726.00'}]}",OHLC_W_I_ADRBULLCO,Bullish Crossovers (Weekly),Bullish Crossovers (Weekly),15,Indicator Scans,Bullish Crossovers (Weekly),,,False,1,N,,OHLC_W_I_ADRBULLCO
1779794117,"{'stkname': 'Varroc Engineer', 'ltp': '', 'perChg': '', 'stkId': 'VE08', 'displayLock': 'N', 'scanproflg': 1, 'scUrl': 'engineering-heavy/varrocengineering/VE08', 'columns': [{'name': 'change %', 'value': '-0.32'}, {'name': 'Adaptive RSI Indicator value', 'value': '557.38'}, {'name': 'LTP', 'value': '580.00'}]}",OHLC_W_I_ADRBULLCO,Bullish Crossovers (Weekly),Bullish Crossovers (Weekly),15,Indicator Scans,Bullish Crossovers (Weekly),,,False,1,N,,OHLC_W_I_ADRBULLCO
1779794117,"{'stkname': 'India Nippon', 'ltp': '', 'perChg': '', 'stkId': 'INE', 'displayLock': 'N', 'scanproflg': 1, 'scUrl': 'auto-ancillaries/indianipponelectricals/INE', 'columns': [{'name': 'change %', 'value': '1.54'}, {'name': 'Adaptive RSI Indicator value', 'value': '796.00'}, {'name': 'LTP', 'value': '829.80'}]}",OHLC_W_I_ADRBULLCO,Bullish Crossovers (Weekly),Bullish Crossovers (Weekly),15,Indicator Scans,Bullish Crossovers (Weekly),,,False,1,N,,OHLC_W_I_ADRBULLCO
1779794117,"{'stkname': 'Banco Products', 'ltp': '', 'perChg': '', 'stkId': 'BPI', 'displayLock': 'N', 'scanproflg': 1, 'scUrl': 'auto-ancillaries/bancoproductsindia/BPI', 'columns': [{'name': 'change %', 'value': '-0.20'}, {'name': 'Adaptive RSI Indicator value', 'value': '617.86'}, {'name': 'LTP', 'value': '623.50'}]}",OHLC_W_I_ADRBULLCO,Bullish Crossovers (Weekly),Bullish Crossovers (Weekly),15,Indicator Scans,Bullish Crossovers (Weekly),,,False,1,N,,OHLC_W_I_ADRBULLCO
1779794117,"{'stkname': 'Tata Chemicals', 'ltp': '', 'perChg': '', 'stkId': 'TC', 'displayLock': 'N', 'scanproflg': 1, 'scUrl': 'chemicals/tatachemicals/TC', 'columns': [{'name': 'change %', 'value': '2.23'}, {'name': 'Adaptive RSI Indicator value', 'value': '764.98'}, {'name': 'LTP', 'value': '783.00'}]}",OHLC_W_I_ADRBULLCO,Bullish Crossovers (Weekly),Bullish Crossovers (Weekly),15,Indicator Scans,Bullish Crossovers (Weekly),,,False,1,N,,OHLC_W_I_ADRBULLCO
1779794117,"{'stkname': 'TMPV', 'ltp': '', 'perChg': '', 'stkId': 'TEL', 'displayLock': 'N', 'scanproflg': 1, 'scUrl': 'automobile-passenger-cars/tatamotorspassengervehicles/TM03', 'columns': [{'name': 'change %', 'value': '3.31'}, {'name': 'Adaptive RSI Indicator value', 'value': '361.38'}, {'name': 'LTP', 'value': '385.60'}]}",OHLC_W_I_ADRBULLCO,Bullish Crossovers (Weekly),Bullish Crossovers (Weekly),15,Indicator Scans,Bullish Crossovers (Weekly),,,False,1,N,,OHLC_W_I_ADRBULLCO
1779794117,"{'stkname': 'Cipla', 'ltp': '', 'perChg': '', 'stkId': 'C', 'displayLock': 'N', 'scanproflg': 1, 'scUrl': 'pharmaceuticals/cipla/C', 'columns': [{'name': 'change %', 'value': '0.34'}, {'name': 'Adaptive RSI Indicator value', 'value': '1,391.21'}, {'name': 'LTP', 'value': '1,418.70'}]}",OHLC_W_I_ADRBULLCO,Bullish Crossovers (Weekly),Bullish Crossovers (Weekly),15,Indicator Scans,Bullish Crossovers (Weekly),,,False,1,N,,OHLC_W_I_ADRBULLCO
1779794117,"{'stkname': 'Karur Vysya', 'ltp': '', 'perChg': '', 'stkId': 'KVB', 'displayLock': 'N', 'scanproflg': 1, 'scUrl': 'banks-private-sector/karurvysyabank/KVB', 'columns': [{'name': 'change %', 'value': '0.17'}, {'name': 'Adaptive RSI Indicator value', 'value': '294.00'}, {'name': 'LTP', 'value': '292.50'}]}",OHLC_W_I_ADRBULLCO,Bullish Crossovers (Weekly),Bullish Crossovers (Weekly),15,Indicator Scans,Bullish Crossovers (Weekly),,,False,1,N,,OHLC_W_I_ADRBULLCO
1779794117,"{'stkname': 'Max Financial', 'ltp': '', 'perChg': '', 'stkId': 'MI', 'displayLock': 'N', 'scanproflg': 1, 'scUrl': 'finance-investments/maxfinancialservices/MI', 'columns': [{'name': 'change %', 'value': '-0.21'}, {'name': 'Adaptive RSI Indicator value', 'value': '1,669.94'}, {'name': 'LTP', 'value': '1,723.20'}]}",OHLC_W_I_ADRBULLCO,Bullish Crossovers (Weekly),Bullish Crossovers (Weekly),15,Indicator Scans,Bullish Crossovers (Weekly),,,False,1,N,,OHLC_W_I_ADRBULLCO
1779794117,"{'stkname': 'Kot Momentum30', 'ltp': '', 'perChg': '', 'stkId': 'KN2', 'displayLock': 'N', 'scanproflg': 1, 'scUrl': 'etf/kotaknifty200momentum30etf/KN2', 'columns': [{'name': 'change %', 'value': '-0.10'}, {'name': 'Adaptive RSI Indicator value', 'value': '30.53'}, {'name': 'LTP', 'value': '30.83'}]}",OHLC_W_I_ADRBULLCO,Bullish Crossovers (Weekly),Bullish Crossovers (Weekly),15,Indicator Scans,Bullish Crossovers (Weekly),,,False,1,N,,OHLC_W_I_ADRBULLCO
1779794117,"{'stkname': 'Mirae EV ETF', 'ltp': '', 'perChg': '', 'stkId': 'EVIND24461', 'displayLock': 'N', 'scanproflg': 1, 'scUrl': 'etf/miraeassetniftyevnewageautomotiveetf/EVIND24461', 'columns': [{'name': 'change %', 'value': '0.59'}, {'name': 'Adaptive RSI Indicator value', 'value': '30.31'}, {'name': 'LTP', 'value': '30.77'}]}",OHLC_D_I_ADRBULLCO,Bullish Crossovers (Daily),"Adaptive RSI (14,9) indicator went above its average line in the current session",15,Indicator Scans,"Adaptive RSI (14,9) indicator went above its average line in the current session. It’s a bullish event.",,,False,1,N,,OHLC_D_I_ADRBULLCO
1779794117,"{'stkname': 'DSP Flex.Qual', 'ltp': '', 'perChg': '', 'stkId': 'DNF', 'displayLock': 'N', 'scanproflg': 1, 'scUrl': 'etf/dspnifty500flexicapquality30etf/DNF', 'columns': [{'name': 'change %', 'value': '1.02'}, {'name': 'Adaptive RSI Indicator value', 'value': '9.75'}, {'name': 'LTP', 'value': '9.88'}]}",OHLC_D_I_ADRBULLCO,Bullish Crossovers (Daily),"Adaptive RSI (14,9) indicator went above its average line in the current session",15,Indicator Scans,"Adaptive RSI (14,9) indicator went above its average line in the current session. It’s a bullish event.",,,False,1,N,,OHLC_D_I_ADRBULLCO
1779794117,"{'stkname': 'ABSL NiftyBank', 'ltp': '', 'perChg': '', 'stkId': 'ABSLB13987', 'displayLock': 'N', 'scanproflg': 1, 'scUrl': 'etf/adityabirlasunlifeniftybanketf/ABSLB13987', 'columns': [{'name': 'change %', 'value': '-0.39'}, {'name': 'Adaptive RSI Indicator value', 'value': '55.89'}, {'name': 'LTP', 'value': '56.42'}]}",OHLC_D_I_ADRBULLCO,Bullish Crossovers (Daily),"Adaptive RSI (14,9) indicator went above its average line in the current session",15,Indicator Scans,"Adaptive RSI (14,9) indicator went above its average line in the current session. It’s a bullish event.",,,False,1,N,,OHLC_D_I_ADRBULLCO
1779794117,"{'stkname': 'NDTV', 'ltp': '', 'perChg': '', 'stkId': 'NDT01', 'displayLock': 'N', 'scanproflg': 1, 'scUrl': 'mediaentertainment/newdelhitelevision/NDT01', 'columns': [{'name': 'change %', 'value': '1.90'}, {'name': 'Adaptive RSI Indicator value', 'value': '78.03'}, {'name': 'LTP', 'value': '79.78'}]}",OHLC_D_I_ADRBULLCO,Bullish Crossovers (Daily),"Adaptive RSI (14,9) indicator went above its average line in the current session",15,Indicator Scans,"Adaptive RSI (14,9) indicator went above its average line in the current session. It’s a bullish event.",,,False,1,N,,OHLC_D_I_ADRBULLCO
1779794117,"{'stkname': 'Ipru EV ETF', 'ltp': '', 'perChg': '', 'stkId': 'EVIET75588', 'displayLock': 'N', 'scanproflg': 1, 'scUrl': 'etf/iciciprudentialniftyevnewageautomotiveetf/EVIET75588', 'columns': [{'name': 'change %', 'value': '0.72'}, {'name': 'Adaptive RSI Indicator value', 'value': '30.33'}, {'name': 'LTP', 'value': '30.84'}]}",OHLC_D_I_ADRBULLCO,Bullish Crossovers (Daily),"Adaptive RSI (14,9) indicator went above its average line in the current session",15,Indicator Scans,"Adaptive RSI (14,9) indicator went above its average line in the current session. It’s a bullish event.",,,False,1,N,,OHLC_D_I_ADRBULLCO
1779794117,"{'stkname': 'Ipru NiftyBank', 'ltp': '', 'perChg': '', 'stkId': 'IPB01', 'displayLock': 'N', 'scanproflg': 1, 'scUrl': 'etf/iciciprudentialniftybanketf/IPB01', 'columns': [{'name': 'change %', 'value': '-0.04'}, {'name': 'Adaptive RSI Indicator value', 'value': '56.00'}, {'name': 'LTP', 'value': '56.65'}]}",OHLC_D_I_ADRBULLCO,Bullish Crossovers (Daily),"Adaptive RSI (14,9) indicator went above its average line in the current session",15,Indicator Scans,"Adaptive RSI (14,9) indicator went above its average line in the current session. It’s a bullish event.",,,False,1,N,,OHLC_D_I_ADRBULLCO
1779794117,"{'stkname': 'Gr In.Internet', 'ltp': '', 'perChg': '', 'stkId': 'GROWW75781', 'displayLock': 'N', 'scanproflg': 1, 'scUrl': 'etf/growwniftyindiainternetetf/GROWW75781', 'columns': [{'name': 'change %', 'value': '0.22'}, {'name': 'Adaptive RSI Indicator value', 'value': '9.03'}, {'name': 'LTP', 'value': '9.07'}]}",OHLC_D_I_ADRBULLCO,Bullish Crossovers (Daily),"Adaptive RSI (14,9) indicator went above its average line in the current session",15,Indicator Scans,"Adaptive RSI (14,9) indicator went above its average line in the current session. It’s a bullish event.",,,False,1,N,,OHLC_D_I_ADRBULLCO
1779794117,"{'stkname': 'Angel Nifty TM', 'ltp': '', 'perChg': '', 'stkId': 'AONET29975', 'displayLock': 'N', 'scanproflg': 1, 'scUrl': 'etf/angeloneniftytotalmarketetf/AONET29975', 'columns': [{'name': 'change %', 'value': '0.26'}, {'name': 'Adaptive RSI Indicator value', 'value': '11.53'}, {'name': 'LTP', 'value': '11.65'}]}",OHLC_D_I_ADRBULLCO,Bullish Crossovers (Daily),"Adaptive RSI (14,9) indicator went above its average line in the current session",15,Indicator Scans,"Adaptive RSI (14,9) indicator went above its average line in the current session. It’s a bullish event.",,,False,1,N,,OHLC_D_I_ADRBULLCO
1779794117,"{'stkname': 'Ipru Nifty Com', 'ltp': '', 'perChg': '', 'stkId': 'IPN05', 'displayLock': 'N', 'scanproflg': 1, 'scUrl': 'etf/iciciprudentialniftycommoditiesetf/IPN05', 'columns': [{'name': 'change %', 'value': '2.88'}, {'name': 'Adaptive RSI Indicator value', 'value': '105.18'}, {'name': 'LTP', 'value': '108.10'}]}",OHLC_D_I_ADRBULLCO,Bullish Crossovers (Daily),"Adaptive RSI (14,9) indicator went above its average line in the current session",15,Indicator Scans,"Adaptive RSI (14,9) indicator went above its average line in the current session. It’s a bullish event.",,,False,1,N,,OHLC_D_I_ADRBULLCO
1779794117,"{'stkname': 'Groww Defence', 'ltp': '', 'perChg': '', 'stkId': 'GROWW25758', 'displayLock': 'N', 'scanproflg': 1, 'scUrl': 'etf/growwniftyindiadefenceetf/GROWW25758', 'columns': [{'name': 'change %', 'value': '1.02'}, {'name': 'Adaptive RSI Indicator value', 'value': '91.39'}, {'name': 'LTP', 'value': '92.90'}]}",OHLC_D_I_ADRBULLCO,Bullish Crossovers (Daily),"Adaptive RSI (14,9) indicator went above its average line in the current session",15,Indicator Scans,"Adaptive RSI (14,9) indicator went above its average line in the current session. It’s a bullish event.",,,False,1,N,,OHLC_D_I_ADRBULLCO
1779794117,"{'stkname': 'Gr Low Vol 50', 'ltp': '', 'perChg': '', 'stkId': 'GROWW75830', 'displayLock': 'N', 'scanproflg': 1, 'scUrl': 'etf/growwnifty500lowvolatility50etf/GROWW75830', 'columns': [{'name': 'change %', 'value': '0.48'}, {'name': 'Adaptive RSI Indicator value', 'value': '10.32'}, {'name': 'LTP', 'value': '10.39'}]}",OHLC_D_I_ADRBULLCO,Bullish Crossovers (Daily),"Adaptive RSI (14,9) indicator went above its average line in the current session",15,Indicator Scans,"Adaptive RSI (14,9) indicator went above its average line in the current session. It’s a bullish event.",,,False,1,N,,OHLC_D_I_ADRBULLCO
1779794117,"{'stkname': 'Gr Next 50', 'ltp': '', 'perChg': '', 'stkId': 'GNN', 'displayLock': 'N', 'scanproflg': 1, 'scUrl': 'etf/growwniftynext50etf/GNN', 'columns': [{'name': 'change %', 'value': '0.58'}, {'name': 'Adaptive RSI Indicator value', 'value': '70.29'}, {'name': 'LTP', 'value': '71.20'}]}",OHLC_D_I_ADRBULLCO,Bullish Crossovers (Daily),"Adaptive RSI (14,9) indicator went above its average line in the current session",15,Indicator Scans,"Adaptive RSI (14,9) indicator went above its average line in the current session. It’s a bullish event.",,,False,1,N,,OHLC_D_I_ADRBULLCO
1779794117,"{'stkname': 'Mirae NiftyFin', 'ltp': '', 'perChg': '', 'stkId': 'MAN01', 'displayLock': 'N', 'scanproflg': 1, 'scUrl': 'etf/miraeassetniftyfinancialservicesetf/MAN01', 'columns': [{'name': 'change %', 'value': '-0.44'}, {'name': 'Adaptive RSI Indicator value', 'value': '26.62'}, {'name': 'LTP', 'value': '26.89'}]}",OHLC_D_I_ADRBULLCO,Bullish Crossovers (Daily),"Adaptive RSI (14,9) indicator went above its average line in the current session",15,Indicator Scans,"Adaptive RSI (14,9) indicator went above its average line in the current session. It’s a bullish event.",,,False,1,N,,OHLC_D_I_ADRBULLCO
1779794117,"{'stkname': 'GROW Nifty EV', 'ltp': '', 'perChg': '', 'stkId': 'GNENAA', 'displayLock': 'N', 'scanproflg': 1, 'scUrl': 'etf/growwniftyevnewageautomotiveetf/GNENAA', 'columns': [{'name': 'change %', 'value': '-0.13'}, {'name': 'Adaptive RSI Indicator value', 'value': '30.19'}, {'name': 'LTP', 'value': '30.52'}]}",OHLC_D_I_ADRBULLCO,Bullish Crossovers (Daily),"Adaptive RSI (14,9) indicator went above its average line in the current session",15,Indicator Scans,"Adaptive RSI (14,9) indicator went above its average line in the current session. It’s a bullish event.",,,False,1,N,,OHLC_D_I_ADRBULLCO
1779794117,"{'stkname': 'Ipru NiftyAuto', 'ltp': '', 'perChg': '', 'stkId': 'IPN', 'displayLock': 'N', 'scanproflg': 1, 'scUrl': 'etf/iciciprudentialniftyautoetf/IPN', 'columns': [{'name': 'change %', 'value': '0.18'}, {'name': 'Adaptive RSI Indicator value', 'value': '27.02'}, {'name': 'LTP', 'value': '27.29'}]}",OHLC_D_I_ADRBULLCO,Bullish Crossovers (Daily),"Adaptive RSI (14,9) indicator went above its average line in the current session",15,Indicator Scans,"Adaptive RSI (14,9) indicator went above its average line in the current session. It’s a bullish event.",,,False,1,N,,OHLC_D_I_ADRBULLCO
1779794117,"{'stkname': 'Ipru BSE 500', 'ltp': '', 'perChg': '', 'stkId': 'ICICI3001', 'displayLock': 'N', 'scanproflg': 1, 'scUrl': 'etf/iciciprudentialbse500etf/ICICI3001', 'columns': [{'name': 'change %', 'value': '0.29'}, {'name': 'Adaptive RSI Indicator value', 'value': '38.31'}, {'name': 'LTP', 'value': '38.65'}]}",OHLC_D_I_ADRBULLCO,Bullish Crossovers (Daily),"Adaptive RSI (14,9) indicator went above its average line in the current session",15,Indicator Scans,"Adaptive RSI (14,9) indicator went above its average line in the current session. It’s a bullish event.",,,False,1,N,,OHLC_D_I_ADRBULLCO
1779794117,"{'stkname': 'RHI Magnesita', 'ltp': '', 'perChg': '', 'stkId': 'OR01', 'displayLock': 'N', 'scanproflg': 1, 'scUrl': 'cement-productsbuilding-materials/rhimagnesitaindia/OR01', 'columns': [{'name': 'change %', 'value': '0.45'}, {'name': 'Adaptive RSI Indicator value', 'value': '398.37'}, {'name': 'LTP', 'value': '404.95'}]}",OHLC_D_I_ADRBULLCO,Bullish Crossovers (Daily),"Adaptive RSI (14,9) indicator went above its average line in the current session",15,Indicator Scans,"Adaptive RSI (14,9) indicator went above its average line in the current session. It’s a bullish event.",,,False,1,N,,OHLC_D_I_ADRBULLCO
1779794117,"{'stkname': 'Magellanic', 'ltp': '', 'perChg': '', 'stkId': 'SIP06', 'displayLock': 'N', 'scanproflg': 1, 'scUrl': 'software/magellaniccloud/SIP06', 'columns': [{'name': 'change %', 'value': '0.26'}, {'name': 'Adaptive RSI Indicator value', 'value': '26.22'}, {'name': 'LTP', 'value': '27.04'}]}",OHLC_D_I_ADRBULLCO,Bullish Crossovers (Daily),"Adaptive RSI (14,9) indicator went above its average line in the current session",15,Indicator Scans,"Adaptive RSI (14,9) indicator went above its average line in the current session. It’s a bullish event.",,,False,1,N,,OHLC_D_I_ADRBULLCO
1779794117,"{'stkname': 'Vikran Engineer', 'ltp': '', 'perChg': '', 'stkId': 'VEL', 'displayLock': 'N', 'scanproflg': 1, 'scUrl': 'engineering-construction/vikranengineering/VEL01', 'columns': [{'name': 'change %', 'value': '10.17'}, {'name': 'Adaptive RSI Indicator value', 'value': '71.49'}, {'name': 'LTP', 'value': '77.80'}]}",OHLC_D_I_ADRBULLCO,Bullish Crossovers (Daily),"Adaptive RSI (14,9) indicator went above its average line in the current session",15,Indicator Scans,"Adaptive RSI (14,9) indicator went above its average line in the current session. It’s a bullish event.",,,False,1,N,,OHLC_D_I_ADRBULLCO
1779794117,"{'stkname': 'LLOYDS ENTER', 'ltp': '', 'perChg': '', 'stkId': 'SGT', 'displayLock': 'N', 'scanproflg': 1, 'scUrl': 'finance-investments/lloydsenterprises/SGT', 'columns': [{'name': 'change %', 'value': '2.06'}, {'name': 'Adaptive RSI Indicator value', 'value': '70.46'}, {'name': 'LTP', 'value': '72.79'}]}",OHLC_D_I_ADRBULLCO,Bullish Crossovers (Daily),"Adaptive RSI (14,9) indicator went above its average line in the current session",15,Indicator Scans,"Adaptive RSI (14,9) indicator went above its average line in the current session. It’s a bullish event.",,,False,1,N,,OHLC_D_I_ADRBULLCO
1779794117,"{'stkname': 'Mahamaya Steel', 'ltp': '', 'perChg': '', 'stkId': 'RS03', 'displayLock': 'N', 'scanproflg': 1, 'scUrl': 'steel-crhr-strips/mahamayasteelindustries/MSI11', 'columns': [{'name': 'change %', 'value': '4.28'}, {'name': 'Adaptive RSI Indicator value', 'value': '856.08'}, {'name': 'LTP', 'value': '909.95'}]}",OHLC_D_I_ADRBULLCO,Bullish Crossovers (Daily),"Adaptive RSI (14,9) indicator went above its average line in the current session",15,Indicator Scans,"Adaptive RSI (14,9) indicator went above its average line in the current session. It’s a bullish event.",,,False,1,N,,OHLC_D_I_ADRBULLCO
1779794117,"{'stkname': 'Vidya Wires', 'ltp': '', 'perChg': '', 'stkId': 'VWL', 'displayLock': 'N', 'scanproflg': 1, 'scUrl': 'cables/vidyawires/VWL', 'columns': [{'name': 'change %', 'value': '10.00'}, {'name': 'Adaptive RSI Indicator value', 'value': '94.52'}, {'name': 'LTP', 'value': '102.87'}]}",OHLC_D_I_ADRBULLCO,Bullish Crossovers (Daily),"Adaptive RSI (14,9) indicator went above its average line in the current session",15,Indicator Scans,"Adaptive RSI (14,9) indicator went above its average line in the current session. It’s a bullish event.",,,False,1,N,,OHLC_D_I_ADRBULLCO
1779794117,"{'stkname': 'Aditya Infotech', 'ltp': '', 'perChg': '', 'stkId': 'AIL10', 'displayLock': 'N', 'scanproflg': 1, 'scUrl': 'diversified/adityainfotech/AIL10', 'columns': [{'name': 'change %', 'value': '6.07'}, {'name': 'Adaptive RSI Indicator value', 'value': '2,535.05'}, {'name': 'LTP', 'value': '2,711.30'}]}",OHLC_D_I_ADRBULLCO,Bullish Crossovers (Daily),"Adaptive RSI (14,9) indicator went above its average line in the current session",15,Indicator Scans,"Adaptive RSI (14,9) indicator went above its average line in the current session. It’s a bullish event.",,,False,1,N,,OHLC_D_I_ADRBULLCO
1779794117,"{'stkname': 'Crizac', 'ltp': '', 'perChg': '', 'stkId': 'CL11', 'displayLock': 'N', 'scanproflg': 1, 'scUrl': 'educational-institutions/crizac/CL12', 'columns': [{'name': 'change %', 'value': '6.14'}, {'name': 'Adaptive RSI Indicator value', 'value': '217.78'}, {'name': 'LTP', 'value': '237.75'}]}",OHLC_D_I_ADRBULLCO,Bullish Crossovers (Daily),"Adaptive RSI (14,9) indicator went above its average line in the current session",15,Indicator Scans,"Adaptive RSI (14,9) indicator went above its average line in the current session. It’s a bullish event.",,,False,1,N,,OHLC_D_I_ADRBULLCO
1779794117,"{'stkname': 'Regaal Resource', 'ltp': '', 'perChg': '', 'stkId': 'RRL03', 'displayLock': 'N', 'scanproflg': 1, 'scUrl': 'food-processing/regaalresources/RRL03', 'columns': [{'name': 'change %', 'value': '3.66'}, {'name': 'Adaptive RSI Indicator value', 'value': '87.30'}, {'name': 'LTP', 'value': '94.01'}]}",OHLC_D_I_ADRBULLCO,Bullish Crossovers (Daily),"Adaptive RSI (14,9) indicator went above its average line in the current session",15,Indicator Scans,"Adaptive RSI (14,9) indicator went above its average line in the current session. It’s a bullish event.",,,False,1,N,,OHLC_D_I_ADRBULLCO
1779794117,"{'stkname': 'Lenskart Solu', 'ltp': '', 'perChg': '', 'stkId': 'LSL', 'displayLock': 'N', 'scanproflg': 1, 'scUrl': 'retailing/lenskartsolutions/LSL', 'columns': [{'name': 'change %', 'value': '1.18'}, {'name': 'Adaptive RSI Indicator value', 'value': '503.53'}, {'name': 'LTP', 'value': '509.70'}]}",OHLC_D_I_ADRBULLCO,Bullish Crossovers (Daily),"Adaptive RSI (14,9) indicator went above its average line in the current session",15,Indicator Scans,"Adaptive RSI (14,9) indicator went above its average line in the current session. It’s a bullish event.",,,False,1,N,,OHLC_D_I_ADRBULLCO
1779794117,"{'stkname': 'Gujarat Pipavav', 'ltp': '', 'perChg': '', 'stkId': 'GPP03', 'displayLock': 'N', 'scanproflg': 1, 'scUrl': 'shipping/gujaratpipavavport/GPP03', 'columns': [{'name': 'change %', 'value': '3.28'}, {'name': 'Adaptive RSI Indicator value', 'value': '155.77'}, {'name': 'LTP', 'value': '160.50'}]}",OHLC_D_I_ADRBULLCO,Bullish Crossovers (Daily),"Adaptive RSI (14,9) indicator went above its average line in the current session",15,Indicator Scans,"Adaptive RSI (14,9) indicator went above its average line in the current session. It’s a bullish event.",,,False,1,N,,OHLC_D_I_ADRBULLCO
1779794117,"{'stkname': 'Jana SFB', 'ltp': '', 'perChg': '', 'stkId': 'JSFBL', 'displayLock': 'N', 'scanproflg': 1, 'scUrl': 'bank-private/janasmallfinancebank/JSFBL', 'columns': [{'name': 'change %', 'value': '2.39'}, {'name': 'Adaptive RSI Indicator value', 'value': '470.84'}, {'name': 'LTP', 'value': '490.00'}]}",OHLC_D_I_ADRBULLCO,Bullish Crossovers (Daily),"Adaptive RSI (14,9) indicator went above its average line in the current session",15,Indicator Scans,"Adaptive RSI (14,9) indicator went above its average line in the current session. It’s a bullish event.",,,False,1,N,,OHLC_D_I_ADRBULLCO
1779794117,"{'stkname': 'Tolins Tyres', 'ltp': '', 'perChg': '', 'stkId': 'TTL04', 'displayLock': 'N', 'scanproflg': 1, 'scUrl': 'auto-ancillaries-tyresrubber-products/tolinstyres/TTL04', 'columns': [{'name': 'change %', 'value': '8.44'}, {'name': 'Adaptive RSI Indicator value', 'value': '107.11'}, {'name': 'LTP', 'value': '115.10'}]}",OHLC_D_I_ADRBULLCO,Bullish Crossovers (Daily),"Adaptive RSI (14,9) indicator went above its average line in the current session",15,Indicator Scans,"Adaptive RSI (14,9) indicator went above its average line in the current session. It’s a bullish event.",,,False,1,N,,OHLC_D_I_ADRBULLCO
1779794117,"{'stkname': 'Divgi Torqtrans', 'ltp': '', 'perChg': '', 'stkId': 'DTS', 'displayLock': 'N', 'scanproflg': 1, 'scUrl': 'engineering/divgitorqtransfersystems/DTS', 'columns': [{'name': 'change %', 'value': '2.53'}, {'name': 'Adaptive RSI Indicator value', 'value': '719.67'}, {'name': 'LTP', 'value': '762.00'}]}",OHLC_D_I_ADRBULLCO,Bullish Crossovers (Daily),"Adaptive RSI (14,9) indicator went above its average line in the current session",15,Indicator Scans,"Adaptive RSI (14,9) indicator went above its average line in the current session. It’s a bullish event.",,,False,1,N,,OHLC_D_I_ADRBULLCO
1779794117,"{'stkname': 'Capital SFB', 'ltp': '', 'perChg': '', 'stkId': 'CSF01', 'displayLock': 'N', 'scanproflg': 1, 'scUrl': 'bank-private/capitalsmallfinancebank/CSF01', 'columns': [{'name': 'change %', 'value': '1.20'}, {'name': 'Adaptive RSI Indicator value', 'value': '280.19'}, {'name': 'LTP', 'value': '282.00'}]}",OHLC_D_I_ADRBULLCO,Bullish Crossovers (Daily),"Adaptive RSI (14,9) indicator went above its average line in the current session",15,Indicator Scans,"Adaptive RSI (14,9) indicator went above its average line in the current session. It’s a bullish event.",,,False,1,N,,OHLC_D_I_ADRBULLCO
1779794117,"{'stkname': 'Kronox Lab Scie', 'ltp': '', 'perChg': '', 'stkId': 'KLS', 'displayLock': 'N', 'scanproflg': 1, 'scUrl': 'chemicals/kronoxlabsciences/KLS', 'columns': [{'name': 'change %', 'value': '0.87'}, {'name': 'Adaptive RSI Indicator value', 'value': '135.64'}, {'name': 'LTP', 'value': '138.01'}]}",OHLC_D_I_ADRBULLCO,Bullish Crossovers (Daily),"Adaptive RSI (14,9) indicator went above its average line in the current session",15,Indicator Scans,"Adaptive RSI (14,9) indicator went above its average line in the current session. It’s a bullish event.",,,False,1,N,,OHLC_D_I_ADRBULLCO
1779794117,"{'stkname': 'Nova Agritech', 'ltp': '', 'perChg': '', 'stkId': 'NAL', 'displayLock': 'N', 'scanproflg': 1, 'scUrl': 'other-agriculture-products/novaagritech/NAL', 'columns': [{'name': 'change %', 'value': '1.19'}, {'name': 'Adaptive RSI Indicator value', 'value': '28.61'}, {'name': 'LTP', 'value': '29.00'}]}",OHLC_D_I_ADRBULLCO,Bullish Crossovers (Daily),"Adaptive RSI (14,9) indicator went above its average line in the current session",15,Indicator Scans,"Adaptive RSI (14,9) indicator went above its average line in the current session. It’s a bullish event.",,,False,1,N,,OHLC_D_I_ADRBULLCO
1779794117,"{'stkname': 'Ecos India Mobi', 'ltp': '', 'perChg': '', 'stkId': 'EIMHL', 'displayLock': 'N', 'scanproflg': 1, 'scUrl': 'travel-services/ecosindiamobilityhospitality/EIMHL', 'columns': [{'name': 'change %', 'value': '11.29'}, {'name': 'Adaptive RSI Indicator value', 'value': '139.49'}, {'name': 'LTP', 'value': '152.50'}]}",OHLC_D_I_ADRBULLCO,Bullish Crossovers (Daily),"Adaptive RSI (14,9) indicator went above its average line in the current session",15,Indicator Scans,"Adaptive RSI (14,9) indicator went above its average line in the current session. It’s a bullish event.",,,False,1,N,,OHLC_D_I_ADRBULLCO
1779794117,"{'stkname': 'Mamata Machiner', 'ltp': '', 'perChg': '', 'stkId': 'MML08', 'displayLock': 'N', 'scanproflg': 1, 'scUrl': 'miscellaneous/mamatamachinery/MML07', 'columns': [{'name': 'change %', 'value': '1.13'}, {'name': 'Adaptive RSI Indicator value', 'value': '411.13'}, {'name': 'LTP', 'value': '420.95'}]}",OHLC_D_I_ADRBULLCO,Bullish Crossovers (Daily),"Adaptive RSI (14,9) indicator went above its average line in the current session",15,Indicator Scans,"Adaptive RSI (14,9) indicator went above its average line in the current session. It’s a bullish event.",,,False,1,N,,OHLC_D_I_ADRBULLCO
1779794117,"{'stkname': 'Hyundai Motor', 'ltp': '', 'perChg': '', 'stkId': 'HMI01', 'displayLock': 'N', 'scanproflg': 1, 'scUrl': 'automobile-passenger-cars/hyundaimotorindia/HMI01', 'columns': [{'name': 'change %', 'value': '0.32'}, {'name': 'Adaptive RSI Indicator value', 'value': '1,852.26'}, {'name': 'LTP', 'value': '1,887.00'}]}",OHLC_D_I_ADRBULLCO,Bullish Crossovers (Daily),"Adaptive RSI (14,9) indicator went above its average line in the current session",15,Indicator Scans,"Adaptive RSI (14,9) indicator went above its average line in the current session. It’s a bullish event.",,,False,1,N,,OHLC_D_I_ADRBULLCO
1779794117,"{'stkname': 'Signet Ind', 'ltp': '', 'perChg': '', 'stkId': 'SF22', 'displayLock': 'N', 'scanproflg': 1, 'scUrl': 'finance-investments/signetindustries/SF22', 'columns': [{'name': 'change %', 'value': '2.67'}, {'name': 'Adaptive RSI Indicator value', 'value': '50.26'}, {'name': 'LTP', 'value': '51.54'}]}",OHLC_D_I_ADRBULLCO,Bullish Crossovers (Daily),"Adaptive RSI (14,9) indicator went above its average line in the current session",15,Indicator Scans,"Adaptive RSI (14,9) indicator went above its average line in the current session. It’s a bullish event.",,,False,1,N,,OHLC_D_I_ADRBULLCO
1779794117,"{'stkname': 'Premier Energie', 'ltp': '', 'perChg': '', 'stkId': 'PEL07', 'displayLock': 'N', 'scanproflg': 1, 'scUrl': 'electric-equipment/premierenergies/PEL06', 'columns': [{'name': 'change %', 'value': '3.48'}, {'name': 'Adaptive RSI Indicator value', 'value': '1,000.06'}, {'name': 'LTP', 'value': '1,019.30'}]}",OHLC_D_I_ADRBULLCO,Bullish Crossovers (Daily),"Adaptive RSI (14,9) indicator went above its average line in the current session",15,Indicator Scans,"Adaptive RSI (14,9) indicator went above its average line in the current session. It’s a bullish event.",,,False,1,N,,OHLC_D_I_ADRBULLCO
1779794117,"{'stkname': 'LMW', 'ltp': '', 'perChg': '', 'stkId': 'LMW', 'displayLock': 'N', 'scanproflg': 1, 'scUrl': 'textiles-machinery/lmw/LMW', 'columns': [{'name': 'change %', 'value': '3.14'}, {'name': 'Adaptive RSI Indicator value', 'value': '14,725.58'}, {'name': 'LTP', 'value': '15,347.00'}]}",OHLC_D_I_ADRBULLCO,Bullish Crossovers (Daily),"Adaptive RSI (14,9) indicator went above its average line in the current session",15,Indicator Scans,"Adaptive RSI (14,9) indicator went above its average line in the current session. It’s a bullish event.",,,False,1,N,,OHLC_D_I_ADRBULLCO
1779794117,"{'stkname': 'Redtape', 'ltp': '', 'perChg': '', 'stkId': 'R08', 'displayLock': 'N', 'scanproflg': 1, 'scUrl': 'footwear/redtape/R04', 'columns': [{'name': 'change %', 'value': '11.51'}, {'name': 'Adaptive RSI Indicator value', 'value': '136.10'}, {'name': 'LTP', 'value': '148.50'}]}",OHLC_D_I_ADRBULLCO,Bullish Crossovers (Daily),"Adaptive RSI (14,9) indicator went above its average line in the current session",15,Indicator Scans,"Adaptive RSI (14,9) indicator went above its average line in the current session. It’s a bullish event.",,,False,1,N,,OHLC_D_I_ADRBULLCO
1779794117,"{'stkname': 'Spencer Retail', 'ltp': '', 'perChg': '', 'stkId': 'SPENC54233', 'displayLock': 'N', 'scanproflg': 1, 'scUrl': 'miscellaneous/spencerretail/SPENC54233', 'columns': [{'name': 'change %', 'value': '1.20'}, {'name': 'Adaptive RSI Indicator value', 'value': '37.16'}, {'name': 'LTP', 'value': '37.90'}]}",OHLC_D_I_ADRBULLCO,Bullish Crossovers (Daily),"Adaptive RSI (14,9) indicator went above its average line in the current session",15,Indicator Scans,"Adaptive RSI (14,9) indicator went above its average line in the current session. It’s a bullish event.",,,False,1,N,,OHLC_D_I_ADRBULLCO
1779794117,"{'stkname': 'BOMDYEING', 'ltp': '', 'perChg': '', 'stkId': 'BDM', 'displayLock': 'N', 'scanproflg': 1, 'scUrl': 'textilesapparel/thebombaydyeingco/BDM', 'columns': [{'name': 'change %', 'value': '-0.55'}, {'name': 'Adaptive RSI Indicator value', 'value': '124.37'}, {'name': 'LTP', 'value': '125.50'}]}",OHLC_D_I_ADRBULLCO,Bullish Crossovers (Daily),"Adaptive RSI (14,9) indicator went above its average line in the current session",15,Indicator Scans,"Adaptive RSI (14,9) indicator went above its average line in the current session. It’s a bullish event.",,,False,1,N,,OHLC_D_I_ADRBULLCO
1779794117,"{'stkname': 'Bannari A Spg', 'ltp': '', 'perChg': '', 'stkId': 'BAS01', 'displayLock': 'N', 'scanproflg': 1, 'scUrl': 'textiles-general/bannariammanspinningmills/BAS01', 'columns': [{'name': 'change %', 'value': '5.24'}, {'name': 'Adaptive RSI Indicator value', 'value': '24.48'}, {'name': 'LTP', 'value': '25.70'}]}",OHLC_D_I_ADRBULLCO,Bullish Crossovers (Daily),"Adaptive RSI (14,9) indicator went above its average line in the current session",15,Indicator Scans,"Adaptive RSI (14,9) indicator went above its average line in the current session. It’s a bullish event.",,,False,1,N,,OHLC_D_I_ADRBULLCO
1779794117,"{'stkname': 'Gokaldas Export', 'ltp': '', 'perChg': '', 'stkId': 'GE05', 'displayLock': 'N', 'scanproflg': 1, 'scUrl': 'textiles-readymade-apparels/gokaldasexports/GE05', 'columns': [{'name': 'change %', 'value': '-1.86'}, {'name': 'Adaptive RSI Indicator value', 'value': '698.23'}, {'name': 'LTP', 'value': '701.50'}]}",OHLC_D_I_ADRBULLCO,Bullish Crossovers (Daily),"Adaptive RSI (14,9) indicator went above its average line in the current session",15,Indicator Scans,"Adaptive RSI (14,9) indicator went above its average line in the current session. It’s a bullish event.",,,False,1,N,,OHLC_D_I_ADRBULLCO
1779794117,"{'stkname': 'Indo Rama Synth', 'ltp': '', 'perChg': '', 'stkId': 'IRS', 'displayLock': 'N', 'scanproflg': 1, 'scUrl': 'textiles-spinning-synthetic-blended/indoramasyntheticsindia/IRS', 'columns': [{'name': 'change %', 'value': '19.99'}, {'name': 'Adaptive RSI Indicator value', 'value': '39.06'}, {'name': 'LTP', 'value': '44.47'}]}",OHLC_D_I_ADRBULLCO,Bullish Crossovers (Daily),"Adaptive RSI (14,9) indicator went above its average line in the current session",15,Indicator Scans,"Adaptive RSI (14,9) indicator went above its average line in the current session. It’s a bullish event.",,,False,1,N,,OHLC_D_I_ADRBULLCO
1779794117,"{'stkname': 'Rupa and Comp', 'ltp': '', 'perChg': '', 'stkId': 'RC12', 'displayLock': 'N', 'scanproflg': 1, 'scUrl': 'textiles-hosieryknitwear/rupacompany/RC14', 'columns': [{'name': 'change %', 'value': '1.10'}, {'name': 'Adaptive RSI Indicator value', 'value': '147.57'}, {'name': 'LTP', 'value': '150.50'}]}",OHLC_D_I_ADRBULLCO,Bullish Crossovers (Daily),"Adaptive RSI (14,9) indicator went above its average line in the current session",15,Indicator Scans,"Adaptive RSI (14,9) indicator went above its average line in the current session. It’s a bullish event.",,,False,1,N,,OHLC_D_I_ADRBULLCO
1779794117,"{'stkname': 'Garware Technic', 'ltp': '', 'perChg': '', 'stkId': 'GWR', 'displayLock': 'N', 'scanproflg': 1, 'scUrl': 'textiles-general/garwaretechnicalfibres/GWR', 'columns': [{'name': 'change %', 'value': '0.52'}, {'name': 'Adaptive RSI Indicator value', 'value': '635.84'}, {'name': 'LTP', 'value': '642.00'}]}",OHLC_D_I_ADRBULLCO,Bullish Crossovers (Daily),"Adaptive RSI (14,9) indicator went above its average line in the current session",15,Indicator Scans,"Adaptive RSI (14,9) indicator went above its average line in the current session. It’s a bullish event.",,,False,1,N,,OHLC_D_I_ADRBULLCO
1779794117,"{'stkname': 'TITAGARH', 'ltp': '', 'perChg': '', 'stkId': 'TW04', 'displayLock': 'N', 'scanproflg': 1, 'scUrl': 'infrastructure-general/titagarhrailsystems/TW04', 'columns': [{'name': 'change %', 'value': '-1.95'}, {'name': 'Adaptive RSI Indicator value', 'value': '791.98'}, {'name': 'LTP', 'value': '815.90'}]}",OHLC_D_I_ADRBULLCO,Bullish Crossovers (Daily),"Adaptive RSI (14,9) indicator went above its average line in the current session",15,Indicator Scans,"Adaptive RSI (14,9) indicator went above its average line in the current session. It’s a bullish event.",,,False,1,N,,OHLC_D_I_ADRBULLCO
1779794117,"{'stkname': 'Morepen Lab', 'ltp': '', 'perChg': '', 'stkId': 'ML06', 'displayLock': 'N', 'scanproflg': 1, 'scUrl': 'pharmaceuticals/morepenlaboratories/ML06', 'columns': [{'name': 'change %', 'value': '1.10'}, {'name': 'Adaptive RSI Indicator value', 'value': '43.25'}, {'name': 'LTP', 'value': '44.20'}]}",OHLC_D_I_ADRBULLCO,Bullish Crossovers (Daily),"Adaptive RSI (14,9) indicator went above its average line in the current session",15,Indicator Scans,"Adaptive RSI (14,9) indicator went above its average line in the current session. It’s a bullish event.",,,False,1,N,,OHLC_D_I_ADRBULLCO
1779794117,"{'stkname': 'Beta Drugs', 'ltp': '', 'perChg': '', 'stkId': 'BD04', 'displayLock': 'N', 'scanproflg': 1, 'scUrl': 'pharmaceuticals/betadrugs/BD04', 'columns': [{'name': 'change %', 'value': '3.22'}, {'name': 'Adaptive RSI Indicator value', 'value': '1,345.01'}, {'name': 'LTP', 'value': '1,412.80'}]}",OHLC_D_I_ADRBULLCO,Bullish Crossovers (Daily),"Adaptive RSI (14,9) indicator went above its average line in the current session",15,Indicator Scans,"Adaptive RSI (14,9) indicator went above its average line in the current session. It’s a bullish event.",,,False,1,N,,OHLC_D_I_ADRBULLCO
1779794117,"{'stkname': 'Guj Ind Power', 'ltp': '', 'perChg': '', 'stkId': 'GIP', 'displayLock': 'N', 'scanproflg': 1, 'scUrl': 'power-generationdistribution/gujaratindustriespowerco/GIP', 'columns': [{'name': 'change %', 'value': '-0.60'}, {'name': 'Adaptive RSI Indicator value', 'value': '151.98'}, {'name': 'LTP', 'value': '155.54'}]}",OHLC_D_I_ADRBULLCO,Bullish Crossovers (Daily),"Adaptive RSI (14,9) indicator went above its average line in the current session",15,Indicator Scans,"Adaptive RSI (14,9) indicator went above its average line in the current session. It’s a bullish event.",,,False,1,N,,OHLC_D_I_ADRBULLCO
1779794117,"{'stkname': 'Finolex Ind', 'ltp': '', 'perChg': '', 'stkId': 'FI', 'displayLock': 'N', 'scanproflg': 1, 'scUrl': 'petrochemicals/finolexindustries/FI', 'columns': [{'name': 'change %', 'value': '1.39'}, {'name': 'Adaptive RSI Indicator value', 'value': '173.04'}, {'name': 'LTP', 'value': '178.10'}]}",OHLC_D_I_ADRBULLCO,Bullish Crossovers (Daily),"Adaptive RSI (14,9) indicator went above its average line in the current session",15,Indicator Scans,"Adaptive RSI (14,9) indicator went above its average line in the current session. It’s a bullish event.",,,False,1,N,,OHLC_D_I_ADRBULLCO
1779794117,"{'stkname': 'Nahar Poly Film', 'ltp': '', 'perChg': '', 'stkId': 'NE01', 'displayLock': 'N', 'scanproflg': 1, 'scUrl': 'textiles-spinning-cotton-blended/naharpolyfilms/NIH', 'columns': [{'name': 'change %', 'value': '2.51'}, {'name': 'Adaptive RSI Indicator value', 'value': '254.27'}, {'name': 'LTP', 'value': '259.65'}]}",OHLC_D_I_ADRBULLCO,Bullish Crossovers (Daily),"Adaptive RSI (14,9) indicator went above its average line in the current session",15,Indicator Scans,"Adaptive RSI (14,9) indicator went above its average line in the current session. It’s a bullish event.",,,False,1,N,,OHLC_D_I_ADRBULLCO
1779794117,"{'stkname': 'Neuland Lab', 'ltp': '', 'perChg': '', 'stkId': 'NL', 'displayLock': 'N', 'scanproflg': 1, 'scUrl': 'pharmaceuticals/neulandlaboratories/NL', 'columns': [{'name': 'change %', 'value': '2.14'}, {'name': 'Adaptive RSI Indicator value', 'value': '16,788.82'}, {'name': 'LTP', 'value': '17,117.00'}]}",OHLC_D_I_ADRBULLCO,Bullish Crossovers (Daily),"Adaptive RSI (14,9) indicator went above its average line in the current session",15,Indicator Scans,"Adaptive RSI (14,9) indicator went above its average line in the current session. It’s a bullish event.",,,False,1,N,,OHLC_D_I_ADRBULLCO
1779794117,"{'stkname': 'Nupur Rec', 'ltp': '', 'perChg': '', 'stkId': 'NR03', 'displayLock': 'N', 'scanproflg': 1, 'scUrl': 'trading/nupurrecyclers/NR02', 'columns': [{'name': 'change %', 'value': '6.09'}, {'name': 'Adaptive RSI Indicator value', 'value': '54.46'}, {'name': 'LTP', 'value': '57.00'}]}",OHLC_D_I_ADRBULLCO,Bullish Crossovers (Daily),"Adaptive RSI (14,9) indicator went above its average line in the current session",15,Indicator Scans,"Adaptive RSI (14,9) indicator went above its average line in the current session. It’s a bullish event.",,,False,1,N,,OHLC_D_I_ADRBULLCO
1779794117,"{'stkname': 'ZIM Lab', 'ltp': '', 'perChg': '', 'stkId': 'ZIMLA54140', 'displayLock': 'N', 'scanproflg': 1, 'scUrl': 'pharmaceuticals/zimlaboratories/ZIMLA54140', 'columns': [{'name': 'change %', 'value': '4.14'}, {'name': 'Adaptive RSI Indicator value', 'value': '100.95'}, {'name': 'LTP', 'value': '104.00'}]}",OHLC_D_I_ADRBULLCO,Bullish Crossovers (Daily),"Adaptive RSI (14,9) indicator went above its average line in the current session",15,Indicator Scans,"Adaptive RSI (14,9) indicator went above its average line in the current session. It’s a bullish event.",,,False,1,N,,OHLC_D_I_ADRBULLCO
1779794117,"{'stkname': 'Jaiprakash Pow', 'ltp': '', 'perChg': '', 'stkId': 'JHP01', 'displayLock': 'N', 'scanproflg': 1, 'scUrl': 'power-generationdistribution/jaiprakashpowerventures/JHP01', 'columns': [{'name': 'change %', 'value': '1.54'}, {'name': 'Adaptive RSI Indicator value', 'value': '18.86'}, {'name': 'LTP', 'value': '19.17'}]}",OHLC_D_I_ADRBULLCO,Bullish Crossovers (Daily),"Adaptive RSI (14,9) indicator went above its average line in the current session",15,Indicator Scans,"Adaptive RSI (14,9) indicator went above its average line in the current session. It’s a bullish event.",,,False,1,N,,OHLC_D_I_ADRBULLCO
1779794117,"{'stkname': 'FDC', 'ltp': '', 'perChg': '', 'stkId': 'FDC', 'displayLock': 'N', 'scanproflg': 1, 'scUrl': 'pharmaceuticals/fdc/FDC', 'columns': [{'name': 'change %', 'value': '8.73'}, {'name': 'Adaptive RSI Indicator value', 'value': '376.97'}, {'name': 'LTP', 'value': '401.60'}]}",OHLC_D_I_ADRBULLCO,Bullish Crossovers (Daily),"Adaptive RSI (14,9) indicator went above its average line in the current session",15,Indicator Scans,"Adaptive RSI (14,9) indicator went above its average line in the current session. It’s a bullish event.",,,False,1,N,,OHLC_D_I_ADRBULLCO
1779794117,"{'stkname': 'Alpa Labs', 'ltp': '', 'perChg': '', 'stkId': 'AL11', 'displayLock': 'N', 'scanproflg': 1, 'scUrl': 'pharmaceuticals/alpalaboratories/AL11', 'columns': [{'name': 'change %', 'value': '3.46'}, {'name': 'Adaptive RSI Indicator value', 'value': '69.27'}, {'name': 'LTP', 'value': '70.35'}]}",OHLC_D_I_ADRBULLCO,Bullish Crossovers (Daily),"Adaptive RSI (14,9) indicator went above its average line in the current session",15,Indicator Scans,"Adaptive RSI (14,9) indicator went above its average line in the current session. It’s a bullish event.",,,False,1,N,,OHLC_D_I_ADRBULLCO
1779794117,"{'stkname': 'Blue Jet', 'ltp': '', 'perChg': '', 'stkId': 'BJH', 'displayLock': 'N', 'scanproflg': 1, 'scUrl': 'pharmaceuticalsdrugs/bluejethealthcare/BJH', 'columns': [{'name': 'change %', 'value': '3.66'}, {'name': 'Adaptive RSI Indicator value', 'value': '464.99'}, {'name': 'LTP', 'value': '499.00'}]}",OHLC_D_I_ADRBULLCO,Bullish Crossovers (Daily),"Adaptive RSI (14,9) indicator went above its average line in the current session",15,Indicator Scans,"Adaptive RSI (14,9) indicator went above its average line in the current session. It’s a bullish event.",,,False,1,N,,OHLC_D_I_ADRBULLCO
1779794117,"{'stkname': 'D P Wires', 'ltp': '', 'perChg': '', 'stkId': 'W06', 'displayLock': 'N', 'scanproflg': 1, 'scUrl': 'consumer-goods-electronic/dpwires/W01', 'columns': [{'name': 'change %', 'value': '12.63'}, {'name': 'Adaptive RSI Indicator value', 'value': '179.45'}, {'name': 'LTP', 'value': '194.00'}]}",OHLC_D_I_ADRBULLCO,Bullish Crossovers (Daily),"Adaptive RSI (14,9) indicator went above its average line in the current session",15,Indicator Scans,"Adaptive RSI (14,9) indicator went above its average line in the current session. It’s a bullish event.",,,False,1,N,,OHLC_D_I_ADRBULLCO
1779794117,"{'stkname': 'Prakash Ind', 'ltp': '', 'perChg': '', 'stkId': 'PI18', 'displayLock': 'N', 'scanproflg': 1, 'scUrl': 'diversified/prakashindustries/PI18', 'columns': [{'name': 'change %', 'value': '7.08'}, {'name': 'Adaptive RSI Indicator value', 'value': '147.33'}, {'name': 'LTP', 'value': '151.30'}]}",OHLC_D_I_ADRBULLCO,Bullish Crossovers (Daily),"Adaptive RSI (14,9) indicator went above its average line in the current session",15,Indicator Scans,"Adaptive RSI (14,9) indicator went above its average line in the current session. It’s a bullish event.",,,False,1,N,,OHLC_D_I_ADRBULLCO
1779794117,"{'stkname': 'Tarsons Product', 'ltp': '', 'perChg': '', 'stkId': 'TP15', 'displayLock': 'N', 'scanproflg': 1, 'scUrl': 'plastic-products-others/tarsonsproducts/TP01', 'columns': [{'name': 'change %', 'value': '2.93'}, {'name': 'Adaptive RSI Indicator value', 'value': '216.08'}, {'name': 'LTP', 'value': '220.99'}]}",OHLC_D_I_ADRBULLCO,Bullish Crossovers (Daily),"Adaptive RSI (14,9) indicator went above its average line in the current session",15,Indicator Scans,"Adaptive RSI (14,9) indicator went above its average line in the current session. It’s a bullish event.",,,False,1,N,,OHLC_D_I_ADRBULLCO
1779794117,"{'stkname': 'Castrol', 'ltp': '', 'perChg': '', 'stkId': 'CI01', 'displayLock': 'N', 'scanproflg': 1, 'scUrl': 'lubricants/castrolindia/CI01', 'columns': [{'name': 'change %', 'value': '1.09'}, {'name': 'Adaptive RSI Indicator value', 'value': '183.17'}, {'name': 'LTP', 'value': '184.75'}]}",OHLC_D_I_ADRBULLCO,Bullish Crossovers (Daily),"Adaptive RSI (14,9) indicator went above its average line in the current session",15,Indicator Scans,"Adaptive RSI (14,9) indicator went above its average line in the current session. It’s a bullish event.",,,False,1,N,,OHLC_D_I_ADRBULLCO
1779794117,"{'stkname': 'Natco Pharma', 'ltp': '', 'perChg': '', 'stkId': 'NP01', 'displayLock': 'N', 'scanproflg': 1, 'scUrl': 'pharmaceuticals/natcopharma/NP07', 'columns': [{'name': 'change %', 'value': '1.45'}, {'name': 'Adaptive RSI Indicator value', 'value': '1,173.60'}, {'name': 'LTP', 'value': '1,190.00'}]}",OHLC_D_I_ADRBULLCO,Bullish Crossovers (Daily),"Adaptive RSI (14,9) indicator went above its average line in the current session",15,Indicator Scans,"Adaptive RSI (14,9) indicator went above its average line in the current session. It’s a bullish event.",,,False,1,N,,OHLC_D_I_ADRBULLCO
1779794117,"{'stkname': 'KAMOPAINTS', 'ltp': '', 'perChg': '', 'stkId': 'KV04', 'displayLock': 'N', 'scanproflg': 1, 'scUrl': 'paints/kamdhenuventures/KV04', 'columns': [{'name': 'change %', 'value': '4.82'}, {'name': 'Adaptive RSI Indicator value', 'value': '5.40'}, {'name': 'LTP', 'value': '5.65'}]}",OHLC_D_I_ADRBULLCO,Bullish Crossovers (Daily),"Adaptive RSI (14,9) indicator went above its average line in the current session",15,Indicator Scans,"Adaptive RSI (14,9) indicator went above its average line in the current session. It’s a bullish event.",,,False,1,N,,OHLC_D_I_ADRBULLCO
1779794117,"{'stkname': 'Hi-Tech Pipes', 'ltp': '', 'perChg': '', 'stkId': 'HPL01', 'displayLock': 'N', 'scanproflg': 1, 'scUrl': 'steel-tubespipes/hi-techpipes/HPL01', 'columns': [{'name': 'change %', 'value': '3.73'}, {'name': 'Adaptive RSI Indicator value', 'value': '89.64'}, {'name': 'LTP', 'value': '95.47'}]}",OHLC_D_I_ADRBULLCO,Bullish Crossovers (Daily),"Adaptive RSI (14,9) indicator went above its average line in the current session",15,Indicator Scans,"Adaptive RSI (14,9) indicator went above its average line in the current session. It’s a bullish event.",,,False,1,N,,OHLC_D_I_ADRBULLCO
1779794117,"{'stkname': 'Steel Exchange ', 'ltp': '', 'perChg': '', 'stkId': 'SEI02', 'displayLock': 'N', 'scanproflg': 1, 'scUrl': 'steel-large/steelexchangeindia/SEI02', 'columns': [{'name': 'change %', 'value': '5.11'}, {'name': 'Adaptive RSI Indicator value', 'value': '10.42'}, {'name': 'LTP', 'value': '10.90'}]}",OHLC_D_I_ADRBULLCO,Bullish Crossovers (Daily),"Adaptive RSI (14,9) indicator went above its average line in the current session",15,Indicator Scans,"Adaptive RSI (14,9) indicator went above its average line in the current session. It’s a bullish event.",,,False,1,N,,OHLC_D_I_ADRBULLCO
1779794117,"{'stkname': 'Kuantum Papers', 'ltp': '', 'perChg': '', 'stkId': 'ABC06', 'displayLock': 'N', 'scanproflg': 1, 'scUrl': 'paper/kuantumpapers/ABC07', 'columns': [{'name': 'change %', 'value': '-1.10'}, {'name': 'Adaptive RSI Indicator value', 'value': '79.21'}, {'name': 'LTP', 'value': '79.01'}]}",OHLC_D_I_ADRBULLCO,Bullish Crossovers (Daily),"Adaptive RSI (14,9) indicator went above its average line in the current session",15,Indicator Scans,"Adaptive RSI (14,9) indicator went above its average line in the current session. It’s a bullish event.",,,False,1,N,,OHLC_D_I_ADRBULLCO
1779794117,"{'stkname': 'Manaksia', 'ltp': '', 'perChg': '', 'stkId': 'M10', 'displayLock': 'N', 'scanproflg': 1, 'scUrl': 'steel-rolling/manaksia/M16', 'columns': [{'name': 'change %', 'value': '-0.34'}, {'name': 'Adaptive RSI Indicator value', 'value': '60.27'}, {'name': 'LTP', 'value': '62.00'}]}",OHLC_D_I_ADRBULLCO,Bullish Crossovers (Daily),"Adaptive RSI (14,9) indicator went above its average line in the current session",15,Indicator Scans,"Adaptive RSI (14,9) indicator went above its average line in the current session. It’s a bullish event.",,,False,1,N,,OHLC_D_I_ADRBULLCO
1779794117,"{'stkname': 'Incredible Ind', 'ltp': '', 'perChg': '', 'stkId': 'AI61', 'displayLock': 'N', 'scanproflg': 1, 'scUrl': 'steel-mediumsmall/incredibleindustries/AI67', 'columns': [{'name': 'change %', 'value': '3.42'}, {'name': 'Adaptive RSI Indicator value', 'value': '36.04'}, {'name': 'LTP', 'value': '37.23'}]}",OHLC_D_I_ADRBULLCO,Bullish Crossovers (Daily),"Adaptive RSI (14,9) indicator went above its average line in the current session",15,Indicator Scans,"Adaptive RSI (14,9) indicator went above its average line in the current session. It’s a bullish event.",,,False,1,N,,OHLC_D_I_ADRBULLCO
1779794117,"{'stkname': 'Sunflag Iron', 'ltp': '', 'perChg': '', 'stkId': 'SIS05', 'displayLock': 'N', 'scanproflg': 1, 'scUrl': 'steel-rolling/sunflagironsteelcompany/SIS05', 'columns': [{'name': 'change %', 'value': '1.42'}, {'name': 'Adaptive RSI Indicator value', 'value': '377.95'}, {'name': 'LTP', 'value': '393.95'}]}",OHLC_D_I_ADRBULLCO,Bullish Crossovers (Daily),"Adaptive RSI (14,9) indicator went above its average line in the current session",15,Indicator Scans,"Adaptive RSI (14,9) indicator went above its average line in the current session. It’s a bullish event.",,,False,1,N,,OHLC_D_I_ADRBULLCO
1779794117,"{'stkname': 'Kamdhenu', 'ltp': '', 'perChg': '', 'stkId': 'KI24', 'displayLock': 'N', 'scanproflg': 1, 'scUrl': 'steel-mediumsmall/kamdhenu/KI24', 'columns': [{'name': 'change %', 'value': '3.01'}, {'name': 'Adaptive RSI Indicator value', 'value': '24.93'}, {'name': 'LTP', 'value': '25.64'}]}",OHLC_D_I_ADRBULLCO,Bullish Crossovers (Daily),"Adaptive RSI (14,9) indicator went above its average line in the current session",15,Indicator Scans,"Adaptive RSI (14,9) indicator went above its average line in the current session. It’s a bullish event.",,,False,1,N,,OHLC_D_I_ADRBULLCO
1779794117,"{'stkname': 'Den Networks', 'ltp': '', 'perChg': '', 'stkId': 'DN02', 'displayLock': 'N', 'scanproflg': 1, 'scUrl': 'mediaentertainment/dennetworks/DN02', 'columns': [{'name': 'change %', 'value': '0.51'}, {'name': 'Adaptive RSI Indicator value', 'value': '27.25'}, {'name': 'LTP', 'value': '27.67'}]}",OHLC_D_I_ADRBULLCO,Bullish Crossovers (Daily),"Adaptive RSI (14,9) indicator went above its average line in the current session",15,Indicator Scans,"Adaptive RSI (14,9) indicator went above its average line in the current session. It’s a bullish event.",,,False,1,N,,OHLC_D_I_ADRBULLCO
1779794117,"{'stkname': 'Trigyn Tech', 'ltp': '', 'perChg': '', 'stkId': 'LES', 'displayLock': 'N', 'scanproflg': 1, 'scUrl': 'computers-software-mediumsmall/trigyntechnologies/TT08', 'columns': [{'name': 'change %', 'value': '3.16'}, {'name': 'Adaptive RSI Indicator value', 'value': '58.43'}, {'name': 'LTP', 'value': '61.10'}]}",OHLC_D_I_ADRBULLCO,Bullish Crossovers (Daily),"Adaptive RSI (14,9) indicator went above its average line in the current session",15,Indicator Scans,"Adaptive RSI (14,9) indicator went above its average line in the current session. It’s a bullish event.",,,False,1,N,,OHLC_D_I_ADRBULLCO
1779794117,"{'stkname': 'Samhi Hotels', 'ltp': '', 'perChg': '', 'stkId': 'SH17', 'displayLock': 'N', 'scanproflg': 1, 'scUrl': 'hotel-resortrestaurants/samhihotels/SH17', 'columns': [{'name': 'change %', 'value': '4.94'}, {'name': 'Adaptive RSI Indicator value', 'value': '157.68'}, {'name': 'LTP', 'value': '170.54'}]}",OHLC_D_I_ADRBULLCO,Bullish Crossovers (Daily),"Adaptive RSI (14,9) indicator went above its average line in the current session",15,Indicator Scans,"Adaptive RSI (14,9) indicator went above its average line in the current session. It’s a bullish event.",,,False,1,N,,OHLC_D_I_ADRBULLCO
1779794117,"{'stkname': 'Petronet LNG', 'ltp': '', 'perChg': '', 'stkId': 'PLN', 'displayLock': 'N', 'scanproflg': 1, 'scUrl': 'oil-drillingexploration/petronetlng/PLN', 'columns': [{'name': 'change %', 'value': '-0.46'}, {'name': 'Adaptive RSI Indicator value', 'value': '275.35'}, {'name': 'LTP', 'value': '280.95'}]}",OHLC_D_I_ADRBULLCO,Bullish Crossovers (Daily),"Adaptive RSI (14,9) indicator went above its average line in the current session",15,Indicator Scans,"Adaptive RSI (14,9) indicator went above its average line in the current session. It’s a bullish event.",,,False,1,N,,OHLC_D_I_ADRBULLCO
1779794117,"{'stkname': 'Balkrishna Ind', 'ltp': '', 'perChg': '', 'stkId': 'BI03', 'displayLock': 'N', 'scanproflg': 1, 'scUrl': 'tyres/balkrishnaindustries/BI03', 'columns': [{'name': 'change %', 'value': '-0.89'}, {'name': 'Adaptive RSI Indicator value', 'value': '2,194.15'}, {'name': 'LTP', 'value': '2,199.40'}]}",OHLC_D_I_ADRBULLCO,Bullish Crossovers (Daily),"Adaptive RSI (14,9) indicator went above its average line in the current session",15,Indicator Scans,"Adaptive RSI (14,9) indicator went above its average line in the current session. It’s a bullish event.",,,False,1,N,,OHLC_D_I_ADRBULLCO
1779794117,"{'stkname': 'Kellton Tech', 'ltp': '', 'perChg': '', 'stkId': 'VMF', 'displayLock': 'N', 'scanproflg': 1, 'scUrl': 'computers-software-mediumsmall/kelltontechsolutions/VMF', 'columns': [{'name': 'change %', 'value': '2.27'}, {'name': 'Adaptive RSI Indicator value', 'value': '15.63'}, {'name': 'LTP', 'value': '16.24'}]}",OHLC_D_I_ADRBULLCO,Bullish Crossovers (Daily),"Adaptive RSI (14,9) indicator went above its average line in the current session",15,Indicator Scans,"Adaptive RSI (14,9) indicator went above its average line in the current session. It’s a bullish event.",,,False,1,N,,OHLC_D_I_ADRBULLCO
1779794117,"{'stkname': 'Cupid', 'ltp': '', 'perChg': '', 'stkId': 'CR02', 'displayLock': 'N', 'scanproflg': 1, 'scUrl': 'miscellaneous/cupid/CR02', 'columns': [{'name': 'change %', 'value': '2.86'}, {'name': 'Adaptive RSI Indicator value', 'value': '123.46'}, {'name': 'LTP', 'value': '128.26'}]}",OHLC_D_I_ADRBULLCO,Bullish Crossovers (Daily),"Adaptive RSI (14,9) indicator went above its average line in the current session",15,Indicator Scans,"Adaptive RSI (14,9) indicator went above its average line in the current session. It’s a bullish event.",,,False,1,N,,OHLC_D_I_ADRBULLCO
1779794117,"{'stkname': 'eClerx Services', 'ltp': '', 'perChg': '', 'stkId': 'ES07', 'displayLock': 'N', 'scanproflg': 1, 'scUrl': 'computers-software-mediumsmall/eclerxservices/eS06', 'columns': [{'name': 'change %', 'value': '-1.40'}, {'name': 'Adaptive RSI Indicator value', 'value': '1,559.38'}, {'name': 'LTP', 'value': '1,565.80'}]}",OHLC_D_I_ADRBULLCO,Bullish Crossovers (Daily),"Adaptive RSI (14,9) indicator went above its average line in the current session",15,Indicator Scans,"Adaptive RSI (14,9) indicator went above its average line in the current session. It’s a bullish event.",,,False,1,N,,OHLC_D_I_ADRBULLCO
1779794117,"{'stkname': 'Nuvama Wealth', 'ltp': '', 'perChg': '', 'stkId': 'NWML', 'displayLock': 'N', 'scanproflg': 1, 'scUrl': 'finance-others/nuvamawealthmanagement/NWML', 'columns': [{'name': 'change %', 'value': '-0.58'}, {'name': 'Adaptive RSI Indicator value', 'value': '1,490.18'}, {'name': 'LTP', 'value': '1,496.00'}]}",OHLC_D_I_ADRBULLCO,Bullish Crossovers (Daily),"Adaptive RSI (14,9) indicator went above its average line in the current session",15,Indicator Scans,"Adaptive RSI (14,9) indicator went above its average line in the current session. It’s a bullish event.",,,False,1,N,,OHLC_D_I_ADRBULLCO
1779794117,"{'stkname': 'Steelcast', 'ltp': '', 'perChg': '', 'stkId': 'S06', 'displayLock': 'N', 'scanproflg': 1, 'scUrl': 'castingsforgings/steelcast/S06', 'columns': [{'name': 'change %', 'value': '1.61'}, {'name': 'Adaptive RSI Indicator value', 'value': '287.55'}, {'name': 'LTP', 'value': '290.85'}]}",OHLC_D_I_ADRBULLCO,Bullish Crossovers (Daily),"Adaptive RSI (14,9) indicator went above its average line in the current session",15,Indicator Scans,"Adaptive RSI (14,9) indicator went above its average line in the current session. It’s a bullish event.",,,False,1,N,,OHLC_D_I_ADRBULLCO
1779794117,"{'stkname': 'Emkay Global', 'ltp': '', 'perChg': '', 'stkId': 'ESS01', 'displayLock': 'N', 'scanproflg': 1, 'scUrl': 'finance-general/emkayglobalfinancialservices/EGF', 'columns': [{'name': 'change %', 'value': '-1.04'}, {'name': 'Adaptive RSI Indicator value', 'value': '221.00'}, {'name': 'LTP', 'value': '221.90'}]}",OHLC_D_I_ADRBULLCO,Bullish Crossovers (Daily),"Adaptive RSI (14,9) indicator went above its average line in the current session",15,Indicator Scans,"Adaptive RSI (14,9) indicator went above its average line in the current session. It’s a bullish event.",,,False,1,N,,OHLC_D_I_ADRBULLCO
1779794117,"{'stkname': 'Choice Internat', 'ltp': '', 'perChg': '', 'stkId': 'CFS01', 'displayLock': 'N', 'scanproflg': 1, 'scUrl': 'finance-general/choiceinternational/CFS01', 'columns': [{'name': 'change %', 'value': '-0.33'}, {'name': 'Adaptive RSI Indicator value', 'value': '678.20'}, {'name': 'LTP', 'value': '687.00'}]}",OHLC_D_I_ADRBULLCO,Bullish Crossovers (Daily),"Adaptive RSI (14,9) indicator went above its average line in the current session",15,Indicator Scans,"Adaptive RSI (14,9) indicator went above its average line in the current session. It’s a bullish event.",,,False,1,N,,OHLC_D_I_ADRBULLCO
1779794117,"{'stkname': 'Paradeep Phosp', 'ltp': '', 'perChg': '', 'stkId': 'PP36', 'displayLock': 'N', 'scanproflg': 1, 'scUrl': 'fertilizers/paradeepphosphates/PP33', 'columns': [{'name': 'change %', 'value': '-0.86'}, {'name': 'Adaptive RSI Indicator value', 'value': '126.20'}, {'name': 'LTP', 'value': '127.50'}]}",OHLC_D_I_ADRBULLCO,Bullish Crossovers (Daily),"Adaptive RSI (14,9) indicator went above its average line in the current session",15,Indicator Scans,"Adaptive RSI (14,9) indicator went above its average line in the current session. It’s a bullish event.",,,False,1,N,,OHLC_D_I_ADRBULLCO
1779794117,"{'stkname': 'Delta Corp', 'ltp': '', 'perChg': '', 'stkId': 'AW', 'displayLock': 'N', 'scanproflg': 1, 'scUrl': 'constructioncontracting-real-estate/deltacorp/DC11', 'columns': [{'name': 'change %', 'value': '1.28'}, {'name': 'Adaptive RSI Indicator value', 'value': '72.76'}, {'name': 'LTP', 'value': '74.20'}]}",OHLC_D_I_ADRBULLCO,Bullish Crossovers (Daily),"Adaptive RSI (14,9) indicator went above its average line in the current session",15,Indicator Scans,"Adaptive RSI (14,9) indicator went above its average line in the current session. It’s a bullish event.",,,False,1,N,,OHLC_D_I_ADRBULLCO
1779794117,"{'stkname': 'Prataap Snacks ', 'ltp': '', 'perChg': '', 'stkId': 'PS20', 'displayLock': 'N', 'scanproflg': 1, 'scUrl': 'food-processing/prataapsnacks/PS20', 'columns': [{'name': 'change %', 'value': '12.96'}, {'name': 'Adaptive RSI Indicator value', 'value': '1,018.29'}, {'name': 'LTP', 'value': '1,107.00'}]}",OHLC_D_I_ADRBULLCO,Bullish Crossovers (Daily),"Adaptive RSI (14,9) indicator went above its average line in the current session",15,Indicator Scans,"Adaptive RSI (14,9) indicator went above its average line in the current session. It’s a bullish event.",,,False,1,N,,OHLC_D_I_ADRBULLCO
1779794117,"{'stkname': 'Indostar Capita', 'ltp': '', 'perChg': '', 'stkId': 'ICF01', 'displayLock': 'N', 'scanproflg': 1, 'scUrl': 'finance-general/indostarcapitalfinance/ICF', 'columns': [{'name': 'change %', 'value': '-0.78'}, {'name': 'Adaptive RSI Indicator value', 'value': '209.09'}, {'name': 'LTP', 'value': '211.10'}]}",OHLC_D_I_ADRBULLCO,Bullish Crossovers (Daily),"Adaptive RSI (14,9) indicator went above its average line in the current session",15,Indicator Scans,"Adaptive RSI (14,9) indicator went above its average line in the current session. It’s a bullish event.",,,False,1,N,,OHLC_D_I_ADRBULLCO
1779794117,"{'stkname': 'NFL', 'ltp': '', 'perChg': '', 'stkId': 'NF06', 'displayLock': 'N', 'scanproflg': 1, 'scUrl': 'fertilisers/nationalfertilizers/NF06', 'columns': [{'name': 'change %', 'value': '0.75'}, {'name': 'Adaptive RSI Indicator value', 'value': '76.52'}, {'name': 'LTP', 'value': '78.12'}]}",OHLC_D_I_ADRBULLCO,Bullish Crossovers (Daily),"Adaptive RSI (14,9) indicator went above its average line in the current session",15,Indicator Scans,"Adaptive RSI (14,9) indicator went above its average line in the current session. It’s a bullish event.",,,False,1,N,,OHLC_D_I_ADRBULLCO
1779794117,"{'stkname': 'Capri Global', 'ltp': '', 'perChg': '', 'stkId': 'DSL01', 'displayLock': 'N', 'scanproflg': 1, 'scUrl': 'finance-general/capriglobalcapital/MMF05', 'columns': [{'name': 'change %', 'value': '1.58'}, {'name': 'Adaptive RSI Indicator value', 'value': '189.22'}, {'name': 'LTP', 'value': '192.30'}]}",OHLC_D_I_ADRBULLCO,Bullish Crossovers (Daily),"Adaptive RSI (14,9) indicator went above its average line in the current session",15,Indicator Scans,"Adaptive RSI (14,9) indicator went above its average line in the current session. It’s a bullish event.",,,False,1,N,,OHLC_D_I_ADRBULLCO
1779794117,"{'stkname': '5paisa Capita', 'ltp': '', 'perChg': '', 'stkId': 'C96', 'displayLock': 'N', 'scanproflg': 1, 'scUrl': 'miscellaneous/5paisacapital/C98', 'columns': [{'name': 'change %', 'value': '4.55'}, {'name': 'Adaptive RSI Indicator value', 'value': '322.30'}, {'name': 'LTP', 'value': '334.50'}]}",OHLC_D_I_ADRBULLCO,Bullish Crossovers (Daily),"Adaptive RSI (14,9) indicator went above its average line in the current session",15,Indicator Scans,"Adaptive RSI (14,9) indicator went above its average line in the current session. It’s a bullish event.",,,False,1,N,,OHLC_D_I_ADRBULLCO
1779794117,"{'stkname': 'Sadbhav Engg', 'ltp': '', 'perChg': '', 'stkId': 'SE19', 'displayLock': 'N', 'scanproflg': 1, 'scUrl': 'infrastructure-general/sadbhavengineering/SE19', 'columns': [{'name': 'change %', 'value': '4.90'}, {'name': 'Adaptive RSI Indicator value', 'value': '9.28'}, {'name': 'LTP', 'value': '9.64'}]}",OHLC_D_I_ADRBULLCO,Bullish Crossovers (Daily),"Adaptive RSI (14,9) indicator went above its average line in the current session",15,Indicator Scans,"Adaptive RSI (14,9) indicator went above its average line in the current session. It’s a bullish event.",,,False,1,N,,OHLC_D_I_ADRBULLCO
1779794117,"{'stkname': 'BGR Energy', 'ltp': '', 'perChg': '', 'stkId': 'BES', 'displayLock': 'N', 'scanproflg': 1, 'scUrl': 'infrastructure-general/bgrenergysystems/BES', 'columns': [{'name': 'change %', 'value': '1.37'}, {'name': 'Adaptive RSI Indicator value', 'value': '289.25'}, {'name': 'LTP', 'value': '299.55'}]}",OHLC_D_I_ADRBULLCO,Bullish Crossovers (Daily),"Adaptive RSI (14,9) indicator went above its average line in the current session",15,Indicator Scans,"Adaptive RSI (14,9) indicator went above its average line in the current session. It’s a bullish event.",,,False,1,N,,OHLC_D_I_ADRBULLCO
1779794117,"{'stkname': 'Bharat Rasayan', 'ltp': '', 'perChg': '', 'stkId': 'BR01', 'displayLock': 'N', 'scanproflg': 1, 'scUrl': 'pesticidesagro-chemicals/bharatrasayan/BR01', 'columns': [{'name': 'change %', 'value': '0.18'}, {'name': 'Adaptive RSI Indicator value', 'value': '1,417.53'}, {'name': 'LTP', 'value': '1,435.10'}]}",OHLC_D_I_ADRBULLCO,Bullish Crossovers (Daily),"Adaptive RSI (14,9) indicator went above its average line in the current session",15,Indicator Scans,"Adaptive RSI (14,9) indicator went above its average line in the current session. It’s a bullish event.",,,False,1,N,,OHLC_D_I_ADRBULLCO
1779794117,"{'stkname': 'Walchandnagar', 'ltp': '', 'perChg': '', 'stkId': 'WI01', 'displayLock': 'N', 'scanproflg': 1, 'scUrl': 'engineering-heavy/walchandnagarindustries/WI01', 'columns': [{'name': 'change %', 'value': '8.57'}, {'name': 'Adaptive RSI Indicator value', 'value': '245.62'}, {'name': 'LTP', 'value': '266.00'}]}",OHLC_D_I_ADRBULLCO,Bullish Crossovers (Daily),"Adaptive RSI (14,9) indicator went above its average line in the current session",15,Indicator Scans,"Adaptive RSI (14,9) indicator went above its average line in the current session. It’s a bullish event.",,,False,1,N,,OHLC_D_I_ADRBULLCO
1779794117,"{'stkname': 'Syrma SGS', 'ltp': '', 'perChg': '', 'stkId': 'SST07', 'displayLock': 'N', 'scanproflg': 1, 'scUrl': 'engineering-industrial-equipments/syrmasgstechnology/SST06', 'columns': [{'name': 'change %', 'value': '-0.03'}, {'name': 'Adaptive RSI Indicator value', 'value': '1,039.56'}, {'name': 'LTP', 'value': '1,056.90'}]}",OHLC_D_I_ADRBULLCO,Bullish Crossovers (Daily),"Adaptive RSI (14,9) indicator went above its average line in the current session",15,Indicator Scans,"Adaptive RSI (14,9) indicator went above its average line in the current session. It’s a bullish event.",,,False,1,N,,OHLC_D_I_ADRBULLCO
1779794117,"{'stkname': 'Ideaforge Tech', 'ltp': '', 'perChg': '', 'stkId': 'IT07', 'displayLock': 'N', 'scanproflg': 1, 'scUrl': 'engineering-industrial-equipments/ideaforgetechnology/IT07', 'columns': [{'name': 'change %', 'value': '5.00'}, {'name': 'Adaptive RSI Indicator value', 'value': '802.53'}, {'name': 'LTP', 'value': '855.40'}]}",OHLC_D_I_ADRBULLCO,Bullish Crossovers (Daily),"Adaptive RSI (14,9) indicator went above its average line in the current session",15,Indicator Scans,"Adaptive RSI (14,9) indicator went above its average line in the current session. It’s a bullish event.",,,False,1,N,,OHLC_D_I_ADRBULLCO
1779794117,"{'stkname': 'Servotech Renew', 'ltp': '', 'perChg': '', 'stkId': 'SPS05', 'displayLock': 'N', 'scanproflg': 1, 'scUrl': 'electricals/servotechrenewablepowersystem/SPS04', 'columns': [{'name': 'change %', 'value': '-1.12'}, {'name': 'Adaptive RSI Indicator value', 'value': '93.67'}, {'name': 'LTP', 'value': '94.26'}]}",OHLC_D_I_ADRBULLCO,Bullish Crossovers (Daily),"Adaptive RSI (14,9) indicator went above its average line in the current session",15,Indicator Scans,"Adaptive RSI (14,9) indicator went above its average line in the current session. It’s a bullish event.",,,False,1,N,,OHLC_D_I_ADRBULLCO
1779794117,"{'stkname': 'Kirl Electric', 'ltp': '', 'perChg': '', 'stkId': 'KEC02', 'displayLock': 'N', 'scanproflg': 1, 'scUrl': 'electric-equipment/kirloskarelectricco/KEC02', 'columns': [{'name': 'change %', 'value': '1.78'}, {'name': 'Adaptive RSI Indicator value', 'value': '121.44'}, {'name': 'LTP', 'value': '127.90'}]}",OHLC_D_I_ADRBULLCO,Bullish Crossovers (Daily),"Adaptive RSI (14,9) indicator went above its average line in the current session",15,Indicator Scans,"Adaptive RSI (14,9) indicator went above its average line in the current session. It’s a bullish event.",,,False,1,N,,OHLC_D_I_ADRBULLCO
1779794117,"{'stkname': 'Mazda', 'ltp': '', 'perChg': '', 'stkId': 'MC07', 'displayLock': 'N', 'scanproflg': 1, 'scUrl': 'engineering/mazda/M14', 'columns': [{'name': 'change %', 'value': '4.13'}, {'name': 'Adaptive RSI Indicator value', 'value': '207.49'}, {'name': 'LTP', 'value': '219.88'}]}",OHLC_D_I_ADRBULLCO,Bullish Crossovers (Daily),"Adaptive RSI (14,9) indicator went above its average line in the current session",15,Indicator Scans,"Adaptive RSI (14,9) indicator went above its average line in the current session. It’s a bullish event.",,,False,1,N,,OHLC_D_I_ADRBULLCO
1779794117,"{'stkname': 'Cemindia Proj', 'ltp': '', 'perChg': '', 'stkId': 'THC', 'displayLock': 'N', 'scanproflg': 1, 'scUrl': 'constructioncontracting-civil/cemindiaprojects/ITD03', 'columns': [{'name': 'change %', 'value': '7.40'}, {'name': 'Adaptive RSI Indicator value', 'value': '895.50'}, {'name': 'LTP', 'value': '945.05'}]}",OHLC_D_I_ADRBULLCO,Bullish Crossovers (Daily),"Adaptive RSI (14,9) indicator went above its average line in the current session",15,Indicator Scans,"Adaptive RSI (14,9) indicator went above its average line in the current session. It’s a bullish event.",,,False,1,N,,OHLC_D_I_ADRBULLCO
1779794117,"{'stkname': 'Kernex Micro', 'ltp': '', 'perChg': '', 'stkId': 'KMI', 'displayLock': 'N', 'scanproflg': 1, 'scUrl': 'computers-software-mediumsmall/kernexmicrosystemsindia/KMI', 'columns': [{'name': 'change %', 'value': '1.57'}, {'name': 'Adaptive RSI Indicator value', 'value': '1,421.92'}, {'name': 'LTP', 'value': '1,487.00'}]}",OHLC_D_I_ADRBULLCO,Bullish Crossovers (Daily),"Adaptive RSI (14,9) indicator went above its average line in the current session",15,Indicator Scans,"Adaptive RSI (14,9) indicator went above its average line in the current session. It’s a bullish event.",,,False,1,N,,OHLC_D_I_ADRBULLCO
1779794117,"{'stkname': 'Goldiam Inter', 'ltp': '', 'perChg': '', 'stkId': 'GI10', 'displayLock': 'N', 'scanproflg': 1, 'scUrl': 'diamond-cuttingjewelleryprecious-metals/goldiaminternational/GI10', 'columns': [{'name': 'change %', 'value': '-0.23'}, {'name': 'Adaptive RSI Indicator value', 'value': '395.92'}, {'name': 'LTP', 'value': '407.00'}]}",OHLC_D_I_ADRBULLCO,Bullish Crossovers (Daily),"Adaptive RSI (14,9) indicator went above its average line in the current session",15,Indicator Scans,"Adaptive RSI (14,9) indicator went above its average line in the current session. It’s a bullish event.",,,False,1,N,,OHLC_D_I_ADRBULLCO
1779794117,"{'stkname': 'Praj Industries', 'ltp': '', 'perChg': '', 'stkId': 'PI17', 'displayLock': 'N', 'scanproflg': 1, 'scUrl': 'engineering-heavy/prajindustries/PI17', 'columns': [{'name': 'change %', 'value': '-0.13'}, {'name': 'Adaptive RSI Indicator value', 'value': '390.28'}, {'name': 'LTP', 'value': '393.15'}]}",OHLC_D_I_ADRBULLCO,Bullish Crossovers (Daily),"Adaptive RSI (14,9) indicator went above its average line in the current session",15,Indicator Scans,"Adaptive RSI (14,9) indicator went above its average line in the current session. It’s a bullish event.",,,False,1,N,,OHLC_D_I_ADRBULLCO
1779794117,"{'stkname': 'DCX Systems', 'ltp': '', 'perChg': '', 'stkId': 'DS11', 'displayLock': 'N', 'scanproflg': 1, 'scUrl': 'electronics-components/dcxsystems/DS11', 'columns': [{'name': 'change %', 'value': '0.46'}, {'name': 'Adaptive RSI Indicator value', 'value': '204.85'}, {'name': 'LTP', 'value': '211.90'}]}",OHLC_D_I_ADRBULLCO,Bullish Crossovers (Daily),"Adaptive RSI (14,9) indicator went above its average line in the current session",15,Indicator Scans,"Adaptive RSI (14,9) indicator went above its average line in the current session. It’s a bullish event.",,,False,1,N,,OHLC_D_I_ADRBULLCO
1779794117,"{'stkname': 'Ion Exchange', 'ltp': '', 'perChg': '', 'stkId': 'IEI', 'displayLock': 'N', 'scanproflg': 1, 'scUrl': 'engineering/ionexchangeindia/IEI', 'columns': [{'name': 'change %', 'value': '0.39'}, {'name': 'Adaptive RSI Indicator value', 'value': '401.17'}, {'name': 'LTP', 'value': '409.90'}]}",OHLC_D_I_ADRBULLCO,Bullish Crossovers (Daily),"Adaptive RSI (14,9) indicator went above its average line in the current session",15,Indicator Scans,"Adaptive RSI (14,9) indicator went above its average line in the current session. It’s a bullish event.",,,False,1,N,,OHLC_D_I_ADRBULLCO
1779794117,"{'stkname': 'Websol Energy', 'ltp': '', 'perChg': '', 'stkId': 'WSL', 'displayLock': 'N', 'scanproflg': 1, 'scUrl': 'electric-equipment/websolenergysystem/WSL', 'columns': [{'name': 'change %', 'value': '2.34'}, {'name': 'Adaptive RSI Indicator value', 'value': '109.24'}, {'name': 'LTP', 'value': '113.71'}]}",OHLC_D_I_ADRBULLCO,Bullish Crossovers (Daily),"Adaptive RSI (14,9) indicator went above its average line in the current session",15,Indicator Scans,"Adaptive RSI (14,9) indicator went above its average line in the current session. It’s a bullish event.",,,False,1,N,,OHLC_D_I_ADRBULLCO
1779794117,"{'stkname': 'Honda India PP', 'ltp': '', 'perChg': '', 'stkId': 'SHP', 'displayLock': 'N', 'scanproflg': 1, 'scUrl': 'electric-equipment/hondaindiapowerproductslimited/HSP02', 'columns': [{'name': 'change %', 'value': '1.70'}, {'name': 'Adaptive RSI Indicator value', 'value': '2,236.37'}, {'name': 'LTP', 'value': '2,279.90'}]}",OHLC_D_I_ADRBULLCO,Bullish Crossovers (Daily),"Adaptive RSI (14,9) indicator went above its average line in the current session",15,Indicator Scans,"Adaptive RSI (14,9) indicator went above its average line in the current session. It’s a bullish event.",,,False,1,N,,OHLC_D_I_ADRBULLCO
1779794117,"{'stkname': 'PSP Projects', 'ltp': '', 'perChg': '', 'stkId': 'PP33', 'displayLock': 'N', 'scanproflg': 1, 'scUrl': 'constructioncontracting-real-estate/pspprojects/PP26', 'columns': [{'name': 'change %', 'value': '7.97'}, {'name': 'Adaptive RSI Indicator value', 'value': '792.40'}, {'name': 'LTP', 'value': '834.00'}]}",OHLC_D_I_ADRBULLCO,Bullish Crossovers (Daily),"Adaptive RSI (14,9) indicator went above its average line in the current session",15,Indicator Scans,"Adaptive RSI (14,9) indicator went above its average line in the current session. It’s a bullish event.",,,False,1,N,,OHLC_D_I_ADRBULLCO
1779794117,"{'stkname': 'Jocil', 'ltp': '', 'perChg': '', 'stkId': 'J01', 'displayLock': 'N', 'scanproflg': 1, 'scUrl': 'chemicals/jocil/J01', 'columns': [{'name': 'change %', 'value': '10.42'}, {'name': 'Adaptive RSI Indicator value', 'value': '138.00'}, {'name': 'LTP', 'value': '147.24'}]}",OHLC_D_I_ADRBULLCO,Bullish Crossovers (Daily),"Adaptive RSI (14,9) indicator went above its average line in the current session",15,Indicator Scans,"Adaptive RSI (14,9) indicator went above its average line in the current session. It’s a bullish event.",,,False,1,N,,OHLC_D_I_ADRBULLCO
1779794117,"{'stkname': 'Marathon Realty', 'ltp': '', 'perChg': '', 'stkId': 'PSW01', 'displayLock': 'N', 'scanproflg': 1, 'scUrl': 'constructioncontracting-real-estate/marathonnextgenrealty/MNR', 'columns': [{'name': 'change %', 'value': '2.79'}, {'name': 'Adaptive RSI Indicator value', 'value': '489.25'}, {'name': 'LTP', 'value': '498.00'}]}",OHLC_D_I_ADRBULLCO,Bullish Crossovers (Daily),"Adaptive RSI (14,9) indicator went above its average line in the current session",15,Indicator Scans,"Adaptive RSI (14,9) indicator went above its average line in the current session. It’s a bullish event.",,,False,1,N,,OHLC_D_I_ADRBULLCO
1779794117,"{'stkname': 'Privi Special', 'ltp': '', 'perChg': '', 'stkId': 'HKA', 'displayLock': 'N', 'scanproflg': 1, 'scUrl': 'chemicals/privispecialitychemicals/HKF', 'columns': [{'name': 'change %', 'value': '1.32'}, {'name': 'Adaptive RSI Indicator value', 'value': '3,288.90'}, {'name': 'LTP', 'value': '3,344.30'}]}",OHLC_D_I_ADRBULLCO,Bullish Crossovers (Daily),"Adaptive RSI (14,9) indicator went above its average line in the current session",15,Indicator Scans,"Adaptive RSI (14,9) indicator went above its average line in the current session. It’s a bullish event.",,,False,1,N,,OHLC_D_I_ADRBULLCO
1779794117,"{'stkname': 'Shriram Prop', 'ltp': '', 'perChg': '', 'stkId': 'SP43', 'displayLock': 'N', 'scanproflg': 1, 'scUrl': 'construction-residentialcommercial-complexes/shriramproperties/SP21', 'columns': [{'name': 'change %', 'value': '2.57'}, {'name': 'Adaptive RSI Indicator value', 'value': '88.01'}, {'name': 'LTP', 'value': '93.24'}]}",OHLC_D_I_ADRBULLCO,Bullish Crossovers (Daily),"Adaptive RSI (14,9) indicator went above its average line in the current session",15,Indicator Scans,"Adaptive RSI (14,9) indicator went above its average line in the current session. It’s a bullish event.",,,False,1,N,,OHLC_D_I_ADRBULLCO
1779794117,"{'stkname': 'Aarti Ind', 'ltp': '', 'perChg': '', 'stkId': 'AI', 'displayLock': 'N', 'scanproflg': 1, 'scUrl': 'chemicals/aartiindustries/AI45', 'columns': [{'name': 'change %', 'value': '1.57'}, {'name': 'Adaptive RSI Indicator value', 'value': '479.80'}, {'name': 'LTP', 'value': '490.20'}]}",OHLC_D_I_ADRBULLCO,Bullish Crossovers (Daily),"Adaptive RSI (14,9) indicator went above its average line in the current session",15,Indicator Scans,"Adaptive RSI (14,9) indicator went above its average line in the current session. It’s a bullish event.",,,False,1,N,,OHLC_D_I_ADRBULLCO
1779794117,"{'stkname': 'India Cements', 'ltp': '', 'perChg': '', 'stkId': 'IC', 'displayLock': 'N', 'scanproflg': 1, 'scUrl': 'cement-major/indiacements/IC', 'columns': [{'name': 'change %', 'value': '-0.05'}, {'name': 'Adaptive RSI Indicator value', 'value': '402.72'}, {'name': 'LTP', 'value': '403.30'}]}",OHLC_D_I_ADRBULLCO,Bullish Crossovers (Daily),"Adaptive RSI (14,9) indicator went above its average line in the current session",15,Indicator Scans,"Adaptive RSI (14,9) indicator went above its average line in the current session. It’s a bullish event.",,,False,1,N,,OHLC_D_I_ADRBULLCO
1779794117,"{'stkname': 'Bank of Mah', 'ltp': '', 'perChg': '', 'stkId': 'BM05', 'displayLock': 'N', 'scanproflg': 1, 'scUrl': 'banks-public-sector/bankmaharashtra/BM05', 'columns': [{'name': 'change %', 'value': '-1.26'}, {'name': 'Adaptive RSI Indicator value', 'value': '79.97'}, {'name': 'LTP', 'value': '80.15'}]}",OHLC_D_I_ADRBULLCO,Bullish Crossovers (Daily),"Adaptive RSI (14,9) indicator went above its average line in the current session",15,Indicator Scans,"Adaptive RSI (14,9) indicator went above its average line in the current session. It’s a bullish event.",,,False,1,N,,OHLC_D_I_ADRBULLCO
1779794117,"{'stkname': 'Amara Raja', 'ltp': '', 'perChg': '', 'stkId': 'ARB', 'displayLock': 'N', 'scanproflg': 1, 'scUrl': 'auto-ancillaries/amararajaenergymobility/ARB', 'columns': [{'name': 'change %', 'value': '0.63'}, {'name': 'Adaptive RSI Indicator value', 'value': '856.51'}, {'name': 'LTP', 'value': '889.00'}]}",OHLC_D_I_ADRBULLCO,Bullish Crossovers (Daily),"Adaptive RSI (14,9) indicator went above its average line in the current session",15,Indicator Scans,"Adaptive RSI (14,9) indicator went above its average line in the current session. It’s a bullish event.",,,False,1,N,,OHLC_D_I_ADRBULLCO
1779794117,"{'stkname': 'Jupiter Wagons', 'ltp': '', 'perChg': '', 'stkId': 'CEB', 'displayLock': 'N', 'scanproflg': 1, 'scUrl': 'engineering/jupiterwagons/CEB', 'columns': [{'name': 'change %', 'value': '-2.29'}, {'name': 'Adaptive RSI Indicator value', 'value': '284.83'}, {'name': 'LTP', 'value': '289.50'}]}",OHLC_D_I_ADRBULLCO,Bullish Crossovers (Daily),"Adaptive RSI (14,9) indicator went above its average line in the current session",15,Indicator Scans,"Adaptive RSI (14,9) indicator went above its average line in the current session. It’s a bullish event.",,,False,1,N,,OHLC_D_I_ADRBULLCO
1779794117,"{'stkname': 'Saksoft', 'ltp': '', 'perChg': '', 'stkId': 'S12', 'displayLock': 'N', 'scanproflg': 1, 'scUrl': 'computers-software/saksoft/S12', 'columns': [{'name': 'change %', 'value': '1.93'}, {'name': 'Adaptive RSI Indicator value', 'value': '142.40'}, {'name': 'LTP', 'value': '146.79'}]}",OHLC_D_I_ADRBULLCO,Bullish Crossovers (Daily),"Adaptive RSI (14,9) indicator went above its average line in the current session",15,Indicator Scans,"Adaptive RSI (14,9) indicator went above its average line in the current session. It’s a bullish event.",,,False,1,N,,OHLC_D_I_ADRBULLCO
1779794117,"{'stkname': 'Mah Scooters', 'ltp': '', 'perChg': '', 'stkId': 'MS01', 'displayLock': 'N', 'scanproflg': 1, 'scUrl': 'auto-23-wheelers/maharashtrascooters/MS01', 'columns': [{'name': 'change %', 'value': '7.25'}, {'name': 'Adaptive RSI Indicator value', 'value': '12,488.80'}, {'name': 'LTP', 'value': '13,369.00'}]}",OHLC_D_I_ADRBULLCO,Bullish Crossovers (Daily),"Adaptive RSI (14,9) indicator went above its average line in the current session",15,Indicator Scans,"Adaptive RSI (14,9) indicator went above its average line in the current session. It’s a bullish event.",,,False,1,N,,OHLC_D_I_ADRBULLCO
1779794117,"{'stkname': 'Steel Str Wheel', 'ltp': '', 'perChg': '', 'stkId': 'SSW01', 'displayLock': 'N', 'scanproflg': 1, 'scUrl': 'auto-ancillaries/steelstripswheels/SSW02', 'columns': [{'name': 'change %', 'value': '0.76'}, {'name': 'Adaptive RSI Indicator value', 'value': '210.54'}, {'name': 'LTP', 'value': '212.49'}]}",OHLC_D_I_ADRBULLCO,Bullish Crossovers (Daily),"Adaptive RSI (14,9) indicator went above its average line in the current session",15,Indicator Scans,"Adaptive RSI (14,9) indicator went above its average line in the current session. It’s a bullish event.",,,False,1,N,,OHLC_D_I_ADRBULLCO
1779794117,"{'stkname': 'Va Tech Wabag', 'ltp': '', 'perChg': '', 'stkId': 'VTW', 'displayLock': 'N', 'scanproflg': 1, 'scUrl': 'infrastructure/vatechwabag/VTW', 'columns': [{'name': 'change %', 'value': '3.39'}, {'name': 'Adaptive RSI Indicator value', 'value': '1,445.11'}, {'name': 'LTP', 'value': '1,502.00'}]}",OHLC_D_I_ADRBULLCO,Bullish Crossovers (Daily),"Adaptive RSI (14,9) indicator went above its average line in the current session",15,Indicator Scans,"Adaptive RSI (14,9) indicator went above its average line in the current session. It’s a bullish event.",,,False,1,N,,OHLC_D_I_ADRBULLCO
1779794117,"{'stkname': 'Banco Products', 'ltp': '', 'perChg': '', 'stkId': 'BPI', 'displayLock': 'N', 'scanproflg': 1, 'scUrl': 'auto-ancillaries/bancoproductsindia/BPI', 'columns': [{'name': 'change %', 'value': '-0.20'}, {'name': 'Adaptive RSI Indicator value', 'value': '613.07'}, {'name': 'LTP', 'value': '623.50'}]}",OHLC_D_I_ADRBULLCO,Bullish Crossovers (Daily),"Adaptive RSI (14,9) indicator went above its average line in the current session",15,Indicator Scans,"Adaptive RSI (14,9) indicator went above its average line in the current session. It’s a bullish event.",,,False,1,N,,OHLC_D_I_ADRBULLCO
1779794117,"{'stkname': 'Bharat Gears', 'ltp': '', 'perChg': '', 'stkId': 'BG01', 'displayLock': 'N', 'scanproflg': 1, 'scUrl': 'auto-ancillaries/bharatgears/BG01', 'columns': [{'name': 'change %', 'value': '5.03'}, {'name': 'Adaptive RSI Indicator value', 'value': '113.31'}, {'name': 'LTP', 'value': '119.00'}]}",OHLC_D_I_ADRBULLCO,Bullish Crossovers (Daily),"Adaptive RSI (14,9) indicator went above its average line in the current session",15,Indicator Scans,"Adaptive RSI (14,9) indicator went above its average line in the current session. It’s a bullish event.",,,False,1,N,,OHLC_D_I_ADRBULLCO
1779794117,"{'stkname': 'PCBL Chemical', 'ltp': '', 'perChg': '', 'stkId': 'PCB01', 'displayLock': 'N', 'scanproflg': 1, 'scUrl': 'carbon-black/pcblchemical/PCB01', 'columns': [{'name': 'change %', 'value': '-1.31'}, {'name': 'Adaptive RSI Indicator value', 'value': '290.19'}, {'name': 'LTP', 'value': '290.40'}]}",OHLC_D_I_ADRBULLCO,Bullish Crossovers (Daily),"Adaptive RSI (14,9) indicator went above its average line in the current session",15,Indicator Scans,"Adaptive RSI (14,9) indicator went above its average line in the current session. It’s a bullish event.",,,False,1,N,,OHLC_D_I_ADRBULLCO
1779794117,"{'stkname': 'V-Mart Retail', 'ltp': '', 'perChg': '', 'stkId': 'VR03', 'displayLock': 'N', 'scanproflg': 1, 'scUrl': 'retail/v-martretail/VR03', 'columns': [{'name': 'change %', 'value': '1.70'}, {'name': 'Adaptive RSI Indicator value', 'value': '650.12'}, {'name': 'LTP', 'value': '670.00'}]}",OHLC_D_I_ADRBULLCO,Bullish Crossovers (Daily),"Adaptive RSI (14,9) indicator went above its average line in the current session",15,Indicator Scans,"Adaptive RSI (14,9) indicator went above its average line in the current session. It’s a bullish event.",,,False,1,N,,OHLC_D_I_ADRBULLCO
1779794117,"{'stkname': 'MphasiS', 'ltp': '', 'perChg': '', 'stkId': 'BFL', 'displayLock': 'N', 'scanproflg': 1, 'scUrl': 'computers-software/mphasis/MB02', 'columns': [{'name': 'change %', 'value': '1.92'}, {'name': 'Adaptive RSI Indicator value', 'value': '2,234.14'}, {'name': 'LTP', 'value': '2,287.00'}]}",OHLC_D_I_ADRBULLCO,Bullish Crossovers (Daily),"Adaptive RSI (14,9) indicator went above its average line in the current session",15,Indicator Scans,"Adaptive RSI (14,9) indicator went above its average line in the current session. It’s a bullish event.",,,False,1,N,,OHLC_D_I_ADRBULLCO
1779794117,"{'stkname': 'Transformers', 'ltp': '', 'perChg': '', 'stkId': 'TRI', 'displayLock': 'N', 'scanproflg': 1, 'scUrl': 'power-transmissionequipment/transformersrectifiersindia/TRI', 'columns': [{'name': 'change %', 'value': '2.40'}, {'name': 'Adaptive RSI Indicator value', 'value': '312.35'}, {'name': 'LTP', 'value': '321.55'}]}",OHLC_D_I_ADRBULLCO,Bullish Crossovers (Daily),"Adaptive RSI (14,9) indicator went above its average line in the current session",15,Indicator Scans,"Adaptive RSI (14,9) indicator went above its average line in the current session. It’s a bullish event.",,,False,1,N,,OHLC_D_I_ADRBULLCO
1779794117,"{'stkname': 'Suzlon Energy', 'ltp': '', 'perChg': '', 'stkId': 'SE17', 'displayLock': 'N', 'scanproflg': 1, 'scUrl': 'power-generationdistribution/suzlonenergy/SE17', 'columns': [{'name': 'change %', 'value': '1.13'}, {'name': 'Adaptive RSI Indicator value', 'value': '53.79'}, {'name': 'LTP', 'value': '54.60'}]}",OHLC_D_I_ADRBULLCO,Bullish Crossovers (Daily),"Adaptive RSI (14,9) indicator went above its average line in the current session",15,Indicator Scans,"Adaptive RSI (14,9) indicator went above its average line in the current session. It’s a bullish event.",,,False,1,N,,OHLC_D_I_ADRBULLCO
1779794117,"{'stkname': 'Sky Gold', 'ltp': '', 'perChg': '', 'stkId': 'SG14', 'displayLock': 'N', 'scanproflg': 1, 'scUrl': 'diamondjewellery/skygolddiamonds/SG08', 'columns': [{'name': 'change %', 'value': '-0.28'}, {'name': 'Adaptive RSI Indicator value', 'value': '472.88'}, {'name': 'LTP', 'value': '483.00'}]}",OHLC_D_I_ADRBULLCO,Bullish Crossovers (Daily),"Adaptive RSI (14,9) indicator went above its average line in the current session",15,Indicator Scans,"Adaptive RSI (14,9) indicator went above its average line in the current session. It’s a bullish event.",,,False,1,N,,OHLC_D_I_ADRBULLCO
1779794117,"{'stkname': 'JSW Infra', 'ltp': '', 'perChg': '', 'stkId': 'JIL05', 'displayLock': 'N', 'scanproflg': 1, 'scUrl': 'infrastructure/jswinfrastructure/JIL01', 'columns': [{'name': 'change %', 'value': '0.49'}, {'name': 'Adaptive RSI Indicator value', 'value': '273.88'}, {'name': 'LTP', 'value': '279.00'}]}",OHLC_D_I_ADRBULLCO,Bullish Crossovers (Daily),"Adaptive RSI (14,9) indicator went above its average line in the current session",15,Indicator Scans,"Adaptive RSI (14,9) indicator went above its average line in the current session. It’s a bullish event.",,,False,1,N,,OHLC_D_I_ADRBULLCO
1779794117,"{'stkname': 'Fujiyama Power ', 'ltp': '', 'perChg': '', 'stkId': 'FPS01', 'displayLock': 'N', 'scanproflg': 1, 'scUrl': 'renewables/fujiyamapowersystems/FPS01', 'columns': [{'name': 'change %', 'value': '4.99'}, {'name': 'Adaptive RSI Indicator value', 'value': '279.62'}, {'name': 'LTP', 'value': '297.95'}]}",OHLC_D_I_ADRBULLCO,Bullish Crossovers (Daily),"Adaptive RSI (14,9) indicator went above its average line in the current session",15,Indicator Scans,"Adaptive RSI (14,9) indicator went above its average line in the current session. It’s a bullish event.",,,False,1,N,,OHLC_D_I_ADRBULLCO
1779794117,"{'stkname': 'Larsen', 'ltp': '', 'perChg': '', 'stkId': 'LT', 'displayLock': 'N', 'scanproflg': 1, 'scUrl': 'infrastructure-general/larsentoubro/LT', 'columns': [{'name': 'change %', 'value': '0.09'}, {'name': 'Adaptive RSI Indicator value', 'value': '3,975.60'}, {'name': 'LTP', 'value': '4,037.00'}]}",OHLC_D_I_ADRBULLCO,Bullish Crossovers (Daily),"Adaptive RSI (14,9) indicator went above its average line in the current session",15,Indicator Scans,"Adaptive RSI (14,9) indicator went above its average line in the current session. It’s a bullish event.",,,False,1,N,,OHLC_D_I_ADRBULLCO
1779794117,"{'stkname': 'SML Mahindra', 'ltp': '', 'perChg': '', 'stkId': 'SM', 'displayLock': 'N', 'scanproflg': 1, 'scUrl': 'automobile-truckslcvs/smlmahindra/SM', 'columns': [{'name': 'change %', 'value': '0.50'}, {'name': 'Adaptive RSI Indicator value', 'value': '3,808.84'}, {'name': 'LTP', 'value': '3,883.00'}]}",OHLC_D_I_ADRBULLCO,Bullish Crossovers (Daily),"Adaptive RSI (14,9) indicator went above its average line in the current session",15,Indicator Scans,"Adaptive RSI (14,9) indicator went above its average line in the current session. It’s a bullish event.",,,False,1,N,,OHLC_D_I_ADRBULLCO
1779794117,"{'stkname': 'Jindal Worldwid', 'ltp': '', 'perChg': '', 'stkId': 'JW01', 'displayLock': 'N', 'scanproflg': 1, 'scUrl': 'textiles-general/jindalworldwide/JW01', 'columns': [{'name': 'change %', 'value': '14.24'}, {'name': 'Adaptive RSI Indicator value', 'value': '27.69'}, {'name': 'LTP', 'value': '30.49'}]}",OHLC_D_I_ADRBULLCO,Bullish Crossovers (Daily),"Adaptive RSI (14,9) indicator went above its average line in the current session",15,Indicator Scans,"Adaptive RSI (14,9) indicator went above its average line in the current session. It’s a bullish event.",,,False,1,N,,OHLC_D_I_ADRBULLCO
1779794117,"{'stkname': 'UPL', 'ltp': '', 'perChg': '', 'stkId': 'SI10', 'displayLock': 'N', 'scanproflg': 1, 'scUrl': 'chemicals/upl/UP04', 'columns': [{'name': 'change %', 'value': '0.41'}, {'name': 'Adaptive RSI Indicator value', 'value': '643.10'}, {'name': 'LTP', 'value': '655.00'}]}",OHLC_D_I_ADRBULLCO,Bullish Crossovers (Daily),"Adaptive RSI (14,9) indicator went above its average line in the current session",15,Indicator Scans,"Adaptive RSI (14,9) indicator went above its average line in the current session. It’s a bullish event.",,,False,1,N,,OHLC_D_I_ADRBULLCO
1779794117,"{'stkname': 'Tech Mahindra', 'ltp': '', 'perChg': '', 'stkId': 'TM4', 'displayLock': 'N', 'scanproflg': 1, 'scUrl': 'computers-software/techmahindra/TM4', 'columns': [{'name': 'change %', 'value': '1.71'}, {'name': 'Adaptive RSI Indicator value', 'value': '1,437.14'}, {'name': 'LTP', 'value': '1,460.00'}]}",OHLC_D_I_ADRBULLCO,Bullish Crossovers (Daily),"Adaptive RSI (14,9) indicator went above its average line in the current session",15,Indicator Scans,"Adaptive RSI (14,9) indicator went above its average line in the current session. It’s a bullish event.",,,False,1,N,,OHLC_D_I_ADRBULLCO
1779794117,"{'stkname': 'SRF', 'ltp': '', 'perChg': '', 'stkId': 'SRF', 'displayLock': 'N', 'scanproflg': 1, 'scUrl': 'diversified/srf/SRF', 'columns': [{'name': 'change %', 'value': '1.42'}, {'name': 'Adaptive RSI Indicator value', 'value': '2,684.62'}, {'name': 'LTP', 'value': '2,749.40'}]}",OHLC_D_I_ADRBULLCO,Bullish Crossovers (Daily),"Adaptive RSI (14,9) indicator went above its average line in the current session",15,Indicator Scans,"Adaptive RSI (14,9) indicator went above its average line in the current session. It’s a bullish event.",,,False,1,N,,OHLC_D_I_ADRBULLCO
1779794117,"{'stkname': 'BPCL', 'ltp': '', 'perChg': '', 'stkId': 'BPC', 'displayLock': 'N', 'scanproflg': 1, 'scUrl': 'refineries/bharatpetroleumcorporation/BPC', 'columns': [{'name': 'change %', 'value': '-1.05'}, {'name': 'Adaptive RSI Indicator value', 'value': '300.04'}, {'name': 'LTP', 'value': '305.00'}]}",OHLC_D_I_ADRBULLCO,Bullish Crossovers (Daily),"Adaptive RSI (14,9) indicator went above its average line in the current session",15,Indicator Scans,"Adaptive RSI (14,9) indicator went above its average line in the current session. It’s a bullish event.",,,False,1,N,,OHLC_D_I_ADRBULLCO
1779794117,"{'stkname': 'Exide Ind', 'ltp': '', 'perChg': '', 'stkId': 'EI', 'displayLock': 'N', 'scanproflg': 1, 'scUrl': 'auto-ancillaries/exideindustries/EI', 'columns': [{'name': 'change %', 'value': '6.28'}, {'name': 'Adaptive RSI Indicator value', 'value': '351.41'}, {'name': 'LTP', 'value': '368.00'}]}",OHLC_D_I_ADRBULLCO,Bullish Crossovers (Daily),"Adaptive RSI (14,9) indicator went above its average line in the current session",15,Indicator Scans,"Adaptive RSI (14,9) indicator went above its average line in the current session. It’s a bullish event.",,,False,1,N,,OHLC_D_I_ADRBULLCO
1779794117,"{'stkname': 'Bajaj Finserv', 'ltp': '', 'perChg': '', 'stkId': 'BF04', 'displayLock': 'N', 'scanproflg': 1, 'scUrl': 'finance-investments/bajajfinserv/BF04', 'columns': [{'name': 'change %', 'value': '-0.02'}, {'name': 'Adaptive RSI Indicator value', 'value': '1,781.44'}, {'name': 'LTP', 'value': '1,807.00'}]}",OHLC_D_I_ADRBULLCO,Bullish Crossovers (Daily),"Adaptive RSI (14,9) indicator went above its average line in the current session",15,Indicator Scans,"Adaptive RSI (14,9) indicator went above its average line in the current session. It’s a bullish event.",,,False,1,N,,OHLC_D_I_ADRBULLCO
1779794117,"{'stkname': 'IDFC First Bank', 'ltp': '', 'perChg': '', 'stkId': 'IDF01', 'displayLock': 'N', 'scanproflg': 1, 'scUrl': 'banks-private-sector/idfcfirstbank/IDF01', 'columns': [{'name': 'change %', 'value': '1.14'}, {'name': 'Adaptive RSI Indicator value', 'value': '68.98'}, {'name': 'LTP', 'value': '70.25'}]}",OHLC_D_I_ADRBULLCO,Bullish Crossovers (Daily),"Adaptive RSI (14,9) indicator went above its average line in the current session",15,Indicator Scans,"Adaptive RSI (14,9) indicator went above its average line in the current session. It’s a bullish event.",,,False,1,N,,OHLC_D_I_ADRBULLCO
1779794117,"{'stkname': 'HDFC AMC', 'ltp': '', 'perChg': '', 'stkId': 'HAM02', 'displayLock': 'N', 'scanproflg': 1, 'scUrl': 'finance-investments/hdfcassetmanagementcompany/HAM02', 'columns': [{'name': 'change %', 'value': '-0.66'}, {'name': 'Adaptive RSI Indicator value', 'value': '2,727.14'}, {'name': 'LTP', 'value': '2,740.00'}]}",OHLC_D_I_ADRBULLCO,Bullish Crossovers (Daily),"Adaptive RSI (14,9) indicator went above its average line in the current session",15,Indicator Scans,"Adaptive RSI (14,9) indicator went above its average line in the current session. It’s a bullish event.",,,False,1,N,,OHLC_D_I_ADRBULLCO
1779794117,"{'stkname': 'Axis Bank', 'ltp': '', 'perChg': '', 'stkId': 'UTI10', 'displayLock': 'N', 'scanproflg': 1, 'scUrl': 'banks-private-sector/axisbank/AB16', 'columns': [{'name': 'change %', 'value': '-0.74'}, {'name': 'Adaptive RSI Indicator value', 'value': '1,284.68'}, {'name': 'LTP', 'value': '1,301.50'}]}",OHLC_D_I_ADRBULLCO,Bullish Crossovers (Daily),"Adaptive RSI (14,9) indicator went above its average line in the current session",15,Indicator Scans,"Adaptive RSI (14,9) indicator went above its average line in the current session. It’s a bullish event.",,,False,1,N,,OHLC_D_I_ADRBULLCO
1779794117,"{'stkname': 'Shree Cements', 'ltp': '', 'perChg': '', 'stkId': 'SC12', 'displayLock': 'N', 'scanproflg': 1, 'scUrl': 'cement-major/shreecements/SC12', 'columns': [{'name': 'change %', 'value': '-0.45'}, {'name': 'Adaptive RSI Indicator value', 'value': '24,969.07'}, {'name': 'LTP', 'value': '25,240.00'}]}",OHLC_D_I_ADRBULLCO,Bullish Crossovers (Daily),"Adaptive RSI (14,9) indicator went above its average line in the current session",15,Indicator Scans,"Adaptive RSI (14,9) indicator went above its average line in the current session. It’s a bullish event.",,,False,1,N,,OHLC_D_I_ADRBULLCO
1779794117,"{'stkname': 'Bank of Baroda', 'ltp': '', 'perChg': '', 'stkId': 'BOB', 'displayLock': 'N', 'scanproflg': 1, 'scUrl': 'banks-public-sector/bankbaroda/BOB', 'columns': [{'name': 'change %', 'value': '-0.50'}, {'name': 'Adaptive RSI Indicator value', 'value': '267.54'}, {'name': 'LTP', 'value': '270.90'}]}",OHLC_D_I_ADRBULLCO,Bullish Crossovers (Daily),"Adaptive RSI (14,9) indicator went above its average line in the current session",15,Indicator Scans,"Adaptive RSI (14,9) indicator went above its average line in the current session. It’s a bullish event.",,,False,1,N,,OHLC_D_I_ADRBULLCO
1779794117,"{'stkname': 'SBI Nifty Nt50', 'ltp': '', 'perChg': '', 'stkId': 'SBI24', 'displayLock': 'N', 'scanproflg': 1, 'scUrl': 'etf/sbietfniftynext50/SBI25', 'columns': [{'name': 'change %', 'value': '0.00'}, {'name': 'Adaptive RSI Indicator value', 'value': '749.49'}, {'name': 'LTP', 'value': '758.00'}]}",OHLC_D_I_ADRBULLCO,Bullish Crossovers (Daily),"Adaptive RSI (14,9) indicator went above its average line in the current session",15,Indicator Scans,"Adaptive RSI (14,9) indicator went above its average line in the current session. It’s a bullish event.",,,False,1,N,,OHLC_D_I_ADRBULLCO
1779794117,"{'stkname': 'Mir SCAP250', 'ltp': '', 'perChg': '', 'stkId': 'MAN09', 'displayLock': 'N', 'scanproflg': 1, 'scUrl': 'etf/miraeassetniftysmallcap250etf/MAN09', 'columns': [{'name': 'change %', 'value': '0.35'}, {'name': 'Adaptive RSI Indicator value', 'value': '16.91'}, {'name': 'LTP', 'value': '17.07'}]}",OHLC_D_I_ADRBULLCO,Bullish Crossovers (Daily),"Adaptive RSI (14,9) indicator went above its average line in the current session",15,Indicator Scans,"Adaptive RSI (14,9) indicator went above its average line in the current session. It’s a bullish event.",,,False,1,N,,OHLC_D_I_ADRBULLCO
1779794117,"{'stkname': 'Ipru Value 30', 'ltp': '', 'perChg': '', 'stkId': 'VAL3025851', 'displayLock': 'N', 'scanproflg': 1, 'scUrl': 'etf/iciciprudentialnifty200value30etf/VAL3025851', 'columns': [{'name': 'change %', 'value': '0.38'}, {'name': 'Adaptive RSI Indicator value', 'value': '15.81'}, {'name': 'LTP', 'value': '16.01'}]}",OHLC_D_I_ADRBULLCO,Bullish Crossovers (Daily),"Adaptive RSI (14,9) indicator went above its average line in the current session",15,Indicator Scans,"Adaptive RSI (14,9) indicator went above its average line in the current session. It’s a bullish event.",,,False,1,N,,OHLC_D_I_ADRBULLCO
1779794117,"{'stkname': 'IC QUAL30IETF', 'ltp': '', 'perChg': '', 'stkId': 'QUAL317808', 'displayLock': 'N', 'scanproflg': 1, 'scUrl': 'etf/iciciprudentialnifty200quality30etf/QUAL317808', 'columns': [{'name': 'change %', 'value': '0.00'}, {'name': 'Adaptive RSI Indicator value', 'value': '20.86'}, {'name': 'LTP', 'value': '20.94'}]}",OHLC_D_I_ADRBULLCO,Bullish Crossovers (Daily),"Adaptive RSI (14,9) indicator went above its average line in the current session",15,Indicator Scans,"Adaptive RSI (14,9) indicator went above its average line in the current session. It’s a bullish event.",,,False,1,N,,OHLC_D_I_ADRBULLCO
1779794117,"{'stkname': 'SBI ETF', 'ltp': '', 'perChg': '', 'stkId': 'SBI28', 'displayLock': 'N', 'scanproflg': 1, 'scUrl': 'etf/sbimutualfund-sbi-etf10yeargilt/SBI29', 'columns': [{'name': 'change %', 'value': '0.50'}, {'name': 'Adaptive RSI Indicator value', 'value': '257.81'}, {'name': 'LTP', 'value': '258.89'}]}",OHLC_D_I_ADRBULLCO,Bullish Crossovers (Daily),"Adaptive RSI (14,9) indicator went above its average line in the current session",15,Indicator Scans,"Adaptive RSI (14,9) indicator went above its average line in the current session. It’s a bullish event.",,,False,1,N,,OHLC_D_I_ADRBULLCO
1779794117,"{'stkname': 'DSP Next50', 'ltp': '', 'perChg': '', 'stkId': 'DNN', 'displayLock': 'N', 'scanproflg': 1, 'scUrl': 'etf/dspniftynext50etf/DNN', 'columns': [{'name': 'change %', 'value': '0.45'}, {'name': 'Adaptive RSI Indicator value', 'value': '70.40'}, {'name': 'LTP', 'value': '71.37'}]}",OHLC_D_I_ADRBULLCO,Bullish Crossovers (Daily),"Adaptive RSI (14,9) indicator went above its average line in the current session",15,Indicator Scans,"Adaptive RSI (14,9) indicator went above its average line in the current session. It’s a bullish event.",,,False,1,N,,OHLC_D_I_ADRBULLCO
1779794117,"{'stkname': 'Ipru NiftyNext', 'ltp': '', 'perChg': '', 'stkId': 'ICICI4529', 'displayLock': 'N', 'scanproflg': 1, 'scUrl': 'etf/iciciprudentialniftynext50etf/ICICI4529', 'columns': [{'name': 'change %', 'value': '0.27'}, {'name': 'Adaptive RSI Indicator value', 'value': '73.93'}, {'name': 'LTP', 'value': '74.90'}]}",OHLC_D_I_ADRBULLCO,Bullish Crossovers (Daily),"Adaptive RSI (14,9) indicator went above its average line in the current session",15,Indicator Scans,"Adaptive RSI (14,9) indicator went above its average line in the current session. It’s a bullish event.",,,False,1,N,,OHLC_D_I_ADRBULLCO
1779794117,"{'stkname': 'SBI QualityETF', 'ltp': '', 'perChg': '', 'stkId': 'SBIET7218', 'displayLock': 'N', 'scanproflg': 1, 'scUrl': 'etf/sbietfquality/SBIET7218', 'columns': [{'name': 'change %', 'value': '0.19'}, {'name': 'Adaptive RSI Indicator value', 'value': '219.78'}, {'name': 'LTP', 'value': '220.60'}]}",OHLC_D_I_ADRBULLCO,Bullish Crossovers (Daily),"Adaptive RSI (14,9) indicator went above its average line in the current session",15,Indicator Scans,"Adaptive RSI (14,9) indicator went above its average line in the current session. It’s a bullish event.",,,False,1,N,,OHLC_D_I_ADRBULLCO
1779794117,"{'stkname': 'UTI BSE Sen Ne', 'ltp': '', 'perChg': '', 'stkId': 'UTISX9168', 'displayLock': 'N', 'scanproflg': 1, 'scUrl': 'etf/utibsesensexnext50etf/UTISX9168', 'columns': [{'name': 'change %', 'value': '1.09'}, {'name': 'Adaptive RSI Indicator value', 'value': '90.71'}, {'name': 'LTP', 'value': '92.23'}]}",OHLC_D_I_ADRBULLCO,Bullish Crossovers (Daily),"Adaptive RSI (14,9) indicator went above its average line in the current session",15,Indicator Scans,"Adaptive RSI (14,9) indicator went above its average line in the current session. It’s a bullish event.",,,False,1,N,,OHLC_D_I_ADRBULLCO
1779794117,"{'stkname': 'Kot. MSCI Ind', 'ltp': '', 'perChg': '', 'stkId': 'MSCII29758', 'displayLock': 'N', 'scanproflg': 1, 'scUrl': 'etf/kotakmsciindiaetf/MSCII29758', 'columns': [{'name': 'change %', 'value': '0.00'}, {'name': 'Adaptive RSI Indicator value', 'value': '29.33'}, {'name': 'LTP', 'value': '29.51'}]}",OHLC_D_I_ADRBULLCO,Bullish Crossovers (Daily),"Adaptive RSI (14,9) indicator went above its average line in the current session",15,Indicator Scans,"Adaptive RSI (14,9) indicator went above its average line in the current session. It’s a bullish event.",,,False,1,N,,OHLC_D_I_ADRBULLCO
1779794117,"{'stkname': 'MA Select IPO', 'ltp': '', 'perChg': '', 'stkId': 'SELEC30109', 'displayLock': 'N', 'scanproflg': 1, 'scUrl': 'etf/miraeassetbseselectipoetf/SELEC30109', 'columns': [{'name': 'change %', 'value': '0.39'}, {'name': 'Adaptive RSI Indicator value', 'value': '43.26'}, {'name': 'LTP', 'value': '43.63'}]}",OHLC_D_I_ADRBULLCO,Bullish Crossovers (Daily),"Adaptive RSI (14,9) indicator went above its average line in the current session",15,Indicator Scans,"Adaptive RSI (14,9) indicator went above its average line in the current session. It’s a bullish event.",,,False,1,N,,OHLC_D_I_ADRBULLCO
1779794117,"{'stkname': 'ABSL Qual30', 'ltp': '', 'perChg': '', 'stkId': 'NIFTY10690', 'displayLock': 'N', 'scanproflg': 1, 'scUrl': 'etf/abslnifty200quality30etf/NIFTY10690', 'columns': [{'name': 'change %', 'value': '0.28'}, {'name': 'Adaptive RSI Indicator value', 'value': '21.08'}, {'name': 'LTP', 'value': '21.19'}]}",OHLC_D_I_ADRBULLCO,Bullish Crossovers (Daily),"Adaptive RSI (14,9) indicator went above its average line in the current session",15,Indicator Scans,"Adaptive RSI (14,9) indicator went above its average line in the current session. It’s a bullish event.",,,False,1,N,,OHLC_D_I_ADRBULLCO
1779794117,"{'stkname': 'Zer SCAP100', 'ltp': '', 'perChg': '', 'stkId': 'ZNS', 'displayLock': 'N', 'scanproflg': 1, 'scUrl': 'etf/zerodhaniftysmallcap100etf/ZNS', 'columns': [{'name': 'change %', 'value': '0.19'}, {'name': 'Adaptive RSI Indicator value', 'value': '10.26'}, {'name': 'LTP', 'value': '10.35'}]}",OHLC_D_I_ADRBULLCO,Bullish Crossovers (Daily),"Adaptive RSI (14,9) indicator went above its average line in the current session",15,Indicator Scans,"Adaptive RSI (14,9) indicator went above its average line in the current session. It’s a bullish event.",,,False,1,N,,OHLC_D_I_ADRBULLCO
1779794117,"{'stkname': 'MO M50 ETF', 'ltp': '', 'perChg': '', 'stkId': 'MOM', 'displayLock': 'N', 'scanproflg': 1, 'scUrl': 'etf/motilaloswalm50etf/MOM', 'columns': [{'name': 'change %', 'value': '1.33'}, {'name': 'Adaptive RSI Indicator value', 'value': '249.06'}, {'name': 'LTP', 'value': '253.00'}]}",OHLC_D_I_ADRBULLCO,Bullish Crossovers (Daily),"Adaptive RSI (14,9) indicator went above its average line in the current session",15,Indicator Scans,"Adaptive RSI (14,9) indicator went above its average line in the current session. It’s a bullish event.",,,False,1,N,,OHLC_D_I_ADRBULLCO
1779794117,"{'stkname': 'Mirae NiftyNext', 'ltp': '', 'perChg': '', 'stkId': 'MANXT17181', 'displayLock': 'N', 'scanproflg': 1, 'scUrl': 'etf/miraeassetniftynext50etf/MANXT17181', 'columns': [{'name': 'change %', 'value': '0.36'}, {'name': 'Adaptive RSI Indicator value', 'value': '722.26'}, {'name': 'LTP', 'value': '731.50'}]}",OHLC_D_I_ADRBULLCO,Bullish Crossovers (Daily),"Adaptive RSI (14,9) indicator went above its average line in the current session",15,Indicator Scans,"Adaptive RSI (14,9) indicator went above its average line in the current session. It’s a bullish event.",,,False,1,N,,OHLC_D_I_ADRBULLCO
1779794117,"{'stkname': 'MO Next 50', 'ltp': '', 'perChg': '', 'stkId': 'MONEX75716', 'displayLock': 'N', 'scanproflg': 1, 'scUrl': 'etf/motilaloswalniftynext50etf/MONEX75716', 'columns': [{'name': 'change %', 'value': '-0.04'}, {'name': 'Adaptive RSI Indicator value', 'value': '69.83'}, {'name': 'LTP', 'value': '70.57'}]}",OHLC_D_I_ADRBULLCO,Bullish Crossovers (Daily),"Adaptive RSI (14,9) indicator went above its average line in the current session",15,Indicator Scans,"Adaptive RSI (14,9) indicator went above its average line in the current session. It’s a bullish event.",,,False,1,N,,OHLC_D_I_ADRBULLCO
1779794117,"{'stkname': 'DSP Smallcp250', 'ltp': '', 'perChg': '', 'stkId': 'DNS', 'displayLock': 'N', 'scanproflg': 1, 'scUrl': 'etf/dspniftysmallcap250etf/DNS', 'columns': [{'name': 'change %', 'value': '0.59'}, {'name': 'Adaptive RSI Indicator value', 'value': '16.91'}, {'name': 'LTP', 'value': '17.08'}]}",OHLC_D_I_ADRBULLCO,Bullish Crossovers (Daily),"Adaptive RSI (14,9) indicator went above its average line in the current session",15,Indicator Scans,"Adaptive RSI (14,9) indicator went above its average line in the current session. It’s a bullish event.",,,False,1,N,,OHLC_D_I_ADRBULLCO
1779794117,"{'stkname': 'Bank of India', 'ltp': '', 'perChg': '', 'stkId': 'BOI', 'displayLock': 'N', 'scanproflg': 1, 'scUrl': 'banks-public-sector/bankindia/BOI', 'columns': [{'name': 'change %', 'value': '-0.52'}, {'name': 'Adaptive RSI Indicator value', 'value': '142.75'}, {'name': 'LTP', 'value': '145.25'}]}",OHLC_D_I_ADRBULLCO,Bullish Crossovers (Daily),"Adaptive RSI (14,9) indicator went above its average line in the current session",15,Indicator Scans,"Adaptive RSI (14,9) indicator went above its average line in the current session. It’s a bullish event.",,,False,1,N,,OHLC_D_I_ADRBULLCO
1779794117,"{'stkname': 'MO Defence', 'ltp': '', 'perChg': '', 'stkId': 'MODEF24944', 'displayLock': 'N', 'scanproflg': 1, 'scUrl': 'etf/motilaloswalniftyindiadefenceetf/MODEF24944', 'columns': [{'name': 'change %', 'value': '0.37'}, {'name': 'Adaptive RSI Indicator value', 'value': '100.30'}, {'name': 'LTP', 'value': '101.63'}]}",OHLC_D_I_ADRBULLCO,Bullish Crossovers (Daily),"Adaptive RSI (14,9) indicator went above its average line in the current session",15,Indicator Scans,"Adaptive RSI (14,9) indicator went above its average line in the current session. It’s a bullish event.",,,False,1,N,,OHLC_D_I_ADRBULLCO
1779794117,"{'stkname': 'Kot Quality 30', 'ltp': '', 'perChg': '', 'stkId': 'KNQ', 'displayLock': 'N', 'scanproflg': 1, 'scUrl': 'etf/kotaknifty200quality30etf/KNQ', 'columns': [{'name': 'change %', 'value': '0.29'}, {'name': 'Adaptive RSI Indicator value', 'value': '20.49'}, {'name': 'LTP', 'value': '20.56'}]}",OHLC_D_I_ADRBULLCO,Bullish Crossovers (Daily),"Adaptive RSI (14,9) indicator went above its average line in the current session",15,Indicator Scans,"Adaptive RSI (14,9) indicator went above its average line in the current session. It’s a bullish event.",,,False,1,N,,OHLC_D_I_ADRBULLCO
1779794117,"{'stkname': 'HDFC Nifty 250', 'ltp': '', 'perChg': '', 'stkId': 'HNS', 'displayLock': 'N', 'scanproflg': 1, 'scUrl': 'etf/hdfcniftysmallcap250etf/HNS', 'columns': [{'name': 'change %', 'value': '0.43'}, {'name': 'Adaptive RSI Indicator value', 'value': '170.00'}, {'name': 'LTP', 'value': '171.84'}]}",OHLC_D_I_ADRBULLCO,Bullish Crossovers (Daily),"Adaptive RSI (14,9) indicator went above its average line in the current session",15,Indicator Scans,"Adaptive RSI (14,9) indicator went above its average line in the current session. It’s a bullish event.",,,False,1,N,,OHLC_D_I_ADRBULLCO
1779794117,"{'stkname': 'Inve Nifty ETF', 'ltp': '', 'perChg': '', 'stkId': 'IIN', 'displayLock': 'N', 'scanproflg': 1, 'scUrl': 'etf/invescoindianiftyexchangetradedfund/IIN', 'columns': [{'name': 'change %', 'value': '-0.14'}, {'name': 'Adaptive RSI Indicator value', 'value': '2,719.81'}, {'name': 'LTP', 'value': '2,736.20'}]}",OHLC_D_I_ADRBULLCO,Bullish Crossovers (Daily),"Adaptive RSI (14,9) indicator went above its average line in the current session",15,Indicator Scans,"Adaptive RSI (14,9) indicator went above its average line in the current session. It’s a bullish event.",,,False,1,N,,OHLC_D_I_ADRBULLCO
1779794117,"{'stkname': 'Nipp NiftyNext', 'ltp': '', 'perChg': '', 'stkId': 'BMF04', 'displayLock': 'N', 'scanproflg': 1, 'scUrl': 'etf/nipponindiaetfniftynext50juniorbees/BMF04', 'columns': [{'name': 'change %', 'value': '0.16'}, {'name': 'Adaptive RSI Indicator value', 'value': '756.72'}, {'name': 'LTP', 'value': '766.00'}]}",OHLC_D_I_ADRBULLCO,Bullish Crossovers (Daily),"Adaptive RSI (14,9) indicator went above its average line in the current session",15,Indicator Scans,"Adaptive RSI (14,9) indicator went above its average line in the current session. It’s a bullish event.",,,False,1,N,,OHLC_D_I_ADRBULLCO
1779794117,"{'stkname': 'MO Nifty200Mom', 'ltp': '', 'perChg': '', 'stkId': 'MON01', 'displayLock': 'N', 'scanproflg': 1, 'scUrl': 'etf/motilaloswalnifty200momentum30etf/MON01', 'columns': [{'name': 'change %', 'value': '-0.18'}, {'name': 'Adaptive RSI Indicator value', 'value': '61.63'}, {'name': 'LTP', 'value': '62.31'}]}",OHLC_D_I_ADRBULLCO,Bullish Crossovers (Daily),"Adaptive RSI (14,9) indicator went above its average line in the current session",15,Indicator Scans,"Adaptive RSI (14,9) indicator went above its average line in the current session. It’s a bullish event.",,,False,1,N,,OHLC_D_I_ADRBULLCO
1779794117,"{'stkname': 'UTI Nifty Next', 'ltp': '', 'perChg': '', 'stkId': 'UTINE21478', 'displayLock': 'N', 'scanproflg': 1, 'scUrl': 'etf/utiniftynext50etf/UTINE21478', 'columns': [{'name': 'change %', 'value': '0.94'}, {'name': 'Adaptive RSI Indicator value', 'value': '75.65'}, {'name': 'LTP', 'value': '77.00'}]}",OHLC_D_I_ADRBULLCO,Bullish Crossovers (Daily),"Adaptive RSI (14,9) indicator went above its average line in the current session",15,Indicator Scans,"Adaptive RSI (14,9) indicator went above its average line in the current session. It’s a bullish event.",,,False,1,N,,OHLC_D_I_ADRBULLCO
1779794117,"{'stkname': 'ICICI N100 ETF', 'ltp': '', 'perChg': '', 'stkId': 'ICI12', 'displayLock': 'N', 'scanproflg': 1, 'scUrl': 'etf/iciciprudentialnifty100etf/ICI12', 'columns': [{'name': 'change %', 'value': '0.00'}, {'name': 'Adaptive RSI Indicator value', 'value': '27.62'}, {'name': 'LTP', 'value': '27.86'}]}",OHLC_D_I_ADRBULLCO,Bullish Crossovers (Daily),"Adaptive RSI (14,9) indicator went above its average line in the current session",15,Indicator Scans,"Adaptive RSI (14,9) indicator went above its average line in the current session. It’s a bullish event.",,,False,1,N,,OHLC_D_I_ADRBULLCO
1779794117,"{'stkname': 'MO SP BSE Enh', 'ltp': '', 'perChg': '', 'stkId': 'MOS', 'displayLock': 'N', 'scanproflg': 1, 'scUrl': 'etf/motilaloswalspbseenhancedvalueetf/MOS', 'columns': [{'name': 'change %', 'value': '0.28'}, {'name': 'Adaptive RSI Indicator value', 'value': '117.01'}, {'name': 'LTP', 'value': '118.81'}]}",OHLC_D_I_ADRBULLCO,Bullish Crossovers (Daily),"Adaptive RSI (14,9) indicator went above its average line in the current session",15,Indicator Scans,"Adaptive RSI (14,9) indicator went above its average line in the current session. It’s a bullish event.",,,False,1,N,,OHLC_D_I_ADRBULLCO
1779794117,"{'stkname': 'MA In.Internet', 'ltp': '', 'perChg': '', 'stkId': 'MAN07', 'displayLock': 'N', 'scanproflg': 1, 'scUrl': 'etf/miraeassetniftyindiainternetetf/MAN07', 'columns': [{'name': 'change %', 'value': '0.82'}, {'name': 'Adaptive RSI Indicator value', 'value': '12.20'}, {'name': 'LTP', 'value': '12.30'}]}",OHLC_D_I_ADRBULLCO,Bullish Crossovers (Daily),"Adaptive RSI (14,9) indicator went above its average line in the current session",15,Indicator Scans,"Adaptive RSI (14,9) indicator went above its average line in the current session. It’s a bullish event.",,,False,1,N,,OHLC_D_I_ADRBULLCO
1779794117,"{'stkname': 'ABSL Nifty 200', 'ltp': '', 'perChg': '', 'stkId': 'MOMEN10693', 'displayLock': 'N', 'scanproflg': 1, 'scUrl': 'etf/adityabirlasunlifenifty200momentum30etf/MOMEN10693', 'columns': [{'name': 'change %', 'value': '0.64'}, {'name': 'Adaptive RSI Indicator value', 'value': '30.85'}, {'name': 'LTP', 'value': '31.33'}]}",OHLC_D_I_ADRBULLCO,Bullish Crossovers (Daily),"Adaptive RSI (14,9) indicator went above its average line in the current session",15,Indicator Scans,"Adaptive RSI (14,9) indicator went above its average line in the current session. It’s a bullish event.",,,False,1,N,,OHLC_D_I_ADRBULLCO
1779794117,"{'stkname': 'Ipru Nifty 200', 'ltp': '', 'perChg': '', 'stkId': 'IPN03', 'displayLock': 'N', 'scanproflg': 1, 'scUrl': 'etf/iciciprudentialnifty200momentum30etf/IPN03', 'columns': [{'name': 'change %', 'value': '0.13'}, {'name': 'Adaptive RSI Indicator value', 'value': '30.98'}, {'name': 'LTP', 'value': '31.33'}]}",OHLC_D_I_ADRBULLCO,Bullish Crossovers (Daily),"Adaptive RSI (14,9) indicator went above its average line in the current session",15,Indicator Scans,"Adaptive RSI (14,9) indicator went above its average line in the current session. It’s a bullish event.",,,False,1,N,,OHLC_D_I_ADRBULLCO
1779794117,"{'stkname': 'MO BSE Quality', 'ltp': '', 'perChg': '', 'stkId': 'MOQUA10822', 'displayLock': 'N', 'scanproflg': 1, 'scUrl': 'etf/motilaloswalspbsequalityetf/MOQUA10822', 'columns': [{'name': 'change %', 'value': '0.32'}, {'name': 'Adaptive RSI Indicator value', 'value': '201.93'}, {'name': 'LTP', 'value': '202.89'}]}",OHLC_D_I_ADRBULLCO,Bullish Crossovers (Daily),"Adaptive RSI (14,9) indicator went above its average line in the current session",15,Indicator Scans,"Adaptive RSI (14,9) indicator went above its average line in the current session. It’s a bullish event.",,,False,1,N,,OHLC_D_I_ADRBULLCO
1779794117,"{'stkname': 'HDFC Momentum', 'ltp': '', 'perChg': '', 'stkId': 'HNM', 'displayLock': 'N', 'scanproflg': 1, 'scUrl': 'etf/hdfcnifty200momentum30etf/HNM', 'columns': [{'name': 'change %', 'value': '0.35'}, {'name': 'Adaptive RSI Indicator value', 'value': '30.70'}, {'name': 'LTP', 'value': '31.11'}]}",OHLC_D_I_ADRBULLCO,Bullish Crossovers (Daily),"Adaptive RSI (14,9) indicator went above its average line in the current session",15,Indicator Scans,"Adaptive RSI (14,9) indicator went above its average line in the current session. It’s a bullish event.",,,False,1,N,,OHLC_D_I_ADRBULLCO
1779794117,"{'stkname': 'HDFC NiftyNext', 'ltp': '', 'perChg': '', 'stkId': 'HNN', 'displayLock': 'N', 'scanproflg': 1, 'scUrl': 'etf/hdfcniftynext50etf/HNN', 'columns': [{'name': 'change %', 'value': '-0.40'}, {'name': 'Adaptive RSI Indicator value', 'value': '71.46'}, {'name': 'LTP', 'value': '72.01'}]}",OHLC_D_I_ADRBULLCO,Bullish Crossovers (Daily),"Adaptive RSI (14,9) indicator went above its average line in the current session",15,Indicator Scans,"Adaptive RSI (14,9) indicator went above its average line in the current session. It’s a bullish event.",,,False,1,N,,OHLC_D_I_ADRBULLCO
1779794117,"{'stkname': 'Nipp Nifty8-13', 'ltp': '', 'perChg': '', 'stkId': 'RSL06', 'displayLock': 'N', 'scanproflg': 1, 'scUrl': 'etf/nipponindiaetfnifty8-13yrg-seclongtermgil/RSL06', 'columns': [{'name': 'change %', 'value': '-0.07'}, {'name': 'Adaptive RSI Indicator value', 'value': '29.12'}, {'name': 'LTP', 'value': '29.17'}]}",OHLC_D_I_ADRBULLCO,Bullish Crossovers (Daily),"Adaptive RSI (14,9) indicator went above its average line in the current session",15,Indicator Scans,"Adaptive RSI (14,9) indicator went above its average line in the current session. It’s a bullish event.",,,False,1,N,,OHLC_D_I_ADRBULLCO
1779794117,"{'stkname': 'MO Nifty 500', 'ltp': '', 'perChg': '', 'stkId': 'MONIF19237', 'displayLock': 'N', 'scanproflg': 1, 'scUrl': 'etf/motilaloswalnifty500etf/MONIF19237', 'columns': [{'name': 'change %', 'value': '0.09'}, {'name': 'Adaptive RSI Indicator value', 'value': '23.19'}, {'name': 'LTP', 'value': '23.39'}]}",OHLC_D_I_ADRBULLCO,Bullish Crossovers (Daily),"Adaptive RSI (14,9) indicator went above its average line in the current session",15,Indicator Scans,"Adaptive RSI (14,9) indicator went above its average line in the current session. It’s a bullish event.",,,False,1,N,,OHLC_D_I_ADRBULLCO
1779794117,"{'stkname': 'MO Nifty Small', 'ltp': '', 'perChg': '', 'stkId': 'MON03', 'displayLock': 'N', 'scanproflg': 1, 'scUrl': 'etf/motilaloswalniftysmallcap250etf/MON03', 'columns': [{'name': 'change %', 'value': '0.76'}, {'name': 'Adaptive RSI Indicator value', 'value': '16.96'}, {'name': 'LTP', 'value': '17.19'}]}",OHLC_D_I_ADRBULLCO,Bullish Crossovers (Daily),"Adaptive RSI (14,9) indicator went above its average line in the current session",15,Indicator Scans,"Adaptive RSI (14,9) indicator went above its average line in the current session. It’s a bullish event.",,,False,1,N,,OHLC_D_I_ADRBULLCO
1779794117,"{'stkname': 'DSP MSCI India', 'ltp': '', 'perChg': '', 'stkId': 'DMI02', 'displayLock': 'N', 'scanproflg': 1, 'scUrl': 'etf/dspmsciindiaetf/DMI01', 'columns': [{'name': 'change %', 'value': '-0.24'}, {'name': 'Adaptive RSI Indicator value', 'value': '28.99'}, {'name': 'LTP', 'value': '29.19'}]}",OHLC_D_I_ADRBULLCO,Bullish Crossovers (Daily),"Adaptive RSI (14,9) indicator went above its average line in the current session",15,Indicator Scans,"Adaptive RSI (14,9) indicator went above its average line in the current session. It’s a bullish event.",,,False,1,N,,OHLC_D_I_ADRBULLCO
1779794117,"{'stkname': 'MO Top10 Bks', 'ltp': '', 'perChg': '', 'stkId': 'MOB01', 'displayLock': 'N', 'scanproflg': 1, 'scUrl': 'etf/motilaloswalbsetop10banksetf/MOB01', 'columns': [{'name': 'change %', 'value': '-0.30'}, {'name': 'Adaptive RSI Indicator value', 'value': '16.26'}, {'name': 'LTP', 'value': '16.41'}]}",OHLC_D_I_ADRBULLCO,Bullish Crossovers (Daily),"Adaptive RSI (14,9) indicator went above its average line in the current session",15,Indicator Scans,"Adaptive RSI (14,9) indicator went above its average line in the current session. It’s a bullish event.",,,False,1,N,,OHLC_D_I_ADRBULLCO
1779794117,"{'stkname': 'ABSL MSCI ETF', 'ltp': '', 'perChg': '', 'stkId': 'ABS05', 'displayLock': 'N', 'scanproflg': 1, 'scUrl': 'etf/adityabirlasunlifemsciindiaetf/ABS05', 'columns': [{'name': 'change %', 'value': '-0.10'}, {'name': 'Adaptive RSI Indicator value', 'value': '28.99'}, {'name': 'LTP', 'value': '29.17'}]}",OHLC_D_I_ADRBULLCO,Bullish Crossovers (Daily),"Adaptive RSI (14,9) indicator went above its average line in the current session",15,Indicator Scans,"Adaptive RSI (14,9) indicator went above its average line in the current session. It’s a bullish event.",,,False,1,N,,OHLC_D_I_ADRBULLCO
1779794117,"{'stkname': 'HDFC BSE500', 'ltp': '', 'perChg': '', 'stkId': 'HDFCB14230', 'displayLock': 'N', 'scanproflg': 1, 'scUrl': 'etf/hdfcbse500etf/HDFCB14230', 'columns': [{'name': 'change %', 'value': '0.22'}, {'name': 'Adaptive RSI Indicator value', 'value': '36.39'}, {'name': 'LTP', 'value': '36.72'}]}",OHLC_D_I_ADRBULLCO,Bullish Crossovers (Daily),"Adaptive RSI (14,9) indicator went above its average line in the current session",15,Indicator Scans,"Adaptive RSI (14,9) indicator went above its average line in the current session. It’s a bullish event.",,,False,1,N,,OHLC_D_I_ADRBULLCO
1779794117,"{'stkname': 'HDFC Nifty Low', 'ltp': '', 'perChg': '', 'stkId': 'HNL', 'displayLock': 'N', 'scanproflg': 1, 'scUrl': 'etf/hdfcnifty100lowvolatility30etf/HNL', 'columns': [{'name': 'change %', 'value': '-0.89'}, {'name': 'Adaptive RSI Indicator value', 'value': '20.13'}, {'name': 'LTP', 'value': '20.13'}]}",OHLC_D_I_ADRBULLCO,Bullish Crossovers (Daily),"Adaptive RSI (14,9) indicator went above its average line in the current session",15,Indicator Scans,"Adaptive RSI (14,9) indicator went above its average line in the current session. It’s a bullish event.",,,False,1,N,,OHLC_D_I_ADRBULLCO
1779794117,"{'stkname': 'LIC G-sec LT', 'ltp': '', 'perChg': '', 'stkId': 'LIC05', 'displayLock': 'N', 'scanproflg': 1, 'scUrl': 'etf/licmfg-secltetf/LIC06', 'columns': [{'name': 'change %', 'value': '0.21'}, {'name': 'Adaptive RSI Indicator value', 'value': '28.62'}, {'name': 'LTP', 'value': '28.72'}]}",OHLC_D_I_ADRBULLCO,Bullish Crossovers (Daily),"Adaptive RSI (14,9) indicator went above its average line in the current session",15,Indicator Scans,"Adaptive RSI (14,9) indicator went above its average line in the current session. It’s a bullish event.",,,False,1,N,,OHLC_D_I_ADRBULLCO
1779794117,"{'stkname': 'Nipp Nifty1D', 'ltp': '', 'perChg': '', 'stkId': 'LB', 'displayLock': 'N', 'scanproflg': 1, 'scUrl': 'etf/nipponindiaetfnifty1drateliquidbees/LB', 'columns': [{'name': 'change %', 'value': '0.00'}, {'name': 'Adaptive RSI Indicator value', 'value': '1,000.00'}, {'name': 'LTP', 'value': '1,000.01'}]}",OHLC_D_I_ADRBULLCO,Bullish Crossovers (Daily),"Adaptive RSI (14,9) indicator went above its average line in the current session",15,Indicator Scans,"Adaptive RSI (14,9) indicator went above its average line in the current session. It’s a bullish event.",,,False,1,N,,OHLC_D_I_ADRBULLCO
1779794117,"{'stkname': 'CONSUMER', 'ltp': '', 'perChg': '', 'stkId': 'CONSU28969', 'displayLock': 'N', 'scanproflg': 1, 'scUrl': 'etf/miraeassetniftyindianewageconsumption/CONSU28969', 'columns': [{'name': 'change %', 'value': '-0.09'}, {'name': 'Adaptive RSI Indicator value', 'value': '10.96'}, {'name': 'LTP', 'value': '11.04'}]}",OHLC_D_I_ADRBULLCO,Bullish Crossovers (Daily),"Adaptive RSI (14,9) indicator went above its average line in the current session",15,Indicator Scans,"Adaptive RSI (14,9) indicator went above its average line in the current session. It’s a bullish event.",,,False,1,N,,OHLC_D_I_ADRBULLCO
1779794117,"{'stkname': 'HDFC Nifty Qua', 'ltp': '', 'perChg': '', 'stkId': 'HN1', 'displayLock': 'N', 'scanproflg': 1, 'scUrl': 'etf/hdfcnifty100quality30etf/HN1', 'columns': [{'name': 'change %', 'value': '0.64'}, {'name': 'Adaptive RSI Indicator value', 'value': '57.35'}, {'name': 'LTP', 'value': '57.76'}]}",OHLC_D_I_ADRBULLCO,Bullish Crossovers (Daily),"Adaptive RSI (14,9) indicator went above its average line in the current session",15,Indicator Scans,"Adaptive RSI (14,9) indicator went above its average line in the current session. It’s a bullish event.",,,False,1,N,,OHLC_D_I_ADRBULLCO
1779794117,"{'stkname': 'DSP Top10 Bks', 'ltp': '', 'perChg': '', 'stkId': 'DBT', 'displayLock': 'N', 'scanproflg': 1, 'scUrl': 'etf/dspbsetop10banksetf/DBT', 'columns': [{'name': 'change %', 'value': '-0.79'}, {'name': 'Adaptive RSI Indicator value', 'value': '16.25'}, {'name': 'LTP', 'value': '16.40'}]}",OHLC_D_I_ADRBULLCO,Bullish Crossovers (Daily),"Adaptive RSI (14,9) indicator went above its average line in the current session",15,Indicator Scans,"Adaptive RSI (14,9) indicator went above its average line in the current session. It’s a bullish event.",,,False,1,N,,OHLC_D_I_ADRBULLCO
1779794117,"{'stkname': 'ABSL NiftyNext', 'ltp': '', 'perChg': '', 'stkId': 'ABSLN7339', 'displayLock': 'N', 'scanproflg': 1, 'scUrl': 'etf/adityabirlasunlifeniftynext50etf/ABSLN7339', 'columns': [{'name': 'change %', 'value': '0.31'}, {'name': 'Adaptive RSI Indicator value', 'value': '73.62'}, {'name': 'LTP', 'value': '74.45'}]}",OHLC_D_I_ADRBULLCO,Bullish Crossovers (Daily),"Adaptive RSI (14,9) indicator went above its average line in the current session",15,Indicator Scans,"Adaptive RSI (14,9) indicator went above its average line in the current session. It’s a bullish event.",,,False,1,N,,OHLC_D_I_ADRBULLCO
1779794117,"{'stkname': 'UTI NIF10GETF', 'ltp': '', 'perChg': '', 'stkId': 'NIF1022524', 'displayLock': 'N', 'scanproflg': 1, 'scUrl': 'etf/utinifty10yrbenchmarkg-secetf/NIF1022524', 'columns': [{'name': 'change %', 'value': '1.64'}, {'name': 'Adaptive RSI Indicator value', 'value': '26.04'}, {'name': 'LTP', 'value': '25.98'}]}",OHLC_W_I_ADRBEARCO,Bearish Crossovers (Weekly),Bearish Crossovers (Weekly),15,Indicator Scans,Bearish Crossovers (Weekly),,,False,1,N,,OHLC_W_I_ADRBEARCO
1779794117,"{'stkname': 'Nipp Nifty 5yr', 'ltp': '', 'perChg': '', 'stkId': 'NIE05', 'displayLock': 'N', 'scanproflg': 1, 'scUrl': 'etf/nipponindiaetfnifty5yrbenchmarkgsec/NIE05', 'columns': [{'name': 'change %', 'value': '-0.20'}, {'name': 'Adaptive RSI Indicator value', 'value': '64.29'}, {'name': 'LTP', 'value': '64.13'}]}",OHLC_W_I_ADRBEARCO,Bearish Crossovers (Weekly),Bearish Crossovers (Weekly),15,Indicator Scans,Bearish Crossovers (Weekly),,,False,1,N,,OHLC_W_I_ADRBEARCO
1779794117,"{'stkname': 'Radaan Media', 'ltp': '', 'perChg': '', 'stkId': 'RMW', 'displayLock': 'N', 'scanproflg': 1, 'scUrl': 'mediaentertainment/radaanmediaworksindia/RMW', 'columns': [{'name': 'change %', 'value': '4.28'}, {'name': 'Adaptive RSI Indicator value', 'value': '3.21'}, {'name': 'LTP', 'value': '3.17'}]}",OHLC_W_I_ADRBEARCO,Bearish Crossovers (Weekly),Bearish Crossovers (Weekly),15,Indicator Scans,Bearish Crossovers (Weekly),,,False,1,N,,OHLC_W_I_ADRBEARCO
1779794117,"{'stkname': 'Cinevista', 'ltp': '', 'perChg': '', 'stkId': 'CC25', 'displayLock': 'N', 'scanproflg': 1, 'scUrl': 'mediaentertainment/cinevista/C97', 'columns': [{'name': 'change %', 'value': '-4.89'}, {'name': 'Adaptive RSI Indicator value', 'value': '15.62'}, {'name': 'LTP', 'value': '15.38'}]}",OHLC_W_I_ADRBEARCO,Bearish Crossovers (Weekly),Bearish Crossovers (Weekly),15,Indicator Scans,Bearish Crossovers (Weekly),,,False,1,N,,OHLC_W_I_ADRBEARCO
1779794117,"{'stkname': 'Capillary Tech', 'ltp': '', 'perChg': '', 'stkId': 'CTI02', 'displayLock': 'N', 'scanproflg': 1, 'scUrl': 'it-servicesconsulting/capillarytechnologiesindia/CTI02', 'columns': [{'name': 'change %', 'value': '-0.69'}, {'name': 'Adaptive RSI Indicator value', 'value': '538.20'}, {'name': 'LTP', 'value': '518.50'}]}",OHLC_W_I_ADRBEARCO,Bearish Crossovers (Weekly),Bearish Crossovers (Weekly),15,Indicator Scans,Bearish Crossovers (Weekly),,,False,1,N,,OHLC_W_I_ADRBEARCO
1779794117,"{'stkname': 'Scoda Tubes', 'ltp': '', 'perChg': '', 'stkId': 'STL10', 'displayLock': 'N', 'scanproflg': 1, 'scUrl': 'ironsteel/scodatubes/STL11', 'columns': [{'name': 'change %', 'value': '-0.22'}, {'name': 'Adaptive RSI Indicator value', 'value': '145.12'}, {'name': 'LTP', 'value': '138.20'}]}",OHLC_W_I_ADRBEARCO,Bearish Crossovers (Weekly),Bearish Crossovers (Weekly),15,Indicator Scans,Bearish Crossovers (Weekly),,,False,1,N,,OHLC_W_I_ADRBEARCO
1779794117,"{'stkname': 'RBZ Jewellers', 'ltp': '', 'perChg': '', 'stkId': 'RJL', 'displayLock': 'N', 'scanproflg': 1, 'scUrl': 'diamondjewellery/rbzjewellers/RJL', 'columns': [{'name': 'change %', 'value': '0.73'}, {'name': 'Adaptive RSI Indicator value', 'value': '134.52'}, {'name': 'LTP', 'value': '125.00'}]}",OHLC_W_I_ADRBEARCO,Bearish Crossovers (Weekly),Bearish Crossovers (Weekly),15,Indicator Scans,Bearish Crossovers (Weekly),,,False,1,N,,OHLC_W_I_ADRBEARCO
1779794117,"{'stkname': 'Sanathan Textil', 'ltp': '', 'perChg': '', 'stkId': 'STL09', 'displayLock': 'N', 'scanproflg': 1, 'scUrl': 'textiles/sanathantextiles/STL10', 'columns': [{'name': 'change %', 'value': '3.36'}, {'name': 'Adaptive RSI Indicator value', 'value': '431.44'}, {'name': 'LTP', 'value': '416.70'}]}",OHLC_W_I_ADRBEARCO,Bearish Crossovers (Weekly),Bearish Crossovers (Weekly),15,Indicator Scans,Bearish Crossovers (Weekly),,,False,1,N,,OHLC_W_I_ADRBEARCO
1779794117,"{'stkname': 'Globus Spirits', 'ltp': '', 'perChg': '', 'stkId': 'GS15', 'displayLock': 'N', 'scanproflg': 1, 'scUrl': 'breweriesdistilleries/globusspirits/GS', 'columns': [{'name': 'change %', 'value': '0.79'}, {'name': 'Adaptive RSI Indicator value', 'value': '962.70'}, {'name': 'LTP', 'value': '891.00'}]}",OHLC_W_I_ADRBEARCO,Bearish Crossovers (Weekly),Bearish Crossovers (Weekly),15,Indicator Scans,Bearish Crossovers (Weekly),,,False,1,N,,OHLC_W_I_ADRBEARCO
1779794117,"{'stkname': 'Bannariamman', 'ltp': '', 'perChg': '', 'stkId': 'BS07', 'displayLock': 'N', 'scanproflg': 1, 'scUrl': 'sugar/bannariammansugars/BS07', 'columns': [{'name': 'change %', 'value': '-0.16'}, {'name': 'Adaptive RSI Indicator value', 'value': '3,624.76'}, {'name': 'LTP', 'value': '3,600.00'}]}",OHLC_W_I_ADRBEARCO,Bearish Crossovers (Weekly),Bearish Crossovers (Weekly),15,Indicator Scans,Bearish Crossovers (Weekly),,,False,1,N,,OHLC_W_I_ADRBEARCO
1779794117,"{'stkname': 'Magadh Sugar ', 'ltp': '', 'perChg': '', 'stkId': 'MSE01', 'displayLock': 'N', 'scanproflg': 1, 'scUrl': 'sugar/magadhsugarenergy/MSE01', 'columns': [{'name': 'change %', 'value': '-2.47'}, {'name': 'Adaptive RSI Indicator value', 'value': '490.66'}, {'name': 'LTP', 'value': '461.50'}]}",OHLC_W_I_ADRBEARCO,Bearish Crossovers (Weekly),Bearish Crossovers (Weekly),15,Indicator Scans,Bearish Crossovers (Weekly),,,False,1,N,,OHLC_W_I_ADRBEARCO
1779794117,"{'stkname': 'DCM Shriram', 'ltp': '', 'perChg': '', 'stkId': 'DCM02', 'displayLock': 'N', 'scanproflg': 1, 'scUrl': 'diversified/dcmshriram/DCM02', 'columns': [{'name': 'change %', 'value': '0.20'}, {'name': 'Adaptive RSI Indicator value', 'value': '1,157.16'}, {'name': 'LTP', 'value': '1,092.50'}]}",OHLC_W_I_ADRBEARCO,Bearish Crossovers (Weekly),Bearish Crossovers (Weekly),15,Indicator Scans,Bearish Crossovers (Weekly),,,False,1,N,,OHLC_W_I_ADRBEARCO
1779794117,"{'stkname': 'Albert David', 'ltp': '', 'perChg': '', 'stkId': 'AD01', 'displayLock': 'N', 'scanproflg': 1, 'scUrl': 'pharmaceuticals/albertdavid/AD01', 'columns': [{'name': 'change %', 'value': '-1.83'}, {'name': 'Adaptive RSI Indicator value', 'value': '727.44'}, {'name': 'LTP', 'value': '709.55'}]}",OHLC_W_I_ADRBEARCO,Bearish Crossovers (Weekly),Bearish Crossovers (Weekly),15,Indicator Scans,Bearish Crossovers (Weekly),,,False,1,N,,OHLC_W_I_ADRBEARCO
1779794117,"{'stkname': 'Ganesha Ecosph', 'ltp': '', 'perChg': '', 'stkId': 'GP01', 'displayLock': 'N', 'scanproflg': 1, 'scUrl': 'textiles-processing/ganeshaecosphere/GP01', 'columns': [{'name': 'change %', 'value': '0.83'}, {'name': 'Adaptive RSI Indicator value', 'value': '1,003.14'}, {'name': 'LTP', 'value': '950.20'}]}",OHLC_W_I_ADRBEARCO,Bearish Crossovers (Weekly),Bearish Crossovers (Weekly),15,Indicator Scans,Bearish Crossovers (Weekly),,,False,1,N,,OHLC_W_I_ADRBEARCO
1779794117,"{'stkname': 'Arrow Greentech', 'ltp': '', 'perChg': '', 'stkId': 'ACP', 'displayLock': 'N', 'scanproflg': 1, 'scUrl': 'plastics/arrowgreentech/ACP', 'columns': [{'name': 'change %', 'value': '2.60'}, {'name': 'Adaptive RSI Indicator value', 'value': '510.34'}, {'name': 'LTP', 'value': '468.00'}]}",OHLC_W_I_ADRBEARCO,Bearish Crossovers (Weekly),Bearish Crossovers (Weekly),15,Indicator Scans,Bearish Crossovers (Weekly),,,False,1,N,,OHLC_W_I_ADRBEARCO
1779794117,"{'stkname': 'AARTIPHARM', 'ltp': '', 'perChg': '', 'stkId': 'AP32', 'displayLock': 'N', 'scanproflg': 1, 'scUrl': 'medical-equipmentsuppliesaccessories/aartipharmalabs/AP21', 'columns': [{'name': 'change %', 'value': '-5.16'}, {'name': 'Adaptive RSI Indicator value', 'value': '718.50'}, {'name': 'LTP', 'value': '694.65'}]}",OHLC_W_I_ADRBEARCO,Bearish Crossovers (Weekly),Bearish Crossovers (Weekly),15,Indicator Scans,Bearish Crossovers (Weekly),,,False,1,N,,OHLC_W_I_ADRBEARCO
1779794117,"{'stkname': 'Navneet', 'ltp': '', 'perChg': '', 'stkId': 'NP', 'displayLock': 'N', 'scanproflg': 1, 'scUrl': 'printingstationery/navneeteducation/NP01', 'columns': [{'name': 'change %', 'value': '-0.43'}, {'name': 'Adaptive RSI Indicator value', 'value': '144.29'}, {'name': 'LTP', 'value': '142.00'}]}",OHLC_W_I_ADRBEARCO,Bearish Crossovers (Weekly),Bearish Crossovers (Weekly),15,Indicator Scans,Bearish Crossovers (Weekly),,,False,1,N,,OHLC_W_I_ADRBEARCO
1779794117,"{'stkname': 'Lupin', 'ltp': '', 'perChg': '', 'stkId': 'LC03', 'displayLock': 'N', 'scanproflg': 1, 'scUrl': 'pharmaceuticals/lupin/L', 'columns': [{'name': 'change %', 'value': '-1.36'}, {'name': 'Adaptive RSI Indicator value', 'value': '2,299.29'}, {'name': 'LTP', 'value': '2,256.00'}]}",OHLC_W_I_ADRBEARCO,Bearish Crossovers (Weekly),Bearish Crossovers (Weekly),15,Indicator Scans,Bearish Crossovers (Weekly),,,False,1,N,,OHLC_W_I_ADRBEARCO
1779794117,"{'stkname': 'PVR INOX', 'ltp': '', 'perChg': '', 'stkId': 'PVR', 'displayLock': 'N', 'scanproflg': 1, 'scUrl': 'mediaentertainment/pvrinox/PVR', 'columns': [{'name': 'change %', 'value': '-1.38'}, {'name': 'Adaptive RSI Indicator value', 'value': '1,010.34'}, {'name': 'LTP', 'value': '967.90'}]}",OHLC_W_I_ADRBEARCO,Bearish Crossovers (Weekly),Bearish Crossovers (Weekly),15,Indicator Scans,Bearish Crossovers (Weekly),,,False,1,N,,OHLC_W_I_ADRBEARCO
1779794117,"{'stkname': 'Aarti Surfactan', 'ltp': '', 'perChg': '', 'stkId': 'ASL09', 'displayLock': 'N', 'scanproflg': 1, 'scUrl': 'diversified-chemicals/aartisurfactants/ASL08', 'columns': [{'name': 'change %', 'value': '-0.42'}, {'name': 'Adaptive RSI Indicator value', 'value': '407.74'}, {'name': 'LTP', 'value': '394.00'}]}",OHLC_W_I_ADRBEARCO,Bearish Crossovers (Weekly),Bearish Crossovers (Weekly),15,Indicator Scans,Bearish Crossovers (Weekly),,,False,1,N,,OHLC_W_I_ADRBEARCO
1779794117,"{'stkname': 'Euro India Fres', 'ltp': '', 'perChg': '', 'stkId': 'EIF', 'displayLock': 'N', 'scanproflg': 1, 'scUrl': 'food-processing/euroindiafreshfoods/EIF', 'columns': [{'name': 'change %', 'value': '0.05'}, {'name': 'Adaptive RSI Indicator value', 'value': '240.55'}, {'name': 'LTP', 'value': '239.99'}]}",OHLC_W_I_ADRBEARCO,Bearish Crossovers (Weekly),Bearish Crossovers (Weekly),15,Indicator Scans,Bearish Crossovers (Weekly),,,False,1,N,,OHLC_W_I_ADRBEARCO
1779794117,"{'stkname': 'Baid Finserv', 'ltp': '', 'perChg': '', 'stkId': 'BLF', 'displayLock': 'N', 'scanproflg': 1, 'scUrl': 'finance-leasinghire-purchase/baidfinserv/BLF', 'columns': [{'name': 'change %', 'value': '-0.68'}, {'name': 'Adaptive RSI Indicator value', 'value': '11.03'}, {'name': 'LTP', 'value': '10.24'}]}",OHLC_W_I_ADRBEARCO,Bearish Crossovers (Weekly),Bearish Crossovers (Weekly),15,Indicator Scans,Bearish Crossovers (Weekly),,,False,1,N,,OHLC_W_I_ADRBEARCO
1779794117,"{'stkname': 'BF Investment', 'ltp': '', 'perChg': '', 'stkId': 'BFI', 'displayLock': 'N', 'scanproflg': 1, 'scUrl': 'finance-investments/bfinvestment/BFI', 'columns': [{'name': 'change %', 'value': '0.56'}, {'name': 'Adaptive RSI Indicator value', 'value': '410.64'}, {'name': 'LTP', 'value': '397.00'}]}",OHLC_W_I_ADRBEARCO,Bearish Crossovers (Weekly),Bearish Crossovers (Weekly),15,Indicator Scans,Bearish Crossovers (Weekly),,,False,1,N,,OHLC_W_I_ADRBEARCO
1779794117,"{'stkname': 'JM Financial', 'ltp': '', 'perChg': '', 'stkId': 'JMS', 'displayLock': 'N', 'scanproflg': 1, 'scUrl': 'finance-investments/jmfinancial/JMF', 'columns': [{'name': 'change %', 'value': '-0.11'}, {'name': 'Adaptive RSI Indicator value', 'value': '135.54'}, {'name': 'LTP', 'value': '132.20'}]}",OHLC_W_I_ADRBEARCO,Bearish Crossovers (Weekly),Bearish Crossovers (Weekly),15,Indicator Scans,Bearish Crossovers (Weekly),,,False,1,N,,OHLC_W_I_ADRBEARCO
1779794117,"{'stkname': 'BLAL', 'ltp': '', 'perChg': '', 'stkId': 'BLA', 'displayLock': 'N', 'scanproflg': 1, 'scUrl': 'miscellaneous/bemllandassets/BLA', 'columns': [{'name': 'change %', 'value': '-0.84'}, {'name': 'Adaptive RSI Indicator value', 'value': '192.47'}, {'name': 'LTP', 'value': '188.47'}]}",OHLC_W_I_ADRBEARCO,Bearish Crossovers (Weekly),Bearish Crossovers (Weekly),15,Indicator Scans,Bearish Crossovers (Weekly),,,False,1,N,,OHLC_W_I_ADRBEARCO
1779794117,"{'stkname': 'Supreme Petro', 'ltp': '', 'perChg': '', 'stkId': 'SP', 'displayLock': 'N', 'scanproflg': 1, 'scUrl': 'petrochemicals/supremepetrochem/SP', 'columns': [{'name': 'change %', 'value': '-0.91'}, {'name': 'Adaptive RSI Indicator value', 'value': '720.25'}, {'name': 'LTP', 'value': '674.70'}]}",OHLC_W_I_ADRBEARCO,Bearish Crossovers (Weekly),Bearish Crossovers (Weekly),15,Indicator Scans,Bearish Crossovers (Weekly),,,False,1,N,,OHLC_W_I_ADRBEARCO
1779794117,"{'stkname': 'Diamines Chem', 'ltp': '', 'perChg': '', 'stkId': 'DC04', 'displayLock': 'N', 'scanproflg': 1, 'scUrl': 'petrochemicals/diamineschemicals/DC04', 'columns': [{'name': 'change %', 'value': '2.11'}, {'name': 'Adaptive RSI Indicator value', 'value': '265.52'}, {'name': 'LTP', 'value': '252.00'}]}",OHLC_W_I_ADRBEARCO,Bearish Crossovers (Weekly),Bearish Crossovers (Weekly),15,Indicator Scans,Bearish Crossovers (Weekly),,,False,1,N,,OHLC_W_I_ADRBEARCO
1779794117,"{'stkname': 'Kabra Extrusion', 'ltp': '', 'perChg': '', 'stkId': 'KET', 'displayLock': 'N', 'scanproflg': 1, 'scUrl': 'engineering-heavy/kabraextrusiontechnik/KET', 'columns': [{'name': 'change %', 'value': '-1.27'}, {'name': 'Adaptive RSI Indicator value', 'value': '233.95'}, {'name': 'LTP', 'value': '228.00'}]}",OHLC_W_I_ADRBEARCO,Bearish Crossovers (Weekly),Bearish Crossovers (Weekly),15,Indicator Scans,Bearish Crossovers (Weekly),,,False,1,N,,OHLC_W_I_ADRBEARCO
1779794117,"{'stkname': 'HMT', 'ltp': '', 'perChg': '', 'stkId': 'HMT', 'displayLock': 'N', 'scanproflg': 1, 'scUrl': 'auto-tractors/hmt/HMT', 'columns': [{'name': 'change %', 'value': '-0.05'}, {'name': 'Adaptive RSI Indicator value', 'value': '59.26'}, {'name': 'LTP', 'value': '56.67'}]}",OHLC_W_I_ADRBEARCO,Bearish Crossovers (Weekly),Bearish Crossovers (Weekly),15,Indicator Scans,Bearish Crossovers (Weekly),,,False,1,N,,OHLC_W_I_ADRBEARCO
1779794117,"{'stkname': 'Mahindra Logist', 'ltp': '', 'perChg': '', 'stkId': 'ML12', 'displayLock': 'N', 'scanproflg': 1, 'scUrl': 'diversified/mahindralogistics/ML04', 'columns': [{'name': 'change %', 'value': '-1.12'}, {'name': 'Adaptive RSI Indicator value', 'value': '380.32'}, {'name': 'LTP', 'value': '352.80'}]}",OHLC_W_I_ADRBEARCO,Bearish Crossovers (Weekly),Bearish Crossovers (Weekly),15,Indicator Scans,Bearish Crossovers (Weekly),,,False,1,N,,OHLC_W_I_ADRBEARCO
1779794117,"{'stkname': 'SJVN', 'ltp': '', 'perChg': '', 'stkId': 'S14', 'displayLock': 'N', 'scanproflg': 1, 'scUrl': 'power-generationdistribution/sjvn/S11', 'columns': [{'name': 'change %', 'value': '-0.44'}, {'name': 'Adaptive RSI Indicator value', 'value': '76.48'}, {'name': 'LTP', 'value': '73.94'}]}",OHLC_W_I_ADRBEARCO,Bearish Crossovers (Weekly),Bearish Crossovers (Weekly),15,Indicator Scans,Bearish Crossovers (Weekly),,,False,1,N,,OHLC_W_I_ADRBEARCO
1779794117,"{'stkname': 'Titan Company', 'ltp': '', 'perChg': '', 'stkId': 'TI01', 'displayLock': 'N', 'scanproflg': 1, 'scUrl': 'miscellaneous/titancompany/TI01', 'columns': [{'name': 'change %', 'value': '-1.06'}, {'name': 'Adaptive RSI Indicator value', 'value': '4,275.48'}, {'name': 'LTP', 'value': '4,115.00'}]}",OHLC_W_I_ADRBEARCO,Bearish Crossovers (Weekly),Bearish Crossovers (Weekly),15,Indicator Scans,Bearish Crossovers (Weekly),,,False,1,N,,OHLC_W_I_ADRBEARCO
1779794117,"{'stkname': 'HDFC Nifty Pri', 'ltp': '', 'perChg': '', 'stkId': 'HNP', 'displayLock': 'N', 'scanproflg': 1, 'scUrl': 'etf/hdfcniftyprivatebanketf/HNP', 'columns': [{'name': 'change %', 'value': '0.04'}, {'name': 'Adaptive RSI Indicator value', 'value': '27.74'}, {'name': 'LTP', 'value': '27.29'}]}",OHLC_M_I_ADRBEARCO,Bearish Crossovers (Monthly),Bearish Crossovers (Monthly),15,Indicator Scans,Bearish Crossovers (Monthly),,,False,1,N,,OHLC_M_I_ADRBEARCO
1779794117,"{'stkname': 'Mirae NiftyFin', 'ltp': '', 'perChg': '', 'stkId': 'MAN01', 'displayLock': 'N', 'scanproflg': 1, 'scUrl': 'etf/miraeassetniftyfinancialservicesetf/MAN01', 'columns': [{'name': 'change %', 'value': '-0.44'}, {'name': 'Adaptive RSI Indicator value', 'value': '27.36'}, {'name': 'LTP', 'value': '26.89'}]}",OHLC_M_I_ADRBEARCO,Bearish Crossovers (Monthly),Bearish Crossovers (Monthly),15,Indicator Scans,Bearish Crossovers (Monthly),,,False,1,N,,OHLC_M_I_ADRBEARCO
1779794117,"{'stkname': 'BBNPNBETF', 'ltp': '', 'perChg': '', 'stkId': 'BBNPN24117', 'displayLock': 'N', 'scanproflg': 1, 'scUrl': 'etf/barodabnpparibasniftybanketf/BBNPN24117', 'columns': [{'name': 'change %', 'value': '0.32'}, {'name': 'Adaptive RSI Indicator value', 'value': '57.29'}, {'name': 'LTP', 'value': '55.66'}]}",OHLC_M_I_ADRBEARCO,Bearish Crossovers (Monthly),Bearish Crossovers (Monthly),15,Indicator Scans,Bearish Crossovers (Monthly),,,False,1,N,,OHLC_M_I_ADRBEARCO
1779794117,"{'stkname': 'Sambhaav Media', 'ltp': '', 'perChg': '', 'stkId': 'PEI01', 'displayLock': 'N', 'scanproflg': 1, 'scUrl': 'printingstationery/sambhaavmedia/SM16', 'columns': [{'name': 'change %', 'value': '-2.73'}, {'name': 'Adaptive RSI Indicator value', 'value': '7.48'}, {'name': 'LTP', 'value': '7.12'}]}",OHLC_M_I_ADRBEARCO,Bearish Crossovers (Monthly),Bearish Crossovers (Monthly),15,Indicator Scans,Bearish Crossovers (Monthly),,,False,1,N,,OHLC_M_I_ADRBEARCO
1779794117,"{'stkname': 'Aqylon Nexus', 'ltp': '', 'perChg': '', 'stkId': 'SAB', 'displayLock': 'N', 'scanproflg': 1, 'scUrl': 'mediaentertainment/aqylonnexus/SAB', 'columns': [{'name': 'change %', 'value': '-0.96'}, {'name': 'Adaptive RSI Indicator value', 'value': '96.95'}, {'name': 'LTP', 'value': '61.69'}]}",OHLC_M_I_ADRBEARCO,Bearish Crossovers (Monthly),Bearish Crossovers (Monthly),15,Indicator Scans,Bearish Crossovers (Monthly),,,False,1,N,,OHLC_M_I_ADRBEARCO
1779794117,"{'stkname': 'Indo Thai Secu', 'ltp': '', 'perChg': '', 'stkId': 'ITS', 'displayLock': 'N', 'scanproflg': 1, 'scUrl': 'finance-general/indothaisecurities/ITS', 'columns': [{'name': 'change %', 'value': '3.06'}, {'name': 'Adaptive RSI Indicator value', 'value': '287.17'}, {'name': 'LTP', 'value': '246.20'}]}",OHLC_M_I_ADRBEARCO,Bearish Crossovers (Monthly),Bearish Crossovers (Monthly),15,Indicator Scans,Bearish Crossovers (Monthly),,,False,1,N,,OHLC_M_I_ADRBEARCO
1779794117,"{'stkname': 'Jeena Sikho', 'ltp': '', 'perChg': '', 'stkId': 'JSL01', 'displayLock': 'N', 'scanproflg': 1, 'scUrl': 'pharmaceuticalsdrugs/jeenasikholifecare/JSL02', 'columns': [{'name': 'change %', 'value': '0.44'}, {'name': 'Adaptive RSI Indicator value', 'value': '644.93'}, {'name': 'LTP', 'value': '638.10'}]}",OHLC_M_I_ADRBEARCO,Bearish Crossovers (Monthly),Bearish Crossovers (Monthly),15,Indicator Scans,Bearish Crossovers (Monthly),,,False,1,N,,OHLC_M_I_ADRBEARCO
1779794117,"{'stkname': 'Zota Health Car', 'ltp': '', 'perChg': '', 'stkId': 'ZHC', 'displayLock': 'N', 'scanproflg': 1, 'scUrl': 'pharmaceuticals/zotahealthcare/ZHC', 'columns': [{'name': 'change %', 'value': '4.27'}, {'name': 'Adaptive RSI Indicator value', 'value': '1,291.92'}, {'name': 'LTP', 'value': '1,170.00'}]}",OHLC_M_I_ADRBEARCO,Bearish Crossovers (Monthly),Bearish Crossovers (Monthly),15,Indicator Scans,Bearish Crossovers (Monthly),,,False,1,N,,OHLC_M_I_ADRBEARCO
1779794117,"{'stkname': 'Sirca Paints', 'ltp': '', 'perChg': '', 'stkId': 'SPI12', 'displayLock': 'N', 'scanproflg': 1, 'scUrl': 'paintsvarnishes/sircapaintsindia/SPI06', 'columns': [{'name': 'change %', 'value': '-0.11'}, {'name': 'Adaptive RSI Indicator value', 'value': '442.46'}, {'name': 'LTP', 'value': '419.50'}]}",OHLC_M_I_ADRBEARCO,Bearish Crossovers (Monthly),Bearish Crossovers (Monthly),15,Indicator Scans,Bearish Crossovers (Monthly),,,False,1,N,,OHLC_M_I_ADRBEARCO
1779794117,"{'stkname': 'Shri Rama Multi', 'ltp': '', 'perChg': '', 'stkId': 'SRI01', 'displayLock': 'N', 'scanproflg': 1, 'scUrl': 'packaging/shreeramamultitech/SRI01', 'columns': [{'name': 'change %', 'value': '-2.57'}, {'name': 'Adaptive RSI Indicator value', 'value': '51.43'}, {'name': 'LTP', 'value': '44.00'}]}",OHLC_M_I_ADRBEARCO,Bearish Crossovers (Monthly),Bearish Crossovers (Monthly),15,Indicator Scans,Bearish Crossovers (Monthly),,,False,1,N,,OHLC_M_I_ADRBEARCO
1779794117,"{'stkname': 'Sigma Solve', 'ltp': '', 'perChg': '', 'stkId': 'SSL14', 'displayLock': 'N', 'scanproflg': 1, 'scUrl': 'it-servicesconsulting/sigmasolve/SSL14', 'columns': [{'name': 'change %', 'value': '3.93'}, {'name': 'Adaptive RSI Indicator value', 'value': '45.06'}, {'name': 'LTP', 'value': '39.90'}]}",OHLC_M_I_ADRBEARCO,Bearish Crossovers (Monthly),Bearish Crossovers (Monthly),15,Indicator Scans,Bearish Crossovers (Monthly),,,False,1,N,,OHLC_M_I_ADRBEARCO
1779794117,"{'stkname': 'IZMO', 'ltp': '', 'perChg': '', 'stkId': 'LM02', 'displayLock': 'N', 'scanproflg': 1, 'scUrl': 'computers-software-mediumsmall/izmo/LM02', 'columns': [{'name': 'change %', 'value': '-0.15'}, {'name': 'Adaptive RSI Indicator value', 'value': '712.38'}, {'name': 'LTP', 'value': '693.00'}]}",OHLC_M_I_ADRBEARCO,Bearish Crossovers (Monthly),Bearish Crossovers (Monthly),15,Indicator Scans,Bearish Crossovers (Monthly),,,False,1,N,,OHLC_M_I_ADRBEARCO
1779794117,"{'stkname': 'Ramco System', 'ltp': '', 'perChg': '', 'stkId': 'RS17', 'displayLock': 'N', 'scanproflg': 1, 'scUrl': 'computers-software/ramcosystem/RS17', 'columns': [{'name': 'change %', 'value': '-2.33'}, {'name': 'Adaptive RSI Indicator value', 'value': '464.65'}, {'name': 'LTP', 'value': '472.95'}]}",OHLC_M_I_ADRBEARCO,Bearish Crossovers (Monthly),Bearish Crossovers (Monthly),15,Indicator Scans,Bearish Crossovers (Monthly),,,False,1,N,,OHLC_M_I_ADRBEARCO
1779794117,"{'stkname': 'Balaji Telefilm', 'ltp': '', 'perChg': '', 'stkId': 'BT06', 'displayLock': 'N', 'scanproflg': 1, 'scUrl': 'mediaentertainment/balajitelefilms/BT06', 'columns': [{'name': 'change %', 'value': '-0.98'}, {'name': 'Adaptive RSI Indicator value', 'value': '95.76'}, {'name': 'LTP', 'value': '93.16'}]}",OHLC_M_I_ADRBEARCO,Bearish Crossovers (Monthly),Bearish Crossovers (Monthly),15,Indicator Scans,Bearish Crossovers (Monthly),,,False,1,N,,OHLC_M_I_ADRBEARCO
1779794117,"{'stkname': 'SMC Global Secu', 'ltp': '', 'perChg': '', 'stkId': 'SGS01', 'displayLock': 'N', 'scanproflg': 1, 'scUrl': 'finance-investment/smcglobalsecurities/SGS03', 'columns': [{'name': 'change %', 'value': '-0.72'}, {'name': 'Adaptive RSI Indicator value', 'value': '69.79'}, {'name': 'LTP', 'value': '61.69'}]}",OHLC_M_I_ADRBEARCO,Bearish Crossovers (Monthly),Bearish Crossovers (Monthly),15,Indicator Scans,Bearish Crossovers (Monthly),,,False,1,N,,OHLC_M_I_ADRBEARCO
1779794117,"{'stkname': 'Rama Phosphates', 'ltp': '', 'perChg': '', 'stkId': 'RP07', 'displayLock': 'N', 'scanproflg': 1, 'scUrl': 'fertilisers/ramaphosphates/RP07', 'columns': [{'name': 'change %', 'value': '-0.53'}, {'name': 'Adaptive RSI Indicator value', 'value': '139.02'}, {'name': 'LTP', 'value': '121.33'}]}",OHLC_M_I_ADRBEARCO,Bearish Crossovers (Monthly),Bearish Crossovers (Monthly),15,Indicator Scans,Bearish Crossovers (Monthly),,,False,1,N,,OHLC_M_I_ADRBEARCO
1779794117,"{'stkname': 'Eldeco Housing', 'ltp': '', 'perChg': '', 'stkId': 'EH01', 'displayLock': 'N', 'scanproflg': 1, 'scUrl': 'construction-residentialcommercial-complexes/eldecohousingindustries/EH01', 'columns': [{'name': 'change %', 'value': '-3.81'}, {'name': 'Adaptive RSI Indicator value', 'value': '836.78'}, {'name': 'LTP', 'value': '775.00'}]}",OHLC_M_I_ADRBEARCO,Bearish Crossovers (Monthly),Bearish Crossovers (Monthly),15,Indicator Scans,Bearish Crossovers (Monthly),,,False,1,N,,OHLC_M_I_ADRBEARCO
1779794117,"{'stkname': 'Yatra Online', 'ltp': '', 'perChg': '', 'stkId': 'YO', 'displayLock': 'N', 'scanproflg': 1, 'scUrl': 'travel-services/yatraonline/YO', 'columns': [{'name': 'change %', 'value': '-1.05'}, {'name': 'Adaptive RSI Indicator value', 'value': '126.03'}, {'name': 'LTP', 'value': '100.40'}]}",OHLC_M_I_ADRBEARCO,Bearish Crossovers (Monthly),Bearish Crossovers (Monthly),15,Indicator Scans,Bearish Crossovers (Monthly),,,False,1,N,,OHLC_M_I_ADRBEARCO
1779794117,"{'stkname': 'Ramco Cements', 'ltp': '', 'perChg': '', 'stkId': 'MC', 'displayLock': 'N', 'scanproflg': 1, 'scUrl': 'cement-major/theramcocements/MC', 'columns': [{'name': 'change %', 'value': '-1.81'}, {'name': 'Adaptive RSI Indicator value', 'value': '1,011.15'}, {'name': 'LTP', 'value': '890.00'}]}",OHLC_M_I_ADRBEARCO,Bearish Crossovers (Monthly),Bearish Crossovers (Monthly),15,Indicator Scans,Bearish Crossovers (Monthly),,,False,1,N,,OHLC_M_I_ADRBEARCO
1779794117,"{'stkname': 'IDBI Bank', 'ltp': '', 'perChg': '', 'stkId': 'IDB', 'displayLock': 'N', 'scanproflg': 1, 'scUrl': 'bank-private/idbibank/IDB05', 'columns': [{'name': 'change %', 'value': '-0.26'}, {'name': 'Adaptive RSI Indicator value', 'value': '91.46'}, {'name': 'LTP', 'value': '72.85'}]}",OHLC_M_I_ADRBEARCO,Bearish Crossovers (Monthly),Bearish Crossovers (Monthly),15,Indicator Scans,Bearish Crossovers (Monthly),,,False,1,N,,OHLC_M_I_ADRBEARCO
1779794117,"{'stkname': 'Banco Products', 'ltp': '', 'perChg': '', 'stkId': 'BPI', 'displayLock': 'N', 'scanproflg': 1, 'scUrl': 'auto-ancillaries/bancoproductsindia/BPI', 'columns': [{'name': 'change %', 'value': '-0.20'}, {'name': 'Adaptive RSI Indicator value', 'value': '617.81'}, {'name': 'LTP', 'value': '623.50'}]}",OHLC_M_I_ADRBEARCO,Bearish Crossovers (Monthly),Bearish Crossovers (Monthly),15,Indicator Scans,Bearish Crossovers (Monthly),,,False,1,N,,OHLC_M_I_ADRBEARCO
1779794117,"{'stkname': 'Ceat', 'ltp': '', 'perChg': '', 'stkId': 'C07', 'displayLock': 'N', 'scanproflg': 1, 'scUrl': 'tyres/ceat/C07', 'columns': [{'name': 'change %', 'value': '-0.85'}, {'name': 'Adaptive RSI Indicator value', 'value': '3,493.05'}, {'name': 'LTP', 'value': '3,302.90'}]}",OHLC_M_I_ADRBEARCO,Bearish Crossovers (Monthly),Bearish Crossovers (Monthly),15,Indicator Scans,Bearish Crossovers (Monthly),,,False,1,N,,OHLC_M_I_ADRBEARCO
1779794117,"{'stkname': 'Sundaram Fin', 'ltp': '', 'perChg': '', 'stkId': 'SF20', 'displayLock': 'N', 'scanproflg': 1, 'scUrl': 'finance-leasinghire-purchase/sundaramfinance/SF20', 'columns': [{'name': 'change %', 'value': '-1.21'}, {'name': 'Adaptive RSI Indicator value', 'value': '4,825.57'}, {'name': 'LTP', 'value': '4,332.00'}]}",OHLC_M_I_ADRBEARCO,Bearish Crossovers (Monthly),Bearish Crossovers (Monthly),15,Indicator Scans,Bearish Crossovers (Monthly),,,False,1,N,,OHLC_M_I_ADRBEARCO
1779794117,"{'stkname': 'Reliance', 'ltp': '', 'perChg': '', 'stkId': 'RI', 'displayLock': 'N', 'scanproflg': 1, 'scUrl': 'refineries/relianceindustries/RI', 'columns': [{'name': 'change %', 'value': '-0.73'}, {'name': 'Adaptive RSI Indicator value', 'value': '1,421.61'}, {'name': 'LTP', 'value': '1,357.00'}]}",OHLC_M_I_ADRBEARCO,Bearish Crossovers (Monthly),Bearish Crossovers (Monthly),15,Indicator Scans,Bearish Crossovers (Monthly),,,False,1,N,,OHLC_M_I_ADRBEARCO
1779794117,"{'stkname': 'IDFC First Bank', 'ltp': '', 'perChg': '', 'stkId': 'IDF01', 'displayLock': 'N', 'scanproflg': 1, 'scUrl': 'banks-private-sector/idfcfirstbank/IDF01', 'columns': [{'name': 'change %', 'value': '1.14'}, {'name': 'Adaptive RSI Indicator value', 'value': '73.73'}, {'name': 'LTP', 'value': '70.25'}]}",OHLC_M_I_ADRBEARCO,Bearish Crossovers (Monthly),Bearish Crossovers (Monthly),15,Indicator Scans,Bearish Crossovers (Monthly),,,False,1,N,,OHLC_M_I_ADRBEARCO
1779794117,"{'stkname': 'M&M', 'ltp': '', 'perChg': '', 'stkId': 'MM', 'displayLock': 'N', 'scanproflg': 1, 'scUrl': 'auto-carsjeeps/mahindramahindra/MM', 'columns': [{'name': 'change %', 'value': '-0.89'}, {'name': 'Adaptive RSI Indicator value', 'value': '3,298.82'}, {'name': 'LTP', 'value': '3,111.00'}]}",OHLC_M_I_ADRBEARCO,Bearish Crossovers (Monthly),Bearish Crossovers (Monthly),15,Indicator Scans,Bearish Crossovers (Monthly),,,False,1,N,,OHLC_M_I_ADRBEARCO
1779794117,"{'stkname': 'Britannia', 'ltp': '', 'perChg': '', 'stkId': 'BI', 'displayLock': 'N', 'scanproflg': 1, 'scUrl': 'food-processing/britanniaindustries/BI', 'columns': [{'name': 'change %', 'value': '0.41'}, {'name': 'Adaptive RSI Indicator value', 'value': '5,704.96'}, {'name': 'LTP', 'value': '5,349.00'}]}",OHLC_M_I_ADRBEARCO,Bearish Crossovers (Monthly),Bearish Crossovers (Monthly),15,Indicator Scans,Bearish Crossovers (Monthly),,,False,1,N,,OHLC_M_I_ADRBEARCO
1779794117,"{'stkname': 'Maruti Suzuki', 'ltp': '', 'perChg': '', 'stkId': 'MU01', 'displayLock': 'N', 'scanproflg': 1, 'scUrl': 'auto-carsjeeps/marutisuzukiindia/MS24', 'columns': [{'name': 'change %', 'value': '0.52'}, {'name': 'Adaptive RSI Indicator value', 'value': '14,350.22'}, {'name': 'LTP', 'value': '13,238.00'}]}",OHLC_M_I_ADRBEARCO,Bearish Crossovers (Monthly),Bearish Crossovers (Monthly),15,Indicator Scans,Bearish Crossovers (Monthly),,,False,1,N,,OHLC_M_I_ADRBEARCO
1779794117,"{'stkname': 'UNO Minda', 'ltp': '', 'perChg': '', 'stkId': 'MI44', 'displayLock': 'N', 'scanproflg': 1, 'scUrl': 'auto-ancillaries-head-lampslights/unominda/MI4', 'columns': [{'name': 'change %', 'value': '-0.74'}, {'name': 'Adaptive RSI Indicator value', 'value': '1,157.11'}, {'name': 'LTP', 'value': '1,110.20'}]}",OHLC_M_I_ADRBEARCO,Bearish Crossovers (Monthly),Bearish Crossovers (Monthly),15,Indicator Scans,Bearish Crossovers (Monthly),,,False,1,N,,OHLC_M_I_ADRBEARCO
1779794117,"{'stkname': 'SBI ETF PVT BAN', 'ltp': '', 'perChg': '', 'stkId': 'SEP03', 'displayLock': 'N', 'scanproflg': 1, 'scUrl': 'finance-nbfc/sbietfprivatebank/SEP', 'columns': [{'name': 'change %', 'value': '0.75'}, {'name': 'Adaptive RSI Indicator value', 'value': '278.56'}, {'name': 'LTP', 'value': '275.90'}]}",OHLC_M_I_ADRBEARCO,Bearish Crossovers (Monthly),Bearish Crossovers (Monthly),15,Indicator Scans,Bearish Crossovers (Monthly),,,False,1,N,,OHLC_M_I_ADRBEARCO
1779794117,"{'stkname': 'Ipru Nifty Pri', 'ltp': '', 'perChg': '', 'stkId': 'PVTBA11386', 'displayLock': 'N', 'scanproflg': 1, 'scUrl': 'etf/iciciprudentialniftyprivatebanketf/PVTBA11386', 'columns': [{'name': 'change %', 'value': '-0.63'}, {'name': 'Adaptive RSI Indicator value', 'value': '27.52'}, {'name': 'LTP', 'value': '26.97'}]}",OHLC_M_I_ADRBEARCO,Bearish Crossovers (Monthly),Bearish Crossovers (Monthly),15,Indicator Scans,Bearish Crossovers (Monthly),,,False,1,N,,OHLC_M_I_ADRBEARCO
1779794117,"{'stkname': 'DSP Priv Bank', 'ltp': '', 'perChg': '', 'stkId': 'DSPPV17576', 'displayLock': 'N', 'scanproflg': 1, 'scUrl': 'etf/dspniftyprivatebanketf/DSPPV17576', 'columns': [{'name': 'change %', 'value': '-0.04'}, {'name': 'Adaptive RSI Indicator value', 'value': '27.70'}, {'name': 'LTP', 'value': '27.27'}]}",OHLC_M_I_ADRBEARCO,Bearish Crossovers (Monthly),Bearish Crossovers (Monthly),15,Indicator Scans,Bearish Crossovers (Monthly),,,False,1,N,,OHLC_M_I_ADRBEARCO
1779794117,"{'stkname': 'Tata Pvt. Bank', 'ltp': '', 'perChg': '', 'stkId': 'NPBET12978', 'displayLock': 'N', 'scanproflg': 1, 'scUrl': 'etf/tataniftyprivatebanketf/NPBET12978', 'columns': [{'name': 'change %', 'value': '-0.43'}, {'name': 'Adaptive RSI Indicator value', 'value': '282.21'}, {'name': 'LTP', 'value': '277.24'}]}",OHLC_M_I_ADRBEARCO,Bearish Crossovers (Monthly),Bearish Crossovers (Monthly),15,Indicator Scans,Bearish Crossovers (Monthly),,,False,1,N,,OHLC_M_I_ADRBEARCO
1779794117,"{'stkname': 'BAJAJ NIFTYBETF', 'ltp': '', 'perChg': '', 'stkId': 'NIFTY21959', 'displayLock': 'N', 'scanproflg': 1, 'scUrl': 'etf/bajajfinservnifty50etf/NIFTY21959', 'columns': [{'name': 'change %', 'value': '-0.45'}, {'name': 'Adaptive RSI Indicator value', 'value': '251.81'}, {'name': 'LTP', 'value': '245.02'}]}",OHLC_M_I_ADRBEARCO,Bearish Crossovers (Monthly),Bearish Crossovers (Monthly),15,Indicator Scans,Bearish Crossovers (Monthly),,,False,1,N,,OHLC_M_I_ADRBEARCO
1779794117,"{'stkname': 'Manaksia Coated', 'ltp': '', 'perChg': '', 'stkId': 'MCM02', 'displayLock': 'N', 'scanproflg': 1, 'scUrl': 'steel-mediumsmall/manaksiacoatedmetalsindustries/MCM02', 'columns': [{'name': 'change %', 'value': '-6.76'}, {'name': 'Adaptive RSI Indicator value', 'value': '126.56'}, {'name': 'LTP', 'value': '100.78'}]}",OHLC_M_I_ADRBEARCO,Bearish Crossovers (Monthly),Bearish Crossovers (Monthly),15,Indicator Scans,Bearish Crossovers (Monthly),,,False,1,N,,OHLC_M_I_ADRBEARCO
1779794117,"{'stkname': 'ALPHAETF', 'ltp': '', 'perChg': '', 'stkId': 'ALPHA19640', 'displayLock': 'N', 'scanproflg': 1, 'scUrl': 'etf/miraeassetnifty200alpha30etf/ALPHA19640', 'columns': [{'name': 'change %', 'value': '0.46'}, {'name': 'Adaptive RSI Indicator value', 'value': '24.91'}, {'name': 'LTP', 'value': '26.20'}]}",OHLC_M_I_ADRBULLCO,Bullish Crossovers (Monthly),Bullish Crossovers (Monthly),15,Indicator Scans,Bullish Crossovers (Monthly),,,False,1,N,,OHLC_M_I_ADRBULLCO
1779794117,"{'stkname': 'Nipp Nifty1D', 'ltp': '', 'perChg': '', 'stkId': 'LB', 'displayLock': 'N', 'scanproflg': 1, 'scUrl': 'etf/nipponindiaetfnifty1drateliquidbees/LB', 'columns': [{'name': 'change %', 'value': '0.00'}, {'name': 'Adaptive RSI Indicator value', 'value': '1,000.00'}, {'name': 'LTP', 'value': '1,000.01'}]}",OHLC_M_I_ADRBULLCO,Bullish Crossovers (Monthly),Bullish Crossovers (Monthly),15,Indicator Scans,Bullish Crossovers (Monthly),,,False,1,N,,OHLC_M_I_ADRBULLCO
1779794117,"{'stkname': 'Adani Enterpris', 'ltp': '', 'perChg': '', 'stkId': 'AE01', 'displayLock': 'N', 'scanproflg': 1, 'scUrl': 'trading/adanienterprises/AE13', 'columns': [{'name': 'change %', 'value': '4.33'}, {'name': 'Adaptive RSI Indicator value', 'value': '2,442.23'}, {'name': 'LTP', 'value': '2,973.00'}]}",OHLC_M_I_ADRBULLCO,Bullish Crossovers (Monthly),Bullish Crossovers (Monthly),15,Indicator Scans,Bullish Crossovers (Monthly),,,False,1,N,,OHLC_M_I_ADRBULLCO
1779794117,"{'stkname': 'Adani Green Ene', 'ltp': '', 'perChg': '', 'stkId': 'ADANI54145', 'displayLock': 'N', 'scanproflg': 1, 'scUrl': 'power-generationdistribution/adanigreenenergylimited/ADANI54145', 'columns': [{'name': 'change %', 'value': '3.75'}, {'name': 'Adaptive RSI Indicator value', 'value': '1,173.56'}, {'name': 'LTP', 'value': '1,464.00'}]}",OHLC_M_I_ADRBULLCO,Bullish Crossovers (Monthly),Bullish Crossovers (Monthly),15,Indicator Scans,Bullish Crossovers (Monthly),,,False,1,N,,OHLC_M_I_ADRBULLCO
1779794117,"{'stkname': 'Indiabulls', 'ltp': '', 'perChg': '', 'stkId': 'IWS', 'displayLock': 'N', 'scanproflg': 1, 'scUrl': 'trading/indiabulls/IWS', 'columns': [{'name': 'change %', 'value': '1.20'}, {'name': 'Adaptive RSI Indicator value', 'value': '16.98'}, {'name': 'LTP', 'value': '20.20'}]}",OHLC_M_I_ADRBULLCO,Bullish Crossovers (Monthly),Bullish Crossovers (Monthly),15,Indicator Scans,Bullish Crossovers (Monthly),,,False,1,N,,OHLC_M_I_ADRBULLCO
1779794117,"{'stkname': 'ANTELOPUS', 'ltp': '', 'perChg': '', 'stkId': 'SET', 'displayLock': 'N', 'scanproflg': 1, 'scUrl': 'oil-drillingexploration/antelopusselanenergy/SET', 'columns': [{'name': 'change %', 'value': '5.00'}, {'name': 'Adaptive RSI Indicator value', 'value': '626.38'}, {'name': 'LTP', 'value': '766.85'}]}",OHLC_M_I_ADRBULLCO,Bullish Crossovers (Monthly),Bullish Crossovers (Monthly),15,Indicator Scans,Bullish Crossovers (Monthly),,,False,1,N,,OHLC_M_I_ADRBULLCO
1779794117,"{'stkname': 'Kirloskar Pneum', 'ltp': '', 'perChg': '', 'stkId': 'KGK', 'displayLock': 'N', 'scanproflg': 1, 'scUrl': 'compressors/kirloskarpneumaticcompany/KGK', 'columns': [{'name': 'change %', 'value': '0.57'}, {'name': 'Adaptive RSI Indicator value', 'value': '1,336.86'}, {'name': 'LTP', 'value': '1,669.20'}]}",OHLC_M_I_ADRBULLCO,Bullish Crossovers (Monthly),Bullish Crossovers (Monthly),15,Indicator Scans,Bullish Crossovers (Monthly),,,False,1,N,,OHLC_M_I_ADRBULLCO
1779794117,"{'stkname': 'Avantel', 'ltp': '', 'perChg': '', 'stkId': 'AS22', 'displayLock': 'N', 'scanproflg': 1, 'scUrl': 'computers-software-mediumsmall/avantel/A19', 'columns': [{'name': 'change %', 'value': '2.80'}, {'name': 'Adaptive RSI Indicator value', 'value': '154.94'}, {'name': 'LTP', 'value': '176.50'}]}",OHLC_M_I_ADRBULLCO,Bullish Crossovers (Monthly),Bullish Crossovers (Monthly),15,Indicator Scans,Bullish Crossovers (Monthly),,,False,1,N,,OHLC_M_I_ADRBULLCO
1779794117,"{'stkname': 'Rain Industries', 'ltp': '', 'perChg': '', 'stkId': 'PC13', 'displayLock': 'N', 'scanproflg': 1, 'scUrl': 'cement-major/rainindustries/RC12', 'columns': [{'name': 'change %', 'value': '-3.84'}, {'name': 'Adaptive RSI Indicator value', 'value': '145.49'}, {'name': 'LTP', 'value': '172.10'}]}",OHLC_M_I_ADRBULLCO,Bullish Crossovers (Monthly),Bullish Crossovers (Monthly),15,Indicator Scans,Bullish Crossovers (Monthly),,,False,1,N,,OHLC_M_I_ADRBULLCO
1779794117,"{'stkname': 'Ambika Cotton', 'ltp': '', 'perChg': '', 'stkId': 'ACM04', 'displayLock': 'N', 'scanproflg': 1, 'scUrl': 'textiles-spinning-cotton-blended/ambikacottonmills/ACM04', 'columns': [{'name': 'change %', 'value': '4.04'}, {'name': 'Adaptive RSI Indicator value', 'value': '1,451.87'}, {'name': 'LTP', 'value': '1,670.00'}]}",OHLC_M_I_ADRBULLCO,Bullish Crossovers (Monthly),Bullish Crossovers (Monthly),15,Indicator Scans,Bullish Crossovers (Monthly),,,False,1,N,,OHLC_M_I_ADRBULLCO
1779794117,"{'stkname': 'Mayur Uniquoter', 'ltp': '', 'perChg': '', 'stkId': 'MU', 'displayLock': 'N', 'scanproflg': 1, 'scUrl': 'plastics/mayuruniquoters/MU', 'columns': [{'name': 'change %', 'value': '-0.40'}, {'name': 'Adaptive RSI Indicator value', 'value': '578.38'}, {'name': 'LTP', 'value': '744.80'}]}",OHLC_M_I_ADRBULLCO,Bullish Crossovers (Monthly),Bullish Crossovers (Monthly),15,Indicator Scans,Bullish Crossovers (Monthly),,,False,1,N,,OHLC_M_I_ADRBULLCO
1779794117,"{'stkname': 'HFCL', 'ltp': '', 'perChg': '', 'stkId': 'HFC', 'displayLock': 'N', 'scanproflg': 1, 'scUrl': 'telecommunications-equipment/hfcl/HFC', 'columns': [{'name': 'change %', 'value': '-0.72'}, {'name': 'Adaptive RSI Indicator value', 'value': '108.66'}, {'name': 'LTP', 'value': '161.66'}]}",OHLC_M_I_ADRBULLCO,Bullish Crossovers (Monthly),Bullish Crossovers (Monthly),15,Indicator Scans,Bullish Crossovers (Monthly),,,False,1,N,,OHLC_M_I_ADRBULLCO
1779794117,"{'stkname': 'Ruby Mills', 'ltp': '', 'perChg': '', 'stkId': 'RM04', 'displayLock': 'N', 'scanproflg': 1, 'scUrl': 'textiles-composite-mills/rubymills/RM04', 'columns': [{'name': 'change %', 'value': '-8.46'}, {'name': 'Adaptive RSI Indicator value', 'value': '225.07'}, {'name': 'LTP', 'value': '250.00'}]}",OHLC_M_I_ADRBULLCO,Bullish Crossovers (Monthly),Bullish Crossovers (Monthly),15,Indicator Scans,Bullish Crossovers (Monthly),,,False,1,N,,OHLC_M_I_ADRBULLCO
1779794117,"{'stkname': 'Gland', 'ltp': '', 'perChg': '', 'stkId': 'GP14', 'displayLock': 'N', 'scanproflg': 1, 'scUrl': 'pharmaceuticalsdrugs/glandpharma/GP14', 'columns': [{'name': 'change %', 'value': '-1.35'}, {'name': 'Adaptive RSI Indicator value', 'value': '1,893.33'}, {'name': 'LTP', 'value': '2,302.40'}]}",OHLC_M_I_ADRBULLCO,Bullish Crossovers (Monthly),Bullish Crossovers (Monthly),15,Indicator Scans,Bullish Crossovers (Monthly),,,False,1,N,,OHLC_M_I_ADRBULLCO
1779794117,"{'stkname': 'IOL Chemicals', 'ltp': '', 'perChg': '', 'stkId': 'TAC01', 'displayLock': 'N', 'scanproflg': 1, 'scUrl': 'pharmaceuticals/iolchemicalspharmaceuticals/IOL01', 'columns': [{'name': 'change %', 'value': '10.32'}, {'name': 'Adaptive RSI Indicator value', 'value': '96.85'}, {'name': 'LTP', 'value': '136.80'}]}",OHLC_M_I_ADRBULLCO,Bullish Crossovers (Monthly),Bullish Crossovers (Monthly),15,Indicator Scans,Bullish Crossovers (Monthly),,,False,1,N,,OHLC_M_I_ADRBULLCO
1779794117,"{'stkname': 'Suven Life Sci', 'ltp': '', 'perChg': '', 'stkId': 'SP24', 'displayLock': 'N', 'scanproflg': 1, 'scUrl': 'pharmaceuticals/suvenlifesciences/SLS01', 'columns': [{'name': 'change %', 'value': '0.58'}, {'name': 'Adaptive RSI Indicator value', 'value': '203.18'}, {'name': 'LTP', 'value': '272.60'}]}",OHLC_M_I_ADRBULLCO,Bullish Crossovers (Monthly),Bullish Crossovers (Monthly),15,Indicator Scans,Bullish Crossovers (Monthly),,,False,1,N,,OHLC_M_I_ADRBULLCO
1779794117,"{'stkname': 'Wockhardt', 'ltp': '', 'perChg': '', 'stkId': 'W05', 'displayLock': 'N', 'scanproflg': 1, 'scUrl': 'pharmaceuticals/wockhardt/W05', 'columns': [{'name': 'change %', 'value': '4.73'}, {'name': 'Adaptive RSI Indicator value', 'value': '1,446.90'}, {'name': 'LTP', 'value': '1,715.10'}]}",OHLC_M_I_ADRBULLCO,Bullish Crossovers (Monthly),Bullish Crossovers (Monthly),15,Indicator Scans,Bullish Crossovers (Monthly),,,False,1,N,,OHLC_M_I_ADRBULLCO
1779794117,"{'stkname': 'Jaiprakash Pow', 'ltp': '', 'perChg': '', 'stkId': 'JHP01', 'displayLock': 'N', 'scanproflg': 1, 'scUrl': 'power-generationdistribution/jaiprakashpowerventures/JHP01', 'columns': [{'name': 'change %', 'value': '1.54'}, {'name': 'Adaptive RSI Indicator value', 'value': '17.67'}, {'name': 'LTP', 'value': '19.17'}]}",OHLC_M_I_ADRBULLCO,Bullish Crossovers (Monthly),Bullish Crossovers (Monthly),15,Indicator Scans,Bullish Crossovers (Monthly),,,False,1,N,,OHLC_M_I_ADRBULLCO
1779794117,"{'stkname': 'Supriya Lifesci', 'ltp': '', 'perChg': '', 'stkId': 'SL19', 'displayLock': 'N', 'scanproflg': 1, 'scUrl': 'pharmaceuticalsdrugs/supriyalifescience/SL20', 'columns': [{'name': 'change %', 'value': '1.81'}, {'name': 'Adaptive RSI Indicator value', 'value': '704.04'}, {'name': 'LTP', 'value': '780.00'}]}",OHLC_M_I_ADRBULLCO,Bullish Crossovers (Monthly),Bullish Crossovers (Monthly),15,Indicator Scans,Bullish Crossovers (Monthly),,,False,1,N,,OHLC_M_I_ADRBULLCO
1779794117,"{'stkname': 'Alivus Life', 'ltp': '', 'perChg': '', 'stkId': 'GLS01', 'displayLock': 'N', 'scanproflg': 1, 'scUrl': 'pharmaceuticalsdrugs/alivuslifesciences/GLS01', 'columns': [{'name': 'change %', 'value': '3.71'}, {'name': 'Adaptive RSI Indicator value', 'value': '998.14'}, {'name': 'LTP', 'value': '1,088.60'}]}",OHLC_M_I_ADRBULLCO,Bullish Crossovers (Monthly),Bullish Crossovers (Monthly),15,Indicator Scans,Bullish Crossovers (Monthly),,,False,1,N,,OHLC_M_I_ADRBULLCO
1779794117,"{'stkname': 'Natco Pharma', 'ltp': '', 'perChg': '', 'stkId': 'NP01', 'displayLock': 'N', 'scanproflg': 1, 'scUrl': 'pharmaceuticals/natcopharma/NP07', 'columns': [{'name': 'change %', 'value': '1.45'}, {'name': 'Adaptive RSI Indicator value', 'value': '1,031.84'}, {'name': 'LTP', 'value': '1,190.00'}]}",OHLC_M_I_ADRBULLCO,Bullish Crossovers (Monthly),Bullish Crossovers (Monthly),15,Indicator Scans,Bullish Crossovers (Monthly),,,False,1,N,,OHLC_M_I_ADRBULLCO
1779794117,"{'stkname': 'Shyam Metalics', 'ltp': '', 'perChg': '', 'stkId': 'SME05', 'displayLock': 'N', 'scanproflg': 1, 'scUrl': 'ironsteel/shyammetalicsenergy/SME05', 'columns': [{'name': 'change %', 'value': '1.97'}, {'name': 'Adaptive RSI Indicator value', 'value': '879.29'}, {'name': 'LTP', 'value': '981.00'}]}",OHLC_M_I_ADRBULLCO,Bullish Crossovers (Monthly),Bullish Crossovers (Monthly),15,Indicator Scans,Bullish Crossovers (Monthly),,,False,1,N,,OHLC_M_I_ADRBULLCO
1779794117,"{'stkname': 'Bharat Wire Rop', 'ltp': '', 'perChg': '', 'stkId': 'BWR01', 'displayLock': 'N', 'scanproflg': 1, 'scUrl': 'steel-mediumsmall/bharatwireropes/BWR01', 'columns': [{'name': 'change %', 'value': '1.49'}, {'name': 'Adaptive RSI Indicator value', 'value': '201.19'}, {'name': 'LTP', 'value': '225.00'}]}",OHLC_M_I_ADRBULLCO,Bullish Crossovers (Monthly),Bullish Crossovers (Monthly),15,Indicator Scans,Bullish Crossovers (Monthly),,,False,1,N,,OHLC_M_I_ADRBULLCO
1779794117,"{'stkname': 'Shivalik Bimeta', 'ltp': '', 'perChg': '', 'stkId': 'SBC', 'displayLock': 'N', 'scanproflg': 1, 'scUrl': 'steel-mediumsmall/shivalikbimetalcontrols/SBC01', 'columns': [{'name': 'change %', 'value': '7.28'}, {'name': 'Adaptive RSI Indicator value', 'value': '550.68'}, {'name': 'LTP', 'value': '748.55'}]}",OHLC_M_I_ADRBULLCO,Bullish Crossovers (Monthly),Bullish Crossovers (Monthly),15,Indicator Scans,Bullish Crossovers (Monthly),,,False,1,N,,OHLC_M_I_ADRBULLCO
1779794117,"{'stkname': 'MSP Steel', 'ltp': '', 'perChg': '', 'stkId': 'MSP', 'displayLock': 'N', 'scanproflg': 1, 'scUrl': 'steel-sponge-iron/mspsteelpower/MSP', 'columns': [{'name': 'change %', 'value': '0.58'}, {'name': 'Adaptive RSI Indicator value', 'value': '35.12'}, {'name': 'LTP', 'value': '42.99'}]}",OHLC_M_I_ADRBULLCO,Bullish Crossovers (Monthly),Bullish Crossovers (Monthly),15,Indicator Scans,Bullish Crossovers (Monthly),,,False,1,N,,OHLC_M_I_ADRBULLCO
1779794117,"{'stkname': 'Sunflag Iron', 'ltp': '', 'perChg': '', 'stkId': 'SIS05', 'displayLock': 'N', 'scanproflg': 1, 'scUrl': 'steel-rolling/sunflagironsteelcompany/SIS05', 'columns': [{'name': 'change %', 'value': '1.42'}, {'name': 'Adaptive RSI Indicator value', 'value': '288.14'}, {'name': 'LTP', 'value': '393.95'}]}",OHLC_M_I_ADRBULLCO,Bullish Crossovers (Monthly),Bullish Crossovers (Monthly),15,Indicator Scans,Bullish Crossovers (Monthly),,,False,1,N,,OHLC_M_I_ADRBULLCO
1779794117,"{'stkname': 'Dynacons Sys', 'ltp': '', 'perChg': '', 'stkId': 'DSS01', 'displayLock': 'N', 'scanproflg': 1, 'scUrl': 'computers-software-mediumsmall/dynaconssystemssolutions/DSS01', 'columns': [{'name': 'change %', 'value': '-9.16'}, {'name': 'Adaptive RSI Indicator value', 'value': '1,177.49'}, {'name': 'LTP', 'value': '1,721.50'}]}",OHLC_M_I_ADRBULLCO,Bullish Crossovers (Monthly),Bullish Crossovers (Monthly),15,Indicator Scans,Bullish Crossovers (Monthly),,,False,1,N,,OHLC_M_I_ADRBULLCO
1779794117,"{'stkname': 'Sasken Tech', 'ltp': '', 'perChg': '', 'stkId': 'SCT01', 'displayLock': 'N', 'scanproflg': 1, 'scUrl': 'computers-software/saskentechnologies/SCT01', 'columns': [{'name': 'change %', 'value': '3.96'}, {'name': 'Adaptive RSI Indicator value', 'value': '1,543.87'}, {'name': 'LTP', 'value': '2,000.70'}]}",OHLC_M_I_ADRBULLCO,Bullish Crossovers (Monthly),Bullish Crossovers (Monthly),15,Indicator Scans,Bullish Crossovers (Monthly),,,False,1,N,,OHLC_M_I_ADRBULLCO
1779794117,"{'stkname': 'One Point One', 'ltp': '', 'perChg': '', 'stkId': 'OPO', 'displayLock': 'N', 'scanproflg': 1, 'scUrl': 'bpoites/onepointonesolutions/OPO', 'columns': [{'name': 'change %', 'value': '3.72'}, {'name': 'Adaptive RSI Indicator value', 'value': '53.64'}, {'name': 'LTP', 'value': '63.49'}]}",OHLC_M_I_ADRBULLCO,Bullish Crossovers (Monthly),Bullish Crossovers (Monthly),15,Indicator Scans,Bullish Crossovers (Monthly),,,False,1,N,,OHLC_M_I_ADRBULLCO
1779794117,"{'stkname': 'Softtech Engine', 'ltp': '', 'perChg': '', 'stkId': 'SE26', 'displayLock': 'N', 'scanproflg': 1, 'scUrl': 'computers-software/softtechengineers/SE24', 'columns': [{'name': 'change %', 'value': '4.19'}, {'name': 'Adaptive RSI Indicator value', 'value': '364.30'}, {'name': 'LTP', 'value': '430.50'}]}",OHLC_M_I_ADRBULLCO,Bullish Crossovers (Monthly),Bullish Crossovers (Monthly),15,Indicator Scans,Bullish Crossovers (Monthly),,,False,1,N,,OHLC_M_I_ADRBULLCO
1779794117,"{'stkname': 'Metropolis', 'ltp': '', 'perChg': '', 'stkId': 'MH09', 'displayLock': 'N', 'scanproflg': 1, 'scUrl': 'hospitalsmedical-services/metropolishealthcare/MH06', 'columns': [{'name': 'change %', 'value': '3.31'}, {'name': 'Adaptive RSI Indicator value', 'value': '488.00'}, {'name': 'LTP', 'value': '541.85'}]}",OHLC_M_I_ADRBULLCO,Bullish Crossovers (Monthly),Bullish Crossovers (Monthly),15,Indicator Scans,Bullish Crossovers (Monthly),,,False,1,N,,OHLC_M_I_ADRBULLCO
1779794117,"{'stkname': 'Krishna Inst.', 'ltp': '', 'perChg': '', 'stkId': 'KIO01', 'displayLock': 'N', 'scanproflg': 1, 'scUrl': 'hospitalhealthcare-services/krishnainstitutemedicalsciences/KIo01', 'columns': [{'name': 'change %', 'value': '1.54'}, {'name': 'Adaptive RSI Indicator value', 'value': '691.14'}, {'name': 'LTP', 'value': '768.45'}]}",OHLC_M_I_ADRBULLCO,Bullish Crossovers (Monthly),Bullish Crossovers (Monthly),15,Indicator Scans,Bullish Crossovers (Monthly),,,False,1,N,,OHLC_M_I_ADRBULLCO
1779794117,"{'stkname': 'ADF Foods', 'ltp': '', 'perChg': '', 'stkId': 'ADF01', 'displayLock': 'N', 'scanproflg': 1, 'scUrl': 'food-processing/adffoodsindustries/AF30', 'columns': [{'name': 'change %', 'value': '-0.38'}, {'name': 'Adaptive RSI Indicator value', 'value': '236.29'}, {'name': 'LTP', 'value': '276.40'}]}",OHLC_M_I_ADRBULLCO,Bullish Crossovers (Monthly),Bullish Crossovers (Monthly),15,Indicator Scans,Bullish Crossovers (Monthly),,,False,1,N,,OHLC_M_I_ADRBULLCO
1779794117,"{'stkname': 'IIFL Capital ', 'ltp': '', 'perChg': '', 'stkId': 'IIFLS54277', 'displayLock': 'N', 'scanproflg': 1, 'scUrl': 'finance-investment/iiflcapitalservices/IIFLS54277', 'columns': [{'name': 'change %', 'value': '-0.30'}, {'name': 'Adaptive RSI Indicator value', 'value': '313.83'}, {'name': 'LTP', 'value': '344.50'}]}",OHLC_M_I_ADRBULLCO,Bullish Crossovers (Monthly),Bullish Crossovers (Monthly),15,Indicator Scans,Bullish Crossovers (Monthly),,,False,1,N,,OHLC_M_I_ADRBULLCO
1779794117,"{'stkname': 'Sindhu Trade', 'ltp': '', 'perChg': '', 'stkId': 'BCF03', 'displayLock': 'N', 'scanproflg': 1, 'scUrl': 'finance-investments/sindhutradelinks/BCF03', 'columns': [{'name': 'change %', 'value': '0.07'}, {'name': 'Adaptive RSI Indicator value', 'value': '23.41'}, {'name': 'LTP', 'value': '26.83'}]}",OHLC_M_I_ADRBULLCO,Bullish Crossovers (Monthly),Bullish Crossovers (Monthly),15,Indicator Scans,Bullish Crossovers (Monthly),,,False,1,N,,OHLC_M_I_ADRBULLCO
1779794117,"{'stkname': 'IFCI', 'ltp': '', 'perChg': '', 'stkId': 'IFC', 'displayLock': 'N', 'scanproflg': 1, 'scUrl': 'finance-term-lending-institutions/ifci/IFC02', 'columns': [{'name': 'change %', 'value': '4.29'}, {'name': 'Adaptive RSI Indicator value', 'value': '57.24'}, {'name': 'LTP', 'value': '64.40'}]}",OHLC_M_I_ADRBULLCO,Bullish Crossovers (Monthly),Bullish Crossovers (Monthly),15,Indicator Scans,Bullish Crossovers (Monthly),,,False,1,N,,OHLC_M_I_ADRBULLCO
1779794117,"{'stkname': 'Satin Credit', 'ltp': '', 'perChg': '', 'stkId': 'SCN', 'displayLock': 'N', 'scanproflg': 1, 'scUrl': 'finance-term-lending/satincreditcarenetwork/SCN', 'columns': [{'name': 'change %', 'value': '3.58'}, {'name': 'Adaptive RSI Indicator value', 'value': '174.69'}, {'name': 'LTP', 'value': '224.00'}]}",OHLC_M_I_ADRBULLCO,Bullish Crossovers (Monthly),Bullish Crossovers (Monthly),15,Indicator Scans,Bullish Crossovers (Monthly),,,False,1,N,,OHLC_M_I_ADRBULLCO
1779794117,"{'stkname': 'Paisalo Digital', 'ltp': '', 'perChg': '', 'stkId': 'SEI03', 'displayLock': 'N', 'scanproflg': 1, 'scUrl': 'finance-investments/paisalodigitalltd/SEI03', 'columns': [{'name': 'change %', 'value': '-1.74'}, {'name': 'Adaptive RSI Indicator value', 'value': '42.47'}, {'name': 'LTP', 'value': '49.00'}]}",OHLC_M_I_ADRBULLCO,Bullish Crossovers (Monthly),Bullish Crossovers (Monthly),15,Indicator Scans,Bullish Crossovers (Monthly),,,False,1,N,,OHLC_M_I_ADRBULLCO
1779794117,"{'stkname': 'PNB Housing Fin', 'ltp': '', 'perChg': '', 'stkId': 'PHF', 'displayLock': 'N', 'scanproflg': 1, 'scUrl': 'finance-housing/pnbhousingfinance/PHF', 'columns': [{'name': 'change %', 'value': '1.04'}, {'name': 'Adaptive RSI Indicator value', 'value': '948.77'}, {'name': 'LTP', 'value': '1,096.90'}]}",OHLC_M_I_ADRBULLCO,Bullish Crossovers (Monthly),Bullish Crossovers (Monthly),15,Indicator Scans,Bullish Crossovers (Monthly),,,False,1,N,,OHLC_M_I_ADRBULLCO
1779794117,"{'stkname': 'Walchandnagar', 'ltp': '', 'perChg': '', 'stkId': 'WI01', 'displayLock': 'N', 'scanproflg': 1, 'scUrl': 'engineering-heavy/walchandnagarindustries/WI01', 'columns': [{'name': 'change %', 'value': '8.57'}, {'name': 'Adaptive RSI Indicator value', 'value': '212.53'}, {'name': 'LTP', 'value': '266.00'}]}",OHLC_M_I_ADRBULLCO,Bullish Crossovers (Monthly),Bullish Crossovers (Monthly),15,Indicator Scans,Bullish Crossovers (Monthly),,,False,1,N,,OHLC_M_I_ADRBULLCO
1779794117,"{'stkname': 'ICE Make Refrig', 'ltp': '', 'perChg': '', 'stkId': 'IMR', 'displayLock': 'N', 'scanproflg': 1, 'scUrl': 'miscellaneous/icemakerefrigeration/IMR', 'columns': [{'name': 'change %', 'value': '8.44'}, {'name': 'Adaptive RSI Indicator value', 'value': '789.71'}, {'name': 'LTP', 'value': '885.00'}]}",OHLC_M_I_ADRBULLCO,Bullish Crossovers (Monthly),Bullish Crossovers (Monthly),15,Indicator Scans,Bullish Crossovers (Monthly),,,False,1,N,,OHLC_M_I_ADRBULLCO
1779794117,"{'stkname': 'Ideaforge Tech', 'ltp': '', 'perChg': '', 'stkId': 'IT07', 'displayLock': 'N', 'scanproflg': 1, 'scUrl': 'engineering-industrial-equipments/ideaforgetechnology/IT07', 'columns': [{'name': 'change %', 'value': '5.00'}, {'name': 'Adaptive RSI Indicator value', 'value': '612.13'}, {'name': 'LTP', 'value': '855.40'}]}",OHLC_M_I_ADRBULLCO,Bullish Crossovers (Monthly),Bullish Crossovers (Monthly),15,Indicator Scans,Bullish Crossovers (Monthly),,,False,1,N,,OHLC_M_I_ADRBULLCO
1779794117,"{'stkname': 'Triveni Turbine', 'ltp': '', 'perChg': '', 'stkId': 'TT12', 'displayLock': 'N', 'scanproflg': 1, 'scUrl': 'electric-equipment/triveniturbine/TT14', 'columns': [{'name': 'change %', 'value': '-0.40'}, {'name': 'Adaptive RSI Indicator value', 'value': '575.60'}, {'name': 'LTP', 'value': '690.00'}]}",OHLC_M_I_ADRBULLCO,Bullish Crossovers (Monthly),Bullish Crossovers (Monthly),15,Indicator Scans,Bullish Crossovers (Monthly),,,False,1,N,,OHLC_M_I_ADRBULLCO
1779794117,"{'stkname': 'Cemindia Proj', 'ltp': '', 'perChg': '', 'stkId': 'THC', 'displayLock': 'N', 'scanproflg': 1, 'scUrl': 'constructioncontracting-civil/cemindiaprojects/ITD03', 'columns': [{'name': 'change %', 'value': '7.40'}, {'name': 'Adaptive RSI Indicator value', 'value': '771.25'}, {'name': 'LTP', 'value': '945.05'}]}",OHLC_M_I_ADRBULLCO,Bullish Crossovers (Monthly),Bullish Crossovers (Monthly),15,Indicator Scans,Bullish Crossovers (Monthly),,,False,1,N,,OHLC_M_I_ADRBULLCO
1779794117,"{'stkname': 'Goldiam Inter', 'ltp': '', 'perChg': '', 'stkId': 'GI10', 'displayLock': 'N', 'scanproflg': 1, 'scUrl': 'diamond-cuttingjewelleryprecious-metals/goldiaminternational/GI10', 'columns': [{'name': 'change %', 'value': '-0.23'}, {'name': 'Adaptive RSI Indicator value', 'value': '363.52'}, {'name': 'LTP', 'value': '407.00'}]}",OHLC_M_I_ADRBULLCO,Bullish Crossovers (Monthly),Bullish Crossovers (Monthly),15,Indicator Scans,Bullish Crossovers (Monthly),,,False,1,N,,OHLC_M_I_ADRBULLCO
1779794117,"{'stkname': 'Mishra Dhatu', 'ltp': '', 'perChg': '', 'stkId': 'MDN', 'displayLock': 'N', 'scanproflg': 1, 'scUrl': 'ironsteel/mishradhatunigam/MDN', 'columns': [{'name': 'change %', 'value': '-0.46'}, {'name': 'Adaptive RSI Indicator value', 'value': '371.31'}, {'name': 'LTP', 'value': '414.70'}]}",OHLC_M_I_ADRBULLCO,Bullish Crossovers (Monthly),Bullish Crossovers (Monthly),15,Indicator Scans,Bullish Crossovers (Monthly),,,False,1,N,,OHLC_M_I_ADRBULLCO
1779794117,"{'stkname': 'Lloyds Engineer', 'ltp': '', 'perChg': '', 'stkId': 'LSI01', 'displayLock': 'N', 'scanproflg': 1, 'scUrl': 'steel-mediumsmall/lloydsengineeringworks/LSI02', 'columns': [{'name': 'change %', 'value': '3.52'}, {'name': 'Adaptive RSI Indicator value', 'value': '60.15'}, {'name': 'LTP', 'value': '77.26'}]}",OHLC_M_I_ADRBULLCO,Bullish Crossovers (Monthly),Bullish Crossovers (Monthly),15,Indicator Scans,Bullish Crossovers (Monthly),,,False,1,N,,OHLC_M_I_ADRBULLCO
1779794117,"{'stkname': 'Marine Electric', 'ltp': '', 'perChg': '', 'stkId': 'ME21', 'displayLock': 'N', 'scanproflg': 1, 'scUrl': 'electronics-components/marineelectricalsindia/ME21', 'columns': [{'name': 'change %', 'value': '3.56'}, {'name': 'Adaptive RSI Indicator value', 'value': '212.75'}, {'name': 'LTP', 'value': '246.49'}]}",OHLC_M_I_ADRBULLCO,Bullish Crossovers (Monthly),Bullish Crossovers (Monthly),15,Indicator Scans,Bullish Crossovers (Monthly),,,False,1,N,,OHLC_M_I_ADRBULLCO
1779794117,"{'stkname': 'Macpower', 'ltp': '', 'perChg': '', 'stkId': 'MCM03', 'displayLock': 'N', 'scanproflg': 1, 'scUrl': 'machine-tools/macpowercncmachines/MCM03', 'columns': [{'name': 'change %', 'value': '-2.72'}, {'name': 'Adaptive RSI Indicator value', 'value': '1,021.60'}, {'name': 'LTP', 'value': '1,152.00'}]}",OHLC_M_I_ADRBULLCO,Bullish Crossovers (Monthly),Bullish Crossovers (Monthly),15,Indicator Scans,Bullish Crossovers (Monthly),,,False,1,N,,OHLC_M_I_ADRBULLCO
1779794117,"{'stkname': 'Premier Explo', 'ltp': '', 'perChg': '', 'stkId': 'PE02', 'displayLock': 'N', 'scanproflg': 1, 'scUrl': 'chemicals/premierexplosives/PE02', 'columns': [{'name': 'change %', 'value': '0.76'}, {'name': 'Adaptive RSI Indicator value', 'value': '559.48'}, {'name': 'LTP', 'value': '720.00'}]}",OHLC_M_I_ADRBULLCO,Bullish Crossovers (Monthly),Bullish Crossovers (Monthly),15,Indicator Scans,Bullish Crossovers (Monthly),,,False,1,N,,OHLC_M_I_ADRBULLCO
1779794117,"{'stkname': 'Fineotex Chem', 'ltp': '', 'perChg': '', 'stkId': 'FC06', 'displayLock': 'N', 'scanproflg': 1, 'scUrl': 'speciality-chemicals/fineotexchemical/FC02', 'columns': [{'name': 'change %', 'value': '0.41'}, {'name': 'Adaptive RSI Indicator value', 'value': '28.87'}, {'name': 'LTP', 'value': '39.19'}]}",OHLC_M_I_ADRBULLCO,Bullish Crossovers (Monthly),Bullish Crossovers (Monthly),15,Indicator Scans,Bullish Crossovers (Monthly),,,False,1,N,,OHLC_M_I_ADRBULLCO
1779794117,"{'stkname': 'Menon Bearings', 'ltp': '', 'perChg': '', 'stkId': 'MB01', 'displayLock': 'N', 'scanproflg': 1, 'scUrl': 'bearings/menonbearings/MB01', 'columns': [{'name': 'change %', 'value': '-0.61'}, {'name': 'Adaptive RSI Indicator value', 'value': '123.85'}, {'name': 'LTP', 'value': '148.80'}]}",OHLC_M_I_ADRBULLCO,Bullish Crossovers (Monthly),Bullish Crossovers (Monthly),15,Indicator Scans,Bullish Crossovers (Monthly),,,False,1,N,,OHLC_M_I_ADRBULLCO
1779794117,"{'stkname': 'Apcotex Ind', 'ltp': '', 'perChg': '', 'stkId': 'AL05', 'displayLock': 'N', 'scanproflg': 1, 'scUrl': 'rubber/apcotexindustries/AI58', 'columns': [{'name': 'change %', 'value': '-1.18'}, {'name': 'Adaptive RSI Indicator value', 'value': '405.07'}, {'name': 'LTP', 'value': '489.05'}]}",OHLC_M_I_ADRBULLCO,Bullish Crossovers (Monthly),Bullish Crossovers (Monthly),15,Indicator Scans,Bullish Crossovers (Monthly),,,False,1,N,,OHLC_M_I_ADRBULLCO
1779794117,"{'stkname': 'NRB Bearings', 'ltp': '', 'perChg': '', 'stkId': 'NRB', 'displayLock': 'N', 'scanproflg': 1, 'scUrl': 'bearings/nrbbearings/NRB', 'columns': [{'name': 'change %', 'value': '-0.43'}, {'name': 'Adaptive RSI Indicator value', 'value': '294.43'}, {'name': 'LTP', 'value': '384.50'}]}",OHLC_M_I_ADRBULLCO,Bullish Crossovers (Monthly),Bullish Crossovers (Monthly),15,Indicator Scans,Bullish Crossovers (Monthly),,,False,1,N,,OHLC_M_I_ADRBULLCO
1779794117,"{'stkname': 'Atul', 'ltp': '', 'perChg': '', 'stkId': 'A06', 'displayLock': 'N', 'scanproflg': 1, 'scUrl': 'chemicals/atul/A06', 'columns': [{'name': 'change %', 'value': '0.16'}, {'name': 'Adaptive RSI Indicator value', 'value': '6,636.85'}, {'name': 'LTP', 'value': '7,050.50'}]}",OHLC_M_I_ADRBULLCO,Bullish Crossovers (Monthly),Bullish Crossovers (Monthly),15,Indicator Scans,Bullish Crossovers (Monthly),,,False,1,N,,OHLC_M_I_ADRBULLCO
1779794117,"{'stkname': 'Suryoday Small', 'ltp': '', 'perChg': '', 'stkId': 'SSF08', 'displayLock': 'N', 'scanproflg': 1, 'scUrl': 'bank-private/suryodaysmallfinancebank/SSF08', 'columns': [{'name': 'change %', 'value': '-0.01'}, {'name': 'Adaptive RSI Indicator value', 'value': '144.52'}, {'name': 'LTP', 'value': '161.50'}]}",OHLC_M_I_ADRBULLCO,Bullish Crossovers (Monthly),Bullish Crossovers (Monthly),15,Indicator Scans,Bullish Crossovers (Monthly),,,False,1,N,,OHLC_M_I_ADRBULLCO
1779794117,"{'stkname': 'Cords Cable Ind', 'ltp': '', 'perChg': '', 'stkId': 'CCI07', 'displayLock': 'N', 'scanproflg': 1, 'scUrl': 'cables-powerothers/cordscableindustries/CCI07', 'columns': [{'name': 'change %', 'value': '-3.44'}, {'name': 'Adaptive RSI Indicator value', 'value': '188.41'}, {'name': 'LTP', 'value': '227.50'}]}",OHLC_M_I_ADRBULLCO,Bullish Crossovers (Monthly),Bullish Crossovers (Monthly),15,Indicator Scans,Bullish Crossovers (Monthly),,,False,1,N,,OHLC_M_I_ADRBULLCO
1779794117,"{'stkname': 'Dhanlaxmi Bank', 'ltp': '', 'perChg': '', 'stkId': 'DB01', 'displayLock': 'N', 'scanproflg': 1, 'scUrl': 'banks-private-sector/dhanlaxmibank/DB01', 'columns': [{'name': 'change %', 'value': '-1.22'}, {'name': 'Adaptive RSI Indicator value', 'value': '27.97'}, {'name': 'LTP', 'value': '33.09'}]}",OHLC_M_I_ADRBULLCO,Bullish Crossovers (Monthly),Bullish Crossovers (Monthly),15,Indicator Scans,Bullish Crossovers (Monthly),,,False,1,N,,OHLC_M_I_ADRBULLCO
1779794117,"{'stkname': 'Bandhan Bank', 'ltp': '', 'perChg': '', 'stkId': 'BB09', 'displayLock': 'N', 'scanproflg': 1, 'scUrl': 'banks-private-sector/bandhanbank/BB09', 'columns': [{'name': 'change %', 'value': '2.17'}, {'name': 'Adaptive RSI Indicator value', 'value': '179.23'}, {'name': 'LTP', 'value': '201.25'}]}",OHLC_M_I_ADRBULLCO,Bullish Crossovers (Monthly),Bullish Crossovers (Monthly),15,Indicator Scans,Bullish Crossovers (Monthly),,,False,1,N,,OHLC_M_I_ADRBULLCO
1779794117,"{'stkname': 'Jindal PolyFilm', 'ltp': '', 'perChg': '', 'stkId': 'JP09', 'displayLock': 'N', 'scanproflg': 1, 'scUrl': 'packaging/jindalpolyfilms/JPF01', 'columns': [{'name': 'change %', 'value': '-2.34'}, {'name': 'Adaptive RSI Indicator value', 'value': '658.64'}, {'name': 'LTP', 'value': '690.10'}]}",OHLC_M_I_ADRBULLCO,Bullish Crossovers (Monthly),Bullish Crossovers (Monthly),15,Indicator Scans,Bullish Crossovers (Monthly),,,False,1,N,,OHLC_M_I_ADRBULLCO
1779794117,"{'stkname': 'E2E Networks', 'ltp': '', 'perChg': '', 'stkId': 'EN', 'displayLock': 'N', 'scanproflg': 1, 'scUrl': 'it-servicesconsulting/e2enetworks/EN', 'columns': [{'name': 'change %', 'value': '5.00'}, {'name': 'Adaptive RSI Indicator value', 'value': '2,845.59'}, {'name': 'LTP', 'value': '3,886.80'}]}",OHLC_M_I_ADRBULLCO,Bullish Crossovers (Monthly),Bullish Crossovers (Monthly),15,Indicator Scans,Bullish Crossovers (Monthly),,,False,1,N,,OHLC_M_I_ADRBULLCO
1779794117,"{'stkname': 'Thermax', 'ltp': '', 'perChg': '', 'stkId': 'T', 'displayLock': 'N', 'scanproflg': 1, 'scUrl': 'infrastructure-general/thermax/T', 'columns': [{'name': 'change %', 'value': '-0.11'}, {'name': 'Adaptive RSI Indicator value', 'value': '3,714.26'}, {'name': 'LTP', 'value': '4,431.00'}]}",OHLC_M_I_ADRBULLCO,Bullish Crossovers (Monthly),Bullish Crossovers (Monthly),15,Indicator Scans,Bullish Crossovers (Monthly),,,False,1,N,,OHLC_M_I_ADRBULLCO
1779794117,"{'stkname': 'Power Finance', 'ltp': '', 'perChg': '', 'stkId': 'PFC02', 'displayLock': 'N', 'scanproflg': 1, 'scUrl': 'finance-term-lending-institutions/powerfinancecorporation/PFC02', 'columns': [{'name': 'change %', 'value': '-1.16'}, {'name': 'Adaptive RSI Indicator value', 'value': '412.96'}, {'name': 'LTP', 'value': '433.80'}]}",OHLC_M_I_ADRBULLCO,Bullish Crossovers (Monthly),Bullish Crossovers (Monthly),15,Indicator Scans,Bullish Crossovers (Monthly),,,False,1,N,,OHLC_M_I_ADRBULLCO
1779794117,"{'stkname': 'Rategain Travel', 'ltp': '', 'perChg': '', 'stkId': 'RTT', 'displayLock': 'N', 'scanproflg': 1, 'scUrl': 'software/rategaintraveltechnologies/RTT', 'columns': [{'name': 'change %', 'value': '0.56'}, {'name': 'Adaptive RSI Indicator value', 'value': '627.21'}, {'name': 'LTP', 'value': '729.90'}]}",OHLC_M_I_ADRBULLCO,Bullish Crossovers (Monthly),Bullish Crossovers (Monthly),15,Indicator Scans,Bullish Crossovers (Monthly),,,False,1,N,,OHLC_M_I_ADRBULLCO
1779794117,"{'stkname': 'Yes Bank', 'ltp': '', 'perChg': '', 'stkId': 'YB', 'displayLock': 'N', 'scanproflg': 1, 'scUrl': 'banks-private-sector/yesbank/YB', 'columns': [{'name': 'change %', 'value': '2.29'}, {'name': 'Adaptive RSI Indicator value', 'value': '21.01'}, {'name': 'LTP', 'value': '22.80'}]}",OHLC_M_I_ADRBULLCO,Bullish Crossovers (Monthly),Bullish Crossovers (Monthly),15,Indicator Scans,Bullish Crossovers (Monthly),,,False,1,N,,OHLC_M_I_ADRBULLCO
1779794117,"{'stkname': 'Tata Comm', 'ltp': '', 'perChg': '', 'stkId': 'VSN', 'displayLock': 'N', 'scanproflg': 1, 'scUrl': 'telecommunications-service/tatacommunications/TC17', 'columns': [{'name': 'change %', 'value': '3.36'}, {'name': 'Adaptive RSI Indicator value', 'value': '1,723.60'}, {'name': 'LTP', 'value': '2,001.00'}]}",OHLC_M_I_ADRBULLCO,Bullish Crossovers (Monthly),Bullish Crossovers (Monthly),15,Indicator Scans,Bullish Crossovers (Monthly),,,False,1,N,,OHLC_M_I_ADRBULLCO
1779794117,"{'stkname': 'Shilpa', 'ltp': '', 'perChg': '', 'stkId': 'SA04', 'displayLock': 'N', 'scanproflg': 1, 'scUrl': 'pharmaceuticals/shilpamedicare/SM19', 'columns': [{'name': 'change %', 'value': '-1.20'}, {'name': 'Adaptive RSI Indicator value', 'value': '399.81'}, {'name': 'LTP', 'value': '506.00'}]}",OHLC_M_I_ADRBULLCO,Bullish Crossovers (Monthly),Bullish Crossovers (Monthly),15,Indicator Scans,Bullish Crossovers (Monthly),,,False,1,N,,OHLC_M_I_ADRBULLCO
1779794117,"{'stkname': 'Zydus Life', 'ltp': '', 'perChg': '', 'stkId': 'CHC', 'displayLock': 'N', 'scanproflg': 1, 'scUrl': 'pharmaceuticalsdrugs/zyduslifesciences/CHC', 'columns': [{'name': 'change %', 'value': '0.38'}, {'name': 'Adaptive RSI Indicator value', 'value': '960.13'}, {'name': 'LTP', 'value': '1,077.00'}]}",OHLC_M_I_ADRBULLCO,Bullish Crossovers (Monthly),Bullish Crossovers (Monthly),15,Indicator Scans,Bullish Crossovers (Monthly),,,False,1,N,,OHLC_M_I_ADRBULLCO
1779794117,"{'stkname': '360 ONE WAM', 'ltp': '', 'perChg': '', 'stkId': 'IIFLW54277', 'displayLock': 'N', 'scanproflg': 1, 'scUrl': 'finance-others/360onewam/IIFLW54277', 'columns': [{'name': 'change %', 'value': '-1.21'}, {'name': 'Adaptive RSI Indicator value', 'value': '1,087.90'}, {'name': 'LTP', 'value': '1,128.60'}]}",OHLC_M_I_ADRBULLCO,Bullish Crossovers (Monthly),Bullish Crossovers (Monthly),15,Indicator Scans,Bullish Crossovers (Monthly),,,False,1,N,,OHLC_M_I_ADRBULLCO
1779794117,"{'stkname': 'Oracle Fin Serv', 'ltp': '', 'perChg': '', 'stkId': 'S11', 'displayLock': 'N', 'scanproflg': 1, 'scUrl': 'computers-software/oraclefinancialservicessoftware/OFS01', 'columns': [{'name': 'change %', 'value': '2.06'}, {'name': 'Adaptive RSI Indicator value', 'value': '8,535.04'}, {'name': 'LTP', 'value': '9,903.00'}]}",OHLC_M_I_ADRBULLCO,Bullish Crossovers (Monthly),Bullish Crossovers (Monthly),15,Indicator Scans,Bullish Crossovers (Monthly),,,False,1,N,,OHLC_M_I_ADRBULLCO
1779794117,"{'stkname': 'JSW Energy', 'ltp': '', 'perChg': '', 'stkId': 'JE02', 'displayLock': 'N', 'scanproflg': 1, 'scUrl': 'power-generationdistribution/jswenergy/JE01', 'columns': [{'name': 'change %', 'value': '3.75'}, {'name': 'Adaptive RSI Indicator value', 'value': '530.85'}, {'name': 'LTP', 'value': '577.95'}]}",OHLC_M_I_ADRBULLCO,Bullish Crossovers (Monthly),Bullish Crossovers (Monthly),15,Indicator Scans,Bullish Crossovers (Monthly),,,False,1,N,,OHLC_M_I_ADRBULLCO
1779794117,"{'stkname': 'MO Nifty Small', 'ltp': '', 'perChg': '', 'stkId': 'MON03', 'displayLock': 'N', 'scanproflg': 1, 'scUrl': 'etf/motilaloswalniftysmallcap250etf/MON03', 'columns': [{'name': 'change %', 'value': '0.76'}, {'name': 'Adaptive RSI Indicator value', 'value': '16.48'}, {'name': 'LTP', 'value': '17.19'}]}",OHLC_M_I_ADRBULLCO,Bullish Crossovers (Monthly),Bullish Crossovers (Monthly),15,Indicator Scans,Bullish Crossovers (Monthly),,,False,1,N,,OHLC_M_I_ADRBULLCO
