lastupdt,scannerDetails,scannerCode,scannerName,scannerDescription,catId,catName,scannerDesc,scannerVideo,did_u_know,refreshFlag,scanproflg,displayLock,scannerFormula,scanId
1786619717,"{'stkname': 'UltraTechCement', 'ltp': '', 'perChg': '', 'stkId': 'UTC', 'displayLock': 'N', 'scanproflg': 1, 'scUrl': 'cement-major/ultratechcement/UTC01', 'columns': [{'name': 'change %', 'value': '-1.56'}, {'name': 'Adaptive RSI Indicator value', 'value': '11,925.05'}, {'name': 'LTP', 'value': '11,706.00'}]}",OHLC_D_I_ADRBEARCO,Bearish Crossovers (Daily),"Adaptive RSI (14,9) indicator fell below its average line in the current session.",15,Indicator Scans,"Adaptive RSI (14,9) indicator fell below its average line in the current session. It’s a bearish event.",,,False,1,N,,OHLC_D_I_ADRBEARCO
1786619717,"{'stkname': 'Mirae NiftyFin', 'ltp': '', 'perChg': '', 'stkId': 'MAN01', 'displayLock': 'N', 'scanproflg': 1, 'scUrl': 'etf/miraeassetniftyfinancialservicesetf/MAN01', 'columns': [{'name': 'change %', 'value': '-0.47'}, {'name': 'Adaptive RSI Indicator value', 'value': '27.57'}, {'name': 'LTP', 'value': '27.35'}]}",OHLC_D_I_ADRBEARCO,Bearish Crossovers (Daily),"Adaptive RSI (14,9) indicator fell below its average line in the current session.",15,Indicator Scans,"Adaptive RSI (14,9) indicator fell below its average line in the current session. It’s a bearish event.",,,False,1,N,,OHLC_D_I_ADRBEARCO
1786619717,"{'stkname': 'Piccadily Agro', 'ltp': '', 'perChg': '', 'stkId': 'PAI03', 'displayLock': 'N', 'scanproflg': 1, 'scUrl': 'breweriesdistilleries/piccadilyagroindustries/PAI03', 'columns': [{'name': 'change %', 'value': '-4.17'}, {'name': 'Adaptive RSI Indicator value', 'value': '743.45'}, {'name': 'LTP', 'value': '663.50'}]}",OHLC_D_I_ADRBEARCO,Bearish Crossovers (Daily),"Adaptive RSI (14,9) indicator fell below its average line in the current session.",15,Indicator Scans,"Adaptive RSI (14,9) indicator fell below its average line in the current session. It’s a bearish event.",,,False,1,N,,OHLC_D_I_ADRBEARCO
1786619717,"{'stkname': 'Piramal Finance', 'ltp': '', 'perChg': '', 'stkId': 'PFL06', 'displayLock': 'N', 'scanproflg': 1, 'scUrl': 'finance-nbfc/piramalfinance/PFL06', 'columns': [{'name': 'change %', 'value': '-0.16'}, {'name': 'Adaptive RSI Indicator value', 'value': '2,096.22'}, {'name': 'LTP', 'value': '2,070.00'}]}",OHLC_D_I_ADRBEARCO,Bearish Crossovers (Daily),"Adaptive RSI (14,9) indicator fell below its average line in the current session.",15,Indicator Scans,"Adaptive RSI (14,9) indicator fell below its average line in the current session. It’s a bearish event.",,,False,1,N,,OHLC_D_I_ADRBEARCO
1786619717,"{'stkname': 'Rhetan TMT', 'ltp': '', 'perChg': '', 'stkId': 'RT11', 'displayLock': 'N', 'scanproflg': 1, 'scUrl': 'ironsteel/rhetantmt/RT11', 'columns': [{'name': 'change %', 'value': '-19.76'}, {'name': 'Adaptive RSI Indicator value', 'value': '30.90'}, {'name': 'LTP', 'value': '21.00'}]}",OHLC_D_I_ADRBEARCO,Bearish Crossovers (Daily),"Adaptive RSI (14,9) indicator fell below its average line in the current session.",15,Indicator Scans,"Adaptive RSI (14,9) indicator fell below its average line in the current session. It’s a bearish event.",,,False,1,N,,OHLC_D_I_ADRBEARCO
1786619717,"{'stkname': 'Sundrop Brands', 'ltp': '', 'perChg': '', 'stkId': 'ITC02', 'displayLock': 'N', 'scanproflg': 1, 'scUrl': 'edible-oilssolvent-extraction/sundropbrands/ATF', 'columns': [{'name': 'change %', 'value': '-0.99'}, {'name': 'Adaptive RSI Indicator value', 'value': '669.61'}, {'name': 'LTP', 'value': '663.20'}]}",OHLC_D_I_ADRBEARCO,Bearish Crossovers (Daily),"Adaptive RSI (14,9) indicator fell below its average line in the current session.",15,Indicator Scans,"Adaptive RSI (14,9) indicator fell below its average line in the current session. It’s a bearish event.",,,False,1,N,,OHLC_D_I_ADRBEARCO
1786619717,"{'stkname': 'Wonderla', 'ltp': '', 'perChg': '', 'stkId': 'WH03', 'displayLock': 'N', 'scanproflg': 1, 'scUrl': 'miscellaneous/wonderlaholidays/WH01', 'columns': [{'name': 'change %', 'value': '-0.21'}, {'name': 'Adaptive RSI Indicator value', 'value': '483.58'}, {'name': 'LTP', 'value': '469.05'}]}",OHLC_D_I_ADRBEARCO,Bearish Crossovers (Daily),"Adaptive RSI (14,9) indicator fell below its average line in the current session.",15,Indicator Scans,"Adaptive RSI (14,9) indicator fell below its average line in the current session. It’s a bearish event.",,,False,1,N,,OHLC_D_I_ADRBEARCO
1786619717,"{'stkname': 'LLOYDS ENTER', 'ltp': '', 'perChg': '', 'stkId': 'SGT', 'displayLock': 'N', 'scanproflg': 1, 'scUrl': 'finance-investments/lloydsenterprises/SGT', 'columns': [{'name': 'change %', 'value': '-2.22'}, {'name': 'Adaptive RSI Indicator value', 'value': '80.15'}, {'name': 'LTP', 'value': '76.16'}]}",OHLC_D_I_ADRBEARCO,Bearish Crossovers (Daily),"Adaptive RSI (14,9) indicator fell below its average line in the current session.",15,Indicator Scans,"Adaptive RSI (14,9) indicator fell below its average line in the current session. It’s a bearish event.",,,False,1,N,,OHLC_D_I_ADRBEARCO
1786619717,"{'stkname': 'Eureka Forbes', 'ltp': '', 'perChg': '', 'stkId': 'EF08', 'displayLock': 'N', 'scanproflg': 1, 'scUrl': 'householdpersonal-products/eurekaforbes/EF03', 'columns': [{'name': 'change %', 'value': '-3.17'}, {'name': 'Adaptive RSI Indicator value', 'value': '454.86'}, {'name': 'LTP', 'value': '444.00'}]}",OHLC_D_I_ADRBEARCO,Bearish Crossovers (Daily),"Adaptive RSI (14,9) indicator fell below its average line in the current session.",15,Indicator Scans,"Adaptive RSI (14,9) indicator fell below its average line in the current session. It’s a bearish event.",,,False,1,N,,OHLC_D_I_ADRBEARCO
1786619717,"{'stkname': 'WeWork India', 'ltp': '', 'perChg': '', 'stkId': 'WIML', 'displayLock': 'N', 'scanproflg': 1, 'scUrl': 'real-estate-rental-developmentoperations/weworkindiamanagement/WIML', 'columns': [{'name': 'change %', 'value': '1.24'}, {'name': 'Adaptive RSI Indicator value', 'value': '728.73'}, {'name': 'LTP', 'value': '717.40'}]}",OHLC_D_I_ADRBEARCO,Bearish Crossovers (Daily),"Adaptive RSI (14,9) indicator fell below its average line in the current session.",15,Indicator Scans,"Adaptive RSI (14,9) indicator fell below its average line in the current session. It’s a bearish event.",,,False,1,N,,OHLC_D_I_ADRBEARCO
1786619717,"{'stkname': 'Glottis', 'ltp': '', 'perChg': '', 'stkId': 'GL04', 'displayLock': 'N', 'scanproflg': 1, 'scUrl': 'ground-freightlogistics-services/glottis/GL05', 'columns': [{'name': 'change %', 'value': '-0.60'}, {'name': 'Adaptive RSI Indicator value', 'value': '67.08'}, {'name': 'LTP', 'value': '65.00'}]}",OHLC_D_I_ADRBEARCO,Bearish Crossovers (Daily),"Adaptive RSI (14,9) indicator fell below its average line in the current session.",15,Indicator Scans,"Adaptive RSI (14,9) indicator fell below its average line in the current session. It’s a bearish event.",,,False,1,N,,OHLC_D_I_ADRBEARCO
1786619717,"{'stkname': 'Sambhv Steel', 'ltp': '', 'perChg': '', 'stkId': 'SSTL', 'displayLock': 'N', 'scanproflg': 1, 'scUrl': 'ironsteel/sambhvsteeltubes/SSTL', 'columns': [{'name': 'change %', 'value': '-1.31'}, {'name': 'Adaptive RSI Indicator value', 'value': '119.19'}, {'name': 'LTP', 'value': '116.90'}]}",OHLC_D_I_ADRBEARCO,Bearish Crossovers (Daily),"Adaptive RSI (14,9) indicator fell below its average line in the current session.",15,Indicator Scans,"Adaptive RSI (14,9) indicator fell below its average line in the current session. It’s a bearish event.",,,False,1,N,,OHLC_D_I_ADRBEARCO
1786619717,"{'stkname': 'Shankara Build', 'ltp': '', 'perChg': '', 'stkId': 'SBL06', 'displayLock': 'N', 'scanproflg': 1, 'scUrl': 'ironsteel/shankarabuildpro/SBL06', 'columns': [{'name': 'change %', 'value': '2.59'}, {'name': 'Adaptive RSI Indicator value', 'value': '1,286.73'}, {'name': 'LTP', 'value': '1,275.00'}]}",OHLC_D_I_ADRBEARCO,Bearish Crossovers (Daily),"Adaptive RSI (14,9) indicator fell below its average line in the current session.",15,Indicator Scans,"Adaptive RSI (14,9) indicator fell below its average line in the current session. It’s a bearish event.",,,False,1,N,,OHLC_D_I_ADRBEARCO
1786619717,"{'stkname': 'Park Medi World', 'ltp': '', 'perChg': '', 'stkId': 'PMWL', 'displayLock': 'N', 'scanproflg': 1, 'scUrl': 'hospitalhealthcare-services/parkmediworld/PMWL', 'columns': [{'name': 'change %', 'value': '-0.95'}, {'name': 'Adaptive RSI Indicator value', 'value': '285.37'}, {'name': 'LTP', 'value': '280.50'}]}",OHLC_D_I_ADRBEARCO,Bearish Crossovers (Daily),"Adaptive RSI (14,9) indicator fell below its average line in the current session.",15,Indicator Scans,"Adaptive RSI (14,9) indicator fell below its average line in the current session. It’s a bearish event.",,,False,1,N,,OHLC_D_I_ADRBEARCO
1786619717,"{'stkname': 'Advance Agro', 'ltp': '', 'perChg': '', 'stkId': 'AAL04', 'displayLock': 'N', 'scanproflg': 1, 'scUrl': 'pesticidesagrochemicals/advanceagrolife/AAL04', 'columns': [{'name': 'change %', 'value': '0.84'}, {'name': 'Adaptive RSI Indicator value', 'value': '123.15'}, {'name': 'LTP', 'value': '119.00'}]}",OHLC_D_I_ADRBEARCO,Bearish Crossovers (Daily),"Adaptive RSI (14,9) indicator fell below its average line in the current session.",15,Indicator Scans,"Adaptive RSI (14,9) indicator fell below its average line in the current session. It’s a bearish event.",,,False,1,N,,OHLC_D_I_ADRBEARCO
1786619717,"{'stkname': 'Diffusion Eng', 'ltp': '', 'perChg': '', 'stkId': 'DEL05', 'displayLock': 'N', 'scanproflg': 1, 'scUrl': 'electrodeswelding-equipment/diffusionengineers/DEL03', 'columns': [{'name': 'change %', 'value': '8.11'}, {'name': 'Adaptive RSI Indicator value', 'value': '405.90'}, {'name': 'LTP', 'value': '392.00'}]}",OHLC_D_I_ADRBEARCO,Bearish Crossovers (Daily),"Adaptive RSI (14,9) indicator fell below its average line in the current session.",15,Indicator Scans,"Adaptive RSI (14,9) indicator fell below its average line in the current session. It’s a bearish event.",,,False,1,N,,OHLC_D_I_ADRBEARCO
1786619717,"{'stkname': 'Juniper Hotels', 'ltp': '', 'perChg': '', 'stkId': 'JHL', 'displayLock': 'N', 'scanproflg': 1, 'scUrl': 'hotel-resortrestaurants/juniperhotels/JHL', 'columns': [{'name': 'change %', 'value': '-2.84'}, {'name': 'Adaptive RSI Indicator value', 'value': '196.44'}, {'name': 'LTP', 'value': '193.60'}]}",OHLC_D_I_ADRBEARCO,Bearish Crossovers (Daily),"Adaptive RSI (14,9) indicator fell below its average line in the current session.",15,Indicator Scans,"Adaptive RSI (14,9) indicator fell below its average line in the current session. It’s a bearish event.",,,False,1,N,,OHLC_D_I_ADRBEARCO
1786619717,"{'stkname': 'RBZ Jewellers', 'ltp': '', 'perChg': '', 'stkId': 'RJL', 'displayLock': 'N', 'scanproflg': 1, 'scUrl': 'diamondjewellery/rbzjewellers/RJL', 'columns': [{'name': 'change %', 'value': '-1.42'}, {'name': 'Adaptive RSI Indicator value', 'value': '148.50'}, {'name': 'LTP', 'value': '139.20'}]}",OHLC_D_I_ADRBEARCO,Bearish Crossovers (Daily),"Adaptive RSI (14,9) indicator fell below its average line in the current session.",15,Indicator Scans,"Adaptive RSI (14,9) indicator fell below its average line in the current session. It’s a bearish event.",,,False,1,N,,OHLC_D_I_ADRBEARCO
1786619717,"{'stkname': 'Credo Brands Ma', 'ltp': '', 'perChg': '', 'stkId': 'CBML', 'displayLock': 'N', 'scanproflg': 1, 'scUrl': 'textilesapparel/credobrandsmarketing/CBML', 'columns': [{'name': 'change %', 'value': '-0.14'}, {'name': 'Adaptive RSI Indicator value', 'value': '83.83'}, {'name': 'LTP', 'value': '79.96'}]}",OHLC_D_I_ADRBEARCO,Bearish Crossovers (Daily),"Adaptive RSI (14,9) indicator fell below its average line in the current session.",15,Indicator Scans,"Adaptive RSI (14,9) indicator fell below its average line in the current session. It’s a bearish event.",,,False,1,N,,OHLC_D_I_ADRBEARCO
1786619717,"{'stkname': 'ESAF SFB', 'ltp': '', 'perChg': '', 'stkId': 'ESF02', 'displayLock': 'N', 'scanproflg': 1, 'scUrl': 'bank-private/esafsmallfinancebank/ESF02', 'columns': [{'name': 'change %', 'value': '-0.68'}, {'name': 'Adaptive RSI Indicator value', 'value': '40.00'}, {'name': 'LTP', 'value': '39.56'}]}",OHLC_D_I_ADRBEARCO,Bearish Crossovers (Daily),"Adaptive RSI (14,9) indicator fell below its average line in the current session.",15,Indicator Scans,"Adaptive RSI (14,9) indicator fell below its average line in the current session. It’s a bearish event.",,,False,1,N,,OHLC_D_I_ADRBEARCO
1786619717,"{'stkname': 'R K Swamy', 'ltp': '', 'perChg': '', 'stkId': 'SL21', 'displayLock': 'N', 'scanproflg': 1, 'scUrl': 'misc-commercial-services/rkswamy/SL22', 'columns': [{'name': 'change %', 'value': '-2.06'}, {'name': 'Adaptive RSI Indicator value', 'value': '102.98'}, {'name': 'LTP', 'value': '98.70'}]}",OHLC_D_I_ADRBEARCO,Bearish Crossovers (Daily),"Adaptive RSI (14,9) indicator fell below its average line in the current session.",15,Indicator Scans,"Adaptive RSI (14,9) indicator fell below its average line in the current session. It’s a bearish event.",,,False,1,N,,OHLC_D_I_ADRBEARCO
1786619717,"{'stkname': 'Spectrum Electr', 'ltp': '', 'perChg': '', 'stkId': 'SEI06', 'displayLock': 'N', 'scanproflg': 1, 'scUrl': 'electric-equipment/spectrumelectricalindustries/SEI06', 'columns': [{'name': 'change %', 'value': '4.00'}, {'name': 'Adaptive RSI Indicator value', 'value': '2,431.39'}, {'name': 'LTP', 'value': '2,375.00'}]}",OHLC_D_I_ADRBEARCO,Bearish Crossovers (Daily),"Adaptive RSI (14,9) indicator fell below its average line in the current session.",15,Indicator Scans,"Adaptive RSI (14,9) indicator fell below its average line in the current session. It’s a bearish event.",,,False,1,N,,OHLC_D_I_ADRBEARCO
1786619717,"{'stkname': 'Ambika Cotton', 'ltp': '', 'perChg': '', 'stkId': 'ACM04', 'displayLock': 'N', 'scanproflg': 1, 'scUrl': 'textiles-spinning-cotton-blended/ambikacottonmills/ACM04', 'columns': [{'name': 'change %', 'value': '0.05'}, {'name': 'Adaptive RSI Indicator value', 'value': '1,742.23'}, {'name': 'LTP', 'value': '1,588.50'}]}",OHLC_D_I_ADRBEARCO,Bearish Crossovers (Daily),"Adaptive RSI (14,9) indicator fell below its average line in the current session.",15,Indicator Scans,"Adaptive RSI (14,9) indicator fell below its average line in the current session. It’s a bearish event.",,,False,1,N,,OHLC_D_I_ADRBEARCO
1786619717,"{'stkname': 'Nitin Spinners', 'ltp': '', 'perChg': '', 'stkId': 'NS12', 'displayLock': 'N', 'scanproflg': 1, 'scUrl': 'textiles-spinning-cotton-blended/nitinspinners/NS12', 'columns': [{'name': 'change %', 'value': '-1.45'}, {'name': 'Adaptive RSI Indicator value', 'value': '557.05'}, {'name': 'LTP', 'value': '530.00'}]}",OHLC_D_I_ADRBEARCO,Bearish Crossovers (Daily),"Adaptive RSI (14,9) indicator fell below its average line in the current session.",15,Indicator Scans,"Adaptive RSI (14,9) indicator fell below its average line in the current session. It’s a bearish event.",,,False,1,N,,OHLC_D_I_ADRBEARCO
1786619717,"{'stkname': 'S P Apparels', 'ltp': '', 'perChg': '', 'stkId': 'A09', 'displayLock': 'N', 'scanproflg': 1, 'scUrl': 'textiles-general/spapparels/A', 'columns': [{'name': 'change %', 'value': '-1.53'}, {'name': 'Adaptive RSI Indicator value', 'value': '1,026.08'}, {'name': 'LTP', 'value': '961.00'}]}",OHLC_D_I_ADRBEARCO,Bearish Crossovers (Daily),"Adaptive RSI (14,9) indicator fell below its average line in the current session.",15,Indicator Scans,"Adaptive RSI (14,9) indicator fell below its average line in the current session. It’s a bearish event.",,,False,1,N,,OHLC_D_I_ADRBEARCO
1786619717,"{'stkname': 'ITI', 'ltp': '', 'perChg': '', 'stkId': 'ITI', 'displayLock': 'N', 'scanproflg': 1, 'scUrl': 'telecommunications-equipment/iti/ITI', 'columns': [{'name': 'change %', 'value': '-0.25'}, {'name': 'Adaptive RSI Indicator value', 'value': '284.16'}, {'name': 'LTP', 'value': '282.80'}]}",OHLC_D_I_ADRBEARCO,Bearish Crossovers (Daily),"Adaptive RSI (14,9) indicator fell below its average line in the current session.",15,Indicator Scans,"Adaptive RSI (14,9) indicator fell below its average line in the current session. It’s a bearish event.",,,False,1,N,,OHLC_D_I_ADRBEARCO
1786619717,"{'stkname': 'Century Enka', 'ltp': '', 'perChg': '', 'stkId': 'CE', 'displayLock': 'N', 'scanproflg': 1, 'scUrl': 'textiles-manmade/centuryenka/CE', 'columns': [{'name': 'change %', 'value': '-3.51'}, {'name': 'Adaptive RSI Indicator value', 'value': '603.54'}, {'name': 'LTP', 'value': '582.90'}]}",OHLC_D_I_ADRBEARCO,Bearish Crossovers (Daily),"Adaptive RSI (14,9) indicator fell below its average line in the current session.",15,Indicator Scans,"Adaptive RSI (14,9) indicator fell below its average line in the current session. It’s a bearish event.",,,False,1,N,,OHLC_D_I_ADRBEARCO
1786619717,"{'stkname': 'Indo Rama Synth', 'ltp': '', 'perChg': '', 'stkId': 'IRS', 'displayLock': 'N', 'scanproflg': 1, 'scUrl': 'textiles-spinning-synthetic-blended/indoramasyntheticsindia/IRS', 'columns': [{'name': 'change %', 'value': '-2.60'}, {'name': 'Adaptive RSI Indicator value', 'value': '58.38'}, {'name': 'LTP', 'value': '56.65'}]}",OHLC_D_I_ADRBEARCO,Bearish Crossovers (Daily),"Adaptive RSI (14,9) indicator fell below its average line in the current session.",15,Indicator Scans,"Adaptive RSI (14,9) indicator fell below its average line in the current session. It’s a bearish event.",,,False,1,N,,OHLC_D_I_ADRBEARCO
1786619717,"{'stkname': 'PTC India', 'ltp': '', 'perChg': '', 'stkId': 'PTC01', 'displayLock': 'N', 'scanproflg': 1, 'scUrl': 'trading/ptcindia/PTC02', 'columns': [{'name': 'change %', 'value': '-0.42'}, {'name': 'Adaptive RSI Indicator value', 'value': '183.41'}, {'name': 'LTP', 'value': '164.71'}]}",OHLC_D_I_ADRBEARCO,Bearish Crossovers (Daily),"Adaptive RSI (14,9) indicator fell below its average line in the current session.",15,Indicator Scans,"Adaptive RSI (14,9) indicator fell below its average line in the current session. It’s a bearish event.",,,False,1,N,,OHLC_D_I_ADRBEARCO
1786619717,"{'stkname': 'Faze Three', 'ltp': '', 'perChg': '', 'stkId': 'FTE', 'displayLock': 'N', 'scanproflg': 1, 'scUrl': 'textiles-spinning-cotton-blended/fazethree/FTE', 'columns': [{'name': 'change %', 'value': '-10.00'}, {'name': 'Adaptive RSI Indicator value', 'value': '559.41'}, {'name': 'LTP', 'value': '488.75'}]}",OHLC_D_I_ADRBEARCO,Bearish Crossovers (Daily),"Adaptive RSI (14,9) indicator fell below its average line in the current session.",15,Indicator Scans,"Adaptive RSI (14,9) indicator fell below its average line in the current session. It’s a bearish event.",,,False,1,N,,OHLC_D_I_ADRBEARCO
1786619717,"{'stkname': 'Redtape', 'ltp': '', 'perChg': '', 'stkId': 'R08', 'displayLock': 'N', 'scanproflg': 1, 'scUrl': 'footwear/redtape/R04', 'columns': [{'name': 'change %', 'value': '-1.26'}, {'name': 'Adaptive RSI Indicator value', 'value': '132.34'}, {'name': 'LTP', 'value': '124.29'}]}",OHLC_D_I_ADRBEARCO,Bearish Crossovers (Daily),"Adaptive RSI (14,9) indicator fell below its average line in the current session.",15,Indicator Scans,"Adaptive RSI (14,9) indicator fell below its average line in the current session. It’s a bearish event.",,,False,1,N,,OHLC_D_I_ADRBEARCO
1786619717,"{'stkname': 'Urja Global', 'ltp': '', 'perChg': '', 'stkId': 'CCS02', 'displayLock': 'N', 'scanproflg': 1, 'scUrl': 'power-generationdistribution/urjaglobal/UG01', 'columns': [{'name': 'change %', 'value': '1.16'}, {'name': 'Adaptive RSI Indicator value', 'value': '9.68'}, {'name': 'LTP', 'value': '9.62'}]}",OHLC_D_I_ADRBEARCO,Bearish Crossovers (Daily),"Adaptive RSI (14,9) indicator fell below its average line in the current session.",15,Indicator Scans,"Adaptive RSI (14,9) indicator fell below its average line in the current session. It’s a bearish event.",,,False,1,N,,OHLC_D_I_ADRBEARCO
1786619717,"{'stkname': 'Bannari A Spg', 'ltp': '', 'perChg': '', 'stkId': 'BAS01', 'displayLock': 'N', 'scanproflg': 1, 'scUrl': 'textiles-general/bannariammanspinningmills/BAS01', 'columns': [{'name': 'change %', 'value': '-2.44'}, {'name': 'Adaptive RSI Indicator value', 'value': '26.94'}, {'name': 'LTP', 'value': '25.20'}]}",OHLC_D_I_ADRBEARCO,Bearish Crossovers (Daily),"Adaptive RSI (14,9) indicator fell below its average line in the current session.",15,Indicator Scans,"Adaptive RSI (14,9) indicator fell below its average line in the current session. It’s a bearish event.",,,False,1,N,,OHLC_D_I_ADRBEARCO
1786619717,"{'stkname': 'Aditya Birla F', 'ltp': '', 'perChg': '', 'stkId': 'PFR', 'displayLock': 'N', 'scanproflg': 1, 'scUrl': 'retail/adityabirlafashionretail/PFR', 'columns': [{'name': 'change %', 'value': '-0.80'}, {'name': 'Adaptive RSI Indicator value', 'value': '60.19'}, {'name': 'LTP', 'value': '56.70'}]}",OHLC_D_I_ADRBEARCO,Bearish Crossovers (Daily),"Adaptive RSI (14,9) indicator fell below its average line in the current session.",15,Indicator Scans,"Adaptive RSI (14,9) indicator fell below its average line in the current session. It’s a bearish event.",,,False,1,N,,OHLC_D_I_ADRBEARCO
1786619717,"{'stkname': 'Jaiprakash Pow', 'ltp': '', 'perChg': '', 'stkId': 'JHP01', 'displayLock': 'N', 'scanproflg': 1, 'scUrl': 'power-generationdistribution/jaiprakashpowerventures/JHP01', 'columns': [{'name': 'change %', 'value': '-1.13'}, {'name': 'Adaptive RSI Indicator value', 'value': '17.88'}, {'name': 'LTP', 'value': '17.53'}]}",OHLC_D_I_ADRBEARCO,Bearish Crossovers (Daily),"Adaptive RSI (14,9) indicator fell below its average line in the current session.",15,Indicator Scans,"Adaptive RSI (14,9) indicator fell below its average line in the current session. It’s a bearish event.",,,False,1,N,,OHLC_D_I_ADRBEARCO
1786619717,"{'stkname': 'Medico Remedies', 'ltp': '', 'perChg': '', 'stkId': 'MR04', 'displayLock': 'N', 'scanproflg': 1, 'scUrl': 'diversified/medicoremedies/MR', 'columns': [{'name': 'change %', 'value': '-1.58'}, {'name': 'Adaptive RSI Indicator value', 'value': '46.94'}, {'name': 'LTP', 'value': '46.70'}]}",OHLC_D_I_ADRBEARCO,Bearish Crossovers (Daily),"Adaptive RSI (14,9) indicator fell below its average line in the current session.",15,Indicator Scans,"Adaptive RSI (14,9) indicator fell below its average line in the current session. It’s a bearish event.",,,False,1,N,,OHLC_D_I_ADRBEARCO
1786619717,"{'stkname': 'Supriya Lifesci', 'ltp': '', 'perChg': '', 'stkId': 'SL19', 'displayLock': 'N', 'scanproflg': 1, 'scUrl': 'pharmaceuticalsdrugs/supriyalifescience/SL20', 'columns': [{'name': 'change %', 'value': '-1.99'}, {'name': 'Adaptive RSI Indicator value', 'value': '876.53'}, {'name': 'LTP', 'value': '814.50'}]}",OHLC_D_I_ADRBEARCO,Bearish Crossovers (Daily),"Adaptive RSI (14,9) indicator fell below its average line in the current session.",15,Indicator Scans,"Adaptive RSI (14,9) indicator fell below its average line in the current session. It’s a bearish event.",,,False,1,N,,OHLC_D_I_ADRBEARCO
1786619717,"{'stkname': 'Abbott India', 'ltp': '', 'perChg': '', 'stkId': 'KP', 'displayLock': 'N', 'scanproflg': 1, 'scUrl': 'pharmaceuticals/abbottindia/AI51', 'columns': [{'name': 'change %', 'value': '-1.92'}, {'name': 'Adaptive RSI Indicator value', 'value': '27,879.53'}, {'name': 'LTP', 'value': '27,600.00'}]}",OHLC_D_I_ADRBEARCO,Bearish Crossovers (Daily),"Adaptive RSI (14,9) indicator fell below its average line in the current session.",15,Indicator Scans,"Adaptive RSI (14,9) indicator fell below its average line in the current session. It’s a bearish event.",,,False,1,N,,OHLC_D_I_ADRBEARCO
1786619717,"{'stkname': 'JagsonpalPharma', 'ltp': '', 'perChg': '', 'stkId': 'JP02', 'displayLock': 'N', 'scanproflg': 1, 'scUrl': 'pharmaceuticals/jagsonpalpharmaceuticals/JP02', 'columns': [{'name': 'change %', 'value': '2.90'}, {'name': 'Adaptive RSI Indicator value', 'value': '232.07'}, {'name': 'LTP', 'value': '232.00'}]}",OHLC_D_I_ADRBEARCO,Bearish Crossovers (Daily),"Adaptive RSI (14,9) indicator fell below its average line in the current session.",15,Indicator Scans,"Adaptive RSI (14,9) indicator fell below its average line in the current session. It’s a bearish event.",,,False,1,N,,OHLC_D_I_ADRBEARCO
1786619717,"{'stkname': 'Themis Medicare', 'ltp': '', 'perChg': '', 'stkId': 'TC05', 'displayLock': 'N', 'scanproflg': 1, 'scUrl': 'pharmaceuticals/themismedicare/TM04', 'columns': [{'name': 'change %', 'value': '-4.46'}, {'name': 'Adaptive RSI Indicator value', 'value': '110.37'}, {'name': 'LTP', 'value': '103.80'}]}",OHLC_D_I_ADRBEARCO,Bearish Crossovers (Daily),"Adaptive RSI (14,9) indicator fell below its average line in the current session.",15,Indicator Scans,"Adaptive RSI (14,9) indicator fell below its average line in the current session. It’s a bearish event.",,,False,1,N,,OHLC_D_I_ADRBEARCO
1786619717,"{'stkname': 'Caplin Labs', 'ltp': '', 'perChg': '', 'stkId': 'CPL', 'displayLock': 'N', 'scanproflg': 1, 'scUrl': 'pharmaceuticals/caplinpointlaboratories/CPL', 'columns': [{'name': 'change %', 'value': '1.32'}, {'name': 'Adaptive RSI Indicator value', 'value': '2,567.19'}, {'name': 'LTP', 'value': '2,505.00'}]}",OHLC_D_I_ADRBEARCO,Bearish Crossovers (Daily),"Adaptive RSI (14,9) indicator fell below its average line in the current session.",15,Indicator Scans,"Adaptive RSI (14,9) indicator fell below its average line in the current session. It’s a bearish event.",,,False,1,N,,OHLC_D_I_ADRBEARCO
1786619717,"{'stkname': 'Genus Paper', 'ltp': '', 'perChg': '', 'stkId': 'GPB', 'displayLock': 'N', 'scanproflg': 1, 'scUrl': 'paper/genuspaperboards/GPB', 'columns': [{'name': 'change %', 'value': '-3.30'}, {'name': 'Adaptive RSI Indicator value', 'value': '12.20'}, {'name': 'LTP', 'value': '11.44'}]}",OHLC_D_I_ADRBEARCO,Bearish Crossovers (Daily),"Adaptive RSI (14,9) indicator fell below its average line in the current session.",15,Indicator Scans,"Adaptive RSI (14,9) indicator fell below its average line in the current session. It’s a bearish event.",,,False,1,N,,OHLC_D_I_ADRBEARCO
1786619717,"{'stkname': 'Shreyans Ind', 'ltp': '', 'perChg': '', 'stkId': 'SI20', 'displayLock': 'N', 'scanproflg': 1, 'scUrl': 'paper/shreyansindustries/SI20', 'columns': [{'name': 'change %', 'value': '-5.98'}, {'name': 'Adaptive RSI Indicator value', 'value': '140.62'}, {'name': 'LTP', 'value': '134.00'}]}",OHLC_D_I_ADRBEARCO,Bearish Crossovers (Daily),"Adaptive RSI (14,9) indicator fell below its average line in the current session.",15,Indicator Scans,"Adaptive RSI (14,9) indicator fell below its average line in the current session. It’s a bearish event.",,,False,1,N,,OHLC_D_I_ADRBEARCO
1786619717,"{'stkname': 'Alpa Labs', 'ltp': '', 'perChg': '', 'stkId': 'AL11', 'displayLock': 'N', 'scanproflg': 1, 'scUrl': 'pharmaceuticals/alpalaboratories/AL11', 'columns': [{'name': 'change %', 'value': '-1.89'}, {'name': 'Adaptive RSI Indicator value', 'value': '67.74'}, {'name': 'LTP', 'value': '65.90'}]}",OHLC_D_I_ADRBEARCO,Bearish Crossovers (Daily),"Adaptive RSI (14,9) indicator fell below its average line in the current session.",15,Indicator Scans,"Adaptive RSI (14,9) indicator fell below its average line in the current session. It’s a bearish event.",,,False,1,N,,OHLC_D_I_ADRBEARCO
1786619717,"{'stkname': 'Ruchira Papers', 'ltp': '', 'perChg': '', 'stkId': 'RP25', 'displayLock': 'N', 'scanproflg': 1, 'scUrl': 'paper/ruchirapapers/RP25', 'columns': [{'name': 'change %', 'value': '-3.20'}, {'name': 'Adaptive RSI Indicator value', 'value': '108.95'}, {'name': 'LTP', 'value': '102.50'}]}",OHLC_D_I_ADRBEARCO,Bearish Crossovers (Daily),"Adaptive RSI (14,9) indicator fell below its average line in the current session.",15,Indicator Scans,"Adaptive RSI (14,9) indicator fell below its average line in the current session. It’s a bearish event.",,,False,1,N,,OHLC_D_I_ADRBEARCO
1786619717,"{'stkname': 'Hariom Pipe', 'ltp': '', 'perChg': '', 'stkId': 'HPI02', 'displayLock': 'N', 'scanproflg': 1, 'scUrl': 'ironsteel/hariompipeindustries/HPI02', 'columns': [{'name': 'change %', 'value': '-6.70'}, {'name': 'Adaptive RSI Indicator value', 'value': '394.47'}, {'name': 'LTP', 'value': '366.40'}]}",OHLC_D_I_ADRBEARCO,Bearish Crossovers (Daily),"Adaptive RSI (14,9) indicator fell below its average line in the current session.",15,Indicator Scans,"Adaptive RSI (14,9) indicator fell below its average line in the current session. It’s a bearish event.",,,False,1,N,,OHLC_D_I_ADRBEARCO
1786619717,"{'stkname': 'Linde India', 'ltp': '', 'perChg': '', 'stkId': 'BOC', 'displayLock': 'N', 'scanproflg': 1, 'scUrl': 'chemicals/lindeindia/BOC', 'columns': [{'name': 'change %', 'value': '-1.25'}, {'name': 'Adaptive RSI Indicator value', 'value': '6,969.49'}, {'name': 'LTP', 'value': '6,692.50'}]}",OHLC_D_I_ADRBEARCO,Bearish Crossovers (Daily),"Adaptive RSI (14,9) indicator fell below its average line in the current session.",15,Indicator Scans,"Adaptive RSI (14,9) indicator fell below its average line in the current session. It’s a bearish event.",,,False,1,N,,OHLC_D_I_ADRBEARCO
1786619717,"{'stkname': 'IRIS RegTech', 'ltp': '', 'perChg': '', 'stkId': 'IBS01', 'displayLock': 'N', 'scanproflg': 1, 'scUrl': 'software/irisregtechsolutions/IBS01', 'columns': [{'name': 'change %', 'value': '-4.39'}, {'name': 'Adaptive RSI Indicator value', 'value': '251.16'}, {'name': 'LTP', 'value': '240.10'}]}",OHLC_D_I_ADRBEARCO,Bearish Crossovers (Daily),"Adaptive RSI (14,9) indicator fell below its average line in the current session.",15,Indicator Scans,"Adaptive RSI (14,9) indicator fell below its average line in the current session. It’s a bearish event.",,,False,1,N,,OHLC_D_I_ADRBEARCO
1786619717,"{'stkname': '63 Moons Tech', 'ltp': '', 'perChg': '', 'stkId': 'WT01', 'displayLock': 'N', 'scanproflg': 1, 'scUrl': 'computers-software/63moonstechnologies/FT02', 'columns': [{'name': 'change %', 'value': '-7.77'}, {'name': 'Adaptive RSI Indicator value', 'value': '849.42'}, {'name': 'LTP', 'value': '800.00'}]}",OHLC_D_I_ADRBEARCO,Bearish Crossovers (Daily),"Adaptive RSI (14,9) indicator fell below its average line in the current session.",15,Indicator Scans,"Adaptive RSI (14,9) indicator fell below its average line in the current session. It’s a bearish event.",,,False,1,N,,OHLC_D_I_ADRBEARCO
1786619717,"{'stkname': 'Blue Dart', 'ltp': '', 'perChg': '', 'stkId': 'BDE', 'displayLock': 'N', 'scanproflg': 1, 'scUrl': 'couriers/bluedartexpress/BDE', 'columns': [{'name': 'change %', 'value': '0.53'}, {'name': 'Adaptive RSI Indicator value', 'value': '5,149.36'}, {'name': 'LTP', 'value': '5,120.00'}]}",OHLC_D_I_ADRBEARCO,Bearish Crossovers (Daily),"Adaptive RSI (14,9) indicator fell below its average line in the current session.",15,Indicator Scans,"Adaptive RSI (14,9) indicator fell below its average line in the current session. It’s a bearish event.",,,False,1,N,,OHLC_D_I_ADRBEARCO
1786619717,"{'stkname': 'Music Broadcast', 'ltp': '', 'perChg': '', 'stkId': 'MB04', 'displayLock': 'N', 'scanproflg': 1, 'scUrl': 'mediaentertainment/musicbroadcast/MB05', 'columns': [{'name': 'change %', 'value': '0.30'}, {'name': 'Adaptive RSI Indicator value', 'value': '6.75'}, {'name': 'LTP', 'value': '6.65'}]}",OHLC_D_I_ADRBEARCO,Bearish Crossovers (Daily),"Adaptive RSI (14,9) indicator fell below its average line in the current session.",15,Indicator Scans,"Adaptive RSI (14,9) indicator fell below its average line in the current session. It’s a bearish event.",,,False,1,N,,OHLC_D_I_ADRBEARCO
1786619717,"{'stkname': 'Greenlam Ind', 'ltp': '', 'perChg': '', 'stkId': 'GI28', 'displayLock': 'N', 'scanproflg': 1, 'scUrl': 'miscellaneous/greenlamindustries/GI31', 'columns': [{'name': 'change %', 'value': '1.81'}, {'name': 'Adaptive RSI Indicator value', 'value': '256.51'}, {'name': 'LTP', 'value': '253.00'}]}",OHLC_D_I_ADRBEARCO,Bearish Crossovers (Daily),"Adaptive RSI (14,9) indicator fell below its average line in the current session.",15,Indicator Scans,"Adaptive RSI (14,9) indicator fell below its average line in the current session. It’s a bearish event.",,,False,1,N,,OHLC_D_I_ADRBEARCO
1786619717,"{'stkname': 'Asian Hotels', 'ltp': '', 'perChg': '', 'stkId': 'AH', 'displayLock': 'N', 'scanproflg': 1, 'scUrl': 'hotels/asianhotelsnorth/AH', 'columns': [{'name': 'change %', 'value': '-2.48'}, {'name': 'Adaptive RSI Indicator value', 'value': '308.20'}, {'name': 'LTP', 'value': '296.55'}]}",OHLC_D_I_ADRBEARCO,Bearish Crossovers (Daily),"Adaptive RSI (14,9) indicator fell below its average line in the current session.",15,Indicator Scans,"Adaptive RSI (14,9) indicator fell below its average line in the current session. It’s a bearish event.",,,False,1,N,,OHLC_D_I_ADRBEARCO
1786619717,"{'stkname': 'Synergy Green I', 'ltp': '', 'perChg': '', 'stkId': 'SGI01', 'displayLock': 'N', 'scanproflg': 1, 'scUrl': 'castingsforgings/synergygreenindustries/SGI02', 'columns': [{'name': 'change %', 'value': '-12.36'}, {'name': 'Adaptive RSI Indicator value', 'value': '597.78'}, {'name': 'LTP', 'value': '526.00'}]}",OHLC_D_I_ADRBEARCO,Bearish Crossovers (Daily),"Adaptive RSI (14,9) indicator fell below its average line in the current session.",15,Indicator Scans,"Adaptive RSI (14,9) indicator fell below its average line in the current session. It’s a bearish event.",,,False,1,N,,OHLC_D_I_ADRBEARCO
1786619717,"{'stkname': 'AIA Engineering', 'ltp': '', 'perChg': '', 'stkId': 'AIE01', 'displayLock': 'N', 'scanproflg': 1, 'scUrl': 'castingsforgings/aiaengineering/AIE01', 'columns': [{'name': 'change %', 'value': '-1.88'}, {'name': 'Adaptive RSI Indicator value', 'value': '4,680.94'}, {'name': 'LTP', 'value': '4,438.00'}]}",OHLC_D_I_ADRBEARCO,Bearish Crossovers (Daily),"Adaptive RSI (14,9) indicator fell below its average line in the current session.",15,Indicator Scans,"Adaptive RSI (14,9) indicator fell below its average line in the current session. It’s a bearish event.",,,False,1,N,,OHLC_D_I_ADRBEARCO
1786619717,"{'stkname': 'Chalet Hotels', 'ltp': '', 'perChg': '', 'stkId': 'CH03', 'displayLock': 'N', 'scanproflg': 1, 'scUrl': 'hotels/chalethotels/CH03', 'columns': [{'name': 'change %', 'value': '0.00'}, {'name': 'Adaptive RSI Indicator value', 'value': '834.99'}, {'name': 'LTP', 'value': '822.20'}]}",OHLC_D_I_ADRBEARCO,Bearish Crossovers (Daily),"Adaptive RSI (14,9) indicator fell below its average line in the current session.",15,Indicator Scans,"Adaptive RSI (14,9) indicator fell below its average line in the current session. It’s a bearish event.",,,False,1,N,,OHLC_D_I_ADRBEARCO
1786619717,"{'stkname': 'Rainbow Child', 'ltp': '', 'perChg': '', 'stkId': 'RCM03', 'displayLock': 'N', 'scanproflg': 1, 'scUrl': 'hospitalhealthcare-services/rainbowchildrensmedicare/RCM03', 'columns': [{'name': 'change %', 'value': '-1.96'}, {'name': 'Adaptive RSI Indicator value', 'value': '1,528.86'}, {'name': 'LTP', 'value': '1,453.00'}]}",OHLC_D_I_ADRBEARCO,Bearish Crossovers (Daily),"Adaptive RSI (14,9) indicator fell below its average line in the current session.",15,Indicator Scans,"Adaptive RSI (14,9) indicator fell below its average line in the current session. It’s a bearish event.",,,False,1,N,,OHLC_D_I_ADRBEARCO
1786619717,"{'stkname': 'BF Investment', 'ltp': '', 'perChg': '', 'stkId': 'BFI', 'displayLock': 'N', 'scanproflg': 1, 'scUrl': 'finance-investments/bfinvestment/BFI', 'columns': [{'name': 'change %', 'value': '1.71'}, {'name': 'Adaptive RSI Indicator value', 'value': '468.51'}, {'name': 'LTP', 'value': '464.80'}]}",OHLC_D_I_ADRBEARCO,Bearish Crossovers (Daily),"Adaptive RSI (14,9) indicator fell below its average line in the current session.",15,Indicator Scans,"Adaptive RSI (14,9) indicator fell below its average line in the current session. It’s a bearish event.",,,False,1,N,,OHLC_D_I_ADRBEARCO
1786619717,"{'stkname': 'Jyothy Labs', 'ltp': '', 'perChg': '', 'stkId': 'JL', 'displayLock': 'N', 'scanproflg': 1, 'scUrl': 'personal-care/jyothylabs/JL', 'columns': [{'name': 'change %', 'value': '-0.06'}, {'name': 'Adaptive RSI Indicator value', 'value': '203.16'}, {'name': 'LTP', 'value': '200.15'}]}",OHLC_D_I_ADRBEARCO,Bearish Crossovers (Daily),"Adaptive RSI (14,9) indicator fell below its average line in the current session.",15,Indicator Scans,"Adaptive RSI (14,9) indicator fell below its average line in the current session. It’s a bearish event.",,,False,1,N,,OHLC_D_I_ADRBEARCO
1786619717,"{'stkname': 'Rane Holdings', 'ltp': '', 'perChg': '', 'stkId': 'RM', 'displayLock': 'N', 'scanproflg': 1, 'scUrl': 'auto-ancillaries/raneholdings/RH01', 'columns': [{'name': 'change %', 'value': '-0.74'}, {'name': 'Adaptive RSI Indicator value', 'value': '1,789.07'}, {'name': 'LTP', 'value': '1,788.30'}]}",OHLC_D_I_ADRBEARCO,Bearish Crossovers (Daily),"Adaptive RSI (14,9) indicator fell below its average line in the current session.",15,Indicator Scans,"Adaptive RSI (14,9) indicator fell below its average line in the current session. It’s a bearish event.",,,False,1,N,,OHLC_D_I_ADRBEARCO
1786619717,"{'stkname': 'Gulshan Poly', 'ltp': '', 'perChg': '', 'stkId': 'GP9', 'displayLock': 'N', 'scanproflg': 1, 'scUrl': 'chemicals/gulshanpolyols/GP9', 'columns': [{'name': 'change %', 'value': '-0.47'}, {'name': 'Adaptive RSI Indicator value', 'value': '197.89'}, {'name': 'LTP', 'value': '189.00'}]}",OHLC_D_I_ADRBEARCO,Bearish Crossovers (Daily),"Adaptive RSI (14,9) indicator fell below its average line in the current session.",15,Indicator Scans,"Adaptive RSI (14,9) indicator fell below its average line in the current session. It’s a bearish event.",,,False,1,N,,OHLC_D_I_ADRBEARCO
1786619717,"{'stkname': 'Indbank Merchan', 'ltp': '', 'perChg': '', 'stkId': 'IMB', 'displayLock': 'N', 'scanproflg': 1, 'scUrl': 'finance-general/indbankmerchantbankingservices/IMB', 'columns': [{'name': 'change %', 'value': '-2.08'}, {'name': 'Adaptive RSI Indicator value', 'value': '32.83'}, {'name': 'LTP', 'value': '32.53'}]}",OHLC_D_I_ADRBEARCO,Bearish Crossovers (Daily),"Adaptive RSI (14,9) indicator fell below its average line in the current session.",15,Indicator Scans,"Adaptive RSI (14,9) indicator fell below its average line in the current session. It’s a bearish event.",,,False,1,N,,OHLC_D_I_ADRBEARCO
1786619717,"{'stkname': 'GIC Housing Fin', 'ltp': '', 'perChg': '', 'stkId': 'GIC', 'displayLock': 'N', 'scanproflg': 1, 'scUrl': 'finance-housing/gichousingfinance/GIC', 'columns': [{'name': 'change %', 'value': '-6.35'}, {'name': 'Adaptive RSI Indicator value', 'value': '150.04'}, {'name': 'LTP', 'value': '139.92'}]}",OHLC_D_I_ADRBEARCO,Bearish Crossovers (Daily),"Adaptive RSI (14,9) indicator fell below its average line in the current session.",15,Indicator Scans,"Adaptive RSI (14,9) indicator fell below its average line in the current session. It’s a bearish event.",,,False,1,N,,OHLC_D_I_ADRBEARCO
1786619717,"{'stkname': 'Rail Vikas', 'ltp': '', 'perChg': '', 'stkId': 'RVN', 'displayLock': 'N', 'scanproflg': 1, 'scUrl': 'miscellaneous/railvikasnigam/RVN', 'columns': [{'name': 'change %', 'value': '-0.80'}, {'name': 'Adaptive RSI Indicator value', 'value': '230.46'}, {'name': 'LTP', 'value': '228.15'}]}",OHLC_D_I_ADRBEARCO,Bearish Crossovers (Daily),"Adaptive RSI (14,9) indicator fell below its average line in the current session.",15,Indicator Scans,"Adaptive RSI (14,9) indicator fell below its average line in the current session. It’s a bearish event.",,,False,1,N,,OHLC_D_I_ADRBEARCO
1786619717,"{'stkname': 'Bhagiradh Chem', 'ltp': '', 'perChg': '', 'stkId': 'BCI01', 'displayLock': 'N', 'scanproflg': 1, 'scUrl': 'pesticidesagro-chemicals/bhagiradhchemicalsindustries/BCI01', 'columns': [{'name': 'change %', 'value': '-1.19'}, {'name': 'Adaptive RSI Indicator value', 'value': '281.88'}, {'name': 'LTP', 'value': '277.00'}]}",OHLC_D_I_ADRBEARCO,Bearish Crossovers (Daily),"Adaptive RSI (14,9) indicator fell below its average line in the current session.",15,Indicator Scans,"Adaptive RSI (14,9) indicator fell below its average line in the current session. It’s a bearish event.",,,False,1,N,,OHLC_D_I_ADRBEARCO
1786619717,"{'stkname': 'Vascon Engineer', 'ltp': '', 'perChg': '', 'stkId': 'VE07', 'displayLock': 'N', 'scanproflg': 1, 'scUrl': 'construction-real-estate/vasconengineers/VE01', 'columns': [{'name': 'change %', 'value': '0.51'}, {'name': 'Adaptive RSI Indicator value', 'value': '32.89'}, {'name': 'LTP', 'value': '31.42'}]}",OHLC_D_I_ADRBEARCO,Bearish Crossovers (Daily),"Adaptive RSI (14,9) indicator fell below its average line in the current session.",15,Indicator Scans,"Adaptive RSI (14,9) indicator fell below its average line in the current session. It’s a bearish event.",,,False,1,N,,OHLC_D_I_ADRBEARCO
1786619717,"{'stkname': 'RUDRABHISHEK', 'ltp': '', 'perChg': '', 'stkId': 'RE11', 'displayLock': 'N', 'scanproflg': 1, 'scUrl': 'infrastructure/rudrabhishekenterprises/RE11', 'columns': [{'name': 'change %', 'value': '0.67'}, {'name': 'Adaptive RSI Indicator value', 'value': '65.55'}, {'name': 'LTP', 'value': '64.50'}]}",OHLC_D_I_ADRBEARCO,Bearish Crossovers (Daily),"Adaptive RSI (14,9) indicator fell below its average line in the current session.",15,Indicator Scans,"Adaptive RSI (14,9) indicator fell below its average line in the current session. It’s a bearish event.",,,False,1,N,,OHLC_D_I_ADRBEARCO
1786619717,"{'stkname': 'HG Infra Eng', 'ltp': '', 'perChg': '', 'stkId': 'HIE', 'displayLock': 'N', 'scanproflg': 1, 'scUrl': 'infrastructure/hginfraengineering/HIE', 'columns': [{'name': 'change %', 'value': '-4.44'}, {'name': 'Adaptive RSI Indicator value', 'value': '547.99'}, {'name': 'LTP', 'value': '527.25'}]}",OHLC_D_I_ADRBEARCO,Bearish Crossovers (Daily),"Adaptive RSI (14,9) indicator fell below its average line in the current session.",15,Indicator Scans,"Adaptive RSI (14,9) indicator fell below its average line in the current session. It’s a bearish event.",,,False,1,N,,OHLC_D_I_ADRBEARCO
1786619717,"{'stkname': 'Ideaforge Tech', 'ltp': '', 'perChg': '', 'stkId': 'IT07', 'displayLock': 'N', 'scanproflg': 1, 'scUrl': 'engineering-industrial-equipments/ideaforgetechnology/IT07', 'columns': [{'name': 'change %', 'value': '-3.49'}, {'name': 'Adaptive RSI Indicator value', 'value': '869.33'}, {'name': 'LTP', 'value': '782.00'}]}",OHLC_D_I_ADRBEARCO,Bearish Crossovers (Daily),"Adaptive RSI (14,9) indicator fell below its average line in the current session.",15,Indicator Scans,"Adaptive RSI (14,9) indicator fell below its average line in the current session. It’s a bearish event.",,,False,1,N,,OHLC_D_I_ADRBEARCO
1786619717,"{'stkname': 'Jyoti Structure', 'ltp': '', 'perChg': '', 'stkId': 'JS03', 'displayLock': 'N', 'scanproflg': 1, 'scUrl': 'power-transmissionequipment/jyotistructures/JS03', 'columns': [{'name': 'change %', 'value': '-0.18'}, {'name': 'Adaptive RSI Indicator value', 'value': '11.40'}, {'name': 'LTP', 'value': '11.03'}]}",OHLC_D_I_ADRBEARCO,Bearish Crossovers (Daily),"Adaptive RSI (14,9) indicator fell below its average line in the current session.",15,Indicator Scans,"Adaptive RSI (14,9) indicator fell below its average line in the current session. It’s a bearish event.",,,False,1,N,,OHLC_D_I_ADRBEARCO
1786619717,"{'stkname': 'Kernex Micro', 'ltp': '', 'perChg': '', 'stkId': 'KMI', 'displayLock': 'N', 'scanproflg': 1, 'scUrl': 'computers-software-mediumsmall/kernexmicrosystemsindia/KMI', 'columns': [{'name': 'change %', 'value': '3.67'}, {'name': 'Adaptive RSI Indicator value', 'value': '2,333.48'}, {'name': 'LTP', 'value': '2,250.10'}]}",OHLC_D_I_ADRBEARCO,Bearish Crossovers (Daily),"Adaptive RSI (14,9) indicator fell below its average line in the current session.",15,Indicator Scans,"Adaptive RSI (14,9) indicator fell below its average line in the current session. It’s a bearish event.",,,False,1,N,,OHLC_D_I_ADRBEARCO
1786619717,"{'stkname': 'Igarashi Motors', 'ltp': '', 'perChg': '', 'stkId': 'CGI', 'displayLock': 'N', 'scanproflg': 1, 'scUrl': 'electric-equipment/igarashimotors/IM01', 'columns': [{'name': 'change %', 'value': '0.70'}, {'name': 'Adaptive RSI Indicator value', 'value': '460.29'}, {'name': 'LTP', 'value': '451.00'}]}",OHLC_D_I_ADRBEARCO,Bearish Crossovers (Daily),"Adaptive RSI (14,9) indicator fell below its average line in the current session.",15,Indicator Scans,"Adaptive RSI (14,9) indicator fell below its average line in the current session. It’s a bearish event.",,,False,1,N,,OHLC_D_I_ADRBEARCO
1786619717,"{'stkname': 'IGIL', 'ltp': '', 'perChg': '', 'stkId': 'IGIIL', 'displayLock': 'N', 'scanproflg': 1, 'scUrl': 'diamondjewellery/internationalgemologicalinstitute/IGIIL', 'columns': [{'name': 'change %', 'value': '0.51'}, {'name': 'Adaptive RSI Indicator value', 'value': '352.09'}, {'name': 'LTP', 'value': '345.00'}]}",OHLC_D_I_ADRBEARCO,Bearish Crossovers (Daily),"Adaptive RSI (14,9) indicator fell below its average line in the current session.",15,Indicator Scans,"Adaptive RSI (14,9) indicator fell below its average line in the current session. It’s a bearish event.",,,False,1,N,,OHLC_D_I_ADRBEARCO
1786619717,"{'stkname': 'HLE Glascoat', 'ltp': '', 'perChg': '', 'stkId': 'SGE02', 'displayLock': 'N', 'scanproflg': 1, 'scUrl': 'glassglass-products/hleglascoat/SGE02', 'columns': [{'name': 'change %', 'value': '2.77'}, {'name': 'Adaptive RSI Indicator value', 'value': '427.12'}, {'name': 'LTP', 'value': '335.50'}]}",OHLC_D_I_ADRBEARCO,Bearish Crossovers (Daily),"Adaptive RSI (14,9) indicator fell below its average line in the current session.",15,Indicator Scans,"Adaptive RSI (14,9) indicator fell below its average line in the current session. It’s a bearish event.",,,False,1,N,,OHLC_D_I_ADRBEARCO
1786619717,"{'stkname': 'Arihant Super', 'ltp': '', 'perChg': '', 'stkId': 'SMC07', 'displayLock': 'N', 'scanproflg': 1, 'scUrl': 'constructioncontracting-real-estate/arihantsuperstructures/SMC07', 'columns': [{'name': 'change %', 'value': '-2.69'}, {'name': 'Adaptive RSI Indicator value', 'value': '260.70'}, {'name': 'LTP', 'value': '251.10'}]}",OHLC_D_I_ADRBEARCO,Bearish Crossovers (Daily),"Adaptive RSI (14,9) indicator fell below its average line in the current session.",15,Indicator Scans,"Adaptive RSI (14,9) indicator fell below its average line in the current session. It’s a bearish event.",,,False,1,N,,OHLC_D_I_ADRBEARCO
1786619717,"{'stkname': 'IG Petro', 'ltp': '', 'perChg': '', 'stkId': 'IGP', 'displayLock': 'N', 'scanproflg': 1, 'scUrl': 'chemicals/igpetrochemicals/IGP', 'columns': [{'name': 'change %', 'value': '-2.02'}, {'name': 'Adaptive RSI Indicator value', 'value': '481.09'}, {'name': 'LTP', 'value': '457.55'}]}",OHLC_D_I_ADRBEARCO,Bearish Crossovers (Daily),"Adaptive RSI (14,9) indicator fell below its average line in the current session.",15,Indicator Scans,"Adaptive RSI (14,9) indicator fell below its average line in the current session. It’s a bearish event.",,,False,1,N,,OHLC_D_I_ADRBEARCO
1786619717,"{'stkname': 'Agarwal Ind', 'ltp': '', 'perChg': '', 'stkId': 'BBR', 'displayLock': 'N', 'scanproflg': 1, 'scUrl': 'transportlogistics/agarwalindustrialcorporation/AIC03', 'columns': [{'name': 'change %', 'value': '-1.38'}, {'name': 'Adaptive RSI Indicator value', 'value': '511.57'}, {'name': 'LTP', 'value': '500.00'}]}",OHLC_D_I_ADRBEARCO,Bearish Crossovers (Daily),"Adaptive RSI (14,9) indicator fell below its average line in the current session.",15,Indicator Scans,"Adaptive RSI (14,9) indicator fell below its average line in the current session. It’s a bearish event.",,,False,1,N,,OHLC_D_I_ADRBEARCO
1786619717,"{'stkname': 'SignatureGlobal', 'ltp': '', 'perChg': '', 'stkId': 'SIL22', 'displayLock': 'N', 'scanproflg': 1, 'scUrl': 'construction-real-estate/signatureglobalindia/SIL24', 'columns': [{'name': 'change %', 'value': '-0.98'}, {'name': 'Adaptive RSI Indicator value', 'value': '811.26'}, {'name': 'LTP', 'value': '800.00'}]}",OHLC_D_I_ADRBEARCO,Bearish Crossovers (Daily),"Adaptive RSI (14,9) indicator fell below its average line in the current session.",15,Indicator Scans,"Adaptive RSI (14,9) indicator fell below its average line in the current session. It’s a bearish event.",,,False,1,N,,OHLC_D_I_ADRBEARCO
1786619717,"{'stkname': 'Shree Pushkar', 'ltp': '', 'perChg': '', 'stkId': 'SPC03', 'displayLock': 'N', 'scanproflg': 1, 'scUrl': 'chemicals/shreepushkarchemicalsfertilisers/SPC03', 'columns': [{'name': 'change %', 'value': '-7.73'}, {'name': 'Adaptive RSI Indicator value', 'value': '405.95'}, {'name': 'LTP', 'value': '369.90'}]}",OHLC_D_I_ADRBEARCO,Bearish Crossovers (Daily),"Adaptive RSI (14,9) indicator fell below its average line in the current session.",15,Indicator Scans,"Adaptive RSI (14,9) indicator fell below its average line in the current session. It’s a bearish event.",,,False,1,N,,OHLC_D_I_ADRBEARCO
1786619717,"{'stkname': 'Dilip Buildcon', 'ltp': '', 'perChg': '', 'stkId': 'DB03', 'displayLock': 'N', 'scanproflg': 1, 'scUrl': 'constructioncontracting-civil/dilipbuildcon/DB04', 'columns': [{'name': 'change %', 'value': '-0.25'}, {'name': 'Adaptive RSI Indicator value', 'value': '436.54'}, {'name': 'LTP', 'value': '413.90'}]}",OHLC_D_I_ADRBEARCO,Bearish Crossovers (Daily),"Adaptive RSI (14,9) indicator fell below its average line in the current session.",15,Indicator Scans,"Adaptive RSI (14,9) indicator fell below its average line in the current session. It’s a bearish event.",,,False,1,N,,OHLC_D_I_ADRBEARCO
1786619717,"{'stkname': 'Ganesh Benzo', 'ltp': '', 'perChg': '', 'stkId': 'GB01', 'displayLock': 'N', 'scanproflg': 1, 'scUrl': 'chemicals/ganeshbenzoplast/GB01', 'columns': [{'name': 'change %', 'value': '1.55'}, {'name': 'Adaptive RSI Indicator value', 'value': '116.79'}, {'name': 'LTP', 'value': '114.00'}]}",OHLC_D_I_ADRBEARCO,Bearish Crossovers (Daily),"Adaptive RSI (14,9) indicator fell below its average line in the current session.",15,Indicator Scans,"Adaptive RSI (14,9) indicator fell below its average line in the current session. It’s a bearish event.",,,False,1,N,,OHLC_D_I_ADRBEARCO
1786619717,"{'stkname': 'Kesoram', 'ltp': '', 'perChg': '', 'stkId': 'KI08', 'displayLock': 'N', 'scanproflg': 1, 'scUrl': 'diversified/kesoramindustries/KI08', 'columns': [{'name': 'change %', 'value': '-1.98'}, {'name': 'Adaptive RSI Indicator value', 'value': '12.47'}, {'name': 'LTP', 'value': '11.87'}]}",OHLC_D_I_ADRBEARCO,Bearish Crossovers (Daily),"Adaptive RSI (14,9) indicator fell below its average line in the current session.",15,Indicator Scans,"Adaptive RSI (14,9) indicator fell below its average line in the current session. It’s a bearish event.",,,False,1,N,,OHLC_D_I_ADRBEARCO
1786619717,"{'stkname': 'Ramco Cements', 'ltp': '', 'perChg': '', 'stkId': 'MC', 'displayLock': 'N', 'scanproflg': 1, 'scUrl': 'cement-major/theramcocements/MC', 'columns': [{'name': 'change %', 'value': '-0.93'}, {'name': 'Adaptive RSI Indicator value', 'value': '929.63'}, {'name': 'LTP', 'value': '910.00'}]}",OHLC_D_I_ADRBEARCO,Bearish Crossovers (Daily),"Adaptive RSI (14,9) indicator fell below its average line in the current session.",15,Indicator Scans,"Adaptive RSI (14,9) indicator fell below its average line in the current session. It’s a bearish event.",,,False,1,N,,OHLC_D_I_ADRBEARCO
1786619717,"{'stkname': 'Newgen Software', 'ltp': '', 'perChg': '', 'stkId': 'NST01', 'displayLock': 'N', 'scanproflg': 1, 'scUrl': 'computers-software/newgensoftwaretechnologies/NST01', 'columns': [{'name': 'change %', 'value': '1.55'}, {'name': 'Adaptive RSI Indicator value', 'value': '548.94'}, {'name': 'LTP', 'value': '543.50'}]}",OHLC_D_I_ADRBEARCO,Bearish Crossovers (Daily),"Adaptive RSI (14,9) indicator fell below its average line in the current session.",15,Indicator Scans,"Adaptive RSI (14,9) indicator fell below its average line in the current session. It’s a bearish event.",,,False,1,N,,OHLC_D_I_ADRBEARCO
1786619717,"{'stkname': 'Ndr Auto Compon', 'ltp': '', 'perChg': '', 'stkId': 'NAC02', 'displayLock': 'N', 'scanproflg': 1, 'scUrl': 'auto-ancillaries/ndrautocomponents/NAC02', 'columns': [{'name': 'change %', 'value': '-0.47'}, {'name': 'Adaptive RSI Indicator value', 'value': '823.33'}, {'name': 'LTP', 'value': '806.05'}]}",OHLC_D_I_ADRBEARCO,Bearish Crossovers (Daily),"Adaptive RSI (14,9) indicator fell below its average line in the current session.",15,Indicator Scans,"Adaptive RSI (14,9) indicator fell below its average line in the current session. It’s a bearish event.",,,False,1,N,,OHLC_D_I_ADRBEARCO
1786619717,"{'stkname': 'Atul Auto', 'ltp': '', 'perChg': '', 'stkId': 'AA08', 'displayLock': 'N', 'scanproflg': 1, 'scUrl': 'auto-23-wheelers/atulauto/AA08', 'columns': [{'name': 'change %', 'value': '-0.79'}, {'name': 'Adaptive RSI Indicator value', 'value': '535.53'}, {'name': 'LTP', 'value': '500.00'}]}",OHLC_D_I_ADRBEARCO,Bearish Crossovers (Daily),"Adaptive RSI (14,9) indicator fell below its average line in the current session.",15,Indicator Scans,"Adaptive RSI (14,9) indicator fell below its average line in the current session. It’s a bearish event.",,,False,1,N,,OHLC_D_I_ADRBEARCO
1786619717,"{'stkname': 'Sandhar Technol', 'ltp': '', 'perChg': '', 'stkId': 'STL05', 'displayLock': 'N', 'scanproflg': 1, 'scUrl': 'auto-ancillaries/sandhartechnologies/STl06', 'columns': [{'name': 'change %', 'value': '-1.68'}, {'name': 'Adaptive RSI Indicator value', 'value': '638.93'}, {'name': 'LTP', 'value': '616.00'}]}",OHLC_D_I_ADRBEARCO,Bearish Crossovers (Daily),"Adaptive RSI (14,9) indicator fell below its average line in the current session.",15,Indicator Scans,"Adaptive RSI (14,9) indicator fell below its average line in the current session. It’s a bearish event.",,,False,1,N,,OHLC_D_I_ADRBEARCO
1786619717,"{'stkname': 'Rico Auto', 'ltp': '', 'perChg': '', 'stkId': 'RA04', 'displayLock': 'N', 'scanproflg': 1, 'scUrl': 'auto-ancillaries/ricoauto/RA04', 'columns': [{'name': 'change %', 'value': '3.14'}, {'name': 'Adaptive RSI Indicator value', 'value': '143.03'}, {'name': 'LTP', 'value': '132.01'}]}",OHLC_D_I_ADRBEARCO,Bearish Crossovers (Daily),"Adaptive RSI (14,9) indicator fell below its average line in the current session.",15,Indicator Scans,"Adaptive RSI (14,9) indicator fell below its average line in the current session. It’s a bearish event.",,,False,1,N,,OHLC_D_I_ADRBEARCO
1786619717,"{'stkname': 'Swiggy', 'ltp': '', 'perChg': '', 'stkId': 'SL23', 'displayLock': 'N', 'scanproflg': 1, 'scUrl': 'online-services/swiggy/SL24', 'columns': [{'name': 'change %', 'value': '0.16'}, {'name': 'Adaptive RSI Indicator value', 'value': '281.61'}, {'name': 'LTP', 'value': '279.80'}]}",OHLC_D_I_ADRBEARCO,Bearish Crossovers (Daily),"Adaptive RSI (14,9) indicator fell below its average line in the current session.",15,Indicator Scans,"Adaptive RSI (14,9) indicator fell below its average line in the current session. It’s a bearish event.",,,False,1,N,,OHLC_D_I_ADRBEARCO
1786619717,"{'stkname': 'Mahindra Logist', 'ltp': '', 'perChg': '', 'stkId': 'ML12', 'displayLock': 'N', 'scanproflg': 1, 'scUrl': 'diversified/mahindralogistics/ML04', 'columns': [{'name': 'change %', 'value': '0.25'}, {'name': 'Adaptive RSI Indicator value', 'value': '409.38'}, {'name': 'LTP', 'value': '407.95'}]}",OHLC_D_I_ADRBEARCO,Bearish Crossovers (Daily),"Adaptive RSI (14,9) indicator fell below its average line in the current session.",15,Indicator Scans,"Adaptive RSI (14,9) indicator fell below its average line in the current session. It’s a bearish event.",,,False,1,N,,OHLC_D_I_ADRBEARCO
1786619717,"{'stkname': 'KFin Tech', 'ltp': '', 'perChg': '', 'stkId': 'KT06', 'displayLock': 'N', 'scanproflg': 1, 'scUrl': 'finance-others/kfintechnologies/KT07', 'columns': [{'name': 'change %', 'value': '0.76'}, {'name': 'Adaptive RSI Indicator value', 'value': '931.77'}, {'name': 'LTP', 'value': '929.00'}]}",OHLC_D_I_ADRBEARCO,Bearish Crossovers (Daily),"Adaptive RSI (14,9) indicator fell below its average line in the current session.",15,Indicator Scans,"Adaptive RSI (14,9) indicator fell below its average line in the current session. It’s a bearish event.",,,False,1,N,,OHLC_D_I_ADRBEARCO
1786619717,"{'stkname': 'Petronet LNG', 'ltp': '', 'perChg': '', 'stkId': 'PLN', 'displayLock': 'N', 'scanproflg': 1, 'scUrl': 'oil-drillingexploration/petronetlng/PLN', 'columns': [{'name': 'change %', 'value': '-0.20'}, {'name': 'Adaptive RSI Indicator value', 'value': '279.48'}, {'name': 'LTP', 'value': '279.30'}]}",OHLC_D_I_ADRBEARCO,Bearish Crossovers (Daily),"Adaptive RSI (14,9) indicator fell below its average line in the current session.",15,Indicator Scans,"Adaptive RSI (14,9) indicator fell below its average line in the current session. It’s a bearish event.",,,False,1,N,,OHLC_D_I_ADRBEARCO
1786619717,"{'stkname': 'Rategain Travel', 'ltp': '', 'perChg': '', 'stkId': 'RTT', 'displayLock': 'N', 'scanproflg': 1, 'scUrl': 'software/rategaintraveltechnologies/RTT', 'columns': [{'name': 'change %', 'value': '-4.68'}, {'name': 'Adaptive RSI Indicator value', 'value': '933.17'}, {'name': 'LTP', 'value': '889.00'}]}",OHLC_D_I_ADRBEARCO,Bearish Crossovers (Daily),"Adaptive RSI (14,9) indicator fell below its average line in the current session.",15,Indicator Scans,"Adaptive RSI (14,9) indicator fell below its average line in the current session. It’s a bearish event.",,,False,1,N,,OHLC_D_I_ADRBEARCO
1786619717,"{'stkname': 'SBI Card', 'ltp': '', 'perChg': '', 'stkId': 'SCP03', 'displayLock': 'N', 'scanproflg': 1, 'scUrl': 'finance-term-lending/sbicardspaymentservices/SCP02', 'columns': [{'name': 'change %', 'value': '-2.38'}, {'name': 'Adaptive RSI Indicator value', 'value': '653.71'}, {'name': 'LTP', 'value': '641.00'}]}",OHLC_D_I_ADRBEARCO,Bearish Crossovers (Daily),"Adaptive RSI (14,9) indicator fell below its average line in the current session.",15,Indicator Scans,"Adaptive RSI (14,9) indicator fell below its average line in the current session. It’s a bearish event.",,,False,1,N,,OHLC_D_I_ADRBEARCO
1786619717,"{'stkname': 'Jindal Drilling', 'ltp': '', 'perChg': '', 'stkId': 'JDI', 'displayLock': 'N', 'scanproflg': 1, 'scUrl': 'oil-drillingexploration/jindaldrillingindustries/JDI', 'columns': [{'name': 'change %', 'value': '0.56'}, {'name': 'Adaptive RSI Indicator value', 'value': '606.53'}, {'name': 'LTP', 'value': '599.00'}]}",OHLC_D_I_ADRBEARCO,Bearish Crossovers (Daily),"Adaptive RSI (14,9) indicator fell below its average line in the current session.",15,Indicator Scans,"Adaptive RSI (14,9) indicator fell below its average line in the current session. It’s a bearish event.",,,False,1,N,,OHLC_D_I_ADRBEARCO
1786619717,"{'stkname': 'Whirlpool', 'ltp': '', 'perChg': '', 'stkId': 'WI', 'displayLock': 'N', 'scanproflg': 1, 'scUrl': 'consumer-goods-white-goods/whirlpoolindia/WI', 'columns': [{'name': 'change %', 'value': '-0.78'}, {'name': 'Adaptive RSI Indicator value', 'value': '802.27'}, {'name': 'LTP', 'value': '784.00'}]}",OHLC_D_I_ADRBEARCO,Bearish Crossovers (Daily),"Adaptive RSI (14,9) indicator fell below its average line in the current session.",15,Indicator Scans,"Adaptive RSI (14,9) indicator fell below its average line in the current session. It’s a bearish event.",,,False,1,N,,OHLC_D_I_ADRBEARCO
1786619717,"{'stkname': 'BPCL', 'ltp': '', 'perChg': '', 'stkId': 'BPC', 'displayLock': 'N', 'scanproflg': 1, 'scUrl': 'refineries/bharatpetroleumcorporation/BPC', 'columns': [{'name': 'change %', 'value': '-0.63'}, {'name': 'Adaptive RSI Indicator value', 'value': '319.35'}, {'name': 'LTP', 'value': '315.00'}]}",OHLC_D_I_ADRBEARCO,Bearish Crossovers (Daily),"Adaptive RSI (14,9) indicator fell below its average line in the current session.",15,Indicator Scans,"Adaptive RSI (14,9) indicator fell below its average line in the current session. It’s a bearish event.",,,False,1,N,,OHLC_D_I_ADRBEARCO
1786619717,"{'stkname': 'Trent', 'ltp': '', 'perChg': '', 'stkId': 'L', 'displayLock': 'N', 'scanproflg': 1, 'scUrl': 'retail/trent/T04', 'columns': [{'name': 'change %', 'value': '0.10'}, {'name': 'Adaptive RSI Indicator value', 'value': '3,025.75'}, {'name': 'LTP', 'value': '2,990.00'}]}",OHLC_D_I_ADRBEARCO,Bearish Crossovers (Daily),"Adaptive RSI (14,9) indicator fell below its average line in the current session.",15,Indicator Scans,"Adaptive RSI (14,9) indicator fell below its average line in the current session. It’s a bearish event.",,,False,1,N,,OHLC_D_I_ADRBEARCO
1786619717,"{'stkname': 'Bajaj Finance', 'ltp': '', 'perChg': '', 'stkId': 'BAF', 'displayLock': 'N', 'scanproflg': 1, 'scUrl': 'finance-nbfc/bajajfinance/BAF', 'columns': [{'name': 'change %', 'value': '-0.31'}, {'name': 'Adaptive RSI Indicator value', 'value': '1,107.09'}, {'name': 'LTP', 'value': '1,090.80'}]}",OHLC_D_I_ADRBEARCO,Bearish Crossovers (Daily),"Adaptive RSI (14,9) indicator fell below its average line in the current session.",15,Indicator Scans,"Adaptive RSI (14,9) indicator fell below its average line in the current session. It’s a bearish event.",,,False,1,N,,OHLC_D_I_ADRBEARCO
1786619717,"{'stkname': 'IOC', 'ltp': '', 'perChg': '', 'stkId': 'IOC', 'displayLock': 'N', 'scanproflg': 1, 'scUrl': 'refineries/indianoilcorporation/IOC', 'columns': [{'name': 'change %', 'value': '0.64'}, {'name': 'Adaptive RSI Indicator value', 'value': '141.66'}, {'name': 'LTP', 'value': '141.50'}]}",OHLC_D_I_ADRBEARCO,Bearish Crossovers (Daily),"Adaptive RSI (14,9) indicator fell below its average line in the current session.",15,Indicator Scans,"Adaptive RSI (14,9) indicator fell below its average line in the current session. It’s a bearish event.",,,False,1,N,,OHLC_D_I_ADRBEARCO
1786619717,"{'stkname': 'Maruti Suzuki', 'ltp': '', 'perChg': '', 'stkId': 'MU01', 'displayLock': 'N', 'scanproflg': 1, 'scUrl': 'auto-carsjeeps/marutisuzukiindia/MS24', 'columns': [{'name': 'change %', 'value': '0.22'}, {'name': 'Adaptive RSI Indicator value', 'value': '14,002.05'}, {'name': 'LTP', 'value': '13,905.00'}]}",OHLC_D_I_ADRBEARCO,Bearish Crossovers (Daily),"Adaptive RSI (14,9) indicator fell below its average line in the current session.",15,Indicator Scans,"Adaptive RSI (14,9) indicator fell below its average line in the current session. It’s a bearish event.",,,False,1,N,,OHLC_D_I_ADRBEARCO
1786619717,"{'stkname': 'Axis NiftyHeal', 'ltp': '', 'perChg': '', 'stkId': 'AHE02', 'displayLock': 'N', 'scanproflg': 1, 'scUrl': 'etf/axisniftyhealthcareetf/AHE02', 'columns': [{'name': 'change %', 'value': '-0.42'}, {'name': 'Adaptive RSI Indicator value', 'value': '169.18'}, {'name': 'LTP', 'value': '168.24'}]}",OHLC_D_I_ADRBEARCO,Bearish Crossovers (Daily),"Adaptive RSI (14,9) indicator fell below its average line in the current session.",15,Indicator Scans,"Adaptive RSI (14,9) indicator fell below its average line in the current session. It’s a bearish event.",,,False,1,N,,OHLC_D_I_ADRBEARCO
1786619717,"{'stkname': 'DSP Top10 Bks', 'ltp': '', 'perChg': '', 'stkId': 'DBT', 'displayLock': 'N', 'scanproflg': 1, 'scUrl': 'etf/dspbsetop10banksetf/DBT', 'columns': [{'name': 'change %', 'value': '-1.39'}, {'name': 'Adaptive RSI Indicator value', 'value': '17.08'}, {'name': 'LTP', 'value': '17.00'}]}",OHLC_D_I_ADRBEARCO,Bearish Crossovers (Daily),"Adaptive RSI (14,9) indicator fell below its average line in the current session.",15,Indicator Scans,"Adaptive RSI (14,9) indicator fell below its average line in the current session. It’s a bearish event.",,,False,1,N,,OHLC_D_I_ADRBEARCO
1786619717,"{'stkname': 'Nipp Nifty1D', 'ltp': '', 'perChg': '', 'stkId': 'LB', 'displayLock': 'N', 'scanproflg': 1, 'scUrl': 'etf/nipponindiaetfnifty1drateliquidbees/LB', 'columns': [{'name': 'change %', 'value': '0.00'}, {'name': 'Adaptive RSI Indicator value', 'value': '1,000.00'}, {'name': 'LTP', 'value': '999.99'}]}",OHLC_W_I_ADRBEARCO,Bearish Crossovers (Weekly),Bearish Crossovers (Weekly),15,Indicator Scans,Bearish Crossovers (Weekly),,,False,1,N,,OHLC_W_I_ADRBEARCO
1786619717,"{'stkname': 'RHI Magnesita', 'ltp': '', 'perChg': '', 'stkId': 'OR01', 'displayLock': 'N', 'scanproflg': 1, 'scUrl': 'cement-productsbuilding-materials/rhimagnesitaindia/OR01', 'columns': [{'name': 'change %', 'value': '1.50'}, {'name': 'Adaptive RSI Indicator value', 'value': '401.13'}, {'name': 'LTP', 'value': '391.70'}]}",OHLC_W_I_ADRBEARCO,Bearish Crossovers (Weekly),Bearish Crossovers (Weekly),15,Indicator Scans,Bearish Crossovers (Weekly),,,False,1,N,,OHLC_W_I_ADRBEARCO
1786619717,"{'stkname': 'Kirloskar Ferro', 'ltp': '', 'perChg': '', 'stkId': 'KFI01', 'displayLock': 'N', 'scanproflg': 1, 'scUrl': 'steel-pig-iron/kirloskarferrousindustries/KFI01', 'columns': [{'name': 'change %', 'value': '-1.06'}, {'name': 'Adaptive RSI Indicator value', 'value': '460.80'}, {'name': 'LTP', 'value': '433.50'}]}",OHLC_W_I_ADRBEARCO,Bearish Crossovers (Weekly),Bearish Crossovers (Weekly),15,Indicator Scans,Bearish Crossovers (Weekly),,,False,1,N,,OHLC_W_I_ADRBEARCO
1786619717,"{'stkname': 'Shilchar Techno', 'ltp': '', 'perChg': '', 'stkId': 'SEL07', 'displayLock': 'N', 'scanproflg': 1, 'scUrl': 'electric-equipment/shilchartechnologies/ST21', 'columns': [{'name': 'change %', 'value': '2.33'}, {'name': 'Adaptive RSI Indicator value', 'value': '4,388.80'}, {'name': 'LTP', 'value': '3,944.00'}]}",OHLC_W_I_ADRBEARCO,Bearish Crossovers (Weekly),Bearish Crossovers (Weekly),15,Indicator Scans,Bearish Crossovers (Weekly),,,False,1,N,,OHLC_W_I_ADRBEARCO
1786619717,"{'stkname': 'Sumeet Ind', 'ltp': '', 'perChg': '', 'stkId': 'SI45', 'displayLock': 'N', 'scanproflg': 1, 'scUrl': 'textiles-manmade/sumeetindustries/SI45', 'columns': [{'name': 'change %', 'value': '-4.99'}, {'name': 'Adaptive RSI Indicator value', 'value': '26.73'}, {'name': 'LTP', 'value': '14.08'}]}",OHLC_W_I_ADRBEARCO,Bearish Crossovers (Weekly),Bearish Crossovers (Weekly),15,Indicator Scans,Bearish Crossovers (Weekly),,,False,1,N,,OHLC_W_I_ADRBEARCO
1786619717,"{'stkname': 'Nitco', 'ltp': '', 'perChg': '', 'stkId': 'NT01', 'displayLock': 'N', 'scanproflg': 1, 'scUrl': 'ceramicsgranite/nitco/N52', 'columns': [{'name': 'change %', 'value': '-4.82'}, {'name': 'Adaptive RSI Indicator value', 'value': '102.98'}, {'name': 'LTP', 'value': '92.14'}]}",OHLC_W_I_ADRBEARCO,Bearish Crossovers (Weekly),Bearish Crossovers (Weekly),15,Indicator Scans,Bearish Crossovers (Weekly),,,False,1,N,,OHLC_W_I_ADRBEARCO
1786619717,"{'stkname': 'ADVAIT ENERGY', 'ltp': '', 'perChg': '', 'stkId': 'AIL05', 'displayLock': 'N', 'scanproflg': 1, 'scUrl': 'electrodeselectrical-equipments/advaitenergytransitions/AIL05', 'columns': [{'name': 'change %', 'value': '-0.93'}, {'name': 'Adaptive RSI Indicator value', 'value': '2,200.28'}, {'name': 'LTP', 'value': '2,098.00'}]}",OHLC_W_I_ADRBEARCO,Bearish Crossovers (Weekly),Bearish Crossovers (Weekly),15,Indicator Scans,Bearish Crossovers (Weekly),,,False,1,N,,OHLC_W_I_ADRBEARCO
1786619717,"{'stkname': 'Billionbrains G', 'ltp': '', 'perChg': '', 'stkId': 'BGV', 'displayLock': 'N', 'scanproflg': 1, 'scUrl': 'finance-stock-broking/billionbrainsgarageventures/BGV01', 'columns': [{'name': 'change %', 'value': '0.31'}, {'name': 'Adaptive RSI Indicator value', 'value': '198.86'}, {'name': 'LTP', 'value': '197.89'}]}",OHLC_W_I_ADRBEARCO,Bearish Crossovers (Weekly),Bearish Crossovers (Weekly),15,Indicator Scans,Bearish Crossovers (Weekly),,,False,1,N,,OHLC_W_I_ADRBEARCO
1786619717,"{'stkname': 'Scoda Tubes', 'ltp': '', 'perChg': '', 'stkId': 'STL10', 'displayLock': 'N', 'scanproflg': 1, 'scUrl': 'ironsteel/scodatubes/STL11', 'columns': [{'name': 'change %', 'value': '-0.40'}, {'name': 'Adaptive RSI Indicator value', 'value': '143.09'}, {'name': 'LTP', 'value': '133.10'}]}",OHLC_W_I_ADRBEARCO,Bearish Crossovers (Weekly),Bearish Crossovers (Weekly),15,Indicator Scans,Bearish Crossovers (Weekly),,,False,1,N,,OHLC_W_I_ADRBEARCO
1786619717,"{'stkname': 'GK Energy', 'ltp': '', 'perChg': '', 'stkId': 'GEL02', 'displayLock': 'N', 'scanproflg': 1, 'scUrl': 'renewables/gkenergy/GEL02', 'columns': [{'name': 'change %', 'value': '0.51'}, {'name': 'Adaptive RSI Indicator value', 'value': '135.61'}, {'name': 'LTP', 'value': '128.70'}]}",OHLC_W_I_ADRBEARCO,Bearish Crossovers (Weekly),Bearish Crossovers (Weekly),15,Indicator Scans,Bearish Crossovers (Weekly),,,False,1,N,,OHLC_W_I_ADRBEARCO
1786619717,"{'stkname': 'Quadrant Future', 'ltp': '', 'perChg': '', 'stkId': 'QFT', 'displayLock': 'N', 'scanproflg': 1, 'scUrl': 'cables/quadrantfuturetek/QFT', 'columns': [{'name': 'change %', 'value': '1.18'}, {'name': 'Adaptive RSI Indicator value', 'value': '379.39'}, {'name': 'LTP', 'value': '360.00'}]}",OHLC_W_I_ADRBEARCO,Bearish Crossovers (Weekly),Bearish Crossovers (Weekly),15,Indicator Scans,Bearish Crossovers (Weekly),,,False,1,N,,OHLC_W_I_ADRBEARCO
1786619717,"{'stkname': 'HDB Financial', 'ltp': '', 'perChg': '', 'stkId': 'HFSL', 'displayLock': 'N', 'scanproflg': 1, 'scUrl': 'finance-nbfc/hdbfinancialservices/HFSL', 'columns': [{'name': 'change %', 'value': '-0.53'}, {'name': 'Adaptive RSI Indicator value', 'value': '701.96'}, {'name': 'LTP', 'value': '685.10'}]}",OHLC_W_I_ADRBEARCO,Bearish Crossovers (Weekly),Bearish Crossovers (Weekly),15,Indicator Scans,Bearish Crossovers (Weekly),,,False,1,N,,OHLC_W_I_ADRBEARCO
1786619717,"{'stkname': 'Anlon Healthcar', 'ltp': '', 'perChg': '', 'stkId': 'AHL01', 'displayLock': 'N', 'scanproflg': 1, 'scUrl': 'pharmaceuticalsdrugs/anlonhealthcare/AHL01', 'columns': [{'name': 'change %', 'value': '0.21'}, {'name': 'Adaptive RSI Indicator value', 'value': '14.82'}, {'name': 'LTP', 'value': '14.26'}]}",OHLC_W_I_ADRBEARCO,Bearish Crossovers (Weekly),Bearish Crossovers (Weekly),15,Indicator Scans,Bearish Crossovers (Weekly),,,False,1,N,,OHLC_W_I_ADRBEARCO
1786619717,"{'stkname': 'DEE Development', 'ltp': '', 'perChg': '', 'stkId': 'DDEL', 'displayLock': 'N', 'scanproflg': 1, 'scUrl': 'ironsteel/deedevelopmentengineers/DDEL', 'columns': [{'name': 'change %', 'value': '-1.36'}, {'name': 'Adaptive RSI Indicator value', 'value': '657.41'}, {'name': 'LTP', 'value': '630.00'}]}",OHLC_W_I_ADRBEARCO,Bearish Crossovers (Weekly),Bearish Crossovers (Weekly),15,Indicator Scans,Bearish Crossovers (Weekly),,,False,1,N,,OHLC_W_I_ADRBEARCO
1786619717,"{'stkname': 'Apeejay Park', 'ltp': '', 'perChg': '', 'stkId': 'ASPHL', 'displayLock': 'N', 'scanproflg': 1, 'scUrl': 'hotel-resortrestaurants/apeejaysurrendraparkhotels/ASPHL', 'columns': [{'name': 'change %', 'value': '0.93'}, {'name': 'Adaptive RSI Indicator value', 'value': '122.65'}, {'name': 'LTP', 'value': '120.00'}]}",OHLC_W_I_ADRBEARCO,Bearish Crossovers (Weekly),Bearish Crossovers (Weekly),15,Indicator Scans,Bearish Crossovers (Weekly),,,False,1,N,,OHLC_W_I_ADRBEARCO
1786619717,"{'stkname': 'LE Travenues Te', 'ltp': '', 'perChg': '', 'stkId': 'LTT', 'displayLock': 'N', 'scanproflg': 1, 'scUrl': 'travel-services/letravenuestechnologyixigo/LTT', 'columns': [{'name': 'change %', 'value': '-3.63'}, {'name': 'Adaptive RSI Indicator value', 'value': '190.63'}, {'name': 'LTP', 'value': '171.90'}]}",OHLC_W_I_ADRBEARCO,Bearish Crossovers (Weekly),Bearish Crossovers (Weekly),15,Indicator Scans,Bearish Crossovers (Weekly),,,False,1,N,,OHLC_W_I_ADRBEARCO
1786619717,"{'stkname': 'JNK India', 'ltp': '', 'perChg': '', 'stkId': 'JIL06', 'displayLock': 'N', 'scanproflg': 1, 'scUrl': 'electric-equipment-boilersturbines/jnkindia/JIL04', 'columns': [{'name': 'change %', 'value': '3.36'}, {'name': 'Adaptive RSI Indicator value', 'value': '448.39'}, {'name': 'LTP', 'value': '420.95'}]}",OHLC_W_I_ADRBEARCO,Bearish Crossovers (Weekly),Bearish Crossovers (Weekly),15,Indicator Scans,Bearish Crossovers (Weekly),,,False,1,N,,OHLC_W_I_ADRBEARCO
1786619717,"{'stkname': 'Avantel', 'ltp': '', 'perChg': '', 'stkId': 'AS22', 'displayLock': 'N', 'scanproflg': 1, 'scUrl': 'computers-software-mediumsmall/avantel/A19', 'columns': [{'name': 'change %', 'value': '1.14'}, {'name': 'Adaptive RSI Indicator value', 'value': '166.51'}, {'name': 'LTP', 'value': '160.03'}]}",OHLC_W_I_ADRBEARCO,Bearish Crossovers (Weekly),Bearish Crossovers (Weekly),15,Indicator Scans,Bearish Crossovers (Weekly),,,False,1,N,,OHLC_W_I_ADRBEARCO
1786619717,"{'stkname': 'Fedbank Financi', 'ltp': '', 'perChg': '', 'stkId': 'FFSL', 'displayLock': 'N', 'scanproflg': 1, 'scUrl': 'finance-nbfc/fedbankfinancialservices/FFSL', 'columns': [{'name': 'change %', 'value': '0.20'}, {'name': 'Adaptive RSI Indicator value', 'value': '153.12'}, {'name': 'LTP', 'value': '152.15'}]}",OHLC_W_I_ADRBEARCO,Bearish Crossovers (Weekly),Bearish Crossovers (Weekly),15,Indicator Scans,Bearish Crossovers (Weekly),,,False,1,N,,OHLC_W_I_ADRBEARCO
1786619717,"{'stkname': 'Mayur Uniquoter', 'ltp': '', 'perChg': '', 'stkId': 'MU', 'displayLock': 'N', 'scanproflg': 1, 'scUrl': 'plastics/mayuruniquoters/MU', 'columns': [{'name': 'change %', 'value': '1.10'}, {'name': 'Adaptive RSI Indicator value', 'value': '780.76'}, {'name': 'LTP', 'value': '759.00'}]}",OHLC_W_I_ADRBEARCO,Bearish Crossovers (Weekly),Bearish Crossovers (Weekly),15,Indicator Scans,Bearish Crossovers (Weekly),,,False,1,N,,OHLC_W_I_ADRBEARCO
1786619717,"{'stkname': 'Faze Three', 'ltp': '', 'perChg': '', 'stkId': 'FTE', 'displayLock': 'N', 'scanproflg': 1, 'scUrl': 'textiles-spinning-cotton-blended/fazethree/FTE', 'columns': [{'name': 'change %', 'value': '-10.00'}, {'name': 'Adaptive RSI Indicator value', 'value': '550.24'}, {'name': 'LTP', 'value': '488.75'}]}",OHLC_W_I_ADRBEARCO,Bearish Crossovers (Weekly),Bearish Crossovers (Weekly),15,Indicator Scans,Bearish Crossovers (Weekly),,,False,1,N,,OHLC_W_I_ADRBEARCO
1786619717,"{'stkname': 'Redtape', 'ltp': '', 'perChg': '', 'stkId': 'R08', 'displayLock': 'N', 'scanproflg': 1, 'scUrl': 'footwear/redtape/R04', 'columns': [{'name': 'change %', 'value': '-1.26'}, {'name': 'Adaptive RSI Indicator value', 'value': '133.02'}, {'name': 'LTP', 'value': '124.29'}]}",OHLC_W_I_ADRBEARCO,Bearish Crossovers (Weekly),Bearish Crossovers (Weekly),15,Indicator Scans,Bearish Crossovers (Weekly),,,False,1,N,,OHLC_W_I_ADRBEARCO
1786619717,"{'stkname': 'Banswara Syntex', 'ltp': '', 'perChg': '', 'stkId': 'BS01', 'displayLock': 'N', 'scanproflg': 1, 'scUrl': 'textiles-spinning-synthetic-blended/banswarasyntex/BS01', 'columns': [{'name': 'change %', 'value': '-1.76'}, {'name': 'Adaptive RSI Indicator value', 'value': '125.75'}, {'name': 'LTP', 'value': '119.85'}]}",OHLC_W_I_ADRBEARCO,Bearish Crossovers (Weekly),Bearish Crossovers (Weekly),15,Indicator Scans,Bearish Crossovers (Weekly),,,False,1,N,,OHLC_W_I_ADRBEARCO
1786619717,"{'stkname': 'Responsive Ind', 'ltp': '', 'perChg': '', 'stkId': 'SH10', 'displayLock': 'N', 'scanproflg': 1, 'scUrl': 'constructioncontracting-civil/responsiveindustries/SH10', 'columns': [{'name': 'change %', 'value': '1.78'}, {'name': 'Adaptive RSI Indicator value', 'value': '184.12'}, {'name': 'LTP', 'value': '170.16'}]}",OHLC_W_I_ADRBEARCO,Bearish Crossovers (Weekly),Bearish Crossovers (Weekly),15,Indicator Scans,Bearish Crossovers (Weekly),,,False,1,N,,OHLC_W_I_ADRBEARCO
1786619717,"{'stkname': 'Texmaco Rail', 'ltp': '', 'perChg': '', 'stkId': 'TRE', 'displayLock': 'N', 'scanproflg': 1, 'scUrl': 'infrastructure-general/texmacorailengineering/TRE', 'columns': [{'name': 'change %', 'value': '-0.61'}, {'name': 'Adaptive RSI Indicator value', 'value': '111.12'}, {'name': 'LTP', 'value': '107.10'}]}",OHLC_W_I_ADRBEARCO,Bearish Crossovers (Weekly),Bearish Crossovers (Weekly),15,Indicator Scans,Bearish Crossovers (Weekly),,,False,1,N,,OHLC_W_I_ADRBEARCO
1786619717,"{'stkname': 'Zota Health Car', 'ltp': '', 'perChg': '', 'stkId': 'ZHC', 'displayLock': 'N', 'scanproflg': 1, 'scUrl': 'pharmaceuticals/zotahealthcare/ZHC', 'columns': [{'name': 'change %', 'value': '0.83'}, {'name': 'Adaptive RSI Indicator value', 'value': '1,309.13'}, {'name': 'LTP', 'value': '1,260.00'}]}",OHLC_W_I_ADRBEARCO,Bearish Crossovers (Weekly),Bearish Crossovers (Weekly),15,Indicator Scans,Bearish Crossovers (Weekly),,,False,1,N,,OHLC_W_I_ADRBEARCO
1786619717,"{'stkname': 'Indoco Remedies', 'ltp': '', 'perChg': '', 'stkId': 'IR05', 'displayLock': 'N', 'scanproflg': 1, 'scUrl': 'pharmaceuticals/indocoremedies/IR05', 'columns': [{'name': 'change %', 'value': '2.44'}, {'name': 'Adaptive RSI Indicator value', 'value': '232.76'}, {'name': 'LTP', 'value': '222.80'}]}",OHLC_W_I_ADRBEARCO,Bearish Crossovers (Weekly),Bearish Crossovers (Weekly),15,Indicator Scans,Bearish Crossovers (Weekly),,,False,1,N,,OHLC_W_I_ADRBEARCO
1786619717,"{'stkname': 'FDC', 'ltp': '', 'perChg': '', 'stkId': 'FDC', 'displayLock': 'N', 'scanproflg': 1, 'scUrl': 'pharmaceuticals/fdc/FDC', 'columns': [{'name': 'change %', 'value': '1.72'}, {'name': 'Adaptive RSI Indicator value', 'value': '399.56'}, {'name': 'LTP', 'value': '359.85'}]}",OHLC_W_I_ADRBEARCO,Bearish Crossovers (Weekly),Bearish Crossovers (Weekly),15,Indicator Scans,Bearish Crossovers (Weekly),,,False,1,N,,OHLC_W_I_ADRBEARCO
1786619717,"{'stkname': 'Zee Entertain', 'ltp': '', 'perChg': '', 'stkId': 'ZT', 'displayLock': 'N', 'scanproflg': 1, 'scUrl': 'mediaentertainment/zeeentertainmententerprises/ZEE', 'columns': [{'name': 'change %', 'value': '-1.05'}, {'name': 'Adaptive RSI Indicator value', 'value': '103.36'}, {'name': 'LTP', 'value': '96.50'}]}",OHLC_W_I_ADRBEARCO,Bearish Crossovers (Weekly),Bearish Crossovers (Weekly),15,Indicator Scans,Bearish Crossovers (Weekly),,,False,1,N,,OHLC_W_I_ADRBEARCO
1786619717,"{'stkname': 'Refex Ind', 'ltp': '', 'perChg': '', 'stkId': 'RR05', 'displayLock': 'N', 'scanproflg': 1, 'scUrl': 'chemicals/refexindustries/RR05', 'columns': [{'name': 'change %', 'value': '-0.31'}, {'name': 'Adaptive RSI Indicator value', 'value': '313.31'}, {'name': 'LTP', 'value': '292.50'}]}",OHLC_W_I_ADRBEARCO,Bearish Crossovers (Weekly),Bearish Crossovers (Weekly),15,Indicator Scans,Bearish Crossovers (Weekly),,,False,1,N,,OHLC_W_I_ADRBEARCO
1786619717,"{'stkname': 'Navkar Corp', 'ltp': '', 'perChg': '', 'stkId': 'NC09', 'displayLock': 'N', 'scanproflg': 1, 'scUrl': 'transportlogistics/navkarcorporation/NC02', 'columns': [{'name': 'change %', 'value': '-1.05'}, {'name': 'Adaptive RSI Indicator value', 'value': '102.83'}, {'name': 'LTP', 'value': '99.00'}]}",OHLC_W_I_ADRBEARCO,Bearish Crossovers (Weekly),Bearish Crossovers (Weekly),15,Indicator Scans,Bearish Crossovers (Weekly),,,False,1,N,,OHLC_W_I_ADRBEARCO
1786619717,"{'stkname': 'Hinduja Global', 'ltp': '', 'perChg': '', 'stkId': 'HTM01', 'displayLock': 'N', 'scanproflg': 1, 'scUrl': 'computers-software/hindujaglobalsolutions/HGS01', 'columns': [{'name': 'change %', 'value': '-0.61'}, {'name': 'Adaptive RSI Indicator value', 'value': '421.25'}, {'name': 'LTP', 'value': '404.25'}]}",OHLC_W_I_ADRBEARCO,Bearish Crossovers (Weekly),Bearish Crossovers (Weekly),15,Indicator Scans,Bearish Crossovers (Weekly),,,False,1,N,,OHLC_W_I_ADRBEARCO
1786619717,"{'stkname': 'Cybertech', 'ltp': '', 'perChg': '', 'stkId': 'CSS', 'displayLock': 'N', 'scanproflg': 1, 'scUrl': 'computers-software-mediumsmall/cybertechsystemssoftware/CSS', 'columns': [{'name': 'change %', 'value': '1.07'}, {'name': 'Adaptive RSI Indicator value', 'value': '140.30'}, {'name': 'LTP', 'value': '136.49'}]}",OHLC_W_I_ADRBEARCO,Bearish Crossovers (Weekly),Bearish Crossovers (Weekly),15,Indicator Scans,Bearish Crossovers (Weekly),,,False,1,N,,OHLC_W_I_ADRBEARCO
1786619717,"{'stkname': 'EIH', 'ltp': '', 'perChg': '', 'stkId': 'EIH', 'displayLock': 'N', 'scanproflg': 1, 'scUrl': 'hotels/eih/EIH', 'columns': [{'name': 'change %', 'value': '0.50'}, {'name': 'Adaptive RSI Indicator value', 'value': '321.83'}, {'name': 'LTP', 'value': '300.00'}]}",OHLC_W_I_ADRBEARCO,Bearish Crossovers (Weekly),Bearish Crossovers (Weekly),15,Indicator Scans,Bearish Crossovers (Weekly),,,False,1,N,,OHLC_W_I_ADRBEARCO
1786619717,"{'stkname': 'Chaman Lal Seti', 'ltp': '', 'perChg': '', 'stkId': 'CLS', 'displayLock': 'N', 'scanproflg': 1, 'scUrl': 'food-processing/chamanlalsetiaexports/CLS', 'columns': [{'name': 'change %', 'value': '-0.65'}, {'name': 'Adaptive RSI Indicator value', 'value': '281.68'}, {'name': 'LTP', 'value': '281.80'}]}",OHLC_W_I_ADRBEARCO,Bearish Crossovers (Weekly),Bearish Crossovers (Weekly),15,Indicator Scans,Bearish Crossovers (Weekly),,,False,1,N,,OHLC_W_I_ADRBEARCO
1786619717,"{'stkname': 'ADF Foods', 'ltp': '', 'perChg': '', 'stkId': 'ADF01', 'displayLock': 'N', 'scanproflg': 1, 'scUrl': 'food-processing/adffoodsindustries/AF30', 'columns': [{'name': 'change %', 'value': '0.52'}, {'name': 'Adaptive RSI Indicator value', 'value': '286.54'}, {'name': 'LTP', 'value': '263.00'}]}",OHLC_W_I_ADRBEARCO,Bearish Crossovers (Weekly),Bearish Crossovers (Weekly),15,Indicator Scans,Bearish Crossovers (Weekly),,,False,1,N,,OHLC_W_I_ADRBEARCO
1786619717,"{'stkname': 'Liberty Shoes', 'ltp': '', 'perChg': '', 'stkId': 'LS02', 'displayLock': 'N', 'scanproflg': 1, 'scUrl': 'leather-products/libertyshoes/LS02', 'columns': [{'name': 'change %', 'value': '-0.79'}, {'name': 'Adaptive RSI Indicator value', 'value': '259.54'}, {'name': 'LTP', 'value': '238.50'}]}",OHLC_W_I_ADRBEARCO,Bearish Crossovers (Weekly),Bearish Crossovers (Weekly),15,Indicator Scans,Bearish Crossovers (Weekly),,,False,1,N,,OHLC_W_I_ADRBEARCO
1786619717,"{'stkname': 'PNB Gilts', 'ltp': '', 'perChg': '', 'stkId': 'PNB04', 'displayLock': 'N', 'scanproflg': 1, 'scUrl': 'finance-investments/pnbgilts/PNB04', 'columns': [{'name': 'change %', 'value': '-1.06'}, {'name': 'Adaptive RSI Indicator value', 'value': '84.96'}, {'name': 'LTP', 'value': '79.56'}]}",OHLC_W_I_ADRBEARCO,Bearish Crossovers (Weekly),Bearish Crossovers (Weekly),15,Indicator Scans,Bearish Crossovers (Weekly),,,False,1,N,,OHLC_W_I_ADRBEARCO
1786619717,"{'stkname': 'Simplex Infra', 'ltp': '', 'perChg': '', 'stkId': 'SCP', 'displayLock': 'N', 'scanproflg': 1, 'scUrl': 'constructioncontracting-civil/simplexinfrastructures/SI82', 'columns': [{'name': 'change %', 'value': '-1.31'}, {'name': 'Adaptive RSI Indicator value', 'value': '247.77'}, {'name': 'LTP', 'value': '249.01'}]}",OHLC_W_I_ADRBEARCO,Bearish Crossovers (Weekly),Bearish Crossovers (Weekly),15,Indicator Scans,Bearish Crossovers (Weekly),,,False,1,N,,OHLC_W_I_ADRBEARCO
1786619717,"{'stkname': 'Sterling Wilson', 'ltp': '', 'perChg': '', 'stkId': 'SWS', 'displayLock': 'N', 'scanproflg': 1, 'scUrl': 'power-generationdistribution/sterlingwilsonrenewableenergy/SWS', 'columns': [{'name': 'change %', 'value': '0.57'}, {'name': 'Adaptive RSI Indicator value', 'value': '216.80'}, {'name': 'LTP', 'value': '203.70'}]}",OHLC_W_I_ADRBEARCO,Bearish Crossovers (Weekly),Bearish Crossovers (Weekly),15,Indicator Scans,Bearish Crossovers (Weekly),,,False,1,N,,OHLC_W_I_ADRBEARCO
1786619717,"{'stkname': 'Sterling Tools', 'ltp': '', 'perChg': '', 'stkId': 'ST', 'displayLock': 'N', 'scanproflg': 1, 'scUrl': 'fasteners/sterlingtools/ST', 'columns': [{'name': 'change %', 'value': '-0.16'}, {'name': 'Adaptive RSI Indicator value', 'value': '241.82'}, {'name': 'LTP', 'value': '222.30'}]}",OHLC_W_I_ADRBEARCO,Bearish Crossovers (Weekly),Bearish Crossovers (Weekly),15,Indicator Scans,Bearish Crossovers (Weekly),,,False,1,N,,OHLC_W_I_ADRBEARCO
1786619717,"{'stkname': 'AAVAS Financier', 'ltp': '', 'perChg': '', 'stkId': 'AF32', 'displayLock': 'N', 'scanproflg': 1, 'scUrl': 'finance-general/aavasfinanciers/AF17', 'columns': [{'name': 'change %', 'value': '0.97'}, {'name': 'Adaptive RSI Indicator value', 'value': '1,425.41'}, {'name': 'LTP', 'value': '1,430.00'}]}",OHLC_W_I_ADRBEARCO,Bearish Crossovers (Weekly),Bearish Crossovers (Weekly),15,Indicator Scans,Bearish Crossovers (Weekly),,,False,1,N,,OHLC_W_I_ADRBEARCO
1786619717,"{'stkname': 'APTUS VALUE', 'ltp': '', 'perChg': '', 'stkId': 'AVH', 'displayLock': 'N', 'scanproflg': 1, 'scUrl': 'finance-housing/aptusvaluehousingfinanceindia/AVH', 'columns': [{'name': 'change %', 'value': '-0.47'}, {'name': 'Adaptive RSI Indicator value', 'value': '272.36'}, {'name': 'LTP', 'value': '253.55'}]}",OHLC_W_I_ADRBEARCO,Bearish Crossovers (Weekly),Bearish Crossovers (Weekly),15,Indicator Scans,Bearish Crossovers (Weekly),,,False,1,N,,OHLC_W_I_ADRBEARCO
1786619717,"{'stkname': 'GPT Infra', 'ltp': '', 'perChg': '', 'stkId': 'GPT01', 'displayLock': 'N', 'scanproflg': 1, 'scUrl': 'constructioncontracting-civil/gptinfraprojects/GPT01', 'columns': [{'name': 'change %', 'value': '-0.73'}, {'name': 'Adaptive RSI Indicator value', 'value': '119.23'}, {'name': 'LTP', 'value': '118.00'}]}",OHLC_W_I_ADRBEARCO,Bearish Crossovers (Weekly),Bearish Crossovers (Weekly),15,Indicator Scans,Bearish Crossovers (Weekly),,,False,1,N,,OHLC_W_I_ADRBEARCO
1786619717,"{'stkname': 'Likhitha', 'ltp': '', 'perChg': '', 'stkId': 'LIL03', 'displayLock': 'N', 'scanproflg': 1, 'scUrl': 'infrastructure/likhithainfrastructure/LIL03', 'columns': [{'name': 'change %', 'value': '1.06'}, {'name': 'Adaptive RSI Indicator value', 'value': '231.68'}, {'name': 'LTP', 'value': '229.75'}]}",OHLC_W_I_ADRBEARCO,Bearish Crossovers (Weekly),Bearish Crossovers (Weekly),15,Indicator Scans,Bearish Crossovers (Weekly),,,False,1,N,,OHLC_W_I_ADRBEARCO
1786619717,"{'stkname': 'Power Mech', 'ltp': '', 'perChg': '', 'stkId': 'PMP', 'displayLock': 'N', 'scanproflg': 1, 'scUrl': 'infrastructure-general/powermechprojects/PMP', 'columns': [{'name': 'change %', 'value': '2.20'}, {'name': 'Adaptive RSI Indicator value', 'value': '2,590.11'}, {'name': 'LTP', 'value': '2,460.00'}]}",OHLC_W_I_ADRBEARCO,Bearish Crossovers (Weekly),Bearish Crossovers (Weekly),15,Indicator Scans,Bearish Crossovers (Weekly),,,False,1,N,,OHLC_W_I_ADRBEARCO
1786619717,"{'stkname': 'Crest Ventures', 'ltp': '', 'perChg': '', 'stkId': 'SR', 'displayLock': 'N', 'scanproflg': 1, 'scUrl': 'finance-housing/crestventures/SR', 'columns': [{'name': 'change %', 'value': '0.21'}, {'name': 'Adaptive RSI Indicator value', 'value': '374.06'}, {'name': 'LTP', 'value': '364.10'}]}",OHLC_W_I_ADRBEARCO,Bearish Crossovers (Weekly),Bearish Crossovers (Weekly),15,Indicator Scans,Bearish Crossovers (Weekly),,,False,1,N,,OHLC_W_I_ADRBEARCO
1786619717,"{'stkname': 'Patel Eng', 'ltp': '', 'perChg': '', 'stkId': 'PEC', 'displayLock': 'N', 'scanproflg': 1, 'scUrl': 'constructioncontracting-civil/patelengineeringcompany/PEC', 'columns': [{'name': 'change %', 'value': '-1.95'}, {'name': 'Adaptive RSI Indicator value', 'value': '29.60'}, {'name': 'LTP', 'value': '28.62'}]}",OHLC_W_I_ADRBEARCO,Bearish Crossovers (Weekly),Bearish Crossovers (Weekly),15,Indicator Scans,Bearish Crossovers (Weekly),,,False,1,N,,OHLC_W_I_ADRBEARCO
1786619717,"{'stkname': 'Elgi Equipments', 'ltp': '', 'perChg': '', 'stkId': 'EE01', 'displayLock': 'N', 'scanproflg': 1, 'scUrl': 'compressors/elgiequipments/EE01', 'columns': [{'name': 'change %', 'value': '-0.08'}, {'name': 'Adaptive RSI Indicator value', 'value': '579.33'}, {'name': 'LTP', 'value': '575.10'}]}",OHLC_W_I_ADRBEARCO,Bearish Crossovers (Weekly),Bearish Crossovers (Weekly),15,Indicator Scans,Bearish Crossovers (Weekly),,,False,1,N,,OHLC_W_I_ADRBEARCO
1786619717,"{'stkname': 'Onida Electro', 'ltp': '', 'perChg': '', 'stkId': 'ME', 'displayLock': 'N', 'scanproflg': 1, 'scUrl': 'electronic-goods/onidaelectronics/ME', 'columns': [{'name': 'change %', 'value': '-2.64'}, {'name': 'Adaptive RSI Indicator value', 'value': '39.27'}, {'name': 'LTP', 'value': '36.12'}]}",OHLC_W_I_ADRBEARCO,Bearish Crossovers (Weekly),Bearish Crossovers (Weekly),15,Indicator Scans,Bearish Crossovers (Weekly),,,False,1,N,,OHLC_W_I_ADRBEARCO
1786619717,"{'stkname': 'Genus Power', 'ltp': '', 'perChg': '', 'stkId': 'GOE', 'displayLock': 'N', 'scanproflg': 1, 'scUrl': 'electricals/genuspowerinfrastructures/GPI08', 'columns': [{'name': 'change %', 'value': '0.74'}, {'name': 'Adaptive RSI Indicator value', 'value': '313.21'}, {'name': 'LTP', 'value': '307.20'}]}",OHLC_W_I_ADRBEARCO,Bearish Crossovers (Weekly),Bearish Crossovers (Weekly),15,Indicator Scans,Bearish Crossovers (Weekly),,,False,1,N,,OHLC_W_I_ADRBEARCO
1786619717,"{'stkname': 'Anup Eng', 'ltp': '', 'perChg': '', 'stkId': 'ANUP54246', 'displayLock': 'N', 'scanproflg': 1, 'scUrl': 'engineering-industrial-equipments/theanupengineering/ANUP54246', 'columns': [{'name': 'change %', 'value': '-0.06'}, {'name': 'Adaptive RSI Indicator value', 'value': '2,084.69'}, {'name': 'LTP', 'value': '1,868.90'}]}",OHLC_W_I_ADRBEARCO,Bearish Crossovers (Weekly),Bearish Crossovers (Weekly),15,Indicator Scans,Bearish Crossovers (Weekly),,,False,1,N,,OHLC_W_I_ADRBEARCO
1786619717,"{'stkname': 'BL Kashyap', 'ltp': '', 'perChg': '', 'stkId': 'BLK', 'displayLock': 'N', 'scanproflg': 1, 'scUrl': 'construction-real-estate/blkashyapsons/BLK', 'columns': [{'name': 'change %', 'value': '-1.52'}, {'name': 'Adaptive RSI Indicator value', 'value': '54.74'}, {'name': 'LTP', 'value': '51.81'}]}",OHLC_W_I_ADRBEARCO,Bearish Crossovers (Weekly),Bearish Crossovers (Weekly),15,Indicator Scans,Bearish Crossovers (Weekly),,,False,1,N,,OHLC_W_I_ADRBEARCO
1786619717,"{'stkname': 'Krishna Defence', 'ltp': '', 'perChg': '', 'stkId': 'KDA', 'displayLock': 'N', 'scanproflg': 1, 'scUrl': 'defence/krishnadefencealliedindustries/KDA', 'columns': [{'name': 'change %', 'value': '-8.30'}, {'name': 'Adaptive RSI Indicator value', 'value': '1,215.13'}, {'name': 'LTP', 'value': '1,072.00'}]}",OHLC_W_I_ADRBEARCO,Bearish Crossovers (Weekly),Bearish Crossovers (Weekly),15,Indicator Scans,Bearish Crossovers (Weekly),,,False,1,N,,OHLC_W_I_ADRBEARCO
1786619717,"{'stkname': 'Premier Explo', 'ltp': '', 'perChg': '', 'stkId': 'PE02', 'displayLock': 'N', 'scanproflg': 1, 'scUrl': 'chemicals/premierexplosives/PE02', 'columns': [{'name': 'change %', 'value': '0.90'}, {'name': 'Adaptive RSI Indicator value', 'value': '674.48'}, {'name': 'LTP', 'value': '657.00'}]}",OHLC_W_I_ADRBEARCO,Bearish Crossovers (Weekly),Bearish Crossovers (Weekly),15,Indicator Scans,Bearish Crossovers (Weekly),,,False,1,N,,OHLC_W_I_ADRBEARCO
1786619717,"{'stkname': 'India Cements', 'ltp': '', 'perChg': '', 'stkId': 'IC', 'displayLock': 'N', 'scanproflg': 1, 'scUrl': 'cement-major/indiacements/IC', 'columns': [{'name': 'change %', 'value': '-1.15'}, {'name': 'Adaptive RSI Indicator value', 'value': '395.27'}, {'name': 'LTP', 'value': '381.05'}]}",OHLC_W_I_ADRBEARCO,Bearish Crossovers (Weekly),Bearish Crossovers (Weekly),15,Indicator Scans,Bearish Crossovers (Weekly),,,False,1,N,,OHLC_W_I_ADRBEARCO
1786619717,"{'stkname': 'Bharat Gears', 'ltp': '', 'perChg': '', 'stkId': 'BG01', 'displayLock': 'N', 'scanproflg': 1, 'scUrl': 'auto-ancillaries/bharatgears/BG01', 'columns': [{'name': 'change %', 'value': '-1.44'}, {'name': 'Adaptive RSI Indicator value', 'value': '118.48'}, {'name': 'LTP', 'value': '102.13'}]}",OHLC_W_I_ADRBEARCO,Bearish Crossovers (Weekly),Bearish Crossovers (Weekly),15,Indicator Scans,Bearish Crossovers (Weekly),,,False,1,N,,OHLC_W_I_ADRBEARCO
1786619717,"{'stkname': 'J. K. Cement', 'ltp': '', 'perChg': '', 'stkId': 'JKC03', 'displayLock': 'N', 'scanproflg': 1, 'scUrl': 'cement-major/jkcement/JKC03', 'columns': [{'name': 'change %', 'value': '-0.81'}, {'name': 'Adaptive RSI Indicator value', 'value': '5,438.05'}, {'name': 'LTP', 'value': '5,350.00'}]}",OHLC_W_I_ADRBEARCO,Bearish Crossovers (Weekly),Bearish Crossovers (Weekly),15,Indicator Scans,Bearish Crossovers (Weekly),,,False,1,N,,OHLC_W_I_ADRBEARCO
1786619717,"{'stkname': 'HMT', 'ltp': '', 'perChg': '', 'stkId': 'HMT', 'displayLock': 'N', 'scanproflg': 1, 'scUrl': 'auto-tractors/hmt/HMT', 'columns': [{'name': 'change %', 'value': '-1.97'}, {'name': 'Adaptive RSI Indicator value', 'value': '61.69'}, {'name': 'LTP', 'value': '57.61'}]}",OHLC_W_I_ADRBEARCO,Bearish Crossovers (Weekly),Bearish Crossovers (Weekly),15,Indicator Scans,Bearish Crossovers (Weekly),,,False,1,N,,OHLC_W_I_ADRBEARCO
1786619717,"{'stkname': 'JBM Auto', 'ltp': '', 'perChg': '', 'stkId': 'JBM03', 'displayLock': 'N', 'scanproflg': 1, 'scUrl': 'auto-ancillaries/jbmauto/JBM03', 'columns': [{'name': 'change %', 'value': '0.84'}, {'name': 'Adaptive RSI Indicator value', 'value': '661.78'}, {'name': 'LTP', 'value': '632.60'}]}",OHLC_W_I_ADRBEARCO,Bearish Crossovers (Weekly),Bearish Crossovers (Weekly),15,Indicator Scans,Bearish Crossovers (Weekly),,,False,1,N,,OHLC_W_I_ADRBEARCO
1786619717,"{'stkname': 'IDBI Bank', 'ltp': '', 'perChg': '', 'stkId': 'IDB', 'displayLock': 'N', 'scanproflg': 1, 'scUrl': 'bank-private/idbibank/IDB05', 'columns': [{'name': 'change %', 'value': '0.35'}, {'name': 'Adaptive RSI Indicator value', 'value': '84.12'}, {'name': 'LTP', 'value': '82.75'}]}",OHLC_W_I_ADRBEARCO,Bearish Crossovers (Weekly),Bearish Crossovers (Weekly),15,Indicator Scans,Bearish Crossovers (Weekly),,,False,1,N,,OHLC_W_I_ADRBEARCO
1786619717,"{'stkname': 'Sun Pharma Adv', 'ltp': '', 'perChg': '', 'stkId': 'SPA', 'displayLock': 'N', 'scanproflg': 1, 'scUrl': 'pharmaceuticals/sunpharmaadvancedresearchcompany/SPA', 'columns': [{'name': 'change %', 'value': '1.38'}, {'name': 'Adaptive RSI Indicator value', 'value': '221.21'}, {'name': 'LTP', 'value': '205.00'}]}",OHLC_W_I_ADRBEARCO,Bearish Crossovers (Weekly),Bearish Crossovers (Weekly),15,Indicator Scans,Bearish Crossovers (Weekly),,,False,1,N,,OHLC_W_I_ADRBEARCO
1786619717,"{'stkname': 'Yes Bank', 'ltp': '', 'perChg': '', 'stkId': 'YB', 'displayLock': 'N', 'scanproflg': 1, 'scUrl': 'banks-private-sector/yesbank/YB', 'columns': [{'name': 'change %', 'value': '0.00'}, {'name': 'Adaptive RSI Indicator value', 'value': '23.24'}, {'name': 'LTP', 'value': '22.98'}]}",OHLC_W_I_ADRBEARCO,Bearish Crossovers (Weekly),Bearish Crossovers (Weekly),15,Indicator Scans,Bearish Crossovers (Weekly),,,False,1,N,,OHLC_W_I_ADRBEARCO
1786619717,"{'stkname': 'NHPC', 'ltp': '', 'perChg': '', 'stkId': 'N07', 'displayLock': 'N', 'scanproflg': 1, 'scUrl': 'power-generationdistribution/nhpc/N07', 'columns': [{'name': 'change %', 'value': '0.85'}, {'name': 'Adaptive RSI Indicator value', 'value': '78.48'}, {'name': 'LTP', 'value': '77.50'}]}",OHLC_W_I_ADRBEARCO,Bearish Crossovers (Weekly),Bearish Crossovers (Weekly),15,Indicator Scans,Bearish Crossovers (Weekly),,,False,1,N,,OHLC_W_I_ADRBEARCO
1786619717,"{'stkname': 'Fortis Health', 'ltp': '', 'perChg': '', 'stkId': 'FH', 'displayLock': 'N', 'scanproflg': 1, 'scUrl': 'hospitalsmedical-services/fortishealthcare/FH', 'columns': [{'name': 'change %', 'value': '0.68'}, {'name': 'Adaptive RSI Indicator value', 'value': '947.29'}, {'name': 'LTP', 'value': '906.15'}]}",OHLC_W_I_ADRBEARCO,Bearish Crossovers (Weekly),Bearish Crossovers (Weekly),15,Indicator Scans,Bearish Crossovers (Weekly),,,False,1,N,,OHLC_W_I_ADRBEARCO
1786619717,"{'stkname': 'AXIS NI IT ETF', 'ltp': '', 'perChg': '', 'stkId': 'ATE04', 'displayLock': 'N', 'scanproflg': 1, 'scUrl': 'etf/axisniftyitetf/ATE04', 'columns': [{'name': 'change %', 'value': '-0.83'}, {'name': 'Adaptive RSI Indicator value', 'value': '336.32'}, {'name': 'LTP', 'value': '343.50'}]}",OHLC_W_I_ADRBULLCO,Bullish Crossovers (Weekly),Bullish Crossovers (Weekly),15,Indicator Scans,Bullish Crossovers (Weekly),,,False,1,N,,OHLC_W_I_ADRBULLCO
1786619717,"{'stkname': 'HDFC Nifty IT', 'ltp': '', 'perChg': '', 'stkId': 'HNI', 'displayLock': 'N', 'scanproflg': 1, 'scUrl': 'etf/hdfcniftyitetf/HNI', 'columns': [{'name': 'change %', 'value': '0.60'}, {'name': 'Adaptive RSI Indicator value', 'value': '32.69'}, {'name': 'LTP', 'value': '33.65'}]}",OHLC_W_I_ADRBULLCO,Bullish Crossovers (Weekly),Bullish Crossovers (Weekly),15,Indicator Scans,Bullish Crossovers (Weekly),,,False,1,N,,OHLC_W_I_ADRBULLCO
1786619717,"{'stkname': 'Nipp Nifty IT', 'ltp': '', 'perChg': '', 'stkId': 'NIE01', 'displayLock': 'N', 'scanproflg': 1, 'scUrl': 'etf/nipponindiaetfniftyit/NIE01', 'columns': [{'name': 'change %', 'value': '0.49'}, {'name': 'Adaptive RSI Indicator value', 'value': '33.97'}, {'name': 'LTP', 'value': '34.82'}]}",OHLC_W_I_ADRBULLCO,Bullish Crossovers (Weekly),Bullish Crossovers (Weekly),15,Indicator Scans,Bullish Crossovers (Weekly),,,False,1,N,,OHLC_W_I_ADRBULLCO
1786619717,"{'stkname': 'UTI NIFITETF', 'ltp': '', 'perChg': '', 'stkId': 'NIFIT22488', 'displayLock': 'N', 'scanproflg': 1, 'scUrl': 'etf/utiniftyitetf/NIFIT22488', 'columns': [{'name': 'change %', 'value': '1.31'}, {'name': 'Adaptive RSI Indicator value', 'value': '322.05'}, {'name': 'LTP', 'value': '333.32'}]}",OHLC_W_I_ADRBULLCO,Bullish Crossovers (Weekly),Bullish Crossovers (Weekly),15,Indicator Scans,Bullish Crossovers (Weekly),,,False,1,N,,OHLC_W_I_ADRBULLCO
1786619717,"{'stkname': 'ABSL Liq. ETF', 'ltp': '', 'perChg': '', 'stkId': 'ABSLL14518', 'displayLock': 'N', 'scanproflg': 1, 'scUrl': 'etf/abslcrisilliquidovernightetf/ABSLL14518', 'columns': [{'name': 'change %', 'value': '0.00'}, {'name': 'Adaptive RSI Indicator value', 'value': '1,000.00'}, {'name': 'LTP', 'value': '1,000.01'}]}",OHLC_W_I_ADRBULLCO,Bullish Crossovers (Weekly),Bullish Crossovers (Weekly),15,Indicator Scans,Bullish Crossovers (Weekly),,,False,1,N,,OHLC_W_I_ADRBULLCO
1786619717,"{'stkname': 'MA NIFITETF', 'ltp': '', 'perChg': '', 'stkId': 'ITETF19633', 'displayLock': 'N', 'scanproflg': 1, 'scUrl': 'etf/miraeassetniftyitetf/ITETF19633', 'columns': [{'name': 'change %', 'value': '0.69'}, {'name': 'Adaptive RSI Indicator value', 'value': '32.39'}, {'name': 'LTP', 'value': '33.35'}]}",OHLC_W_I_ADRBULLCO,Bullish Crossovers (Weekly),Bullish Crossovers (Weekly),15,Indicator Scans,Bullish Crossovers (Weekly),,,False,1,N,,OHLC_W_I_ADRBULLCO
1786619717,"{'stkname': 'Angel Mom.Qual', 'ltp': '', 'perChg': '', 'stkId': 'AON', 'displayLock': 'N', 'scanproflg': 1, 'scUrl': 'etf/angeloneniftytotalmarketmq50etf/AON', 'columns': [{'name': 'change %', 'value': '-0.48'}, {'name': 'Adaptive RSI Indicator value', 'value': '10.15'}, {'name': 'LTP', 'value': '10.39'}]}",OHLC_W_I_ADRBULLCO,Bullish Crossovers (Weekly),Bullish Crossovers (Weekly),15,Indicator Scans,Bullish Crossovers (Weekly),,,False,1,N,,OHLC_W_I_ADRBULLCO
1786619717,"{'stkname': 'Nipp Nifty Div', 'ltp': '', 'perChg': '', 'stkId': 'RMF04', 'displayLock': 'N', 'scanproflg': 1, 'scUrl': 'etf/nipponindiaetfniftydividendopportunities50/RMF05', 'columns': [{'name': 'change %', 'value': '0.32'}, {'name': 'Adaptive RSI Indicator value', 'value': '78.51'}, {'name': 'LTP', 'value': '79.50'}]}",OHLC_W_I_ADRBULLCO,Bullish Crossovers (Weekly),Bullish Crossovers (Weekly),15,Indicator Scans,Bullish Crossovers (Weekly),,,False,1,N,,OHLC_W_I_ADRBULLCO
1786619717,"{'stkname': 'Gr Nift Metals', 'ltp': '', 'perChg': '', 'stkId': 'GNM', 'displayLock': 'N', 'scanproflg': 1, 'scUrl': 'etf/growwniftymetaletf/GNM', 'columns': [{'name': 'change %', 'value': '-0.48'}, {'name': 'Adaptive RSI Indicator value', 'value': '12.21'}, {'name': 'LTP', 'value': '12.33'}]}",OHLC_W_I_ADRBULLCO,Bullish Crossovers (Weekly),Bullish Crossovers (Weekly),15,Indicator Scans,Bullish Crossovers (Weekly),,,False,1,N,,OHLC_W_I_ADRBULLCO
1786619717,"{'stkname': 'La Opala RG', 'ltp': '', 'perChg': '', 'stkId': 'LOG', 'displayLock': 'N', 'scanproflg': 1, 'scUrl': 'glassglass-products/laopalarg/LOR', 'columns': [{'name': 'change %', 'value': '1.93'}, {'name': 'Adaptive RSI Indicator value', 'value': '187.94'}, {'name': 'LTP', 'value': '193.50'}]}",OHLC_W_I_ADRBULLCO,Bullish Crossovers (Weekly),Bullish Crossovers (Weekly),15,Indicator Scans,Bullish Crossovers (Weekly),,,False,1,N,,OHLC_W_I_ADRBULLCO
1786619717,"{'stkname': 'Quality Power', 'ltp': '', 'perChg': '', 'stkId': 'QPEEL', 'displayLock': 'N', 'scanproflg': 1, 'scUrl': 'electric-equipment/qualitypowerelectricalequipments/QPEEL', 'columns': [{'name': 'change %', 'value': '-1.66'}, {'name': 'Adaptive RSI Indicator value', 'value': '1,182.49'}, {'name': 'LTP', 'value': '1,273.00'}]}",OHLC_W_I_ADRBULLCO,Bullish Crossovers (Weekly),Bullish Crossovers (Weekly),15,Indicator Scans,Bullish Crossovers (Weekly),,,False,1,N,,OHLC_W_I_ADRBULLCO
1786619717,"{'stkname': 'Veedol Corp', 'ltp': '', 'perChg': '', 'stkId': 'TWO', 'displayLock': 'N', 'scanproflg': 1, 'scUrl': 'oil-explorationproduction/veedolcorporation/TWO', 'columns': [{'name': 'change %', 'value': '-0.69'}, {'name': 'Adaptive RSI Indicator value', 'value': '1,460.76'}, {'name': 'LTP', 'value': '1,503.00'}]}",OHLC_W_I_ADRBULLCO,Bullish Crossovers (Weekly),Bullish Crossovers (Weekly),15,Indicator Scans,Bullish Crossovers (Weekly),,,False,1,N,,OHLC_W_I_ADRBULLCO
1786619717,"{'stkname': 'Capillary Tech', 'ltp': '', 'perChg': '', 'stkId': 'CTI02', 'displayLock': 'N', 'scanproflg': 1, 'scUrl': 'it-servicesconsulting/capillarytechnologiesindia/CTI02', 'columns': [{'name': 'change %', 'value': '0.84'}, {'name': 'Adaptive RSI Indicator value', 'value': '523.30'}, {'name': 'LTP', 'value': '533.00'}]}",OHLC_W_I_ADRBULLCO,Bullish Crossovers (Weekly),Bullish Crossovers (Weekly),15,Indicator Scans,Bullish Crossovers (Weekly),,,False,1,N,,OHLC_W_I_ADRBULLCO
1786619717,"{'stkname': 'Ellenbarrie Ind', 'ltp': '', 'perChg': '', 'stkId': 'EIGL', 'displayLock': 'N', 'scanproflg': 1, 'scUrl': 'others-industrial-gasesfuels/ellenbarrieindustrialgases/EIGL', 'columns': [{'name': 'change %', 'value': '4.39'}, {'name': 'Adaptive RSI Indicator value', 'value': '297.55'}, {'name': 'LTP', 'value': '338.00'}]}",OHLC_W_I_ADRBULLCO,Bullish Crossovers (Weekly),Bullish Crossovers (Weekly),15,Indicator Scans,Bullish Crossovers (Weekly),,,False,1,N,,OHLC_W_I_ADRBULLCO
1786619717,"{'stkname': 'Mukka Proteins', 'ltp': '', 'perChg': '', 'stkId': 'MPL05', 'displayLock': 'N', 'scanproflg': 1, 'scUrl': 'consumer-food/mukkaproteins/MPL05', 'columns': [{'name': 'change %', 'value': '8.56'}, {'name': 'Adaptive RSI Indicator value', 'value': '23.94'}, {'name': 'LTP', 'value': '26.25'}]}",OHLC_W_I_ADRBULLCO,Bullish Crossovers (Weekly),Bullish Crossovers (Weekly),15,Indicator Scans,Bullish Crossovers (Weekly),,,False,1,N,,OHLC_W_I_ADRBULLCO
1786619717,"{'stkname': 'Suraksha Diagno', 'ltp': '', 'perChg': '', 'stkId': 'SDL02', 'displayLock': 'N', 'scanproflg': 1, 'scUrl': 'labslife-sciences-services/surakshadiagnostic/SDL02', 'columns': [{'name': 'change %', 'value': '14.59'}, {'name': 'Adaptive RSI Indicator value', 'value': '278.66'}, {'name': 'LTP', 'value': '309.80'}]}",OHLC_W_I_ADRBULLCO,Bullish Crossovers (Weekly),Bullish Crossovers (Weekly),15,Indicator Scans,Bullish Crossovers (Weekly),,,False,1,N,,OHLC_W_I_ADRBULLCO
1786619717,"{'stkname': 'BlackBuck', 'ltp': '', 'perChg': '', 'stkId': 'ZLSL', 'displayLock': 'N', 'scanproflg': 1, 'scUrl': 'online-services/blackbuck/ZLSL', 'columns': [{'name': 'change %', 'value': '1.29'}, {'name': 'Adaptive RSI Indicator value', 'value': '565.44'}, {'name': 'LTP', 'value': '575.35'}]}",OHLC_W_I_ADRBULLCO,Bullish Crossovers (Weekly),Bullish Crossovers (Weekly),15,Indicator Scans,Bullish Crossovers (Weekly),,,False,1,N,,OHLC_W_I_ADRBULLCO
1786619717,"{'stkname': 'IRM Energy', 'ltp': '', 'perChg': '', 'stkId': 'IEL02', 'displayLock': 'N', 'scanproflg': 1, 'scUrl': 'refineries/irmenergy/IEL02', 'columns': [{'name': 'change %', 'value': '0.25'}, {'name': 'Adaptive RSI Indicator value', 'value': '276.38'}, {'name': 'LTP', 'value': '295.90'}]}",OHLC_W_I_ADRBULLCO,Bullish Crossovers (Weekly),Bullish Crossovers (Weekly),15,Indicator Scans,Bullish Crossovers (Weekly),,,False,1,N,,OHLC_W_I_ADRBULLCO
1786619717,"{'stkname': 'Tembo Global', 'ltp': '', 'perChg': '', 'stkId': 'SE27', 'displayLock': 'N', 'scanproflg': 1, 'scUrl': 'engineering-industrial-equipments/temboglobalindustries/SE25', 'columns': [{'name': 'change %', 'value': '-2.61'}, {'name': 'Adaptive RSI Indicator value', 'value': '57.78'}, {'name': 'LTP', 'value': '59.65'}]}",OHLC_W_I_ADRBULLCO,Bullish Crossovers (Weekly),Bullish Crossovers (Weekly),15,Indicator Scans,Bullish Crossovers (Weekly),,,False,1,N,,OHLC_W_I_ADRBULLCO
1786619717,"{'stkname': 'Uttam Sugar', 'ltp': '', 'perChg': '', 'stkId': 'USM', 'displayLock': 'N', 'scanproflg': 1, 'scUrl': 'sugar/uttamsugarmills/USM', 'columns': [{'name': 'change %', 'value': '4.13'}, {'name': 'Adaptive RSI Indicator value', 'value': '243.03'}, {'name': 'LTP', 'value': '264.00'}]}",OHLC_W_I_ADRBULLCO,Bullish Crossovers (Weekly),Bullish Crossovers (Weekly),15,Indicator Scans,Bullish Crossovers (Weekly),,,False,1,N,,OHLC_W_I_ADRBULLCO
1786619717,"{'stkname': 'DNL', 'ltp': '', 'perChg': '', 'stkId': 'DCMNV54272', 'displayLock': 'N', 'scanproflg': 1, 'scUrl': 'textiles/dcmnouvellelimited/DCMNV54272', 'columns': [{'name': 'change %', 'value': '-2.19'}, {'name': 'Adaptive RSI Indicator value', 'value': '154.56'}, {'name': 'LTP', 'value': '175.33'}]}",OHLC_W_I_ADRBULLCO,Bullish Crossovers (Weekly),Bullish Crossovers (Weekly),15,Indicator Scans,Bullish Crossovers (Weekly),,,False,1,N,,OHLC_W_I_ADRBULLCO
1786619717,"{'stkname': 'Prince Pipes', 'ltp': '', 'perChg': '', 'stkId': 'PPF', 'displayLock': 'N', 'scanproflg': 1, 'scUrl': 'plastics-tubespipeshosesfittings/princepipesfittings/PPF', 'columns': [{'name': 'change %', 'value': '4.78'}, {'name': 'Adaptive RSI Indicator value', 'value': '271.31'}, {'name': 'LTP', 'value': '282.50'}]}",OHLC_W_I_ADRBULLCO,Bullish Crossovers (Weekly),Bullish Crossovers (Weekly),15,Indicator Scans,Bullish Crossovers (Weekly),,,False,1,N,,OHLC_W_I_ADRBULLCO
1786619717,"{'stkname': 'Vedant Fashions', 'ltp': '', 'perChg': '', 'stkId': 'VF10', 'displayLock': 'N', 'scanproflg': 1, 'scUrl': 'retailing/vedantfashions/VF04', 'columns': [{'name': 'change %', 'value': '0.29'}, {'name': 'Adaptive RSI Indicator value', 'value': '486.33'}, {'name': 'LTP', 'value': '523.40'}]}",OHLC_W_I_ADRBULLCO,Bullish Crossovers (Weekly),Bullish Crossovers (Weekly),15,Indicator Scans,Bullish Crossovers (Weekly),,,False,1,N,,OHLC_W_I_ADRBULLCO
1786619717,"{'stkname': 'Dishman Carboge', 'ltp': '', 'perChg': '', 'stkId': 'DCA', 'displayLock': 'N', 'scanproflg': 1, 'scUrl': 'miscellaneous/dishmancarbogenamcis/DCA', 'columns': [{'name': 'change %', 'value': '3.58'}, {'name': 'Adaptive RSI Indicator value', 'value': '192.05'}, {'name': 'LTP', 'value': '198.00'}]}",OHLC_W_I_ADRBULLCO,Bullish Crossovers (Weekly),Bullish Crossovers (Weekly),15,Indicator Scans,Bullish Crossovers (Weekly),,,False,1,N,,OHLC_W_I_ADRBULLCO
1786619717,"{'stkname': 'AARTIPHARM', 'ltp': '', 'perChg': '', 'stkId': 'AP32', 'displayLock': 'N', 'scanproflg': 1, 'scUrl': 'medical-equipmentsuppliesaccessories/aartipharmalabs/AP21', 'columns': [{'name': 'change %', 'value': '-1.43'}, {'name': 'Adaptive RSI Indicator value', 'value': '734.48'}, {'name': 'LTP', 'value': '876.00'}]}",OHLC_W_I_ADRBULLCO,Bullish Crossovers (Weekly),Bullish Crossovers (Weekly),15,Indicator Scans,Bullish Crossovers (Weekly),,,False,1,N,,OHLC_W_I_ADRBULLCO
1786619717,"{'stkname': 'Sirca Paints', 'ltp': '', 'perChg': '', 'stkId': 'SPI12', 'displayLock': 'N', 'scanproflg': 1, 'scUrl': 'paintsvarnishes/sircapaintsindia/SPI06', 'columns': [{'name': 'change %', 'value': '-0.84'}, {'name': 'Adaptive RSI Indicator value', 'value': '426.82'}, {'name': 'LTP', 'value': '432.25'}]}",OHLC_W_I_ADRBULLCO,Bullish Crossovers (Weekly),Bullish Crossovers (Weekly),15,Indicator Scans,Bullish Crossovers (Weekly),,,False,1,N,,OHLC_W_I_ADRBULLCO
1786619717,"{'stkname': 'Syncom Formula', 'ltp': '', 'perChg': '', 'stkId': 'SF18', 'displayLock': 'N', 'scanproflg': 1, 'scUrl': 'pharmaceuticals/syncomformulations/SF18', 'columns': [{'name': 'change %', 'value': '-4.28'}, {'name': 'Adaptive RSI Indicator value', 'value': '14.08'}, {'name': 'LTP', 'value': '15.20'}]}",OHLC_W_I_ADRBULLCO,Bullish Crossovers (Weekly),Bullish Crossovers (Weekly),15,Indicator Scans,Bullish Crossovers (Weekly),,,False,1,N,,OHLC_W_I_ADRBULLCO
1786619717,"{'stkname': 'Dolphin Offshor', 'ltp': '', 'perChg': '', 'stkId': 'DOE', 'displayLock': 'N', 'scanproflg': 1, 'scUrl': 'oil-drillingexploration/dolphinoffshoreenterprisesi/DOE', 'columns': [{'name': 'change %', 'value': '-2.09'}, {'name': 'Adaptive RSI Indicator value', 'value': '416.50'}, {'name': 'LTP', 'value': '484.00'}]}",OHLC_W_I_ADRBULLCO,Bullish Crossovers (Weekly),Bullish Crossovers (Weekly),15,Indicator Scans,Bullish Crossovers (Weekly),,,False,1,N,,OHLC_W_I_ADRBULLCO
1786619717,"{'stkname': 'Indian Metals', 'ltp': '', 'perChg': '', 'stkId': 'IMF01', 'displayLock': 'N', 'scanproflg': 1, 'scUrl': 'miningminerals/indianmetalsferroalloys/IMF01', 'columns': [{'name': 'change %', 'value': '-2.77'}, {'name': 'Adaptive RSI Indicator value', 'value': '1,420.26'}, {'name': 'LTP', 'value': '1,430.00'}]}",OHLC_W_I_ADRBULLCO,Bullish Crossovers (Weekly),Bullish Crossovers (Weekly),15,Indicator Scans,Bullish Crossovers (Weekly),,,False,1,N,,OHLC_W_I_ADRBULLCO
1786619717,"{'stkname': 'Allcargo', 'ltp': '', 'perChg': '', 'stkId': 'AGL02', 'displayLock': 'N', 'scanproflg': 1, 'scUrl': 'transportlogistics/allcargologistics/AGL02', 'columns': [{'name': 'change %', 'value': '-5.84'}, {'name': 'Adaptive RSI Indicator value', 'value': '8.96'}, {'name': 'LTP', 'value': '10.00'}]}",OHLC_W_I_ADRBULLCO,Bullish Crossovers (Weekly),Bullish Crossovers (Weekly),15,Indicator Scans,Bullish Crossovers (Weekly),,,False,1,N,,OHLC_W_I_ADRBULLCO
1786619717,"{'stkname': 'Orissa Minerals', 'ltp': '', 'perChg': '', 'stkId': 'OMD', 'displayLock': 'N', 'scanproflg': 1, 'scUrl': 'miningminerals/orissamineralsdevelopmentcompany/OMD', 'columns': [{'name': 'change %', 'value': '3.13'}, {'name': 'Adaptive RSI Indicator value', 'value': '4,289.15'}, {'name': 'LTP', 'value': '4,991.00'}]}",OHLC_W_I_ADRBULLCO,Bullish Crossovers (Weekly),Bullish Crossovers (Weekly),15,Indicator Scans,Bullish Crossovers (Weekly),,,False,1,N,,OHLC_W_I_ADRBULLCO
1786619717,"{'stkname': 'eMudhra', 'ltp': '', 'perChg': '', 'stkId': 'E11', 'displayLock': 'N', 'scanproflg': 1, 'scUrl': 'software/emudhra/e13', 'columns': [{'name': 'change %', 'value': '0.95'}, {'name': 'Adaptive RSI Indicator value', 'value': '500.33'}, {'name': 'LTP', 'value': '527.60'}]}",OHLC_W_I_ADRBULLCO,Bullish Crossovers (Weekly),Bullish Crossovers (Weekly),15,Indicator Scans,Bullish Crossovers (Weekly),,,False,1,N,,OHLC_W_I_ADRBULLCO
1786619717,"{'stkname': 'Alicon Castallo', 'ltp': '', 'perChg': '', 'stkId': 'PC02', 'displayLock': 'N', 'scanproflg': 1, 'scUrl': 'castingsforgings/aliconcastalloy/EC06', 'columns': [{'name': 'change %', 'value': '-5.37'}, {'name': 'Adaptive RSI Indicator value', 'value': '694.14'}, {'name': 'LTP', 'value': '731.45'}]}",OHLC_W_I_ADRBULLCO,Bullish Crossovers (Weekly),Bullish Crossovers (Weekly),15,Indicator Scans,Bullish Crossovers (Weekly),,,False,1,N,,OHLC_W_I_ADRBULLCO
1786619717,"{'stkname': 'One Point One', 'ltp': '', 'perChg': '', 'stkId': 'OPO', 'displayLock': 'N', 'scanproflg': 1, 'scUrl': 'bpoites/onepointonesolutions/OPO', 'columns': [{'name': 'change %', 'value': '-1.48'}, {'name': 'Adaptive RSI Indicator value', 'value': '57.72'}, {'name': 'LTP', 'value': '59.10'}]}",OHLC_W_I_ADRBULLCO,Bullish Crossovers (Weekly),Bullish Crossovers (Weekly),15,Indicator Scans,Bullish Crossovers (Weekly),,,False,1,N,,OHLC_W_I_ADRBULLCO
1786619717,"{'stkname': 'IFB Agro', 'ltp': '', 'perChg': '', 'stkId': 'IFB', 'displayLock': 'N', 'scanproflg': 1, 'scUrl': 'breweriesdistilleries/ifbagroindustries/IFB', 'columns': [{'name': 'change %', 'value': '1.17'}, {'name': 'Adaptive RSI Indicator value', 'value': '981.42'}, {'name': 'LTP', 'value': '1,025.00'}]}",OHLC_W_I_ADRBULLCO,Bullish Crossovers (Weekly),Bullish Crossovers (Weekly),15,Indicator Scans,Bullish Crossovers (Weekly),,,False,1,N,,OHLC_W_I_ADRBULLCO
1786619717,"{'stkname': 'Gokul Agro', 'ltp': '', 'perChg': '', 'stkId': 'GAR', 'displayLock': 'N', 'scanproflg': 1, 'scUrl': 'edible-oilssolvent-extraction/gokulagroresources/GAR', 'columns': [{'name': 'change %', 'value': '-0.67'}, {'name': 'Adaptive RSI Indicator value', 'value': '224.09'}, {'name': 'LTP', 'value': '235.01'}]}",OHLC_W_I_ADRBULLCO,Bullish Crossovers (Weekly),Bullish Crossovers (Weekly),15,Indicator Scans,Bullish Crossovers (Weekly),,,False,1,N,,OHLC_W_I_ADRBULLCO
1786619717,"{'stkname': 'GFL', 'ltp': '', 'perChg': '', 'stkId': 'GF07', 'displayLock': 'N', 'scanproflg': 1, 'scUrl': 'finance-others/gfl/GF07', 'columns': [{'name': 'change %', 'value': '7.12'}, {'name': 'Adaptive RSI Indicator value', 'value': '48.58'}, {'name': 'LTP', 'value': '51.31'}]}",OHLC_W_I_ADRBULLCO,Bullish Crossovers (Weekly),Bullish Crossovers (Weekly),15,Indicator Scans,Bullish Crossovers (Weekly),,,False,1,N,,OHLC_W_I_ADRBULLCO
1786619717,"{'stkname': 'Hatsun Agro', 'ltp': '', 'perChg': '', 'stkId': 'HAP', 'displayLock': 'N', 'scanproflg': 1, 'scUrl': 'food-processing/hatsunagroproducts/HAP', 'columns': [{'name': 'change %', 'value': '1.05'}, {'name': 'Adaptive RSI Indicator value', 'value': '928.82'}, {'name': 'LTP', 'value': '960.00'}]}",OHLC_W_I_ADRBULLCO,Bullish Crossovers (Weekly),Bullish Crossovers (Weekly),15,Indicator Scans,Bullish Crossovers (Weekly),,,False,1,N,,OHLC_W_I_ADRBULLCO
1786619717,"{'stkname': 'Aries Agro', 'ltp': '', 'perChg': '', 'stkId': 'AA13', 'displayLock': 'N', 'scanproflg': 1, 'scUrl': 'fertilisers/ariesagro/AA02', 'columns': [{'name': 'change %', 'value': '-2.16'}, {'name': 'Adaptive RSI Indicator value', 'value': '353.16'}, {'name': 'LTP', 'value': '388.75'}]}",OHLC_W_I_ADRBULLCO,Bullish Crossovers (Weekly),Bullish Crossovers (Weekly),15,Indicator Scans,Bullish Crossovers (Weekly),,,False,1,N,,OHLC_W_I_ADRBULLCO
1786619717,"{'stkname': 'Dharmaj Crop', 'ltp': '', 'perChg': '', 'stkId': 'DCG', 'displayLock': 'N', 'scanproflg': 1, 'scUrl': 'pesticidesagrochemical/dharmajcropguard/DCG', 'columns': [{'name': 'change %', 'value': '-0.54'}, {'name': 'Adaptive RSI Indicator value', 'value': '266.73'}, {'name': 'LTP', 'value': '276.95'}]}",OHLC_W_I_ADRBULLCO,Bullish Crossovers (Weekly),Bullish Crossovers (Weekly),15,Indicator Scans,Bullish Crossovers (Weekly),,,False,1,N,,OHLC_W_I_ADRBULLCO
1786619717,"{'stkname': 'Tarmat', 'ltp': '', 'perChg': '', 'stkId': 'RT06', 'displayLock': 'N', 'scanproflg': 1, 'scUrl': 'constructioncontracting-civil/tarmat/RT06', 'columns': [{'name': 'change %', 'value': '19.99'}, {'name': 'Adaptive RSI Indicator value', 'value': '54.94'}, {'name': 'LTP', 'value': '66.10'}]}",OHLC_W_I_ADRBULLCO,Bullish Crossovers (Weekly),Bullish Crossovers (Weekly),15,Indicator Scans,Bullish Crossovers (Weekly),,,False,1,N,,OHLC_W_I_ADRBULLCO
1786619717,"{'stkname': 'Graphite India', 'ltp': '', 'perChg': '', 'stkId': 'GI13', 'displayLock': 'N', 'scanproflg': 1, 'scUrl': 'electrodesgraphite/graphiteindia/GI13', 'columns': [{'name': 'change %', 'value': '1.20'}, {'name': 'Adaptive RSI Indicator value', 'value': '686.38'}, {'name': 'LTP', 'value': '734.95'}]}",OHLC_W_I_ADRBULLCO,Bullish Crossovers (Weekly),Bullish Crossovers (Weekly),15,Indicator Scans,Bullish Crossovers (Weekly),,,False,1,N,,OHLC_W_I_ADRBULLCO
1786619717,"{'stkname': 'V-Guard Ind', 'ltp': '', 'perChg': '', 'stkId': 'VI16', 'displayLock': 'N', 'scanproflg': 1, 'scUrl': 'electric-equipment/v-guardindustries/VI02', 'columns': [{'name': 'change %', 'value': '-0.53'}, {'name': 'Adaptive RSI Indicator value', 'value': '316.74'}, {'name': 'LTP', 'value': '330.00'}]}",OHLC_W_I_ADRBULLCO,Bullish Crossovers (Weekly),Bullish Crossovers (Weekly),15,Indicator Scans,Bullish Crossovers (Weekly),,,False,1,N,,OHLC_W_I_ADRBULLCO
1786619717,"{'stkname': 'Pitti Engineeri', 'ltp': '', 'perChg': '', 'stkId': 'PL', 'displayLock': 'N', 'scanproflg': 1, 'scUrl': 'engineering/pittiengineering/PL', 'columns': [{'name': 'change %', 'value': '2.00'}, {'name': 'Adaptive RSI Indicator value', 'value': '970.10'}, {'name': 'LTP', 'value': '1,064.95'}]}",OHLC_W_I_ADRBULLCO,Bullish Crossovers (Weekly),Bullish Crossovers (Weekly),15,Indicator Scans,Bullish Crossovers (Weekly),,,False,1,N,,OHLC_W_I_ADRBULLCO
1786619717,"{'stkname': 'GMM Pfaudler', 'ltp': '', 'perChg': '', 'stkId': 'GMM01', 'displayLock': 'N', 'scanproflg': 1, 'scUrl': 'engineering-heavy/gmmpfaudler/GMM01', 'columns': [{'name': 'change %', 'value': '1.77'}, {'name': 'Adaptive RSI Indicator value', 'value': '916.90'}, {'name': 'LTP', 'value': '1,015.00'}]}",OHLC_W_I_ADRBULLCO,Bullish Crossovers (Weekly),Bullish Crossovers (Weekly),15,Indicator Scans,Bullish Crossovers (Weekly),,,False,1,N,,OHLC_W_I_ADRBULLCO
1786619717,"{'stkname': 'Orient Electric', 'ltp': '', 'perChg': '', 'stkId': 'ORIEN54130', 'displayLock': 'N', 'scanproflg': 1, 'scUrl': 'consumer-goods-electronic/orientelectriclimited/ORIEN54130', 'columns': [{'name': 'change %', 'value': '0.48'}, {'name': 'Adaptive RSI Indicator value', 'value': '182.10'}, {'name': 'LTP', 'value': '190.70'}]}",OHLC_W_I_ADRBULLCO,Bullish Crossovers (Weekly),Bullish Crossovers (Weekly),15,Indicator Scans,Bullish Crossovers (Weekly),,,False,1,N,,OHLC_W_I_ADRBULLCO
1786619717,"{'stkname': 'Swelect Energy', 'ltp': '', 'perChg': '', 'stkId': 'NPS', 'displayLock': 'N', 'scanproflg': 1, 'scUrl': 'electric-equipment/swelectenergysystems/NPS', 'columns': [{'name': 'change %', 'value': '-1.51'}, {'name': 'Adaptive RSI Indicator value', 'value': '643.01'}, {'name': 'LTP', 'value': '680.05'}]}",OHLC_W_I_ADRBULLCO,Bullish Crossovers (Weekly),Bullish Crossovers (Weekly),15,Indicator Scans,Bullish Crossovers (Weekly),,,False,1,N,,OHLC_W_I_ADRBULLCO
1786619717,"{'stkname': 'Zen Tech', 'ltp': '', 'perChg': '', 'stkId': 'ZT01', 'displayLock': 'N', 'scanproflg': 1, 'scUrl': 'defence/zentechnologies/ZT01', 'columns': [{'name': 'change %', 'value': '0.48'}, {'name': 'Adaptive RSI Indicator value', 'value': '1,766.05'}, {'name': 'LTP', 'value': '1,833.00'}]}",OHLC_W_I_ADRBULLCO,Bullish Crossovers (Weekly),Bullish Crossovers (Weekly),15,Indicator Scans,Bullish Crossovers (Weekly),,,False,1,N,,OHLC_W_I_ADRBULLCO
1786619717,"{'stkname': 'Valiant Organic', 'ltp': '', 'perChg': '', 'stkId': 'VO03', 'displayLock': 'N', 'scanproflg': 1, 'scUrl': 'chemicals/valiantorganics/VO03', 'columns': [{'name': 'change %', 'value': '4.99'}, {'name': 'Adaptive RSI Indicator value', 'value': '287.19'}, {'name': 'LTP', 'value': '325.30'}]}",OHLC_W_I_ADRBULLCO,Bullish Crossovers (Weekly),Bullish Crossovers (Weekly),15,Indicator Scans,Bullish Crossovers (Weekly),,,False,1,N,,OHLC_W_I_ADRBULLCO
1786619717,"{'stkname': 'Meghmani Organi', 'ltp': '', 'perChg': '', 'stkId': 'MO04', 'displayLock': 'N', 'scanproflg': 1, 'scUrl': 'pesticidesagro-chemicals/meghmaniorganics/MO04', 'columns': [{'name': 'change %', 'value': '0.84'}, {'name': 'Adaptive RSI Indicator value', 'value': '53.52'}, {'name': 'LTP', 'value': '57.77'}]}",OHLC_W_I_ADRBULLCO,Bullish Crossovers (Weekly),Bullish Crossovers (Weekly),15,Indicator Scans,Bullish Crossovers (Weekly),,,False,1,N,,OHLC_W_I_ADRBULLCO
1786619717,"{'stkname': 'Bodal Chemicals', 'ltp': '', 'perChg': '', 'stkId': 'DD', 'displayLock': 'N', 'scanproflg': 1, 'scUrl': 'dyespigments/bodalchemicals/BC15', 'columns': [{'name': 'change %', 'value': '-1.28'}, {'name': 'Adaptive RSI Indicator value', 'value': '67.65'}, {'name': 'LTP', 'value': '67.90'}]}",OHLC_W_I_ADRBULLCO,Bullish Crossovers (Weekly),Bullish Crossovers (Weekly),15,Indicator Scans,Bullish Crossovers (Weekly),,,False,1,N,,OHLC_W_I_ADRBULLCO
1786619717,"{'stkname': 'Atul', 'ltp': '', 'perChg': '', 'stkId': 'A06', 'displayLock': 'N', 'scanproflg': 1, 'scUrl': 'chemicals/atul/A06', 'columns': [{'name': 'change %', 'value': '0.07'}, {'name': 'Adaptive RSI Indicator value', 'value': '6,677.99'}, {'name': 'LTP', 'value': '6,901.00'}]}",OHLC_W_I_ADRBULLCO,Bullish Crossovers (Weekly),Bullish Crossovers (Weekly),15,Indicator Scans,Bullish Crossovers (Weekly),,,False,1,N,,OHLC_W_I_ADRBULLCO
1786619717,"{'stkname': 'Guj Alkali', 'ltp': '', 'perChg': '', 'stkId': 'GAC01', 'displayLock': 'N', 'scanproflg': 1, 'scUrl': 'chemicals/gujaratalkalieschemicals/GAC01', 'columns': [{'name': 'change %', 'value': '3.65'}, {'name': 'Adaptive RSI Indicator value', 'value': '664.36'}, {'name': 'LTP', 'value': '697.00'}]}",OHLC_W_I_ADRBULLCO,Bullish Crossovers (Weekly),Bullish Crossovers (Weekly),15,Indicator Scans,Bullish Crossovers (Weekly),,,False,1,N,,OHLC_W_I_ADRBULLCO
1786619717,"{'stkname': 'ANDHRSUGAR', 'ltp': '', 'perChg': '', 'stkId': 'AS18', 'displayLock': 'N', 'scanproflg': 1, 'scUrl': 'commodity-chemicals/theandhrasugar/AS18', 'columns': [{'name': 'change %', 'value': '2.51'}, {'name': 'Adaptive RSI Indicator value', 'value': '88.68'}, {'name': 'LTP', 'value': '100.56'}]}",OHLC_W_I_ADRBULLCO,Bullish Crossovers (Weekly),Bullish Crossovers (Weekly),15,Indicator Scans,Bullish Crossovers (Weekly),,,False,1,N,,OHLC_W_I_ADRBULLCO
1786619717,"{'stkname': 'Sudarshan Color', 'ltp': '', 'perChg': '', 'stkId': 'CC', 'displayLock': 'N', 'scanproflg': 1, 'scUrl': 'speciality-chemicals/sudarshancolorantsindia/CCI08', 'columns': [{'name': 'change %', 'value': '-0.20'}, {'name': 'Adaptive RSI Indicator value', 'value': '389.29'}, {'name': 'LTP', 'value': '405.00'}]}",OHLC_W_I_ADRBULLCO,Bullish Crossovers (Weekly),Bullish Crossovers (Weekly),15,Indicator Scans,Bullish Crossovers (Weekly),,,False,1,N,,OHLC_W_I_ADRBULLCO
1786619717,"{'stkname': 'Plaza Wires', 'ltp': '', 'perChg': '', 'stkId': 'PWL', 'displayLock': 'N', 'scanproflg': 1, 'scUrl': 'cables/plazawires/PWL', 'columns': [{'name': 'change %', 'value': '4.99'}, {'name': 'Adaptive RSI Indicator value', 'value': '47.28'}, {'name': 'LTP', 'value': '53.70'}]}",OHLC_W_I_ADRBULLCO,Bullish Crossovers (Weekly),Bullish Crossovers (Weekly),15,Indicator Scans,Bullish Crossovers (Weekly),,,False,1,N,,OHLC_W_I_ADRBULLCO
1786619717,"{'stkname': 'Finolex Cables', 'ltp': '', 'perChg': '', 'stkId': 'FC01', 'displayLock': 'N', 'scanproflg': 1, 'scUrl': 'cables-telephone/finolexcables/FC01', 'columns': [{'name': 'change %', 'value': '-2.23'}, {'name': 'Adaptive RSI Indicator value', 'value': '1,086.64'}, {'name': 'LTP', 'value': '1,251.55'}]}",OHLC_W_I_ADRBULLCO,Bullish Crossovers (Weekly),Bullish Crossovers (Weekly),15,Indicator Scans,Bullish Crossovers (Weekly),,,False,1,N,,OHLC_W_I_ADRBULLCO
1786619717,"{'stkname': 'Precision Wires', 'ltp': '', 'perChg': '', 'stkId': 'PWI', 'displayLock': 'N', 'scanproflg': 1, 'scUrl': 'metals-non-ferrous/precisionwiresindia/PWI', 'columns': [{'name': 'change %', 'value': '10.37'}, {'name': 'Adaptive RSI Indicator value', 'value': '410.19'}, {'name': 'LTP', 'value': '466.10'}]}",OHLC_W_I_ADRBULLCO,Bullish Crossovers (Weekly),Bullish Crossovers (Weekly),15,Indicator Scans,Bullish Crossovers (Weekly),,,False,1,N,,OHLC_W_I_ADRBULLCO
1786619717,"{'stkname': 'IEX', 'ltp': '', 'perChg': '', 'stkId': 'IEE', 'displayLock': 'N', 'scanproflg': 1, 'scUrl': 'diversified/indianenergyexchange/IEE', 'columns': [{'name': 'change %', 'value': '-0.36'}, {'name': 'Adaptive RSI Indicator value', 'value': '126.47'}, {'name': 'LTP', 'value': '125.50'}]}",OHLC_W_I_ADRBULLCO,Bullish Crossovers (Weekly),Bullish Crossovers (Weekly),15,Indicator Scans,Bullish Crossovers (Weekly),,,False,1,N,,OHLC_W_I_ADRBULLCO
1786619717,"{'stkname': 'Voltamp Trans', 'ltp': '', 'perChg': '', 'stkId': 'VT9', 'displayLock': 'N', 'scanproflg': 1, 'scUrl': 'power-transmissionequipment/voltamptransformers/VT9', 'columns': [{'name': 'change %', 'value': '0.23'}, {'name': 'Adaptive RSI Indicator value', 'value': '9,827.93'}, {'name': 'LTP', 'value': '10,030.00'}]}",OHLC_W_I_ADRBULLCO,Bullish Crossovers (Weekly),Bullish Crossovers (Weekly),15,Indicator Scans,Bullish Crossovers (Weekly),,,False,1,N,,OHLC_W_I_ADRBULLCO
1786619717,"{'stkname': 'Lumax Auto Tech', 'ltp': '', 'perChg': '', 'stkId': 'LAT', 'displayLock': 'N', 'scanproflg': 1, 'scUrl': 'auto-ancillaries/lumaxautotechnologies/LAT01', 'columns': [{'name': 'change %', 'value': '-2.37'}, {'name': 'Adaptive RSI Indicator value', 'value': '1,687.80'}, {'name': 'LTP', 'value': '1,991.00'}]}",OHLC_W_I_ADRBULLCO,Bullish Crossovers (Weekly),Bullish Crossovers (Weekly),15,Indicator Scans,Bullish Crossovers (Weekly),,,False,1,N,,OHLC_W_I_ADRBULLCO
1786619717,"{'stkname': 'Kotyark Ind', 'ltp': '', 'perChg': '', 'stkId': 'KI25', 'displayLock': 'N', 'scanproflg': 1, 'scUrl': 'renewables/kotyarkindustries/KI10', 'columns': [{'name': 'change %', 'value': '0.30'}, {'name': 'Adaptive RSI Indicator value', 'value': '38.48'}, {'name': 'LTP', 'value': '42.98'}]}",OHLC_W_I_ADRBULLCO,Bullish Crossovers (Weekly),Bullish Crossovers (Weekly),15,Indicator Scans,Bullish Crossovers (Weekly),,,False,1,N,,OHLC_W_I_ADRBULLCO
1786619717,"{'stkname': 'Jindal Stainles', 'ltp': '', 'perChg': '', 'stkId': 'JS07', 'displayLock': 'N', 'scanproflg': 1, 'scUrl': 'steel-mediumsmall/jindalstainless/JSL01', 'columns': [{'name': 'change %', 'value': '-0.26'}, {'name': 'Adaptive RSI Indicator value', 'value': '729.95'}, {'name': 'LTP', 'value': '736.00'}]}",OHLC_W_I_ADRBULLCO,Bullish Crossovers (Weekly),Bullish Crossovers (Weekly),15,Indicator Scans,Bullish Crossovers (Weekly),,,False,1,N,,OHLC_W_I_ADRBULLCO
1786619717,"{'stkname': 'LT Technology', 'ltp': '', 'perChg': '', 'stkId': 'LTS', 'displayLock': 'N', 'scanproflg': 1, 'scUrl': 'engineering/lttechnologyservices/LTS', 'columns': [{'name': 'change %', 'value': '0.90'}, {'name': 'Adaptive RSI Indicator value', 'value': '3,516.52'}, {'name': 'LTP', 'value': '3,611.00'}]}",OHLC_W_I_ADRBULLCO,Bullish Crossovers (Weekly),Bullish Crossovers (Weekly),15,Indicator Scans,Bullish Crossovers (Weekly),,,False,1,N,,OHLC_W_I_ADRBULLCO
1786619717,"{'stkname': 'KFin Tech', 'ltp': '', 'perChg': '', 'stkId': 'KT06', 'displayLock': 'N', 'scanproflg': 1, 'scUrl': 'finance-others/kfintechnologies/KT07', 'columns': [{'name': 'change %', 'value': '0.76'}, {'name': 'Adaptive RSI Indicator value', 'value': '915.52'}, {'name': 'LTP', 'value': '929.00'}]}",OHLC_W_I_ADRBULLCO,Bullish Crossovers (Weekly),Bullish Crossovers (Weekly),15,Indicator Scans,Bullish Crossovers (Weekly),,,False,1,N,,OHLC_W_I_ADRBULLCO
1786619717,"{'stkname': 'PB Fintech', 'ltp': '', 'perChg': '', 'stkId': 'PF15', 'displayLock': 'N', 'scanproflg': 1, 'scUrl': 'multiline-insurancebrokers/pbfintech/PF14', 'columns': [{'name': 'change %', 'value': '0.29'}, {'name': 'Adaptive RSI Indicator value', 'value': '1,633.20'}, {'name': 'LTP', 'value': '1,744.00'}]}",OHLC_W_I_ADRBULLCO,Bullish Crossovers (Weekly),Bullish Crossovers (Weekly),15,Indicator Scans,Bullish Crossovers (Weekly),,,False,1,N,,OHLC_W_I_ADRBULLCO
1786619717,"{'stkname': 'TD Power System', 'ltp': '', 'perChg': '', 'stkId': 'TPS', 'displayLock': 'N', 'scanproflg': 1, 'scUrl': 'engineering-heavy/tdpowersystems/TPS01', 'columns': [{'name': 'change %', 'value': '-0.97'}, {'name': 'Adaptive RSI Indicator value', 'value': '1,259.86'}, {'name': 'LTP', 'value': '1,465.70'}]}",OHLC_W_I_ADRBULLCO,Bullish Crossovers (Weekly),Bullish Crossovers (Weekly),15,Indicator Scans,Bullish Crossovers (Weekly),,,False,1,N,,OHLC_W_I_ADRBULLCO
1786619717,"{'stkname': 'LTM', 'ltp': '', 'perChg': '', 'stkId': 'LI09', 'displayLock': 'N', 'scanproflg': 1, 'scUrl': 'computers-software/ltm/LI12', 'columns': [{'name': 'change %', 'value': '0.06'}, {'name': 'Adaptive RSI Indicator value', 'value': '4,501.73'}, {'name': 'LTP', 'value': '4,765.00'}]}",OHLC_W_I_ADRBULLCO,Bullish Crossovers (Weekly),Bullish Crossovers (Weekly),15,Indicator Scans,Bullish Crossovers (Weekly),,,False,1,N,,OHLC_W_I_ADRBULLCO
1786619717,"{'stkname': 'HCL Tech', 'ltp': '', 'perChg': '', 'stkId': 'HCL02', 'displayLock': 'N', 'scanproflg': 1, 'scUrl': 'computers-software/hcltechnologies/HCL02', 'columns': [{'name': 'change %', 'value': '0.34'}, {'name': 'Adaptive RSI Indicator value', 'value': '1,326.44'}, {'name': 'LTP', 'value': '1,370.00'}]}",OHLC_W_I_ADRBULLCO,Bullish Crossovers (Weekly),Bullish Crossovers (Weekly),15,Indicator Scans,Bullish Crossovers (Weekly),,,False,1,N,,OHLC_W_I_ADRBULLCO
1786619717,"{'stkname': 'APL Apollo', 'ltp': '', 'perChg': '', 'stkId': 'BT09', 'displayLock': 'N', 'scanproflg': 1, 'scUrl': 'steel-tubespipes/aplapollotubes/BT09', 'columns': [{'name': 'change %', 'value': '3.36'}, {'name': 'Adaptive RSI Indicator value', 'value': '1,922.51'}, {'name': 'LTP', 'value': '2,064.30'}]}",OHLC_W_I_ADRBULLCO,Bullish Crossovers (Weekly),Bullish Crossovers (Weekly),15,Indicator Scans,Bullish Crossovers (Weekly),,,False,1,N,,OHLC_W_I_ADRBULLCO
1786619717,"{'stkname': 'ABSL NiftyIT', 'ltp': '', 'perChg': '', 'stkId': 'ABS03', 'displayLock': 'N', 'scanproflg': 1, 'scUrl': 'etf/adityabirlasunlifeniftyitetf/ABS03', 'columns': [{'name': 'change %', 'value': '0.94'}, {'name': 'Adaptive RSI Indicator value', 'value': '33.46'}, {'name': 'LTP', 'value': '34.47'}]}",OHLC_W_I_ADRBULLCO,Bullish Crossovers (Weekly),Bullish Crossovers (Weekly),15,Indicator Scans,Bullish Crossovers (Weekly),,,False,1,N,,OHLC_W_I_ADRBULLCO
1786619717,"{'stkname': 'SBI PSU Bank', 'ltp': '', 'perChg': '', 'stkId': 'SBIBP30290', 'displayLock': 'N', 'scanproflg': 1, 'scUrl': 'etf/sbibsepsubanketf/SBIBP30290', 'columns': [{'name': 'change %', 'value': '-0.35'}, {'name': 'Adaptive RSI Indicator value', 'value': '49.48'}, {'name': 'LTP', 'value': '50.53'}]}",OHLC_W_I_ADRBULLCO,Bullish Crossovers (Weekly),Bullish Crossovers (Weekly),15,Indicator Scans,Bullish Crossovers (Weekly),,,False,1,N,,OHLC_W_I_ADRBULLCO
1786619717,"{'stkname': 'Ipru Top 15 EW', 'ltp': '', 'perChg': '', 'stkId': 'TOP1575778', 'displayLock': 'N', 'scanproflg': 1, 'scUrl': 'etf/iciciprudentialniftytop15equalweightetf/TOP1575778', 'columns': [{'name': 'change %', 'value': '0.50'}, {'name': 'Adaptive RSI Indicator value', 'value': '9.99'}, {'name': 'LTP', 'value': '10.05'}]}",OHLC_W_I_ADRBULLCO,Bullish Crossovers (Weekly),Bullish Crossovers (Weekly),15,Indicator Scans,Bullish Crossovers (Weekly),,,False,1,N,,OHLC_W_I_ADRBULLCO
1786619717,"{'stkname': 'SBI IT ETF', 'ltp': '', 'perChg': '', 'stkId': 'SEI09', 'displayLock': 'N', 'scanproflg': 1, 'scUrl': 'etf/sbiitetf/SEI09', 'columns': [{'name': 'change %', 'value': '0.87'}, {'name': 'Adaptive RSI Indicator value', 'value': '339.35'}, {'name': 'LTP', 'value': '349.79'}]}",OHLC_W_I_ADRBULLCO,Bullish Crossovers (Weekly),Bullish Crossovers (Weekly),15,Indicator Scans,Bullish Crossovers (Weekly),,,False,1,N,,OHLC_W_I_ADRBULLCO
1786619717,"{'stkname': 'Kotak NiftyPSU', 'ltp': '', 'perChg': '', 'stkId': 'KMM', 'displayLock': 'N', 'scanproflg': 1, 'scUrl': 'etf/kotakniftypsubanketf/KMM', 'columns': [{'name': 'change %', 'value': '-0.75'}, {'name': 'Adaptive RSI Indicator value', 'value': '85.64'}, {'name': 'LTP', 'value': '87.55'}]}",OHLC_W_I_ADRBULLCO,Bullish Crossovers (Weekly),Bullish Crossovers (Weekly),15,Indicator Scans,Bullish Crossovers (Weekly),,,False,1,N,,OHLC_W_I_ADRBULLCO
1786619717,"{'stkname': 'Ipru Nifty Meta', 'ltp': '', 'perChg': '', 'stkId': 'METAL24861', 'displayLock': 'N', 'scanproflg': 1, 'scUrl': 'etf/iciciprudentialniftymetaletf/METAL24861', 'columns': [{'name': 'change %', 'value': '-0.68'}, {'name': 'Adaptive RSI Indicator value', 'value': '12.93'}, {'name': 'LTP', 'value': '13.15'}]}",OHLC_W_I_ADRBULLCO,Bullish Crossovers (Weekly),Bullish Crossovers (Weekly),15,Indicator Scans,Bullish Crossovers (Weekly),,,False,1,N,,OHLC_W_I_ADRBULLCO
1786619717,"{'stkname': 'Kotak Nifty IT', 'ltp': '', 'perChg': '', 'stkId': 'KIE02', 'displayLock': 'N', 'scanproflg': 1, 'scUrl': 'etf/kotakniftyitetf/KIE02', 'columns': [{'name': 'change %', 'value': '0.12'}, {'name': 'Adaptive RSI Indicator value', 'value': '33.88'}, {'name': 'LTP', 'value': '34.70'}]}",OHLC_W_I_ADRBULLCO,Bullish Crossovers (Weekly),Bullish Crossovers (Weekly),15,Indicator Scans,Bullish Crossovers (Weekly),,,False,1,N,,OHLC_W_I_ADRBULLCO
1786619717,"{'stkname': 'MA Nifty Metal', 'ltp': '', 'perChg': '', 'stkId': 'MAN06', 'displayLock': 'N', 'scanproflg': 1, 'scUrl': 'etf/miraeassetniftymetaletf/MAN06', 'columns': [{'name': 'change %', 'value': '-0.83'}, {'name': 'Adaptive RSI Indicator value', 'value': '12.97'}, {'name': 'LTP', 'value': '13.15'}]}",OHLC_W_I_ADRBULLCO,Bullish Crossovers (Weekly),Bullish Crossovers (Weekly),15,Indicator Scans,Bullish Crossovers (Weekly),,,False,1,N,,OHLC_W_I_ADRBULLCO
1786619717,"{'stkname': 'Ipru Nifty IT', 'ltp': '', 'perChg': '', 'stkId': 'IPI03', 'displayLock': 'N', 'scanproflg': 1, 'scUrl': 'etf/iciciprudentialniftyitetf/IPI03', 'columns': [{'name': 'change %', 'value': '0.52'}, {'name': 'Adaptive RSI Indicator value', 'value': '33.93'}, {'name': 'LTP', 'value': '34.86'}]}",OHLC_W_I_ADRBULLCO,Bullish Crossovers (Weekly),Bullish Crossovers (Weekly),15,Indicator Scans,Bullish Crossovers (Weekly),,,False,1,N,,OHLC_W_I_ADRBULLCO
1786619717,"{'stkname': 'Kotak Nifty100', 'ltp': '', 'perChg': '', 'stkId': 'KOTAK8632', 'displayLock': 'N', 'scanproflg': 1, 'scUrl': 'etf/kotaknifty100lowvolatility30etf/KOTAK8632', 'columns': [{'name': 'change %', 'value': '0.05'}, {'name': 'Adaptive RSI Indicator value', 'value': '21.10'}, {'name': 'LTP', 'value': '21.51'}]}",OHLC_M_I_ADRBULLCO,Bullish Crossovers (Monthly),Bullish Crossovers (Monthly),15,Indicator Scans,Bullish Crossovers (Monthly),,,False,1,N,,OHLC_M_I_ADRBULLCO
1786619717,"{'stkname': 'Ipru Nifty Alp', 'ltp': '', 'perChg': '', 'stkId': 'IPA01', 'displayLock': 'N', 'scanproflg': 1, 'scUrl': 'etf/iciciprudentialniftyalphalowvolatility30etf/IPA01', 'columns': [{'name': 'change %', 'value': '0.04'}, {'name': 'Adaptive RSI Indicator value', 'value': '27.50'}, {'name': 'LTP', 'value': '28.38'}]}",OHLC_M_I_ADRBULLCO,Bullish Crossovers (Monthly),Bullish Crossovers (Monthly),15,Indicator Scans,Bullish Crossovers (Monthly),,,False,1,N,,OHLC_M_I_ADRBULLCO
1786619717,"{'stkname': 'HDFC BSE500', 'ltp': '', 'perChg': '', 'stkId': 'HDFCB14230', 'displayLock': 'N', 'scanproflg': 1, 'scUrl': 'etf/hdfcbse500etf/HDFCB14230', 'columns': [{'name': 'change %', 'value': '-0.13'}, {'name': 'Adaptive RSI Indicator value', 'value': '37.15'}, {'name': 'LTP', 'value': '38.17'}]}",OHLC_M_I_ADRBULLCO,Bullish Crossovers (Monthly),Bullish Crossovers (Monthly),15,Indicator Scans,Bullish Crossovers (Monthly),,,False,1,N,,OHLC_M_I_ADRBULLCO
1786619717,"{'stkname': 'HDFC Nifty Qua', 'ltp': '', 'perChg': '', 'stkId': 'HN1', 'displayLock': 'N', 'scanproflg': 1, 'scUrl': 'etf/hdfcnifty100quality30etf/HN1', 'columns': [{'name': 'change %', 'value': '-0.20'}, {'name': 'Adaptive RSI Indicator value', 'value': '58.18'}, {'name': 'LTP', 'value': '59.94'}]}",OHLC_M_I_ADRBULLCO,Bullish Crossovers (Monthly),Bullish Crossovers (Monthly),15,Indicator Scans,Bullish Crossovers (Monthly),,,False,1,N,,OHLC_M_I_ADRBULLCO
1786619717,"{'stkname': 'KOTAKCONS', 'ltp': '', 'perChg': '', 'stkId': 'KOTAK10512', 'displayLock': 'N', 'scanproflg': 1, 'scUrl': 'miscellaneous/kotakcons/KOTAK10512', 'columns': [{'name': 'change %', 'value': '0.64'}, {'name': 'Adaptive RSI Indicator value', 'value': '12.09'}, {'name': 'LTP', 'value': '12.53'}]}",OHLC_M_I_ADRBULLCO,Bullish Crossovers (Monthly),Bullish Crossovers (Monthly),15,Indicator Scans,Bullish Crossovers (Monthly),,,False,1,N,,OHLC_M_I_ADRBULLCO
1786619717,"{'stkname': 'Ipru BSE 500', 'ltp': '', 'perChg': '', 'stkId': 'ICICI3001', 'displayLock': 'N', 'scanproflg': 1, 'scUrl': 'etf/iciciprudentialbse500etf/ICICI3001', 'columns': [{'name': 'change %', 'value': '-0.15'}, {'name': 'Adaptive RSI Indicator value', 'value': '38.98'}, {'name': 'LTP', 'value': '39.91'}]}",OHLC_M_I_ADRBULLCO,Bullish Crossovers (Monthly),Bullish Crossovers (Monthly),15,Indicator Scans,Bullish Crossovers (Monthly),,,False,1,N,,OHLC_M_I_ADRBULLCO
1786619717,"{'stkname': 'NIPP Nifty Ind', 'ltp': '', 'perChg': '', 'stkId': 'RMF03', 'displayLock': 'N', 'scanproflg': 1, 'scUrl': 'etf/nipponindiaetfniftyindiaconsumption/RMF04', 'columns': [{'name': 'change %', 'value': '0.71'}, {'name': 'Adaptive RSI Indicator value', 'value': '130.84'}, {'name': 'LTP', 'value': '135.29'}]}",OHLC_M_I_ADRBULLCO,Bullish Crossovers (Monthly),Bullish Crossovers (Monthly),15,Indicator Scans,Bullish Crossovers (Monthly),,,False,1,N,,OHLC_M_I_ADRBULLCO
1786619717,"{'stkname': 'Baazar Style', 'ltp': '', 'perChg': '', 'stkId': 'BSR02', 'displayLock': 'N', 'scanproflg': 1, 'scUrl': 'trading/baazarstyleretail/BSR03', 'columns': [{'name': 'change %', 'value': '-1.79'}, {'name': 'Adaptive RSI Indicator value', 'value': '316.43'}, {'name': 'LTP', 'value': '345.00'}]}",OHLC_M_I_ADRBULLCO,Bullish Crossovers (Monthly),Bullish Crossovers (Monthly),15,Indicator Scans,Bullish Crossovers (Monthly),,,False,1,N,,OHLC_M_I_ADRBULLCO
1786619717,"{'stkname': 'ESAF SFB', 'ltp': '', 'perChg': '', 'stkId': 'ESF02', 'displayLock': 'N', 'scanproflg': 1, 'scUrl': 'bank-private/esafsmallfinancebank/ESF02', 'columns': [{'name': 'change %', 'value': '-0.68'}, {'name': 'Adaptive RSI Indicator value', 'value': '35.81'}, {'name': 'LTP', 'value': '39.56'}]}",OHLC_M_I_ADRBULLCO,Bullish Crossovers (Monthly),Bullish Crossovers (Monthly),15,Indicator Scans,Bullish Crossovers (Monthly),,,False,1,N,,OHLC_M_I_ADRBULLCO
1786619717,"{'stkname': 'Signet Ind', 'ltp': '', 'perChg': '', 'stkId': 'SF22', 'displayLock': 'N', 'scanproflg': 1, 'scUrl': 'finance-investments/signetindustries/SF22', 'columns': [{'name': 'change %', 'value': '0.77'}, {'name': 'Adaptive RSI Indicator value', 'value': '56.44'}, {'name': 'LTP', 'value': '68.99'}]}",OHLC_M_I_ADRBULLCO,Bullish Crossovers (Monthly),Bullish Crossovers (Monthly),15,Indicator Scans,Bullish Crossovers (Monthly),,,False,1,N,,OHLC_M_I_ADRBULLCO
1786619717,"{'stkname': 'Indo Rama Synth', 'ltp': '', 'perChg': '', 'stkId': 'IRS', 'displayLock': 'N', 'scanproflg': 1, 'scUrl': 'textiles-spinning-synthetic-blended/indoramasyntheticsindia/IRS', 'columns': [{'name': 'change %', 'value': '-2.60'}, {'name': 'Adaptive RSI Indicator value', 'value': '49.00'}, {'name': 'LTP', 'value': '56.65'}]}",OHLC_M_I_ADRBULLCO,Bullish Crossovers (Monthly),Bullish Crossovers (Monthly),15,Indicator Scans,Bullish Crossovers (Monthly),,,False,1,N,,OHLC_M_I_ADRBULLCO
1786619717,"{'stkname': 'Sarla Performan', 'ltp': '', 'perChg': '', 'stkId': 'SP07', 'displayLock': 'N', 'scanproflg': 1, 'scUrl': 'textiles-processing/sarlaperformancefibers/SPF01', 'columns': [{'name': 'change %', 'value': '1.55'}, {'name': 'Adaptive RSI Indicator value', 'value': '95.96'}, {'name': 'LTP', 'value': '102.00'}]}",OHLC_M_I_ADRBULLCO,Bullish Crossovers (Monthly),Bullish Crossovers (Monthly),15,Indicator Scans,Bullish Crossovers (Monthly),,,False,1,N,,OHLC_M_I_ADRBULLCO
1786619717,"{'stkname': 'Borosil Renew', 'ltp': '', 'perChg': '', 'stkId': 'BGW', 'displayLock': 'N', 'scanproflg': 1, 'scUrl': 'glassglass-products/borosilrenewablesltd/BGW', 'columns': [{'name': 'change %', 'value': '1.48'}, {'name': 'Adaptive RSI Indicator value', 'value': '543.69'}, {'name': 'LTP', 'value': '581.95'}]}",OHLC_M_I_ADRBULLCO,Bullish Crossovers (Monthly),Bullish Crossovers (Monthly),15,Indicator Scans,Bullish Crossovers (Monthly),,,False,1,N,,OHLC_M_I_ADRBULLCO
1786619717,"{'stkname': 'Dalmia Sugar', 'ltp': '', 'perChg': '', 'stkId': 'DCB', 'displayLock': 'N', 'scanproflg': 1, 'scUrl': 'sugar/dalmiabharatsugarindustries/DCB', 'columns': [{'name': 'change %', 'value': '4.61'}, {'name': 'Adaptive RSI Indicator value', 'value': '370.40'}, {'name': 'LTP', 'value': '429.00'}]}",OHLC_M_I_ADRBULLCO,Bullish Crossovers (Monthly),Bullish Crossovers (Monthly),15,Indicator Scans,Bullish Crossovers (Monthly),,,False,1,N,,OHLC_M_I_ADRBULLCO
1786619717,"{'stkname': 'Avadh Sugar ', 'ltp': '', 'perChg': '', 'stkId': 'ASE03', 'displayLock': 'N', 'scanproflg': 1, 'scUrl': 'sugar/avadhsugarenergy/ASE03', 'columns': [{'name': 'change %', 'value': '1.58'}, {'name': 'Adaptive RSI Indicator value', 'value': '502.24'}, {'name': 'LTP', 'value': '636.85'}]}",OHLC_M_I_ADRBULLCO,Bullish Crossovers (Monthly),Bullish Crossovers (Monthly),15,Indicator Scans,Bullish Crossovers (Monthly),,,False,1,N,,OHLC_M_I_ADRBULLCO
1786619717,"{'stkname': 'Electronics Mar', 'ltp': '', 'perChg': '', 'stkId': 'EMI01', 'displayLock': 'N', 'scanproflg': 1, 'scUrl': 'domestic-appliances/electronicsmartindia/EMI', 'columns': [{'name': 'change %', 'value': '-0.68'}, {'name': 'Adaptive RSI Indicator value', 'value': '141.51'}, {'name': 'LTP', 'value': '192.30'}]}",OHLC_M_I_ADRBULLCO,Bullish Crossovers (Monthly),Bullish Crossovers (Monthly),15,Indicator Scans,Bullish Crossovers (Monthly),,,False,1,N,,OHLC_M_I_ADRBULLCO
1786619717,"{'stkname': 'Raymond', 'ltp': '', 'perChg': '', 'stkId': 'R', 'displayLock': 'N', 'scanproflg': 1, 'scUrl': 'construction-residentialcommercial-complexes/raymond/R', 'columns': [{'name': 'change %', 'value': '3.73'}, {'name': 'Adaptive RSI Indicator value', 'value': '552.58'}, {'name': 'LTP', 'value': '642.05'}]}",OHLC_M_I_ADRBULLCO,Bullish Crossovers (Monthly),Bullish Crossovers (Monthly),15,Indicator Scans,Bullish Crossovers (Monthly),,,False,1,N,,OHLC_M_I_ADRBULLCO
1786619717,"{'stkname': 'Nilkamal', 'ltp': '', 'perChg': '', 'stkId': 'NP08', 'displayLock': 'N', 'scanproflg': 1, 'scUrl': 'plastics/nilkamal/NP08', 'columns': [{'name': 'change %', 'value': '4.34'}, {'name': 'Adaptive RSI Indicator value', 'value': '1,666.00'}, {'name': 'LTP', 'value': '1,940.00'}]}",OHLC_M_I_ADRBULLCO,Bullish Crossovers (Monthly),Bullish Crossovers (Monthly),15,Indicator Scans,Bullish Crossovers (Monthly),,,False,1,N,,OHLC_M_I_ADRBULLCO
1786619717,"{'stkname': 'Vimta Labs', 'ltp': '', 'perChg': '', 'stkId': 'VL04', 'displayLock': 'N', 'scanproflg': 1, 'scUrl': 'miscellaneous/vimtalabs/VL04', 'columns': [{'name': 'change %', 'value': '1.00'}, {'name': 'Adaptive RSI Indicator value', 'value': '567.45'}, {'name': 'LTP', 'value': '633.45'}]}",OHLC_M_I_ADRBULLCO,Bullish Crossovers (Monthly),Bullish Crossovers (Monthly),15,Indicator Scans,Bullish Crossovers (Monthly),,,False,1,N,,OHLC_M_I_ADRBULLCO
1786619717,"{'stkname': 'Kopran', 'ltp': '', 'perChg': '', 'stkId': 'K01', 'displayLock': 'N', 'scanproflg': 1, 'scUrl': 'pharmaceuticals/kopran/K01', 'columns': [{'name': 'change %', 'value': '5.00'}, {'name': 'Adaptive RSI Indicator value', 'value': '182.05'}, {'name': 'LTP', 'value': '181.15'}]}",OHLC_M_I_ADRBULLCO,Bullish Crossovers (Monthly),Bullish Crossovers (Monthly),15,Indicator Scans,Bullish Crossovers (Monthly),,,False,1,N,,OHLC_M_I_ADRBULLCO
1786619717,"{'stkname': 'Kilitch Drugs', 'ltp': '', 'perChg': '', 'stkId': 'KDI', 'displayLock': 'N', 'scanproflg': 1, 'scUrl': 'pharmaceuticals/kilitchdrugsindia/KDI', 'columns': [{'name': 'change %', 'value': '-0.35'}, {'name': 'Adaptive RSI Indicator value', 'value': '180.44'}, {'name': 'LTP', 'value': '190.54'}]}",OHLC_M_I_ADRBULLCO,Bullish Crossovers (Monthly),Bullish Crossovers (Monthly),15,Indicator Scans,Bullish Crossovers (Monthly),,,False,1,N,,OHLC_M_I_ADRBULLCO
1786619717,"{'stkname': 'TCPL Packaging', 'ltp': '', 'perChg': '', 'stkId': 'TFC03', 'displayLock': 'N', 'scanproflg': 1, 'scUrl': 'printingstationery/tcplpackaging/TCP01', 'columns': [{'name': 'change %', 'value': '-3.30'}, {'name': 'Adaptive RSI Indicator value', 'value': '3,310.16'}, {'name': 'LTP', 'value': '4,250.00'}]}",OHLC_M_I_ADRBULLCO,Bullish Crossovers (Monthly),Bullish Crossovers (Monthly),15,Indicator Scans,Bullish Crossovers (Monthly),,,False,1,N,,OHLC_M_I_ADRBULLCO
1786619717,"{'stkname': 'Morepen Lab', 'ltp': '', 'perChg': '', 'stkId': 'ML06', 'displayLock': 'N', 'scanproflg': 1, 'scUrl': 'pharmaceuticals/morepenlaboratories/ML06', 'columns': [{'name': 'change %', 'value': '11.08'}, {'name': 'Adaptive RSI Indicator value', 'value': '57.84'}, {'name': 'LTP', 'value': '81.60'}]}",OHLC_M_I_ADRBULLCO,Bullish Crossovers (Monthly),Bullish Crossovers (Monthly),15,Indicator Scans,Bullish Crossovers (Monthly),,,False,1,N,,OHLC_M_I_ADRBULLCO
1786619717,"{'stkname': 'MPS', 'ltp': '', 'perChg': '', 'stkId': 'MI31', 'displayLock': 'N', 'scanproflg': 1, 'scUrl': 'printingstationery/mps/MI31', 'columns': [{'name': 'change %', 'value': '-3.83'}, {'name': 'Adaptive RSI Indicator value', 'value': '2,264.95'}, {'name': 'LTP', 'value': '2,762.00'}]}",OHLC_M_I_ADRBULLCO,Bullish Crossovers (Monthly),Bullish Crossovers (Monthly),15,Indicator Scans,Bullish Crossovers (Monthly),,,False,1,N,,OHLC_M_I_ADRBULLCO
1786619717,"{'stkname': 'Huhtamaki India', 'ltp': '', 'perChg': '', 'stkId': 'PP', 'displayLock': 'N', 'scanproflg': 1, 'scUrl': 'packaging/huhtamakiindia/PP', 'columns': [{'name': 'change %', 'value': '0.92'}, {'name': 'Adaptive RSI Indicator value', 'value': '241.58'}, {'name': 'LTP', 'value': '280.95'}]}",OHLC_M_I_ADRBULLCO,Bullish Crossovers (Monthly),Bullish Crossovers (Monthly),15,Indicator Scans,Bullish Crossovers (Monthly),,,False,1,N,,OHLC_M_I_ADRBULLCO
1786619717,"{'stkname': 'Orchid Pharma', 'ltp': '', 'perChg': '', 'stkId': 'OCP', 'displayLock': 'N', 'scanproflg': 1, 'scUrl': 'pharmaceuticals/orchidpharma/OCP', 'columns': [{'name': 'change %', 'value': '-1.78'}, {'name': 'Adaptive RSI Indicator value', 'value': '904.66'}, {'name': 'LTP', 'value': '1,044.40'}]}",OHLC_M_I_ADRBULLCO,Bullish Crossovers (Monthly),Bullish Crossovers (Monthly),15,Indicator Scans,Bullish Crossovers (Monthly),,,False,1,N,,OHLC_M_I_ADRBULLCO
1786619717,"{'stkname': 'Polyplex Corp', 'ltp': '', 'perChg': '', 'stkId': 'PC08', 'displayLock': 'N', 'scanproflg': 1, 'scUrl': 'packaging/polyplexcorporation/PC08', 'columns': [{'name': 'change %', 'value': '-1.43'}, {'name': 'Adaptive RSI Indicator value', 'value': '1,039.83'}, {'name': 'LTP', 'value': '1,168.60'}]}",OHLC_M_I_ADRBULLCO,Bullish Crossovers (Monthly),Bullish Crossovers (Monthly),15,Indicator Scans,Bullish Crossovers (Monthly),,,False,1,N,,OHLC_M_I_ADRBULLCO
1786619717,"{'stkname': 'Technocraft Ind', 'ltp': '', 'perChg': '', 'stkId': 'TII01', 'displayLock': 'N', 'scanproflg': 1, 'scUrl': 'steel-mediumsmall/technocraftindustriesindia/TII01', 'columns': [{'name': 'change %', 'value': '-0.64'}, {'name': 'Adaptive RSI Indicator value', 'value': '2,565.90'}, {'name': 'LTP', 'value': '2,860.00'}]}",OHLC_M_I_ADRBULLCO,Bullish Crossovers (Monthly),Bullish Crossovers (Monthly),15,Indicator Scans,Bullish Crossovers (Monthly),,,False,1,N,,OHLC_M_I_ADRBULLCO
1786619717,"{'stkname': 'Dolphin Offshor', 'ltp': '', 'perChg': '', 'stkId': 'DOE', 'displayLock': 'N', 'scanproflg': 1, 'scUrl': 'oil-drillingexploration/dolphinoffshoreenterprisesi/DOE', 'columns': [{'name': 'change %', 'value': '-2.09'}, {'name': 'Adaptive RSI Indicator value', 'value': '421.73'}, {'name': 'LTP', 'value': '484.00'}]}",OHLC_M_I_ADRBULLCO,Bullish Crossovers (Monthly),Bullish Crossovers (Monthly),15,Indicator Scans,Bullish Crossovers (Monthly),,,False,1,N,,OHLC_M_I_ADRBULLCO
1786619717,"{'stkname': 'HT Media', 'ltp': '', 'perChg': '', 'stkId': 'HT', 'displayLock': 'N', 'scanproflg': 1, 'scUrl': 'mediaentertainment/htmedia/HT', 'columns': [{'name': 'change %', 'value': '-0.15'}, {'name': 'Adaptive RSI Indicator value', 'value': '23.74'}, {'name': 'LTP', 'value': '26.70'}]}",OHLC_M_I_ADRBULLCO,Bullish Crossovers (Monthly),Bullish Crossovers (Monthly),15,Indicator Scans,Bullish Crossovers (Monthly),,,False,1,N,,OHLC_M_I_ADRBULLCO
1786619717,"{'stkname': 'JK Paper', 'ltp': '', 'perChg': '', 'stkId': 'CPM01', 'displayLock': 'N', 'scanproflg': 1, 'scUrl': 'paper/jkpaper/JKP01', 'columns': [{'name': 'change %', 'value': '1.56'}, {'name': 'Adaptive RSI Indicator value', 'value': '371.91'}, {'name': 'LTP', 'value': '394.95'}]}",OHLC_M_I_ADRBULLCO,Bullish Crossovers (Monthly),Bullish Crossovers (Monthly),15,Indicator Scans,Bullish Crossovers (Monthly),,,False,1,N,,OHLC_M_I_ADRBULLCO
1786619717,"{'stkname': 'Emami Paper', 'ltp': '', 'perChg': '', 'stkId': 'EPM01', 'displayLock': 'N', 'scanproflg': 1, 'scUrl': 'paper/emamipapermills/EPM01', 'columns': [{'name': 'change %', 'value': '-0.89'}, {'name': 'Adaptive RSI Indicator value', 'value': '98.52'}, {'name': 'LTP', 'value': '111.00'}]}",OHLC_M_I_ADRBULLCO,Bullish Crossovers (Monthly),Bullish Crossovers (Monthly),15,Indicator Scans,Bullish Crossovers (Monthly),,,False,1,N,,OHLC_M_I_ADRBULLCO
1786619717,"{'stkname': 'Cosmo First', 'ltp': '', 'perChg': '', 'stkId': 'CF08', 'displayLock': 'N', 'scanproflg': 1, 'scUrl': 'plastics/cosmofirst/CF08', 'columns': [{'name': 'change %', 'value': '0.77'}, {'name': 'Adaptive RSI Indicator value', 'value': '815.69'}, {'name': 'LTP', 'value': '916.00'}]}",OHLC_M_I_ADRBULLCO,Bullish Crossovers (Monthly),Bullish Crossovers (Monthly),15,Indicator Scans,Bullish Crossovers (Monthly),,,False,1,N,,OHLC_M_I_ADRBULLCO
1786619717,"{'stkname': 'Carborundum', 'ltp': '', 'perChg': '', 'stkId': 'CU', 'displayLock': 'N', 'scanproflg': 1, 'scUrl': 'abrasives/carborundumuniversal/CU', 'columns': [{'name': 'change %', 'value': '2.58'}, {'name': 'Adaptive RSI Indicator value', 'value': '1,067.83'}, {'name': 'LTP', 'value': '1,184.00'}]}",OHLC_M_I_ADRBULLCO,Bullish Crossovers (Monthly),Bullish Crossovers (Monthly),15,Indicator Scans,Bullish Crossovers (Monthly),,,False,1,N,,OHLC_M_I_ADRBULLCO
1786619717,"{'stkname': 'NMDC Steel', 'ltp': '', 'perChg': '', 'stkId': 'NS16', 'displayLock': 'N', 'scanproflg': 1, 'scUrl': 'ironsteel/nmdcsteel/NS15', 'columns': [{'name': 'change %', 'value': '3.18'}, {'name': 'Adaptive RSI Indicator value', 'value': '42.92'}, {'name': 'LTP', 'value': '45.40'}]}",OHLC_M_I_ADRBULLCO,Bullish Crossovers (Monthly),Bullish Crossovers (Monthly),15,Indicator Scans,Bullish Crossovers (Monthly),,,False,1,N,,OHLC_M_I_ADRBULLCO
1786619717,"{'stkname': 'GP Petroleums', 'ltp': '', 'perChg': '', 'stkId': 'SP36', 'displayLock': 'N', 'scanproflg': 1, 'scUrl': 'lubricants/gppetroleums/SP36', 'columns': [{'name': 'change %', 'value': '-1.98'}, {'name': 'Adaptive RSI Indicator value', 'value': '46.98'}, {'name': 'LTP', 'value': '61.51'}]}",OHLC_M_I_ADRBULLCO,Bullish Crossovers (Monthly),Bullish Crossovers (Monthly),15,Indicator Scans,Bullish Crossovers (Monthly),,,False,1,N,,OHLC_M_I_ADRBULLCO
1786619717,"{'stkname': 'Ritco Logistics', 'ltp': '', 'perChg': '', 'stkId': 'RL06', 'displayLock': 'N', 'scanproflg': 1, 'scUrl': 'transportlogistics/ritcologistics/RL06', 'columns': [{'name': 'change %', 'value': '-0.15'}, {'name': 'Adaptive RSI Indicator value', 'value': '273.06'}, {'name': 'LTP', 'value': '301.50'}]}",OHLC_M_I_ADRBULLCO,Bullish Crossovers (Monthly),Bullish Crossovers (Monthly),15,Indicator Scans,Bullish Crossovers (Monthly),,,False,1,N,,OHLC_M_I_ADRBULLCO
1786619717,"{'stkname': 'Datamatics Glob', 'ltp': '', 'perChg': '', 'stkId': 'DTL', 'displayLock': 'N', 'scanproflg': 1, 'scUrl': 'computers-software-mediumsmall/datamaticsglobalservices/DGS01', 'columns': [{'name': 'change %', 'value': '-0.28'}, {'name': 'Adaptive RSI Indicator value', 'value': '800.17'}, {'name': 'LTP', 'value': '860.50'}]}",OHLC_M_I_ADRBULLCO,Bullish Crossovers (Monthly),Bullish Crossovers (Monthly),15,Indicator Scans,Bullish Crossovers (Monthly),,,False,1,N,,OHLC_M_I_ADRBULLCO
1786619717,"{'stkname': 'Healthcare Glob', 'ltp': '', 'perChg': '', 'stkId': 'HGE', 'displayLock': 'N', 'scanproflg': 1, 'scUrl': 'hospitalsmedical-services/healthcareglobalenterprises/HGE', 'columns': [{'name': 'change %', 'value': '-1.87'}, {'name': 'Adaptive RSI Indicator value', 'value': '651.03'}, {'name': 'LTP', 'value': '722.70'}]}",OHLC_M_I_ADRBULLCO,Bullish Crossovers (Monthly),Bullish Crossovers (Monthly),15,Indicator Scans,Bullish Crossovers (Monthly),,,False,1,N,,OHLC_M_I_ADRBULLCO
1786619717,"{'stkname': 'Greenlam Ind', 'ltp': '', 'perChg': '', 'stkId': 'GI28', 'displayLock': 'N', 'scanproflg': 1, 'scUrl': 'miscellaneous/greenlamindustries/GI31', 'columns': [{'name': 'change %', 'value': '1.81'}, {'name': 'Adaptive RSI Indicator value', 'value': '245.61'}, {'name': 'LTP', 'value': '253.00'}]}",OHLC_M_I_ADRBULLCO,Bullish Crossovers (Monthly),Bullish Crossovers (Monthly),15,Indicator Scans,Bullish Crossovers (Monthly),,,False,1,N,,OHLC_M_I_ADRBULLCO
1786619717,"{'stkname': 'RamkrishnaForge', 'ltp': '', 'perChg': '', 'stkId': 'RF16', 'displayLock': 'N', 'scanproflg': 1, 'scUrl': 'castingsforgings/ramkrishnaforgings/RF17', 'columns': [{'name': 'change %', 'value': '-1.51'}, {'name': 'Adaptive RSI Indicator value', 'value': '631.33'}, {'name': 'LTP', 'value': '732.10'}]}",OHLC_M_I_ADRBULLCO,Bullish Crossovers (Monthly),Bullish Crossovers (Monthly),15,Indicator Scans,Bullish Crossovers (Monthly),,,False,1,N,,OHLC_M_I_ADRBULLCO
1786619717,"{'stkname': '360 ONE WAM', 'ltp': '', 'perChg': '', 'stkId': 'IIFLW54277', 'displayLock': 'N', 'scanproflg': 1, 'scUrl': 'finance-others/360onewam/IIFLW54277', 'columns': [{'name': 'change %', 'value': '1.89'}, {'name': 'Adaptive RSI Indicator value', 'value': '1,107.74'}, {'name': 'LTP', 'value': '1,183.00'}]}",OHLC_M_I_ADRBULLCO,Bullish Crossovers (Monthly),Bullish Crossovers (Monthly),15,Indicator Scans,Bullish Crossovers (Monthly),,,False,1,N,,OHLC_M_I_ADRBULLCO
1786619717,"{'stkname': 'Poonawalla Fin', 'ltp': '', 'perChg': '', 'stkId': 'ML07', 'displayLock': 'N', 'scanproflg': 1, 'scUrl': 'finance-nbfc/poonawallafincorp/MF20', 'columns': [{'name': 'change %', 'value': '3.90'}, {'name': 'Adaptive RSI Indicator value', 'value': '446.95'}, {'name': 'LTP', 'value': '503.00'}]}",OHLC_M_I_ADRBULLCO,Bullish Crossovers (Monthly),Bullish Crossovers (Monthly),15,Indicator Scans,Bullish Crossovers (Monthly),,,False,1,N,,OHLC_M_I_ADRBULLCO
1786619717,"{'stkname': 'Choice Internat', 'ltp': '', 'perChg': '', 'stkId': 'CFS01', 'displayLock': 'N', 'scanproflg': 1, 'scUrl': 'finance-general/choiceinternational/CFS01', 'columns': [{'name': 'change %', 'value': '-0.58'}, {'name': 'Adaptive RSI Indicator value', 'value': '764.24'}, {'name': 'LTP', 'value': '809.75'}]}",OHLC_M_I_ADRBULLCO,Bullish Crossovers (Monthly),Bullish Crossovers (Monthly),15,Indicator Scans,Bullish Crossovers (Monthly),,,False,1,N,,OHLC_M_I_ADRBULLCO
1786619717,"{'stkname': 'Aries Agro', 'ltp': '', 'perChg': '', 'stkId': 'AA13', 'displayLock': 'N', 'scanproflg': 1, 'scUrl': 'fertilisers/ariesagro/AA02', 'columns': [{'name': 'change %', 'value': '-2.16'}, {'name': 'Adaptive RSI Indicator value', 'value': '349.97'}, {'name': 'LTP', 'value': '388.75'}]}",OHLC_M_I_ADRBULLCO,Bullish Crossovers (Monthly),Bullish Crossovers (Monthly),15,Indicator Scans,Bullish Crossovers (Monthly),,,False,1,N,,OHLC_M_I_ADRBULLCO
1786619717,"{'stkname': 'Thejo Engg', 'ltp': '', 'perChg': '', 'stkId': 'TE13', 'displayLock': 'N', 'scanproflg': 1, 'scUrl': 'engineering/thejoengineering/TE09', 'columns': [{'name': 'change %', 'value': '-2.49'}, {'name': 'Adaptive RSI Indicator value', 'value': '1,906.32'}, {'name': 'LTP', 'value': '2,070.00'}]}",OHLC_M_I_ADRBULLCO,Bullish Crossovers (Monthly),Bullish Crossovers (Monthly),15,Indicator Scans,Bullish Crossovers (Monthly),,,False,1,N,,OHLC_M_I_ADRBULLCO
1786619717,"{'stkname': 'United Drilling', 'ltp': '', 'perChg': '', 'stkId': 'UDT', 'displayLock': 'N', 'scanproflg': 1, 'scUrl': 'engineering-industrial-equipments/uniteddrillingtools/UDT', 'columns': [{'name': 'change %', 'value': '-1.17'}, {'name': 'Adaptive RSI Indicator value', 'value': '215.00'}, {'name': 'LTP', 'value': '226.00'}]}",OHLC_M_I_ADRBULLCO,Bullish Crossovers (Monthly),Bullish Crossovers (Monthly),15,Indicator Scans,Bullish Crossovers (Monthly),,,False,1,N,,OHLC_M_I_ADRBULLCO
1786619717,"{'stkname': 'Pitti Engineeri', 'ltp': '', 'perChg': '', 'stkId': 'PL', 'displayLock': 'N', 'scanproflg': 1, 'scUrl': 'engineering/pittiengineering/PL', 'columns': [{'name': 'change %', 'value': '2.00'}, {'name': 'Adaptive RSI Indicator value', 'value': '962.60'}, {'name': 'LTP', 'value': '1,064.95'}]}",OHLC_M_I_ADRBULLCO,Bullish Crossovers (Monthly),Bullish Crossovers (Monthly),15,Indicator Scans,Bullish Crossovers (Monthly),,,False,1,N,,OHLC_M_I_ADRBULLCO
1786619717,"{'stkname': 'Kirloskar Bros', 'ltp': '', 'perChg': '', 'stkId': 'KB02', 'displayLock': 'N', 'scanproflg': 1, 'scUrl': 'pumps/kirloskarbrothers/KB02', 'columns': [{'name': 'change %', 'value': '1.19'}, {'name': 'Adaptive RSI Indicator value', 'value': '1,820.90'}, {'name': 'LTP', 'value': '1,932.00'}]}",OHLC_M_I_ADRBULLCO,Bullish Crossovers (Monthly),Bullish Crossovers (Monthly),15,Indicator Scans,Bullish Crossovers (Monthly),,,False,1,N,,OHLC_M_I_ADRBULLCO
1786619717,"{'stkname': 'Kirl Electric', 'ltp': '', 'perChg': '', 'stkId': 'KEC02', 'displayLock': 'N', 'scanproflg': 1, 'scUrl': 'electric-equipment/kirloskarelectricco/KEC02', 'columns': [{'name': 'change %', 'value': '-0.35'}, {'name': 'Adaptive RSI Indicator value', 'value': '127.81'}, {'name': 'LTP', 'value': '145.00'}]}",OHLC_M_I_ADRBULLCO,Bullish Crossovers (Monthly),Bullish Crossovers (Monthly),15,Indicator Scans,Bullish Crossovers (Monthly),,,False,1,N,,OHLC_M_I_ADRBULLCO
1786619717,"{'stkname': 'Veto Switch', 'ltp': '', 'perChg': '', 'stkId': 'VSC01', 'displayLock': 'N', 'scanproflg': 1, 'scUrl': 'electric-equipment/vetoswitchgearscables/VSC01', 'columns': [{'name': 'change %', 'value': '2.94'}, {'name': 'Adaptive RSI Indicator value', 'value': '119.08'}, {'name': 'LTP', 'value': '124.00'}]}",OHLC_M_I_ADRBULLCO,Bullish Crossovers (Monthly),Bullish Crossovers (Monthly),15,Indicator Scans,Bullish Crossovers (Monthly),,,False,1,N,,OHLC_M_I_ADRBULLCO
1786619717,"{'stkname': 'Omaxe', 'ltp': '', 'perChg': '', 'stkId': 'O02', 'displayLock': 'N', 'scanproflg': 1, 'scUrl': 'constructioncontracting-real-estate/omaxe/O02', 'columns': [{'name': 'change %', 'value': '19.99'}, {'name': 'Adaptive RSI Indicator value', 'value': '85.77'}, {'name': 'LTP', 'value': '98.37'}]}",OHLC_M_I_ADRBULLCO,Bullish Crossovers (Monthly),Bullish Crossovers (Monthly),15,Indicator Scans,Bullish Crossovers (Monthly),,,False,1,N,,OHLC_M_I_ADRBULLCO
1786619717,"{'stkname': 'Bhansali Eng', 'ltp': '', 'perChg': '', 'stkId': 'BEP', 'displayLock': 'N', 'scanproflg': 1, 'scUrl': 'petrochemicals/bhansaliengineeringpolymers/BEP', 'columns': [{'name': 'change %', 'value': '1.51'}, {'name': 'Adaptive RSI Indicator value', 'value': '107.13'}, {'name': 'LTP', 'value': '122.36'}]}",OHLC_M_I_ADRBULLCO,Bullish Crossovers (Monthly),Bullish Crossovers (Monthly),15,Indicator Scans,Bullish Crossovers (Monthly),,,False,1,N,,OHLC_M_I_ADRBULLCO
1786619717,"{'stkname': 'Tamilnadu Petro', 'ltp': '', 'perChg': '', 'stkId': 'TPL', 'displayLock': 'N', 'scanproflg': 1, 'scUrl': 'detergents/tamilnadupetroproducts/TP13', 'columns': [{'name': 'change %', 'value': '3.91'}, {'name': 'Adaptive RSI Indicator value', 'value': '98.34'}, {'name': 'LTP', 'value': '110.94'}]}",OHLC_M_I_ADRBULLCO,Bullish Crossovers (Monthly),Bullish Crossovers (Monthly),15,Indicator Scans,Bullish Crossovers (Monthly),,,False,1,N,,OHLC_M_I_ADRBULLCO
1786619717,"{'stkname': 'Asahi Songwon', 'ltp': '', 'perChg': '', 'stkId': 'ASC01', 'displayLock': 'N', 'scanproflg': 1, 'scUrl': 'dyespigments/asahisongwoncolors/ASC01', 'columns': [{'name': 'change %', 'value': '4.99'}, {'name': 'Adaptive RSI Indicator value', 'value': '318.11'}, {'name': 'LTP', 'value': '345.95'}]}",OHLC_M_I_ADRBULLCO,Bullish Crossovers (Monthly),Bullish Crossovers (Monthly),15,Indicator Scans,Bullish Crossovers (Monthly),,,False,1,N,,OHLC_M_I_ADRBULLCO
1786619717,"{'stkname': 'Kolte-Patil', 'ltp': '', 'perChg': '', 'stkId': 'KD07', 'displayLock': 'N', 'scanproflg': 1, 'scUrl': 'constructioncontracting-real-estate/kolte-patildevelopers/KD07', 'columns': [{'name': 'change %', 'value': '-0.75'}, {'name': 'Adaptive RSI Indicator value', 'value': '402.45'}, {'name': 'LTP', 'value': '489.00'}]}",OHLC_M_I_ADRBULLCO,Bullish Crossovers (Monthly),Bullish Crossovers (Monthly),15,Indicator Scans,Bullish Crossovers (Monthly),,,False,1,N,,OHLC_M_I_ADRBULLCO
1786619717,"{'stkname': 'Foseco India', 'ltp': '', 'perChg': '', 'stkId': 'FI12', 'displayLock': 'N', 'scanproflg': 1, 'scUrl': 'chemicals/fosecoindia/FI12', 'columns': [{'name': 'change %', 'value': '0.30'}, {'name': 'Adaptive RSI Indicator value', 'value': '5,151.86'}, {'name': 'LTP', 'value': '5,547.00'}]}",OHLC_M_I_ADRBULLCO,Bullish Crossovers (Monthly),Bullish Crossovers (Monthly),15,Indicator Scans,Bullish Crossovers (Monthly),,,False,1,N,,OHLC_M_I_ADRBULLCO
1786619717,"{'stkname': 'Orient Bell', 'ltp': '', 'perChg': '', 'stkId': 'OCI', 'displayLock': 'N', 'scanproflg': 1, 'scUrl': 'ceramicsgranite/orientbell/OCI', 'columns': [{'name': 'change %', 'value': '-1.35'}, {'name': 'Adaptive RSI Indicator value', 'value': '322.11'}, {'name': 'LTP', 'value': '357.05'}]}",OHLC_M_I_ADRBULLCO,Bullish Crossovers (Monthly),Bullish Crossovers (Monthly),15,Indicator Scans,Bullish Crossovers (Monthly),,,False,1,N,,OHLC_M_I_ADRBULLCO
1786619717,"{'stkname': 'PVP Ventures', 'ltp': '', 'perChg': '', 'stkId': 'SSI', 'displayLock': 'N', 'scanproflg': 1, 'scUrl': 'constructioncontracting-real-estate/pvpventures/PVP', 'columns': [{'name': 'change %', 'value': '6.30'}, {'name': 'Adaptive RSI Indicator value', 'value': '30.44'}, {'name': 'LTP', 'value': '36.30'}]}",OHLC_M_I_ADRBULLCO,Bullish Crossovers (Monthly),Bullish Crossovers (Monthly),15,Indicator Scans,Bullish Crossovers (Monthly),,,False,1,N,,OHLC_M_I_ADRBULLCO
1786619717,"{'stkname': 'Bodal Chemicals', 'ltp': '', 'perChg': '', 'stkId': 'DD', 'displayLock': 'N', 'scanproflg': 1, 'scUrl': 'dyespigments/bodalchemicals/BC15', 'columns': [{'name': 'change %', 'value': '-1.28'}, {'name': 'Adaptive RSI Indicator value', 'value': '66.11'}, {'name': 'LTP', 'value': '67.90'}]}",OHLC_M_I_ADRBULLCO,Bullish Crossovers (Monthly),Bullish Crossovers (Monthly),15,Indicator Scans,Bullish Crossovers (Monthly),,,False,1,N,,OHLC_M_I_ADRBULLCO
1786619717,"{'stkname': 'Pokarna', 'ltp': '', 'perChg': '', 'stkId': 'PL06', 'displayLock': 'N', 'scanproflg': 1, 'scUrl': 'ceramicsgranite/pokarna/PL06', 'columns': [{'name': 'change %', 'value': '-2.32'}, {'name': 'Adaptive RSI Indicator value', 'value': '928.87'}, {'name': 'LTP', 'value': '966.00'}]}",OHLC_M_I_ADRBULLCO,Bullish Crossovers (Monthly),Bullish Crossovers (Monthly),15,Indicator Scans,Bullish Crossovers (Monthly),,,False,1,N,,OHLC_M_I_ADRBULLCO
1786619717,"{'stkname': 'Sahyadri Ind', 'ltp': '', 'perChg': '', 'stkId': 'SI84', 'displayLock': 'N', 'scanproflg': 1, 'scUrl': 'cement-productsbuilding-materials/sahyadriindustries/SI86', 'columns': [{'name': 'change %', 'value': '5.82'}, {'name': 'Adaptive RSI Indicator value', 'value': '297.00'}, {'name': 'LTP', 'value': '367.00'}]}",OHLC_M_I_ADRBULLCO,Bullish Crossovers (Monthly),Bullish Crossovers (Monthly),15,Indicator Scans,Bullish Crossovers (Monthly),,,False,1,N,,OHLC_M_I_ADRBULLCO
1786619717,"{'stkname': 'ANDHRSUGAR', 'ltp': '', 'perChg': '', 'stkId': 'AS18', 'displayLock': 'N', 'scanproflg': 1, 'scUrl': 'commodity-chemicals/theandhrasugar/AS18', 'columns': [{'name': 'change %', 'value': '2.51'}, {'name': 'Adaptive RSI Indicator value', 'value': '87.62'}, {'name': 'LTP', 'value': '100.56'}]}",OHLC_M_I_ADRBULLCO,Bullish Crossovers (Monthly),Bullish Crossovers (Monthly),15,Indicator Scans,Bullish Crossovers (Monthly),,,False,1,N,,OHLC_M_I_ADRBULLCO
1786619717,"{'stkname': 'Jubilant Ing.', 'ltp': '', 'perChg': '', 'stkId': 'JI12', 'displayLock': 'N', 'scanproflg': 1, 'scUrl': 'speciality-chemicals/jubilantingrevia/JI14', 'columns': [{'name': 'change %', 'value': '2.82'}, {'name': 'Adaptive RSI Indicator value', 'value': '683.62'}, {'name': 'LTP', 'value': '736.40'}]}",OHLC_M_I_ADRBULLCO,Bullish Crossovers (Monthly),Bullish Crossovers (Monthly),15,Indicator Scans,Bullish Crossovers (Monthly),,,False,1,N,,OHLC_M_I_ADRBULLCO
1786619717,"{'stkname': 'Munjal Showa', 'ltp': '', 'perChg': '', 'stkId': 'MS', 'displayLock': 'N', 'scanproflg': 1, 'scUrl': 'auto-ancillaries/munjalshowa/MS', 'columns': [{'name': 'change %', 'value': '6.29'}, {'name': 'Adaptive RSI Indicator value', 'value': '134.13'}, {'name': 'LTP', 'value': '140.72'}]}",OHLC_M_I_ADRBULLCO,Bullish Crossovers (Monthly),Bullish Crossovers (Monthly),15,Indicator Scans,Bullish Crossovers (Monthly),,,False,1,N,,OHLC_M_I_ADRBULLCO
1786619717,"{'stkname': 'Dynamic Cables', 'ltp': '', 'perChg': '', 'stkId': 'DC13', 'displayLock': 'N', 'scanproflg': 1, 'scUrl': 'cables-powerothers/dynamiccables/DC13', 'columns': [{'name': 'change %', 'value': '-0.33'}, {'name': 'Adaptive RSI Indicator value', 'value': '374.27'}, {'name': 'LTP', 'value': '452.50'}]}",OHLC_M_I_ADRBULLCO,Bullish Crossovers (Monthly),Bullish Crossovers (Monthly),15,Indicator Scans,Bullish Crossovers (Monthly),,,False,1,N,,OHLC_M_I_ADRBULLCO
1786619717,"{'stkname': 'Autoline Ind', 'ltp': '', 'perChg': '', 'stkId': 'AI59', 'displayLock': 'N', 'scanproflg': 1, 'scUrl': 'auto-ancillaries/autolineindustries/AI59', 'columns': [{'name': 'change %', 'value': '4.24'}, {'name': 'Adaptive RSI Indicator value', 'value': '86.09'}, {'name': 'LTP', 'value': '104.00'}]}",OHLC_M_I_ADRBULLCO,Bullish Crossovers (Monthly),Bullish Crossovers (Monthly),15,Indicator Scans,Bullish Crossovers (Monthly),,,False,1,N,,OHLC_M_I_ADRBULLCO
1786619717,"{'stkname': 'Rajratan Global', 'ltp': '', 'perChg': '', 'stkId': 'RGW', 'displayLock': 'N', 'scanproflg': 1, 'scUrl': 'auto-ancillaries/rajratanglobalwire/RGW01', 'columns': [{'name': 'change %', 'value': '1.69'}, {'name': 'Adaptive RSI Indicator value', 'value': '461.09'}, {'name': 'LTP', 'value': '527.25'}]}",OHLC_M_I_ADRBULLCO,Bullish Crossovers (Monthly),Bullish Crossovers (Monthly),15,Indicator Scans,Bullish Crossovers (Monthly),,,False,1,N,,OHLC_M_I_ADRBULLCO
1786619717,"{'stkname': 'Visaka Ind', 'ltp': '', 'perChg': '', 'stkId': 'VI11', 'displayLock': 'N', 'scanproflg': 1, 'scUrl': 'cement-productsbuilding-materials/visakaindustries/VI11', 'columns': [{'name': 'change %', 'value': '-2.81'}, {'name': 'Adaptive RSI Indicator value', 'value': '81.51'}, {'name': 'LTP', 'value': '95.98'}]}",OHLC_M_I_ADRBULLCO,Bullish Crossovers (Monthly),Bullish Crossovers (Monthly),15,Indicator Scans,Bullish Crossovers (Monthly),,,False,1,N,,OHLC_M_I_ADRBULLCO
1786619717,"{'stkname': 'Kabra Extrusion', 'ltp': '', 'perChg': '', 'stkId': 'KET', 'displayLock': 'N', 'scanproflg': 1, 'scUrl': 'engineering-heavy/kabraextrusiontechnik/KET', 'columns': [{'name': 'change %', 'value': '-1.20'}, {'name': 'Adaptive RSI Indicator value', 'value': '344.39'}, {'name': 'LTP', 'value': '488.95'}]}",OHLC_M_I_ADRBULLCO,Bullish Crossovers (Monthly),Bullish Crossovers (Monthly),15,Indicator Scans,Bullish Crossovers (Monthly),,,False,1,N,,OHLC_M_I_ADRBULLCO
1786619717,"{'stkname': 'Sundaram Brake', 'ltp': '', 'perChg': '', 'stkId': 'SBL', 'displayLock': 'N', 'scanproflg': 1, 'scUrl': 'auto-ancillaries/sundarambrakelinings/SBL', 'columns': [{'name': 'change %', 'value': '4.94'}, {'name': 'Adaptive RSI Indicator value', 'value': '763.02'}, {'name': 'LTP', 'value': '840.00'}]}",OHLC_M_I_ADRBULLCO,Bullish Crossovers (Monthly),Bullish Crossovers (Monthly),15,Indicator Scans,Bullish Crossovers (Monthly),,,False,1,N,,OHLC_M_I_ADRBULLCO
1786619717,"{'stkname': 'Anant Raj', 'ltp': '', 'perChg': '', 'stkId': 'ARI', 'displayLock': 'N', 'scanproflg': 1, 'scUrl': 'construction-real-estate/anantraj/ARI', 'columns': [{'name': 'change %', 'value': '2.07'}, {'name': 'Adaptive RSI Indicator value', 'value': '566.73'}, {'name': 'LTP', 'value': '627.40'}]}",OHLC_M_I_ADRBULLCO,Bullish Crossovers (Monthly),Bullish Crossovers (Monthly),15,Indicator Scans,Bullish Crossovers (Monthly),,,False,1,N,,OHLC_M_I_ADRBULLCO
1786619717,"{'stkname': 'CarTrade Tech', 'ltp': '', 'perChg': '', 'stkId': 'CT09', 'displayLock': 'N', 'scanproflg': 1, 'scUrl': 'automobile-dealersdistributors/cartradetech/CT12', 'columns': [{'name': 'change %', 'value': '1.67'}, {'name': 'Adaptive RSI Indicator value', 'value': '2,491.85'}, {'name': 'LTP', 'value': '2,760.00'}]}",OHLC_M_I_ADRBULLCO,Bullish Crossovers (Monthly),Bullish Crossovers (Monthly),15,Indicator Scans,Bullish Crossovers (Monthly),,,False,1,N,,OHLC_M_I_ADRBULLCO
1786619717,"{'stkname': 'Sundram', 'ltp': '', 'perChg': '', 'stkId': 'SF', 'displayLock': 'N', 'scanproflg': 1, 'scUrl': 'fasteners/sundramfasteners/SF23', 'columns': [{'name': 'change %', 'value': '1.16'}, {'name': 'Adaptive RSI Indicator value', 'value': '1,027.16'}, {'name': 'LTP', 'value': '1,224.05'}]}",OHLC_M_I_ADRBULLCO,Bullish Crossovers (Monthly),Bullish Crossovers (Monthly),15,Indicator Scans,Bullish Crossovers (Monthly),,,False,1,N,,OHLC_M_I_ADRBULLCO
1786619717,"{'stkname': 'TBO Tek', 'ltp': '', 'perChg': '', 'stkId': 'TTL03', 'displayLock': 'N', 'scanproflg': 1, 'scUrl': 'travel-services/tbotek/TTL03', 'columns': [{'name': 'change %', 'value': '0.61'}, {'name': 'Adaptive RSI Indicator value', 'value': '1,436.69'}, {'name': 'LTP', 'value': '1,606.40'}]}",OHLC_M_I_ADRBULLCO,Bullish Crossovers (Monthly),Bullish Crossovers (Monthly),15,Indicator Scans,Bullish Crossovers (Monthly),,,False,1,N,,OHLC_M_I_ADRBULLCO
1786619717,"{'stkname': 'Kalyan Jeweller', 'ltp': '', 'perChg': '', 'stkId': 'KJI01', 'displayLock': 'N', 'scanproflg': 1, 'scUrl': 'diamondjewellery/kalyanjewellersindia/KJI01', 'columns': [{'name': 'change %', 'value': '2.80'}, {'name': 'Adaptive RSI Indicator value', 'value': '509.30'}, {'name': 'LTP', 'value': '613.40'}]}",OHLC_M_I_ADRBULLCO,Bullish Crossovers (Monthly),Bullish Crossovers (Monthly),15,Indicator Scans,Bullish Crossovers (Monthly),,,False,1,N,,OHLC_M_I_ADRBULLCO
1786619717,"{'stkname': 'Premier Energie', 'ltp': '', 'perChg': '', 'stkId': 'PEL07', 'displayLock': 'N', 'scanproflg': 1, 'scUrl': 'electric-equipment/premierenergies/PEL06', 'columns': [{'name': 'change %', 'value': '0.95'}, {'name': 'Adaptive RSI Indicator value', 'value': '1,014.38'}, {'name': 'LTP', 'value': '1,035.80'}]}",OHLC_M_I_ADRBULLCO,Bullish Crossovers (Monthly),Bullish Crossovers (Monthly),15,Indicator Scans,Bullish Crossovers (Monthly),,,False,1,N,,OHLC_M_I_ADRBULLCO
1786619717,"{'stkname': 'Hindustan Aeron', 'ltp': '', 'perChg': '', 'stkId': 'HAL', 'displayLock': 'N', 'scanproflg': 1, 'scUrl': 'aerospacedefence/hindustanaeronautics/HAL', 'columns': [{'name': 'change %', 'value': '-1.00'}, {'name': 'Adaptive RSI Indicator value', 'value': '4,497.56'}, {'name': 'LTP', 'value': '4,945.00'}]}",OHLC_M_I_ADRBULLCO,Bullish Crossovers (Monthly),Bullish Crossovers (Monthly),15,Indicator Scans,Bullish Crossovers (Monthly),,,False,1,N,,OHLC_M_I_ADRBULLCO
1786619717,"{'stkname': 'United Spirits', 'ltp': '', 'perChg': '', 'stkId': 'MC08', 'displayLock': 'N', 'scanproflg': 1, 'scUrl': 'breweriesdistilleries/unitedspirits/US', 'columns': [{'name': 'change %', 'value': '-1.30'}, {'name': 'Adaptive RSI Indicator value', 'value': '1,413.02'}, {'name': 'LTP', 'value': '1,515.00'}]}",OHLC_M_I_ADRBULLCO,Bullish Crossovers (Monthly),Bullish Crossovers (Monthly),15,Indicator Scans,Bullish Crossovers (Monthly),,,False,1,N,,OHLC_M_I_ADRBULLCO
1786619717,"{'stkname': 'Eternal', 'ltp': '', 'perChg': '', 'stkId': 'Z01', 'displayLock': 'N', 'scanproflg': 1, 'scUrl': 'online-services/eternal/Z', 'columns': [{'name': 'change %', 'value': '1.26'}, {'name': 'Adaptive RSI Indicator value', 'value': '283.34'}, {'name': 'LTP', 'value': '318.00'}]}",OHLC_M_I_ADRBULLCO,Bullish Crossovers (Monthly),Bullish Crossovers (Monthly),15,Indicator Scans,Bullish Crossovers (Monthly),,,False,1,N,,OHLC_M_I_ADRBULLCO
1786619717,"{'stkname': 'Hero Motocorp', 'ltp': '', 'perChg': '', 'stkId': 'HHM', 'displayLock': 'N', 'scanproflg': 1, 'scUrl': 'auto-23-wheelers/heromotocorp/HHM', 'columns': [{'name': 'change %', 'value': '-0.76'}, {'name': 'Adaptive RSI Indicator value', 'value': '5,355.03'}, {'name': 'LTP', 'value': '5,850.00'}]}",OHLC_M_I_ADRBULLCO,Bullish Crossovers (Monthly),Bullish Crossovers (Monthly),15,Indicator Scans,Bullish Crossovers (Monthly),,,False,1,N,,OHLC_M_I_ADRBULLCO
1786619717,"{'stkname': 'Prestige Estate', 'ltp': '', 'perChg': '', 'stkId': 'PEP02', 'displayLock': 'N', 'scanproflg': 1, 'scUrl': 'constructioncontracting-real-estate/prestigeestatesprojects/PEP02', 'columns': [{'name': 'change %', 'value': '1.77'}, {'name': 'Adaptive RSI Indicator value', 'value': '1,531.08'}, {'name': 'LTP', 'value': '1,618.90'}]}",OHLC_M_I_ADRBULLCO,Bullish Crossovers (Monthly),Bullish Crossovers (Monthly),15,Indicator Scans,Bullish Crossovers (Monthly),,,False,1,N,,OHLC_M_I_ADRBULLCO
1786619717,"{'stkname': 'Asian Paints', 'ltp': '', 'perChg': '', 'stkId': 'API', 'displayLock': 'N', 'scanproflg': 1, 'scUrl': 'paintsvarnishes/asianpaints/AP31', 'columns': [{'name': 'change %', 'value': '0.57'}, {'name': 'Adaptive RSI Indicator value', 'value': '2,628.00'}, {'name': 'LTP', 'value': '2,755.50'}]}",OHLC_M_I_ADRBULLCO,Bullish Crossovers (Monthly),Bullish Crossovers (Monthly),15,Indicator Scans,Bullish Crossovers (Monthly),,,False,1,N,,OHLC_M_I_ADRBULLCO
1786619717,"{'stkname': 'ICICI Bank', 'ltp': '', 'perChg': '', 'stkId': 'ICI02', 'displayLock': 'N', 'scanproflg': 1, 'scUrl': 'banks-private-sector/icicibank/ICI02', 'columns': [{'name': 'change %', 'value': '-1.74'}, {'name': 'Adaptive RSI Indicator value', 'value': '1,365.94'}, {'name': 'LTP', 'value': '1,406.80'}]}",OHLC_M_I_ADRBULLCO,Bullish Crossovers (Monthly),Bullish Crossovers (Monthly),15,Indicator Scans,Bullish Crossovers (Monthly),,,False,1,N,,OHLC_M_I_ADRBULLCO
1786619717,"{'stkname': 'MA N500 502525', 'ltp': '', 'perChg': '', 'stkId': 'MULTI25080', 'displayLock': 'N', 'scanproflg': 1, 'scUrl': 'etf/miraeassetnifty500multicap502525etf/MULTI25080', 'columns': [{'name': 'change %', 'value': '-0.12'}, {'name': 'Adaptive RSI Indicator value', 'value': '16.43'}, {'name': 'LTP', 'value': '16.92'}]}",OHLC_M_I_ADRBULLCO,Bullish Crossovers (Monthly),Bullish Crossovers (Monthly),15,Indicator Scans,Bullish Crossovers (Monthly),,,False,1,N,,OHLC_M_I_ADRBULLCO
1786619717,"{'stkname': 'SBIETFCON', 'ltp': '', 'perChg': '', 'stkId': 'SBIET5168', 'displayLock': 'N', 'scanproflg': 1, 'scUrl': 'etf/sbietfconsumption/SBIET5168', 'columns': [{'name': 'change %', 'value': '0.58'}, {'name': 'Adaptive RSI Indicator value', 'value': '121.29'}, {'name': 'LTP', 'value': '125.15'}]}",OHLC_M_I_ADRBULLCO,Bullish Crossovers (Monthly),Bullish Crossovers (Monthly),15,Indicator Scans,Bullish Crossovers (Monthly),,,False,1,N,,OHLC_M_I_ADRBULLCO
1786619717,"{'stkname': 'MO N500M50ETF', 'ltp': '', 'perChg': '', 'stkId': 'MOMEN25606', 'displayLock': 'N', 'scanproflg': 1, 'scUrl': 'etf/motilaloswalnifty500momentum50etf/MOMEN25606', 'columns': [{'name': 'change %', 'value': '-0.40'}, {'name': 'Adaptive RSI Indicator value', 'value': '52.69'}, {'name': 'LTP', 'value': '54.50'}]}",OHLC_M_I_ADRBULLCO,Bullish Crossovers (Monthly),Bullish Crossovers (Monthly),15,Indicator Scans,Bullish Crossovers (Monthly),,,False,1,N,,OHLC_M_I_ADRBULLCO
1786619717,"{'stkname': 'Ipru BSELiquid', 'ltp': '', 'perChg': '', 'stkId': 'ICICI4838', 'displayLock': 'N', 'scanproflg': 1, 'scUrl': 'etf/iciciprudentialbseliquidrateetf-idcw/ICICI4838', 'columns': [{'name': 'change %', 'value': '0.00'}, {'name': 'Adaptive RSI Indicator value', 'value': '999.99'}, {'name': 'LTP', 'value': '1,000.00'}]}",OHLC_M_I_ADRBULLCO,Bullish Crossovers (Monthly),Bullish Crossovers (Monthly),15,Indicator Scans,Bullish Crossovers (Monthly),,,False,1,N,,OHLC_M_I_ADRBULLCO
1786619717,"{'stkname': 'MO Nifty 500', 'ltp': '', 'perChg': '', 'stkId': 'MONIF19237', 'displayLock': 'N', 'scanproflg': 1, 'scUrl': 'etf/motilaloswalnifty500etf/MONIF19237', 'columns': [{'name': 'change %', 'value': '0.21'}, {'name': 'Adaptive RSI Indicator value', 'value': '23.61'}, {'name': 'LTP', 'value': '24.26'}]}",OHLC_M_I_ADRBULLCO,Bullish Crossovers (Monthly),Bullish Crossovers (Monthly),15,Indicator Scans,Bullish Crossovers (Monthly),,,False,1,N,,OHLC_M_I_ADRBULLCO
1786619717,"{'stkname': 'Ind Motor Parts', 'ltp': '', 'perChg': '', 'stkId': 'IMP02', 'displayLock': 'N', 'scanproflg': 1, 'scUrl': 'trading/indiamotorpartsaccessories/IMP03', 'columns': [{'name': 'change %', 'value': '-0.19'}, {'name': 'Adaptive RSI Indicator value', 'value': '1,068.63'}, {'name': 'LTP', 'value': '1,100.00'}]}",OHLC_M_I_ADRBULLCO,Bullish Crossovers (Monthly),Bullish Crossovers (Monthly),15,Indicator Scans,Bullish Crossovers (Monthly),,,False,1,N,,OHLC_M_I_ADRBULLCO
1786619717,"{'stkname': 'Innovision', 'ltp': '', 'perChg': '', 'stkId': 'IL09', 'displayLock': 'N', 'scanproflg': 1, 'scUrl': 'misc-commercial-services/innovision/IL08', 'columns': [{'name': 'change %', 'value': '-0.24'}, {'name': 'Adaptive RSI Indicator value', 'value': '286.55'}, {'name': 'LTP', 'value': '287.90'}]}",OHLC_D_I_ADRBULLCO,Bullish Crossovers (Daily),"Adaptive RSI (14,9) indicator went above its average line in the current session",15,Indicator Scans,"Adaptive RSI (14,9) indicator went above its average line in the current session. It’s a bullish event.",,,False,1,N,,OHLC_D_I_ADRBULLCO
1786619717,"{'stkname': 'SKFINDUS', 'ltp': '', 'perChg': '', 'stkId': 'SII06', 'displayLock': 'N', 'scanproflg': 1, 'scUrl': 'auto-ancillaries-bearings/skfindiaindustrial/SII06', 'columns': [{'name': 'change %', 'value': '0.87'}, {'name': 'Adaptive RSI Indicator value', 'value': '2,735.85'}, {'name': 'LTP', 'value': '2,746.00'}]}",OHLC_D_I_ADRBULLCO,Bullish Crossovers (Daily),"Adaptive RSI (14,9) indicator went above its average line in the current session",15,Indicator Scans,"Adaptive RSI (14,9) indicator went above its average line in the current session. It’s a bullish event.",,,False,1,N,,OHLC_D_I_ADRBULLCO
1786619717,"{'stkname': 'Powerica', 'ltp': '', 'perChg': '', 'stkId': 'PL11', 'displayLock': 'N', 'scanproflg': 1, 'scUrl': 'engineering-industrial-equipments/powerica/PL11', 'columns': [{'name': 'change %', 'value': '2.62'}, {'name': 'Adaptive RSI Indicator value', 'value': '550.42'}, {'name': 'LTP', 'value': '574.00'}]}",OHLC_D_I_ADRBULLCO,Bullish Crossovers (Daily),"Adaptive RSI (14,9) indicator went above its average line in the current session",15,Indicator Scans,"Adaptive RSI (14,9) indicator went above its average line in the current session. It’s a bullish event.",,,False,1,N,,OHLC_D_I_ADRBULLCO
1786619717,"{'stkname': 'Fischer Medical', 'ltp': '', 'perChg': '', 'stkId': 'FIA', 'displayLock': 'N', 'scanproflg': 1, 'scUrl': 'commodity-chemicals/fischermedicalventures/FIA', 'columns': [{'name': 'change %', 'value': '3.11'}, {'name': 'Adaptive RSI Indicator value', 'value': '38.34'}, {'name': 'LTP', 'value': '38.83'}]}",OHLC_D_I_ADRBULLCO,Bullish Crossovers (Daily),"Adaptive RSI (14,9) indicator went above its average line in the current session",15,Indicator Scans,"Adaptive RSI (14,9) indicator went above its average line in the current session. It’s a bullish event.",,,False,1,N,,OHLC_D_I_ADRBULLCO
1786619717,"{'stkname': 'Turtlemint Fin', 'ltp': '', 'perChg': '', 'stkId': 'TFS04', 'displayLock': 'N', 'scanproflg': 1, 'scUrl': 'multiline-insurancebrokers/turtlemintfintechsolutions/TFS03', 'columns': [{'name': 'change %', 'value': '6.11'}, {'name': 'Adaptive RSI Indicator value', 'value': '128.80'}, {'name': 'LTP', 'value': '140.40'}]}",OHLC_D_I_ADRBULLCO,Bullish Crossovers (Daily),"Adaptive RSI (14,9) indicator went above its average line in the current session",15,Indicator Scans,"Adaptive RSI (14,9) indicator went above its average line in the current session. It’s a bullish event.",,,False,1,N,,OHLC_D_I_ADRBULLCO
1786619717,"{'stkname': 'Jubilant Agri', 'ltp': '', 'perChg': '', 'stkId': 'JAC01', 'displayLock': 'N', 'scanproflg': 1, 'scUrl': 'miscellaneous/jubilantagriconsumerproducts/JAC01', 'columns': [{'name': 'change %', 'value': '20.00'}, {'name': 'Adaptive RSI Indicator value', 'value': '2,005.89'}, {'name': 'LTP', 'value': '2,322.60'}]}",OHLC_D_I_ADRBULLCO,Bullish Crossovers (Daily),"Adaptive RSI (14,9) indicator went above its average line in the current session",15,Indicator Scans,"Adaptive RSI (14,9) indicator went above its average line in the current session. It’s a bullish event.",,,False,1,N,,OHLC_D_I_ADRBULLCO
1786619717,"{'stkname': 'Gandhar Oil', 'ltp': '', 'perChg': '', 'stkId': 'GOR', 'displayLock': 'N', 'scanproflg': 1, 'scUrl': 'refineries/gandharoilrefineryindia/GOR', 'columns': [{'name': 'change %', 'value': '3.63'}, {'name': 'Adaptive RSI Indicator value', 'value': '240.23'}, {'name': 'LTP', 'value': '244.85'}]}",OHLC_D_I_ADRBULLCO,Bullish Crossovers (Daily),"Adaptive RSI (14,9) indicator went above its average line in the current session",15,Indicator Scans,"Adaptive RSI (14,9) indicator went above its average line in the current session. It’s a bullish event.",,,False,1,N,,OHLC_D_I_ADRBULLCO
1786619717,"{'stkname': 'Network People', 'ltp': '', 'perChg': '', 'stkId': 'NPS02', 'displayLock': 'N', 'scanproflg': 1, 'scUrl': 'software/networkpeopleservicestechnologies/NPS02', 'columns': [{'name': 'change %', 'value': '7.01'}, {'name': 'Adaptive RSI Indicator value', 'value': '1,560.86'}, {'name': 'LTP', 'value': '1,645.00'}]}",OHLC_D_I_ADRBULLCO,Bullish Crossovers (Daily),"Adaptive RSI (14,9) indicator went above its average line in the current session",15,Indicator Scans,"Adaptive RSI (14,9) indicator went above its average line in the current session. It’s a bullish event.",,,False,1,N,,OHLC_D_I_ADRBULLCO
1786619717,"{'stkname': 'Jullundur Motor', 'ltp': '', 'perChg': '', 'stkId': 'JMA01', 'displayLock': 'N', 'scanproflg': 1, 'scUrl': 'auto-ancillaries/jullundurmotoragencydelhi/JMA', 'columns': [{'name': 'change %', 'value': '2.21'}, {'name': 'Adaptive RSI Indicator value', 'value': '88.74'}, {'name': 'LTP', 'value': '90.70'}]}",OHLC_D_I_ADRBULLCO,Bullish Crossovers (Daily),"Adaptive RSI (14,9) indicator went above its average line in the current session",15,Indicator Scans,"Adaptive RSI (14,9) indicator went above its average line in the current session. It’s a bullish event.",,,False,1,N,,OHLC_D_I_ADRBULLCO
1786619717,"{'stkname': 'The Grob Tea', 'ltp': '', 'perChg': '', 'stkId': 'TGT', 'displayLock': 'N', 'scanproflg': 1, 'scUrl': 'plantations-teacoffee/thegrobteacompany/TGT', 'columns': [{'name': 'change %', 'value': '0.80'}, {'name': 'Adaptive RSI Indicator value', 'value': '910.35'}, {'name': 'LTP', 'value': '927.00'}]}",OHLC_D_I_ADRBULLCO,Bullish Crossovers (Daily),"Adaptive RSI (14,9) indicator went above its average line in the current session",15,Indicator Scans,"Adaptive RSI (14,9) indicator went above its average line in the current session. It’s a bullish event.",,,False,1,N,,OHLC_D_I_ADRBULLCO
1786619717,"{'stkname': 'Dwarikesh Sugar', 'ltp': '', 'perChg': '', 'stkId': 'DSI01', 'displayLock': 'N', 'scanproflg': 1, 'scUrl': 'sugar/dwarikeshsugarindustries/DSI01', 'columns': [{'name': 'change %', 'value': '2.98'}, {'name': 'Adaptive RSI Indicator value', 'value': '41.81'}, {'name': 'LTP', 'value': '42.80'}]}",OHLC_D_I_ADRBULLCO,Bullish Crossovers (Daily),"Adaptive RSI (14,9) indicator went above its average line in the current session",15,Indicator Scans,"Adaptive RSI (14,9) indicator went above its average line in the current session. It’s a bullish event.",,,False,1,N,,OHLC_D_I_ADRBULLCO
1786619717,"{'stkname': 'Texmo Pipes', 'ltp': '', 'perChg': '', 'stkId': 'TPP', 'displayLock': 'N', 'scanproflg': 1, 'scUrl': 'plastics/texmopipesproducts/TPP', 'columns': [{'name': 'change %', 'value': '8.02'}, {'name': 'Adaptive RSI Indicator value', 'value': '43.84'}, {'name': 'LTP', 'value': '46.20'}]}",OHLC_D_I_ADRBULLCO,Bullish Crossovers (Daily),"Adaptive RSI (14,9) indicator went above its average line in the current session",15,Indicator Scans,"Adaptive RSI (14,9) indicator went above its average line in the current session. It’s a bullish event.",,,False,1,N,,OHLC_D_I_ADRBULLCO
1786619717,"{'stkname': 'Mangalam Drugs', 'ltp': '', 'perChg': '', 'stkId': 'MDO', 'displayLock': 'N', 'scanproflg': 1, 'scUrl': 'pharmaceuticals/mangalamdrugsorganics/MDO', 'columns': [{'name': 'change %', 'value': '9.97'}, {'name': 'Adaptive RSI Indicator value', 'value': '28.01'}, {'name': 'LTP', 'value': '29.99'}]}",OHLC_D_I_ADRBULLCO,Bullish Crossovers (Daily),"Adaptive RSI (14,9) indicator went above its average line in the current session",15,Indicator Scans,"Adaptive RSI (14,9) indicator went above its average line in the current session. It’s a bullish event.",,,False,1,N,,OHLC_D_I_ADRBULLCO
1786619717,"{'stkname': 'Rushil Decor', 'ltp': '', 'perChg': '', 'stkId': 'RD02', 'displayLock': 'N', 'scanproflg': 1, 'scUrl': 'woodwood-products/rushildecor/RD02', 'columns': [{'name': 'change %', 'value': '3.17'}, {'name': 'Adaptive RSI Indicator value', 'value': '17.54'}, {'name': 'LTP', 'value': '17.90'}]}",OHLC_D_I_ADRBULLCO,Bullish Crossovers (Daily),"Adaptive RSI (14,9) indicator went above its average line in the current session",15,Indicator Scans,"Adaptive RSI (14,9) indicator went above its average line in the current session. It’s a bullish event.",,,False,1,N,,OHLC_D_I_ADRBULLCO
1786619717,"{'stkname': 'Nectar Life', 'ltp': '', 'perChg': '', 'stkId': 'NL01', 'displayLock': 'N', 'scanproflg': 1, 'scUrl': 'pharmaceuticals/nectarlifesciences/NL01', 'columns': [{'name': 'change %', 'value': '5.00'}, {'name': 'Adaptive RSI Indicator value', 'value': '10.84'}, {'name': 'LTP', 'value': '11.34'}]}",OHLC_D_I_ADRBULLCO,Bullish Crossovers (Daily),"Adaptive RSI (14,9) indicator went above its average line in the current session",15,Indicator Scans,"Adaptive RSI (14,9) indicator went above its average line in the current session. It’s a bullish event.",,,False,1,N,,OHLC_D_I_ADRBULLCO
1786619717,"{'stkname': 'Venus Remedies', 'ltp': '', 'perChg': '', 'stkId': 'VR01', 'displayLock': 'N', 'scanproflg': 1, 'scUrl': 'pharmaceuticals/venusremedies/VR01', 'columns': [{'name': 'change %', 'value': '5.00'}, {'name': 'Adaptive RSI Indicator value', 'value': '1,631.75'}, {'name': 'LTP', 'value': '1,729.30'}]}",OHLC_D_I_ADRBULLCO,Bullish Crossovers (Daily),"Adaptive RSI (14,9) indicator went above its average line in the current session",15,Indicator Scans,"Adaptive RSI (14,9) indicator went above its average line in the current session. It’s a bullish event.",,,False,1,N,,OHLC_D_I_ADRBULLCO
1786619717,"{'stkname': 'Astral Ltd', 'ltp': '', 'perChg': '', 'stkId': 'APT02', 'displayLock': 'N', 'scanproflg': 1, 'scUrl': 'plastics/astrallimited/APT02', 'columns': [{'name': 'change %', 'value': '8.74'}, {'name': 'Adaptive RSI Indicator value', 'value': '1,482.71'}, {'name': 'LTP', 'value': '1,592.00'}]}",OHLC_D_I_ADRBULLCO,Bullish Crossovers (Daily),"Adaptive RSI (14,9) indicator went above its average line in the current session",15,Indicator Scans,"Adaptive RSI (14,9) indicator went above its average line in the current session. It’s a bullish event.",,,False,1,N,,OHLC_D_I_ADRBULLCO
1786619717,"{'stkname': 'Euro Panel', 'ltp': '', 'perChg': '', 'stkId': 'EPP', 'displayLock': 'N', 'scanproflg': 1, 'scUrl': 'aluminiumaluminium-products/europanelproducts/EPP', 'columns': [{'name': 'change %', 'value': '2.87'}, {'name': 'Adaptive RSI Indicator value', 'value': '163.57'}, {'name': 'LTP', 'value': '167.00'}]}",OHLC_D_I_ADRBULLCO,Bullish Crossovers (Daily),"Adaptive RSI (14,9) indicator went above its average line in the current session",15,Indicator Scans,"Adaptive RSI (14,9) indicator went above its average line in the current session. It’s a bullish event.",,,False,1,N,,OHLC_D_I_ADRBULLCO
1786619717,"{'stkname': 'Zee Media', 'ltp': '', 'perChg': '', 'stkId': 'ZN', 'displayLock': 'N', 'scanproflg': 1, 'scUrl': 'mediaentertainment/zeemediacorporation/ZN', 'columns': [{'name': 'change %', 'value': '20.00'}, {'name': 'Adaptive RSI Indicator value', 'value': '7.85'}, {'name': 'LTP', 'value': '8.58'}]}",OHLC_D_I_ADRBULLCO,Bullish Crossovers (Daily),"Adaptive RSI (14,9) indicator went above its average line in the current session",15,Indicator Scans,"Adaptive RSI (14,9) indicator went above its average line in the current session. It’s a bullish event.",,,False,1,N,,OHLC_D_I_ADRBULLCO
1786619717,"{'stkname': 'Mukta Arts', 'ltp': '', 'perChg': '', 'stkId': 'MA02', 'displayLock': 'N', 'scanproflg': 1, 'scUrl': 'mediaentertainment/muktaarts/MA02', 'columns': [{'name': 'change %', 'value': '2.25'}, {'name': 'Adaptive RSI Indicator value', 'value': '57.02'}, {'name': 'LTP', 'value': '57.83'}]}",OHLC_D_I_ADRBULLCO,Bullish Crossovers (Daily),"Adaptive RSI (14,9) indicator went above its average line in the current session",15,Indicator Scans,"Adaptive RSI (14,9) indicator went above its average line in the current session. It’s a bullish event.",,,False,1,N,,OHLC_D_I_ADRBULLCO
1786619717,"{'stkname': 'RS Software', 'ltp': '', 'perChg': '', 'stkId': 'RSS', 'displayLock': 'N', 'scanproflg': 1, 'scUrl': 'computers-software-mediumsmall/rssoftwareindia/RSS', 'columns': [{'name': 'change %', 'value': '3.80'}, {'name': 'Adaptive RSI Indicator value', 'value': '32.56'}, {'name': 'LTP', 'value': '34.39'}]}",OHLC_D_I_ADRBULLCO,Bullish Crossovers (Daily),"Adaptive RSI (14,9) indicator went above its average line in the current session",15,Indicator Scans,"Adaptive RSI (14,9) indicator went above its average line in the current session. It’s a bullish event.",,,False,1,N,,OHLC_D_I_ADRBULLCO
1786619717,"{'stkname': 'Softtech Engine', 'ltp': '', 'perChg': '', 'stkId': 'SE26', 'displayLock': 'N', 'scanproflg': 1, 'scUrl': 'computers-software/softtechengineers/SE24', 'columns': [{'name': 'change %', 'value': '2.59'}, {'name': 'Adaptive RSI Indicator value', 'value': '419.97'}, {'name': 'LTP', 'value': '422.00'}]}",OHLC_D_I_ADRBULLCO,Bullish Crossovers (Daily),"Adaptive RSI (14,9) indicator went above its average line in the current session",15,Indicator Scans,"Adaptive RSI (14,9) indicator went above its average line in the current session. It’s a bullish event.",,,False,1,N,,OHLC_D_I_ADRBULLCO
1786619717,"{'stkname': 'Dynacons Sys', 'ltp': '', 'perChg': '', 'stkId': 'DSS01', 'displayLock': 'N', 'scanproflg': 1, 'scUrl': 'computers-software-mediumsmall/dynaconssystemssolutions/DSS01', 'columns': [{'name': 'change %', 'value': '1.70'}, {'name': 'Adaptive RSI Indicator value', 'value': '1,246.72'}, {'name': 'LTP', 'value': '1,260.00'}]}",OHLC_D_I_ADRBULLCO,Bullish Crossovers (Daily),"Adaptive RSI (14,9) indicator went above its average line in the current session",15,Indicator Scans,"Adaptive RSI (14,9) indicator went above its average line in the current session. It’s a bullish event.",,,False,1,N,,OHLC_D_I_ADRBULLCO
1786619717,"{'stkname': 'Container Corp', 'ltp': '', 'perChg': '', 'stkId': 'CCI', 'displayLock': 'N', 'scanproflg': 1, 'scUrl': 'transportlogistics/containercorporationindia/CCI', 'columns': [{'name': 'change %', 'value': '4.22'}, {'name': 'Adaptive RSI Indicator value', 'value': '516.41'}, {'name': 'LTP', 'value': '533.65'}]}",OHLC_D_I_ADRBULLCO,Bullish Crossovers (Daily),"Adaptive RSI (14,9) indicator went above its average line in the current session",15,Indicator Scans,"Adaptive RSI (14,9) indicator went above its average line in the current session. It’s a bullish event.",,,False,1,N,,OHLC_D_I_ADRBULLCO
1786619717,"{'stkname': 'Tejas Networks', 'ltp': '', 'perChg': '', 'stkId': 'TN', 'displayLock': 'N', 'scanproflg': 1, 'scUrl': 'telecommunications-equipment/tejasnetworks/TN', 'columns': [{'name': 'change %', 'value': '2.59'}, {'name': 'Adaptive RSI Indicator value', 'value': '530.52'}, {'name': 'LTP', 'value': '540.90'}]}",OHLC_D_I_ADRBULLCO,Bullish Crossovers (Daily),"Adaptive RSI (14,9) indicator went above its average line in the current session",15,Indicator Scans,"Adaptive RSI (14,9) indicator went above its average line in the current session. It’s a bullish event.",,,False,1,N,,OHLC_D_I_ADRBULLCO
1786619717,"{'stkname': 'Superhouse', 'ltp': '', 'perChg': '', 'stkId': 'SL', 'displayLock': 'N', 'scanproflg': 1, 'scUrl': 'leather-products/superhouse/SL', 'columns': [{'name': 'change %', 'value': '6.60'}, {'name': 'Adaptive RSI Indicator value', 'value': '161.62'}, {'name': 'LTP', 'value': '169.00'}]}",OHLC_D_I_ADRBULLCO,Bullish Crossovers (Daily),"Adaptive RSI (14,9) indicator went above its average line in the current session",15,Indicator Scans,"Adaptive RSI (14,9) indicator went above its average line in the current session. It’s a bullish event.",,,False,1,N,,OHLC_D_I_ADRBULLCO
1786619717,"{'stkname': 'Kalyani Invest', 'ltp': '', 'perChg': '', 'stkId': 'KIC02', 'displayLock': 'N', 'scanproflg': 1, 'scUrl': 'finance-investments/kalyaniinvestmentcompany/KIC04', 'columns': [{'name': 'change %', 'value': '2.26'}, {'name': 'Adaptive RSI Indicator value', 'value': '5,482.38'}, {'name': 'LTP', 'value': '5,541.50'}]}",OHLC_D_I_ADRBULLCO,Bullish Crossovers (Daily),"Adaptive RSI (14,9) indicator went above its average line in the current session",15,Indicator Scans,"Adaptive RSI (14,9) indicator went above its average line in the current session. It’s a bullish event.",,,False,1,N,,OHLC_D_I_ADRBULLCO
1786619717,"{'stkname': 'Dodla Dairy', 'ltp': '', 'perChg': '', 'stkId': 'DD02', 'displayLock': 'N', 'scanproflg': 1, 'scUrl': 'consumer-food/dodladairy/DD01', 'columns': [{'name': 'change %', 'value': '7.78'}, {'name': 'Adaptive RSI Indicator value', 'value': '1,071.04'}, {'name': 'LTP', 'value': '1,124.80'}]}",OHLC_D_I_ADRBULLCO,Bullish Crossovers (Daily),"Adaptive RSI (14,9) indicator went above its average line in the current session",15,Indicator Scans,"Adaptive RSI (14,9) indicator went above its average line in the current session. It’s a bullish event.",,,False,1,N,,OHLC_D_I_ADRBULLCO
1786619717,"{'stkname': 'Geojit Fin', 'ltp': '', 'perChg': '', 'stkId': 'GS12', 'displayLock': 'N', 'scanproflg': 1, 'scUrl': 'finance-general/geojitfinancialservices/GBN01', 'columns': [{'name': 'change %', 'value': '2.96'}, {'name': 'Adaptive RSI Indicator value', 'value': '78.17'}, {'name': 'LTP', 'value': '80.00'}]}",OHLC_D_I_ADRBULLCO,Bullish Crossovers (Daily),"Adaptive RSI (14,9) indicator went above its average line in the current session",15,Indicator Scans,"Adaptive RSI (14,9) indicator went above its average line in the current session. It’s a bullish event.",,,False,1,N,,OHLC_D_I_ADRBULLCO
1786619717,"{'stkname': 'Ingersoll Rand', 'ltp': '', 'perChg': '', 'stkId': 'IRI01', 'displayLock': 'N', 'scanproflg': 1, 'scUrl': 'compressors/ingersollrandindia/IRI01', 'columns': [{'name': 'change %', 'value': '7.00'}, {'name': 'Adaptive RSI Indicator value', 'value': '4,395.53'}, {'name': 'LTP', 'value': '4,592.50'}]}",OHLC_D_I_ADRBULLCO,Bullish Crossovers (Daily),"Adaptive RSI (14,9) indicator went above its average line in the current session",15,Indicator Scans,"Adaptive RSI (14,9) indicator went above its average line in the current session. It’s a bullish event.",,,False,1,N,,OHLC_D_I_ADRBULLCO
1786619717,"{'stkname': 'Eimco Elecon', 'ltp': '', 'perChg': '', 'stkId': 'EEI', 'displayLock': 'N', 'scanproflg': 1, 'scUrl': 'engineering-heavy/eimcoeleconindia/EEI', 'columns': [{'name': 'change %', 'value': '5.51'}, {'name': 'Adaptive RSI Indicator value', 'value': '1,828.82'}, {'name': 'LTP', 'value': '1,894.00'}]}",OHLC_D_I_ADRBULLCO,Bullish Crossovers (Daily),"Adaptive RSI (14,9) indicator went above its average line in the current session",15,Indicator Scans,"Adaptive RSI (14,9) indicator went above its average line in the current session. It’s a bullish event.",,,False,1,N,,OHLC_D_I_ADRBULLCO
1786619717,"{'stkname': 'Latteys Ind.', 'ltp': '', 'perChg': '', 'stkId': 'LI12', 'displayLock': 'N', 'scanproflg': 1, 'scUrl': 'compressorspumps/latteysindustries/LI13', 'columns': [{'name': 'change %', 'value': '4.98'}, {'name': 'Adaptive RSI Indicator value', 'value': '20.34'}, {'name': 'LTP', 'value': '21.09'}]}",OHLC_D_I_ADRBULLCO,Bullish Crossovers (Daily),"Adaptive RSI (14,9) indicator went above its average line in the current session",15,Indicator Scans,"Adaptive RSI (14,9) indicator went above its average line in the current session. It’s a bullish event.",,,False,1,N,,OHLC_D_I_ADRBULLCO
1786619717,"{'stkname': 'Aeroflex Ind.', 'ltp': '', 'perChg': '', 'stkId': 'AI77', 'displayLock': 'N', 'scanproflg': 1, 'scUrl': 'engineering-industrial-equipments/aeroflexindustries/AI87', 'columns': [{'name': 'change %', 'value': '0.37'}, {'name': 'Adaptive RSI Indicator value', 'value': '438.49'}, {'name': 'LTP', 'value': '448.20'}]}",OHLC_D_I_ADRBULLCO,Bullish Crossovers (Daily),"Adaptive RSI (14,9) indicator went above its average line in the current session",15,Indicator Scans,"Adaptive RSI (14,9) indicator went above its average line in the current session. It’s a bullish event.",,,False,1,N,,OHLC_D_I_ADRBULLCO
1786619717,"{'stkname': 'Omaxe', 'ltp': '', 'perChg': '', 'stkId': 'O02', 'displayLock': 'N', 'scanproflg': 1, 'scUrl': 'constructioncontracting-real-estate/omaxe/O02', 'columns': [{'name': 'change %', 'value': '19.99'}, {'name': 'Adaptive RSI Indicator value', 'value': '88.99'}, {'name': 'LTP', 'value': '98.37'}]}",OHLC_D_I_ADRBULLCO,Bullish Crossovers (Daily),"Adaptive RSI (14,9) indicator went above its average line in the current session",15,Indicator Scans,"Adaptive RSI (14,9) indicator went above its average line in the current session. It’s a bullish event.",,,False,1,N,,OHLC_D_I_ADRBULLCO
1786619717,"{'stkname': 'Data Patterns', 'ltp': '', 'perChg': '', 'stkId': 'DPI01', 'displayLock': 'N', 'scanproflg': 1, 'scUrl': 'aerospacedefence/datapatternsindia/DPI01', 'columns': [{'name': 'change %', 'value': '0.80'}, {'name': 'Adaptive RSI Indicator value', 'value': '4,454.04'}, {'name': 'LTP', 'value': '4,527.10'}]}",OHLC_D_I_ADRBULLCO,Bullish Crossovers (Daily),"Adaptive RSI (14,9) indicator went above its average line in the current session",15,Indicator Scans,"Adaptive RSI (14,9) indicator went above its average line in the current session. It’s a bullish event.",,,False,1,N,,OHLC_D_I_ADRBULLCO
1786619717,"{'stkname': 'Ganesh Housing', 'ltp': '', 'perChg': '', 'stkId': 'GHF', 'displayLock': 'N', 'scanproflg': 1, 'scUrl': 'constructioncontracting-housing/ganeshhousing/GHC02', 'columns': [{'name': 'change %', 'value': '8.69'}, {'name': 'Adaptive RSI Indicator value', 'value': '791.48'}, {'name': 'LTP', 'value': '832.00'}]}",OHLC_D_I_ADRBULLCO,Bullish Crossovers (Daily),"Adaptive RSI (14,9) indicator went above its average line in the current session",15,Indicator Scans,"Adaptive RSI (14,9) indicator went above its average line in the current session. It’s a bullish event.",,,False,1,N,,OHLC_D_I_ADRBULLCO
1786619717,"{'stkname': 'Somany Ceramics', 'ltp': '', 'perChg': '', 'stkId': 'SPL02', 'displayLock': 'N', 'scanproflg': 1, 'scUrl': 'ceramicsgranite/somanyceramics/SC49', 'columns': [{'name': 'change %', 'value': '2.33'}, {'name': 'Adaptive RSI Indicator value', 'value': '507.83'}, {'name': 'LTP', 'value': '519.90'}]}",OHLC_D_I_ADRBULLCO,Bullish Crossovers (Daily),"Adaptive RSI (14,9) indicator went above its average line in the current session",15,Indicator Scans,"Adaptive RSI (14,9) indicator went above its average line in the current session. It’s a bullish event.",,,False,1,N,,OHLC_D_I_ADRBULLCO
1786619717,"{'stkname': 'SKF India', 'ltp': '', 'perChg': '', 'stkId': 'SKF', 'displayLock': 'N', 'scanproflg': 1, 'scUrl': 'bearings/skfindia/SKF01', 'columns': [{'name': 'change %', 'value': '4.80'}, {'name': 'Adaptive RSI Indicator value', 'value': '1,542.26'}, {'name': 'LTP', 'value': '1,601.00'}]}",OHLC_D_I_ADRBULLCO,Bullish Crossovers (Daily),"Adaptive RSI (14,9) indicator went above its average line in the current session",15,Indicator Scans,"Adaptive RSI (14,9) indicator went above its average line in the current session. It’s a bullish event.",,,False,1,N,,OHLC_D_I_ADRBULLCO
1786619717,"{'stkname': 'Heidelberg Cem', 'ltp': '', 'perChg': '', 'stkId': 'MC14', 'displayLock': 'N', 'scanproflg': 1, 'scUrl': 'cement-major/heidelbergcementindia/HCI02', 'columns': [{'name': 'change %', 'value': '2.24'}, {'name': 'Adaptive RSI Indicator value', 'value': '156.49'}, {'name': 'LTP', 'value': '158.60'}]}",OHLC_D_I_ADRBULLCO,Bullish Crossovers (Daily),"Adaptive RSI (14,9) indicator went above its average line in the current session",15,Indicator Scans,"Adaptive RSI (14,9) indicator went above its average line in the current session. It’s a bullish event.",,,False,1,N,,OHLC_D_I_ADRBULLCO
1786619717,"{'stkname': 'Munjal Auto Ind', 'ltp': '', 'perChg': '', 'stkId': 'GC10', 'displayLock': 'N', 'scanproflg': 1, 'scUrl': 'auto-ancillaries/munjalautoindustries/MAI04', 'columns': [{'name': 'change %', 'value': '19.99'}, {'name': 'Adaptive RSI Indicator value', 'value': '106.84'}, {'name': 'LTP', 'value': '119.79'}]}",OHLC_D_I_ADRBULLCO,Bullish Crossovers (Daily),"Adaptive RSI (14,9) indicator went above its average line in the current session",15,Indicator Scans,"Adaptive RSI (14,9) indicator went above its average line in the current session. It’s a bullish event.",,,False,1,N,,OHLC_D_I_ADRBULLCO
1786619717,"{'stkname': 'VST Tillers', 'ltp': '', 'perChg': '', 'stkId': 'VST01', 'displayLock': 'N', 'scanproflg': 1, 'scUrl': 'auto-tractors/vsttillerstractors/VST01', 'columns': [{'name': 'change %', 'value': '3.52'}, {'name': 'Adaptive RSI Indicator value', 'value': '4,503.60'}, {'name': 'LTP', 'value': '4,598.00'}]}",OHLC_D_I_ADRBULLCO,Bullish Crossovers (Daily),"Adaptive RSI (14,9) indicator went above its average line in the current session",15,Indicator Scans,"Adaptive RSI (14,9) indicator went above its average line in the current session. It’s a bullish event.",,,False,1,N,,OHLC_D_I_ADRBULLCO
1786619717,"{'stkname': 'Anant Raj', 'ltp': '', 'perChg': '', 'stkId': 'ARI', 'displayLock': 'N', 'scanproflg': 1, 'scUrl': 'construction-real-estate/anantraj/ARI', 'columns': [{'name': 'change %', 'value': '2.07'}, {'name': 'Adaptive RSI Indicator value', 'value': '616.84'}, {'name': 'LTP', 'value': '627.40'}]}",OHLC_D_I_ADRBULLCO,Bullish Crossovers (Daily),"Adaptive RSI (14,9) indicator went above its average line in the current session",15,Indicator Scans,"Adaptive RSI (14,9) indicator went above its average line in the current session. It’s a bullish event.",,,False,1,N,,OHLC_D_I_ADRBULLCO
1786619717,"{'stkname': 'DLF', 'ltp': '', 'perChg': '', 'stkId': 'D04', 'displayLock': 'N', 'scanproflg': 1, 'scUrl': 'constructioncontracting-real-estate/dlf/D04', 'columns': [{'name': 'change %', 'value': '0.34'}, {'name': 'Adaptive RSI Indicator value', 'value': '656.69'}, {'name': 'LTP', 'value': '664.00'}]}",OHLC_D_I_ADRBULLCO,Bullish Crossovers (Daily),"Adaptive RSI (14,9) indicator went above its average line in the current session",15,Indicator Scans,"Adaptive RSI (14,9) indicator went above its average line in the current session. It’s a bullish event.",,,False,1,N,,OHLC_D_I_ADRBULLCO
1786619717,"{'stkname': 'Kalyan Jeweller', 'ltp': '', 'perChg': '', 'stkId': 'KJI01', 'displayLock': 'N', 'scanproflg': 1, 'scUrl': 'diamondjewellery/kalyanjewellersindia/KJI01', 'columns': [{'name': 'change %', 'value': '2.80'}, {'name': 'Adaptive RSI Indicator value', 'value': '602.63'}, {'name': 'LTP', 'value': '613.40'}]}",OHLC_D_I_ADRBULLCO,Bullish Crossovers (Daily),"Adaptive RSI (14,9) indicator went above its average line in the current session",15,Indicator Scans,"Adaptive RSI (14,9) indicator went above its average line in the current session. It’s a bullish event.",,,False,1,N,,OHLC_D_I_ADRBULLCO
1786619717,"{'stkname': 'Cyient', 'ltp': '', 'perChg': '', 'stkId': 'IE07', 'displayLock': 'N', 'scanproflg': 1, 'scUrl': 'computers-software/cyient/IE07', 'columns': [{'name': 'change %', 'value': '4.58'}, {'name': 'Adaptive RSI Indicator value', 'value': '858.05'}, {'name': 'LTP', 'value': '879.00'}]}",OHLC_D_I_ADRBULLCO,Bullish Crossovers (Daily),"Adaptive RSI (14,9) indicator went above its average line in the current session",15,Indicator Scans,"Adaptive RSI (14,9) indicator went above its average line in the current session. It’s a bullish event.",,,False,1,N,,OHLC_D_I_ADRBULLCO
1786619717,"{'stkname': 'Skipper', 'ltp': '', 'perChg': '', 'stkId': 'S19', 'displayLock': 'N', 'scanproflg': 1, 'scUrl': 'engineering/skipper/S21', 'columns': [{'name': 'change %', 'value': '1.04'}, {'name': 'Adaptive RSI Indicator value', 'value': '536.93'}, {'name': 'LTP', 'value': '546.50'}]}",OHLC_D_I_ADRBULLCO,Bullish Crossovers (Daily),"Adaptive RSI (14,9) indicator went above its average line in the current session",15,Indicator Scans,"Adaptive RSI (14,9) indicator went above its average line in the current session. It’s a bullish event.",,,False,1,N,,OHLC_D_I_ADRBULLCO
1786619717,"{'stkname': 'Jindal PolyFilm', 'ltp': '', 'perChg': '', 'stkId': 'JP09', 'displayLock': 'N', 'scanproflg': 1, 'scUrl': 'packaging/jindalpolyfilms/JPF01', 'columns': [{'name': 'change %', 'value': '-2.48'}, {'name': 'Adaptive RSI Indicator value', 'value': '644.03'}, {'name': 'LTP', 'value': '650.00'}]}",OHLC_D_I_ADRBULLCO,Bullish Crossovers (Daily),"Adaptive RSI (14,9) indicator went above its average line in the current session",15,Indicator Scans,"Adaptive RSI (14,9) indicator went above its average line in the current session. It’s a bullish event.",,,False,1,N,,OHLC_D_I_ADRBULLCO
1786619717,"{'stkname': 'Tata Power', 'ltp': '', 'perChg': '', 'stkId': 'TPC', 'displayLock': 'N', 'scanproflg': 1, 'scUrl': 'power-generationdistribution/thetatapowercompany/TPC', 'columns': [{'name': 'change %', 'value': '0.88'}, {'name': 'Adaptive RSI Indicator value', 'value': '380.95'}, {'name': 'LTP', 'value': '382.80'}]}",OHLC_D_I_ADRBULLCO,Bullish Crossovers (Daily),"Adaptive RSI (14,9) indicator went above its average line in the current session",15,Indicator Scans,"Adaptive RSI (14,9) indicator went above its average line in the current session. It’s a bullish event.",,,False,1,N,,OHLC_D_I_ADRBULLCO
1786619717,"{'stkname': 'IndusInd Bank', 'ltp': '', 'perChg': '', 'stkId': 'IIB', 'displayLock': 'N', 'scanproflg': 1, 'scUrl': 'banks-private-sector/indusindbank/IIB', 'columns': [{'name': 'change %', 'value': '0.71'}, {'name': 'Adaptive RSI Indicator value', 'value': '1,019.94'}, {'name': 'LTP', 'value': '1,024.70'}]}",OHLC_D_I_ADRBULLCO,Bullish Crossovers (Daily),"Adaptive RSI (14,9) indicator went above its average line in the current session",15,Indicator Scans,"Adaptive RSI (14,9) indicator went above its average line in the current session. It’s a bullish event.",,,False,1,N,,OHLC_D_I_ADRBULLCO
1786619717,"{'stkname': 'Ipru BSELiquid', 'ltp': '', 'perChg': '', 'stkId': 'ICICI4838', 'displayLock': 'N', 'scanproflg': 1, 'scUrl': 'etf/iciciprudentialbseliquidrateetf-idcw/ICICI4838', 'columns': [{'name': 'change %', 'value': '0.00'}, {'name': 'Adaptive RSI Indicator value', 'value': '999.99'}, {'name': 'LTP', 'value': '1,000.00'}]}",OHLC_D_I_ADRBULLCO,Bullish Crossovers (Daily),"Adaptive RSI (14,9) indicator went above its average line in the current session",15,Indicator Scans,"Adaptive RSI (14,9) indicator went above its average line in the current session. It’s a bullish event.",,,False,1,N,,OHLC_D_I_ADRBULLCO
1786619717,"{'stkname': 'SBI 1D Rate', 'ltp': '', 'perChg': '', 'stkId': 'LIQUI19705', 'displayLock': 'N', 'scanproflg': 1, 'scUrl': 'etf/sbinifty1drateetf/LIQUI19705', 'columns': [{'name': 'change %', 'value': '0.00'}, {'name': 'Adaptive RSI Indicator value', 'value': '1,000.00'}, {'name': 'LTP', 'value': '1,000.01'}]}",OHLC_D_I_ADRBULLCO,Bullish Crossovers (Daily),"Adaptive RSI (14,9) indicator went above its average line in the current session",15,Indicator Scans,"Adaptive RSI (14,9) indicator went above its average line in the current session. It’s a bullish event.",,,False,1,N,,OHLC_D_I_ADRBULLCO
1786619717,"{'stkname': 'Sumeet Ind', 'ltp': '', 'perChg': '', 'stkId': 'SI45', 'displayLock': 'N', 'scanproflg': 1, 'scUrl': 'textiles-manmade/sumeetindustries/SI45', 'columns': [{'name': 'change %', 'value': '-4.99'}, {'name': 'Adaptive RSI Indicator value', 'value': '23.70'}, {'name': 'LTP', 'value': '14.08'}]}",OHLC_M_I_ADRBEARCO,Bearish Crossovers (Monthly),Bearish Crossovers (Monthly),15,Indicator Scans,Bearish Crossovers (Monthly),,,False,1,N,,OHLC_M_I_ADRBEARCO
1786619717,"{'stkname': 'Peria Karamalai', 'ltp': '', 'perChg': '', 'stkId': 'PKT', 'displayLock': 'N', 'scanproflg': 1, 'scUrl': 'plantations-teacoffee/periakaramalaiteaproducecompany/PKT', 'columns': [{'name': 'change %', 'value': '-0.14'}, {'name': 'Adaptive RSI Indicator value', 'value': '750.28'}, {'name': 'LTP', 'value': '690.00'}]}",OHLC_M_I_ADRBEARCO,Bearish Crossovers (Monthly),Bearish Crossovers (Monthly),15,Indicator Scans,Bearish Crossovers (Monthly),,,False,1,N,,OHLC_M_I_ADRBEARCO
1786619717,"{'stkname': 'Norben Tea', 'ltp': '', 'perChg': '', 'stkId': 'NTE', 'displayLock': 'N', 'scanproflg': 1, 'scUrl': 'plantations-teacoffee/norbenteaexports/NTE', 'columns': [{'name': 'change %', 'value': '-3.74'}, {'name': 'Adaptive RSI Indicator value', 'value': '73.79'}, {'name': 'LTP', 'value': '60.01'}]}",OHLC_M_I_ADRBEARCO,Bearish Crossovers (Monthly),Bearish Crossovers (Monthly),15,Indicator Scans,Bearish Crossovers (Monthly),,,False,1,N,,OHLC_M_I_ADRBEARCO
1786619717,"{'stkname': 'Medplus Health', 'ltp': '', 'perChg': '', 'stkId': 'MHS01', 'displayLock': 'N', 'scanproflg': 1, 'scUrl': 'fooddrug-retailing/medplushealthservices/MHS01', 'columns': [{'name': 'change %', 'value': '-1.04'}, {'name': 'Adaptive RSI Indicator value', 'value': '808.88'}, {'name': 'LTP', 'value': '668.00'}]}",OHLC_M_I_ADRBEARCO,Bearish Crossovers (Monthly),Bearish Crossovers (Monthly),15,Indicator Scans,Bearish Crossovers (Monthly),,,False,1,N,,OHLC_M_I_ADRBEARCO
1786619717,"{'stkname': 'Oricon Ent', 'ltp': '', 'perChg': '', 'stkId': 'OC04', 'displayLock': 'N', 'scanproflg': 1, 'scUrl': 'packaging/oriconenterprises/OE03', 'columns': [{'name': 'change %', 'value': '-1.25'}, {'name': 'Adaptive RSI Indicator value', 'value': '59.16'}, {'name': 'LTP', 'value': '52.00'}]}",OHLC_M_I_ADRBEARCO,Bearish Crossovers (Monthly),Bearish Crossovers (Monthly),15,Indicator Scans,Bearish Crossovers (Monthly),,,False,1,N,,OHLC_M_I_ADRBEARCO
1786619717,"{'stkname': 'TAKE', 'ltp': '', 'perChg': '', 'stkId': 'TS09', 'displayLock': 'N', 'scanproflg': 1, 'scUrl': 'pharmaceuticals/take/TS09', 'columns': [{'name': 'change %', 'value': '1.49'}, {'name': 'Adaptive RSI Indicator value', 'value': '31.53'}, {'name': 'LTP', 'value': '23.89'}]}",OHLC_M_I_ADRBEARCO,Bearish Crossovers (Monthly),Bearish Crossovers (Monthly),15,Indicator Scans,Bearish Crossovers (Monthly),,,False,1,N,,OHLC_M_I_ADRBEARCO
1786619717,"{'stkname': 'CenturyPlyboard', 'ltp': '', 'perChg': '', 'stkId': 'CP9', 'displayLock': 'N', 'scanproflg': 1, 'scUrl': 'miscellaneous/centuryplyboards/CP9', 'columns': [{'name': 'change %', 'value': '-0.09'}, {'name': 'Adaptive RSI Indicator value', 'value': '771.62'}, {'name': 'LTP', 'value': '763.20'}]}",OHLC_M_I_ADRBEARCO,Bearish Crossovers (Monthly),Bearish Crossovers (Monthly),15,Indicator Scans,Bearish Crossovers (Monthly),,,False,1,N,,OHLC_M_I_ADRBEARCO
1786619717,"{'stkname': 'CIEINDIA', 'ltp': '', 'perChg': '', 'stkId': 'MAS', 'displayLock': 'N', 'scanproflg': 1, 'scUrl': 'auto-ancillaries-castingsforgings/cieautomotiveindia/MF19', 'columns': [{'name': 'change %', 'value': '-0.66'}, {'name': 'Adaptive RSI Indicator value', 'value': '440.44'}, {'name': 'LTP', 'value': '409.00'}]}",OHLC_M_I_ADRBEARCO,Bearish Crossovers (Monthly),Bearish Crossovers (Monthly),15,Indicator Scans,Bearish Crossovers (Monthly),,,False,1,N,,OHLC_M_I_ADRBEARCO
1786619717,"{'stkname': 'Can Fin Homes', 'ltp': '', 'perChg': '', 'stkId': 'CFH', 'displayLock': 'N', 'scanproflg': 1, 'scUrl': 'finance-housing/canfinhomes/CFH', 'columns': [{'name': 'change %', 'value': '0.49'}, {'name': 'Adaptive RSI Indicator value', 'value': '839.32'}, {'name': 'LTP', 'value': '826.00'}]}",OHLC_M_I_ADRBEARCO,Bearish Crossovers (Monthly),Bearish Crossovers (Monthly),15,Indicator Scans,Bearish Crossovers (Monthly),,,False,1,N,,OHLC_M_I_ADRBEARCO
1786619717,"{'stkname': 'Sharda Crop', 'ltp': '', 'perChg': '', 'stkId': 'SC47', 'displayLock': 'N', 'scanproflg': 1, 'scUrl': 'pesticidesagro-chemicals/shardacropchem/SC04', 'columns': [{'name': 'change %', 'value': '-0.38'}, {'name': 'Adaptive RSI Indicator value', 'value': '908.90'}, {'name': 'LTP', 'value': '794.80'}]}",OHLC_M_I_ADRBEARCO,Bearish Crossovers (Monthly),Bearish Crossovers (Monthly),15,Indicator Scans,Bearish Crossovers (Monthly),,,False,1,N,,OHLC_M_I_ADRBEARCO
1786619717,"{'stkname': 'India Cements', 'ltp': '', 'perChg': '', 'stkId': 'IC', 'displayLock': 'N', 'scanproflg': 1, 'scUrl': 'cement-major/indiacements/IC', 'columns': [{'name': 'change %', 'value': '-1.15'}, {'name': 'Adaptive RSI Indicator value', 'value': '390.00'}, {'name': 'LTP', 'value': '381.05'}]}",OHLC_M_I_ADRBEARCO,Bearish Crossovers (Monthly),Bearish Crossovers (Monthly),15,Indicator Scans,Bearish Crossovers (Monthly),,,False,1,N,,OHLC_M_I_ADRBEARCO
1786619717,"{'stkname': 'LG Balakrishnan', 'ltp': '', 'perChg': '', 'stkId': 'LGB', 'displayLock': 'N', 'scanproflg': 1, 'scUrl': 'auto-ancillaries/lgbalakrishnanbrothers/LGB', 'columns': [{'name': 'change %', 'value': '-0.77'}, {'name': 'Adaptive RSI Indicator value', 'value': '1,636.35'}, {'name': 'LTP', 'value': '1,590.10'}]}",OHLC_M_I_ADRBEARCO,Bearish Crossovers (Monthly),Bearish Crossovers (Monthly),15,Indicator Scans,Bearish Crossovers (Monthly),,,False,1,N,,OHLC_M_I_ADRBEARCO
1786619717,"{'stkname': 'Force Motors', 'ltp': '', 'perChg': '', 'stkId': 'BT', 'displayLock': 'N', 'scanproflg': 1, 'scUrl': 'auto-lcvshcvs/forcemotors/FM01', 'columns': [{'name': 'change %', 'value': '-3.86'}, {'name': 'Adaptive RSI Indicator value', 'value': '19,136.05'}, {'name': 'LTP', 'value': '18,525.00'}]}",OHLC_M_I_ADRBEARCO,Bearish Crossovers (Monthly),Bearish Crossovers (Monthly),15,Indicator Scans,Bearish Crossovers (Monthly),,,False,1,N,,OHLC_M_I_ADRBEARCO
1786619717,"{'stkname': 'Power Grid Corp', 'ltp': '', 'perChg': '', 'stkId': 'PGC', 'displayLock': 'N', 'scanproflg': 1, 'scUrl': 'power-generationdistribution/powergridcorporationindia/PGC', 'columns': [{'name': 'change %', 'value': '-1.06'}, {'name': 'Adaptive RSI Indicator value', 'value': '288.20'}, {'name': 'LTP', 'value': '266.60'}]}",OHLC_M_I_ADRBEARCO,Bearish Crossovers (Monthly),Bearish Crossovers (Monthly),15,Indicator Scans,Bearish Crossovers (Monthly),,,False,1,N,,OHLC_M_I_ADRBEARCO
1786619717,"{'stkname': 'Bharat Elec', 'ltp': '', 'perChg': '', 'stkId': 'BE03', 'displayLock': 'N', 'scanproflg': 1, 'scUrl': 'aerospacedefence/bharatelectronics/BE03', 'columns': [{'name': 'change %', 'value': '1.18'}, {'name': 'Adaptive RSI Indicator value', 'value': '410.46'}, {'name': 'LTP', 'value': '410.50'}]}",OHLC_M_I_ADRBEARCO,Bearish Crossovers (Monthly),Bearish Crossovers (Monthly),15,Indicator Scans,Bearish Crossovers (Monthly),,,False,1,N,,OHLC_M_I_ADRBEARCO
1786619717,"{'stkname': 'Max Financial', 'ltp': '', 'perChg': '', 'stkId': 'MI', 'displayLock': 'N', 'scanproflg': 1, 'scUrl': 'finance-investments/maxfinancialservices/MI', 'columns': [{'name': 'change %', 'value': '-0.24'}, {'name': 'Adaptive RSI Indicator value', 'value': '1,580.23'}, {'name': 'LTP', 'value': '1,512.40'}]}",OHLC_M_I_ADRBEARCO,Bearish Crossovers (Monthly),Bearish Crossovers (Monthly),15,Indicator Scans,Bearish Crossovers (Monthly),,,False,1,N,,OHLC_M_I_ADRBEARCO
1786619717,"{'stkname': 'Ipru Nifty Oil', 'ltp': '', 'perChg': '', 'stkId': 'OILIE24533', 'displayLock': 'N', 'scanproflg': 1, 'scUrl': 'etf/iciciprudentialniftyoilgasetf/OILIE24533', 'columns': [{'name': 'change %', 'value': '-0.26'}, {'name': 'Adaptive RSI Indicator value', 'value': '11.46'}, {'name': 'LTP', 'value': '11.39'}]}",OHLC_M_I_ADRBEARCO,Bearish Crossovers (Monthly),Bearish Crossovers (Monthly),15,Indicator Scans,Bearish Crossovers (Monthly),,,False,1,N,,OHLC_M_I_ADRBEARCO
1786619717,"{'stkname': 'Nipp Hang Seng', 'ltp': '', 'perChg': '', 'stkId': 'BMF01', 'displayLock': 'N', 'scanproflg': 1, 'scUrl': 'etf/nipponindiaetfhangsengbees/BMF01', 'columns': [{'name': 'change %', 'value': '-0.07'}, {'name': 'Adaptive RSI Indicator value', 'value': '496.52'}, {'name': 'LTP', 'value': '480.00'}]}",OHLC_M_I_ADRBEARCO,Bearish Crossovers (Monthly),Bearish Crossovers (Monthly),15,Indicator Scans,Bearish Crossovers (Monthly),,,False,1,N,,OHLC_M_I_ADRBEARCO
1786619717,"{'stkname': 'Manaksia Coated', 'ltp': '', 'perChg': '', 'stkId': 'MCM02', 'displayLock': 'N', 'scanproflg': 1, 'scUrl': 'steel-mediumsmall/manaksiacoatedmetalsindustries/MCM02', 'columns': [{'name': 'change %', 'value': '-6.76'}, {'name': 'Adaptive RSI Indicator value', 'value': '126.56'}, {'name': 'LTP', 'value': '100.78'}]}",OHLC_M_I_ADRBEARCO,Bearish Crossovers (Monthly),Bearish Crossovers (Monthly),15,Indicator Scans,Bearish Crossovers (Monthly),,,False,1,N,,OHLC_M_I_ADRBEARCO
