lastupdt,scannerDetails,scannerCode,scannerName,scannerDescription,catId,catName,scannerDesc,scannerVideo,did_u_know,refreshFlag,scanproflg,displayLock,scannerFormula,scanId
1776078917,"{'stkname': 'Norben Tea', 'ltp': '', 'perChg': '', 'stkId': 'NTE', 'displayLock': 'N', 'scanproflg': 1, 'scUrl': 'plantations-teacoffee/norbenteaexports/NTE', 'columns': [{'name': 'change %', 'value': '-4.45'}, {'name': 'Bollinger Band Indicator value', 'value': '83.65'}, {'name': 'LTP', 'value': '82.60'}]}",OHLC_D_I_BELOWBOLLOWEBAND,Bollinger Band Breakdown,"Stocks with a closing price below the lower Bollinger band (20,2).",18,Range Breakout,"Stocks with a closing price below the lower Bollinger band (20,2).",,,False,1,N,,OHLC_D_I_BELOWBOLLOWEBAND
1776078917,"{'stkname': 'MRPL', 'ltp': '', 'perChg': '', 'stkId': 'MRP', 'displayLock': 'N', 'scanproflg': 1, 'scUrl': 'refineries/mangalorerefinerypetrochemicals/MRP', 'columns': [{'name': 'change %', 'value': '-1.99'}, {'name': 'Bollinger Band Indicator value', 'value': '171.67'}, {'name': 'LTP', 'value': '171.15'}]}",OHLC_D_I_BELOWBOLLOWEBAND,Bollinger Band Breakdown,"Stocks with a closing price below the lower Bollinger band (20,2).",18,Range Breakout,"Stocks with a closing price below the lower Bollinger band (20,2).",,,False,1,N,,OHLC_D_I_BELOWBOLLOWEBAND
1776078917,"{'stkname': 'Vinati Organics', 'ltp': '', 'perChg': '', 'stkId': 'VO01', 'displayLock': 'N', 'scanproflg': 1, 'scUrl': 'chemicals/vinatiorganics/VO01', 'columns': [{'name': 'change %', 'value': '-3.46'}, {'name': 'Bollinger Band Indicator value', 'value': '1,218.14'}, {'name': 'LTP', 'value': '1,211.00'}]}",OHLC_D_I_BELOWBOLLOWEBAND,Bollinger Band Breakdown,"Stocks with a closing price below the lower Bollinger band (20,2).",18,Range Breakout,"Stocks with a closing price below the lower Bollinger band (20,2).",,,False,1,N,,OHLC_D_I_BELOWBOLLOWEBAND
1776078917,"{'stkname': 'CHEMPLAST SANMA', 'ltp': '', 'perChg': '', 'stkId': 'CS18', 'displayLock': 'N', 'scanproflg': 1, 'scUrl': 'speciality-chemicals/chemplastsanmar/CS23', 'columns': [{'name': 'change %', 'value': '-4.43'}, {'name': 'Bollinger Band Indicator value', 'value': '233.95'}, {'name': 'LTP', 'value': '233.10'}]}",OHLC_D_I_BELOWBOLLOWEBAND,Bollinger Band Breakdown,"Stocks with a closing price below the lower Bollinger band (20,2).",18,Range Breakout,"Stocks with a closing price below the lower Bollinger band (20,2).",,,False,1,N,,OHLC_D_I_BELOWBOLLOWEBAND
1776078917,"{'stkname': 'IFGL Refractory', 'ltp': '', 'perChg': '', 'stkId': 'IFG', 'displayLock': 'N', 'scanproflg': 1, 'scUrl': 'cement-productsbuilding-materials/ifglrefractories/IFG', 'columns': [{'name': 'change %', 'value': '-6.14'}, {'name': 'Bollinger Band Indicator value', 'value': '131.36'}, {'name': 'LTP', 'value': '131.00'}]}",OHLC_D_I_BELOWBOLLOWEBAND,Bollinger Band Breakdown,"Stocks with a closing price below the lower Bollinger band (20,2).",18,Range Breakout,"Stocks with a closing price below the lower Bollinger band (20,2).",,,False,1,N,,OHLC_D_I_BELOWBOLLOWEBAND
1776078917,"{'stkname': 'EQUAL50', 'ltp': '', 'perChg': '', 'stkId': 'EQUAL75714', 'displayLock': 'N', 'scanproflg': 1, 'scUrl': 'etf/miraeassetnifty50equalweightetf/EQUAL75714', 'columns': [{'name': 'change %', 'value': '-0.71'}, {'name': 'LTP', 'value': '318.72'}, {'name': 'Close Price value', 'value': '318.72'}, {'name': 'change absolute', 'value': '-2.28'}]}",OHLC_D_I_NR7BEARBO,NR 7 Breakdown,Seven Bar Pattern,18,Range Breakout,NR7 is a 7-bar narrow range pattern. NR7 bearish breakout pattern scanner shows the list of stocks forming bearish breakout pattern after 7-bar consolidation.,,,False,1,N,,OHLC_D_I_NR7BEARBO
1776078917,"{'stkname': 'GOLD360', 'ltp': '', 'perChg': '', 'stkId': 'GOLD330105', 'displayLock': 'N', 'scanproflg': 1, 'scUrl': 'miscellaneous/gold360/GOLD330105', 'columns': [{'name': 'change %', 'value': '-0.21'}, {'name': 'LTP', 'value': '145.15'}, {'name': 'Close Price value', 'value': '145.15'}, {'name': 'change absolute', 'value': '-0.30'}]}",OHLC_D_I_NR7BEARBO,NR 7 Breakdown,Seven Bar Pattern,18,Range Breakout,NR7 is a 7-bar narrow range pattern. NR7 bearish breakout pattern scanner shows the list of stocks forming bearish breakout pattern after 7-bar consolidation.,,,False,1,N,,OHLC_D_I_NR7BEARBO
1776078917,"{'stkname': 'DSPFLEXIADD', 'ltp': '', 'perChg': '', 'stkId': 'DNF', 'displayLock': 'N', 'scanproflg': 1, 'scUrl': 'etf/dspnifty500flexicapquality30etf/DNF', 'columns': [{'name': 'change %', 'value': '-0.72'}, {'name': 'LTP', 'value': '9.59'}, {'name': 'Close Price value', 'value': '9.59'}, {'name': 'change absolute', 'value': '-0.07'}]}",OHLC_D_I_NR7BEARBO,NR 7 Breakdown,Seven Bar Pattern,18,Range Breakout,NR7 is a 7-bar narrow range pattern. NR7 bearish breakout pattern scanner shows the list of stocks forming bearish breakout pattern after 7-bar consolidation.,,,False,1,N,,OHLC_D_I_NR7BEARBO
1776078917,"{'stkname': 'Axis NiftyHeal', 'ltp': '', 'perChg': '', 'stkId': 'AHE02', 'displayLock': 'N', 'scanproflg': 1, 'scUrl': 'etf/axisniftyhealthcareetf/AHE02', 'columns': [{'name': 'change %', 'value': '-0.35'}, {'name': 'LTP', 'value': '144.20'}, {'name': 'Close Price value', 'value': '144.20'}, {'name': 'change absolute', 'value': '-0.51'}]}",OHLC_D_I_NR7BEARBO,NR 7 Breakdown,Seven Bar Pattern,18,Range Breakout,NR7 is a 7-bar narrow range pattern. NR7 bearish breakout pattern scanner shows the list of stocks forming bearish breakout pattern after 7-bar consolidation.,,,False,1,N,,OHLC_D_I_NR7BEARBO
1776078917,"{'stkname': 'Inve Gold ETF', 'ltp': '', 'perChg': '', 'stkId': 'RGE', 'displayLock': 'N', 'scanproflg': 1, 'scUrl': 'gold-etf/invescoindiagoldexchangetradedfund/RGE', 'columns': [{'name': 'change %', 'value': '-0.05'}, {'name': 'LTP', 'value': '12,985.00'}, {'name': 'Close Price value', 'value': '12,985.00'}, {'name': 'change absolute', 'value': '-6.20'}]}",OHLC_D_I_NR7BEARBO,NR 7 Breakdown,Seven Bar Pattern,18,Range Breakout,NR7 is a 7-bar narrow range pattern. NR7 bearish breakout pattern scanner shows the list of stocks forming bearish breakout pattern after 7-bar consolidation.,,,False,1,N,,OHLC_D_I_NR7BEARBO
1776078917,"{'stkname': 'ABSL NiftyNext', 'ltp': '', 'perChg': '', 'stkId': 'ABSLN7339', 'displayLock': 'N', 'scanproflg': 1, 'scUrl': 'etf/adityabirlasunlifeniftynext50etf/ABSLN7339', 'columns': [{'name': 'change %', 'value': '-0.18'}, {'name': 'LTP', 'value': '70.64'}, {'name': 'Close Price value', 'value': '70.64'}, {'name': 'change absolute', 'value': '-0.13'}]}",OHLC_D_I_NR7BEARBO,NR 7 Breakdown,Seven Bar Pattern,18,Range Breakout,NR7 is a 7-bar narrow range pattern. NR7 bearish breakout pattern scanner shows the list of stocks forming bearish breakout pattern after 7-bar consolidation.,,,False,1,N,,OHLC_D_I_NR7BEARBO
1776078917,"{'stkname': 'BSLSENETFG', 'ltp': '', 'perChg': '', 'stkId': 'ABS01', 'displayLock': 'N', 'scanproflg': 1, 'scUrl': 'etf/adityabirlasunlifebsesensexetf/ABS01', 'columns': [{'name': 'change %', 'value': '-0.97'}, {'name': 'LTP', 'value': '76.80'}, {'name': 'Close Price value', 'value': '76.80'}, {'name': 'change absolute', 'value': '-0.75'}]}",OHLC_D_I_NR7BEARBO,NR 7 Breakdown,Seven Bar Pattern,18,Range Breakout,NR7 is a 7-bar narrow range pattern. NR7 bearish breakout pattern scanner shows the list of stocks forming bearish breakout pattern after 7-bar consolidation.,,,False,1,N,,OHLC_D_I_NR7BEARBO
1776078917,"{'stkname': 'Mirae Nifty100', 'ltp': '', 'perChg': '', 'stkId': 'MAN03', 'displayLock': 'N', 'scanproflg': 1, 'scUrl': 'etf/miraeassetnifty100esgsectorleadersetf/MAN03', 'columns': [{'name': 'change %', 'value': '-0.90'}, {'name': 'LTP', 'value': '40.62'}, {'name': 'Close Price value', 'value': '40.62'}, {'name': 'change absolute', 'value': '-0.37'}]}",OHLC_D_I_NR7BEARBO,NR 7 Breakdown,Seven Bar Pattern,18,Range Breakout,NR7 is a 7-bar narrow range pattern. NR7 bearish breakout pattern scanner shows the list of stocks forming bearish breakout pattern after 7-bar consolidation.,,,False,1,N,,OHLC_D_I_NR7BEARBO
1776078917,"{'stkname': 'ENIFTY', 'ltp': '', 'perChg': '', 'stkId': 'EN5', 'displayLock': 'N', 'scanproflg': 1, 'scUrl': 'etf/edelweissnifty50etf/EN5', 'columns': [{'name': 'change %', 'value': '-0.58'}, {'name': 'LTP', 'value': '23.87'}, {'name': 'Close Price value', 'value': '23.87'}, {'name': 'change absolute', 'value': '-0.14'}]}",OHLC_D_I_NR7BEARBO,NR 7 Breakdown,Seven Bar Pattern,18,Range Breakout,NR7 is a 7-bar narrow range pattern. NR7 bearish breakout pattern scanner shows the list of stocks forming bearish breakout pattern after 7-bar consolidation.,,,False,1,N,,OHLC_D_I_NR7BEARBO
1776078917,"{'stkname': 'BANKBETF', 'ltp': '', 'perChg': '', 'stkId': 'BANKB21986', 'displayLock': 'N', 'scanproflg': 1, 'scUrl': 'etf/bajajfinservniftybanketf/BANKB21986', 'columns': [{'name': 'change %', 'value': '-0.46'}, {'name': 'LTP', 'value': '56.40'}, {'name': 'Close Price value', 'value': '56.40'}, {'name': 'change absolute', 'value': '-0.26'}]}",OHLC_D_I_NR7BEARBO,NR 7 Breakdown,Seven Bar Pattern,18,Range Breakout,NR7 is a 7-bar narrow range pattern. NR7 bearish breakout pattern scanner shows the list of stocks forming bearish breakout pattern after 7-bar consolidation.,,,False,1,N,,OHLC_D_I_NR7BEARBO
1776078917,"{'stkname': 'Ipru NiftyBank', 'ltp': '', 'perChg': '', 'stkId': 'IPB01', 'displayLock': 'N', 'scanproflg': 1, 'scUrl': 'etf/iciciprudentialniftybanketf/IPB01', 'columns': [{'name': 'change %', 'value': '-0.89'}, {'name': 'LTP', 'value': '56.69'}, {'name': 'Close Price value', 'value': '56.69'}, {'name': 'change absolute', 'value': '-0.51'}]}",OHLC_D_I_NR7BEARBO,NR 7 Breakdown,Seven Bar Pattern,18,Range Breakout,NR7 is a 7-bar narrow range pattern. NR7 bearish breakout pattern scanner shows the list of stocks forming bearish breakout pattern after 7-bar consolidation.,,,False,1,N,,OHLC_D_I_NR7BEARBO
1776078917,"{'stkname': 'GROWWNET', 'ltp': '', 'perChg': '', 'stkId': 'GROWW75781', 'displayLock': 'N', 'scanproflg': 1, 'scUrl': 'etf/growwniftyindiainternetetf/GROWW75781', 'columns': [{'name': 'change %', 'value': '-0.57'}, {'name': 'LTP', 'value': '8.72'}, {'name': 'Close Price value', 'value': '8.72'}, {'name': 'change absolute', 'value': '-0.05'}]}",OHLC_D_I_NR7BEARBO,NR 7 Breakdown,Seven Bar Pattern,18,Range Breakout,NR7 is a 7-bar narrow range pattern. NR7 bearish breakout pattern scanner shows the list of stocks forming bearish breakout pattern after 7-bar consolidation.,,,False,1,N,,OHLC_D_I_NR7BEARBO
1776078917,"{'stkname': 'ABSL Top10 Bk', 'ltp': '', 'perChg': '', 'stkId': 'ABS06', 'displayLock': 'N', 'scanproflg': 1, 'scUrl': 'etf/adityabirlasunlifebsetop10banksetf/ABS06', 'columns': [{'name': 'change %', 'value': '-0.02'}, {'name': 'LTP', 'value': '166.98'}, {'name': 'Close Price value', 'value': '166.98'}, {'name': 'change absolute', 'value': '-0.03'}]}",OHLC_D_I_NR7BEARBO,NR 7 Breakdown,Seven Bar Pattern,18,Range Breakout,NR7 is a 7-bar narrow range pattern. NR7 bearish breakout pattern scanner shows the list of stocks forming bearish breakout pattern after 7-bar consolidation.,,,False,1,N,,OHLC_D_I_NR7BEARBO
1776078917,"{'stkname': 'Axis NiftyBank', 'ltp': '', 'perChg': '', 'stkId': 'ANB', 'displayLock': 'N', 'scanproflg': 1, 'scUrl': 'etf/axisniftybanketf/ANB', 'columns': [{'name': 'change %', 'value': '-0.44'}, {'name': 'LTP', 'value': '571.00'}, {'name': 'Close Price value', 'value': '571.00'}, {'name': 'change absolute', 'value': '-2.55'}]}",OHLC_D_I_NR7BEARBO,NR 7 Breakdown,Seven Bar Pattern,18,Range Breakout,NR7 is a 7-bar narrow range pattern. NR7 bearish breakout pattern scanner shows the list of stocks forming bearish breakout pattern after 7-bar consolidation.,,,False,1,N,,OHLC_D_I_NR7BEARBO
1776078917,"{'stkname': 'EBANKNIFTY', 'ltp': '', 'perChg': '', 'stkId': 'EBANK25258', 'displayLock': 'N', 'scanproflg': 1, 'scUrl': 'etf/edelweissniftybanketf/EBANK25258', 'columns': [{'name': 'change %', 'value': '-0.61'}, {'name': 'LTP', 'value': '55.67'}, {'name': 'Close Price value', 'value': '55.67'}, {'name': 'change absolute', 'value': '-0.34'}]}",OHLC_D_I_NR7BEARBO,NR 7 Breakdown,Seven Bar Pattern,18,Range Breakout,NR7 is a 7-bar narrow range pattern. NR7 bearish breakout pattern scanner shows the list of stocks forming bearish breakout pattern after 7-bar consolidation.,,,False,1,N,,OHLC_D_I_NR7BEARBO
1776078917,"{'stkname': 'BB Apr 33 ETF', 'ltp': '', 'perChg': '', 'stkId': 'BBE03', 'displayLock': 'N', 'scanproflg': 1, 'scUrl': 'etf/bharatbondetf-april2033/BBE03', 'columns': [{'name': 'change %', 'value': '-0.04'}, {'name': 'LTP', 'value': '1,273.00'}, {'name': 'Close Price value', 'value': '1,273.00'}, {'name': 'change absolute', 'value': '-0.53'}]}",OHLC_D_I_NR7BEARBO,NR 7 Breakdown,Seven Bar Pattern,18,Range Breakout,NR7 is a 7-bar narrow range pattern. NR7 bearish breakout pattern scanner shows the list of stocks forming bearish breakout pattern after 7-bar consolidation.,,,False,1,N,,OHLC_D_I_NR7BEARBO
1776078917,"{'stkname': 'UltraTechCement', 'ltp': '', 'perChg': '', 'stkId': 'UTC', 'displayLock': 'N', 'scanproflg': 1, 'scUrl': 'cement-major/ultratechcement/UTC01', 'columns': [{'name': 'change %', 'value': '-0.69'}, {'name': 'LTP', 'value': '11,509.00'}, {'name': 'Close Price value', 'value': '11,509.00'}, {'name': 'change absolute', 'value': '-80.00'}]}",OHLC_D_I_NR7BEARBO,NR 7 Breakdown,Seven Bar Pattern,18,Range Breakout,NR7 is a 7-bar narrow range pattern. NR7 bearish breakout pattern scanner shows the list of stocks forming bearish breakout pattern after 7-bar consolidation.,,,False,1,N,,OHLC_D_I_NR7BEARBO
1776078917,"{'stkname': 'Mirae NiftyFin', 'ltp': '', 'perChg': '', 'stkId': 'MAN01', 'displayLock': 'N', 'scanproflg': 1, 'scUrl': 'etf/miraeassetniftyfinancialservicesetf/MAN01', 'columns': [{'name': 'change %', 'value': '-0.66'}, {'name': 'LTP', 'value': '26.92'}, {'name': 'Close Price value', 'value': '26.92'}, {'name': 'change absolute', 'value': '-0.18'}]}",OHLC_D_I_NR7BEARBO,NR 7 Breakdown,Seven Bar Pattern,18,Range Breakout,NR7 is a 7-bar narrow range pattern. NR7 bearish breakout pattern scanner shows the list of stocks forming bearish breakout pattern after 7-bar consolidation.,,,False,1,N,,OHLC_D_I_NR7BEARBO
1776078917,"{'stkname': 'Kotak NiftyAlp', 'ltp': '', 'perChg': '', 'stkId': 'KNA', 'displayLock': 'N', 'scanproflg': 1, 'scUrl': 'etf/kotakniftyalpha50etf/KNA', 'columns': [{'name': 'change %', 'value': '-0.25'}, {'name': 'LTP', 'value': '47.50'}, {'name': 'Close Price value', 'value': '47.50'}, {'name': 'change absolute', 'value': '-0.12'}]}",OHLC_D_I_NR7BEARBO,NR 7 Breakdown,Seven Bar Pattern,18,Range Breakout,NR7 is a 7-bar narrow range pattern. NR7 bearish breakout pattern scanner shows the list of stocks forming bearish breakout pattern after 7-bar consolidation.,,,False,1,N,,OHLC_D_I_NR7BEARBO
1776078917,"{'stkname': 'MA Nif BANKETF', 'ltp': '', 'perChg': '', 'stkId': 'BANKE17419', 'displayLock': 'N', 'scanproflg': 1, 'scUrl': 'etf/miraeassetniftybanketf/BANKE17419', 'columns': [{'name': 'change %', 'value': '-0.64'}, {'name': 'LTP', 'value': '563.25'}, {'name': 'Close Price value', 'value': '563.25'}, {'name': 'change absolute', 'value': '-3.61'}]}",OHLC_D_I_NR7BEARBO,NR 7 Breakdown,Seven Bar Pattern,18,Range Breakout,NR7 is a 7-bar narrow range pattern. NR7 bearish breakout pattern scanner shows the list of stocks forming bearish breakout pattern after 7-bar consolidation.,,,False,1,N,,OHLC_D_I_NR7BEARBO
1776078917,"{'stkname': 'EQUAL200', 'ltp': '', 'perChg': '', 'stkId': 'EQUAL30121', 'displayLock': 'N', 'scanproflg': 1, 'scUrl': 'etf/miraeassetbse200equalweightetf/EQUAL30121', 'columns': [{'name': 'change %', 'value': '-0.62'}, {'name': 'LTP', 'value': '12.86'}, {'name': 'Close Price value', 'value': '12.86'}, {'name': 'change absolute', 'value': '-0.08'}]}",OHLC_D_I_NR7BEARBO,NR 7 Breakdown,Seven Bar Pattern,18,Range Breakout,NR7 is a 7-bar narrow range pattern. NR7 bearish breakout pattern scanner shows the list of stocks forming bearish breakout pattern after 7-bar consolidation.,,,False,1,N,,OHLC_D_I_NR7BEARBO
1776078917,"{'stkname': 'BBNPNBETF', 'ltp': '', 'perChg': '', 'stkId': 'BBNPN24117', 'displayLock': 'N', 'scanproflg': 1, 'scUrl': 'etf/barodabnpparibasniftybanketf/BBNPN24117', 'columns': [{'name': 'change %', 'value': '-0.11'}, {'name': 'LTP', 'value': '56.03'}, {'name': 'Close Price value', 'value': '56.03'}, {'name': 'change absolute', 'value': '-0.06'}]}",OHLC_D_I_NR7BEARBO,NR 7 Breakdown,Seven Bar Pattern,18,Range Breakout,NR7 is a 7-bar narrow range pattern. NR7 bearish breakout pattern scanner shows the list of stocks forming bearish breakout pattern after 7-bar consolidation.,,,False,1,N,,OHLC_D_I_NR7BEARBO
1776078917,"{'stkname': 'Angel Silver ET', 'ltp': '', 'perChg': '', 'stkId': 'AOS01', 'displayLock': 'N', 'scanproflg': 1, 'scUrl': 'etf/angelonesilveretf/AOS01', 'columns': [{'name': 'change %', 'value': '-0.66'}, {'name': 'LTP', 'value': '9.00'}, {'name': 'Close Price value', 'value': '9.00'}, {'name': 'change absolute', 'value': '-0.06'}]}",OHLC_D_I_NR7BEARBO,NR 7 Breakdown,Seven Bar Pattern,18,Range Breakout,NR7 is a 7-bar narrow range pattern. NR7 bearish breakout pattern scanner shows the list of stocks forming bearish breakout pattern after 7-bar consolidation.,,,False,1,N,,OHLC_D_I_NR7BEARBO
1776078917,"{'stkname': 'Ipru BSE 500', 'ltp': '', 'perChg': '', 'stkId': 'ICICI3001', 'displayLock': 'N', 'scanproflg': 1, 'scUrl': 'etf/iciciprudentialbse500etf/ICICI3001', 'columns': [{'name': 'change %', 'value': '-0.90'}, {'name': 'LTP', 'value': '37.47'}, {'name': 'Close Price value', 'value': '37.47'}, {'name': 'change absolute', 'value': '-0.34'}]}",OHLC_D_I_NR7BEARBO,NR 7 Breakdown,Seven Bar Pattern,18,Range Breakout,NR7 is a 7-bar narrow range pattern. NR7 bearish breakout pattern scanner shows the list of stocks forming bearish breakout pattern after 7-bar consolidation.,,,False,1,N,,OHLC_D_I_NR7BEARBO
1776078917,"{'stkname': 'PNGS Reva Diamo', 'ltp': '', 'perChg': '', 'stkId': 'PRD', 'displayLock': 'N', 'scanproflg': 1, 'scUrl': 'diamondjewellery/pngsrevadiamondjewellery/PRD', 'columns': [{'name': 'change %', 'value': '-3.22'}, {'name': 'LTP', 'value': '363.15'}, {'name': 'Close Price value', 'value': '363.15'}, {'name': 'change absolute', 'value': '-12.10'}]}",OHLC_D_I_NR7BEARBO,NR 7 Breakdown,Seven Bar Pattern,18,Range Breakout,NR7 is a 7-bar narrow range pattern. NR7 bearish breakout pattern scanner shows the list of stocks forming bearish breakout pattern after 7-bar consolidation.,,,False,1,N,,OHLC_D_I_NR7BEARBO
1776078917,"{'stkname': 'Sanofi Consumer', 'ltp': '', 'perChg': '', 'stkId': 'SCH', 'displayLock': 'N', 'scanproflg': 1, 'scUrl': 'hospitalhealthcare-services/sanoficonsumerhealthcareindia/SCH', 'columns': [{'name': 'change %', 'value': '-0.37'}, {'name': 'LTP', 'value': '4,602.00'}, {'name': 'Close Price value', 'value': '4,602.00'}, {'name': 'change absolute', 'value': '-17.10'}]}",OHLC_D_I_NR7BEARBO,NR 7 Breakdown,Seven Bar Pattern,18,Range Breakout,NR7 is a 7-bar narrow range pattern. NR7 bearish breakout pattern scanner shows the list of stocks forming bearish breakout pattern after 7-bar consolidation.,,,False,1,N,,OHLC_D_I_NR7BEARBO
1776078917,"{'stkname': 'Raymond Realty', 'ltp': '', 'perChg': '', 'stkId': 'RRL02', 'displayLock': 'N', 'scanproflg': 1, 'scUrl': 'construction-residentialcommercial-complexes/raymondrealty/RRL02', 'columns': [{'name': 'change %', 'value': '-0.45'}, {'name': 'LTP', 'value': '432.35'}, {'name': 'Close Price value', 'value': '432.35'}, {'name': 'change absolute', 'value': '-1.95'}]}",OHLC_D_I_NR7BEARBO,NR 7 Breakdown,Seven Bar Pattern,18,Range Breakout,NR7 is a 7-bar narrow range pattern. NR7 bearish breakout pattern scanner shows the list of stocks forming bearish breakout pattern after 7-bar consolidation.,,,False,1,N,,OHLC_D_I_NR7BEARBO
1776078917,"{'stkname': 'TCC CONCEPT', 'ltp': '', 'perChg': '', 'stkId': 'ATE02', 'displayLock': 'N', 'scanproflg': 1, 'scUrl': 'trading/tccconcept/ATE02', 'columns': [{'name': 'change %', 'value': '-1.15'}, {'name': 'LTP', 'value': '365.40'}, {'name': 'Close Price value', 'value': '365.40'}, {'name': 'change absolute', 'value': '-4.25'}]}",OHLC_D_I_NR7BEARBO,NR 7 Breakdown,Seven Bar Pattern,18,Range Breakout,NR7 is a 7-bar narrow range pattern. NR7 bearish breakout pattern scanner shows the list of stocks forming bearish breakout pattern after 7-bar consolidation.,,,False,1,N,,OHLC_D_I_NR7BEARBO
1776078917,"{'stkname': 'RHI Magnesita', 'ltp': '', 'perChg': '', 'stkId': 'OR01', 'displayLock': 'N', 'scanproflg': 1, 'scUrl': 'cement-productsbuilding-materials/rhimagnesitaindia/OR01', 'columns': [{'name': 'change %', 'value': '-0.32'}, {'name': 'LTP', 'value': '386.00'}, {'name': 'Close Price value', 'value': '386.00'}, {'name': 'change absolute', 'value': '-1.25'}]}",OHLC_D_I_NR7BEARBO,NR 7 Breakdown,Seven Bar Pattern,18,Range Breakout,NR7 is a 7-bar narrow range pattern. NR7 bearish breakout pattern scanner shows the list of stocks forming bearish breakout pattern after 7-bar consolidation.,,,False,1,N,,OHLC_D_I_NR7BEARBO
1776078917,"{'stkname': 'Prabha Energy', 'ltp': '', 'perChg': '', 'stkId': 'PEL08', 'displayLock': 'N', 'scanproflg': 1, 'scUrl': 'oil-explorationproduction/prabhaenergy/PEL07', 'columns': [{'name': 'change %', 'value': '-0.69'}, {'name': 'LTP', 'value': '158.10'}, {'name': 'Close Price value', 'value': '158.10'}, {'name': 'change absolute', 'value': '-1.10'}]}",OHLC_D_I_NR7BEARBO,NR 7 Breakdown,Seven Bar Pattern,18,Range Breakout,NR7 is a 7-bar narrow range pattern. NR7 bearish breakout pattern scanner shows the list of stocks forming bearish breakout pattern after 7-bar consolidation.,,,False,1,N,,OHLC_D_I_NR7BEARBO
1776078917,"{'stkname': 'Asahi India', 'ltp': '', 'perChg': '', 'stkId': 'AIS', 'displayLock': 'N', 'scanproflg': 1, 'scUrl': 'glassglass-products/asahiindiaglass/AIG01', 'columns': [{'name': 'change %', 'value': '-5.20'}, {'name': 'LTP', 'value': '824.60'}, {'name': 'Close Price value', 'value': '824.60'}, {'name': 'change absolute', 'value': '-45.25'}]}",OHLC_D_I_NR7BEARBO,NR 7 Breakdown,Seven Bar Pattern,18,Range Breakout,NR7 is a 7-bar narrow range pattern. NR7 bearish breakout pattern scanner shows the list of stocks forming bearish breakout pattern after 7-bar consolidation.,,,False,1,N,,OHLC_D_I_NR7BEARBO
1776078917,"{'stkname': 'Raymond Life', 'ltp': '', 'perChg': '', 'stkId': 'RLL01', 'displayLock': 'N', 'scanproflg': 1, 'scUrl': 'textilesapparel/raymondlifestyle/RLL01', 'columns': [{'name': 'change %', 'value': '-0.65'}, {'name': 'LTP', 'value': '799.00'}, {'name': 'Close Price value', 'value': '799.00'}, {'name': 'change absolute', 'value': '-5.20'}]}",OHLC_D_I_NR7BEARBO,NR 7 Breakdown,Seven Bar Pattern,18,Range Breakout,NR7 is a 7-bar narrow range pattern. NR7 bearish breakout pattern scanner shows the list of stocks forming bearish breakout pattern after 7-bar consolidation.,,,False,1,N,,OHLC_D_I_NR7BEARBO
1776078917,"{'stkname': 'Indo Thai Secu', 'ltp': '', 'perChg': '', 'stkId': 'ITS', 'displayLock': 'N', 'scanproflg': 1, 'scUrl': 'finance-general/indothaisecurities/ITS', 'columns': [{'name': 'change %', 'value': '-2.68'}, {'name': 'LTP', 'value': '283.00'}, {'name': 'Close Price value', 'value': '283.00'}, {'name': 'change absolute', 'value': '-7.80'}]}",OHLC_D_I_NR7BEARBO,NR 7 Breakdown,Seven Bar Pattern,18,Range Breakout,NR7 is a 7-bar narrow range pattern. NR7 bearish breakout pattern scanner shows the list of stocks forming bearish breakout pattern after 7-bar consolidation.,,,False,1,N,,OHLC_D_I_NR7BEARBO
1776078917,"{'stkname': 'Balu Forge Indu', 'ltp': '', 'perChg': '', 'stkId': 'BAL01', 'displayLock': 'N', 'scanproflg': 1, 'scUrl': 'machine-tools/baluforgeindustries/BAL01', 'columns': [{'name': 'change %', 'value': '-2.54'}, {'name': 'LTP', 'value': '455.00'}, {'name': 'Close Price value', 'value': '455.00'}, {'name': 'change absolute', 'value': '-11.85'}]}",OHLC_D_I_NR7BEARBO,NR 7 Breakdown,Seven Bar Pattern,18,Range Breakout,NR7 is a 7-bar narrow range pattern. NR7 bearish breakout pattern scanner shows the list of stocks forming bearish breakout pattern after 7-bar consolidation.,,,False,1,N,,OHLC_D_I_NR7BEARBO
1776078917,"{'stkname': 'Tips Music', 'ltp': '', 'perChg': '', 'stkId': 'TI25', 'displayLock': 'N', 'scanproflg': 1, 'scUrl': 'film-production-distributionentertainment/tipsmusic/TI25', 'columns': [{'name': 'change %', 'value': '-0.73'}, {'name': 'LTP', 'value': '535.50'}, {'name': 'Close Price value', 'value': '535.50'}, {'name': 'change absolute', 'value': '-3.95'}]}",OHLC_D_I_NR7BEARBO,NR 7 Breakdown,Seven Bar Pattern,18,Range Breakout,NR7 is a 7-bar narrow range pattern. NR7 bearish breakout pattern scanner shows the list of stocks forming bearish breakout pattern after 7-bar consolidation.,,,False,1,N,,OHLC_D_I_NR7BEARBO
1776078917,"{'stkname': 'Standard Eng', 'ltp': '', 'perChg': '', 'stkId': 'SGL01', 'displayLock': 'N', 'scanproflg': 1, 'scUrl': 'engineering/standardengineeringtechnology/SGL01', 'columns': [{'name': 'change %', 'value': '-0.74'}, {'name': 'LTP', 'value': '132.00'}, {'name': 'Close Price value', 'value': '132.00'}, {'name': 'change absolute', 'value': '-0.98'}]}",OHLC_D_I_NR7BEARBO,NR 7 Breakdown,Seven Bar Pattern,18,Range Breakout,NR7 is a 7-bar narrow range pattern. NR7 bearish breakout pattern scanner shows the list of stocks forming bearish breakout pattern after 7-bar consolidation.,,,False,1,N,,OHLC_D_I_NR7BEARBO
1776078917,"{'stkname': 'EFC', 'ltp': '', 'perChg': '', 'stkId': 'ATE01', 'displayLock': 'N', 'scanproflg': 1, 'scUrl': 'trading/efci/ATE01', 'columns': [{'name': 'change %', 'value': '-3.03'}, {'name': 'LTP', 'value': '193.00'}, {'name': 'Close Price value', 'value': '193.00'}, {'name': 'change absolute', 'value': '-6.03'}]}",OHLC_D_I_NR7BEARBO,NR 7 Breakdown,Seven Bar Pattern,18,Range Breakout,NR7 is a 7-bar narrow range pattern. NR7 bearish breakout pattern scanner shows the list of stocks forming bearish breakout pattern after 7-bar consolidation.,,,False,1,N,,OHLC_D_I_NR7BEARBO
1776078917,"{'stkname': 'Vikran Engineer', 'ltp': '', 'perChg': '', 'stkId': 'VEL', 'displayLock': 'N', 'scanproflg': 1, 'scUrl': 'engineering-construction/vikranengineering/VEL01', 'columns': [{'name': 'change %', 'value': '-1.47'}, {'name': 'LTP', 'value': '65.47'}, {'name': 'Close Price value', 'value': '65.47'}, {'name': 'change absolute', 'value': '-0.98'}]}",OHLC_D_I_NR7BEARBO,NR 7 Breakdown,Seven Bar Pattern,18,Range Breakout,NR7 is a 7-bar narrow range pattern. NR7 bearish breakout pattern scanner shows the list of stocks forming bearish breakout pattern after 7-bar consolidation.,,,False,1,N,,OHLC_D_I_NR7BEARBO
1776078917,"{'stkname': 'Jain Resource', 'ltp': '', 'perChg': '', 'stkId': 'JRRL', 'displayLock': 'N', 'scanproflg': 1, 'scUrl': 'metals-non-ferrous/jainresourcerecycling/JRRL', 'columns': [{'name': 'change %', 'value': '-1.09'}, {'name': 'LTP', 'value': '422.15'}, {'name': 'Close Price value', 'value': '422.15'}, {'name': 'change absolute', 'value': '-4.65'}]}",OHLC_D_I_NR7BEARBO,NR 7 Breakdown,Seven Bar Pattern,18,Range Breakout,NR7 is a 7-bar narrow range pattern. NR7 bearish breakout pattern scanner shows the list of stocks forming bearish breakout pattern after 7-bar consolidation.,,,False,1,N,,OHLC_D_I_NR7BEARBO
1776078917,"{'stkname': 'Vesuvius India', 'ltp': '', 'perChg': '', 'stkId': 'VI06', 'displayLock': 'N', 'scanproflg': 1, 'scUrl': 'cement-productsbuilding-materials/vesuviusindia/VI06', 'columns': [{'name': 'change %', 'value': '-0.11'}, {'name': 'LTP', 'value': '459.50'}, {'name': 'Close Price value', 'value': '459.50'}, {'name': 'change absolute', 'value': '-0.50'}]}",OHLC_D_I_NR7BEARBO,NR 7 Breakdown,Seven Bar Pattern,18,Range Breakout,NR7 is a 7-bar narrow range pattern. NR7 bearish breakout pattern scanner shows the list of stocks forming bearish breakout pattern after 7-bar consolidation.,,,False,1,N,,OHLC_D_I_NR7BEARBO
1776078917,"{'stkname': 'Mahamaya Steel', 'ltp': '', 'perChg': '', 'stkId': 'RS03', 'displayLock': 'N', 'scanproflg': 1, 'scUrl': 'steel-crhr-strips/mahamayasteelindustries/MSI11', 'columns': [{'name': 'change %', 'value': '-3.26'}, {'name': 'LTP', 'value': '916.00'}, {'name': 'Close Price value', 'value': '916.00'}, {'name': 'change absolute', 'value': '-30.85'}]}",OHLC_D_I_NR7BEARBO,NR 7 Breakdown,Seven Bar Pattern,18,Range Breakout,NR7 is a 7-bar narrow range pattern. NR7 bearish breakout pattern scanner shows the list of stocks forming bearish breakout pattern after 7-bar consolidation.,,,False,1,N,,OHLC_D_I_NR7BEARBO
1776078917,"{'stkname': 'Om Freight', 'ltp': '', 'perChg': '', 'stkId': 'OFFL', 'displayLock': 'N', 'scanproflg': 1, 'scUrl': 'ground-freightlogistics-services/omfreightforwarders/OFFL', 'columns': [{'name': 'change %', 'value': '-1.81'}, {'name': 'LTP', 'value': '79.00'}, {'name': 'Close Price value', 'value': '79.00'}, {'name': 'change absolute', 'value': '-1.46'}]}",OHLC_D_I_NR7BEARBO,NR 7 Breakdown,Seven Bar Pattern,18,Range Breakout,NR7 is a 7-bar narrow range pattern. NR7 bearish breakout pattern scanner shows the list of stocks forming bearish breakout pattern after 7-bar consolidation.,,,False,1,N,,OHLC_D_I_NR7BEARBO
1776078917,"{'stkname': 'Gujarat Pipavav', 'ltp': '', 'perChg': '', 'stkId': 'GPP03', 'displayLock': 'N', 'scanproflg': 1, 'scUrl': 'shipping/gujaratpipavavport/GPP03', 'columns': [{'name': 'change %', 'value': '-2.15'}, {'name': 'LTP', 'value': '149.80'}, {'name': 'Close Price value', 'value': '149.80'}, {'name': 'change absolute', 'value': '-3.29'}]}",OHLC_D_I_NR7BEARBO,NR 7 Breakdown,Seven Bar Pattern,18,Range Breakout,NR7 is a 7-bar narrow range pattern. NR7 bearish breakout pattern scanner shows the list of stocks forming bearish breakout pattern after 7-bar consolidation.,,,False,1,N,,OHLC_D_I_NR7BEARBO
1776078917,"{'stkname': 'Mangal Electric', 'ltp': '', 'perChg': '', 'stkId': 'MEI05', 'displayLock': 'N', 'scanproflg': 1, 'scUrl': 'electric-equipment/mangalelectricalindustries/MEI05', 'columns': [{'name': 'change %', 'value': '-1.19'}, {'name': 'LTP', 'value': '253.00'}, {'name': 'Close Price value', 'value': '253.00'}, {'name': 'change absolute', 'value': '-3.04'}]}",OHLC_D_I_NR7BEARBO,NR 7 Breakdown,Seven Bar Pattern,18,Range Breakout,NR7 is a 7-bar narrow range pattern. NR7 bearish breakout pattern scanner shows the list of stocks forming bearish breakout pattern after 7-bar consolidation.,,,False,1,N,,OHLC_D_I_NR7BEARBO
1776078917,"{'stkname': 'TruAlt Bioenerg', 'ltp': '', 'perChg': '', 'stkId': 'TBL01', 'displayLock': 'N', 'scanproflg': 1, 'scUrl': 'diversified/trualtbioenergy/TBL01', 'columns': [{'name': 'change %', 'value': '-2.26'}, {'name': 'LTP', 'value': '407.80'}, {'name': 'Close Price value', 'value': '407.80'}, {'name': 'change absolute', 'value': '-9.45'}]}",OHLC_D_I_NR7BEARBO,NR 7 Breakdown,Seven Bar Pattern,18,Range Breakout,NR7 is a 7-bar narrow range pattern. NR7 bearish breakout pattern scanner shows the list of stocks forming bearish breakout pattern after 7-bar consolidation.,,,False,1,N,,OHLC_D_I_NR7BEARBO
1776078917,"{'stkname': 'Veedol Corp', 'ltp': '', 'perChg': '', 'stkId': 'TWO', 'displayLock': 'N', 'scanproflg': 1, 'scUrl': 'oil-explorationproduction/veedolcorporation/TWO', 'columns': [{'name': 'change %', 'value': '-0.25'}, {'name': 'LTP', 'value': '1,378.00'}, {'name': 'Close Price value', 'value': '1,378.00'}, {'name': 'change absolute', 'value': '-3.50'}]}",OHLC_D_I_NR7BEARBO,NR 7 Breakdown,Seven Bar Pattern,18,Range Breakout,NR7 is a 7-bar narrow range pattern. NR7 bearish breakout pattern scanner shows the list of stocks forming bearish breakout pattern after 7-bar consolidation.,,,False,1,N,,OHLC_D_I_NR7BEARBO
1776078917,"{'stkname': 'Unicommerce Eso', 'ltp': '', 'perChg': '', 'stkId': 'UEL', 'displayLock': 'N', 'scanproflg': 1, 'scUrl': 'it-servicesconsulting/unicommerceesolutions/UeL', 'columns': [{'name': 'change %', 'value': '-0.01'}, {'name': 'LTP', 'value': '92.10'}, {'name': 'Close Price value', 'value': '92.10'}, {'name': 'change absolute', 'value': '-0.01'}]}",OHLC_D_I_NR7BEARBO,NR 7 Breakdown,Seven Bar Pattern,18,Range Breakout,NR7 is a 7-bar narrow range pattern. NR7 bearish breakout pattern scanner shows the list of stocks forming bearish breakout pattern after 7-bar consolidation.,,,False,1,N,,OHLC_D_I_NR7BEARBO
1776078917,"{'stkname': 'Wakefit Inno', 'ltp': '', 'perChg': '', 'stkId': 'WIL01', 'displayLock': 'N', 'scanproflg': 1, 'scUrl': 'householdpersonal-products/wakefitinnovations/WIL01', 'columns': [{'name': 'change %', 'value': '-1.26'}, {'name': 'LTP', 'value': '151.13'}, {'name': 'Close Price value', 'value': '151.13'}, {'name': 'change absolute', 'value': '-1.93'}]}",OHLC_D_I_NR7BEARBO,NR 7 Breakdown,Seven Bar Pattern,18,Range Breakout,NR7 is a 7-bar narrow range pattern. NR7 bearish breakout pattern scanner shows the list of stocks forming bearish breakout pattern after 7-bar consolidation.,,,False,1,N,,OHLC_D_I_NR7BEARBO
1776078917,"{'stkname': 'Ajax Eng', 'ltp': '', 'perChg': '', 'stkId': 'AEL09', 'displayLock': 'N', 'scanproflg': 1, 'scUrl': 'engineering-construction/ajaxengineering/AEL08', 'columns': [{'name': 'change %', 'value': '-0.31'}, {'name': 'LTP', 'value': '469.00'}, {'name': 'Close Price value', 'value': '469.00'}, {'name': 'change absolute', 'value': '-1.45'}]}",OHLC_D_I_NR7BEARBO,NR 7 Breakdown,Seven Bar Pattern,18,Range Breakout,NR7 is a 7-bar narrow range pattern. NR7 bearish breakout pattern scanner shows the list of stocks forming bearish breakout pattern after 7-bar consolidation.,,,False,1,N,,OHLC_D_I_NR7BEARBO
1776078917,"{'stkname': 'JSW Cement', 'ltp': '', 'perChg': '', 'stkId': 'JCL02', 'displayLock': 'N', 'scanproflg': 1, 'scUrl': 'cement/jswcement/JCL02', 'columns': [{'name': 'change %', 'value': '-1.12'}, {'name': 'LTP', 'value': '126.00'}, {'name': 'Close Price value', 'value': '126.00'}, {'name': 'change absolute', 'value': '-1.43'}]}",OHLC_D_I_NR7BEARBO,NR 7 Breakdown,Seven Bar Pattern,18,Range Breakout,NR7 is a 7-bar narrow range pattern. NR7 bearish breakout pattern scanner shows the list of stocks forming bearish breakout pattern after 7-bar consolidation.,,,False,1,N,,OHLC_D_I_NR7BEARBO
1776078917,"{'stkname': 'Concord Enviro ', 'ltp': '', 'perChg': '', 'stkId': 'CESL', 'displayLock': 'N', 'scanproflg': 1, 'scUrl': 'engineering-industrial-equipments/concordenvirosystems/CESL', 'columns': [{'name': 'change %', 'value': '-3.27'}, {'name': 'LTP', 'value': '306.15'}, {'name': 'Close Price value', 'value': '306.15'}, {'name': 'change absolute', 'value': '-10.35'}]}",OHLC_D_I_NR7BEARBO,NR 7 Breakdown,Seven Bar Pattern,18,Range Breakout,NR7 is a 7-bar narrow range pattern. NR7 bearish breakout pattern scanner shows the list of stocks forming bearish breakout pattern after 7-bar consolidation.,,,False,1,N,,OHLC_D_I_NR7BEARBO
1776078917,"{'stkname': 'Ventive Hospita', 'ltp': '', 'perChg': '', 'stkId': 'VHL01', 'displayLock': 'N', 'scanproflg': 1, 'scUrl': 'hotel-resortrestaurants/ventivehospitality/VHL01', 'columns': [{'name': 'change %', 'value': '-1.23'}, {'name': 'LTP', 'value': '601.00'}, {'name': 'Close Price value', 'value': '601.00'}, {'name': 'change absolute', 'value': '-7.50'}]}",OHLC_D_I_NR7BEARBO,NR 7 Breakdown,Seven Bar Pattern,18,Range Breakout,NR7 is a 7-bar narrow range pattern. NR7 bearish breakout pattern scanner shows the list of stocks forming bearish breakout pattern after 7-bar consolidation.,,,False,1,N,,OHLC_D_I_NR7BEARBO
1776078917,"{'stkname': 'Indiqube Spaces', 'ltp': '', 'perChg': '', 'stkId': 'ISL05', 'displayLock': 'N', 'scanproflg': 1, 'scUrl': 'misc-commercial-services/indiqubespaces/ISL06', 'columns': [{'name': 'change %', 'value': '-1.86'}, {'name': 'LTP', 'value': '150.60'}, {'name': 'Close Price value', 'value': '150.60'}, {'name': 'change absolute', 'value': '-2.86'}]}",OHLC_D_I_NR7BEARBO,NR 7 Breakdown,Seven Bar Pattern,18,Range Breakout,NR7 is a 7-bar narrow range pattern. NR7 bearish breakout pattern scanner shows the list of stocks forming bearish breakout pattern after 7-bar consolidation.,,,False,1,N,,OHLC_D_I_NR7BEARBO
1776078917,"{'stkname': 'Northern Arc', 'ltp': '', 'perChg': '', 'stkId': 'NACL', 'displayLock': 'N', 'scanproflg': 1, 'scUrl': 'finance-investment/northernarccapital/NACL', 'columns': [{'name': 'change %', 'value': '-1.48'}, {'name': 'LTP', 'value': '234.90'}, {'name': 'Close Price value', 'value': '234.90'}, {'name': 'change absolute', 'value': '-3.52'}]}",OHLC_D_I_NR7BEARBO,NR 7 Breakdown,Seven Bar Pattern,18,Range Breakout,NR7 is a 7-bar narrow range pattern. NR7 bearish breakout pattern scanner shows the list of stocks forming bearish breakout pattern after 7-bar consolidation.,,,False,1,N,,OHLC_D_I_NR7BEARBO
1776078917,"{'stkname': 'Sanathan Textil', 'ltp': '', 'perChg': '', 'stkId': 'STL09', 'displayLock': 'N', 'scanproflg': 1, 'scUrl': 'textiles/sanathantextiles/STL10', 'columns': [{'name': 'change %', 'value': '-2.28'}, {'name': 'LTP', 'value': '415.00'}, {'name': 'Close Price value', 'value': '415.00'}, {'name': 'change absolute', 'value': '-9.70'}]}",OHLC_D_I_NR7BEARBO,NR 7 Breakdown,Seven Bar Pattern,18,Range Breakout,NR7 is a 7-bar narrow range pattern. NR7 bearish breakout pattern scanner shows the list of stocks forming bearish breakout pattern after 7-bar consolidation.,,,False,1,N,,OHLC_D_I_NR7BEARBO
1776078917,"{'stkname': 'Leela Palaces', 'ltp': '', 'perChg': '', 'stkId': 'SBL04', 'displayLock': 'N', 'scanproflg': 1, 'scUrl': 'hotel-resortrestaurants/leelapalaceshotelsresorts/SBL02', 'columns': [{'name': 'change %', 'value': '-0.09'}, {'name': 'LTP', 'value': '429.20'}, {'name': 'Close Price value', 'value': '429.20'}, {'name': 'change absolute', 'value': '-0.40'}]}",OHLC_D_I_NR7BEARBO,NR 7 Breakdown,Seven Bar Pattern,18,Range Breakout,NR7 is a 7-bar narrow range pattern. NR7 bearish breakout pattern scanner shows the list of stocks forming bearish breakout pattern after 7-bar consolidation.,,,False,1,N,,OHLC_D_I_NR7BEARBO
1776078917,"{'stkname': 'Orient Tech', 'ltp': '', 'perChg': '', 'stkId': 'OTL', 'displayLock': 'N', 'scanproflg': 1, 'scUrl': 'software/orienttechnologies/OTL', 'columns': [{'name': 'change %', 'value': '-0.47'}, {'name': 'LTP', 'value': '273.30'}, {'name': 'Close Price value', 'value': '273.30'}, {'name': 'change absolute', 'value': '-1.28'}]}",OHLC_D_I_NR7BEARBO,NR 7 Breakdown,Seven Bar Pattern,18,Range Breakout,NR7 is a 7-bar narrow range pattern. NR7 bearish breakout pattern scanner shows the list of stocks forming bearish breakout pattern after 7-bar consolidation.,,,False,1,N,,OHLC_D_I_NR7BEARBO
1776078917,"{'stkname': 'Orkla India', 'ltp': '', 'perChg': '', 'stkId': 'OIL02', 'displayLock': 'N', 'scanproflg': 1, 'scUrl': 'consumer-food/orklaindia/OIL02', 'columns': [{'name': 'change %', 'value': '-3.71'}, {'name': 'LTP', 'value': '612.00'}, {'name': 'Close Price value', 'value': '612.00'}, {'name': 'change absolute', 'value': '-23.60'}]}",OHLC_D_I_NR7BEARBO,NR 7 Breakdown,Seven Bar Pattern,18,Range Breakout,NR7 is a 7-bar narrow range pattern. NR7 bearish breakout pattern scanner shows the list of stocks forming bearish breakout pattern after 7-bar consolidation.,,,False,1,N,,OHLC_D_I_NR7BEARBO
1776078917,"{'stkname': 'Apeejay Park', 'ltp': '', 'perChg': '', 'stkId': 'ASPHL', 'displayLock': 'N', 'scanproflg': 1, 'scUrl': 'hotel-resortrestaurants/apeejaysurrendraparkhotels/ASPHL', 'columns': [{'name': 'change %', 'value': '-0.32'}, {'name': 'LTP', 'value': '115.94'}, {'name': 'Close Price value', 'value': '115.94'}, {'name': 'change absolute', 'value': '-0.37'}]}",OHLC_D_I_NR7BEARBO,NR 7 Breakdown,Seven Bar Pattern,18,Range Breakout,NR7 is a 7-bar narrow range pattern. NR7 bearish breakout pattern scanner shows the list of stocks forming bearish breakout pattern after 7-bar consolidation.,,,False,1,N,,OHLC_D_I_NR7BEARBO
1776078917,"{'stkname': 'Kross', 'ltp': '', 'perChg': '', 'stkId': 'KL01', 'displayLock': 'N', 'scanproflg': 1, 'scUrl': 'auto-ancillaries/kross/KL01', 'columns': [{'name': 'change %', 'value': '-1.21'}, {'name': 'LTP', 'value': '184.10'}, {'name': 'Close Price value', 'value': '184.10'}, {'name': 'change absolute', 'value': '-2.26'}]}",OHLC_D_I_NR7BEARBO,NR 7 Breakdown,Seven Bar Pattern,18,Range Breakout,NR7 is a 7-bar narrow range pattern. NR7 bearish breakout pattern scanner shows the list of stocks forming bearish breakout pattern after 7-bar consolidation.,,,False,1,N,,OHLC_D_I_NR7BEARBO
1776078917,"{'stkname': 'Credo Brands Ma', 'ltp': '', 'perChg': '', 'stkId': 'CBML', 'displayLock': 'N', 'scanproflg': 1, 'scUrl': 'textilesapparel/credobrandsmarketing/CBML', 'columns': [{'name': 'change %', 'value': '-1.19'}, {'name': 'LTP', 'value': '78.00'}, {'name': 'Close Price value', 'value': '78.00'}, {'name': 'change absolute', 'value': '-0.94'}]}",OHLC_D_I_NR7BEARBO,NR 7 Breakdown,Seven Bar Pattern,18,Range Breakout,NR7 is a 7-bar narrow range pattern. NR7 bearish breakout pattern scanner shows the list of stocks forming bearish breakout pattern after 7-bar consolidation.,,,False,1,N,,OHLC_D_I_NR7BEARBO
1776078917,"{'stkname': 'Mukka Proteins', 'ltp': '', 'perChg': '', 'stkId': 'MPL05', 'displayLock': 'N', 'scanproflg': 1, 'scUrl': 'consumer-food/mukkaproteins/MPL05', 'columns': [{'name': 'change %', 'value': '-0.62'}, {'name': 'LTP', 'value': '22.50'}, {'name': 'Close Price value', 'value': '22.50'}, {'name': 'change absolute', 'value': '-0.14'}]}",OHLC_D_I_NR7BEARBO,NR 7 Breakdown,Seven Bar Pattern,18,Range Breakout,NR7 is a 7-bar narrow range pattern. NR7 bearish breakout pattern scanner shows the list of stocks forming bearish breakout pattern after 7-bar consolidation.,,,False,1,N,,OHLC_D_I_NR7BEARBO
1776078917,"{'stkname': 'Motisons Jewell', 'ltp': '', 'perChg': '', 'stkId': 'MJL', 'displayLock': 'N', 'scanproflg': 1, 'scUrl': 'diamondjewellery/motisonsjewellers/MJL', 'columns': [{'name': 'change %', 'value': '-2.24'}, {'name': 'LTP', 'value': '13.50'}, {'name': 'Close Price value', 'value': '13.50'}, {'name': 'change absolute', 'value': '-0.31'}]}",OHLC_D_I_NR7BEARBO,NR 7 Breakdown,Seven Bar Pattern,18,Range Breakout,NR7 is a 7-bar narrow range pattern. NR7 bearish breakout pattern scanner shows the list of stocks forming bearish breakout pattern after 7-bar consolidation.,,,False,1,N,,OHLC_D_I_NR7BEARBO
1776078917,"{'stkname': 'Brigade Hotel', 'ltp': '', 'perChg': '', 'stkId': 'BHV', 'displayLock': 'N', 'scanproflg': 1, 'scUrl': 'hotel-resortrestaurants/brigadehotelventures/BHV', 'columns': [{'name': 'change %', 'value': '-1.93'}, {'name': 'LTP', 'value': '61.90'}, {'name': 'Close Price value', 'value': '61.90'}, {'name': 'change absolute', 'value': '-1.22'}]}",OHLC_D_I_NR7BEARBO,NR 7 Breakdown,Seven Bar Pattern,18,Range Breakout,NR7 is a 7-bar narrow range pattern. NR7 bearish breakout pattern scanner shows the list of stocks forming bearish breakout pattern after 7-bar consolidation.,,,False,1,N,,OHLC_D_I_NR7BEARBO
1776078917,"{'stkname': 'Innova Captab', 'ltp': '', 'perChg': '', 'stkId': 'ICL01', 'displayLock': 'N', 'scanproflg': 1, 'scUrl': 'pharmaceuticalsdrugs/innovacaptab/ICL01', 'columns': [{'name': 'change %', 'value': '-0.63'}, {'name': 'LTP', 'value': '685.00'}, {'name': 'Close Price value', 'value': '685.00'}, {'name': 'change absolute', 'value': '-4.35'}]}",OHLC_D_I_NR7BEARBO,NR 7 Breakdown,Seven Bar Pattern,18,Range Breakout,NR7 is a 7-bar narrow range pattern. NR7 bearish breakout pattern scanner shows the list of stocks forming bearish breakout pattern after 7-bar consolidation.,,,False,1,N,,OHLC_D_I_NR7BEARBO
1776078917,"{'stkname': 'Bharat Coking', 'ltp': '', 'perChg': '', 'stkId': 'BCCL', 'displayLock': 'N', 'scanproflg': 1, 'scUrl': 'coal/bharatcokingcoal/BCCL', 'columns': [{'name': 'change %', 'value': '-0.24'}, {'name': 'LTP', 'value': '32.66'}, {'name': 'Close Price value', 'value': '32.66'}, {'name': 'change absolute', 'value': '-0.08'}]}",OHLC_D_I_NR7BEARBO,NR 7 Breakdown,Seven Bar Pattern,18,Range Breakout,NR7 is a 7-bar narrow range pattern. NR7 bearish breakout pattern scanner shows the list of stocks forming bearish breakout pattern after 7-bar consolidation.,,,False,1,N,,OHLC_D_I_NR7BEARBO
1776078917,"{'stkname': 'Capital SFB', 'ltp': '', 'perChg': '', 'stkId': 'CSF01', 'displayLock': 'N', 'scanproflg': 1, 'scUrl': 'bank-private/capitalsmallfinancebank/CSF01', 'columns': [{'name': 'change %', 'value': '-1.47'}, {'name': 'LTP', 'value': '256.15'}, {'name': 'Close Price value', 'value': '256.15'}, {'name': 'change absolute', 'value': '-3.81'}]}",OHLC_D_I_NR7BEARBO,NR 7 Breakdown,Seven Bar Pattern,18,Range Breakout,NR7 is a 7-bar narrow range pattern. NR7 bearish breakout pattern scanner shows the list of stocks forming bearish breakout pattern after 7-bar consolidation.,,,False,1,N,,OHLC_D_I_NR7BEARBO
1776078917,"{'stkname': 'Medi Assist Hea', 'ltp': '', 'perChg': '', 'stkId': 'MAH01', 'displayLock': 'N', 'scanproflg': 1, 'scUrl': 'hospitalhealthcare-services/mediassisthealthcareservices/MAH01', 'columns': [{'name': 'change %', 'value': '-0.72'}, {'name': 'LTP', 'value': '354.00'}, {'name': 'Close Price value', 'value': '354.00'}, {'name': 'change absolute', 'value': '-2.55'}]}",OHLC_D_I_NR7BEARBO,NR 7 Breakdown,Seven Bar Pattern,18,Range Breakout,NR7 is a 7-bar narrow range pattern. NR7 bearish breakout pattern scanner shows the list of stocks forming bearish breakout pattern after 7-bar consolidation.,,,False,1,N,,OHLC_D_I_NR7BEARBO
1776078917,"{'stkname': 'Indegene', 'ltp': '', 'perChg': '', 'stkId': 'IL06', 'displayLock': 'N', 'scanproflg': 1, 'scUrl': 'medical-equipmentsuppliesaccessories/indegene/IL05', 'columns': [{'name': 'change %', 'value': '-1.48'}, {'name': 'LTP', 'value': '483.00'}, {'name': 'Close Price value', 'value': '483.00'}, {'name': 'change absolute', 'value': '-7.25'}]}",OHLC_D_I_NR7BEARBO,NR 7 Breakdown,Seven Bar Pattern,18,Range Breakout,NR7 is a 7-bar narrow range pattern. NR7 bearish breakout pattern scanner shows the list of stocks forming bearish breakout pattern after 7-bar consolidation.,,,False,1,N,,OHLC_D_I_NR7BEARBO
1776078917,"{'stkname': 'Arkade Develop', 'ltp': '', 'perChg': '', 'stkId': 'ADL02', 'displayLock': 'N', 'scanproflg': 1, 'scUrl': 'construction-real-estate/arkadedevelopers/ADL02', 'columns': [{'name': 'change %', 'value': '-0.25'}, {'name': 'LTP', 'value': '114.75'}, {'name': 'Close Price value', 'value': '114.75'}, {'name': 'change absolute', 'value': '-0.29'}]}",OHLC_D_I_NR7BEARBO,NR 7 Breakdown,Seven Bar Pattern,18,Range Breakout,NR7 is a 7-bar narrow range pattern. NR7 bearish breakout pattern scanner shows the list of stocks forming bearish breakout pattern after 7-bar consolidation.,,,False,1,N,,OHLC_D_I_NR7BEARBO
1776078917,"{'stkname': 'Kronox Lab Scie', 'ltp': '', 'perChg': '', 'stkId': 'KLS', 'displayLock': 'N', 'scanproflg': 1, 'scUrl': 'chemicals/kronoxlabsciences/KLS', 'columns': [{'name': 'change %', 'value': '-3.64'}, {'name': 'LTP', 'value': '128.59'}, {'name': 'Close Price value', 'value': '128.59'}, {'name': 'change absolute', 'value': '-4.86'}]}",OHLC_D_I_NR7BEARBO,NR 7 Breakdown,Seven Bar Pattern,18,Range Breakout,NR7 is a 7-bar narrow range pattern. NR7 bearish breakout pattern scanner shows the list of stocks forming bearish breakout pattern after 7-bar consolidation.,,,False,1,N,,OHLC_D_I_NR7BEARBO
1776078917,"{'stkname': 'Innovana', 'ltp': '', 'perChg': '', 'stkId': 'IT06', 'displayLock': 'N', 'scanproflg': 1, 'scUrl': 'computers-software/innovanathinklabs/IT06', 'columns': [{'name': 'change %', 'value': '-1.15'}, {'name': 'LTP', 'value': '373.75'}, {'name': 'Close Price value', 'value': '373.75'}, {'name': 'change absolute', 'value': '-4.35'}]}",OHLC_D_I_NR7BEARBO,NR 7 Breakdown,Seven Bar Pattern,18,Range Breakout,NR7 is a 7-bar narrow range pattern. NR7 bearish breakout pattern scanner shows the list of stocks forming bearish breakout pattern after 7-bar consolidation.,,,False,1,N,,OHLC_D_I_NR7BEARBO
1776078917,"{'stkname': 'Pashupati Cotsp', 'ltp': '', 'perChg': '', 'stkId': 'PC25', 'displayLock': 'N', 'scanproflg': 1, 'scUrl': 'diversified/pashupaticotspin/PC23', 'columns': [{'name': 'change %', 'value': '-0.43'}, {'name': 'LTP', 'value': '995.00'}, {'name': 'Close Price value', 'value': '995.00'}, {'name': 'change absolute', 'value': '-4.30'}]}",OHLC_D_I_NR7BEARBO,NR 7 Breakdown,Seven Bar Pattern,18,Range Breakout,NR7 is a 7-bar narrow range pattern. NR7 bearish breakout pattern scanner shows the list of stocks forming bearish breakout pattern after 7-bar consolidation.,,,False,1,N,,OHLC_D_I_NR7BEARBO
1776078917,"{'stkname': 'BLS E-Services', 'ltp': '', 'perChg': '', 'stkId': 'BEL', 'displayLock': 'N', 'scanproflg': 1, 'scUrl': 'online-services/blse-services/BEL', 'columns': [{'name': 'change %', 'value': '-0.01'}, {'name': 'LTP', 'value': '162.00'}, {'name': 'Close Price value', 'value': '162.00'}, {'name': 'change absolute', 'value': '-0.01'}]}",OHLC_D_I_NR7BEARBO,NR 7 Breakdown,Seven Bar Pattern,18,Range Breakout,NR7 is a 7-bar narrow range pattern. NR7 bearish breakout pattern scanner shows the list of stocks forming bearish breakout pattern after 7-bar consolidation.,,,False,1,N,,OHLC_D_I_NR7BEARBO
1776078917,"{'stkname': 'Race Eco Chain', 'ltp': '', 'perChg': '', 'stkId': 'AI43', 'displayLock': 'N', 'scanproflg': 1, 'scUrl': 'trading/raceecochain/AI08', 'columns': [{'name': 'change %', 'value': '-1.67'}, {'name': 'LTP', 'value': '128.64'}, {'name': 'Close Price value', 'value': '128.64'}, {'name': 'change absolute', 'value': '-2.19'}]}",OHLC_D_I_NR7BEARBO,NR 7 Breakdown,Seven Bar Pattern,18,Range Breakout,NR7 is a 7-bar narrow range pattern. NR7 bearish breakout pattern scanner shows the list of stocks forming bearish breakout pattern after 7-bar consolidation.,,,False,1,N,,OHLC_D_I_NR7BEARBO
1776078917,"{'stkname': 'Awfis Space Sol', 'ltp': '', 'perChg': '', 'stkId': 'ASS01', 'displayLock': 'N', 'scanproflg': 1, 'scUrl': 'miscellaneous/awfisspacesolutions/ASS01', 'columns': [{'name': 'change %', 'value': '-1.59'}, {'name': 'LTP', 'value': '315.93'}, {'name': 'Close Price value', 'value': '315.93'}, {'name': 'change absolute', 'value': '-5.09'}]}",OHLC_D_I_NR7BEARBO,NR 7 Breakdown,Seven Bar Pattern,18,Range Breakout,NR7 is a 7-bar narrow range pattern. NR7 bearish breakout pattern scanner shows the list of stocks forming bearish breakout pattern after 7-bar consolidation.,,,False,1,N,,OHLC_D_I_NR7BEARBO
1776078917,"{'stkname': 'J G Chemicals', 'ltp': '', 'perChg': '', 'stkId': 'CL10', 'displayLock': 'N', 'scanproflg': 1, 'scUrl': 'commodity-chemicals/jgchemicals/CL11', 'columns': [{'name': 'change %', 'value': '-1.68'}, {'name': 'LTP', 'value': '352.10'}, {'name': 'Close Price value', 'value': '352.10'}, {'name': 'change absolute', 'value': '-6.00'}]}",OHLC_D_I_NR7BEARBO,NR 7 Breakdown,Seven Bar Pattern,18,Range Breakout,NR7 is a 7-bar narrow range pattern. NR7 bearish breakout pattern scanner shows the list of stocks forming bearish breakout pattern after 7-bar consolidation.,,,False,1,N,,OHLC_D_I_NR7BEARBO
1776078917,"{'stkname': 'Uma Exports', 'ltp': '', 'perChg': '', 'stkId': 'UE', 'displayLock': 'N', 'scanproflg': 1, 'scUrl': 'trading/umaexports/UE01', 'columns': [{'name': 'change %', 'value': '-6.68'}, {'name': 'LTP', 'value': '26.41'}, {'name': 'Close Price value', 'value': '26.41'}, {'name': 'change absolute', 'value': '-1.89'}]}",OHLC_D_I_NR7BEARBO,NR 7 Breakdown,Seven Bar Pattern,18,Range Breakout,NR7 is a 7-bar narrow range pattern. NR7 bearish breakout pattern scanner shows the list of stocks forming bearish breakout pattern after 7-bar consolidation.,,,False,1,N,,OHLC_D_I_NR7BEARBO
1776078917,"{'stkname': 'Tilaknagar Ind', 'ltp': '', 'perChg': '', 'stkId': 'TI09', 'displayLock': 'N', 'scanproflg': 1, 'scUrl': 'breweriesdistilleries/tilaknagarindustries/TI09', 'columns': [{'name': 'change %', 'value': '-1.70'}, {'name': 'LTP', 'value': '421.25'}, {'name': 'Close Price value', 'value': '421.25'}, {'name': 'change absolute', 'value': '-7.30'}]}",OHLC_D_I_NR7BEARBO,NR 7 Breakdown,Seven Bar Pattern,18,Range Breakout,NR7 is a 7-bar narrow range pattern. NR7 bearish breakout pattern scanner shows the list of stocks forming bearish breakout pattern after 7-bar consolidation.,,,False,1,N,,OHLC_D_I_NR7BEARBO
1776078917,"{'stkname': 'Network People', 'ltp': '', 'perChg': '', 'stkId': 'NPS02', 'displayLock': 'N', 'scanproflg': 1, 'scUrl': 'software/networkpeopleservicestechnologies/NPS02', 'columns': [{'name': 'change %', 'value': '-1.20'}, {'name': 'LTP', 'value': '1,231.00'}, {'name': 'Close Price value', 'value': '1,231.00'}, {'name': 'change absolute', 'value': '-15.00'}]}",OHLC_D_I_NR7BEARBO,NR 7 Breakdown,Seven Bar Pattern,18,Range Breakout,NR7 is a 7-bar narrow range pattern. NR7 bearish breakout pattern scanner shows the list of stocks forming bearish breakout pattern after 7-bar consolidation.,,,False,1,N,,OHLC_D_I_NR7BEARBO
1776078917,"{'stkname': 'GM Breweries', 'ltp': '', 'perChg': '', 'stkId': 'GMB', 'displayLock': 'N', 'scanproflg': 1, 'scUrl': 'breweriesdistilleries/gmbreweries/GMB', 'columns': [{'name': 'change %', 'value': '-2.30'}, {'name': 'LTP', 'value': '971.00'}, {'name': 'Close Price value', 'value': '971.00'}, {'name': 'change absolute', 'value': '-22.85'}]}",OHLC_D_I_NR7BEARBO,NR 7 Breakdown,Seven Bar Pattern,18,Range Breakout,NR7 is a 7-bar narrow range pattern. NR7 bearish breakout pattern scanner shows the list of stocks forming bearish breakout pattern after 7-bar consolidation.,,,False,1,N,,OHLC_D_I_NR7BEARBO
1776078917,"{'stkname': 'Reliance Chemo', 'ltp': '', 'perChg': '', 'stkId': 'RCI02', 'displayLock': 'N', 'scanproflg': 1, 'scUrl': 'textiles-spinning-synthetic-blended/reliancechemotexindustries/RCI02', 'columns': [{'name': 'change %', 'value': '-0.82'}, {'name': 'LTP', 'value': '118.00'}, {'name': 'Close Price value', 'value': '118.00'}, {'name': 'change absolute', 'value': '-0.97'}]}",OHLC_D_I_NR7BEARBO,NR 7 Breakdown,Seven Bar Pattern,18,Range Breakout,NR7 is a 7-bar narrow range pattern. NR7 bearish breakout pattern scanner shows the list of stocks forming bearish breakout pattern after 7-bar consolidation.,,,False,1,N,,OHLC_D_I_NR7BEARBO
1776078917,"{'stkname': 'Vikas Life', 'ltp': '', 'perChg': '', 'stkId': 'VIKAS54265', 'displayLock': 'N', 'scanproflg': 1, 'scUrl': 'miscellaneous/vikaslifecare/VIKAS54265', 'columns': [{'name': 'change %', 'value': '-3.07'}, {'name': 'LTP', 'value': '1.58'}, {'name': 'Close Price value', 'value': '1.58'}, {'name': 'change absolute', 'value': '-0.05'}]}",OHLC_D_I_NR7BEARBO,NR 7 Breakdown,Seven Bar Pattern,18,Range Breakout,NR7 is a 7-bar narrow range pattern. NR7 bearish breakout pattern scanner shows the list of stocks forming bearish breakout pattern after 7-bar consolidation.,,,False,1,N,,OHLC_D_I_NR7BEARBO
1776078917,"{'stkname': 'Welspun Living', 'ltp': '', 'perChg': '', 'stkId': 'WI03', 'displayLock': 'N', 'scanproflg': 1, 'scUrl': 'textilesapparel/welspunliving/WI03', 'columns': [{'name': 'change %', 'value': '-0.59'}, {'name': 'LTP', 'value': '122.35'}, {'name': 'Close Price value', 'value': '122.35'}, {'name': 'change absolute', 'value': '-0.72'}]}",OHLC_D_I_NR7BEARBO,NR 7 Breakdown,Seven Bar Pattern,18,Range Breakout,NR7 is a 7-bar narrow range pattern. NR7 bearish breakout pattern scanner shows the list of stocks forming bearish breakout pattern after 7-bar consolidation.,,,False,1,N,,OHLC_D_I_NR7BEARBO
1776078917,"{'stkname': 'Zodiac Clothing', 'ltp': '', 'perChg': '', 'stkId': 'ZCC', 'displayLock': 'N', 'scanproflg': 1, 'scUrl': 'textiles-readymade-apparels/zodiacclothingcompany/ZCC', 'columns': [{'name': 'change %', 'value': '-1.87'}, {'name': 'LTP', 'value': '71.19'}, {'name': 'Close Price value', 'value': '71.19'}, {'name': 'change absolute', 'value': '-1.36'}]}",OHLC_D_I_NR7BEARBO,NR 7 Breakdown,Seven Bar Pattern,18,Range Breakout,NR7 is a 7-bar narrow range pattern. NR7 bearish breakout pattern scanner shows the list of stocks forming bearish breakout pattern after 7-bar consolidation.,,,False,1,N,,OHLC_D_I_NR7BEARBO
1776078917,"{'stkname': 'Anmol India', 'ltp': '', 'perChg': '', 'stkId': 'AI71', 'displayLock': 'N', 'scanproflg': 1, 'scUrl': 'miscellaneous/anmolindia/AI81', 'columns': [{'name': 'change %', 'value': '-1.07'}, {'name': 'LTP', 'value': '11.14'}, {'name': 'Close Price value', 'value': '11.14'}, {'name': 'change absolute', 'value': '-0.12'}]}",OHLC_D_I_NR7BEARBO,NR 7 Breakdown,Seven Bar Pattern,18,Range Breakout,NR7 is a 7-bar narrow range pattern. NR7 bearish breakout pattern scanner shows the list of stocks forming bearish breakout pattern after 7-bar consolidation.,,,False,1,N,,OHLC_D_I_NR7BEARBO
1776078917,"{'stkname': 'Sakuma Exports', 'ltp': '', 'perChg': '', 'stkId': 'SE18', 'displayLock': 'N', 'scanproflg': 1, 'scUrl': 'trading/sakumaexports/SAKUM53271', 'columns': [{'name': 'change %', 'value': '-3.85'}, {'name': 'LTP', 'value': '2.00'}, {'name': 'Close Price value', 'value': '2.00'}, {'name': 'change absolute', 'value': '-0.08'}]}",OHLC_D_I_NR7BEARBO,NR 7 Breakdown,Seven Bar Pattern,18,Range Breakout,NR7 is a 7-bar narrow range pattern. NR7 bearish breakout pattern scanner shows the list of stocks forming bearish breakout pattern after 7-bar consolidation.,,,False,1,N,,OHLC_D_I_NR7BEARBO
1776078917,"{'stkname': 'Swan Corp', 'ltp': '', 'perChg': '', 'stkId': 'SM09', 'displayLock': 'N', 'scanproflg': 1, 'scUrl': 'trading/swancorp/SM09', 'columns': [{'name': 'change %', 'value': '-1.61'}, {'name': 'LTP', 'value': '318.50'}, {'name': 'Close Price value', 'value': '318.50'}, {'name': 'change absolute', 'value': '-5.20'}]}",OHLC_D_I_NR7BEARBO,NR 7 Breakdown,Seven Bar Pattern,18,Range Breakout,NR7 is a 7-bar narrow range pattern. NR7 bearish breakout pattern scanner shows the list of stocks forming bearish breakout pattern after 7-bar consolidation.,,,False,1,N,,OHLC_D_I_NR7BEARBO
1776078917,"{'stkname': 'Globus Spirits', 'ltp': '', 'perChg': '', 'stkId': 'GS15', 'displayLock': 'N', 'scanproflg': 1, 'scUrl': 'breweriesdistilleries/globusspirits/GS', 'columns': [{'name': 'change %', 'value': '-1.65'}, {'name': 'LTP', 'value': '920.00'}, {'name': 'Close Price value', 'value': '920.00'}, {'name': 'change absolute', 'value': '-15.40'}]}",OHLC_D_I_NR7BEARBO,NR 7 Breakdown,Seven Bar Pattern,18,Range Breakout,NR7 is a 7-bar narrow range pattern. NR7 bearish breakout pattern scanner shows the list of stocks forming bearish breakout pattern after 7-bar consolidation.,,,False,1,N,,OHLC_D_I_NR7BEARBO
1776078917,"{'stkname': 'Lambodhara Text', 'ltp': '', 'perChg': '', 'stkId': 'LT02', 'displayLock': 'N', 'scanproflg': 1, 'scUrl': 'textiles-spinning-cotton-blended/lambodharatextile/LT02', 'columns': [{'name': 'change %', 'value': '-0.40'}, {'name': 'LTP', 'value': '104.25'}, {'name': 'Close Price value', 'value': '104.25'}, {'name': 'change absolute', 'value': '-0.42'}]}",OHLC_D_I_NR7BEARBO,NR 7 Breakdown,Seven Bar Pattern,18,Range Breakout,NR7 is a 7-bar narrow range pattern. NR7 bearish breakout pattern scanner shows the list of stocks forming bearish breakout pattern after 7-bar consolidation.,,,False,1,N,,OHLC_D_I_NR7BEARBO
1776078917,"{'stkname': 'Weizmann', 'ltp': '', 'perChg': '', 'stkId': 'W02', 'displayLock': 'N', 'scanproflg': 1, 'scUrl': 'textiles-processing/weizmann/W02', 'columns': [{'name': 'change %', 'value': '-1.81'}, {'name': 'LTP', 'value': '80.10'}, {'name': 'Close Price value', 'value': '80.10'}, {'name': 'change absolute', 'value': '-1.48'}]}",OHLC_D_I_NR7BEARBO,NR 7 Breakdown,Seven Bar Pattern,18,Range Breakout,NR7 is a 7-bar narrow range pattern. NR7 bearish breakout pattern scanner shows the list of stocks forming bearish breakout pattern after 7-bar consolidation.,,,False,1,N,,OHLC_D_I_NR7BEARBO
1776078917,"{'stkname': 'Kitex Garments', 'ltp': '', 'perChg': '', 'stkId': 'KG01', 'displayLock': 'N', 'scanproflg': 1, 'scUrl': 'textiles-readymade-apparels/kitexgarments/KG01', 'columns': [{'name': 'change %', 'value': '-2.10'}, {'name': 'LTP', 'value': '166.20'}, {'name': 'Close Price value', 'value': '166.20'}, {'name': 'change absolute', 'value': '-3.56'}]}",OHLC_D_I_NR7BEARBO,NR 7 Breakdown,Seven Bar Pattern,18,Range Breakout,NR7 is a 7-bar narrow range pattern. NR7 bearish breakout pattern scanner shows the list of stocks forming bearish breakout pattern after 7-bar consolidation.,,,False,1,N,,OHLC_D_I_NR7BEARBO
1776078917,"{'stkname': 'Siyaram Silk', 'ltp': '', 'perChg': '', 'stkId': 'SSM05', 'displayLock': 'N', 'scanproflg': 1, 'scUrl': 'textiles-weaving/siyaramsilkmills/SSM05', 'columns': [{'name': 'change %', 'value': '-0.98'}, {'name': 'LTP', 'value': '527.00'}, {'name': 'Close Price value', 'value': '527.00'}, {'name': 'change absolute', 'value': '-5.20'}]}",OHLC_D_I_NR7BEARBO,NR 7 Breakdown,Seven Bar Pattern,18,Range Breakout,NR7 is a 7-bar narrow range pattern. NR7 bearish breakout pattern scanner shows the list of stocks forming bearish breakout pattern after 7-bar consolidation.,,,False,1,N,,OHLC_D_I_NR7BEARBO
1776078917,"{'stkname': 'Filatex India', 'ltp': '', 'perChg': '', 'stkId': 'FI06', 'displayLock': 'N', 'scanproflg': 1, 'scUrl': 'textiles-manmade/filatexindia/FI06', 'columns': [{'name': 'change %', 'value': '-2.42'}, {'name': 'LTP', 'value': '43.88'}, {'name': 'Close Price value', 'value': '43.88'}, {'name': 'change absolute', 'value': '-1.09'}]}",OHLC_D_I_NR7BEARBO,NR 7 Breakdown,Seven Bar Pattern,18,Range Breakout,NR7 is a 7-bar narrow range pattern. NR7 bearish breakout pattern scanner shows the list of stocks forming bearish breakout pattern after 7-bar consolidation.,,,False,1,N,,OHLC_D_I_NR7BEARBO
1776078917,"{'stkname': 'Ugar Sugar Work', 'ltp': '', 'perChg': '', 'stkId': 'USW', 'displayLock': 'N', 'scanproflg': 1, 'scUrl': 'sugar/ugarsugarworks/USW', 'columns': [{'name': 'change %', 'value': '-0.46'}, {'name': 'LTP', 'value': '38.94'}, {'name': 'Close Price value', 'value': '38.94'}, {'name': 'change absolute', 'value': '-0.18'}]}",OHLC_D_I_NR7BEARBO,NR 7 Breakdown,Seven Bar Pattern,18,Range Breakout,NR7 is a 7-bar narrow range pattern. NR7 bearish breakout pattern scanner shows the list of stocks forming bearish breakout pattern after 7-bar consolidation.,,,False,1,N,,OHLC_D_I_NR7BEARBO
1776078917,"{'stkname': 'Nandan Denim', 'ltp': '', 'perChg': '', 'stkId': 'NE06', 'displayLock': 'N', 'scanproflg': 1, 'scUrl': 'textiles-denim/nandandenim/NE06', 'columns': [{'name': 'change %', 'value': '-2.32'}, {'name': 'LTP', 'value': '2.53'}, {'name': 'Close Price value', 'value': '2.53'}, {'name': 'change absolute', 'value': '-0.06'}]}",OHLC_D_I_NR7BEARBO,NR 7 Breakdown,Seven Bar Pattern,18,Range Breakout,NR7 is a 7-bar narrow range pattern. NR7 bearish breakout pattern scanner shows the list of stocks forming bearish breakout pattern after 7-bar consolidation.,,,False,1,N,,OHLC_D_I_NR7BEARBO
1776078917,"{'stkname': 'Indo Count', 'ltp': '', 'perChg': '', 'stkId': 'ICI07', 'displayLock': 'N', 'scanproflg': 1, 'scUrl': 'textiles-spinning-cotton-blended/indocountindustries/ICI07', 'columns': [{'name': 'change %', 'value': '-1.65'}, {'name': 'LTP', 'value': '244.46'}, {'name': 'Close Price value', 'value': '244.46'}, {'name': 'change absolute', 'value': '-4.10'}]}",OHLC_D_I_NR7BEARBO,NR 7 Breakdown,Seven Bar Pattern,18,Range Breakout,NR7 is a 7-bar narrow range pattern. NR7 bearish breakout pattern scanner shows the list of stocks forming bearish breakout pattern after 7-bar consolidation.,,,False,1,N,,OHLC_D_I_NR7BEARBO
1776078917,"{'stkname': 'PDS', 'ltp': '', 'perChg': '', 'stkId': 'PDS', 'displayLock': 'N', 'scanproflg': 1, 'scUrl': 'textiles-general/pds/PDS', 'columns': [{'name': 'change %', 'value': '-1.95'}, {'name': 'LTP', 'value': '289.20'}, {'name': 'Close Price value', 'value': '289.20'}, {'name': 'change absolute', 'value': '-5.75'}]}",OHLC_D_I_NR7BEARBO,NR 7 Breakdown,Seven Bar Pattern,18,Range Breakout,NR7 is a 7-bar narrow range pattern. NR7 bearish breakout pattern scanner shows the list of stocks forming bearish breakout pattern after 7-bar consolidation.,,,False,1,N,,OHLC_D_I_NR7BEARBO
1776078917,"{'stkname': 'V-Mart Retail', 'ltp': '', 'perChg': '', 'stkId': 'VR03', 'displayLock': 'N', 'scanproflg': 1, 'scUrl': 'retail/v-martretail/VR03', 'columns': [{'name': 'change %', 'value': '-1.22'}, {'name': 'LTP', 'value': '614.50'}, {'name': 'Close Price value', 'value': '614.50'}, {'name': 'change absolute', 'value': '-7.60'}]}",OHLC_D_I_NR7BEARBO,NR 7 Breakdown,Seven Bar Pattern,18,Range Breakout,NR7 is a 7-bar narrow range pattern. NR7 bearish breakout pattern scanner shows the list of stocks forming bearish breakout pattern after 7-bar consolidation.,,,False,1,N,,OHLC_D_I_NR7BEARBO
1776078917,"{'stkname': 'Redtape', 'ltp': '', 'perChg': '', 'stkId': 'R08', 'displayLock': 'N', 'scanproflg': 1, 'scUrl': 'footwear/redtape/R04', 'columns': [{'name': 'change %', 'value': '-1.35'}, {'name': 'LTP', 'value': '121.19'}, {'name': 'Close Price value', 'value': '121.19'}, {'name': 'change absolute', 'value': '-1.66'}]}",OHLC_D_I_NR7BEARBO,NR 7 Breakdown,Seven Bar Pattern,18,Range Breakout,NR7 is a 7-bar narrow range pattern. NR7 bearish breakout pattern scanner shows the list of stocks forming bearish breakout pattern after 7-bar consolidation.,,,False,1,N,,OHLC_D_I_NR7BEARBO
1776078917,"{'stkname': 'Sarla Performan', 'ltp': '', 'perChg': '', 'stkId': 'SP07', 'displayLock': 'N', 'scanproflg': 1, 'scUrl': 'textiles-processing/sarlaperformancefibers/SPF01', 'columns': [{'name': 'change %', 'value': '-0.07'}, {'name': 'LTP', 'value': '84.00'}, {'name': 'Close Price value', 'value': '84.00'}, {'name': 'change absolute', 'value': '-0.06'}]}",OHLC_D_I_NR7BEARBO,NR 7 Breakdown,Seven Bar Pattern,18,Range Breakout,NR7 is a 7-bar narrow range pattern. NR7 bearish breakout pattern scanner shows the list of stocks forming bearish breakout pattern after 7-bar consolidation.,,,False,1,N,,OHLC_D_I_NR7BEARBO
1776078917,"{'stkname': 'Surana Telecom', 'ltp': '', 'perChg': '', 'stkId': 'ST12', 'displayLock': 'N', 'scanproflg': 1, 'scUrl': 'cables-telephone/suranatelecompower/ST12', 'columns': [{'name': 'change %', 'value': '-0.44'}, {'name': 'LTP', 'value': '18.29'}, {'name': 'Close Price value', 'value': '18.29'}, {'name': 'change absolute', 'value': '-0.08'}]}",OHLC_D_I_NR7BEARBO,NR 7 Breakdown,Seven Bar Pattern,18,Range Breakout,NR7 is a 7-bar narrow range pattern. NR7 bearish breakout pattern scanner shows the list of stocks forming bearish breakout pattern after 7-bar consolidation.,,,False,1,N,,OHLC_D_I_NR7BEARBO
1776078917,"{'stkname': 'Axita Cotton ', 'ltp': '', 'perChg': '', 'stkId': 'AC24', 'displayLock': 'N', 'scanproflg': 1, 'scUrl': 'textiles-cotton-blended/axitacotton/AC29', 'columns': [{'name': 'change %', 'value': '-1.80'}, {'name': 'LTP', 'value': '8.74'}, {'name': 'Close Price value', 'value': '8.74'}, {'name': 'change absolute', 'value': '-0.16'}]}",OHLC_D_I_NR7BEARBO,NR 7 Breakdown,Seven Bar Pattern,18,Range Breakout,NR7 is a 7-bar narrow range pattern. NR7 bearish breakout pattern scanner shows the list of stocks forming bearish breakout pattern after 7-bar consolidation.,,,False,1,N,,OHLC_D_I_NR7BEARBO
1776078917,"{'stkname': 'Faze Three', 'ltp': '', 'perChg': '', 'stkId': 'FTE', 'displayLock': 'N', 'scanproflg': 1, 'scUrl': 'textiles-spinning-cotton-blended/fazethree/FTE', 'columns': [{'name': 'change %', 'value': '-2.59'}, {'name': 'LTP', 'value': '440.00'}, {'name': 'Close Price value', 'value': '440.00'}, {'name': 'change absolute', 'value': '-11.70'}]}",OHLC_D_I_NR7BEARBO,NR 7 Breakdown,Seven Bar Pattern,18,Range Breakout,NR7 is a 7-bar narrow range pattern. NR7 bearish breakout pattern scanner shows the list of stocks forming bearish breakout pattern after 7-bar consolidation.,,,False,1,N,,OHLC_D_I_NR7BEARBO
1776078917,"{'stkname': 'TITAGARH', 'ltp': '', 'perChg': '', 'stkId': 'TW04', 'displayLock': 'N', 'scanproflg': 1, 'scUrl': 'infrastructure-general/titagarhrailsystems/TW04', 'columns': [{'name': 'change %', 'value': '-1.87'}, {'name': 'LTP', 'value': '697.00'}, {'name': 'Close Price value', 'value': '697.00'}, {'name': 'change absolute', 'value': '-13.25'}]}",OHLC_D_I_NR7BEARBO,NR 7 Breakdown,Seven Bar Pattern,18,Range Breakout,NR7 is a 7-bar narrow range pattern. NR7 bearish breakout pattern scanner shows the list of stocks forming bearish breakout pattern after 7-bar consolidation.,,,False,1,N,,OHLC_D_I_NR7BEARBO
1776078917,"{'stkname': 'Jindal Worldwid', 'ltp': '', 'perChg': '', 'stkId': 'JW01', 'displayLock': 'N', 'scanproflg': 1, 'scUrl': 'textiles-general/jindalworldwide/JW01', 'columns': [{'name': 'change %', 'value': '-2.08'}, {'name': 'LTP', 'value': '24.00'}, {'name': 'Close Price value', 'value': '24.00'}, {'name': 'change absolute', 'value': '-0.51'}]}",OHLC_D_I_NR7BEARBO,NR 7 Breakdown,Seven Bar Pattern,18,Range Breakout,NR7 is a 7-bar narrow range pattern. NR7 bearish breakout pattern scanner shows the list of stocks forming bearish breakout pattern after 7-bar consolidation.,,,False,1,N,,OHLC_D_I_NR7BEARBO
1776078917,"{'stkname': 'Sangam India', 'ltp': '', 'perChg': '', 'stkId': 'SI03', 'displayLock': 'N', 'scanproflg': 1, 'scUrl': 'textiles-spinning-synthetic-blended/sangamindia/SI03', 'columns': [{'name': 'change %', 'value': '-0.81'}, {'name': 'LTP', 'value': '448.00'}, {'name': 'Close Price value', 'value': '448.00'}, {'name': 'change absolute', 'value': '-3.65'}]}",OHLC_D_I_NR7BEARBO,NR 7 Breakdown,Seven Bar Pattern,18,Range Breakout,NR7 is a 7-bar narrow range pattern. NR7 bearish breakout pattern scanner shows the list of stocks forming bearish breakout pattern after 7-bar consolidation.,,,False,1,N,,OHLC_D_I_NR7BEARBO
1776078917,"{'stkname': 'Sai Silks', 'ltp': '', 'perChg': '', 'stkId': 'SSK01', 'displayLock': 'N', 'scanproflg': 1, 'scUrl': 'retailing/saisilkskalamandir/SSK01', 'columns': [{'name': 'change %', 'value': '-0.77'}, {'name': 'LTP', 'value': '94.82'}, {'name': 'Close Price value', 'value': '94.82'}, {'name': 'change absolute', 'value': '-0.74'}]}",OHLC_D_I_NR7BEARBO,NR 7 Breakdown,Seven Bar Pattern,18,Range Breakout,NR7 is a 7-bar narrow range pattern. NR7 bearish breakout pattern scanner shows the list of stocks forming bearish breakout pattern after 7-bar consolidation.,,,False,1,N,,OHLC_D_I_NR7BEARBO
1776078917,"{'stkname': 'Arvind', 'ltp': '', 'perChg': '', 'stkId': 'AM', 'displayLock': 'N', 'scanproflg': 1, 'scUrl': 'textiles-denim/arvind/A18', 'columns': [{'name': 'change %', 'value': '-1.04'}, {'name': 'LTP', 'value': '386.00'}, {'name': 'Close Price value', 'value': '386.00'}, {'name': 'change absolute', 'value': '-4.05'}]}",OHLC_D_I_NR7BEARBO,NR 7 Breakdown,Seven Bar Pattern,18,Range Breakout,NR7 is a 7-bar narrow range pattern. NR7 bearish breakout pattern scanner shows the list of stocks forming bearish breakout pattern after 7-bar consolidation.,,,False,1,N,,OHLC_D_I_NR7BEARBO
1776078917,"{'stkname': 'Texmaco Rail', 'ltp': '', 'perChg': '', 'stkId': 'TRE', 'displayLock': 'N', 'scanproflg': 1, 'scUrl': 'infrastructure-general/texmacorailengineering/TRE', 'columns': [{'name': 'change %', 'value': '-2.21'}, {'name': 'LTP', 'value': '96.40'}, {'name': 'Close Price value', 'value': '96.40'}, {'name': 'change absolute', 'value': '-2.18'}]}",OHLC_D_I_NR7BEARBO,NR 7 Breakdown,Seven Bar Pattern,18,Range Breakout,NR7 is a 7-bar narrow range pattern. NR7 bearish breakout pattern scanner shows the list of stocks forming bearish breakout pattern after 7-bar consolidation.,,,False,1,N,,OHLC_D_I_NR7BEARBO
1776078917,"{'stkname': 'V2 Retail', 'ltp': '', 'perChg': '', 'stkId': 'VR02', 'displayLock': 'N', 'scanproflg': 1, 'scUrl': 'retail/v2retail/VR02', 'columns': [{'name': 'change %', 'value': '-1.41'}, {'name': 'LTP', 'value': '194.35'}, {'name': 'Close Price value', 'value': '194.35'}, {'name': 'change absolute', 'value': '-2.78'}]}",OHLC_D_I_NR7BEARBO,NR 7 Breakdown,Seven Bar Pattern,18,Range Breakout,NR7 is a 7-bar narrow range pattern. NR7 bearish breakout pattern scanner shows the list of stocks forming bearish breakout pattern after 7-bar consolidation.,,,False,1,N,,OHLC_D_I_NR7BEARBO
1776078917,"{'stkname': 'Mold-Tek Pack', 'ltp': '', 'perChg': '', 'stkId': 'MTP02', 'displayLock': 'N', 'scanproflg': 1, 'scUrl': 'plastics/mold-tekpackaging/MTP01', 'columns': [{'name': 'change %', 'value': '-5.13'}, {'name': 'LTP', 'value': '532.90'}, {'name': 'Close Price value', 'value': '532.90'}, {'name': 'change absolute', 'value': '-28.80'}]}",OHLC_D_I_NR7BEARBO,NR 7 Breakdown,Seven Bar Pattern,18,Range Breakout,NR7 is a 7-bar narrow range pattern. NR7 bearish breakout pattern scanner shows the list of stocks forming bearish breakout pattern after 7-bar consolidation.,,,False,1,N,,OHLC_D_I_NR7BEARBO
1776078917,"{'stkname': 'Ponni Sugars(E)', 'ltp': '', 'perChg': '', 'stkId': 'PSE03', 'displayLock': 'N', 'scanproflg': 1, 'scUrl': 'sugar/ponnisugarserode/PSE03', 'columns': [{'name': 'change %', 'value': '-1.71'}, {'name': 'LTP', 'value': '278.10'}, {'name': 'Close Price value', 'value': '278.10'}, {'name': 'change absolute', 'value': '-4.85'}]}",OHLC_D_I_NR7BEARBO,NR 7 Breakdown,Seven Bar Pattern,18,Range Breakout,NR7 is a 7-bar narrow range pattern. NR7 bearish breakout pattern scanner shows the list of stocks forming bearish breakout pattern after 7-bar consolidation.,,,False,1,N,,OHLC_D_I_NR7BEARBO
1776078917,"{'stkname': 'Dishman Carboge', 'ltp': '', 'perChg': '', 'stkId': 'DCA', 'displayLock': 'N', 'scanproflg': 1, 'scUrl': 'miscellaneous/dishmancarbogenamcis/DCA', 'columns': [{'name': 'change %', 'value': '-0.48'}, {'name': 'LTP', 'value': '158.50'}, {'name': 'Close Price value', 'value': '158.50'}, {'name': 'change absolute', 'value': '-0.77'}]}",OHLC_D_I_NR7BEARBO,NR 7 Breakdown,Seven Bar Pattern,18,Range Breakout,NR7 is a 7-bar narrow range pattern. NR7 bearish breakout pattern scanner shows the list of stocks forming bearish breakout pattern after 7-bar consolidation.,,,False,1,N,,OHLC_D_I_NR7BEARBO
1776078917,"{'stkname': 'GE Shipping', 'ltp': '', 'perChg': '', 'stkId': 'GES', 'displayLock': 'N', 'scanproflg': 1, 'scUrl': 'shipping/greateasternshippingcompany/GES', 'columns': [{'name': 'change %', 'value': '-2.67'}, {'name': 'LTP', 'value': '1,336.30'}, {'name': 'Close Price value', 'value': '1,336.30'}, {'name': 'change absolute', 'value': '-36.60'}]}",OHLC_D_I_NR7BEARBO,NR 7 Breakdown,Seven Bar Pattern,18,Range Breakout,NR7 is a 7-bar narrow range pattern. NR7 bearish breakout pattern scanner shows the list of stocks forming bearish breakout pattern after 7-bar consolidation.,,,False,1,N,,OHLC_D_I_NR7BEARBO
1776078917,"{'stkname': 'Jaiprakash Pow', 'ltp': '', 'perChg': '', 'stkId': 'JHP01', 'displayLock': 'N', 'scanproflg': 1, 'scUrl': 'power-generationdistribution/jaiprakashpowerventures/JHP01', 'columns': [{'name': 'change %', 'value': '-0.12'}, {'name': 'LTP', 'value': '17.18'}, {'name': 'Close Price value', 'value': '17.18'}, {'name': 'change absolute', 'value': '-0.02'}]}",OHLC_D_I_NR7BEARBO,NR 7 Breakdown,Seven Bar Pattern,18,Range Breakout,NR7 is a 7-bar narrow range pattern. NR7 bearish breakout pattern scanner shows the list of stocks forming bearish breakout pattern after 7-bar consolidation.,,,False,1,N,,OHLC_D_I_NR7BEARBO
1776078917,"{'stkname': 'Mangalam Drugs', 'ltp': '', 'perChg': '', 'stkId': 'MDO', 'displayLock': 'N', 'scanproflg': 1, 'scUrl': 'pharmaceuticals/mangalamdrugsorganics/MDO', 'columns': [{'name': 'change %', 'value': '-1.98'}, {'name': 'LTP', 'value': '30.72'}, {'name': 'Close Price value', 'value': '30.72'}, {'name': 'change absolute', 'value': '-0.62'}]}",OHLC_D_I_NR7BEARBO,NR 7 Breakdown,Seven Bar Pattern,18,Range Breakout,NR7 is a 7-bar narrow range pattern. NR7 bearish breakout pattern scanner shows the list of stocks forming bearish breakout pattern after 7-bar consolidation.,,,False,1,N,,OHLC_D_I_NR7BEARBO
1776078917,"{'stkname': 'Nilkamal', 'ltp': '', 'perChg': '', 'stkId': 'NP08', 'displayLock': 'N', 'scanproflg': 1, 'scUrl': 'plastics/nilkamal/NP08', 'columns': [{'name': 'change %', 'value': '-1.28'}, {'name': 'LTP', 'value': '1,274.90'}, {'name': 'Close Price value', 'value': '1,274.90'}, {'name': 'change absolute', 'value': '-16.50'}]}",OHLC_D_I_NR7BEARBO,NR 7 Breakdown,Seven Bar Pattern,18,Range Breakout,NR7 is a 7-bar narrow range pattern. NR7 bearish breakout pattern scanner shows the list of stocks forming bearish breakout pattern after 7-bar consolidation.,,,False,1,N,,OHLC_D_I_NR7BEARBO
1776078917,"{'stkname': 'Morepen Lab', 'ltp': '', 'perChg': '', 'stkId': 'ML06', 'displayLock': 'N', 'scanproflg': 1, 'scUrl': 'pharmaceuticals/morepenlaboratories/ML06', 'columns': [{'name': 'change %', 'value': '-0.35'}, {'name': 'LTP', 'value': '40.02'}, {'name': 'Close Price value', 'value': '40.02'}, {'name': 'change absolute', 'value': '-0.14'}]}",OHLC_D_I_NR7BEARBO,NR 7 Breakdown,Seven Bar Pattern,18,Range Breakout,NR7 is a 7-bar narrow range pattern. NR7 bearish breakout pattern scanner shows the list of stocks forming bearish breakout pattern after 7-bar consolidation.,,,False,1,N,,OHLC_D_I_NR7BEARBO
1776078917,"{'stkname': 'PPL', 'ltp': '', 'perChg': '', 'stkId': 'PPL54268', 'displayLock': 'N', 'scanproflg': 1, 'scUrl': 'miscellaneous/prakashpipeslimited/PPL54268', 'columns': [{'name': 'change %', 'value': '-1.98'}, {'name': 'LTP', 'value': '205.85'}, {'name': 'Close Price value', 'value': '205.85'}, {'name': 'change absolute', 'value': '-4.16'}]}",OHLC_D_I_NR7BEARBO,NR 7 Breakdown,Seven Bar Pattern,18,Range Breakout,NR7 is a 7-bar narrow range pattern. NR7 bearish breakout pattern scanner shows the list of stocks forming bearish breakout pattern after 7-bar consolidation.,,,False,1,N,,OHLC_D_I_NR7BEARBO
1776078917,"{'stkname': 'Beta Drugs', 'ltp': '', 'perChg': '', 'stkId': 'BD04', 'displayLock': 'N', 'scanproflg': 1, 'scUrl': 'pharmaceuticals/betadrugs/BD04', 'columns': [{'name': 'change %', 'value': '-0.67'}, {'name': 'LTP', 'value': '1,385.00'}, {'name': 'Close Price value', 'value': '1,385.00'}, {'name': 'change absolute', 'value': '-9.40'}]}",OHLC_D_I_NR7BEARBO,NR 7 Breakdown,Seven Bar Pattern,18,Range Breakout,NR7 is a 7-bar narrow range pattern. NR7 bearish breakout pattern scanner shows the list of stocks forming bearish breakout pattern after 7-bar consolidation.,,,False,1,N,,OHLC_D_I_NR7BEARBO
1776078917,"{'stkname': 'Satia Ind', 'ltp': '', 'perChg': '', 'stkId': 'SI90', 'displayLock': 'N', 'scanproflg': 1, 'scUrl': 'paper/satiaindustries/SI96', 'columns': [{'name': 'change %', 'value': '-1.31'}, {'name': 'LTP', 'value': '63.50'}, {'name': 'Close Price value', 'value': '63.50'}, {'name': 'change absolute', 'value': '-0.84'}]}",OHLC_D_I_NR7BEARBO,NR 7 Breakdown,Seven Bar Pattern,18,Range Breakout,NR7 is a 7-bar narrow range pattern. NR7 bearish breakout pattern scanner shows the list of stocks forming bearish breakout pattern after 7-bar consolidation.,,,False,1,N,,OHLC_D_I_NR7BEARBO
1776078917,"{'stkname': 'Biocon', 'ltp': '', 'perChg': '', 'stkId': 'BL03', 'displayLock': 'N', 'scanproflg': 1, 'scUrl': 'pharmaceuticals/biocon/BL03', 'columns': [{'name': 'change %', 'value': '-0.67'}, {'name': 'LTP', 'value': '346.25'}, {'name': 'Close Price value', 'value': '346.25'}, {'name': 'change absolute', 'value': '-2.35'}]}",OHLC_D_I_NR7BEARBO,NR 7 Breakdown,Seven Bar Pattern,18,Range Breakout,NR7 is a 7-bar narrow range pattern. NR7 bearish breakout pattern scanner shows the list of stocks forming bearish breakout pattern after 7-bar consolidation.,,,False,1,N,,OHLC_D_I_NR7BEARBO
1776078917,"{'stkname': 'Kopran', 'ltp': '', 'perChg': '', 'stkId': 'K01', 'displayLock': 'N', 'scanproflg': 1, 'scUrl': 'pharmaceuticals/kopran/K01', 'columns': [{'name': 'change %', 'value': '-0.29'}, {'name': 'LTP', 'value': '156.93'}, {'name': 'Close Price value', 'value': '156.93'}, {'name': 'change absolute', 'value': '-0.46'}]}",OHLC_D_I_NR7BEARBO,NR 7 Breakdown,Seven Bar Pattern,18,Range Breakout,NR7 is a 7-bar narrow range pattern. NR7 bearish breakout pattern scanner shows the list of stocks forming bearish breakout pattern after 7-bar consolidation.,,,False,1,N,,OHLC_D_I_NR7BEARBO
1776078917,"{'stkname': 'Pil Italica', 'ltp': '', 'perChg': '', 'stkId': 'PI08', 'displayLock': 'N', 'scanproflg': 1, 'scUrl': 'plastics/pilitalicalifestyle/PI08', 'columns': [{'name': 'change %', 'value': '-0.85'}, {'name': 'LTP', 'value': '7.00'}, {'name': 'Close Price value', 'value': '7.00'}, {'name': 'change absolute', 'value': '-0.06'}]}",OHLC_D_I_NR7BEARBO,NR 7 Breakdown,Seven Bar Pattern,18,Range Breakout,NR7 is a 7-bar narrow range pattern. NR7 bearish breakout pattern scanner shows the list of stocks forming bearish breakout pattern after 7-bar consolidation.,,,False,1,N,,OHLC_D_I_NR7BEARBO
1776078917,"{'stkname': 'Rushil Decor', 'ltp': '', 'perChg': '', 'stkId': 'RD02', 'displayLock': 'N', 'scanproflg': 1, 'scUrl': 'woodwood-products/rushildecor/RD02', 'columns': [{'name': 'change %', 'value': '-3.00'}, {'name': 'LTP', 'value': '14.53'}, {'name': 'Close Price value', 'value': '14.53'}, {'name': 'change absolute', 'value': '-0.45'}]}",OHLC_D_I_NR7BEARBO,NR 7 Breakdown,Seven Bar Pattern,18,Range Breakout,NR7 is a 7-bar narrow range pattern. NR7 bearish breakout pattern scanner shows the list of stocks forming bearish breakout pattern after 7-bar consolidation.,,,False,1,N,,OHLC_D_I_NR7BEARBO
1776078917,"{'stkname': 'Medplus Health', 'ltp': '', 'perChg': '', 'stkId': 'MHS01', 'displayLock': 'N', 'scanproflg': 1, 'scUrl': 'fooddrug-retailing/medplushealthservices/MHS01', 'columns': [{'name': 'change %', 'value': '-0.52'}, {'name': 'LTP', 'value': '862.30'}, {'name': 'Close Price value', 'value': '862.30'}, {'name': 'change absolute', 'value': '-4.55'}]}",OHLC_D_I_NR7BEARBO,NR 7 Breakdown,Seven Bar Pattern,18,Range Breakout,NR7 is a 7-bar narrow range pattern. NR7 bearish breakout pattern scanner shows the list of stocks forming bearish breakout pattern after 7-bar consolidation.,,,False,1,N,,OHLC_D_I_NR7BEARBO
1776078917,"{'stkname': 'Pudumjee Paper ', 'ltp': '', 'perChg': '', 'stkId': 'PPP04', 'displayLock': 'N', 'scanproflg': 1, 'scUrl': 'paper/pudumjeepaperproductslimited/PPP04', 'columns': [{'name': 'change %', 'value': '-1.13'}, {'name': 'LTP', 'value': '84.05'}, {'name': 'Close Price value', 'value': '84.05'}, {'name': 'change absolute', 'value': '-0.96'}]}",OHLC_D_I_NR7BEARBO,NR 7 Breakdown,Seven Bar Pattern,18,Range Breakout,NR7 is a 7-bar narrow range pattern. NR7 bearish breakout pattern scanner shows the list of stocks forming bearish breakout pattern after 7-bar consolidation.,,,False,1,N,,OHLC_D_I_NR7BEARBO
1776078917,"{'stkname': 'Repro India', 'ltp': '', 'perChg': '', 'stkId': 'RI35', 'displayLock': 'N', 'scanproflg': 1, 'scUrl': 'printingstationery/reproindia/RI35', 'columns': [{'name': 'change %', 'value': '-1.38'}, {'name': 'LTP', 'value': '357.40'}, {'name': 'Close Price value', 'value': '357.40'}, {'name': 'change absolute', 'value': '-5.00'}]}",OHLC_D_I_NR7BEARBO,NR 7 Breakdown,Seven Bar Pattern,18,Range Breakout,NR7 is a 7-bar narrow range pattern. NR7 bearish breakout pattern scanner shows the list of stocks forming bearish breakout pattern after 7-bar consolidation.,,,False,1,N,,OHLC_D_I_NR7BEARBO
1776078917,"{'stkname': 'Sanofi India', 'ltp': '', 'perChg': '', 'stkId': 'HMR', 'displayLock': 'N', 'scanproflg': 1, 'scUrl': 'pharmaceuticals/sanofiindia/AP26', 'columns': [{'name': 'change %', 'value': '-0.29'}, {'name': 'LTP', 'value': '3,481.90'}, {'name': 'Close Price value', 'value': '3,481.90'}, {'name': 'change absolute', 'value': '-10.00'}]}",OHLC_D_I_NR7BEARBO,NR 7 Breakdown,Seven Bar Pattern,18,Range Breakout,NR7 is a 7-bar narrow range pattern. NR7 bearish breakout pattern scanner shows the list of stocks forming bearish breakout pattern after 7-bar consolidation.,,,False,1,N,,OHLC_D_I_NR7BEARBO
1776078917,"{'stkname': 'Abbott India', 'ltp': '', 'perChg': '', 'stkId': 'KP', 'displayLock': 'N', 'scanproflg': 1, 'scUrl': 'pharmaceuticals/abbottindia/AI51', 'columns': [{'name': 'change %', 'value': '-0.31'}, {'name': 'LTP', 'value': '25,700.00'}, {'name': 'Close Price value', 'value': '25,700.00'}, {'name': 'change absolute', 'value': '-80.00'}]}",OHLC_D_I_NR7BEARBO,NR 7 Breakdown,Seven Bar Pattern,18,Range Breakout,NR7 is a 7-bar narrow range pattern. NR7 bearish breakout pattern scanner shows the list of stocks forming bearish breakout pattern after 7-bar consolidation.,,,False,1,N,,OHLC_D_I_NR7BEARBO
1776078917,"{'stkname': 'Alembic', 'ltp': '', 'perChg': '', 'stkId': 'ACW', 'displayLock': 'N', 'scanproflg': 1, 'scUrl': 'pharmaceuticals/alembic/A08', 'columns': [{'name': 'change %', 'value': '-1.38'}, {'name': 'LTP', 'value': '84.90'}, {'name': 'Close Price value', 'value': '84.90'}, {'name': 'change absolute', 'value': '-1.19'}]}",OHLC_D_I_NR7BEARBO,NR 7 Breakdown,Seven Bar Pattern,18,Range Breakout,NR7 is a 7-bar narrow range pattern. NR7 bearish breakout pattern scanner shows the list of stocks forming bearish breakout pattern after 7-bar consolidation.,,,False,1,N,,OHLC_D_I_NR7BEARBO
1776078917,"{'stkname': 'Garware HiTech', 'ltp': '', 'perChg': '', 'stkId': 'GP', 'displayLock': 'N', 'scanproflg': 1, 'scUrl': 'packaging/garwarehi-techfilms/GP', 'columns': [{'name': 'change %', 'value': '-0.21'}, {'name': 'LTP', 'value': '3,722.50'}, {'name': 'Close Price value', 'value': '3,722.50'}, {'name': 'change absolute', 'value': '-7.80'}]}",OHLC_D_I_NR7BEARBO,NR 7 Breakdown,Seven Bar Pattern,18,Range Breakout,NR7 is a 7-bar narrow range pattern. NR7 bearish breakout pattern scanner shows the list of stocks forming bearish breakout pattern after 7-bar consolidation.,,,False,1,N,,OHLC_D_I_NR7BEARBO
1776078917,"{'stkname': 'Jubilant Pharmo', 'ltp': '', 'perChg': '', 'stkId': 'VOC', 'displayLock': 'N', 'scanproflg': 1, 'scUrl': 'pharmaceuticals/jubilantpharmova/JO03', 'columns': [{'name': 'change %', 'value': '-0.09'}, {'name': 'LTP', 'value': '890.00'}, {'name': 'Close Price value', 'value': '890.00'}, {'name': 'change absolute', 'value': '-0.80'}]}",OHLC_D_I_NR7BEARBO,NR 7 Breakdown,Seven Bar Pattern,18,Range Breakout,NR7 is a 7-bar narrow range pattern. NR7 bearish breakout pattern scanner shows the list of stocks forming bearish breakout pattern after 7-bar consolidation.,,,False,1,N,,OHLC_D_I_NR7BEARBO
1776078917,"{'stkname': 'Ester Ind', 'ltp': '', 'perChg': '', 'stkId': 'EI07', 'displayLock': 'N', 'scanproflg': 1, 'scUrl': 'packaging/esterindustries/EI20', 'columns': [{'name': 'change %', 'value': '-0.09'}, {'name': 'LTP', 'value': '90.00'}, {'name': 'Close Price value', 'value': '90.00'}, {'name': 'change absolute', 'value': '-0.08'}]}",OHLC_D_I_NR7BEARBO,NR 7 Breakdown,Seven Bar Pattern,18,Range Breakout,NR7 is a 7-bar narrow range pattern. NR7 bearish breakout pattern scanner shows the list of stocks forming bearish breakout pattern after 7-bar consolidation.,,,False,1,N,,OHLC_D_I_NR7BEARBO
1776078917,"{'stkname': 'Brooks Labs', 'ltp': '', 'perChg': '', 'stkId': 'BL04', 'displayLock': 'N', 'scanproflg': 1, 'scUrl': 'pharmaceuticals/brookslaboratories/BL', 'columns': [{'name': 'change %', 'value': '-0.97'}, {'name': 'LTP', 'value': '71.50'}, {'name': 'Close Price value', 'value': '71.50'}, {'name': 'change absolute', 'value': '-0.70'}]}",OHLC_D_I_NR7BEARBO,NR 7 Breakdown,Seven Bar Pattern,18,Range Breakout,NR7 is a 7-bar narrow range pattern. NR7 bearish breakout pattern scanner shows the list of stocks forming bearish breakout pattern after 7-bar consolidation.,,,False,1,N,,OHLC_D_I_NR7BEARBO
1776078917,"{'stkname': 'Panama Petro', 'ltp': '', 'perChg': '', 'stkId': 'PP02', 'displayLock': 'N', 'scanproflg': 1, 'scUrl': 'chemicals/panamapetrochem/PP02', 'columns': [{'name': 'change %', 'value': '-2.35'}, {'name': 'LTP', 'value': '263.00'}, {'name': 'Close Price value', 'value': '263.00'}, {'name': 'change absolute', 'value': '-6.33'}]}",OHLC_D_I_NR7BEARBO,NR 7 Breakdown,Seven Bar Pattern,18,Range Breakout,NR7 is a 7-bar narrow range pattern. NR7 bearish breakout pattern scanner shows the list of stocks forming bearish breakout pattern after 7-bar consolidation.,,,False,1,N,,OHLC_D_I_NR7BEARBO
1776078917,"{'stkname': 'Aarti Drugs', 'ltp': '', 'perChg': '', 'stkId': 'AD', 'displayLock': 'N', 'scanproflg': 1, 'scUrl': 'pharmaceuticals/aartidrugs/AD', 'columns': [{'name': 'change %', 'value': '-0.31'}, {'name': 'LTP', 'value': '354.00'}, {'name': 'Close Price value', 'value': '354.00'}, {'name': 'change absolute', 'value': '-1.10'}]}",OHLC_D_I_NR7BEARBO,NR 7 Breakdown,Seven Bar Pattern,18,Range Breakout,NR7 is a 7-bar narrow range pattern. NR7 bearish breakout pattern scanner shows the list of stocks forming bearish breakout pattern after 7-bar consolidation.,,,False,1,N,,OHLC_D_I_NR7BEARBO
1776078917,"{'stkname': 'Castrol', 'ltp': '', 'perChg': '', 'stkId': 'CI01', 'displayLock': 'N', 'scanproflg': 1, 'scUrl': 'lubricants/castrolindia/CI01', 'columns': [{'name': 'change %', 'value': '-0.26'}, {'name': 'LTP', 'value': '178.95'}, {'name': 'Close Price value', 'value': '178.95'}, {'name': 'change absolute', 'value': '-0.47'}]}",OHLC_D_I_NR7BEARBO,NR 7 Breakdown,Seven Bar Pattern,18,Range Breakout,NR7 is a 7-bar narrow range pattern. NR7 bearish breakout pattern scanner shows the list of stocks forming bearish breakout pattern after 7-bar consolidation.,,,False,1,N,,OHLC_D_I_NR7BEARBO
1776078917,"{'stkname': 'Seshasayee Pape', 'ltp': '', 'perChg': '', 'stkId': 'SPB', 'displayLock': 'N', 'scanproflg': 1, 'scUrl': 'paper/seshasayeepaperboards/SPB', 'columns': [{'name': 'change %', 'value': '-2.13'}, {'name': 'LTP', 'value': '261.05'}, {'name': 'Close Price value', 'value': '261.05'}, {'name': 'change absolute', 'value': '-5.67'}]}",OHLC_D_I_NR7BEARBO,NR 7 Breakdown,Seven Bar Pattern,18,Range Breakout,NR7 is a 7-bar narrow range pattern. NR7 bearish breakout pattern scanner shows the list of stocks forming bearish breakout pattern after 7-bar consolidation.,,,False,1,N,,OHLC_D_I_NR7BEARBO
1776078917,"{'stkname': 'TTK Healthcare', 'ltp': '', 'perChg': '', 'stkId': 'TTK', 'displayLock': 'N', 'scanproflg': 1, 'scUrl': 'pharmaceuticals/ttkhealthcare/TTK', 'columns': [{'name': 'change %', 'value': '-2.01'}, {'name': 'LTP', 'value': '868.55'}, {'name': 'Close Price value', 'value': '868.55'}, {'name': 'change absolute', 'value': '-17.80'}]}",OHLC_D_I_NR7BEARBO,NR 7 Breakdown,Seven Bar Pattern,18,Range Breakout,NR7 is a 7-bar narrow range pattern. NR7 bearish breakout pattern scanner shows the list of stocks forming bearish breakout pattern after 7-bar consolidation.,,,False,1,N,,OHLC_D_I_NR7BEARBO
1776078917,"{'stkname': 'Alpa Labs', 'ltp': '', 'perChg': '', 'stkId': 'AL11', 'displayLock': 'N', 'scanproflg': 1, 'scUrl': 'pharmaceuticals/alpalaboratories/AL11', 'columns': [{'name': 'change %', 'value': '-1.65'}, {'name': 'LTP', 'value': '67.90'}, {'name': 'Close Price value', 'value': '67.90'}, {'name': 'change absolute', 'value': '-1.14'}]}",OHLC_D_I_NR7BEARBO,NR 7 Breakdown,Seven Bar Pattern,18,Range Breakout,NR7 is a 7-bar narrow range pattern. NR7 bearish breakout pattern scanner shows the list of stocks forming bearish breakout pattern after 7-bar consolidation.,,,False,1,N,,OHLC_D_I_NR7BEARBO
1776078917,"{'stkname': 'Godawari Power', 'ltp': '', 'perChg': '', 'stkId': 'GPI7', 'displayLock': 'N', 'scanproflg': 1, 'scUrl': 'steel-sponge-iron/godawaripowerispat/GPI7', 'columns': [{'name': 'change %', 'value': '-0.19'}, {'name': 'LTP', 'value': '289.00'}, {'name': 'Close Price value', 'value': '289.00'}, {'name': 'change absolute', 'value': '-0.55'}]}",OHLC_D_I_NR7BEARBO,NR 7 Breakdown,Seven Bar Pattern,18,Range Breakout,NR7 is a 7-bar narrow range pattern. NR7 bearish breakout pattern scanner shows the list of stocks forming bearish breakout pattern after 7-bar consolidation.,,,False,1,N,,OHLC_D_I_NR7BEARBO
1776078917,"{'stkname': 'Indian Metals', 'ltp': '', 'perChg': '', 'stkId': 'IMF01', 'displayLock': 'N', 'scanproflg': 1, 'scUrl': 'miningminerals/indianmetalsferroalloys/IMF01', 'columns': [{'name': 'change %', 'value': '-0.76'}, {'name': 'LTP', 'value': '1,389.00'}, {'name': 'Close Price value', 'value': '1,389.00'}, {'name': 'change absolute', 'value': '-10.60'}]}",OHLC_D_I_NR7BEARBO,NR 7 Breakdown,Seven Bar Pattern,18,Range Breakout,NR7 is a 7-bar narrow range pattern. NR7 bearish breakout pattern scanner shows the list of stocks forming bearish breakout pattern after 7-bar consolidation.,,,False,1,N,,OHLC_D_I_NR7BEARBO
1776078917,"{'stkname': 'Shyam Metalics', 'ltp': '', 'perChg': '', 'stkId': 'SME05', 'displayLock': 'N', 'scanproflg': 1, 'scUrl': 'ironsteel/shyammetalicsenergy/SME05', 'columns': [{'name': 'change %', 'value': '-0.77'}, {'name': 'LTP', 'value': '832.35'}, {'name': 'Close Price value', 'value': '832.35'}, {'name': 'change absolute', 'value': '-6.45'}]}",OHLC_D_I_NR7BEARBO,NR 7 Breakdown,Seven Bar Pattern,18,Range Breakout,NR7 is a 7-bar narrow range pattern. NR7 bearish breakout pattern scanner shows the list of stocks forming bearish breakout pattern after 7-bar consolidation.,,,False,1,N,,OHLC_D_I_NR7BEARBO
1776078917,"{'stkname': 'Orissa Minerals', 'ltp': '', 'perChg': '', 'stkId': 'OMD', 'displayLock': 'N', 'scanproflg': 1, 'scUrl': 'miningminerals/orissamineralsdevelopmentcompany/OMD', 'columns': [{'name': 'change %', 'value': '-0.64'}, {'name': 'LTP', 'value': '3,724.90'}, {'name': 'Close Price value', 'value': '3,724.90'}, {'name': 'change absolute', 'value': '-23.90'}]}",OHLC_D_I_NR7BEARBO,NR 7 Breakdown,Seven Bar Pattern,18,Range Breakout,NR7 is a 7-bar narrow range pattern. NR7 bearish breakout pattern scanner shows the list of stocks forming bearish breakout pattern after 7-bar consolidation.,,,False,1,N,,OHLC_D_I_NR7BEARBO
1776078917,"{'stkname': 'MOIL', 'ltp': '', 'perChg': '', 'stkId': 'M11', 'displayLock': 'N', 'scanproflg': 1, 'scUrl': 'miningminerals/moil/M18', 'columns': [{'name': 'change %', 'value': '-0.05'}, {'name': 'LTP', 'value': '305.55'}, {'name': 'Close Price value', 'value': '305.55'}, {'name': 'change absolute', 'value': '-0.15'}]}",OHLC_D_I_NR7BEARBO,NR 7 Breakdown,Seven Bar Pattern,18,Range Breakout,NR7 is a 7-bar narrow range pattern. NR7 bearish breakout pattern scanner shows the list of stocks forming bearish breakout pattern after 7-bar consolidation.,,,False,1,N,,OHLC_D_I_NR7BEARBO
1776078917,"{'stkname': 'Hi-Tech Pipes', 'ltp': '', 'perChg': '', 'stkId': 'HPL01', 'displayLock': 'N', 'scanproflg': 1, 'scUrl': 'steel-tubespipes/hi-techpipes/HPL01', 'columns': [{'name': 'change %', 'value': '-2.11'}, {'name': 'LTP', 'value': '84.55'}, {'name': 'Close Price value', 'value': '84.55'}, {'name': 'change absolute', 'value': '-1.82'}]}",OHLC_D_I_NR7BEARBO,NR 7 Breakdown,Seven Bar Pattern,18,Range Breakout,NR7 is a 7-bar narrow range pattern. NR7 bearish breakout pattern scanner shows the list of stocks forming bearish breakout pattern after 7-bar consolidation.,,,False,1,N,,OHLC_D_I_NR7BEARBO
1776078917,"{'stkname': 'Manaksia', 'ltp': '', 'perChg': '', 'stkId': 'M10', 'displayLock': 'N', 'scanproflg': 1, 'scUrl': 'steel-rolling/manaksia/M16', 'columns': [{'name': 'change %', 'value': '-0.98'}, {'name': 'LTP', 'value': '55.39'}, {'name': 'Close Price value', 'value': '55.39'}, {'name': 'change absolute', 'value': '-0.55'}]}",OHLC_D_I_NR7BEARBO,NR 7 Breakdown,Seven Bar Pattern,18,Range Breakout,NR7 is a 7-bar narrow range pattern. NR7 bearish breakout pattern scanner shows the list of stocks forming bearish breakout pattern after 7-bar consolidation.,,,False,1,N,,OHLC_D_I_NR7BEARBO
1776078917,"{'stkname': 'Steel Exchange ', 'ltp': '', 'perChg': '', 'stkId': 'SEI02', 'displayLock': 'N', 'scanproflg': 1, 'scUrl': 'steel-large/steelexchangeindia/SEI02', 'columns': [{'name': 'change %', 'value': '-1.80'}, {'name': 'LTP', 'value': '8.74'}, {'name': 'Close Price value', 'value': '8.74'}, {'name': 'change absolute', 'value': '-0.16'}]}",OHLC_D_I_NR7BEARBO,NR 7 Breakdown,Seven Bar Pattern,18,Range Breakout,NR7 is a 7-bar narrow range pattern. NR7 bearish breakout pattern scanner shows the list of stocks forming bearish breakout pattern after 7-bar consolidation.,,,False,1,N,,OHLC_D_I_NR7BEARBO
1776078917,"{'stkname': 'Bharat Wire Rop', 'ltp': '', 'perChg': '', 'stkId': 'BWR01', 'displayLock': 'N', 'scanproflg': 1, 'scUrl': 'steel-mediumsmall/bharatwireropes/BWR01', 'columns': [{'name': 'change %', 'value': '-2.46'}, {'name': 'LTP', 'value': '167.38'}, {'name': 'Close Price value', 'value': '167.38'}, {'name': 'change absolute', 'value': '-4.22'}]}",OHLC_D_I_NR7BEARBO,NR 7 Breakdown,Seven Bar Pattern,18,Range Breakout,NR7 is a 7-bar narrow range pattern. NR7 bearish breakout pattern scanner shows the list of stocks forming bearish breakout pattern after 7-bar consolidation.,,,False,1,N,,OHLC_D_I_NR7BEARBO
1776078917,"{'stkname': 'Gulf Oil Lubric', 'ltp': '', 'perChg': '', 'stkId': 'GOL01', 'displayLock': 'N', 'scanproflg': 1, 'scUrl': 'lubricants/gulfoillubricantsindia/GOL01', 'columns': [{'name': 'change %', 'value': '-1.12'}, {'name': 'LTP', 'value': '893.60'}, {'name': 'Close Price value', 'value': '893.60'}, {'name': 'change absolute', 'value': '-10.10'}]}",OHLC_D_I_NR7BEARBO,NR 7 Breakdown,Seven Bar Pattern,18,Range Breakout,NR7 is a 7-bar narrow range pattern. NR7 bearish breakout pattern scanner shows the list of stocks forming bearish breakout pattern after 7-bar consolidation.,,,False,1,N,,OHLC_D_I_NR7BEARBO
1776078917,"{'stkname': 'Hitech Corp', 'ltp': '', 'perChg': '', 'stkId': 'HTP', 'displayLock': 'N', 'scanproflg': 1, 'scUrl': 'plastics/hitechcorporation/HP08', 'columns': [{'name': 'change %', 'value': '-0.22'}, {'name': 'LTP', 'value': '143.72'}, {'name': 'Close Price value', 'value': '143.72'}, {'name': 'change absolute', 'value': '-0.32'}]}",OHLC_D_I_NR7BEARBO,NR 7 Breakdown,Seven Bar Pattern,18,Range Breakout,NR7 is a 7-bar narrow range pattern. NR7 bearish breakout pattern scanner shows the list of stocks forming bearish breakout pattern after 7-bar consolidation.,,,False,1,N,,OHLC_D_I_NR7BEARBO
1776078917,"{'stkname': 'AVG Logistics', 'ltp': '', 'perChg': '', 'stkId': 'ALL02', 'displayLock': 'N', 'scanproflg': 1, 'scUrl': 'transportlogistics/avglogistics/ALL02', 'columns': [{'name': 'change %', 'value': '-0.16'}, {'name': 'LTP', 'value': '158.80'}, {'name': 'Close Price value', 'value': '158.80'}, {'name': 'change absolute', 'value': '-0.26'}]}",OHLC_D_I_NR7BEARBO,NR 7 Breakdown,Seven Bar Pattern,18,Range Breakout,NR7 is a 7-bar narrow range pattern. NR7 bearish breakout pattern scanner shows the list of stocks forming bearish breakout pattern after 7-bar consolidation.,,,False,1,N,,OHLC_D_I_NR7BEARBO
1776078917,"{'stkname': 'Pennar Inds', 'ltp': '', 'perChg': '', 'stkId': 'PS04', 'displayLock': 'N', 'scanproflg': 1, 'scUrl': 'steel-crhr-strips/pennarindustries/PI28', 'columns': [{'name': 'change %', 'value': '-0.94'}, {'name': 'LTP', 'value': '162.07'}, {'name': 'Close Price value', 'value': '162.07'}, {'name': 'change absolute', 'value': '-1.54'}]}",OHLC_D_I_NR7BEARBO,NR 7 Breakdown,Seven Bar Pattern,18,Range Breakout,NR7 is a 7-bar narrow range pattern. NR7 bearish breakout pattern scanner shows the list of stocks forming bearish breakout pattern after 7-bar consolidation.,,,False,1,N,,OHLC_D_I_NR7BEARBO
1776078917,"{'stkname': 'Lloyds Metals', 'ltp': '', 'perChg': '', 'stkId': 'LME', 'displayLock': 'N', 'scanproflg': 1, 'scUrl': 'steel-sponge-iron/lloydsmetalsenergy/LME', 'columns': [{'name': 'change %', 'value': '-0.50'}, {'name': 'LTP', 'value': '1,498.60'}, {'name': 'Close Price value', 'value': '1,498.60'}, {'name': 'change absolute', 'value': '-7.60'}]}",OHLC_D_I_NR7BEARBO,NR 7 Breakdown,Seven Bar Pattern,18,Range Breakout,NR7 is a 7-bar narrow range pattern. NR7 bearish breakout pattern scanner shows the list of stocks forming bearish breakout pattern after 7-bar consolidation.,,,False,1,N,,OHLC_D_I_NR7BEARBO
1776078917,"{'stkname': '20 Microns', 'ltp': '', 'perChg': '', 'stkId': '2M', 'displayLock': 'N', 'scanproflg': 1, 'scUrl': 'miningminerals/20microns/2M', 'columns': [{'name': 'change %', 'value': '-1.61'}, {'name': 'LTP', 'value': '159.75'}, {'name': 'Close Price value', 'value': '159.75'}, {'name': 'change absolute', 'value': '-2.62'}]}",OHLC_D_I_NR7BEARBO,NR 7 Breakdown,Seven Bar Pattern,18,Range Breakout,NR7 is a 7-bar narrow range pattern. NR7 bearish breakout pattern scanner shows the list of stocks forming bearish breakout pattern after 7-bar consolidation.,,,False,1,N,,OHLC_D_I_NR7BEARBO
1776078917,"{'stkname': 'GP Petroleums', 'ltp': '', 'perChg': '', 'stkId': 'SP36', 'displayLock': 'N', 'scanproflg': 1, 'scUrl': 'lubricants/gppetroleums/SP36', 'columns': [{'name': 'change %', 'value': '-1.83'}, {'name': 'LTP', 'value': '32.69'}, {'name': 'Close Price value', 'value': '32.69'}, {'name': 'change absolute', 'value': '-0.61'}]}",OHLC_D_I_NR7BEARBO,NR 7 Breakdown,Seven Bar Pattern,18,Range Breakout,NR7 is a 7-bar narrow range pattern. NR7 bearish breakout pattern scanner shows the list of stocks forming bearish breakout pattern after 7-bar consolidation.,,,False,1,N,,OHLC_D_I_NR7BEARBO
1776078917,"{'stkname': 'Allcargo Termin', 'ltp': '', 'perChg': '', 'stkId': 'AT25', 'displayLock': 'N', 'scanproflg': 1, 'scUrl': 'ground-freightlogistics-services/allcargoterminals/AT29', 'columns': [{'name': 'change %', 'value': '-3.77'}, {'name': 'LTP', 'value': '24.00'}, {'name': 'Close Price value', 'value': '24.00'}, {'name': 'change absolute', 'value': '-0.94'}]}",OHLC_D_I_NR7BEARBO,NR 7 Breakdown,Seven Bar Pattern,18,Range Breakout,NR7 is a 7-bar narrow range pattern. NR7 bearish breakout pattern scanner shows the list of stocks forming bearish breakout pattern after 7-bar consolidation.,,,False,1,N,,OHLC_D_I_NR7BEARBO
1776078917,"{'stkname': 'Mahindra Logist', 'ltp': '', 'perChg': '', 'stkId': 'ML12', 'displayLock': 'N', 'scanproflg': 1, 'scUrl': 'diversified/mahindralogistics/ML04', 'columns': [{'name': 'change %', 'value': '-0.05'}, {'name': 'LTP', 'value': '387.50'}, {'name': 'Close Price value', 'value': '387.50'}, {'name': 'change absolute', 'value': '-0.20'}]}",OHLC_D_I_NR7BEARBO,NR 7 Breakdown,Seven Bar Pattern,18,Range Breakout,NR7 is a 7-bar narrow range pattern. NR7 bearish breakout pattern scanner shows the list of stocks forming bearish breakout pattern after 7-bar consolidation.,,,False,1,N,,OHLC_D_I_NR7BEARBO
1776078917,"{'stkname': 'Mastek', 'ltp': '', 'perChg': '', 'stkId': 'M', 'displayLock': 'N', 'scanproflg': 1, 'scUrl': 'computers-software/mastek/M', 'columns': [{'name': 'change %', 'value': '-1.63'}, {'name': 'LTP', 'value': '1,559.50'}, {'name': 'Close Price value', 'value': '1,559.50'}, {'name': 'change absolute', 'value': '-25.90'}]}",OHLC_D_I_NR7BEARBO,NR 7 Breakdown,Seven Bar Pattern,18,Range Breakout,NR7 is a 7-bar narrow range pattern. NR7 bearish breakout pattern scanner shows the list of stocks forming bearish breakout pattern after 7-bar consolidation.,,,False,1,N,,OHLC_D_I_NR7BEARBO
1776078917,"{'stkname': 'TCI Express', 'ltp': '', 'perChg': '', 'stkId': 'TCI08', 'displayLock': 'N', 'scanproflg': 1, 'scUrl': 'transportlogistics/tciexpress/TCI08', 'columns': [{'name': 'change %', 'value': '-4.26'}, {'name': 'LTP', 'value': '522.00'}, {'name': 'Close Price value', 'value': '522.00'}, {'name': 'change absolute', 'value': '-23.20'}]}",OHLC_D_I_NR7BEARBO,NR 7 Breakdown,Seven Bar Pattern,18,Range Breakout,NR7 is a 7-bar narrow range pattern. NR7 bearish breakout pattern scanner shows the list of stocks forming bearish breakout pattern after 7-bar consolidation.,,,False,1,N,,OHLC_D_I_NR7BEARBO
1776078917,"{'stkname': 'Greenply Ind', 'ltp': '', 'perChg': '', 'stkId': 'GI19', 'displayLock': 'N', 'scanproflg': 1, 'scUrl': 'miscellaneous/greenplyindustries/GI19', 'columns': [{'name': 'change %', 'value': '-1.08'}, {'name': 'LTP', 'value': '213.68'}, {'name': 'Close Price value', 'value': '213.68'}, {'name': 'change absolute', 'value': '-2.34'}]}",OHLC_D_I_NR7BEARBO,NR 7 Breakdown,Seven Bar Pattern,18,Range Breakout,NR7 is a 7-bar narrow range pattern. NR7 bearish breakout pattern scanner shows the list of stocks forming bearish breakout pattern after 7-bar consolidation.,,,False,1,N,,OHLC_D_I_NR7BEARBO
1776078917,"{'stkname': 'Navkar Corp', 'ltp': '', 'perChg': '', 'stkId': 'NC09', 'displayLock': 'N', 'scanproflg': 1, 'scUrl': 'transportlogistics/navkarcorporation/NC02', 'columns': [{'name': 'change %', 'value': '-0.19'}, {'name': 'LTP', 'value': '94.50'}, {'name': 'Close Price value', 'value': '94.50'}, {'name': 'change absolute', 'value': '-0.18'}]}",OHLC_D_I_NR7BEARBO,NR 7 Breakdown,Seven Bar Pattern,18,Range Breakout,NR7 is a 7-bar narrow range pattern. NR7 bearish breakout pattern scanner shows the list of stocks forming bearish breakout pattern after 7-bar consolidation.,,,False,1,N,,OHLC_D_I_NR7BEARBO
1776078917,"{'stkname': 'Allied Digital', 'ltp': '', 'perChg': '', 'stkId': 'ADS01', 'displayLock': 'N', 'scanproflg': 1, 'scUrl': 'computers-software-mediumsmall/allieddigitalservices/ADS01', 'columns': [{'name': 'change %', 'value': '-1.70'}, {'name': 'LTP', 'value': '112.71'}, {'name': 'Close Price value', 'value': '112.71'}, {'name': 'change absolute', 'value': '-1.95'}]}",OHLC_D_I_NR7BEARBO,NR 7 Breakdown,Seven Bar Pattern,18,Range Breakout,NR7 is a 7-bar narrow range pattern. NR7 bearish breakout pattern scanner shows the list of stocks forming bearish breakout pattern after 7-bar consolidation.,,,False,1,N,,OHLC_D_I_NR7BEARBO
1776078917,"{'stkname': 'Go Digit', 'ltp': '', 'perChg': '', 'stkId': 'GDGIL', 'displayLock': 'N', 'scanproflg': 1, 'scUrl': 'multiline-insurancebrokers/godigitgeneralinsurance/GDGIL', 'columns': [{'name': 'change %', 'value': '-0.25'}, {'name': 'LTP', 'value': '319.00'}, {'name': 'Close Price value', 'value': '319.00'}, {'name': 'change absolute', 'value': '-0.80'}]}",OHLC_D_I_NR7BEARBO,NR 7 Breakdown,Seven Bar Pattern,18,Range Breakout,NR7 is a 7-bar narrow range pattern. NR7 bearish breakout pattern scanner shows the list of stocks forming bearish breakout pattern after 7-bar consolidation.,,,False,1,N,,OHLC_D_I_NR7BEARBO
1776078917,"{'stkname': 'Blue Dart', 'ltp': '', 'perChg': '', 'stkId': 'BDE', 'displayLock': 'N', 'scanproflg': 1, 'scUrl': 'couriers/bluedartexpress/BDE', 'columns': [{'name': 'change %', 'value': '-1.91'}, {'name': 'LTP', 'value': '5,072.00'}, {'name': 'Close Price value', 'value': '5,072.00'}, {'name': 'change absolute', 'value': '-98.60'}]}",OHLC_D_I_NR7BEARBO,NR 7 Breakdown,Seven Bar Pattern,18,Range Breakout,NR7 is a 7-bar narrow range pattern. NR7 bearish breakout pattern scanner shows the list of stocks forming bearish breakout pattern after 7-bar consolidation.,,,False,1,N,,OHLC_D_I_NR7BEARBO
1776078917,"{'stkname': 'Greenlam Ind', 'ltp': '', 'perChg': '', 'stkId': 'GI28', 'displayLock': 'N', 'scanproflg': 1, 'scUrl': 'miscellaneous/greenlamindustries/GI31', 'columns': [{'name': 'change %', 'value': '-0.83'}, {'name': 'LTP', 'value': '217.00'}, {'name': 'Close Price value', 'value': '217.00'}, {'name': 'change absolute', 'value': '-1.82'}]}",OHLC_D_I_NR7BEARBO,NR 7 Breakdown,Seven Bar Pattern,18,Range Breakout,NR7 is a 7-bar narrow range pattern. NR7 bearish breakout pattern scanner shows the list of stocks forming bearish breakout pattern after 7-bar consolidation.,,,False,1,N,,OHLC_D_I_NR7BEARBO
1776078917,"{'stkname': 'ITC Hotels', 'ltp': '', 'perChg': '', 'stkId': 'IHL01', 'displayLock': 'N', 'scanproflg': 1, 'scUrl': 'hotel-resortrestaurants/itchotels/IHL02', 'columns': [{'name': 'change %', 'value': '-0.44'}, {'name': 'LTP', 'value': '154.31'}, {'name': 'Close Price value', 'value': '154.31'}, {'name': 'change absolute', 'value': '-0.68'}]}",OHLC_D_I_NR7BEARBO,NR 7 Breakdown,Seven Bar Pattern,18,Range Breakout,NR7 is a 7-bar narrow range pattern. NR7 bearish breakout pattern scanner shows the list of stocks forming bearish breakout pattern after 7-bar consolidation.,,,False,1,N,,OHLC_D_I_NR7BEARBO
1776078917,"{'stkname': 'Smartlink Net', 'ltp': '', 'perChg': '', 'stkId': 'DLI', 'displayLock': 'N', 'scanproflg': 1, 'scUrl': 'computers-hardware/smartlinkholdings/SNS01', 'columns': [{'name': 'change %', 'value': '-1.20'}, {'name': 'LTP', 'value': '122.21'}, {'name': 'Close Price value', 'value': '122.21'}, {'name': 'change absolute', 'value': '-1.49'}]}",OHLC_D_I_NR7BEARBO,NR 7 Breakdown,Seven Bar Pattern,18,Range Breakout,NR7 is a 7-bar narrow range pattern. NR7 bearish breakout pattern scanner shows the list of stocks forming bearish breakout pattern after 7-bar consolidation.,,,False,1,N,,OHLC_D_I_NR7BEARBO
1776078917,"{'stkname': 'Aurobindo Pharm', 'ltp': '', 'perChg': '', 'stkId': 'AP', 'displayLock': 'N', 'scanproflg': 1, 'scUrl': 'pharmaceuticals/aurobindopharma/AP', 'columns': [{'name': 'change %', 'value': '-0.70'}, {'name': 'LTP', 'value': '1,340.00'}, {'name': 'Close Price value', 'value': '1,340.00'}, {'name': 'change absolute', 'value': '-9.40'}]}",OHLC_D_I_NR7BEARBO,NR 7 Breakdown,Seven Bar Pattern,18,Range Breakout,NR7 is a 7-bar narrow range pattern. NR7 bearish breakout pattern scanner shows the list of stocks forming bearish breakout pattern after 7-bar consolidation.,,,False,1,N,,OHLC_D_I_NR7BEARBO
1776078917,"{'stkname': 'CenturyPlyboard', 'ltp': '', 'perChg': '', 'stkId': 'CP9', 'displayLock': 'N', 'scanproflg': 1, 'scUrl': 'miscellaneous/centuryplyboards/CP9', 'columns': [{'name': 'change %', 'value': '-1.57'}, {'name': 'LTP', 'value': '722.60'}, {'name': 'Close Price value', 'value': '722.60'}, {'name': 'change absolute', 'value': '-11.55'}]}",OHLC_D_I_NR7BEARBO,NR 7 Breakdown,Seven Bar Pattern,18,Range Breakout,NR7 is a 7-bar narrow range pattern. NR7 bearish breakout pattern scanner shows the list of stocks forming bearish breakout pattern after 7-bar consolidation.,,,False,1,N,,OHLC_D_I_NR7BEARBO
1776078917,"{'stkname': 'EIH Assoc Hotel', 'ltp': '', 'perChg': '', 'stkId': 'EIH01', 'displayLock': 'N', 'scanproflg': 1, 'scUrl': 'hotels/eihassociatedhotels/EIH01', 'columns': [{'name': 'change %', 'value': '-0.87'}, {'name': 'LTP', 'value': '314.50'}, {'name': 'Close Price value', 'value': '314.50'}, {'name': 'change absolute', 'value': '-2.75'}]}",OHLC_D_I_NR7BEARBO,NR 7 Breakdown,Seven Bar Pattern,18,Range Breakout,NR7 is a 7-bar narrow range pattern. NR7 bearish breakout pattern scanner shows the list of stocks forming bearish breakout pattern after 7-bar consolidation.,,,False,1,N,,OHLC_D_I_NR7BEARBO
1776078917,"{'stkname': 'Firstsource Sol', 'ltp': '', 'perChg': '', 'stkId': 'FS07', 'displayLock': 'N', 'scanproflg': 1, 'scUrl': 'computers-software-mediumsmall/firstsourcesolutions/FS07', 'columns': [{'name': 'change %', 'value': '-1.81'}, {'name': 'LTP', 'value': '216.39'}, {'name': 'Close Price value', 'value': '216.39'}, {'name': 'change absolute', 'value': '-4.00'}]}",OHLC_D_I_NR7BEARBO,NR 7 Breakdown,Seven Bar Pattern,18,Range Breakout,NR7 is a 7-bar narrow range pattern. NR7 bearish breakout pattern scanner shows the list of stocks forming bearish breakout pattern after 7-bar consolidation.,,,False,1,N,,OHLC_D_I_NR7BEARBO
1776078917,"{'stkname': 'Aurum Proptech', 'ltp': '', 'perChg': '', 'stkId': 'M12', 'displayLock': 'N', 'scanproflg': 1, 'scUrl': 'computers-software-mediumsmall/aurumproptech/M19', 'columns': [{'name': 'change %', 'value': '-0.58'}, {'name': 'LTP', 'value': '170.59'}, {'name': 'Close Price value', 'value': '170.59'}, {'name': 'change absolute', 'value': '-1.00'}]}",OHLC_D_I_NR7BEARBO,NR 7 Breakdown,Seven Bar Pattern,18,Range Breakout,NR7 is a 7-bar narrow range pattern. NR7 bearish breakout pattern scanner shows the list of stocks forming bearish breakout pattern after 7-bar consolidation.,,,False,1,N,,OHLC_D_I_NR7BEARBO
1776078917,"{'stkname': 'eClerx Services', 'ltp': '', 'perChg': '', 'stkId': 'ES07', 'displayLock': 'N', 'scanproflg': 1, 'scUrl': 'computers-software-mediumsmall/eclerxservices/eS06', 'columns': [{'name': 'change %', 'value': '-3.30'}, {'name': 'LTP', 'value': '1,449.00'}, {'name': 'Close Price value', 'value': '1,449.00'}, {'name': 'change absolute', 'value': '-49.50'}]}",OHLC_D_I_NR7BEARBO,NR 7 Breakdown,Seven Bar Pattern,18,Range Breakout,NR7 is a 7-bar narrow range pattern. NR7 bearish breakout pattern scanner shows the list of stocks forming bearish breakout pattern after 7-bar consolidation.,,,False,1,N,,OHLC_D_I_NR7BEARBO
1776078917,"{'stkname': 'Nazara', 'ltp': '', 'perChg': '', 'stkId': 'NT03', 'displayLock': 'N', 'scanproflg': 1, 'scUrl': 'software/nazaratechnologies/NT', 'columns': [{'name': 'change %', 'value': '-1.36'}, {'name': 'LTP', 'value': '248.90'}, {'name': 'Close Price value', 'value': '248.90'}, {'name': 'change absolute', 'value': '-3.43'}]}",OHLC_D_I_NR7BEARBO,NR 7 Breakdown,Seven Bar Pattern,18,Range Breakout,NR7 is a 7-bar narrow range pattern. NR7 bearish breakout pattern scanner shows the list of stocks forming bearish breakout pattern after 7-bar consolidation.,,,False,1,N,,OHLC_D_I_NR7BEARBO
1776078917,"{'stkname': 'Mindteck', 'ltp': '', 'perChg': '', 'stkId': 'HI06', 'displayLock': 'N', 'scanproflg': 1, 'scUrl': 'computers-software/mindteckindia/MI35', 'columns': [{'name': 'change %', 'value': '-0.13'}, {'name': 'LTP', 'value': '182.17'}, {'name': 'Close Price value', 'value': '182.17'}, {'name': 'change absolute', 'value': '-0.24'}]}",OHLC_D_I_NR7BEARBO,NR 7 Breakdown,Seven Bar Pattern,18,Range Breakout,NR7 is a 7-bar narrow range pattern. NR7 bearish breakout pattern scanner shows the list of stocks forming bearish breakout pattern after 7-bar consolidation.,,,False,1,N,,OHLC_D_I_NR7BEARBO
1776078917,"{'stkname': 'Ramco System', 'ltp': '', 'perChg': '', 'stkId': 'RS17', 'displayLock': 'N', 'scanproflg': 1, 'scUrl': 'computers-software/ramcosystem/RS17', 'columns': [{'name': 'change %', 'value': '-0.31'}, {'name': 'LTP', 'value': '429.00'}, {'name': 'Close Price value', 'value': '429.00'}, {'name': 'change absolute', 'value': '-1.35'}]}",OHLC_D_I_NR7BEARBO,NR 7 Breakdown,Seven Bar Pattern,18,Range Breakout,NR7 is a 7-bar narrow range pattern. NR7 bearish breakout pattern scanner shows the list of stocks forming bearish breakout pattern after 7-bar consolidation.,,,False,1,N,,OHLC_D_I_NR7BEARBO
1776078917,"{'stkname': 'Softtech Engine', 'ltp': '', 'perChg': '', 'stkId': 'SE26', 'displayLock': 'N', 'scanproflg': 1, 'scUrl': 'computers-software/softtechengineers/SE24', 'columns': [{'name': 'change %', 'value': '-0.72'}, {'name': 'LTP', 'value': '312.82'}, {'name': 'Close Price value', 'value': '312.82'}, {'name': 'change absolute', 'value': '-2.27'}]}",OHLC_D_I_NR7BEARBO,NR 7 Breakdown,Seven Bar Pattern,18,Range Breakout,NR7 is a 7-bar narrow range pattern. NR7 bearish breakout pattern scanner shows the list of stocks forming bearish breakout pattern after 7-bar consolidation.,,,False,1,N,,OHLC_D_I_NR7BEARBO
1776078917,"{'stkname': 'Expleo Solution', 'ltp': '', 'perChg': '', 'stkId': 'TGS01', 'displayLock': 'N', 'scanproflg': 1, 'scUrl': 'computers-software/expleosolutions/TGS01', 'columns': [{'name': 'change %', 'value': '-1.95'}, {'name': 'LTP', 'value': '740.85'}, {'name': 'Close Price value', 'value': '740.85'}, {'name': 'change absolute', 'value': '-14.70'}]}",OHLC_D_I_NR7BEARBO,NR 7 Breakdown,Seven Bar Pattern,18,Range Breakout,NR7 is a 7-bar narrow range pattern. NR7 bearish breakout pattern scanner shows the list of stocks forming bearish breakout pattern after 7-bar consolidation.,,,False,1,N,,OHLC_D_I_NR7BEARBO
1776078917,"{'stkname': 'Xchanging Sol', 'ltp': '', 'perChg': '', 'stkId': 'SSC06', 'displayLock': 'N', 'scanproflg': 1, 'scUrl': 'computers-software-mediumsmall/xchangingsolutions/CS20', 'columns': [{'name': 'change %', 'value': '-1.02'}, {'name': 'LTP', 'value': '62.00'}, {'name': 'Close Price value', 'value': '62.00'}, {'name': 'change absolute', 'value': '-0.64'}]}",OHLC_D_I_NR7BEARBO,NR 7 Breakdown,Seven Bar Pattern,18,Range Breakout,NR7 is a 7-bar narrow range pattern. NR7 bearish breakout pattern scanner shows the list of stocks forming bearish breakout pattern after 7-bar consolidation.,,,False,1,N,,OHLC_D_I_NR7BEARBO
1776078917,"{'stkname': 'Dr Lal PathLab', 'ltp': '', 'perChg': '', 'stkId': 'DLP01', 'displayLock': 'N', 'scanproflg': 1, 'scUrl': 'pharmaceuticals/drlalpathlabs/DLP01', 'columns': [{'name': 'change %', 'value': '-1.94'}, {'name': 'LTP', 'value': '1,377.50'}, {'name': 'Close Price value', 'value': '1,377.50'}, {'name': 'change absolute', 'value': '-27.20'}]}",OHLC_D_I_NR7BEARBO,NR 7 Breakdown,Seven Bar Pattern,18,Range Breakout,NR7 is a 7-bar narrow range pattern. NR7 bearish breakout pattern scanner shows the list of stocks forming bearish breakout pattern after 7-bar consolidation.,,,False,1,N,,OHLC_D_I_NR7BEARBO
1776078917,"{'stkname': 'Jupiter Life', 'ltp': '', 'perChg': '', 'stkId': 'JLLHL', 'displayLock': 'N', 'scanproflg': 1, 'scUrl': 'hospitalhealthcare-services/jupiterlifelinehospitals/JLLHL', 'columns': [{'name': 'change %', 'value': '-0.51'}, {'name': 'LTP', 'value': '1,248.00'}, {'name': 'Close Price value', 'value': '1,248.00'}, {'name': 'change absolute', 'value': '-6.40'}]}",OHLC_D_I_NR7BEARBO,NR 7 Breakdown,Seven Bar Pattern,18,Range Breakout,NR7 is a 7-bar narrow range pattern. NR7 bearish breakout pattern scanner shows the list of stocks forming bearish breakout pattern after 7-bar consolidation.,,,False,1,N,,OHLC_D_I_NR7BEARBO
1776078917,"{'stkname': 'Krishna Inst.', 'ltp': '', 'perChg': '', 'stkId': 'KIO01', 'displayLock': 'N', 'scanproflg': 1, 'scUrl': 'hospitalhealthcare-services/krishnainstitutemedicalsciences/KIo01', 'columns': [{'name': 'change %', 'value': '-1.54'}, {'name': 'LTP', 'value': '654.00'}, {'name': 'Close Price value', 'value': '654.00'}, {'name': 'change absolute', 'value': '-10.25'}]}",OHLC_D_I_NR7BEARBO,NR 7 Breakdown,Seven Bar Pattern,18,Range Breakout,NR7 is a 7-bar narrow range pattern. NR7 bearish breakout pattern scanner shows the list of stocks forming bearish breakout pattern after 7-bar consolidation.,,,False,1,N,,OHLC_D_I_NR7BEARBO
1776078917,"{'stkname': 'Route', 'ltp': '', 'perChg': '', 'stkId': 'RML02', 'displayLock': 'N', 'scanproflg': 1, 'scUrl': 'it-servicesconsulting/routemobile/RML02', 'columns': [{'name': 'change %', 'value': '-0.73'}, {'name': 'LTP', 'value': '482.00'}, {'name': 'Close Price value', 'value': '482.00'}, {'name': 'change absolute', 'value': '-3.55'}]}",OHLC_D_I_NR7BEARBO,NR 7 Breakdown,Seven Bar Pattern,18,Range Breakout,NR7 is a 7-bar narrow range pattern. NR7 bearish breakout pattern scanner shows the list of stocks forming bearish breakout pattern after 7-bar consolidation.,,,False,1,N,,OHLC_D_I_NR7BEARBO
1776078917,"{'stkname': 'Taj GVK Hotels', 'ltp': '', 'perChg': '', 'stkId': 'TGV', 'displayLock': 'N', 'scanproflg': 1, 'scUrl': 'hotels/tajgvkhotelsresorts/TGV', 'columns': [{'name': 'change %', 'value': '-1.15'}, {'name': 'LTP', 'value': '332.00'}, {'name': 'Close Price value', 'value': '332.00'}, {'name': 'change absolute', 'value': '-3.85'}]}",OHLC_D_I_NR7BEARBO,NR 7 Breakdown,Seven Bar Pattern,18,Range Breakout,NR7 is a 7-bar narrow range pattern. NR7 bearish breakout pattern scanner shows the list of stocks forming bearish breakout pattern after 7-bar consolidation.,,,False,1,N,,OHLC_D_I_NR7BEARBO
1776078917,"{'stkname': 'CIEINDIA', 'ltp': '', 'perChg': '', 'stkId': 'MAS', 'displayLock': 'N', 'scanproflg': 1, 'scUrl': 'auto-ancillaries-castingsforgings/cieautomotiveindia/MF19', 'columns': [{'name': 'change %', 'value': '-0.15'}, {'name': 'LTP', 'value': '485.00'}, {'name': 'Close Price value', 'value': '485.00'}, {'name': 'change absolute', 'value': '-0.75'}]}",OHLC_D_I_NR7BEARBO,NR 7 Breakdown,Seven Bar Pattern,18,Range Breakout,NR7 is a 7-bar narrow range pattern. NR7 bearish breakout pattern scanner shows the list of stocks forming bearish breakout pattern after 7-bar consolidation.,,,False,1,N,,OHLC_D_I_NR7BEARBO
1776078917,"{'stkname': 'OnMobile Global', 'ltp': '', 'perChg': '', 'stkId': 'OG01', 'displayLock': 'N', 'scanproflg': 1, 'scUrl': 'telecommunications-service/onmobileglobal/OG01', 'columns': [{'name': 'change %', 'value': '-0.31'}, {'name': 'LTP', 'value': '45.75'}, {'name': 'Close Price value', 'value': '45.75'}, {'name': 'change absolute', 'value': '-0.14'}]}",OHLC_D_I_NR7BEARBO,NR 7 Breakdown,Seven Bar Pattern,18,Range Breakout,NR7 is a 7-bar narrow range pattern. NR7 bearish breakout pattern scanner shows the list of stocks forming bearish breakout pattern after 7-bar consolidation.,,,False,1,N,,OHLC_D_I_NR7BEARBO
1776078917,"{'stkname': 'Vakrangee', 'ltp': '', 'perChg': '', 'stkId': 'VI02', 'displayLock': 'N', 'scanproflg': 1, 'scUrl': 'computers-software-mediumsmall/vakrangee/VS', 'columns': [{'name': 'change %', 'value': '-1.23'}, {'name': 'LTP', 'value': '6.42'}, {'name': 'Close Price value', 'value': '6.42'}, {'name': 'change absolute', 'value': '-0.08'}]}",OHLC_D_I_NR7BEARBO,NR 7 Breakdown,Seven Bar Pattern,18,Range Breakout,NR7 is a 7-bar narrow range pattern. NR7 bearish breakout pattern scanner shows the list of stocks forming bearish breakout pattern after 7-bar consolidation.,,,False,1,N,,OHLC_D_I_NR7BEARBO
1776078917,"{'stkname': 'Kellton Tech', 'ltp': '', 'perChg': '', 'stkId': 'VMF', 'displayLock': 'N', 'scanproflg': 1, 'scUrl': 'computers-software-mediumsmall/kelltontechsolutions/VMF', 'columns': [{'name': 'change %', 'value': '-2.21'}, {'name': 'LTP', 'value': '14.60'}, {'name': 'Close Price value', 'value': '14.60'}, {'name': 'change absolute', 'value': '-0.33'}]}",OHLC_D_I_NR7BEARBO,NR 7 Breakdown,Seven Bar Pattern,18,Range Breakout,NR7 is a 7-bar narrow range pattern. NR7 bearish breakout pattern scanner shows the list of stocks forming bearish breakout pattern after 7-bar consolidation.,,,False,1,N,,OHLC_D_I_NR7BEARBO
1776078917,"{'stkname': 'SKM Egg Product', 'ltp': '', 'perChg': '', 'stkId': 'SEP', 'displayLock': 'N', 'scanproflg': 1, 'scUrl': 'food-processing/skmeggproductsexportindia/SKM', 'columns': [{'name': 'change %', 'value': '-0.42'}, {'name': 'LTP', 'value': '173.90'}, {'name': 'Close Price value', 'value': '173.90'}, {'name': 'change absolute', 'value': '-0.74'}]}",OHLC_D_I_NR7BEARBO,NR 7 Breakdown,Seven Bar Pattern,18,Range Breakout,NR7 is a 7-bar narrow range pattern. NR7 bearish breakout pattern scanner shows the list of stocks forming bearish breakout pattern after 7-bar consolidation.,,,False,1,N,,OHLC_D_I_NR7BEARBO
1776078917,"{'stkname': 'Cupid', 'ltp': '', 'perChg': '', 'stkId': 'CR02', 'displayLock': 'N', 'scanproflg': 1, 'scUrl': 'miscellaneous/cupid/CR02', 'columns': [{'name': 'change %', 'value': '-1.26'}, {'name': 'LTP', 'value': '92.55'}, {'name': 'Close Price value', 'value': '92.55'}, {'name': 'change absolute', 'value': '-1.18'}]}",OHLC_D_I_NR7BEARBO,NR 7 Breakdown,Seven Bar Pattern,18,Range Breakout,NR7 is a 7-bar narrow range pattern. NR7 bearish breakout pattern scanner shows the list of stocks forming bearish breakout pattern after 7-bar consolidation.,,,False,1,N,,OHLC_D_I_NR7BEARBO
1776078917,"{'stkname': 'Emkay Global', 'ltp': '', 'perChg': '', 'stkId': 'ESS01', 'displayLock': 'N', 'scanproflg': 1, 'scUrl': 'finance-general/emkayglobalfinancialservices/EGF', 'columns': [{'name': 'change %', 'value': '-0.46'}, {'name': 'LTP', 'value': '216.00'}, {'name': 'Close Price value', 'value': '216.00'}, {'name': 'change absolute', 'value': '-1.00'}]}",OHLC_D_I_NR7BEARBO,NR 7 Breakdown,Seven Bar Pattern,18,Range Breakout,NR7 is a 7-bar narrow range pattern. NR7 bearish breakout pattern scanner shows the list of stocks forming bearish breakout pattern after 7-bar consolidation.,,,False,1,N,,OHLC_D_I_NR7BEARBO
1776078917,"{'stkname': 'Centrum Capital', 'ltp': '', 'perChg': '', 'stkId': 'CF09', 'displayLock': 'N', 'scanproflg': 1, 'scUrl': 'finance-general/centrumcapital/CF09', 'columns': [{'name': 'change %', 'value': '-8.26'}, {'name': 'LTP', 'value': '26.10'}, {'name': 'Close Price value', 'value': '26.10'}, {'name': 'change absolute', 'value': '-2.35'}]}",OHLC_D_I_NR7BEARBO,NR 7 Breakdown,Seven Bar Pattern,18,Range Breakout,NR7 is a 7-bar narrow range pattern. NR7 bearish breakout pattern scanner shows the list of stocks forming bearish breakout pattern after 7-bar consolidation.,,,False,1,N,,OHLC_D_I_NR7BEARBO
1776078917,"{'stkname': 'Delta Corp', 'ltp': '', 'perChg': '', 'stkId': 'AW', 'displayLock': 'N', 'scanproflg': 1, 'scUrl': 'constructioncontracting-real-estate/deltacorp/DC11', 'columns': [{'name': 'change %', 'value': '-0.27'}, {'name': 'LTP', 'value': '58.20'}, {'name': 'Close Price value', 'value': '58.20'}, {'name': 'change absolute', 'value': '-0.16'}]}",OHLC_D_I_NR7BEARBO,NR 7 Breakdown,Seven Bar Pattern,18,Range Breakout,NR7 is a 7-bar narrow range pattern. NR7 bearish breakout pattern scanner shows the list of stocks forming bearish breakout pattern after 7-bar consolidation.,,,False,1,N,,OHLC_D_I_NR7BEARBO
1776078917,"{'stkname': 'Jyothy Labs', 'ltp': '', 'perChg': '', 'stkId': 'JL', 'displayLock': 'N', 'scanproflg': 1, 'scUrl': 'personal-care/jyothylabs/JL', 'columns': [{'name': 'change %', 'value': '-2.78'}, {'name': 'LTP', 'value': '219.00'}, {'name': 'Close Price value', 'value': '219.00'}, {'name': 'change absolute', 'value': '-6.27'}]}",OHLC_D_I_NR7BEARBO,NR 7 Breakdown,Seven Bar Pattern,18,Range Breakout,NR7 is a 7-bar narrow range pattern. NR7 bearish breakout pattern scanner shows the list of stocks forming bearish breakout pattern after 7-bar consolidation.,,,False,1,N,,OHLC_D_I_NR7BEARBO
1776078917,"{'stkname': 'SMC Global Secu', 'ltp': '', 'perChg': '', 'stkId': 'SGS01', 'displayLock': 'N', 'scanproflg': 1, 'scUrl': 'finance-investment/smcglobalsecurities/SGS03', 'columns': [{'name': 'change %', 'value': '-1.86'}, {'name': 'LTP', 'value': '61.69'}, {'name': 'Close Price value', 'value': '61.69'}, {'name': 'change absolute', 'value': '-1.17'}]}",OHLC_D_I_NR7BEARBO,NR 7 Breakdown,Seven Bar Pattern,18,Range Breakout,NR7 is a 7-bar narrow range pattern. NR7 bearish breakout pattern scanner shows the list of stocks forming bearish breakout pattern after 7-bar consolidation.,,,False,1,N,,OHLC_D_I_NR7BEARBO
1776078917,"{'stkname': 'Jindal Photo', 'ltp': '', 'perChg': '', 'stkId': 'JP11', 'displayLock': 'N', 'scanproflg': 1, 'scUrl': 'consumer-goods-electronic/jindalphoto/JP11', 'columns': [{'name': 'change %', 'value': '-2.91'}, {'name': 'LTP', 'value': '1,111.30'}, {'name': 'Close Price value', 'value': '1,111.30'}, {'name': 'change absolute', 'value': '-33.30'}]}",OHLC_D_I_NR7BEARBO,NR 7 Breakdown,Seven Bar Pattern,18,Range Breakout,NR7 is a 7-bar narrow range pattern. NR7 bearish breakout pattern scanner shows the list of stocks forming bearish breakout pattern after 7-bar consolidation.,,,False,1,N,,OHLC_D_I_NR7BEARBO
1776078917,"{'stkname': 'AVT Natural', 'ltp': '', 'perChg': '', 'stkId': 'AVT', 'displayLock': 'N', 'scanproflg': 1, 'scUrl': 'edible-oilssolvent-extraction/avtnaturalproducts/AVT02', 'columns': [{'name': 'change %', 'value': '-0.13'}, {'name': 'LTP', 'value': '62.85'}, {'name': 'Close Price value', 'value': '62.85'}, {'name': 'change absolute', 'value': '-0.08'}]}",OHLC_D_I_NR7BEARBO,NR 7 Breakdown,Seven Bar Pattern,18,Range Breakout,NR7 is a 7-bar narrow range pattern. NR7 bearish breakout pattern scanner shows the list of stocks forming bearish breakout pattern after 7-bar consolidation.,,,False,1,N,,OHLC_D_I_NR7BEARBO
1776078917,"{'stkname': 'Carysil', 'ltp': '', 'perChg': '', 'stkId': 'AI04', 'displayLock': 'N', 'scanproflg': 1, 'scUrl': 'plastics-moulded-articlesfurnitures/carysil/AI04', 'columns': [{'name': 'change %', 'value': '-0.11'}, {'name': 'LTP', 'value': '842.50'}, {'name': 'Close Price value', 'value': '842.50'}, {'name': 'change absolute', 'value': '-0.90'}]}",OHLC_D_I_NR7BEARBO,NR 7 Breakdown,Seven Bar Pattern,18,Range Breakout,NR7 is a 7-bar narrow range pattern. NR7 bearish breakout pattern scanner shows the list of stocks forming bearish breakout pattern after 7-bar consolidation.,,,False,1,N,,OHLC_D_I_NR7BEARBO
1776078917,"{'stkname': 'Gulshan Poly', 'ltp': '', 'perChg': '', 'stkId': 'GP9', 'displayLock': 'N', 'scanproflg': 1, 'scUrl': 'chemicals/gulshanpolyols/GP9', 'columns': [{'name': 'change %', 'value': '-0.66'}, {'name': 'LTP', 'value': '170.30'}, {'name': 'Close Price value', 'value': '170.30'}, {'name': 'change absolute', 'value': '-1.13'}]}",OHLC_D_I_NR7BEARBO,NR 7 Breakdown,Seven Bar Pattern,18,Range Breakout,NR7 is a 7-bar narrow range pattern. NR7 bearish breakout pattern scanner shows the list of stocks forming bearish breakout pattern after 7-bar consolidation.,,,False,1,N,,OHLC_D_I_NR7BEARBO
1776078917,"{'stkname': 'Gillette India', 'ltp': '', 'perChg': '', 'stkId': 'ISP', 'displayLock': 'N', 'scanproflg': 1, 'scUrl': 'personal-care/gilletteindia/GI22', 'columns': [{'name': 'change %', 'value': '-0.32'}, {'name': 'LTP', 'value': '7,679.50'}, {'name': 'Close Price value', 'value': '7,679.50'}, {'name': 'change absolute', 'value': '-24.50'}]}",OHLC_D_I_NR7BEARBO,NR 7 Breakdown,Seven Bar Pattern,18,Range Breakout,NR7 is a 7-bar narrow range pattern. NR7 bearish breakout pattern scanner shows the list of stocks forming bearish breakout pattern after 7-bar consolidation.,,,False,1,N,,OHLC_D_I_NR7BEARBO
1776078917,"{'stkname': 'Patanjali Foods', 'ltp': '', 'perChg': '', 'stkId': 'RSI', 'displayLock': 'N', 'scanproflg': 1, 'scUrl': 'vegetable-oilsproducts/patanjalifoods/RSI', 'columns': [{'name': 'change %', 'value': '-1.39'}, {'name': 'LTP', 'value': '460.85'}, {'name': 'Close Price value', 'value': '460.85'}, {'name': 'change absolute', 'value': '-6.50'}]}",OHLC_D_I_NR7BEARBO,NR 7 Breakdown,Seven Bar Pattern,18,Range Breakout,NR7 is a 7-bar narrow range pattern. NR7 bearish breakout pattern scanner shows the list of stocks forming bearish breakout pattern after 7-bar consolidation.,,,False,1,N,,OHLC_D_I_NR7BEARBO
1776078917,"{'stkname': 'Jindal Poly Inv', 'ltp': '', 'perChg': '', 'stkId': 'JPI02', 'displayLock': 'N', 'scanproflg': 1, 'scUrl': 'finance-general/jindalpolyinvestmentfinancecompany/JPI02', 'columns': [{'name': 'change %', 'value': '-1.39'}, {'name': 'LTP', 'value': '1,100.60'}, {'name': 'Close Price value', 'value': '1,100.60'}, {'name': 'change absolute', 'value': '-15.50'}]}",OHLC_D_I_NR7BEARBO,NR 7 Breakdown,Seven Bar Pattern,18,Range Breakout,NR7 is a 7-bar narrow range pattern. NR7 bearish breakout pattern scanner shows the list of stocks forming bearish breakout pattern after 7-bar consolidation.,,,False,1,N,,OHLC_D_I_NR7BEARBO
1776078917,"{'stkname': 'Oswal ChemandFe', 'ltp': '', 'perChg': '', 'stkId': 'OCF', 'displayLock': 'N', 'scanproflg': 1, 'scUrl': 'fertilisers/oswalchemicalsfertilisers/OCF', 'columns': [{'name': 'change %', 'value': '-2.20'}, {'name': 'LTP', 'value': '27.15'}, {'name': 'Close Price value', 'value': '27.15'}, {'name': 'change absolute', 'value': '-0.61'}]}",OHLC_D_I_NR7BEARBO,NR 7 Breakdown,Seven Bar Pattern,18,Range Breakout,NR7 is a 7-bar narrow range pattern. NR7 bearish breakout pattern scanner shows the list of stocks forming bearish breakout pattern after 7-bar consolidation.,,,False,1,N,,OHLC_D_I_NR7BEARBO
1776078917,"{'stkname': 'Sarveshwar Food', 'ltp': '', 'perChg': '', 'stkId': 'SF31', 'displayLock': 'N', 'scanproflg': 1, 'scUrl': 'food-processing/sarveshwarfoods/SF29', 'columns': [{'name': 'change %', 'value': '-1.27'}, {'name': 'LTP', 'value': '3.88'}, {'name': 'Close Price value', 'value': '3.88'}, {'name': 'change absolute', 'value': '-0.05'}]}",OHLC_D_I_NR7BEARBO,NR 7 Breakdown,Seven Bar Pattern,18,Range Breakout,NR7 is a 7-bar narrow range pattern. NR7 bearish breakout pattern scanner shows the list of stocks forming bearish breakout pattern after 7-bar consolidation.,,,False,1,N,,OHLC_D_I_NR7BEARBO
1776078917,"{'stkname': 'Nalwa Sons', 'ltp': '', 'perChg': '', 'stkId': 'JS02', 'displayLock': 'N', 'scanproflg': 1, 'scUrl': 'finance-general/nalwasonsinvestment/NSI02', 'columns': [{'name': 'change %', 'value': '-0.61'}, {'name': 'LTP', 'value': '5,580.00'}, {'name': 'Close Price value', 'value': '5,580.00'}, {'name': 'change absolute', 'value': '-34.40'}]}",OHLC_D_I_NR7BEARBO,NR 7 Breakdown,Seven Bar Pattern,18,Range Breakout,NR7 is a 7-bar narrow range pattern. NR7 bearish breakout pattern scanner shows the list of stocks forming bearish breakout pattern after 7-bar consolidation.,,,False,1,N,,OHLC_D_I_NR7BEARBO
1776078917,"{'stkname': '5paisa Capita', 'ltp': '', 'perChg': '', 'stkId': 'C96', 'displayLock': 'N', 'scanproflg': 1, 'scUrl': 'miscellaneous/5paisacapital/C98', 'columns': [{'name': 'change %', 'value': '-1.35'}, {'name': 'LTP', 'value': '300.99'}, {'name': 'Close Price value', 'value': '300.99'}, {'name': 'change absolute', 'value': '-4.12'}]}",OHLC_D_I_NR7BEARBO,NR 7 Breakdown,Seven Bar Pattern,18,Range Breakout,NR7 is a 7-bar narrow range pattern. NR7 bearish breakout pattern scanner shows the list of stocks forming bearish breakout pattern after 7-bar consolidation.,,,False,1,N,,OHLC_D_I_NR7BEARBO
1776078917,"{'stkname': 'BCL Industries', 'ltp': '', 'perChg': '', 'stkId': 'BC06', 'displayLock': 'N', 'scanproflg': 1, 'scUrl': 'breweriesdistilleries/bclindustries/BC06', 'columns': [{'name': 'change %', 'value': '-0.06'}, {'name': 'LTP', 'value': '32.38'}, {'name': 'Close Price value', 'value': '32.38'}, {'name': 'change absolute', 'value': '-0.02'}]}",OHLC_D_I_NR7BEARBO,NR 7 Breakdown,Seven Bar Pattern,18,Range Breakout,NR7 is a 7-bar narrow range pattern. NR7 bearish breakout pattern scanner shows the list of stocks forming bearish breakout pattern after 7-bar consolidation.,,,False,1,N,,OHLC_D_I_NR7BEARBO
1776078917,"{'stkname': 'Bikaji Foods', 'ltp': '', 'perChg': '', 'stkId': 'BFI01', 'displayLock': 'N', 'scanproflg': 1, 'scUrl': 'consumer-food/bikajifoodsinternational/BFI01', 'columns': [{'name': 'change %', 'value': '-0.41'}, {'name': 'LTP', 'value': '638.00'}, {'name': 'Close Price value', 'value': '638.00'}, {'name': 'change absolute', 'value': '-2.60'}]}",OHLC_D_I_NR7BEARBO,NR 7 Breakdown,Seven Bar Pattern,18,Range Breakout,NR7 is a 7-bar narrow range pattern. NR7 bearish breakout pattern scanner shows the list of stocks forming bearish breakout pattern after 7-bar consolidation.,,,False,1,N,,OHLC_D_I_NR7BEARBO
1776078917,"{'stkname': 'Jio Financial', 'ltp': '', 'perChg': '', 'stkId': 'JFS', 'displayLock': 'N', 'scanproflg': 1, 'scUrl': 'finance-others/jiofinancialservices/JFS', 'columns': [{'name': 'change %', 'value': '-2.25'}, {'name': 'LTP', 'value': '237.73'}, {'name': 'Close Price value', 'value': '237.73'}, {'name': 'change absolute', 'value': '-5.47'}]}",OHLC_D_I_NR7BEARBO,NR 7 Breakdown,Seven Bar Pattern,18,Range Breakout,NR7 is a 7-bar narrow range pattern. NR7 bearish breakout pattern scanner shows the list of stocks forming bearish breakout pattern after 7-bar consolidation.,,,False,1,N,,OHLC_D_I_NR7BEARBO
1776078917,"{'stkname': 'Wealth First Po', 'ltp': '', 'perChg': '', 'stkId': 'WFP', 'displayLock': 'N', 'scanproflg': 1, 'scUrl': 'finance-investments/wealthfirstportfoliomanagers/WFP', 'columns': [{'name': 'change %', 'value': '-0.91'}, {'name': 'LTP', 'value': '930.55'}, {'name': 'Close Price value', 'value': '930.55'}, {'name': 'change absolute', 'value': '-8.55'}]}",OHLC_D_I_NR7BEARBO,NR 7 Breakdown,Seven Bar Pattern,18,Range Breakout,NR7 is a 7-bar narrow range pattern. NR7 bearish breakout pattern scanner shows the list of stocks forming bearish breakout pattern after 7-bar consolidation.,,,False,1,N,,OHLC_D_I_NR7BEARBO
1776078917,"{'stkname': 'Dolat Algotech', 'ltp': '', 'perChg': '', 'stkId': 'DI11', 'displayLock': 'N', 'scanproflg': 1, 'scUrl': 'finance-stock-broking/dolatalgotech/DI11', 'columns': [{'name': 'change %', 'value': '-1.14'}, {'name': 'LTP', 'value': '79.00'}, {'name': 'Close Price value', 'value': '79.00'}, {'name': 'change absolute', 'value': '-0.91'}]}",OHLC_D_I_NR7BEARBO,NR 7 Breakdown,Seven Bar Pattern,18,Range Breakout,NR7 is a 7-bar narrow range pattern. NR7 bearish breakout pattern scanner shows the list of stocks forming bearish breakout pattern after 7-bar consolidation.,,,False,1,N,,OHLC_D_I_NR7BEARBO
1776078917,"{'stkname': 'Chola Fin Hold', 'ltp': '', 'perChg': '', 'stkId': 'TII', 'displayLock': 'N', 'scanproflg': 1, 'scUrl': 'miscellaneous/cholamandalamfinancialholdings/TII', 'columns': [{'name': 'change %', 'value': '-1.37'}, {'name': 'LTP', 'value': '1,575.00'}, {'name': 'Close Price value', 'value': '1,575.00'}, {'name': 'change absolute', 'value': '-21.80'}]}",OHLC_D_I_NR7BEARBO,NR 7 Breakdown,Seven Bar Pattern,18,Range Breakout,NR7 is a 7-bar narrow range pattern. NR7 bearish breakout pattern scanner shows the list of stocks forming bearish breakout pattern after 7-bar consolidation.,,,False,1,N,,OHLC_D_I_NR7BEARBO
1776078917,"{'stkname': 'Liberty Shoes', 'ltp': '', 'perChg': '', 'stkId': 'LS02', 'displayLock': 'N', 'scanproflg': 1, 'scUrl': 'leather-products/libertyshoes/LS02', 'columns': [{'name': 'change %', 'value': '-1.43'}, {'name': 'LTP', 'value': '258.00'}, {'name': 'Close Price value', 'value': '258.00'}, {'name': 'change absolute', 'value': '-3.75'}]}",OHLC_D_I_NR7BEARBO,NR 7 Breakdown,Seven Bar Pattern,18,Range Breakout,NR7 is a 7-bar narrow range pattern. NR7 bearish breakout pattern scanner shows the list of stocks forming bearish breakout pattern after 7-bar consolidation.,,,False,1,N,,OHLC_D_I_NR7BEARBO
1776078917,"{'stkname': 'Rashtriya Chem', 'ltp': '', 'perChg': '', 'stkId': 'RCF01', 'displayLock': 'N', 'scanproflg': 1, 'scUrl': 'fertilisers/rashtriyachemicalsfertilisers/RCF01', 'columns': [{'name': 'change %', 'value': '-1.33'}, {'name': 'LTP', 'value': '126.50'}, {'name': 'Close Price value', 'value': '126.50'}, {'name': 'change absolute', 'value': '-1.70'}]}",OHLC_D_I_NR7BEARBO,NR 7 Breakdown,Seven Bar Pattern,18,Range Breakout,NR7 is a 7-bar narrow range pattern. NR7 bearish breakout pattern scanner shows the list of stocks forming bearish breakout pattern after 7-bar consolidation.,,,False,1,N,,OHLC_D_I_NR7BEARBO
1776078917,"{'stkname': 'IFCI', 'ltp': '', 'perChg': '', 'stkId': 'IFC', 'displayLock': 'N', 'scanproflg': 1, 'scUrl': 'finance-term-lending-institutions/ifci/IFC02', 'columns': [{'name': 'change %', 'value': '-0.94'}, {'name': 'LTP', 'value': '56.71'}, {'name': 'Close Price value', 'value': '56.71'}, {'name': 'change absolute', 'value': '-0.54'}]}",OHLC_D_I_NR7BEARBO,NR 7 Breakdown,Seven Bar Pattern,18,Range Breakout,NR7 is a 7-bar narrow range pattern. NR7 bearish breakout pattern scanner shows the list of stocks forming bearish breakout pattern after 7-bar consolidation.,,,False,1,N,,OHLC_D_I_NR7BEARBO
1776078917,"{'stkname': 'Rel Ind Infra', 'ltp': '', 'perChg': '', 'stkId': 'RII', 'displayLock': 'N', 'scanproflg': 1, 'scUrl': 'infrastructure-general/relianceindustrialinfrastructure/RII', 'columns': [{'name': 'change %', 'value': '-0.29'}, {'name': 'LTP', 'value': '724.00'}, {'name': 'Close Price value', 'value': '724.00'}, {'name': 'change absolute', 'value': '-2.10'}]}",OHLC_D_I_NR7BEARBO,NR 7 Breakdown,Seven Bar Pattern,18,Range Breakout,NR7 is a 7-bar narrow range pattern. NR7 bearish breakout pattern scanner shows the list of stocks forming bearish breakout pattern after 7-bar consolidation.,,,False,1,N,,OHLC_D_I_NR7BEARBO
1776078917,"{'stkname': 'RKEC Projects', 'ltp': '', 'perChg': '', 'stkId': 'RP22', 'displayLock': 'N', 'scanproflg': 1, 'scUrl': 'construction-infrastructure/rkecprojects/RP26', 'columns': [{'name': 'change %', 'value': '-1.38'}, {'name': 'LTP', 'value': '37.81'}, {'name': 'Close Price value', 'value': '37.81'}, {'name': 'change absolute', 'value': '-0.53'}]}",OHLC_D_I_NR7BEARBO,NR 7 Breakdown,Seven Bar Pattern,18,Range Breakout,NR7 is a 7-bar narrow range pattern. NR7 bearish breakout pattern scanner shows the list of stocks forming bearish breakout pattern after 7-bar consolidation.,,,False,1,N,,OHLC_D_I_NR7BEARBO
1776078917,"{'stkname': 'Rallis India', 'ltp': '', 'perChg': '', 'stkId': 'RI03', 'displayLock': 'N', 'scanproflg': 1, 'scUrl': 'pesticidesagro-chemicals/rallisindia/RI03', 'columns': [{'name': 'change %', 'value': '-0.46'}, {'name': 'LTP', 'value': '257.00'}, {'name': 'Close Price value', 'value': '257.00'}, {'name': 'change absolute', 'value': '-1.20'}]}",OHLC_D_I_NR7BEARBO,NR 7 Breakdown,Seven Bar Pattern,18,Range Breakout,NR7 is a 7-bar narrow range pattern. NR7 bearish breakout pattern scanner shows the list of stocks forming bearish breakout pattern after 7-bar consolidation.,,,False,1,N,,OHLC_D_I_NR7BEARBO
1776078917,"{'stkname': 'Alankit', 'ltp': '', 'perChg': '', 'stkId': 'EGJ', 'displayLock': 'N', 'scanproflg': 1, 'scUrl': 'miscellaneous/alankit/EGJ', 'columns': [{'name': 'change %', 'value': '-1.44'}, {'name': 'LTP', 'value': '8.87'}, {'name': 'Close Price value', 'value': '8.87'}, {'name': 'change absolute', 'value': '-0.13'}]}",OHLC_D_I_NR7BEARBO,NR 7 Breakdown,Seven Bar Pattern,18,Range Breakout,NR7 is a 7-bar narrow range pattern. NR7 bearish breakout pattern scanner shows the list of stocks forming bearish breakout pattern after 7-bar consolidation.,,,False,1,N,,OHLC_D_I_NR7BEARBO
1776078917,"{'stkname': 'Dhanuka Agritec', 'ltp': '', 'perChg': '', 'stkId': 'DP04', 'displayLock': 'N', 'scanproflg': 1, 'scUrl': 'pesticidesagro-chemicals/dhanukaagritech/DA01', 'columns': [{'name': 'change %', 'value': '-1.77'}, {'name': 'LTP', 'value': '1,007.00'}, {'name': 'Close Price value', 'value': '1,007.00'}, {'name': 'change absolute', 'value': '-18.10'}]}",OHLC_D_I_NR7BEARBO,NR 7 Breakdown,Seven Bar Pattern,18,Range Breakout,NR7 is a 7-bar narrow range pattern. NR7 bearish breakout pattern scanner shows the list of stocks forming bearish breakout pattern after 7-bar consolidation.,,,False,1,N,,OHLC_D_I_NR7BEARBO
1776078917,"{'stkname': 'Bhagiradh Chem', 'ltp': '', 'perChg': '', 'stkId': 'BCI01', 'displayLock': 'N', 'scanproflg': 1, 'scUrl': 'pesticidesagro-chemicals/bhagiradhchemicalsindustries/BCI01', 'columns': [{'name': 'change %', 'value': '-4.43'}, {'name': 'LTP', 'value': '212.50'}, {'name': 'Close Price value', 'value': '212.50'}, {'name': 'change absolute', 'value': '-9.86'}]}",OHLC_D_I_NR7BEARBO,NR 7 Breakdown,Seven Bar Pattern,18,Range Breakout,NR7 is a 7-bar narrow range pattern. NR7 bearish breakout pattern scanner shows the list of stocks forming bearish breakout pattern after 7-bar consolidation.,,,False,1,N,,OHLC_D_I_NR7BEARBO
1776078917,"{'stkname': 'Prataap Snacks ', 'ltp': '', 'perChg': '', 'stkId': 'PS20', 'displayLock': 'N', 'scanproflg': 1, 'scUrl': 'food-processing/prataapsnacks/PS20', 'columns': [{'name': 'change %', 'value': '-3.78'}, {'name': 'LTP', 'value': '956.80'}, {'name': 'Close Price value', 'value': '956.80'}, {'name': 'change absolute', 'value': '-37.60'}]}",OHLC_D_I_NR7BEARBO,NR 7 Breakdown,Seven Bar Pattern,18,Range Breakout,NR7 is a 7-bar narrow range pattern. NR7 bearish breakout pattern scanner shows the list of stocks forming bearish breakout pattern after 7-bar consolidation.,,,False,1,N,,OHLC_D_I_NR7BEARBO
1776078917,"{'stkname': 'Edelweiss', 'ltp': '', 'perChg': '', 'stkId': 'EC06', 'displayLock': 'N', 'scanproflg': 1, 'scUrl': 'finance-general/edelweissfinancialservices/EC01', 'columns': [{'name': 'change %', 'value': '-0.75'}, {'name': 'LTP', 'value': '115.70'}, {'name': 'Close Price value', 'value': '115.70'}, {'name': 'change absolute', 'value': '-0.87'}]}",OHLC_D_I_NR7BEARBO,NR 7 Breakdown,Seven Bar Pattern,18,Range Breakout,NR7 is a 7-bar narrow range pattern. NR7 bearish breakout pattern scanner shows the list of stocks forming bearish breakout pattern after 7-bar consolidation.,,,False,1,N,,OHLC_D_I_NR7BEARBO
1776078917,"{'stkname': 'Sterling Tools', 'ltp': '', 'perChg': '', 'stkId': 'ST', 'displayLock': 'N', 'scanproflg': 1, 'scUrl': 'fasteners/sterlingtools/ST', 'columns': [{'name': 'change %', 'value': '-4.16'}, {'name': 'LTP', 'value': '227.50'}, {'name': 'Close Price value', 'value': '227.50'}, {'name': 'change absolute', 'value': '-9.88'}]}",OHLC_D_I_NR7BEARBO,NR 7 Breakdown,Seven Bar Pattern,18,Range Breakout,NR7 is a 7-bar narrow range pattern. NR7 bearish breakout pattern scanner shows the list of stocks forming bearish breakout pattern after 7-bar consolidation.,,,False,1,N,,OHLC_D_I_NR7BEARBO
1776078917,"{'stkname': 'Madras Fert', 'ltp': '', 'perChg': '', 'stkId': 'MF15', 'displayLock': 'N', 'scanproflg': 1, 'scUrl': 'fertilisers/madrasfertilizers/MF15', 'columns': [{'name': 'change %', 'value': '-0.46'}, {'name': 'LTP', 'value': '66.45'}, {'name': 'Close Price value', 'value': '66.45'}, {'name': 'change absolute', 'value': '-0.31'}]}",OHLC_D_I_NR7BEARBO,NR 7 Breakdown,Seven Bar Pattern,18,Range Breakout,NR7 is a 7-bar narrow range pattern. NR7 bearish breakout pattern scanner shows the list of stocks forming bearish breakout pattern after 7-bar consolidation.,,,False,1,N,,OHLC_D_I_NR7BEARBO
1776078917,"{'stkname': 'Muthoot Cap', 'ltp': '', 'perChg': '', 'stkId': 'MCS02', 'displayLock': 'N', 'scanproflg': 1, 'scUrl': 'finance-investments/muthootcapitalservices/MCS02', 'columns': [{'name': 'change %', 'value': '-3.53'}, {'name': 'LTP', 'value': '194.50'}, {'name': 'Close Price value', 'value': '194.50'}, {'name': 'change absolute', 'value': '-7.12'}]}",OHLC_D_I_NR7BEARBO,NR 7 Breakdown,Seven Bar Pattern,18,Range Breakout,NR7 is a 7-bar narrow range pattern. NR7 bearish breakout pattern scanner shows the list of stocks forming bearish breakout pattern after 7-bar consolidation.,,,False,1,N,,OHLC_D_I_NR7BEARBO
1776078917,"{'stkname': 'Sundaram Fin', 'ltp': '', 'perChg': '', 'stkId': 'SF20', 'displayLock': 'N', 'scanproflg': 1, 'scUrl': 'finance-leasinghire-purchase/sundaramfinance/SF20', 'columns': [{'name': 'change %', 'value': '-2.46'}, {'name': 'LTP', 'value': '4,811.00'}, {'name': 'Close Price value', 'value': '4,811.00'}, {'name': 'change absolute', 'value': '-121.50'}]}",OHLC_D_I_NR7BEARBO,NR 7 Breakdown,Seven Bar Pattern,18,Range Breakout,NR7 is a 7-bar narrow range pattern. NR7 bearish breakout pattern scanner shows the list of stocks forming bearish breakout pattern after 7-bar consolidation.,,,False,1,N,,OHLC_D_I_NR7BEARBO
1776078917,"{'stkname': 'NFL', 'ltp': '', 'perChg': '', 'stkId': 'NF06', 'displayLock': 'N', 'scanproflg': 1, 'scUrl': 'fertilisers/nationalfertilizers/NF06', 'columns': [{'name': 'change %', 'value': '-1.30'}, {'name': 'LTP', 'value': '74.50'}, {'name': 'Close Price value', 'value': '74.50'}, {'name': 'change absolute', 'value': '-0.98'}]}",OHLC_D_I_NR7BEARBO,NR 7 Breakdown,Seven Bar Pattern,18,Range Breakout,NR7 is a 7-bar narrow range pattern. NR7 bearish breakout pattern scanner shows the list of stocks forming bearish breakout pattern after 7-bar consolidation.,,,False,1,N,,OHLC_D_I_NR7BEARBO
1776078917,"{'stkname': 'KNR Construct', 'ltp': '', 'perChg': '', 'stkId': 'KC13', 'displayLock': 'N', 'scanproflg': 1, 'scUrl': 'constructioncontracting-civil/knrconstructions/KC13', 'columns': [{'name': 'change %', 'value': '-0.07'}, {'name': 'LTP', 'value': '118.58'}, {'name': 'Close Price value', 'value': '118.58'}, {'name': 'change absolute', 'value': '-0.08'}]}",OHLC_D_I_NR7BEARBO,NR 7 Breakdown,Seven Bar Pattern,18,Range Breakout,NR7 is a 7-bar narrow range pattern. NR7 bearish breakout pattern scanner shows the list of stocks forming bearish breakout pattern after 7-bar consolidation.,,,False,1,N,,OHLC_D_I_NR7BEARBO
1776078917,"{'stkname': 'MM Financial', 'ltp': '', 'perChg': '', 'stkId': 'MMF04', 'displayLock': 'N', 'scanproflg': 1, 'scUrl': 'finance-nbfc/mahindramahindrafinancialservices/MMF04', 'columns': [{'name': 'change %', 'value': '-1.72'}, {'name': 'LTP', 'value': '296.90'}, {'name': 'Close Price value', 'value': '296.90'}, {'name': 'change absolute', 'value': '-5.20'}]}",OHLC_D_I_NR7BEARBO,NR 7 Breakdown,Seven Bar Pattern,18,Range Breakout,NR7 is a 7-bar narrow range pattern. NR7 bearish breakout pattern scanner shows the list of stocks forming bearish breakout pattern after 7-bar consolidation.,,,False,1,N,,OHLC_D_I_NR7BEARBO
1776078917,"{'stkname': 'Zaggle Prepaid', 'ltp': '', 'perChg': '', 'stkId': 'ZPO', 'displayLock': 'N', 'scanproflg': 1, 'scUrl': 'it-servicesconsulting/zaggleprepaidoceanservices/ZPO', 'columns': [{'name': 'change %', 'value': '-0.23'}, {'name': 'LTP', 'value': '250.89'}, {'name': 'Close Price value', 'value': '250.89'}, {'name': 'change absolute', 'value': '-0.58'}]}",OHLC_D_I_NR7BEARBO,NR 7 Breakdown,Seven Bar Pattern,18,Range Breakout,NR7 is a 7-bar narrow range pattern. NR7 bearish breakout pattern scanner shows the list of stocks forming bearish breakout pattern after 7-bar consolidation.,,,False,1,N,,OHLC_D_I_NR7BEARBO
1776078917,"{'stkname': 'GPT Infra', 'ltp': '', 'perChg': '', 'stkId': 'GPT01', 'displayLock': 'N', 'scanproflg': 1, 'scUrl': 'constructioncontracting-civil/gptinfraprojects/GPT01', 'columns': [{'name': 'change %', 'value': '-0.15'}, {'name': 'LTP', 'value': '111.11'}, {'name': 'Close Price value', 'value': '111.11'}, {'name': 'change absolute', 'value': '-0.17'}]}",OHLC_D_I_NR7BEARBO,NR 7 Breakdown,Seven Bar Pattern,18,Range Breakout,NR7 is a 7-bar narrow range pattern. NR7 bearish breakout pattern scanner shows the list of stocks forming bearish breakout pattern after 7-bar consolidation.,,,False,1,N,,OHLC_D_I_NR7BEARBO
1776078917,"{'stkname': 'Repco Home', 'ltp': '', 'perChg': '', 'stkId': 'RHF01', 'displayLock': 'N', 'scanproflg': 1, 'scUrl': 'finance-housing/repcohomefinance/RHF', 'columns': [{'name': 'change %', 'value': '-1.05'}, {'name': 'LTP', 'value': '378.45'}, {'name': 'Close Price value', 'value': '378.45'}, {'name': 'change absolute', 'value': '-4.00'}]}",OHLC_D_I_NR7BEARBO,NR 7 Breakdown,Seven Bar Pattern,18,Range Breakout,NR7 is a 7-bar narrow range pattern. NR7 bearish breakout pattern scanner shows the list of stocks forming bearish breakout pattern after 7-bar consolidation.,,,False,1,N,,OHLC_D_I_NR7BEARBO
1776078917,"{'stkname': 'Chambal Fert', 'ltp': '', 'perChg': '', 'stkId': 'CFC', 'displayLock': 'N', 'scanproflg': 1, 'scUrl': 'fertilisers/chambalfertiliserschemicals/CFC', 'columns': [{'name': 'change %', 'value': '-0.01'}, {'name': 'LTP', 'value': '456.65'}, {'name': 'Close Price value', 'value': '456.65'}, {'name': 'change absolute', 'value': '-0.05'}]}",OHLC_D_I_NR7BEARBO,NR 7 Breakdown,Seven Bar Pattern,18,Range Breakout,NR7 is a 7-bar narrow range pattern. NR7 bearish breakout pattern scanner shows the list of stocks forming bearish breakout pattern after 7-bar consolidation.,,,False,1,N,,OHLC_D_I_NR7BEARBO
1776078917,"{'stkname': 'Shakti Pumps', 'ltp': '', 'perChg': '', 'stkId': 'SPI08', 'displayLock': 'N', 'scanproflg': 1, 'scUrl': 'pumps/shaktipumpsindia/SPI08', 'columns': [{'name': 'change %', 'value': '-1.42'}, {'name': 'LTP', 'value': '503.00'}, {'name': 'Close Price value', 'value': '503.00'}, {'name': 'change absolute', 'value': '-7.25'}]}",OHLC_D_I_NR7BEARBO,NR 7 Breakdown,Seven Bar Pattern,18,Range Breakout,NR7 is a 7-bar narrow range pattern. NR7 bearish breakout pattern scanner shows the list of stocks forming bearish breakout pattern after 7-bar consolidation.,,,False,1,N,,OHLC_D_I_NR7BEARBO
1776078917,"{'stkname': 'BASF', 'ltp': '', 'perChg': '', 'stkId': 'BAS', 'displayLock': 'N', 'scanproflg': 1, 'scUrl': 'chemicals/basfindia/BAS', 'columns': [{'name': 'change %', 'value': '-0.44'}, {'name': 'LTP', 'value': '3,594.80'}, {'name': 'Close Price value', 'value': '3,594.80'}, {'name': 'change absolute', 'value': '-15.80'}]}",OHLC_D_I_NR7BEARBO,NR 7 Breakdown,Seven Bar Pattern,18,Range Breakout,NR7 is a 7-bar narrow range pattern. NR7 bearish breakout pattern scanner shows the list of stocks forming bearish breakout pattern after 7-bar consolidation.,,,False,1,N,,OHLC_D_I_NR7BEARBO
1776078917,"{'stkname': 'Bharat Road Net', 'ltp': '', 'perChg': '', 'stkId': 'BRN', 'displayLock': 'N', 'scanproflg': 1, 'scUrl': 'infrastructure-general/bharatroadnetwork/BRN', 'columns': [{'name': 'change %', 'value': '-2.53'}, {'name': 'LTP', 'value': '20.00'}, {'name': 'Close Price value', 'value': '20.00'}, {'name': 'change absolute', 'value': '-0.52'}]}",OHLC_D_I_NR7BEARBO,NR 7 Breakdown,Seven Bar Pattern,18,Range Breakout,NR7 is a 7-bar narrow range pattern. NR7 bearish breakout pattern scanner shows the list of stocks forming bearish breakout pattern after 7-bar consolidation.,,,False,1,N,,OHLC_D_I_NR7BEARBO
1776078917,"{'stkname': 'Fert and Chem', 'ltp': '', 'perChg': '', 'stkId': 'FCT', 'displayLock': 'N', 'scanproflg': 1, 'scUrl': 'fertilisers/fertiliserschemicalstravancore/FCT', 'columns': [{'name': 'change %', 'value': '-0.47'}, {'name': 'LTP', 'value': '853.55'}, {'name': 'Close Price value', 'value': '853.55'}, {'name': 'change absolute', 'value': '-4.05'}]}",OHLC_D_I_NR7BEARBO,NR 7 Breakdown,Seven Bar Pattern,18,Range Breakout,NR7 is a 7-bar narrow range pattern. NR7 bearish breakout pattern scanner shows the list of stocks forming bearish breakout pattern after 7-bar consolidation.,,,False,1,N,,OHLC_D_I_NR7BEARBO
1776078917,"{'stkname': 'Roto Pumps', 'ltp': '', 'perChg': '', 'stkId': 'RP17', 'displayLock': 'N', 'scanproflg': 1, 'scUrl': 'pumps/rotopumps/RP17', 'columns': [{'name': 'change %', 'value': '-0.35'}, {'name': 'LTP', 'value': '56.75'}, {'name': 'Close Price value', 'value': '56.75'}, {'name': 'change absolute', 'value': '-0.20'}]}",OHLC_D_I_NR7BEARBO,NR 7 Breakdown,Seven Bar Pattern,18,Range Breakout,NR7 is a 7-bar narrow range pattern. NR7 bearish breakout pattern scanner shows the list of stocks forming bearish breakout pattern after 7-bar consolidation.,,,False,1,N,,OHLC_D_I_NR7BEARBO
1776078917,"{'stkname': 'Zuari Agro Chem', 'ltp': '', 'perChg': '', 'stkId': 'ZAC', 'displayLock': 'N', 'scanproflg': 1, 'scUrl': 'fertilisers/zuariagrochemicals/ZAC', 'columns': [{'name': 'change %', 'value': '-0.58'}, {'name': 'LTP', 'value': '218.80'}, {'name': 'Close Price value', 'value': '218.80'}, {'name': 'change absolute', 'value': '-1.28'}]}",OHLC_D_I_NR7BEARBO,NR 7 Breakdown,Seven Bar Pattern,18,Range Breakout,NR7 is a 7-bar narrow range pattern. NR7 bearish breakout pattern scanner shows the list of stocks forming bearish breakout pattern after 7-bar consolidation.,,,False,1,N,,OHLC_D_I_NR7BEARBO
1776078917,"{'stkname': 'G R Infra', 'ltp': '', 'perChg': '', 'stkId': 'I13', 'displayLock': 'N', 'scanproflg': 1, 'scUrl': 'construction-infrastructure/grinfraprojects/I09', 'columns': [{'name': 'change %', 'value': '-0.02'}, {'name': 'LTP', 'value': '841.90'}, {'name': 'Close Price value', 'value': '841.90'}, {'name': 'change absolute', 'value': '-0.15'}]}",OHLC_D_I_NR7BEARBO,NR 7 Breakdown,Seven Bar Pattern,18,Range Breakout,NR7 is a 7-bar narrow range pattern. NR7 bearish breakout pattern scanner shows the list of stocks forming bearish breakout pattern after 7-bar consolidation.,,,False,1,N,,OHLC_D_I_NR7BEARBO
1776078917,"{'stkname': 'Larsen', 'ltp': '', 'perChg': '', 'stkId': 'LT', 'displayLock': 'N', 'scanproflg': 1, 'scUrl': 'infrastructure-general/larsentoubro/LT', 'columns': [{'name': 'change %', 'value': '-0.14'}, {'name': 'LTP', 'value': '3,954.30'}, {'name': 'Close Price value', 'value': '3,954.30'}, {'name': 'change absolute', 'value': '-5.60'}]}",OHLC_D_I_NR7BEARBO,NR 7 Breakdown,Seven Bar Pattern,18,Range Breakout,NR7 is a 7-bar narrow range pattern. NR7 bearish breakout pattern scanner shows the list of stocks forming bearish breakout pattern after 7-bar consolidation.,,,False,1,N,,OHLC_D_I_NR7BEARBO
1776078917,"{'stkname': 'J Kumar Infra', 'ltp': '', 'perChg': '', 'stkId': 'KI19', 'displayLock': 'N', 'scanproflg': 1, 'scUrl': 'constructioncontracting-civil/jkumarinfraprojects/KI01', 'columns': [{'name': 'change %', 'value': '-0.15'}, {'name': 'LTP', 'value': '469.90'}, {'name': 'Close Price value', 'value': '469.90'}, {'name': 'change absolute', 'value': '-0.70'}]}",OHLC_D_I_NR7BEARBO,NR 7 Breakdown,Seven Bar Pattern,18,Range Breakout,NR7 is a 7-bar narrow range pattern. NR7 bearish breakout pattern scanner shows the list of stocks forming bearish breakout pattern after 7-bar consolidation.,,,False,1,N,,OHLC_D_I_NR7BEARBO
1776078917,"{'stkname': 'RITES', 'ltp': '', 'perChg': '', 'stkId': 'R06', 'displayLock': 'N', 'scanproflg': 1, 'scUrl': 'transport-infrastructure/rites/R02', 'columns': [{'name': 'change %', 'value': '-0.81'}, {'name': 'LTP', 'value': '205.48'}, {'name': 'Close Price value', 'value': '205.48'}, {'name': 'change absolute', 'value': '-1.67'}]}",OHLC_D_I_NR7BEARBO,NR 7 Breakdown,Seven Bar Pattern,18,Range Breakout,NR7 is a 7-bar narrow range pattern. NR7 bearish breakout pattern scanner shows the list of stocks forming bearish breakout pattern after 7-bar consolidation.,,,False,1,N,,OHLC_D_I_NR7BEARBO
1776078917,"{'stkname': 'United Drilling', 'ltp': '', 'perChg': '', 'stkId': 'UDT', 'displayLock': 'N', 'scanproflg': 1, 'scUrl': 'engineering-industrial-equipments/uniteddrillingtools/UDT', 'columns': [{'name': 'change %', 'value': '-1.05'}, {'name': 'LTP', 'value': '202.20'}, {'name': 'Close Price value', 'value': '202.20'}, {'name': 'change absolute', 'value': '-2.14'}]}",OHLC_D_I_NR7BEARBO,NR 7 Breakdown,Seven Bar Pattern,18,Range Breakout,NR7 is a 7-bar narrow range pattern. NR7 bearish breakout pattern scanner shows the list of stocks forming bearish breakout pattern after 7-bar consolidation.,,,False,1,N,,OHLC_D_I_NR7BEARBO
1776078917,"{'stkname': 'Fusion Finance', 'ltp': '', 'perChg': '', 'stkId': 'FMF', 'displayLock': 'N', 'scanproflg': 1, 'scUrl': 'finance-nbfc/fusionfinance/FMF', 'columns': [{'name': 'change %', 'value': '-3.76'}, {'name': 'LTP', 'value': '151.78'}, {'name': 'Close Price value', 'value': '151.78'}, {'name': 'change absolute', 'value': '-5.93'}]}",OHLC_D_I_NR7BEARBO,NR 7 Breakdown,Seven Bar Pattern,18,Range Breakout,NR7 is a 7-bar narrow range pattern. NR7 bearish breakout pattern scanner shows the list of stocks forming bearish breakout pattern after 7-bar consolidation.,,,False,1,N,,OHLC_D_I_NR7BEARBO
1776078917,"{'stkname': 'Graphite India', 'ltp': '', 'perChg': '', 'stkId': 'GI13', 'displayLock': 'N', 'scanproflg': 1, 'scUrl': 'electrodesgraphite/graphiteindia/GI13', 'columns': [{'name': 'change %', 'value': '-0.13'}, {'name': 'LTP', 'value': '637.90'}, {'name': 'Close Price value', 'value': '637.90'}, {'name': 'change absolute', 'value': '-0.85'}]}",OHLC_D_I_NR7BEARBO,NR 7 Breakdown,Seven Bar Pattern,18,Range Breakout,NR7 is a 7-bar narrow range pattern. NR7 bearish breakout pattern scanner shows the list of stocks forming bearish breakout pattern after 7-bar consolidation.,,,False,1,N,,OHLC_D_I_NR7BEARBO
1776078917,"{'stkname': 'Mold Tek Tech', 'ltp': '', 'perChg': '', 'stkId': 'MTP01', 'displayLock': 'N', 'scanproflg': 1, 'scUrl': 'bpoites/moldtektechnologies/MTT01', 'columns': [{'name': 'change %', 'value': '-3.83'}, {'name': 'LTP', 'value': '121.20'}, {'name': 'Close Price value', 'value': '121.20'}, {'name': 'change absolute', 'value': '-4.83'}]}",OHLC_D_I_NR7BEARBO,NR 7 Breakdown,Seven Bar Pattern,18,Range Breakout,NR7 is a 7-bar narrow range pattern. NR7 bearish breakout pattern scanner shows the list of stocks forming bearish breakout pattern after 7-bar consolidation.,,,False,1,N,,OHLC_D_I_NR7BEARBO
1776078917,"{'stkname': 'Uniparts India', 'ltp': '', 'perChg': '', 'stkId': 'UI19', 'displayLock': 'N', 'scanproflg': 1, 'scUrl': 'auto-ancillaries-spare-partsaccessories/unipartsindia/UI22', 'columns': [{'name': 'change %', 'value': '-2.09'}, {'name': 'LTP', 'value': '498.00'}, {'name': 'Close Price value', 'value': '498.00'}, {'name': 'change absolute', 'value': '-10.65'}]}",OHLC_D_I_NR7BEARBO,NR 7 Breakdown,Seven Bar Pattern,18,Range Breakout,NR7 is a 7-bar narrow range pattern. NR7 bearish breakout pattern scanner shows the list of stocks forming bearish breakout pattern after 7-bar consolidation.,,,False,1,N,,OHLC_D_I_NR7BEARBO
1776078917,"{'stkname': 'Kirloskar Ind', 'ltp': '', 'perChg': '', 'stkId': 'KOE', 'displayLock': 'N', 'scanproflg': 1, 'scUrl': 'power-generationdistribution/kirloskarindustries/KOE', 'columns': [{'name': 'change %', 'value': '-0.61'}, {'name': 'LTP', 'value': '2,930.00'}, {'name': 'Close Price value', 'value': '2,930.00'}, {'name': 'change absolute', 'value': '-18.00'}]}",OHLC_D_I_NR7BEARBO,NR 7 Breakdown,Seven Bar Pattern,18,Range Breakout,NR7 is a 7-bar narrow range pattern. NR7 bearish breakout pattern scanner shows the list of stocks forming bearish breakout pattern after 7-bar consolidation.,,,False,1,N,,OHLC_D_I_NR7BEARBO
1776078917,"{'stkname': 'WS Industries', 'ltp': '', 'perChg': '', 'stkId': 'WSI', 'displayLock': 'N', 'scanproflg': 1, 'scUrl': 'electric-equipment/wsindustries/WSI', 'columns': [{'name': 'change %', 'value': '-1.68'}, {'name': 'LTP', 'value': '74.40'}, {'name': 'Close Price value', 'value': '74.40'}, {'name': 'change absolute', 'value': '-1.27'}]}",OHLC_D_I_NR7BEARBO,NR 7 Breakdown,Seven Bar Pattern,18,Range Breakout,NR7 is a 7-bar narrow range pattern. NR7 bearish breakout pattern scanner shows the list of stocks forming bearish breakout pattern after 7-bar consolidation.,,,False,1,N,,OHLC_D_I_NR7BEARBO
1776078917,"{'stkname': 'Pitti Engineeri', 'ltp': '', 'perChg': '', 'stkId': 'PL', 'displayLock': 'N', 'scanproflg': 1, 'scUrl': 'engineering/pittiengineering/PL', 'columns': [{'name': 'change %', 'value': '-1.08'}, {'name': 'LTP', 'value': '829.70'}, {'name': 'Close Price value', 'value': '829.70'}, {'name': 'change absolute', 'value': '-9.05'}]}",OHLC_D_I_NR7BEARBO,NR 7 Breakdown,Seven Bar Pattern,18,Range Breakout,NR7 is a 7-bar narrow range pattern. NR7 bearish breakout pattern scanner shows the list of stocks forming bearish breakout pattern after 7-bar consolidation.,,,False,1,N,,OHLC_D_I_NR7BEARBO
1776078917,"{'stkname': 'Sonata', 'ltp': '', 'perChg': '', 'stkId': 'SS42', 'displayLock': 'N', 'scanproflg': 1, 'scUrl': 'computers-software-mediumsmall/sonatasoftware/SS42', 'columns': [{'name': 'change %', 'value': '-1.45'}, {'name': 'LTP', 'value': '242.70'}, {'name': 'Close Price value', 'value': '242.70'}, {'name': 'change absolute', 'value': '-3.57'}]}",OHLC_D_I_NR7BEARBO,NR 7 Breakdown,Seven Bar Pattern,18,Range Breakout,NR7 is a 7-bar narrow range pattern. NR7 bearish breakout pattern scanner shows the list of stocks forming bearish breakout pattern after 7-bar consolidation.,,,False,1,N,,OHLC_D_I_NR7BEARBO
1776078917,"{'stkname': 'Latteys Ind.', 'ltp': '', 'perChg': '', 'stkId': 'LI12', 'displayLock': 'N', 'scanproflg': 1, 'scUrl': 'compressorspumps/latteysindustries/LI13', 'columns': [{'name': 'change %', 'value': '-0.64'}, {'name': 'LTP', 'value': '21.66'}, {'name': 'Close Price value', 'value': '21.66'}, {'name': 'change absolute', 'value': '-0.14'}]}",OHLC_D_I_NR7BEARBO,NR 7 Breakdown,Seven Bar Pattern,18,Range Breakout,NR7 is a 7-bar narrow range pattern. NR7 bearish breakout pattern scanner shows the list of stocks forming bearish breakout pattern after 7-bar consolidation.,,,False,1,N,,OHLC_D_I_NR7BEARBO
1776078917,"{'stkname': 'Skipper', 'ltp': '', 'perChg': '', 'stkId': 'S19', 'displayLock': 'N', 'scanproflg': 1, 'scUrl': 'engineering/skipper/S21', 'columns': [{'name': 'change %', 'value': '-1.12'}, {'name': 'LTP', 'value': '380.00'}, {'name': 'Close Price value', 'value': '380.00'}, {'name': 'change absolute', 'value': '-4.30'}]}",OHLC_D_I_NR7BEARBO,NR 7 Breakdown,Seven Bar Pattern,18,Range Breakout,NR7 is a 7-bar narrow range pattern. NR7 bearish breakout pattern scanner shows the list of stocks forming bearish breakout pattern after 7-bar consolidation.,,,False,1,N,,OHLC_D_I_NR7BEARBO
1776078917,"{'stkname': 'D. P. Abhushan', 'ltp': '', 'perChg': '', 'stkId': 'DPA01', 'displayLock': 'N', 'scanproflg': 1, 'scUrl': 'miscellaneous/dpabhushan/DPA01', 'columns': [{'name': 'change %', 'value': '-2.95'}, {'name': 'LTP', 'value': '1,106.95'}, {'name': 'Close Price value', 'value': '1,106.95'}, {'name': 'change absolute', 'value': '-33.60'}]}",OHLC_D_I_NR7BEARBO,NR 7 Breakdown,Seven Bar Pattern,18,Range Breakout,NR7 is a 7-bar narrow range pattern. NR7 bearish breakout pattern scanner shows the list of stocks forming bearish breakout pattern after 7-bar consolidation.,,,False,1,N,,OHLC_D_I_NR7BEARBO
1776078917,"{'stkname': 'PC Jeweller', 'ltp': '', 'perChg': '', 'stkId': 'PJ', 'displayLock': 'N', 'scanproflg': 1, 'scUrl': 'diamond-cuttingjewelleryprecious-metals/pcjeweller/PJ', 'columns': [{'name': 'change %', 'value': '-0.11'}, {'name': 'LTP', 'value': '9.16'}, {'name': 'Close Price value', 'value': '9.16'}, {'name': 'change absolute', 'value': '-0.01'}]}",OHLC_D_I_NR7BEARBO,NR 7 Breakdown,Seven Bar Pattern,18,Range Breakout,NR7 is a 7-bar narrow range pattern. NR7 bearish breakout pattern scanner shows the list of stocks forming bearish breakout pattern after 7-bar consolidation.,,,False,1,N,,OHLC_D_I_NR7BEARBO
1776078917,"{'stkname': 'Borosil', 'ltp': '', 'perChg': '', 'stkId': 'BL05', 'displayLock': 'N', 'scanproflg': 1, 'scUrl': 'glassglass-products/borosil/BL04', 'columns': [{'name': 'change %', 'value': '-1.29'}, {'name': 'LTP', 'value': '245.95'}, {'name': 'Close Price value', 'value': '245.95'}, {'name': 'change absolute', 'value': '-3.21'}]}",OHLC_D_I_NR7BEARBO,NR 7 Breakdown,Seven Bar Pattern,18,Range Breakout,NR7 is a 7-bar narrow range pattern. NR7 bearish breakout pattern scanner shows the list of stocks forming bearish breakout pattern after 7-bar consolidation.,,,False,1,N,,OHLC_D_I_NR7BEARBO
1776078917,"{'stkname': 'Mahindra Life', 'ltp': '', 'perChg': '', 'stkId': 'GC16', 'displayLock': 'N', 'scanproflg': 1, 'scUrl': 'constructioncontracting-civil/mahindralifespacedevelopers/MLD', 'columns': [{'name': 'change %', 'value': '-2.67'}, {'name': 'LTP', 'value': '335.50'}, {'name': 'Close Price value', 'value': '335.50'}, {'name': 'change absolute', 'value': '-9.20'}]}",OHLC_D_I_NR7BEARBO,NR 7 Breakdown,Seven Bar Pattern,18,Range Breakout,NR7 is a 7-bar narrow range pattern. NR7 bearish breakout pattern scanner shows the list of stocks forming bearish breakout pattern after 7-bar consolidation.,,,False,1,N,,OHLC_D_I_NR7BEARBO
1776078917,"{'stkname': 'Rossari', 'ltp': '', 'perChg': '', 'stkId': 'RB04', 'displayLock': 'N', 'scanproflg': 1, 'scUrl': 'speciality-chemicals/rossaribiotech/RB05', 'columns': [{'name': 'change %', 'value': '-1.39'}, {'name': 'LTP', 'value': '447.15'}, {'name': 'Close Price value', 'value': '447.15'}, {'name': 'change absolute', 'value': '-6.30'}]}",OHLC_D_I_NR7BEARBO,NR 7 Breakdown,Seven Bar Pattern,18,Range Breakout,NR7 is a 7-bar narrow range pattern. NR7 bearish breakout pattern scanner shows the list of stocks forming bearish breakout pattern after 7-bar consolidation.,,,False,1,N,,OHLC_D_I_NR7BEARBO
1776078917,"{'stkname': 'Vidhi Spec', 'ltp': '', 'perChg': '', 'stkId': 'VDM', 'displayLock': 'N', 'scanproflg': 1, 'scUrl': 'dyespigments/vidhispecialtyfoodingredients/VDM', 'columns': [{'name': 'change %', 'value': '-0.79'}, {'name': 'LTP', 'value': '321.00'}, {'name': 'Close Price value', 'value': '321.00'}, {'name': 'change absolute', 'value': '-2.55'}]}",OHLC_D_I_NR7BEARBO,NR 7 Breakdown,Seven Bar Pattern,18,Range Breakout,NR7 is a 7-bar narrow range pattern. NR7 bearish breakout pattern scanner shows the list of stocks forming bearish breakout pattern after 7-bar consolidation.,,,False,1,N,,OHLC_D_I_NR7BEARBO
1776078917,"{'stkname': 'Ganesh Housing', 'ltp': '', 'perChg': '', 'stkId': 'GHF', 'displayLock': 'N', 'scanproflg': 1, 'scUrl': 'constructioncontracting-housing/ganeshhousing/GHC02', 'columns': [{'name': 'change %', 'value': '-1.64'}, {'name': 'LTP', 'value': '586.00'}, {'name': 'Close Price value', 'value': '586.00'}, {'name': 'change absolute', 'value': '-9.80'}]}",OHLC_D_I_NR7BEARBO,NR 7 Breakdown,Seven Bar Pattern,18,Range Breakout,NR7 is a 7-bar narrow range pattern. NR7 bearish breakout pattern scanner shows the list of stocks forming bearish breakout pattern after 7-bar consolidation.,,,False,1,N,,OHLC_D_I_NR7BEARBO
1776078917,"{'stkname': 'Nila Infra', 'ltp': '', 'perChg': '', 'stkId': 'NHI', 'displayLock': 'N', 'scanproflg': 1, 'scUrl': 'construction-real-estate/nilainfrastructures/NHI', 'columns': [{'name': 'change %', 'value': '-4.49'}, {'name': 'LTP', 'value': '8.30'}, {'name': 'Close Price value', 'value': '8.30'}, {'name': 'change absolute', 'value': '-0.39'}]}",OHLC_D_I_NR7BEARBO,NR 7 Breakdown,Seven Bar Pattern,18,Range Breakout,NR7 is a 7-bar narrow range pattern. NR7 bearish breakout pattern scanner shows the list of stocks forming bearish breakout pattern after 7-bar consolidation.,,,False,1,N,,OHLC_D_I_NR7BEARBO
1776078917,"{'stkname': 'Ruchinfra', 'ltp': '', 'perChg': '', 'stkId': 'RI27', 'displayLock': 'N', 'scanproflg': 1, 'scUrl': 'edible-oilssolvent-extraction/ruchiinfrastructure/RI27', 'columns': [{'name': 'change %', 'value': '-5.58'}, {'name': 'LTP', 'value': '6.09'}, {'name': 'Close Price value', 'value': '6.09'}, {'name': 'change absolute', 'value': '-0.36'}]}",OHLC_D_I_NR7BEARBO,NR 7 Breakdown,Seven Bar Pattern,18,Range Breakout,NR7 is a 7-bar narrow range pattern. NR7 bearish breakout pattern scanner shows the list of stocks forming bearish breakout pattern after 7-bar consolidation.,,,False,1,N,,OHLC_D_I_NR7BEARBO
1776078917,"{'stkname': 'Sobha', 'ltp': '', 'perChg': '', 'stkId': 'SD6', 'displayLock': 'N', 'scanproflg': 1, 'scUrl': 'constructioncontracting-real-estate/sobha/SD6', 'columns': [{'name': 'change %', 'value': '-0.38'}, {'name': 'LTP', 'value': '1,295.00'}, {'name': 'Close Price value', 'value': '1,295.00'}, {'name': 'change absolute', 'value': '-4.90'}]}",OHLC_D_I_NR7BEARBO,NR 7 Breakdown,Seven Bar Pattern,18,Range Breakout,NR7 is a 7-bar narrow range pattern. NR7 bearish breakout pattern scanner shows the list of stocks forming bearish breakout pattern after 7-bar consolidation.,,,False,1,N,,OHLC_D_I_NR7BEARBO
1776078917,"{'stkname': 'Unitech', 'ltp': '', 'perChg': '', 'stkId': 'U', 'displayLock': 'N', 'scanproflg': 1, 'scUrl': 'constructioncontracting-civil/unitech/U', 'columns': [{'name': 'change %', 'value': '-1.61'}, {'name': 'LTP', 'value': '4.88'}, {'name': 'Close Price value', 'value': '4.88'}, {'name': 'change absolute', 'value': '-0.08'}]}",OHLC_D_I_NR7BEARBO,NR 7 Breakdown,Seven Bar Pattern,18,Range Breakout,NR7 is a 7-bar narrow range pattern. NR7 bearish breakout pattern scanner shows the list of stocks forming bearish breakout pattern after 7-bar consolidation.,,,False,1,N,,OHLC_D_I_NR7BEARBO
1776078917,"{'stkname': 'RPP Infra Proj', 'ltp': '', 'perChg': '', 'stkId': 'RIP01', 'displayLock': 'N', 'scanproflg': 1, 'scUrl': 'constructioncontracting-civil/rppinfraprojects/RIP01', 'columns': [{'name': 'change %', 'value': '-1.37'}, {'name': 'LTP', 'value': '74.00'}, {'name': 'Close Price value', 'value': '74.00'}, {'name': 'change absolute', 'value': '-1.03'}]}",OHLC_D_I_NR7BEARBO,NR 7 Breakdown,Seven Bar Pattern,18,Range Breakout,NR7 is a 7-bar narrow range pattern. NR7 bearish breakout pattern scanner shows the list of stocks forming bearish breakout pattern after 7-bar consolidation.,,,False,1,N,,OHLC_D_I_NR7BEARBO
1776078917,"{'stkname': 'Gujarat Fluoro', 'ltp': '', 'perChg': '', 'stkId': 'GUJAR54281', 'displayLock': 'N', 'scanproflg': 1, 'scUrl': 'chemicals/gujaratfluorochemicalslimited/GUJAR54281', 'columns': [{'name': 'change %', 'value': '-0.08'}, {'name': 'LTP', 'value': '3,344.00'}, {'name': 'Close Price value', 'value': '3,344.00'}, {'name': 'change absolute', 'value': '-2.60'}]}",OHLC_D_I_NR7BEARBO,NR 7 Breakdown,Seven Bar Pattern,18,Range Breakout,NR7 is a 7-bar narrow range pattern. NR7 bearish breakout pattern scanner shows the list of stocks forming bearish breakout pattern after 7-bar consolidation.,,,False,1,N,,OHLC_D_I_NR7BEARBO
1776078917,"{'stkname': 'TTK Prestige', 'ltp': '', 'perChg': '', 'stkId': 'TTK02', 'displayLock': 'N', 'scanproflg': 1, 'scUrl': 'domestic-appliances/ttkprestige/TTK02', 'columns': [{'name': 'change %', 'value': '-1.32'}, {'name': 'LTP', 'value': '471.00'}, {'name': 'Close Price value', 'value': '471.00'}, {'name': 'change absolute', 'value': '-6.30'}]}",OHLC_D_I_NR7BEARBO,NR 7 Breakdown,Seven Bar Pattern,18,Range Breakout,NR7 is a 7-bar narrow range pattern. NR7 bearish breakout pattern scanner shows the list of stocks forming bearish breakout pattern after 7-bar consolidation.,,,False,1,N,,OHLC_D_I_NR7BEARBO
1776078917,"{'stkname': 'S H Kelkar', 'ltp': '', 'perChg': '', 'stkId': 'KC17', 'displayLock': 'N', 'scanproflg': 1, 'scUrl': 'chemicals/shkelkarcompany/KC17', 'columns': [{'name': 'change %', 'value': '-0.98'}, {'name': 'LTP', 'value': '138.44'}, {'name': 'Close Price value', 'value': '138.44'}, {'name': 'change absolute', 'value': '-1.37'}]}",OHLC_D_I_NR7BEARBO,NR 7 Breakdown,Seven Bar Pattern,18,Range Breakout,NR7 is a 7-bar narrow range pattern. NR7 bearish breakout pattern scanner shows the list of stocks forming bearish breakout pattern after 7-bar consolidation.,,,False,1,N,,OHLC_D_I_NR7BEARBO
1776078917,"{'stkname': 'GOCL Corp', 'ltp': '', 'perChg': '', 'stkId': 'IDL', 'displayLock': 'N', 'scanproflg': 1, 'scUrl': 'chemicals/goclcorporation/GOC01', 'columns': [{'name': 'change %', 'value': '-0.95'}, {'name': 'LTP', 'value': '277.00'}, {'name': 'Close Price value', 'value': '277.00'}, {'name': 'change absolute', 'value': '-2.65'}]}",OHLC_D_I_NR7BEARBO,NR 7 Breakdown,Seven Bar Pattern,18,Range Breakout,NR7 is a 7-bar narrow range pattern. NR7 bearish breakout pattern scanner shows the list of stocks forming bearish breakout pattern after 7-bar consolidation.,,,False,1,N,,OHLC_D_I_NR7BEARBO
1776078917,"{'stkname': 'Indo Amines', 'ltp': '', 'perChg': '', 'stkId': 'IA', 'displayLock': 'N', 'scanproflg': 1, 'scUrl': 'chemicals/indoamines/IA', 'columns': [{'name': 'change %', 'value': '-0.72'}, {'name': 'LTP', 'value': '106.00'}, {'name': 'Close Price value', 'value': '106.00'}, {'name': 'change absolute', 'value': '-0.77'}]}",OHLC_D_I_NR7BEARBO,NR 7 Breakdown,Seven Bar Pattern,18,Range Breakout,NR7 is a 7-bar narrow range pattern. NR7 bearish breakout pattern scanner shows the list of stocks forming bearish breakout pattern after 7-bar consolidation.,,,False,1,N,,OHLC_D_I_NR7BEARBO
1776078917,"{'stkname': 'Texmaco Infra', 'ltp': '', 'perChg': '', 'stkId': 'T02', 'displayLock': 'N', 'scanproflg': 1, 'scUrl': 'infrastructure-general/texmacoinfrastructureholdings/T02', 'columns': [{'name': 'change %', 'value': '-0.45'}, {'name': 'LTP', 'value': '98.35'}, {'name': 'Close Price value', 'value': '98.35'}, {'name': 'change absolute', 'value': '-0.44'}]}",OHLC_D_I_NR7BEARBO,NR 7 Breakdown,Seven Bar Pattern,18,Range Breakout,NR7 is a 7-bar narrow range pattern. NR7 bearish breakout pattern scanner shows the list of stocks forming bearish breakout pattern after 7-bar consolidation.,,,False,1,N,,OHLC_D_I_NR7BEARBO
1776078917,"{'stkname': 'Vikas Ecotech', 'ltp': '', 'perChg': '', 'stkId': 'VL06', 'displayLock': 'N', 'scanproflg': 1, 'scUrl': 'chemicals/vikasecotech/VGO01', 'columns': [{'name': 'change %', 'value': '-3.42'}, {'name': 'LTP', 'value': '1.41'}, {'name': 'Close Price value', 'value': '1.41'}, {'name': 'change absolute', 'value': '-0.05'}]}",OHLC_D_I_NR7BEARBO,NR 7 Breakdown,Seven Bar Pattern,18,Range Breakout,NR7 is a 7-bar narrow range pattern. NR7 bearish breakout pattern scanner shows the list of stocks forming bearish breakout pattern after 7-bar consolidation.,,,False,1,N,,OHLC_D_I_NR7BEARBO
1776078917,"{'stkname': 'Beardsell', 'ltp': '', 'perChg': '', 'stkId': 'B04', 'displayLock': 'N', 'scanproflg': 1, 'scUrl': 'miscellaneous/beardsell/B06', 'columns': [{'name': 'change %', 'value': '-2.75'}, {'name': 'LTP', 'value': '24.40'}, {'name': 'Close Price value', 'value': '24.40'}, {'name': 'change absolute', 'value': '-0.69'}]}",OHLC_D_I_NR7BEARBO,NR 7 Breakdown,Seven Bar Pattern,18,Range Breakout,NR7 is a 7-bar narrow range pattern. NR7 bearish breakout pattern scanner shows the list of stocks forming bearish breakout pattern after 7-bar consolidation.,,,False,1,N,,OHLC_D_I_NR7BEARBO
1776078917,"{'stkname': 'Jubilant Ing.', 'ltp': '', 'perChg': '', 'stkId': 'JI12', 'displayLock': 'N', 'scanproflg': 1, 'scUrl': 'speciality-chemicals/jubilantingrevia/JI14', 'columns': [{'name': 'change %', 'value': '-1.87'}, {'name': 'LTP', 'value': '636.00'}, {'name': 'Close Price value', 'value': '636.00'}, {'name': 'change absolute', 'value': '-12.10'}]}",OHLC_D_I_NR7BEARBO,NR 7 Breakdown,Seven Bar Pattern,18,Range Breakout,NR7 is a 7-bar narrow range pattern. NR7 bearish breakout pattern scanner shows the list of stocks forming bearish breakout pattern after 7-bar consolidation.,,,False,1,N,,OHLC_D_I_NR7BEARBO
1776078917,"{'stkname': 'Fineotex Chem', 'ltp': '', 'perChg': '', 'stkId': 'FC06', 'displayLock': 'N', 'scanproflg': 1, 'scUrl': 'speciality-chemicals/fineotexchemical/FC02', 'columns': [{'name': 'change %', 'value': '-2.09'}, {'name': 'LTP', 'value': '22.90'}, {'name': 'Close Price value', 'value': '22.90'}, {'name': 'change absolute', 'value': '-0.49'}]}",OHLC_D_I_NR7BEARBO,NR 7 Breakdown,Seven Bar Pattern,18,Range Breakout,NR7 is a 7-bar narrow range pattern. NR7 bearish breakout pattern scanner shows the list of stocks forming bearish breakout pattern after 7-bar consolidation.,,,False,1,N,,OHLC_D_I_NR7BEARBO
1776078917,"{'stkname': 'Camlin Fine', 'ltp': '', 'perChg': '', 'stkId': 'CFC03', 'displayLock': 'N', 'scanproflg': 1, 'scUrl': 'chemicals/camlinfinesciences/CFC03', 'columns': [{'name': 'change %', 'value': '-0.73'}, {'name': 'LTP', 'value': '103.91'}, {'name': 'Close Price value', 'value': '103.91'}, {'name': 'change absolute', 'value': '-0.76'}]}",OHLC_D_I_NR7BEARBO,NR 7 Breakdown,Seven Bar Pattern,18,Range Breakout,NR7 is a 7-bar narrow range pattern. NR7 bearish breakout pattern scanner shows the list of stocks forming bearish breakout pattern after 7-bar consolidation.,,,False,1,N,,OHLC_D_I_NR7BEARBO
1776078917,"{'stkname': 'Shree Digvijay', 'ltp': '', 'perChg': '', 'stkId': 'SDC', 'displayLock': 'N', 'scanproflg': 1, 'scUrl': 'cement-major/shreedigvijaycementcompany/SDC', 'columns': [{'name': 'change %', 'value': '-0.20'}, {'name': 'LTP', 'value': '70.70'}, {'name': 'Close Price value', 'value': '70.70'}, {'name': 'change absolute', 'value': '-0.14'}]}",OHLC_D_I_NR7BEARBO,NR 7 Breakdown,Seven Bar Pattern,18,Range Breakout,NR7 is a 7-bar narrow range pattern. NR7 bearish breakout pattern scanner shows the list of stocks forming bearish breakout pattern after 7-bar consolidation.,,,False,1,N,,OHLC_D_I_NR7BEARBO
1776078917,"{'stkname': 'Sudarshan Color', 'ltp': '', 'perChg': '', 'stkId': 'CC', 'displayLock': 'N', 'scanproflg': 1, 'scUrl': 'speciality-chemicals/sudarshancolorantsindia/CCI08', 'columns': [{'name': 'change %', 'value': '-0.54'}, {'name': 'LTP', 'value': '332.70'}, {'name': 'Close Price value', 'value': '332.70'}, {'name': 'change absolute', 'value': '-1.80'}]}",OHLC_D_I_NR7BEARBO,NR 7 Breakdown,Seven Bar Pattern,18,Range Breakout,NR7 is a 7-bar narrow range pattern. NR7 bearish breakout pattern scanner shows the list of stocks forming bearish breakout pattern after 7-bar consolidation.,,,False,1,N,,OHLC_D_I_NR7BEARBO
1776078917,"{'stkname': 'Fino Payments', 'ltp': '', 'perChg': '', 'stkId': 'FPB01', 'displayLock': 'N', 'scanproflg': 1, 'scUrl': 'finance-others/finopaymentsbank/FPB', 'columns': [{'name': 'change %', 'value': '-2.40'}, {'name': 'LTP', 'value': '132.00'}, {'name': 'Close Price value', 'value': '132.00'}, {'name': 'change absolute', 'value': '-3.24'}]}",OHLC_D_I_NR7BEARBO,NR 7 Breakdown,Seven Bar Pattern,18,Range Breakout,NR7 is a 7-bar narrow range pattern. NR7 bearish breakout pattern scanner shows the list of stocks forming bearish breakout pattern after 7-bar consolidation.,,,False,1,N,,OHLC_D_I_NR7BEARBO
1776078917,"{'stkname': 'Deccan Cements', 'ltp': '', 'perChg': '', 'stkId': 'DC', 'displayLock': 'N', 'scanproflg': 1, 'scUrl': 'cement-mini/deccancements/DC', 'columns': [{'name': 'change %', 'value': '-1.53'}, {'name': 'LTP', 'value': '651.00'}, {'name': 'Close Price value', 'value': '651.00'}, {'name': 'change absolute', 'value': '-10.10'}]}",OHLC_D_I_NR7BEARBO,NR 7 Breakdown,Seven Bar Pattern,18,Range Breakout,NR7 is a 7-bar narrow range pattern. NR7 bearish breakout pattern scanner shows the list of stocks forming bearish breakout pattern after 7-bar consolidation.,,,False,1,N,,OHLC_D_I_NR7BEARBO
1776078917,"{'stkname': 'Sahyadri Ind', 'ltp': '', 'perChg': '', 'stkId': 'SI84', 'displayLock': 'N', 'scanproflg': 1, 'scUrl': 'cement-productsbuilding-materials/sahyadriindustries/SI86', 'columns': [{'name': 'change %', 'value': '-0.98'}, {'name': 'LTP', 'value': '238.01'}, {'name': 'Close Price value', 'value': '238.01'}, {'name': 'change absolute', 'value': '-2.35'}]}",OHLC_D_I_NR7BEARBO,NR 7 Breakdown,Seven Bar Pattern,18,Range Breakout,NR7 is a 7-bar narrow range pattern. NR7 bearish breakout pattern scanner shows the list of stocks forming bearish breakout pattern after 7-bar consolidation.,,,False,1,N,,OHLC_D_I_NR7BEARBO
1776078917,"{'stkname': 'Minda Corp', 'ltp': '', 'perChg': '', 'stkId': 'MC22', 'displayLock': 'N', 'scanproflg': 1, 'scUrl': 'auto-ancillaries/mindacorporation/MC23', 'columns': [{'name': 'change %', 'value': '-0.08'}, {'name': 'LTP', 'value': '513.95'}, {'name': 'Close Price value', 'value': '513.95'}, {'name': 'change absolute', 'value': '-0.40'}]}",OHLC_D_I_NR7BEARBO,NR 7 Breakdown,Seven Bar Pattern,18,Range Breakout,NR7 is a 7-bar narrow range pattern. NR7 bearish breakout pattern scanner shows the list of stocks forming bearish breakout pattern after 7-bar consolidation.,,,False,1,N,,OHLC_D_I_NR7BEARBO
1776078917,"{'stkname': 'Birla Corp', 'ltp': '', 'perChg': '', 'stkId': 'BC07', 'displayLock': 'N', 'scanproflg': 1, 'scUrl': 'cement-major/birlacorporation/BC07', 'columns': [{'name': 'change %', 'value': '-0.99'}, {'name': 'LTP', 'value': '936.00'}, {'name': 'Close Price value', 'value': '936.00'}, {'name': 'change absolute', 'value': '-9.40'}]}",OHLC_D_I_NR7BEARBO,NR 7 Breakdown,Seven Bar Pattern,18,Range Breakout,NR7 is a 7-bar narrow range pattern. NR7 bearish breakout pattern scanner shows the list of stocks forming bearish breakout pattern after 7-bar consolidation.,,,False,1,N,,OHLC_D_I_NR7BEARBO
1776078917,"{'stkname': 'Heidelberg Cem', 'ltp': '', 'perChg': '', 'stkId': 'MC14', 'displayLock': 'N', 'scanproflg': 1, 'scUrl': 'cement-major/heidelbergcementindia/HCI02', 'columns': [{'name': 'change %', 'value': '-1.11'}, {'name': 'LTP', 'value': '151.80'}, {'name': 'Close Price value', 'value': '151.80'}, {'name': 'change absolute', 'value': '-1.70'}]}",OHLC_D_I_NR7BEARBO,NR 7 Breakdown,Seven Bar Pattern,18,Range Breakout,NR7 is a 7-bar narrow range pattern. NR7 bearish breakout pattern scanner shows the list of stocks forming bearish breakout pattern after 7-bar consolidation.,,,False,1,N,,OHLC_D_I_NR7BEARBO
1776078917,"{'stkname': 'Munjal Showa', 'ltp': '', 'perChg': '', 'stkId': 'MS', 'displayLock': 'N', 'scanproflg': 1, 'scUrl': 'auto-ancillaries/munjalshowa/MS', 'columns': [{'name': 'change %', 'value': '-3.63'}, {'name': 'LTP', 'value': '120.29'}, {'name': 'Close Price value', 'value': '120.29'}, {'name': 'change absolute', 'value': '-4.53'}]}",OHLC_D_I_NR7BEARBO,NR 7 Breakdown,Seven Bar Pattern,18,Range Breakout,NR7 is a 7-bar narrow range pattern. NR7 bearish breakout pattern scanner shows the list of stocks forming bearish breakout pattern after 7-bar consolidation.,,,False,1,N,,OHLC_D_I_NR7BEARBO
1776078917,"{'stkname': 'Plaza Wires', 'ltp': '', 'perChg': '', 'stkId': 'PWL', 'displayLock': 'N', 'scanproflg': 1, 'scUrl': 'cables/plazawires/PWL', 'columns': [{'name': 'change %', 'value': '-0.95'}, {'name': 'LTP', 'value': '37.65'}, {'name': 'Close Price value', 'value': '37.65'}, {'name': 'change absolute', 'value': '-0.36'}]}",OHLC_D_I_NR7BEARBO,NR 7 Breakdown,Seven Bar Pattern,18,Range Breakout,NR7 is a 7-bar narrow range pattern. NR7 bearish breakout pattern scanner shows the list of stocks forming bearish breakout pattern after 7-bar consolidation.,,,False,1,N,,OHLC_D_I_NR7BEARBO
1776078917,"{'stkname': 'IOB', 'ltp': '', 'perChg': '', 'stkId': 'IOB', 'displayLock': 'N', 'scanproflg': 1, 'scUrl': 'banks-public-sector/indianoverseasbank/IOB', 'columns': [{'name': 'change %', 'value': '-0.29'}, {'name': 'LTP', 'value': '34.60'}, {'name': 'Close Price value', 'value': '34.60'}, {'name': 'change absolute', 'value': '-0.10'}]}",OHLC_D_I_NR7BEARBO,NR 7 Breakdown,Seven Bar Pattern,18,Range Breakout,NR7 is a 7-bar narrow range pattern. NR7 bearish breakout pattern scanner shows the list of stocks forming bearish breakout pattern after 7-bar consolidation.,,,False,1,N,,OHLC_D_I_NR7BEARBO
1776078917,"{'stkname': 'Ndr Auto Compon', 'ltp': '', 'perChg': '', 'stkId': 'NAC02', 'displayLock': 'N', 'scanproflg': 1, 'scUrl': 'auto-ancillaries/ndrautocomponents/NAC02', 'columns': [{'name': 'change %', 'value': '-1.40'}, {'name': 'LTP', 'value': '723.50'}, {'name': 'Close Price value', 'value': '723.50'}, {'name': 'change absolute', 'value': '-10.25'}]}",OHLC_D_I_NR7BEARBO,NR 7 Breakdown,Seven Bar Pattern,18,Range Breakout,NR7 is a 7-bar narrow range pattern. NR7 bearish breakout pattern scanner shows the list of stocks forming bearish breakout pattern after 7-bar consolidation.,,,False,1,N,,OHLC_D_I_NR7BEARBO
1776078917,"{'stkname': 'Ramco Cements', 'ltp': '', 'perChg': '', 'stkId': 'MC', 'displayLock': 'N', 'scanproflg': 1, 'scUrl': 'cement-major/theramcocements/MC', 'columns': [{'name': 'change %', 'value': '-0.61'}, {'name': 'LTP', 'value': '985.20'}, {'name': 'Close Price value', 'value': '985.20'}, {'name': 'change absolute', 'value': '-6.00'}]}",OHLC_D_I_NR7BEARBO,NR 7 Breakdown,Seven Bar Pattern,18,Range Breakout,NR7 is a 7-bar narrow range pattern. NR7 bearish breakout pattern scanner shows the list of stocks forming bearish breakout pattern after 7-bar consolidation.,,,False,1,N,,OHLC_D_I_NR7BEARBO
1776078917,"{'stkname': 'Suryoday Small', 'ltp': '', 'perChg': '', 'stkId': 'SSF08', 'displayLock': 'N', 'scanproflg': 1, 'scUrl': 'bank-private/suryodaysmallfinancebank/SSF08', 'columns': [{'name': 'change %', 'value': '-0.94'}, {'name': 'LTP', 'value': '132.51'}, {'name': 'Close Price value', 'value': '132.51'}, {'name': 'change absolute', 'value': '-1.26'}]}",OHLC_D_I_NR7BEARBO,NR 7 Breakdown,Seven Bar Pattern,18,Range Breakout,NR7 is a 7-bar narrow range pattern. NR7 bearish breakout pattern scanner shows the list of stocks forming bearish breakout pattern after 7-bar consolidation.,,,False,1,N,,OHLC_D_I_NR7BEARBO
1776078917,"{'stkname': 'South Ind Bk', 'ltp': '', 'perChg': '', 'stkId': 'SIB', 'displayLock': 'N', 'scanproflg': 1, 'scUrl': 'banks-private-sector/southindianbank/SIB', 'columns': [{'name': 'change %', 'value': '-0.95'}, {'name': 'LTP', 'value': '38.39'}, {'name': 'Close Price value', 'value': '38.39'}, {'name': 'change absolute', 'value': '-0.37'}]}",OHLC_D_I_NR7BEARBO,NR 7 Breakdown,Seven Bar Pattern,18,Range Breakout,NR7 is a 7-bar narrow range pattern. NR7 bearish breakout pattern scanner shows the list of stocks forming bearish breakout pattern after 7-bar consolidation.,,,False,1,N,,OHLC_D_I_NR7BEARBO
1776078917,"{'stkname': 'CHEMPLAST SANMA', 'ltp': '', 'perChg': '', 'stkId': 'CS18', 'displayLock': 'N', 'scanproflg': 1, 'scUrl': 'speciality-chemicals/chemplastsanmar/CS23', 'columns': [{'name': 'change %', 'value': '-4.43'}, {'name': 'LTP', 'value': '233.10'}, {'name': 'Close Price value', 'value': '233.10'}, {'name': 'change absolute', 'value': '-10.80'}]}",OHLC_D_I_NR7BEARBO,NR 7 Breakdown,Seven Bar Pattern,18,Range Breakout,NR7 is a 7-bar narrow range pattern. NR7 bearish breakout pattern scanner shows the list of stocks forming bearish breakout pattern after 7-bar consolidation.,,,False,1,N,,OHLC_D_I_NR7BEARBO
1776078917,"{'stkname': 'City Union Bank', 'ltp': '', 'perChg': '', 'stkId': 'CUB', 'displayLock': 'N', 'scanproflg': 1, 'scUrl': 'banks-private-sector/cityunionbank/CUB', 'columns': [{'name': 'change %', 'value': '-2.94'}, {'name': 'LTP', 'value': '249.59'}, {'name': 'Close Price value', 'value': '249.59'}, {'name': 'change absolute', 'value': '-7.55'}]}",OHLC_D_I_NR7BEARBO,NR 7 Breakdown,Seven Bar Pattern,18,Range Breakout,NR7 is a 7-bar narrow range pattern. NR7 bearish breakout pattern scanner shows the list of stocks forming bearish breakout pattern after 7-bar consolidation.,,,False,1,N,,OHLC_D_I_NR7BEARBO
1776078917,"{'stkname': 'Yatra Online', 'ltp': '', 'perChg': '', 'stkId': 'YO', 'displayLock': 'N', 'scanproflg': 1, 'scUrl': 'travel-services/yatraonline/YO', 'columns': [{'name': 'change %', 'value': '-0.37'}, {'name': 'LTP', 'value': '102.28'}, {'name': 'Close Price value', 'value': '102.28'}, {'name': 'change absolute', 'value': '-0.38'}]}",OHLC_D_I_NR7BEARBO,NR 7 Breakdown,Seven Bar Pattern,18,Range Breakout,NR7 is a 7-bar narrow range pattern. NR7 bearish breakout pattern scanner shows the list of stocks forming bearish breakout pattern after 7-bar consolidation.,,,False,1,N,,OHLC_D_I_NR7BEARBO
1776078917,"{'stkname': 'Viyash Scientif', 'ltp': '', 'perChg': '', 'stkId': 'VTF', 'displayLock': 'N', 'scanproflg': 1, 'scUrl': 'pharmaceuticals/viyashscientific/PID01', 'columns': [{'name': 'change %', 'value': '-1.56'}, {'name': 'LTP', 'value': '205.50'}, {'name': 'Close Price value', 'value': '205.50'}, {'name': 'change absolute', 'value': '-3.25'}]}",OHLC_D_I_NR7BEARBO,NR 7 Breakdown,Seven Bar Pattern,18,Range Breakout,NR7 is a 7-bar narrow range pattern. NR7 bearish breakout pattern scanner shows the list of stocks forming bearish breakout pattern after 7-bar consolidation.,,,False,1,N,,OHLC_D_I_NR7BEARBO
1776078917,"{'stkname': 'Autoline Ind', 'ltp': '', 'perChg': '', 'stkId': 'AI59', 'displayLock': 'N', 'scanproflg': 1, 'scUrl': 'auto-ancillaries/autolineindustries/AI59', 'columns': [{'name': 'change %', 'value': '-0.84'}, {'name': 'LTP', 'value': '64.90'}, {'name': 'Close Price value', 'value': '64.90'}, {'name': 'change absolute', 'value': '-0.55'}]}",OHLC_D_I_NR7BEARBO,NR 7 Breakdown,Seven Bar Pattern,18,Range Breakout,NR7 is a 7-bar narrow range pattern. NR7 bearish breakout pattern scanner shows the list of stocks forming bearish breakout pattern after 7-bar consolidation.,,,False,1,N,,OHLC_D_I_NR7BEARBO
1776078917,"{'stkname': 'JK Lakshmi Cem', 'ltp': '', 'perChg': '', 'stkId': 'JKC', 'displayLock': 'N', 'scanproflg': 1, 'scUrl': 'cement-major/jklakshmicement/JKL01', 'columns': [{'name': 'change %', 'value': '-0.65'}, {'name': 'LTP', 'value': '621.00'}, {'name': 'Close Price value', 'value': '621.00'}, {'name': 'change absolute', 'value': '-4.05'}]}",OHLC_D_I_NR7BEARBO,NR 7 Breakdown,Seven Bar Pattern,18,Range Breakout,NR7 is a 7-bar narrow range pattern. NR7 bearish breakout pattern scanner shows the list of stocks forming bearish breakout pattern after 7-bar consolidation.,,,False,1,N,,OHLC_D_I_NR7BEARBO
1776078917,"{'stkname': 'VST Tillers', 'ltp': '', 'perChg': '', 'stkId': 'VST01', 'displayLock': 'N', 'scanproflg': 1, 'scUrl': 'auto-tractors/vsttillerstractors/VST01', 'columns': [{'name': 'change %', 'value': '-0.43'}, {'name': 'LTP', 'value': '5,218.20'}, {'name': 'Close Price value', 'value': '5,218.20'}, {'name': 'change absolute', 'value': '-22.70'}]}",OHLC_D_I_NR7BEARBO,NR 7 Breakdown,Seven Bar Pattern,18,Range Breakout,NR7 is a 7-bar narrow range pattern. NR7 bearish breakout pattern scanner shows the list of stocks forming bearish breakout pattern after 7-bar consolidation.,,,False,1,N,,OHLC_D_I_NR7BEARBO
1776078917,"{'stkname': 'DLF', 'ltp': '', 'perChg': '', 'stkId': 'D04', 'displayLock': 'N', 'scanproflg': 1, 'scUrl': 'constructioncontracting-real-estate/dlf/D04', 'columns': [{'name': 'change %', 'value': '-0.09'}, {'name': 'LTP', 'value': '569.10'}, {'name': 'Close Price value', 'value': '569.10'}, {'name': 'change absolute', 'value': '-0.50'}]}",OHLC_D_I_NR7BEARBO,NR 7 Breakdown,Seven Bar Pattern,18,Range Breakout,NR7 is a 7-bar narrow range pattern. NR7 bearish breakout pattern scanner shows the list of stocks forming bearish breakout pattern after 7-bar consolidation.,,,False,1,N,,OHLC_D_I_NR7BEARBO
1776078917,"{'stkname': 'HMT', 'ltp': '', 'perChg': '', 'stkId': 'HMT', 'displayLock': 'N', 'scanproflg': 1, 'scUrl': 'auto-tractors/hmt/HMT', 'columns': [{'name': 'change %', 'value': '-2.35'}, {'name': 'LTP', 'value': '62.26'}, {'name': 'Close Price value', 'value': '62.26'}, {'name': 'change absolute', 'value': '-1.50'}]}",OHLC_D_I_NR7BEARBO,NR 7 Breakdown,Seven Bar Pattern,18,Range Breakout,NR7 is a 7-bar narrow range pattern. NR7 bearish breakout pattern scanner shows the list of stocks forming bearish breakout pattern after 7-bar consolidation.,,,False,1,N,,OHLC_D_I_NR7BEARBO
1776078917,"{'stkname': 'IDBI Bank', 'ltp': '', 'perChg': '', 'stkId': 'IDB', 'displayLock': 'N', 'scanproflg': 1, 'scUrl': 'bank-private/idbibank/IDB05', 'columns': [{'name': 'change %', 'value': '-0.30'}, {'name': 'LTP', 'value': '73.79'}, {'name': 'Close Price value', 'value': '73.79'}, {'name': 'change absolute', 'value': '-0.22'}]}",OHLC_D_I_NR7BEARBO,NR 7 Breakdown,Seven Bar Pattern,18,Range Breakout,NR7 is a 7-bar narrow range pattern. NR7 bearish breakout pattern scanner shows the list of stocks forming bearish breakout pattern after 7-bar consolidation.,,,False,1,N,,OHLC_D_I_NR7BEARBO
1776078917,"{'stkname': 'Sandhar Technol', 'ltp': '', 'perChg': '', 'stkId': 'STL05', 'displayLock': 'N', 'scanproflg': 1, 'scUrl': 'auto-ancillaries/sandhartechnologies/STl06', 'columns': [{'name': 'change %', 'value': '-1.52'}, {'name': 'LTP', 'value': '485.00'}, {'name': 'Close Price value', 'value': '485.00'}, {'name': 'change absolute', 'value': '-7.50'}]}",OHLC_D_I_NR7BEARBO,NR 7 Breakdown,Seven Bar Pattern,18,Range Breakout,NR7 is a 7-bar narrow range pattern. NR7 bearish breakout pattern scanner shows the list of stocks forming bearish breakout pattern after 7-bar consolidation.,,,False,1,N,,OHLC_D_I_NR7BEARBO
1776078917,"{'stkname': 'Rico Auto', 'ltp': '', 'perChg': '', 'stkId': 'RA04', 'displayLock': 'N', 'scanproflg': 1, 'scUrl': 'auto-ancillaries/ricoauto/RA04', 'columns': [{'name': 'change %', 'value': '-0.27'}, {'name': 'LTP', 'value': '116.40'}, {'name': 'Close Price value', 'value': '116.40'}, {'name': 'change absolute', 'value': '-0.32'}]}",OHLC_D_I_NR7BEARBO,NR 7 Breakdown,Seven Bar Pattern,18,Range Breakout,NR7 is a 7-bar narrow range pattern. NR7 bearish breakout pattern scanner shows the list of stocks forming bearish breakout pattern after 7-bar consolidation.,,,False,1,N,,OHLC_D_I_NR7BEARBO
1776078917,"{'stkname': 'GMR Airports', 'ltp': '', 'perChg': '', 'stkId': 'GI27', 'displayLock': 'N', 'scanproflg': 1, 'scUrl': 'transport-infrastructure/gmrairports/GI27', 'columns': [{'name': 'change %', 'value': '-0.26'}, {'name': 'LTP', 'value': '95.00'}, {'name': 'Close Price value', 'value': '95.00'}, {'name': 'change absolute', 'value': '-0.25'}]}",OHLC_D_I_NR7BEARBO,NR 7 Breakdown,Seven Bar Pattern,18,Range Breakout,NR7 is a 7-bar narrow range pattern. NR7 bearish breakout pattern scanner shows the list of stocks forming bearish breakout pattern after 7-bar consolidation.,,,False,1,N,,OHLC_D_I_NR7BEARBO
1776078917,"{'stkname': 'Jain Irrigation', 'ltp': '', 'perChg': '', 'stkId': 'JIS02', 'displayLock': 'N', 'scanproflg': 1, 'scUrl': 'plastics/jainirrigationsystems/JIS02', 'columns': [{'name': 'change %', 'value': '-1.87'}, {'name': 'LTP', 'value': '32.00'}, {'name': 'Close Price value', 'value': '32.00'}, {'name': 'change absolute', 'value': '-0.61'}]}",OHLC_D_I_NR7BEARBO,NR 7 Breakdown,Seven Bar Pattern,18,Range Breakout,NR7 is a 7-bar narrow range pattern. NR7 bearish breakout pattern scanner shows the list of stocks forming bearish breakout pattern after 7-bar consolidation.,,,False,1,N,,OHLC_D_I_NR7BEARBO
1776078917,"{'stkname': 'IOC', 'ltp': '', 'perChg': '', 'stkId': 'IOC', 'displayLock': 'N', 'scanproflg': 1, 'scUrl': 'refineries/indianoilcorporation/IOC', 'columns': [{'name': 'change %', 'value': '-1.23'}, {'name': 'LTP', 'value': '141.20'}, {'name': 'Close Price value', 'value': '141.20'}, {'name': 'change absolute', 'value': '-1.76'}]}",OHLC_D_I_NR7BEARBO,NR 7 Breakdown,Seven Bar Pattern,18,Range Breakout,NR7 is a 7-bar narrow range pattern. NR7 bearish breakout pattern scanner shows the list of stocks forming bearish breakout pattern after 7-bar consolidation.,,,False,1,N,,OHLC_D_I_NR7BEARBO
1776078917,"{'stkname': 'Updater Service', 'ltp': '', 'perChg': '', 'stkId': 'USL02', 'displayLock': 'N', 'scanproflg': 1, 'scUrl': 'misc-commercial-services/updaterservices/USL02', 'columns': [{'name': 'change %', 'value': '-0.40'}, {'name': 'LTP', 'value': '150.07'}, {'name': 'Close Price value', 'value': '150.07'}, {'name': 'change absolute', 'value': '-0.61'}]}",OHLC_D_I_NR7BEARBO,NR 7 Breakdown,Seven Bar Pattern,18,Range Breakout,NR7 is a 7-bar narrow range pattern. NR7 bearish breakout pattern scanner shows the list of stocks forming bearish breakout pattern after 7-bar consolidation.,,,False,1,N,,OHLC_D_I_NR7BEARBO
1776078917,"{'stkname': 'PCBL Chemical', 'ltp': '', 'perChg': '', 'stkId': 'PCB01', 'displayLock': 'N', 'scanproflg': 1, 'scUrl': 'carbon-black/pcblchemical/PCB01', 'columns': [{'name': 'change %', 'value': '-1.14'}, {'name': 'LTP', 'value': '270.05'}, {'name': 'Close Price value', 'value': '270.05'}, {'name': 'change absolute', 'value': '-3.12'}]}",OHLC_D_I_NR7BEARBO,NR 7 Breakdown,Seven Bar Pattern,18,Range Breakout,NR7 is a 7-bar narrow range pattern. NR7 bearish breakout pattern scanner shows the list of stocks forming bearish breakout pattern after 7-bar consolidation.,,,False,1,N,,OHLC_D_I_NR7BEARBO
1776078917,"{'stkname': 'Kaynes Tech', 'ltp': '', 'perChg': '', 'stkId': 'KTI05', 'displayLock': 'N', 'scanproflg': 1, 'scUrl': 'electronics-components/kaynestechnologyindia/KTI', 'columns': [{'name': 'change %', 'value': '-0.19'}, {'name': 'LTP', 'value': '3,889.00'}, {'name': 'Close Price value', 'value': '3,889.00'}, {'name': 'change absolute', 'value': '-7.30'}]}",OHLC_D_I_NR7BEARBO,NR 7 Breakdown,Seven Bar Pattern,18,Range Breakout,NR7 is a 7-bar narrow range pattern. NR7 bearish breakout pattern scanner shows the list of stocks forming bearish breakout pattern after 7-bar consolidation.,,,False,1,N,,OHLC_D_I_NR7BEARBO
1776078917,"{'stkname': 'Power Grid Corp', 'ltp': '', 'perChg': '', 'stkId': 'PGC', 'displayLock': 'N', 'scanproflg': 1, 'scUrl': 'power-generationdistribution/powergridcorporationindia/PGC', 'columns': [{'name': 'change %', 'value': '-0.84'}, {'name': 'LTP', 'value': '300.20'}, {'name': 'Close Price value', 'value': '300.20'}, {'name': 'change absolute', 'value': '-2.55'}]}",OHLC_D_I_NR7BEARBO,NR 7 Breakdown,Seven Bar Pattern,18,Range Breakout,NR7 is a 7-bar narrow range pattern. NR7 bearish breakout pattern scanner shows the list of stocks forming bearish breakout pattern after 7-bar consolidation.,,,False,1,N,,OHLC_D_I_NR7BEARBO
1776078917,"{'stkname': 'Dreamfolks Ser.', 'ltp': '', 'perChg': '', 'stkId': 'DS10', 'displayLock': 'N', 'scanproflg': 1, 'scUrl': 'miscellaneous/dreamfolksservices/DS09', 'columns': [{'name': 'change %', 'value': '-0.83'}, {'name': 'LTP', 'value': '76.20'}, {'name': 'Close Price value', 'value': '76.20'}, {'name': 'change absolute', 'value': '-0.64'}]}",OHLC_D_I_NR7BEARBO,NR 7 Breakdown,Seven Bar Pattern,18,Range Breakout,NR7 is a 7-bar narrow range pattern. NR7 bearish breakout pattern scanner shows the list of stocks forming bearish breakout pattern after 7-bar consolidation.,,,False,1,N,,OHLC_D_I_NR7BEARBO
1776078917,"{'stkname': 'Happiest Minds ', 'ltp': '', 'perChg': '', 'stkId': 'HMT01', 'displayLock': 'N', 'scanproflg': 1, 'scUrl': 'it-servicesconsulting/happiestmindstechnologies/HMT01', 'columns': [{'name': 'change %', 'value': '-1.14'}, {'name': 'LTP', 'value': '374.50'}, {'name': 'Close Price value', 'value': '374.50'}, {'name': 'change absolute', 'value': '-4.30'}]}",OHLC_D_I_NR7BEARBO,NR 7 Breakdown,Seven Bar Pattern,18,Range Breakout,NR7 is a 7-bar narrow range pattern. NR7 bearish breakout pattern scanner shows the list of stocks forming bearish breakout pattern after 7-bar consolidation.,,,False,1,N,,OHLC_D_I_NR7BEARBO
1776078917,"{'stkname': 'Supreme Ind', 'ltp': '', 'perChg': '', 'stkId': 'SI48', 'displayLock': 'N', 'scanproflg': 1, 'scUrl': 'plastics/supremeindustries/SI48', 'columns': [{'name': 'change %', 'value': '-0.40'}, {'name': 'LTP', 'value': '3,787.30'}, {'name': 'Close Price value', 'value': '3,787.30'}, {'name': 'change absolute', 'value': '-15.10'}]}",OHLC_D_I_NR7BEARBO,NR 7 Breakdown,Seven Bar Pattern,18,Range Breakout,NR7 is a 7-bar narrow range pattern. NR7 bearish breakout pattern scanner shows the list of stocks forming bearish breakout pattern after 7-bar consolidation.,,,False,1,N,,OHLC_D_I_NR7BEARBO
1776078917,"{'stkname': 'KSolves', 'ltp': '', 'perChg': '', 'stkId': 'KI23', 'displayLock': 'N', 'scanproflg': 1, 'scUrl': 'software/ksolvesindia/KI09', 'columns': [{'name': 'change %', 'value': '-1.66'}, {'name': 'LTP', 'value': '305.35'}, {'name': 'Close Price value', 'value': '305.35'}, {'name': 'change absolute', 'value': '-5.15'}]}",OHLC_D_I_NR7BEARBO,NR 7 Breakdown,Seven Bar Pattern,18,Range Breakout,NR7 is a 7-bar narrow range pattern. NR7 bearish breakout pattern scanner shows the list of stocks forming bearish breakout pattern after 7-bar consolidation.,,,False,1,N,,OHLC_D_I_NR7BEARBO
1776078917,"{'stkname': 'Whirlpool', 'ltp': '', 'perChg': '', 'stkId': 'WI', 'displayLock': 'N', 'scanproflg': 1, 'scUrl': 'consumer-goods-white-goods/whirlpoolindia/WI', 'columns': [{'name': 'change %', 'value': '-1.09'}, {'name': 'LTP', 'value': '821.00'}, {'name': 'Close Price value', 'value': '821.00'}, {'name': 'change absolute', 'value': '-9.05'}]}",OHLC_D_I_NR7BEARBO,NR 7 Breakdown,Seven Bar Pattern,18,Range Breakout,NR7 is a 7-bar narrow range pattern. NR7 bearish breakout pattern scanner shows the list of stocks forming bearish breakout pattern after 7-bar consolidation.,,,False,1,N,,OHLC_D_I_NR7BEARBO
1776078917,"{'stkname': 'Easy Trip', 'ltp': '', 'perChg': '', 'stkId': 'ETP01', 'displayLock': 'N', 'scanproflg': 1, 'scUrl': 'travel-services/easytripplanners/ETP01', 'columns': [{'name': 'change %', 'value': '-4.24'}, {'name': 'LTP', 'value': '7.67'}, {'name': 'Close Price value', 'value': '7.67'}, {'name': 'change absolute', 'value': '-0.34'}]}",OHLC_D_I_NR7BEARBO,NR 7 Breakdown,Seven Bar Pattern,18,Range Breakout,NR7 is a 7-bar narrow range pattern. NR7 bearish breakout pattern scanner shows the list of stocks forming bearish breakout pattern after 7-bar consolidation.,,,False,1,N,,OHLC_D_I_NR7BEARBO
1776078917,"{'stkname': 'Kajaria Ceramic', 'ltp': '', 'perChg': '', 'stkId': 'KC06', 'displayLock': 'N', 'scanproflg': 1, 'scUrl': 'ceramicsgranite/kajariaceramics/KC06', 'columns': [{'name': 'change %', 'value': '-0.09'}, {'name': 'LTP', 'value': '1,119.65'}, {'name': 'Close Price value', 'value': '1,119.65'}, {'name': 'change absolute', 'value': '-1.05'}]}",OHLC_D_I_NR7BEARBO,NR 7 Breakdown,Seven Bar Pattern,18,Range Breakout,NR7 is a 7-bar narrow range pattern. NR7 bearish breakout pattern scanner shows the list of stocks forming bearish breakout pattern after 7-bar consolidation.,,,False,1,N,,OHLC_D_I_NR7BEARBO
1776078917,"{'stkname': 'Motilal Oswal', 'ltp': '', 'perChg': '', 'stkId': 'MOF01', 'displayLock': 'N', 'scanproflg': 1, 'scUrl': 'finance-general/motilaloswalfinancialservices/MOF01', 'columns': [{'name': 'change %', 'value': '-2.65'}, {'name': 'LTP', 'value': '757.90'}, {'name': 'Close Price value', 'value': '757.90'}, {'name': 'change absolute', 'value': '-20.65'}]}",OHLC_D_I_NR7BEARBO,NR 7 Breakdown,Seven Bar Pattern,18,Range Breakout,NR7 is a 7-bar narrow range pattern. NR7 bearish breakout pattern scanner shows the list of stocks forming bearish breakout pattern after 7-bar consolidation.,,,False,1,N,,OHLC_D_I_NR7BEARBO
1776078917,"{'stkname': 'IEX', 'ltp': '', 'perChg': '', 'stkId': 'IEE', 'displayLock': 'N', 'scanproflg': 1, 'scUrl': 'diversified/indianenergyexchange/IEE', 'columns': [{'name': 'change %', 'value': '-0.76'}, {'name': 'LTP', 'value': '129.00'}, {'name': 'Close Price value', 'value': '129.00'}, {'name': 'change absolute', 'value': '-0.99'}]}",OHLC_D_I_NR7BEARBO,NR 7 Breakdown,Seven Bar Pattern,18,Range Breakout,NR7 is a 7-bar narrow range pattern. NR7 bearish breakout pattern scanner shows the list of stocks forming bearish breakout pattern after 7-bar consolidation.,,,False,1,N,,OHLC_D_I_NR7BEARBO
1776078917,"{'stkname': 'Eternal', 'ltp': '', 'perChg': '', 'stkId': 'Z01', 'displayLock': 'N', 'scanproflg': 1, 'scUrl': 'online-services/eternal/Z', 'columns': [{'name': 'change %', 'value': '-1.62'}, {'name': 'LTP', 'value': '236.35'}, {'name': 'Close Price value', 'value': '236.35'}, {'name': 'change absolute', 'value': '-3.88'}]}",OHLC_D_I_NR7BEARBO,NR 7 Breakdown,Seven Bar Pattern,18,Range Breakout,NR7 is a 7-bar narrow range pattern. NR7 bearish breakout pattern scanner shows the list of stocks forming bearish breakout pattern after 7-bar consolidation.,,,False,1,N,,OHLC_D_I_NR7BEARBO
1776078917,"{'stkname': 'Yes Bank', 'ltp': '', 'perChg': '', 'stkId': 'YB', 'displayLock': 'N', 'scanproflg': 1, 'scUrl': 'banks-private-sector/yesbank/YB', 'columns': [{'name': 'change %', 'value': '-0.94'}, {'name': 'LTP', 'value': '18.90'}, {'name': 'Close Price value', 'value': '18.90'}, {'name': 'change absolute', 'value': '-0.18'}]}",OHLC_D_I_NR7BEARBO,NR 7 Breakdown,Seven Bar Pattern,18,Range Breakout,NR7 is a 7-bar narrow range pattern. NR7 bearish breakout pattern scanner shows the list of stocks forming bearish breakout pattern after 7-bar consolidation.,,,False,1,N,,OHLC_D_I_NR7BEARBO
1776078917,"{'stkname': 'KPIT Tech', 'ltp': '', 'perChg': '', 'stkId': 'KPITT54265', 'displayLock': 'N', 'scanproflg': 1, 'scUrl': 'it-servicesconsulting/kpittechnologies/KPITT54265', 'columns': [{'name': 'change %', 'value': '-0.96'}, {'name': 'LTP', 'value': '709.55'}, {'name': 'Close Price value', 'value': '709.55'}, {'name': 'change absolute', 'value': '-6.90'}]}",OHLC_D_I_NR7BEARBO,NR 7 Breakdown,Seven Bar Pattern,18,Range Breakout,NR7 is a 7-bar narrow range pattern. NR7 bearish breakout pattern scanner shows the list of stocks forming bearish breakout pattern after 7-bar consolidation.,,,False,1,N,,OHLC_D_I_NR7BEARBO
1776078917,"{'stkname': 'Petronet LNG', 'ltp': '', 'perChg': '', 'stkId': 'PLN', 'displayLock': 'N', 'scanproflg': 1, 'scUrl': 'oil-drillingexploration/petronetlng/PLN', 'columns': [{'name': 'change %', 'value': '-2.18'}, {'name': 'LTP', 'value': '264.85'}, {'name': 'Close Price value', 'value': '264.85'}, {'name': 'change absolute', 'value': '-5.89'}]}",OHLC_D_I_NR7BEARBO,NR 7 Breakdown,Seven Bar Pattern,18,Range Breakout,NR7 is a 7-bar narrow range pattern. NR7 bearish breakout pattern scanner shows the list of stocks forming bearish breakout pattern after 7-bar consolidation.,,,False,1,N,,OHLC_D_I_NR7BEARBO
1776078917,"{'stkname': 'ITC', 'ltp': '', 'perChg': '', 'stkId': 'ITC', 'displayLock': 'N', 'scanproflg': 1, 'scUrl': 'diversified/itc/ITC', 'columns': [{'name': 'change %', 'value': '-1.79'}, {'name': 'LTP', 'value': '298.80'}, {'name': 'Close Price value', 'value': '298.80'}, {'name': 'change absolute', 'value': '-5.45'}]}",OHLC_D_I_NR7BEARBO,NR 7 Breakdown,Seven Bar Pattern,18,Range Breakout,NR7 is a 7-bar narrow range pattern. NR7 bearish breakout pattern scanner shows the list of stocks forming bearish breakout pattern after 7-bar consolidation.,,,False,1,N,,OHLC_D_I_NR7BEARBO
1776078917,"{'stkname': 'CG Power ', 'ltp': '', 'perChg': '', 'stkId': 'CG', 'displayLock': 'N', 'scanproflg': 1, 'scUrl': 'electric-equipment/cgpowerindustrialsolutions/CG', 'columns': [{'name': 'change %', 'value': '-2.07'}, {'name': 'LTP', 'value': '716.00'}, {'name': 'Close Price value', 'value': '716.00'}, {'name': 'change absolute', 'value': '-15.10'}]}",OHLC_D_I_NR7BEARBO,NR 7 Breakdown,Seven Bar Pattern,18,Range Breakout,NR7 is a 7-bar narrow range pattern. NR7 bearish breakout pattern scanner shows the list of stocks forming bearish breakout pattern after 7-bar consolidation.,,,False,1,N,,OHLC_D_I_NR7BEARBO
1776078917,"{'stkname': 'SBI Life Insura', 'ltp': '', 'perChg': '', 'stkId': 'SLI03', 'displayLock': 'N', 'scanproflg': 1, 'scUrl': 'lifehealth-insurance/sbilifeinsurancecompany/SLI03', 'columns': [{'name': 'change %', 'value': '-0.47'}, {'name': 'LTP', 'value': '1,914.10'}, {'name': 'Close Price value', 'value': '1,914.10'}, {'name': 'change absolute', 'value': '-9.10'}]}",OHLC_D_I_NR7BEARBO,NR 7 Breakdown,Seven Bar Pattern,18,Range Breakout,NR7 is a 7-bar narrow range pattern. NR7 bearish breakout pattern scanner shows the list of stocks forming bearish breakout pattern after 7-bar consolidation.,,,False,1,N,,OHLC_D_I_NR7BEARBO
1776078917,"{'stkname': 'Indian Hotels', 'ltp': '', 'perChg': '', 'stkId': 'IHC', 'displayLock': 'N', 'scanproflg': 1, 'scUrl': 'hotels/indianhotelscompany/IHC', 'columns': [{'name': 'change %', 'value': '-1.27'}, {'name': 'LTP', 'value': '633.35'}, {'name': 'Close Price value', 'value': '633.35'}, {'name': 'change absolute', 'value': '-8.15'}]}",OHLC_D_I_NR7BEARBO,NR 7 Breakdown,Seven Bar Pattern,18,Range Breakout,NR7 is a 7-bar narrow range pattern. NR7 bearish breakout pattern scanner shows the list of stocks forming bearish breakout pattern after 7-bar consolidation.,,,False,1,N,,OHLC_D_I_NR7BEARBO
1776078917,"{'stkname': 'JSW Steel', 'ltp': '', 'perChg': '', 'stkId': 'JVS', 'displayLock': 'N', 'scanproflg': 1, 'scUrl': 'steel-large/jswsteel/JSW01', 'columns': [{'name': 'change %', 'value': '-0.97'}, {'name': 'LTP', 'value': '1,203.00'}, {'name': 'Close Price value', 'value': '1,203.00'}, {'name': 'change absolute', 'value': '-11.80'}]}",OHLC_D_I_NR7BEARBO,NR 7 Breakdown,Seven Bar Pattern,18,Range Breakout,NR7 is a 7-bar narrow range pattern. NR7 bearish breakout pattern scanner shows the list of stocks forming bearish breakout pattern after 7-bar consolidation.,,,False,1,N,,OHLC_D_I_NR7BEARBO
1776078917,"{'stkname': 'Apollo Hospital', 'ltp': '', 'perChg': '', 'stkId': 'AHE', 'displayLock': 'N', 'scanproflg': 1, 'scUrl': 'hospitalsmedical-services/apollohospitalsenterprises/AHE', 'columns': [{'name': 'change %', 'value': '0.00'}, {'name': 'LTP', 'value': '7,511.50'}, {'name': 'Close Price value', 'value': '7,511.50'}, {'name': 'change absolute', 'value': '0.00'}]}",OHLC_D_I_NR7BEARBO,NR 7 Breakdown,Seven Bar Pattern,18,Range Breakout,NR7 is a 7-bar narrow range pattern. NR7 bearish breakout pattern scanner shows the list of stocks forming bearish breakout pattern after 7-bar consolidation.,,,False,1,N,,OHLC_D_I_NR7BEARBO
1776078917,"{'stkname': 'Bajaj Finance', 'ltp': '', 'perChg': '', 'stkId': 'BAF', 'displayLock': 'N', 'scanproflg': 1, 'scUrl': 'finance-nbfc/bajajfinance/BAF', 'columns': [{'name': 'change %', 'value': '-2.93'}, {'name': 'LTP', 'value': '897.50'}, {'name': 'Close Price value', 'value': '897.50'}, {'name': 'change absolute', 'value': '-27.05'}]}",OHLC_D_I_NR7BEARBO,NR 7 Breakdown,Seven Bar Pattern,18,Range Breakout,NR7 is a 7-bar narrow range pattern. NR7 bearish breakout pattern scanner shows the list of stocks forming bearish breakout pattern after 7-bar consolidation.,,,False,1,N,,OHLC_D_I_NR7BEARBO
1776078917,"{'stkname': 'Bandhan Bank', 'ltp': '', 'perChg': '', 'stkId': 'BB09', 'displayLock': 'N', 'scanproflg': 1, 'scUrl': 'banks-private-sector/bandhanbank/BB09', 'columns': [{'name': 'change %', 'value': '-1.08'}, {'name': 'LTP', 'value': '166.25'}, {'name': 'Close Price value', 'value': '166.25'}, {'name': 'change absolute', 'value': '-1.82'}]}",OHLC_D_I_NR7BEARBO,NR 7 Breakdown,Seven Bar Pattern,18,Range Breakout,NR7 is a 7-bar narrow range pattern. NR7 bearish breakout pattern scanner shows the list of stocks forming bearish breakout pattern after 7-bar consolidation.,,,False,1,N,,OHLC_D_I_NR7BEARBO
1776078917,"{'stkname': 'Kalyan Jeweller', 'ltp': '', 'perChg': '', 'stkId': 'KJI01', 'displayLock': 'N', 'scanproflg': 1, 'scUrl': 'diamondjewellery/kalyanjewellersindia/KJI01', 'columns': [{'name': 'change %', 'value': '-1.70'}, {'name': 'LTP', 'value': '441.50'}, {'name': 'Close Price value', 'value': '441.50'}, {'name': 'change absolute', 'value': '-7.65'}]}",OHLC_D_I_NR7BEARBO,NR 7 Breakdown,Seven Bar Pattern,18,Range Breakout,NR7 is a 7-bar narrow range pattern. NR7 bearish breakout pattern scanner shows the list of stocks forming bearish breakout pattern after 7-bar consolidation.,,,False,1,N,,OHLC_D_I_NR7BEARBO
1776078917,"{'stkname': 'Havells India', 'ltp': '', 'perChg': '', 'stkId': 'HI01', 'displayLock': 'N', 'scanproflg': 1, 'scUrl': 'electric-equipment/havellsindia/HI01', 'columns': [{'name': 'change %', 'value': '-0.76'}, {'name': 'LTP', 'value': '1,272.00'}, {'name': 'Close Price value', 'value': '1,272.00'}, {'name': 'change absolute', 'value': '-9.70'}]}",OHLC_D_I_NR7BEARBO,NR 7 Breakdown,Seven Bar Pattern,18,Range Breakout,NR7 is a 7-bar narrow range pattern. NR7 bearish breakout pattern scanner shows the list of stocks forming bearish breakout pattern after 7-bar consolidation.,,,False,1,N,,OHLC_D_I_NR7BEARBO
1776078917,"{'stkname': 'Bosch', 'ltp': '', 'perChg': '', 'stkId': 'MIC', 'displayLock': 'N', 'scanproflg': 1, 'scUrl': 'auto-ancillaries/bosch/B05', 'columns': [{'name': 'change %', 'value': '-1.86'}, {'name': 'LTP', 'value': '36,635.00'}, {'name': 'Close Price value', 'value': '36,635.00'}, {'name': 'change absolute', 'value': '-695.00'}]}",OHLC_D_I_NR7BEARBO,NR 7 Breakdown,Seven Bar Pattern,18,Range Breakout,NR7 is a 7-bar narrow range pattern. NR7 bearish breakout pattern scanner shows the list of stocks forming bearish breakout pattern after 7-bar consolidation.,,,False,1,N,,OHLC_D_I_NR7BEARBO
1776078917,"{'stkname': 'Hind Zinc', 'ltp': '', 'perChg': '', 'stkId': 'HZ', 'displayLock': 'N', 'scanproflg': 1, 'scUrl': 'metals-non-ferrous/hindustanzinc/HZ', 'columns': [{'name': 'change %', 'value': '-0.28'}, {'name': 'LTP', 'value': '563.00'}, {'name': 'Close Price value', 'value': '563.00'}, {'name': 'change absolute', 'value': '-1.60'}]}",OHLC_D_I_NR7BEARBO,NR 7 Breakdown,Seven Bar Pattern,18,Range Breakout,NR7 is a 7-bar narrow range pattern. NR7 bearish breakout pattern scanner shows the list of stocks forming bearish breakout pattern after 7-bar consolidation.,,,False,1,N,,OHLC_D_I_NR7BEARBO
1776078917,"{'stkname': 'Kotak Mahindra', 'ltp': '', 'perChg': '', 'stkId': 'KMF', 'displayLock': 'N', 'scanproflg': 1, 'scUrl': 'banks-private-sector/kotakmahindrabank/KMB', 'columns': [{'name': 'change %', 'value': '-0.45'}, {'name': 'LTP', 'value': '372.85'}, {'name': 'Close Price value', 'value': '372.85'}, {'name': 'change absolute', 'value': '-1.70'}]}",OHLC_D_I_NR7BEARBO,NR 7 Breakdown,Seven Bar Pattern,18,Range Breakout,NR7 is a 7-bar narrow range pattern. NR7 bearish breakout pattern scanner shows the list of stocks forming bearish breakout pattern after 7-bar consolidation.,,,False,1,N,,OHLC_D_I_NR7BEARBO
1776078917,"{'stkname': 'L&T Finance', 'ltp': '', 'perChg': '', 'stkId': 'LFH', 'displayLock': 'N', 'scanproflg': 1, 'scUrl': 'finance-nbfc/ltfinance/LFH', 'columns': [{'name': 'change %', 'value': '-1.60'}, {'name': 'LTP', 'value': '273.98'}, {'name': 'Close Price value', 'value': '273.98'}, {'name': 'change absolute', 'value': '-4.45'}]}",OHLC_D_I_NR7BEARBO,NR 7 Breakdown,Seven Bar Pattern,18,Range Breakout,NR7 is a 7-bar narrow range pattern. NR7 bearish breakout pattern scanner shows the list of stocks forming bearish breakout pattern after 7-bar consolidation.,,,False,1,N,,OHLC_D_I_NR7BEARBO
1776078917,"{'stkname': 'PNB', 'ltp': '', 'perChg': '', 'stkId': 'PNB05', 'displayLock': 'N', 'scanproflg': 1, 'scUrl': 'banks-public-sector/punjabnationalbank/PNB05', 'columns': [{'name': 'change %', 'value': '-0.80'}, {'name': 'LTP', 'value': '110.91'}, {'name': 'Close Price value', 'value': '110.91'}, {'name': 'change absolute', 'value': '-0.89'}]}",OHLC_D_I_NR7BEARBO,NR 7 Breakdown,Seven Bar Pattern,18,Range Breakout,NR7 is a 7-bar narrow range pattern. NR7 bearish breakout pattern scanner shows the list of stocks forming bearish breakout pattern after 7-bar consolidation.,,,False,1,N,,OHLC_D_I_NR7BEARBO
1776078917,"{'stkname': 'CAMS', 'ltp': '', 'perChg': '', 'stkId': 'CAM', 'displayLock': 'N', 'scanproflg': 1, 'scUrl': 'finance-investment/computeragemanagementservices/CAM', 'columns': [{'name': 'change %', 'value': '-1.37'}, {'name': 'LTP', 'value': '706.00'}, {'name': 'Close Price value', 'value': '706.00'}, {'name': 'change absolute', 'value': '-9.80'}]}",OHLC_D_I_NR7BEARBO,NR 7 Breakdown,Seven Bar Pattern,18,Range Breakout,NR7 is a 7-bar narrow range pattern. NR7 bearish breakout pattern scanner shows the list of stocks forming bearish breakout pattern after 7-bar consolidation.,,,False,1,N,,OHLC_D_I_NR7BEARBO
1776078917,"{'stkname': 'GAIL', 'ltp': '', 'perChg': '', 'stkId': 'GAI', 'displayLock': 'N', 'scanproflg': 1, 'scUrl': 'oil-drillingexploration/gailindia/GAI', 'columns': [{'name': 'change %', 'value': '-0.32'}, {'name': 'LTP', 'value': '153.58'}, {'name': 'Close Price value', 'value': '153.58'}, {'name': 'change absolute', 'value': '-0.50'}]}",OHLC_D_I_NR7BEARBO,NR 7 Breakdown,Seven Bar Pattern,18,Range Breakout,NR7 is a 7-bar narrow range pattern. NR7 bearish breakout pattern scanner shows the list of stocks forming bearish breakout pattern after 7-bar consolidation.,,,False,1,N,,OHLC_D_I_NR7BEARBO
1776078917,"{'stkname': 'FSN E-Co Nykaa', 'ltp': '', 'perChg': '', 'stkId': 'FEV', 'displayLock': 'N', 'scanproflg': 1, 'scUrl': 'miscellaneous/fsne-commerceventuresnykaa/FEV', 'columns': [{'name': 'change %', 'value': '-0.77'}, {'name': 'LTP', 'value': '257.50'}, {'name': 'Close Price value', 'value': '257.50'}, {'name': 'change absolute', 'value': '-1.99'}]}",OHLC_D_I_NR7BEARBO,NR 7 Breakdown,Seven Bar Pattern,18,Range Breakout,NR7 is a 7-bar narrow range pattern. NR7 bearish breakout pattern scanner shows the list of stocks forming bearish breakout pattern after 7-bar consolidation.,,,False,1,N,,OHLC_D_I_NR7BEARBO
1776078917,"{'stkname': 'HDFC Bank', 'ltp': '', 'perChg': '', 'stkId': 'HDF01', 'displayLock': 'N', 'scanproflg': 1, 'scUrl': 'banks-private-sector/hdfcbank/HDF01', 'columns': [{'name': 'change %', 'value': '-2.14'}, {'name': 'LTP', 'value': '793.00'}, {'name': 'Close Price value', 'value': '793.00'}, {'name': 'change absolute', 'value': '-17.30'}]}",OHLC_D_I_NR7BEARBO,NR 7 Breakdown,Seven Bar Pattern,18,Range Breakout,NR7 is a 7-bar narrow range pattern. NR7 bearish breakout pattern scanner shows the list of stocks forming bearish breakout pattern after 7-bar consolidation.,,,False,1,N,,OHLC_D_I_NR7BEARBO
1776078917,"{'stkname': 'Nestle', 'ltp': '', 'perChg': '', 'stkId': 'NI', 'displayLock': 'N', 'scanproflg': 1, 'scUrl': 'food-processing/nestleindia/NI', 'columns': [{'name': 'change %', 'value': '-1.96'}, {'name': 'LTP', 'value': '1,224.80'}, {'name': 'Close Price value', 'value': '1,224.80'}, {'name': 'change absolute', 'value': '-24.50'}]}",OHLC_D_I_NR7BEARBO,NR 7 Breakdown,Seven Bar Pattern,18,Range Breakout,NR7 is a 7-bar narrow range pattern. NR7 bearish breakout pattern scanner shows the list of stocks forming bearish breakout pattern after 7-bar consolidation.,,,False,1,N,,OHLC_D_I_NR7BEARBO
1776078917,"{'stkname': 'Union Bank', 'ltp': '', 'perChg': '', 'stkId': 'UBI01', 'displayLock': 'N', 'scanproflg': 1, 'scUrl': 'banks-public-sector/unionbankindia/UBI01', 'columns': [{'name': 'change %', 'value': '-2.03'}, {'name': 'LTP', 'value': '185.20'}, {'name': 'Close Price value', 'value': '185.20'}, {'name': 'change absolute', 'value': '-3.83'}]}",OHLC_D_I_NR7BEARBO,NR 7 Breakdown,Seven Bar Pattern,18,Range Breakout,NR7 is a 7-bar narrow range pattern. NR7 bearish breakout pattern scanner shows the list of stocks forming bearish breakout pattern after 7-bar consolidation.,,,False,1,N,,OHLC_D_I_NR7BEARBO
1776078917,"{'stkname': 'Bajaj Holdings', 'ltp': '', 'perChg': '', 'stkId': 'BA', 'displayLock': 'N', 'scanproflg': 1, 'scUrl': 'finance-investments/bajajholdingsinvestment/BHI', 'columns': [{'name': 'change %', 'value': '-1.54'}, {'name': 'LTP', 'value': '9,844.00'}, {'name': 'Close Price value', 'value': '9,844.00'}, {'name': 'change absolute', 'value': '-153.50'}]}",OHLC_D_I_NR7BEARBO,NR 7 Breakdown,Seven Bar Pattern,18,Range Breakout,NR7 is a 7-bar narrow range pattern. NR7 bearish breakout pattern scanner shows the list of stocks forming bearish breakout pattern after 7-bar consolidation.,,,False,1,N,,OHLC_D_I_NR7BEARBO
1776078917,"{'stkname': 'Karur Vysya', 'ltp': '', 'perChg': '', 'stkId': 'KVB', 'displayLock': 'N', 'scanproflg': 1, 'scUrl': 'banks-private-sector/karurvysyabank/KVB', 'columns': [{'name': 'change %', 'value': '-0.28'}, {'name': 'LTP', 'value': '280.90'}, {'name': 'Close Price value', 'value': '280.90'}, {'name': 'change absolute', 'value': '-0.80'}]}",OHLC_D_I_NR7BEARBO,NR 7 Breakdown,Seven Bar Pattern,18,Range Breakout,NR7 is a 7-bar narrow range pattern. NR7 bearish breakout pattern scanner shows the list of stocks forming bearish breakout pattern after 7-bar consolidation.,,,False,1,N,,OHLC_D_I_NR7BEARBO
1776078917,"{'stkname': 'Canara Bank', 'ltp': '', 'perChg': '', 'stkId': 'CB06', 'displayLock': 'N', 'scanproflg': 1, 'scUrl': 'banks-public-sector/canarabank/CB06', 'columns': [{'name': 'change %', 'value': '-0.82'}, {'name': 'LTP', 'value': '139.00'}, {'name': 'Close Price value', 'value': '139.00'}, {'name': 'change absolute', 'value': '-1.15'}]}",OHLC_D_I_NR7BEARBO,NR 7 Breakdown,Seven Bar Pattern,18,Range Breakout,NR7 is a 7-bar narrow range pattern. NR7 bearish breakout pattern scanner shows the list of stocks forming bearish breakout pattern after 7-bar consolidation.,,,False,1,N,,OHLC_D_I_NR7BEARBO
1776078917,"{'stkname': 'Kotak Nifty 50', 'ltp': '', 'perChg': '', 'stkId': 'KMM01', 'displayLock': 'N', 'scanproflg': 1, 'scUrl': 'etf/kotaknifty50etf/KMM01', 'columns': [{'name': 'change %', 'value': '-1.00'}, {'name': 'LTP', 'value': '262.20'}, {'name': 'Close Price value', 'value': '262.20'}, {'name': 'change absolute', 'value': '-2.66'}]}",OHLC_D_I_NR7BEARBO,NR 7 Breakdown,Seven Bar Pattern,18,Range Breakout,NR7 is a 7-bar narrow range pattern. NR7 bearish breakout pattern scanner shows the list of stocks forming bearish breakout pattern after 7-bar consolidation.,,,False,1,N,,OHLC_D_I_NR7BEARBO
1776078917,"{'stkname': 'Indian Bank', 'ltp': '', 'perChg': '', 'stkId': 'IB04', 'displayLock': 'N', 'scanproflg': 1, 'scUrl': 'banks-public-sector/indianbank/IB04', 'columns': [{'name': 'change %', 'value': '-0.08'}, {'name': 'LTP', 'value': '967.00'}, {'name': 'Close Price value', 'value': '967.00'}, {'name': 'change absolute', 'value': '-0.75'}]}",OHLC_D_I_NR7BEARBO,NR 7 Breakdown,Seven Bar Pattern,18,Range Breakout,NR7 is a 7-bar narrow range pattern. NR7 bearish breakout pattern scanner shows the list of stocks forming bearish breakout pattern after 7-bar consolidation.,,,False,1,N,,OHLC_D_I_NR7BEARBO
1776078917,"{'stkname': 'SBI BankingETF', 'ltp': '', 'perChg': '', 'stkId': 'SBI25', 'displayLock': 'N', 'scanproflg': 1, 'scUrl': 'etf/sbietfbanking/SBI26', 'columns': [{'name': 'change %', 'value': '-0.50'}, {'name': 'LTP', 'value': '568.99'}, {'name': 'Close Price value', 'value': '568.99'}, {'name': 'change absolute', 'value': '-2.88'}]}",OHLC_D_I_NR7BEARBO,NR 7 Breakdown,Seven Bar Pattern,18,Range Breakout,NR7 is a 7-bar narrow range pattern. NR7 bearish breakout pattern scanner shows the list of stocks forming bearish breakout pattern after 7-bar consolidation.,,,False,1,N,,OHLC_D_I_NR7BEARBO
1776078917,"{'stkname': 'Bandhan Silver', 'ltp': '', 'perChg': '', 'stkId': 'BSE02', 'displayLock': 'N', 'scanproflg': 1, 'scUrl': 'etf/bandhansilveretf/BSE', 'columns': [{'name': 'change %', 'value': '-1.13'}, {'name': 'LTP', 'value': '235.00'}, {'name': 'Close Price value', 'value': '235.00'}, {'name': 'change absolute', 'value': '-2.68'}]}",OHLC_D_I_NR7BEARBO,NR 7 Breakdown,Seven Bar Pattern,18,Range Breakout,NR7 is a 7-bar narrow range pattern. NR7 bearish breakout pattern scanner shows the list of stocks forming bearish breakout pattern after 7-bar consolidation.,,,False,1,N,,OHLC_D_I_NR7BEARBO
1776078917,"{'stkname': 'Bharti Airtel', 'ltp': '', 'perChg': '', 'stkId': 'BTV', 'displayLock': 'N', 'scanproflg': 1, 'scUrl': 'telecommunications-service/bhartiairtel/BA08', 'columns': [{'name': 'change %', 'value': '-0.19'}, {'name': 'LTP', 'value': '1,866.40'}, {'name': 'Close Price value', 'value': '1,866.40'}, {'name': 'change absolute', 'value': '-3.60'}]}",OHLC_D_I_NR7BEARBO,NR 7 Breakdown,Seven Bar Pattern,18,Range Breakout,NR7 is a 7-bar narrow range pattern. NR7 bearish breakout pattern scanner shows the list of stocks forming bearish breakout pattern after 7-bar consolidation.,,,False,1,N,,OHLC_D_I_NR7BEARBO
1776078917,"{'stkname': 'SBI ETF', 'ltp': '', 'perChg': '', 'stkId': 'SBI28', 'displayLock': 'N', 'scanproflg': 1, 'scUrl': 'etf/sbimutualfund-sbi-etf10yeargilt/SBI29', 'columns': [{'name': 'change %', 'value': '-0.08'}, {'name': 'LTP', 'value': '257.90'}, {'name': 'Close Price value', 'value': '257.90'}, {'name': 'change absolute', 'value': '-0.20'}]}",OHLC_D_I_NR7BEARBO,NR 7 Breakdown,Seven Bar Pattern,18,Range Breakout,NR7 is a 7-bar narrow range pattern. NR7 bearish breakout pattern scanner shows the list of stocks forming bearish breakout pattern after 7-bar consolidation.,,,False,1,N,,OHLC_D_I_NR7BEARBO
1776078917,"{'stkname': 'Shriram Finance', 'ltp': '', 'perChg': '', 'stkId': 'STF', 'displayLock': 'N', 'scanproflg': 1, 'scUrl': 'finance-leasinghire-purchase/shriramfinance/STF', 'columns': [{'name': 'change %', 'value': '-2.00'}, {'name': 'LTP', 'value': '1,007.00'}, {'name': 'Close Price value', 'value': '1,007.00'}, {'name': 'change absolute', 'value': '-20.55'}]}",OHLC_D_I_NR7BEARBO,NR 7 Breakdown,Seven Bar Pattern,18,Range Breakout,NR7 is a 7-bar narrow range pattern. NR7 bearish breakout pattern scanner shows the list of stocks forming bearish breakout pattern after 7-bar consolidation.,,,False,1,N,,OHLC_D_I_NR7BEARBO
1776078917,"{'stkname': 'TATA Cons. Prod', 'ltp': '', 'perChg': '', 'stkId': 'TT', 'displayLock': 'N', 'scanproflg': 1, 'scUrl': 'plantations-teacoffee/tataconsumerproducts/TT', 'columns': [{'name': 'change %', 'value': '-0.34'}, {'name': 'LTP', 'value': '1,090.00'}, {'name': 'Close Price value', 'value': '1,090.00'}, {'name': 'change absolute', 'value': '-3.70'}]}",OHLC_D_I_NR7BEARBO,NR 7 Breakdown,Seven Bar Pattern,18,Range Breakout,NR7 is a 7-bar narrow range pattern. NR7 bearish breakout pattern scanner shows the list of stocks forming bearish breakout pattern after 7-bar consolidation.,,,False,1,N,,OHLC_D_I_NR7BEARBO
1776078917,"{'stkname': 'Bharat Elec', 'ltp': '', 'perChg': '', 'stkId': 'BE03', 'displayLock': 'N', 'scanproflg': 1, 'scUrl': 'aerospacedefence/bharatelectronics/BE03', 'columns': [{'name': 'change %', 'value': '-0.09'}, {'name': 'LTP', 'value': '442.05'}, {'name': 'Close Price value', 'value': '442.05'}, {'name': 'change absolute', 'value': '-0.40'}]}",OHLC_D_I_NR7BEARBO,NR 7 Breakdown,Seven Bar Pattern,18,Range Breakout,NR7 is a 7-bar narrow range pattern. NR7 bearish breakout pattern scanner shows the list of stocks forming bearish breakout pattern after 7-bar consolidation.,,,False,1,N,,OHLC_D_I_NR7BEARBO
1776078917,"{'stkname': 'Maruti Suzuki', 'ltp': '', 'perChg': '', 'stkId': 'MU01', 'displayLock': 'N', 'scanproflg': 1, 'scUrl': 'auto-carsjeeps/marutisuzukiindia/MS24', 'columns': [{'name': 'change %', 'value': '-4.62'}, {'name': 'LTP', 'value': '13,076.00'}, {'name': 'Close Price value', 'value': '13,076.00'}, {'name': 'change absolute', 'value': '-633.00'}]}",OHLC_D_I_NR7BEARBO,NR 7 Breakdown,Seven Bar Pattern,18,Range Breakout,NR7 is a 7-bar narrow range pattern. NR7 bearish breakout pattern scanner shows the list of stocks forming bearish breakout pattern after 7-bar consolidation.,,,False,1,N,,OHLC_D_I_NR7BEARBO
1776078917,"{'stkname': 'SBIBPB', 'ltp': '', 'perChg': '', 'stkId': 'SBIBP30290', 'displayLock': 'N', 'scanproflg': 1, 'scUrl': 'etf/sbibsepsubanketf/SBIBP30290', 'columns': [{'name': 'change %', 'value': '-0.36'}, {'name': 'LTP', 'value': '50.44'}, {'name': 'Close Price value', 'value': '50.44'}, {'name': 'change absolute', 'value': '-0.18'}]}",OHLC_D_I_NR7BEARBO,NR 7 Breakdown,Seven Bar Pattern,18,Range Breakout,NR7 is a 7-bar narrow range pattern. NR7 bearish breakout pattern scanner shows the list of stocks forming bearish breakout pattern after 7-bar consolidation.,,,False,1,N,,OHLC_D_I_NR7BEARBO
1776078917,"{'stkname': 'MA N500 502525', 'ltp': '', 'perChg': '', 'stkId': 'MULTI25080', 'displayLock': 'N', 'scanproflg': 1, 'scUrl': 'etf/miraeassetnifty500multicap502525etf/MULTI25080', 'columns': [{'name': 'change %', 'value': '-0.70'}, {'name': 'LTP', 'value': '15.52'}, {'name': 'Close Price value', 'value': '15.52'}, {'name': 'change absolute', 'value': '-0.11'}]}",OHLC_D_I_NR7BEARBO,NR 7 Breakdown,Seven Bar Pattern,18,Range Breakout,NR7 is a 7-bar narrow range pattern. NR7 bearish breakout pattern scanner shows the list of stocks forming bearish breakout pattern after 7-bar consolidation.,,,False,1,N,,OHLC_D_I_NR7BEARBO
1776078917,"{'stkname': 'Mirae Nifty50', 'ltp': '', 'perChg': '', 'stkId': 'MAN506353', 'displayLock': 'N', 'scanproflg': 1, 'scUrl': 'etf/miraeassetnifty50etf/MAN506353', 'columns': [{'name': 'change %', 'value': '-1.02'}, {'name': 'LTP', 'value': '256.91'}, {'name': 'Close Price value', 'value': '256.91'}, {'name': 'change absolute', 'value': '-2.65'}]}",OHLC_D_I_NR7BEARBO,NR 7 Breakdown,Seven Bar Pattern,18,Range Breakout,NR7 is a 7-bar narrow range pattern. NR7 bearish breakout pattern scanner shows the list of stocks forming bearish breakout pattern after 7-bar consolidation.,,,False,1,N,,OHLC_D_I_NR7BEARBO
1776078917,"{'stkname': 'SBI ETF PVT BAN', 'ltp': '', 'perChg': '', 'stkId': 'SEP03', 'displayLock': 'N', 'scanproflg': 1, 'scUrl': 'finance-nbfc/sbietfprivatebank/SEP', 'columns': [{'name': 'change %', 'value': '-0.78'}, {'name': 'LTP', 'value': '271.00'}, {'name': 'Close Price value', 'value': '271.00'}, {'name': 'change absolute', 'value': '-2.12'}]}",OHLC_D_I_NR7BEARBO,NR 7 Breakdown,Seven Bar Pattern,18,Range Breakout,NR7 is a 7-bar narrow range pattern. NR7 bearish breakout pattern scanner shows the list of stocks forming bearish breakout pattern after 7-bar consolidation.,,,False,1,N,,OHLC_D_I_NR7BEARBO
1776078917,"{'stkname': 'Delhivery', 'ltp': '', 'perChg': '', 'stkId': 'D05', 'displayLock': 'N', 'scanproflg': 1, 'scUrl': 'courier-services/delhivery/D06', 'columns': [{'name': 'change %', 'value': '-1.11'}, {'name': 'LTP', 'value': '464.95'}, {'name': 'Close Price value', 'value': '464.95'}, {'name': 'change absolute', 'value': '-5.20'}]}",OHLC_D_I_NR7BEARBO,NR 7 Breakdown,Seven Bar Pattern,18,Range Breakout,NR7 is a 7-bar narrow range pattern. NR7 bearish breakout pattern scanner shows the list of stocks forming bearish breakout pattern after 7-bar consolidation.,,,False,1,N,,OHLC_D_I_NR7BEARBO
1776078917,"{'stkname': 'Mirae BSE Sens', 'ltp': '', 'perChg': '', 'stkId': 'SENSE19224', 'displayLock': 'N', 'scanproflg': 1, 'scUrl': 'etf/miraeassetspbsesensexetf/SENSE19224', 'columns': [{'name': 'change %', 'value': '-0.73'}, {'name': 'LTP', 'value': '78.81'}, {'name': 'Close Price value', 'value': '78.81'}, {'name': 'change absolute', 'value': '-0.58'}]}",OHLC_D_I_NR7BEARBO,NR 7 Breakdown,Seven Bar Pattern,18,Range Breakout,NR7 is a 7-bar narrow range pattern. NR7 bearish breakout pattern scanner shows the list of stocks forming bearish breakout pattern after 7-bar consolidation.,,,False,1,N,,OHLC_D_I_NR7BEARBO
1776078917,"{'stkname': 'DSP Silver ETF', 'ltp': '', 'perChg': '', 'stkId': 'DSE', 'displayLock': 'N', 'scanproflg': 1, 'scUrl': 'etf/dspsilveretf/DSE', 'columns': [{'name': 'change %', 'value': '-1.00'}, {'name': 'LTP', 'value': '226.20'}, {'name': 'Close Price value', 'value': '226.20'}, {'name': 'change absolute', 'value': '-2.29'}]}",OHLC_D_I_NR7BEARBO,NR 7 Breakdown,Seven Bar Pattern,18,Range Breakout,NR7 is a 7-bar narrow range pattern. NR7 bearish breakout pattern scanner shows the list of stocks forming bearish breakout pattern after 7-bar consolidation.,,,False,1,N,,OHLC_D_I_NR7BEARBO
1776078917,"{'stkname': 'Hind Copper', 'ltp': '', 'perChg': '', 'stkId': 'HC07', 'displayLock': 'N', 'scanproflg': 1, 'scUrl': 'metals-non-ferrous/hindustancopper/HC07', 'columns': [{'name': 'change %', 'value': '-0.39'}, {'name': 'LTP', 'value': '528.00'}, {'name': 'Close Price value', 'value': '528.00'}, {'name': 'change absolute', 'value': '-2.05'}]}",OHLC_D_I_NR7BEARBO,NR 7 Breakdown,Seven Bar Pattern,18,Range Breakout,NR7 is a 7-bar narrow range pattern. NR7 bearish breakout pattern scanner shows the list of stocks forming bearish breakout pattern after 7-bar consolidation.,,,False,1,N,,OHLC_D_I_NR7BEARBO
1776078917,"{'stkname': 'Nipp Nifty 100', 'ltp': '', 'perChg': '', 'stkId': 'RSC02', 'displayLock': 'N', 'scanproflg': 1, 'scUrl': 'etf/nipponindiaetfnifty100/RSC03', 'columns': [{'name': 'change %', 'value': '-1.13'}, {'name': 'LTP', 'value': '258.99'}, {'name': 'Close Price value', 'value': '258.99'}, {'name': 'change absolute', 'value': '-2.97'}]}",OHLC_D_I_NR7BEARBO,NR 7 Breakdown,Seven Bar Pattern,18,Range Breakout,NR7 is a 7-bar narrow range pattern. NR7 bearish breakout pattern scanner shows the list of stocks forming bearish breakout pattern after 7-bar consolidation.,,,False,1,N,,OHLC_D_I_NR7BEARBO
1776078917,"{'stkname': 'Ipru Nifty Pri', 'ltp': '', 'perChg': '', 'stkId': 'PVTBA11386', 'displayLock': 'N', 'scanproflg': 1, 'scUrl': 'etf/iciciprudentialniftyprivatebanketf/PVTBA11386', 'columns': [{'name': 'change %', 'value': '-0.07'}, {'name': 'LTP', 'value': '26.92'}, {'name': 'Close Price value', 'value': '26.92'}, {'name': 'change absolute', 'value': '-0.02'}]}",OHLC_D_I_NR7BEARBO,NR 7 Breakdown,Seven Bar Pattern,18,Range Breakout,NR7 is a 7-bar narrow range pattern. NR7 bearish breakout pattern scanner shows the list of stocks forming bearish breakout pattern after 7-bar consolidation.,,,False,1,N,,OHLC_D_I_NR7BEARBO
1776078917,"{'stkname': 'IC QUAL30IETF', 'ltp': '', 'perChg': '', 'stkId': 'QUAL317808', 'displayLock': 'N', 'scanproflg': 1, 'scUrl': 'etf/iciciprudentialnifty200quality30etf/QUAL317808', 'columns': [{'name': 'change %', 'value': '-0.93'}, {'name': 'LTP', 'value': '20.14'}, {'name': 'Close Price value', 'value': '20.14'}, {'name': 'change absolute', 'value': '-0.19'}]}",OHLC_D_I_NR7BEARBO,NR 7 Breakdown,Seven Bar Pattern,18,Range Breakout,NR7 is a 7-bar narrow range pattern. NR7 bearish breakout pattern scanner shows the list of stocks forming bearish breakout pattern after 7-bar consolidation.,,,False,1,N,,OHLC_D_I_NR7BEARBO
1776078917,"{'stkname': 'Ipru SilverETF', 'ltp': '', 'perChg': '', 'stkId': 'IPS01', 'displayLock': 'N', 'scanproflg': 1, 'scUrl': 'etf/iciciprudentialsilveretf/IPS02', 'columns': [{'name': 'change %', 'value': '-0.70'}, {'name': 'LTP', 'value': '234.62'}, {'name': 'Close Price value', 'value': '234.62'}, {'name': 'change absolute', 'value': '-1.65'}]}",OHLC_D_I_NR7BEARBO,NR 7 Breakdown,Seven Bar Pattern,18,Range Breakout,NR7 is a 7-bar narrow range pattern. NR7 bearish breakout pattern scanner shows the list of stocks forming bearish breakout pattern after 7-bar consolidation.,,,False,1,N,,OHLC_D_I_NR7BEARBO
1776078917,"{'stkname': 'UTI BSE Sen Ne', 'ltp': '', 'perChg': '', 'stkId': 'UTISX9168', 'displayLock': 'N', 'scanproflg': 1, 'scUrl': 'etf/utibsesensexnext50etf/UTISX9168', 'columns': [{'name': 'change %', 'value': '-0.11'}, {'name': 'LTP', 'value': '87.93'}, {'name': 'Close Price value', 'value': '87.93'}, {'name': 'change absolute', 'value': '-0.10'}]}",OHLC_D_I_NR7BEARBO,NR 7 Breakdown,Seven Bar Pattern,18,Range Breakout,NR7 is a 7-bar narrow range pattern. NR7 bearish breakout pattern scanner shows the list of stocks forming bearish breakout pattern after 7-bar consolidation.,,,False,1,N,,OHLC_D_I_NR7BEARBO
1776078917,"{'stkname': 'Zero Nifty 100', 'ltp': '', 'perChg': '', 'stkId': 'ZN1', 'displayLock': 'N', 'scanproflg': 1, 'scUrl': 'etf/zerodhanifty100etf/ZN1', 'columns': [{'name': 'change %', 'value': '-0.68'}, {'name': 'LTP', 'value': '10.29'}, {'name': 'Close Price value', 'value': '10.29'}, {'name': 'change absolute', 'value': '-0.07'}]}",OHLC_D_I_NR7BEARBO,NR 7 Breakdown,Seven Bar Pattern,18,Range Breakout,NR7 is a 7-bar narrow range pattern. NR7 bearish breakout pattern scanner shows the list of stocks forming bearish breakout pattern after 7-bar consolidation.,,,False,1,N,,OHLC_D_I_NR7BEARBO
1776078917,"{'stkname': 'Bharat Dynamics', 'ltp': '', 'perChg': '', 'stkId': 'BDL01', 'displayLock': 'N', 'scanproflg': 1, 'scUrl': 'aerospacedefence/bharatdynamics/BDL01', 'columns': [{'name': 'change %', 'value': '-0.80'}, {'name': 'LTP', 'value': '1,335.20'}, {'name': 'Close Price value', 'value': '1,335.20'}, {'name': 'change absolute', 'value': '-10.70'}]}",OHLC_D_I_NR7BEARBO,NR 7 Breakdown,Seven Bar Pattern,18,Range Breakout,NR7 is a 7-bar narrow range pattern. NR7 bearish breakout pattern scanner shows the list of stocks forming bearish breakout pattern after 7-bar consolidation.,,,False,1,N,,OHLC_D_I_NR7BEARBO
1776078917,"{'stkname': 'Mirae Value50', 'ltp': '', 'perChg': '', 'stkId': 'MAN14', 'displayLock': 'N', 'scanproflg': 1, 'scUrl': 'etf/miraeassetnifty500value50etf/MAN14', 'columns': [{'name': 'change %', 'value': '-0.43'}, {'name': 'LTP', 'value': '16.07'}, {'name': 'Close Price value', 'value': '16.07'}, {'name': 'change absolute', 'value': '-0.07'}]}",OHLC_D_I_NR7BEARBO,NR 7 Breakdown,Seven Bar Pattern,18,Range Breakout,NR7 is a 7-bar narrow range pattern. NR7 bearish breakout pattern scanner shows the list of stocks forming bearish breakout pattern after 7-bar consolidation.,,,False,1,N,,OHLC_D_I_NR7BEARBO
1776078917,"{'stkname': 'QNIFTY', 'ltp': '', 'perChg': '', 'stkId': 'QIF', 'displayLock': 'N', 'scanproflg': 1, 'scUrl': 'etf/quantumnifty50etf/QIF', 'columns': [{'name': 'change %', 'value': '-0.90'}, {'name': 'LTP', 'value': '260.80'}, {'name': 'Close Price value', 'value': '260.80'}, {'name': 'change absolute', 'value': '-2.36'}]}",OHLC_D_I_NR7BEARBO,NR 7 Breakdown,Seven Bar Pattern,18,Range Breakout,NR7 is a 7-bar narrow range pattern. NR7 bearish breakout pattern scanner shows the list of stocks forming bearish breakout pattern after 7-bar consolidation.,,,False,1,N,,OHLC_D_I_NR7BEARBO
1776078917,"{'stkname': 'Kotak NiftyPSU', 'ltp': '', 'perChg': '', 'stkId': 'KMM', 'displayLock': 'N', 'scanproflg': 1, 'scUrl': 'etf/kotakniftypsubanketf/KMM', 'columns': [{'name': 'change %', 'value': '-1.05'}, {'name': 'LTP', 'value': '865.12'}, {'name': 'Close Price value', 'value': '865.12'}, {'name': 'change absolute', 'value': '-9.21'}]}",OHLC_D_I_NR7BEARBO,NR 7 Breakdown,Seven Bar Pattern,18,Range Breakout,NR7 is a 7-bar narrow range pattern. NR7 bearish breakout pattern scanner shows the list of stocks forming bearish breakout pattern after 7-bar consolidation.,,,False,1,N,,OHLC_D_I_NR7BEARBO
1776078917,"{'stkname': 'Kotak Silver ET', 'ltp': '', 'perChg': '', 'stkId': 'KOTAK13082', 'displayLock': 'N', 'scanproflg': 1, 'scUrl': 'etf/kotaksilveretf/KOTAK13082', 'columns': [{'name': 'change %', 'value': '-0.61'}, {'name': 'LTP', 'value': '22.83'}, {'name': 'Close Price value', 'value': '22.83'}, {'name': 'change absolute', 'value': '-0.14'}]}",OHLC_D_I_NR7BEARBO,NR 7 Breakdown,Seven Bar Pattern,18,Range Breakout,NR7 is a 7-bar narrow range pattern. NR7 bearish breakout pattern scanner shows the list of stocks forming bearish breakout pattern after 7-bar consolidation.,,,False,1,N,,OHLC_D_I_NR7BEARBO
1776078917,"{'stkname': 'MSCIINDIA', 'ltp': '', 'perChg': '', 'stkId': 'MSCII29758', 'displayLock': 'N', 'scanproflg': 1, 'scUrl': 'etf/kotakmsciindiaetf/MSCII29758', 'columns': [{'name': 'change %', 'value': '-2.78'}, {'name': 'LTP', 'value': '28.33'}, {'name': 'Close Price value', 'value': '28.33'}, {'name': 'change absolute', 'value': '-0.81'}]}",OHLC_D_I_NR7BEARBO,NR 7 Breakdown,Seven Bar Pattern,18,Range Breakout,NR7 is a 7-bar narrow range pattern. NR7 bearish breakout pattern scanner shows the list of stocks forming bearish breakout pattern after 7-bar consolidation.,,,False,1,N,,OHLC_D_I_NR7BEARBO
1776078917,"{'stkname': 'SELECTIPO', 'ltp': '', 'perChg': '', 'stkId': 'SELEC30109', 'displayLock': 'N', 'scanproflg': 1, 'scUrl': 'etf/miraeassetbseselectipoetf/SELEC30109', 'columns': [{'name': 'change %', 'value': '-0.72'}, {'name': 'LTP', 'value': '41.45'}, {'name': 'Close Price value', 'value': '41.45'}, {'name': 'change absolute', 'value': '-0.30'}]}",OHLC_D_I_NR7BEARBO,NR 7 Breakdown,Seven Bar Pattern,18,Range Breakout,NR7 is a 7-bar narrow range pattern. NR7 bearish breakout pattern scanner shows the list of stocks forming bearish breakout pattern after 7-bar consolidation.,,,False,1,N,,OHLC_D_I_NR7BEARBO
1776078917,"{'stkname': 'SBI Nifty50 ET', 'ltp': '', 'perChg': '', 'stkId': 'SBI26', 'displayLock': 'N', 'scanproflg': 1, 'scUrl': 'etf/sbi-etfnifty50/SBI27', 'columns': [{'name': 'change %', 'value': '-0.71'}, {'name': 'LTP', 'value': '255.18'}, {'name': 'Close Price value', 'value': '255.18'}, {'name': 'change absolute', 'value': '-1.82'}]}",OHLC_D_I_NR7BEARBO,NR 7 Breakdown,Seven Bar Pattern,18,Range Breakout,NR7 is a 7-bar narrow range pattern. NR7 bearish breakout pattern scanner shows the list of stocks forming bearish breakout pattern after 7-bar consolidation.,,,False,1,N,,OHLC_D_I_NR7BEARBO
1776078917,"{'stkname': 'Nipp NiftyPhar', 'ltp': '', 'perChg': '', 'stkId': 'NIN', 'displayLock': 'N', 'scanproflg': 1, 'scUrl': 'etf/nipponindianiftypharmaetf/NIN', 'columns': [{'name': 'change %', 'value': '-0.35'}, {'name': 'LTP', 'value': '22.65'}, {'name': 'Close Price value', 'value': '22.65'}, {'name': 'change absolute', 'value': '-0.08'}]}",OHLC_D_I_NR7BEARBO,NR 7 Breakdown,Seven Bar Pattern,18,Range Breakout,NR7 is a 7-bar narrow range pattern. NR7 bearish breakout pattern scanner shows the list of stocks forming bearish breakout pattern after 7-bar consolidation.,,,False,1,N,,OHLC_D_I_NR7BEARBO
1776078917,"{'stkname': 'Nipp Nifty PSU', 'ltp': '', 'perChg': '', 'stkId': 'BMF', 'displayLock': 'N', 'scanproflg': 1, 'scUrl': 'etf/nipponindiaetfniftypsubankbees/BMF', 'columns': [{'name': 'change %', 'value': '-0.71'}, {'name': 'LTP', 'value': '96.79'}, {'name': 'Close Price value', 'value': '96.79'}, {'name': 'change absolute', 'value': '-0.69'}]}",OHLC_D_I_NR7BEARBO,NR 7 Breakdown,Seven Bar Pattern,18,Range Breakout,NR7 is a 7-bar narrow range pattern. NR7 bearish breakout pattern scanner shows the list of stocks forming bearish breakout pattern after 7-bar consolidation.,,,False,1,N,,OHLC_D_I_NR7BEARBO
1776078917,"{'stkname': 'UTI BSE Sensex', 'ltp': '', 'perChg': '', 'stkId': 'UTI20', 'displayLock': 'N', 'scanproflg': 1, 'scUrl': 'etf/utibsesensexetf/UTI20', 'columns': [{'name': 'change %', 'value': '-0.34'}, {'name': 'LTP', 'value': '849.00'}, {'name': 'Close Price value', 'value': '849.00'}, {'name': 'change absolute', 'value': '-2.90'}]}",OHLC_D_I_NR7BEARBO,NR 7 Breakdown,Seven Bar Pattern,18,Range Breakout,NR7 is a 7-bar narrow range pattern. NR7 bearish breakout pattern scanner shows the list of stocks forming bearish breakout pattern after 7-bar consolidation.,,,False,1,N,,OHLC_D_I_NR7BEARBO
1776078917,"{'stkname': 'MO M50 ETF', 'ltp': '', 'perChg': '', 'stkId': 'MOM', 'displayLock': 'N', 'scanproflg': 1, 'scUrl': 'etf/motilaloswalm50etf/MOM', 'columns': [{'name': 'change %', 'value': '-0.32'}, {'name': 'LTP', 'value': '249.20'}, {'name': 'Close Price value', 'value': '249.20'}, {'name': 'change absolute', 'value': '-0.79'}]}",OHLC_D_I_NR7BEARBO,NR 7 Breakdown,Seven Bar Pattern,18,Range Breakout,NR7 is a 7-bar narrow range pattern. NR7 bearish breakout pattern scanner shows the list of stocks forming bearish breakout pattern after 7-bar consolidation.,,,False,1,N,,OHLC_D_I_NR7BEARBO
1776078917,"{'stkname': 'Mirae SilverET', 'ltp': '', 'perChg': '', 'stkId': 'MASIL16777', 'displayLock': 'N', 'scanproflg': 1, 'scUrl': 'etf/miraeassetsilveretf/MASIL16777', 'columns': [{'name': 'change %', 'value': '-0.54'}, {'name': 'LTP', 'value': '229.51'}, {'name': 'Close Price value', 'value': '229.51'}, {'name': 'change absolute', 'value': '-1.25'}]}",OHLC_D_I_NR7BEARBO,NR 7 Breakdown,Seven Bar Pattern,18,Range Breakout,NR7 is a 7-bar narrow range pattern. NR7 bearish breakout pattern scanner shows the list of stocks forming bearish breakout pattern after 7-bar consolidation.,,,False,1,N,,OHLC_D_I_NR7BEARBO
1776078917,"{'stkname': 'Bank of India', 'ltp': '', 'perChg': '', 'stkId': 'BOI', 'displayLock': 'N', 'scanproflg': 1, 'scUrl': 'banks-public-sector/bankindia/BOI', 'columns': [{'name': 'change %', 'value': '-1.74'}, {'name': 'LTP', 'value': '145.35'}, {'name': 'Close Price value', 'value': '145.35'}, {'name': 'change absolute', 'value': '-2.58'}]}",OHLC_D_I_NR7BEARBO,NR 7 Breakdown,Seven Bar Pattern,18,Range Breakout,NR7 is a 7-bar narrow range pattern. NR7 bearish breakout pattern scanner shows the list of stocks forming bearish breakout pattern after 7-bar consolidation.,,,False,1,N,,OHLC_D_I_NR7BEARBO
1776078917,"{'stkname': 'Mirae INDIAETF', 'ltp': '', 'perChg': '', 'stkId': 'MAN02', 'displayLock': 'N', 'scanproflg': 1, 'scUrl': 'etf/miraeassetniftyindiamanufacturingetf/MAN02', 'columns': [{'name': 'change %', 'value': '-1.08'}, {'name': 'LTP', 'value': '152.72'}, {'name': 'Close Price value', 'value': '152.72'}, {'name': 'change absolute', 'value': '-1.67'}]}",OHLC_D_I_NR7BEARBO,NR 7 Breakdown,Seven Bar Pattern,18,Range Breakout,NR7 is a 7-bar narrow range pattern. NR7 bearish breakout pattern scanner shows the list of stocks forming bearish breakout pattern after 7-bar consolidation.,,,False,1,N,,OHLC_D_I_NR7BEARBO
1776078917,"{'stkname': 'Ipru Nifty Meta', 'ltp': '', 'perChg': '', 'stkId': 'METAL24861', 'displayLock': 'N', 'scanproflg': 1, 'scUrl': 'etf/iciciprudentialniftymetaletf/METAL24861', 'columns': [{'name': 'change %', 'value': '-0.16'}, {'name': 'LTP', 'value': '12.38'}, {'name': 'Close Price value', 'value': '12.38'}, {'name': 'change absolute', 'value': '-0.02'}]}",OHLC_D_I_NR7BEARBO,NR 7 Breakdown,Seven Bar Pattern,18,Range Breakout,NR7 is a 7-bar narrow range pattern. NR7 bearish breakout pattern scanner shows the list of stocks forming bearish breakout pattern after 7-bar consolidation.,,,False,1,N,,OHLC_D_I_NR7BEARBO
1776078917,"{'stkname': 'Nipp Nifty 50', 'ltp': '', 'perChg': '', 'stkId': 'NBE01', 'displayLock': 'N', 'scanproflg': 1, 'scUrl': 'etf/nipponindiaetfnifty50bees/NBE01', 'columns': [{'name': 'change %', 'value': '-0.96'}, {'name': 'LTP', 'value': '269.34'}, {'name': 'Close Price value', 'value': '269.34'}, {'name': 'change absolute', 'value': '-2.61'}]}",OHLC_D_I_NR7BEARBO,NR 7 Breakdown,Seven Bar Pattern,18,Range Breakout,NR7 is a 7-bar narrow range pattern. NR7 bearish breakout pattern scanner shows the list of stocks forming bearish breakout pattern after 7-bar consolidation.,,,False,1,N,,OHLC_D_I_NR7BEARBO
1776078917,"{'stkname': 'UTI Nifty50ETF', 'ltp': '', 'perChg': '', 'stkId': 'UTI21', 'displayLock': 'N', 'scanproflg': 1, 'scUrl': 'etf/utinifty50etf/UTI21', 'columns': [{'name': 'change %', 'value': '-0.67'}, {'name': 'LTP', 'value': '262.86'}, {'name': 'Close Price value', 'value': '262.86'}, {'name': 'change absolute', 'value': '-1.77'}]}",OHLC_D_I_NR7BEARBO,NR 7 Breakdown,Seven Bar Pattern,18,Range Breakout,NR7 is a 7-bar narrow range pattern. NR7 bearish breakout pattern scanner shows the list of stocks forming bearish breakout pattern after 7-bar consolidation.,,,False,1,N,,OHLC_D_I_NR7BEARBO
1776078917,"{'stkname': 'BAJAJ NIFTYBETF', 'ltp': '', 'perChg': '', 'stkId': 'NIFTY21959', 'displayLock': 'N', 'scanproflg': 1, 'scUrl': 'etf/bajajfinservnifty50etf/NIFTY21959', 'columns': [{'name': 'change %', 'value': '-0.55'}, {'name': 'LTP', 'value': '243.99'}, {'name': 'Close Price value', 'value': '243.99'}, {'name': 'change absolute', 'value': '-1.35'}]}",OHLC_D_I_NR7BEARBO,NR 7 Breakdown,Seven Bar Pattern,18,Range Breakout,NR7 is a 7-bar narrow range pattern. NR7 bearish breakout pattern scanner shows the list of stocks forming bearish breakout pattern after 7-bar consolidation.,,,False,1,N,,OHLC_D_I_NR7BEARBO
1776078917,"{'stkname': 'KM QUALITY30', 'ltp': '', 'perChg': '', 'stkId': 'KNQ', 'displayLock': 'N', 'scanproflg': 1, 'scUrl': 'etf/kotaknifty200quality30etf/KNQ', 'columns': [{'name': 'change %', 'value': '-1.20'}, {'name': 'LTP', 'value': '19.68'}, {'name': 'Close Price value', 'value': '19.68'}, {'name': 'change absolute', 'value': '-0.24'}]}",OHLC_D_I_NR7BEARBO,NR 7 Breakdown,Seven Bar Pattern,18,Range Breakout,NR7 is a 7-bar narrow range pattern. NR7 bearish breakout pattern scanner shows the list of stocks forming bearish breakout pattern after 7-bar consolidation.,,,False,1,N,,OHLC_D_I_NR7BEARBO
1776078917,"{'stkname': 'SBIETFCON', 'ltp': '', 'perChg': '', 'stkId': 'SBIET5168', 'displayLock': 'N', 'scanproflg': 1, 'scUrl': 'etf/sbietfconsumption/SBIET5168', 'columns': [{'name': 'change %', 'value': '-1.52'}, {'name': 'LTP', 'value': '113.65'}, {'name': 'Close Price value', 'value': '113.65'}, {'name': 'change absolute', 'value': '-1.75'}]}",OHLC_D_I_NR7BEARBO,NR 7 Breakdown,Seven Bar Pattern,18,Range Breakout,NR7 is a 7-bar narrow range pattern. NR7 bearish breakout pattern scanner shows the list of stocks forming bearish breakout pattern after 7-bar consolidation.,,,False,1,N,,OHLC_D_I_NR7BEARBO
1776078917,"{'stkname': 'HDFC BSE Sensex', 'ltp': '', 'perChg': '', 'stkId': 'HDF05', 'displayLock': 'N', 'scanproflg': 1, 'scUrl': 'etf/hdfcbsesensexetf/HDF05', 'columns': [{'name': 'change %', 'value': '-0.93'}, {'name': 'LTP', 'value': '86.50'}, {'name': 'Close Price value', 'value': '86.50'}, {'name': 'change absolute', 'value': '-0.81'}]}",OHLC_D_I_NR7BEARBO,NR 7 Breakdown,Seven Bar Pattern,18,Range Breakout,NR7 is a 7-bar narrow range pattern. NR7 bearish breakout pattern scanner shows the list of stocks forming bearish breakout pattern after 7-bar consolidation.,,,False,1,N,,OHLC_D_I_NR7BEARBO
1776078917,"{'stkname': 'Inve Nifty ETF', 'ltp': '', 'perChg': '', 'stkId': 'IIN', 'displayLock': 'N', 'scanproflg': 1, 'scUrl': 'etf/invescoindianiftyexchangetradedfund/IIN', 'columns': [{'name': 'change %', 'value': '-0.18'}, {'name': 'LTP', 'value': '2,725.66'}, {'name': 'Close Price value', 'value': '2,725.66'}, {'name': 'change absolute', 'value': '-5.02'}]}",OHLC_D_I_NR7BEARBO,NR 7 Breakdown,Seven Bar Pattern,18,Range Breakout,NR7 is a 7-bar narrow range pattern. NR7 bearish breakout pattern scanner shows the list of stocks forming bearish breakout pattern after 7-bar consolidation.,,,False,1,N,,OHLC_D_I_NR7BEARBO
1776078917,"{'stkname': 'MANUFGBEES', 'ltp': '', 'perChg': '', 'stkId': 'NIN02', 'displayLock': 'N', 'scanproflg': 1, 'scUrl': 'etf/nipponindianiftyindiamanufacturingetf/NIN02', 'columns': [{'name': 'change %', 'value': '-1.03'}, {'name': 'LTP', 'value': '150.51'}, {'name': 'Close Price value', 'value': '150.51'}, {'name': 'change absolute', 'value': '-1.57'}]}",OHLC_D_I_NR7BEARBO,NR 7 Breakdown,Seven Bar Pattern,18,Range Breakout,NR7 is a 7-bar narrow range pattern. NR7 bearish breakout pattern scanner shows the list of stocks forming bearish breakout pattern after 7-bar consolidation.,,,False,1,N,,OHLC_D_I_NR7BEARBO
1776078917,"{'stkname': 'ICICI N100 ETF', 'ltp': '', 'perChg': '', 'stkId': 'ICI12', 'displayLock': 'N', 'scanproflg': 1, 'scUrl': 'etf/iciciprudentialnifty100etf/ICI12', 'columns': [{'name': 'change %', 'value': '-1.31'}, {'name': 'LTP', 'value': '27.20'}, {'name': 'Close Price value', 'value': '27.20'}, {'name': 'change absolute', 'value': '-0.36'}]}",OHLC_D_I_NR7BEARBO,NR 7 Breakdown,Seven Bar Pattern,18,Range Breakout,NR7 is a 7-bar narrow range pattern. NR7 bearish breakout pattern scanner shows the list of stocks forming bearish breakout pattern after 7-bar consolidation.,,,False,1,N,,OHLC_D_I_NR7BEARBO
1776078917,"{'stkname': 'Ipru Nifty PSU', 'ltp': '', 'perChg': '', 'stkId': 'PSUBA14584', 'displayLock': 'N', 'scanproflg': 1, 'scUrl': 'etf/iciciprudentialniftypsubanketf/PSUBA14584', 'columns': [{'name': 'change %', 'value': '-0.77'}, {'name': 'LTP', 'value': '88.10'}, {'name': 'Close Price value', 'value': '88.10'}, {'name': 'change absolute', 'value': '-0.68'}]}",OHLC_D_I_NR7BEARBO,NR 7 Breakdown,Seven Bar Pattern,18,Range Breakout,NR7 is a 7-bar narrow range pattern. NR7 bearish breakout pattern scanner shows the list of stocks forming bearish breakout pattern after 7-bar consolidation.,,,False,1,N,,OHLC_D_I_NR7BEARBO
1776078917,"{'stkname': 'SNXT30BEES', 'ltp': '', 'perChg': '', 'stkId': 'SNXT375745', 'displayLock': 'N', 'scanproflg': 1, 'scUrl': 'etf/nipponindiabsesensexnext30etf/SNXT375745', 'columns': [{'name': 'change %', 'value': '-0.30'}, {'name': 'LTP', 'value': '40.15'}, {'name': 'Close Price value', 'value': '40.15'}, {'name': 'change absolute', 'value': '-0.12'}]}",OHLC_D_I_NR7BEARBO,NR 7 Breakdown,Seven Bar Pattern,18,Range Breakout,NR7 is a 7-bar narrow range pattern. NR7 bearish breakout pattern scanner shows the list of stocks forming bearish breakout pattern after 7-bar consolidation.,,,False,1,N,,OHLC_D_I_NR7BEARBO
1776078917,"{'stkname': 'MID150', 'ltp': '', 'perChg': '', 'stkId': 'MID1530469', 'displayLock': 'N', 'scanproflg': 1, 'scUrl': 'etf/kotakniftymidcap150etf/MID1530469', 'columns': [{'name': 'change %', 'value': '-1.76'}, {'name': 'LTP', 'value': '21.20'}, {'name': 'Close Price value', 'value': '21.20'}, {'name': 'change absolute', 'value': '-0.38'}]}",OHLC_D_I_NR7BEARBO,NR 7 Breakdown,Seven Bar Pattern,18,Range Breakout,NR7 is a 7-bar narrow range pattern. NR7 bearish breakout pattern scanner shows the list of stocks forming bearish breakout pattern after 7-bar consolidation.,,,False,1,N,,OHLC_D_I_NR7BEARBO
1776078917,"{'stkname': 'MOTOUR', 'ltp': '', 'perChg': '', 'stkId': 'MOTOU75744', 'displayLock': 'N', 'scanproflg': 1, 'scUrl': 'etf/motilaloswalniftyindiatourismetf/MOTOU75744', 'columns': [{'name': 'change %', 'value': '-0.70'}, {'name': 'LTP', 'value': '72.00'}, {'name': 'Close Price value', 'value': '72.00'}, {'name': 'change absolute', 'value': '-0.51'}]}",OHLC_D_I_NR7BEARBO,NR 7 Breakdown,Seven Bar Pattern,18,Range Breakout,NR7 is a 7-bar narrow range pattern. NR7 bearish breakout pattern scanner shows the list of stocks forming bearish breakout pattern after 7-bar consolidation.,,,False,1,N,,OHLC_D_I_NR7BEARBO
1776078917,"{'stkname': 'MO SP BSE Enh', 'ltp': '', 'perChg': '', 'stkId': 'MOS', 'displayLock': 'N', 'scanproflg': 1, 'scUrl': 'etf/motilaloswalspbseenhancedvalueetf/MOS', 'columns': [{'name': 'change %', 'value': '-0.77'}, {'name': 'LTP', 'value': '114.27'}, {'name': 'Close Price value', 'value': '114.27'}, {'name': 'change absolute', 'value': '-0.89'}]}",OHLC_D_I_NR7BEARBO,NR 7 Breakdown,Seven Bar Pattern,18,Range Breakout,NR7 is a 7-bar narrow range pattern. NR7 bearish breakout pattern scanner shows the list of stocks forming bearish breakout pattern after 7-bar consolidation.,,,False,1,N,,OHLC_D_I_NR7BEARBO
1776078917,"{'stkname': 'MA Nifty Intern', 'ltp': '', 'perChg': '', 'stkId': 'MAN07', 'displayLock': 'N', 'scanproflg': 1, 'scUrl': 'etf/miraeassetniftyindiainternetetf/MAN07', 'columns': [{'name': 'change %', 'value': '-1.52'}, {'name': 'LTP', 'value': '11.63'}, {'name': 'Close Price value', 'value': '11.63'}, {'name': 'change absolute', 'value': '-0.18'}]}",OHLC_D_I_NR7BEARBO,NR 7 Breakdown,Seven Bar Pattern,18,Range Breakout,NR7 is a 7-bar narrow range pattern. NR7 bearish breakout pattern scanner shows the list of stocks forming bearish breakout pattern after 7-bar consolidation.,,,False,1,N,,OHLC_D_I_NR7BEARBO
1776078917,"{'stkname': 'MO Nifty Realt', 'ltp': '', 'perChg': '', 'stkId': 'MON02', 'displayLock': 'N', 'scanproflg': 1, 'scUrl': 'etf/motilaloswalniftyrealtyetf/MON02', 'columns': [{'name': 'change %', 'value': '-0.28'}, {'name': 'LTP', 'value': '75.74'}, {'name': 'Close Price value', 'value': '75.74'}, {'name': 'change absolute', 'value': '-0.21'}]}",OHLC_D_I_NR7BEARBO,NR 7 Breakdown,Seven Bar Pattern,18,Range Breakout,NR7 is a 7-bar narrow range pattern. NR7 bearish breakout pattern scanner shows the list of stocks forming bearish breakout pattern after 7-bar consolidation.,,,False,1,N,,OHLC_D_I_NR7BEARBO
1776078917,"{'stkname': 'GROWWSLVR', 'ltp': '', 'perChg': '', 'stkId': 'GROWW75682', 'displayLock': 'N', 'scanproflg': 1, 'scUrl': 'etf/growwsilveretf/GROWW75682', 'columns': [{'name': 'change %', 'value': '-0.34'}, {'name': 'LTP', 'value': '23.11'}, {'name': 'Close Price value', 'value': '23.11'}, {'name': 'change absolute', 'value': '-0.08'}]}",OHLC_D_I_NR7BEARBO,NR 7 Breakdown,Seven Bar Pattern,18,Range Breakout,NR7 is a 7-bar narrow range pattern. NR7 bearish breakout pattern scanner shows the list of stocks forming bearish breakout pattern after 7-bar consolidation.,,,False,1,N,,OHLC_D_I_NR7BEARBO
1776078917,"{'stkname': 'HDFC Nifty IT', 'ltp': '', 'perChg': '', 'stkId': 'HNI', 'displayLock': 'N', 'scanproflg': 1, 'scUrl': 'etf/hdfcniftyitetf/HNI', 'columns': [{'name': 'change %', 'value': '-0.12'}, {'name': 'LTP', 'value': '32.90'}, {'name': 'Close Price value', 'value': '32.90'}, {'name': 'change absolute', 'value': '-0.04'}]}",OHLC_D_I_NR7BEARBO,NR 7 Breakdown,Seven Bar Pattern,18,Range Breakout,NR7 is a 7-bar narrow range pattern. NR7 bearish breakout pattern scanner shows the list of stocks forming bearish breakout pattern after 7-bar consolidation.,,,False,1,N,,OHLC_D_I_NR7BEARBO
1776078917,"{'stkname': 'LIC Nifty 100', 'ltp': '', 'perChg': '', 'stkId': 'LIC08', 'displayLock': 'N', 'scanproflg': 1, 'scUrl': 'etf/licmf-licmfetf-nifty100/LIC9', 'columns': [{'name': 'change %', 'value': '-0.95'}, {'name': 'LTP', 'value': '268.69'}, {'name': 'Close Price value', 'value': '268.69'}, {'name': 'change absolute', 'value': '-2.58'}]}",OHLC_D_I_NR7BEARBO,NR 7 Breakdown,Seven Bar Pattern,18,Range Breakout,NR7 is a 7-bar narrow range pattern. NR7 bearish breakout pattern scanner shows the list of stocks forming bearish breakout pattern after 7-bar consolidation.,,,False,1,N,,OHLC_D_I_NR7BEARBO
1776078917,"{'stkname': 'Mirae NiftyMid', 'ltp': '', 'perChg': '', 'stkId': 'MAN05', 'displayLock': 'N', 'scanproflg': 1, 'scUrl': 'etf/miraeassetniftymidcap150etf/MAN05', 'columns': [{'name': 'change %', 'value': '-0.55'}, {'name': 'LTP', 'value': '21.63'}, {'name': 'Close Price value', 'value': '21.63'}, {'name': 'change absolute', 'value': '-0.12'}]}",OHLC_D_I_NR7BEARBO,NR 7 Breakdown,Seven Bar Pattern,18,Range Breakout,NR7 is a 7-bar narrow range pattern. NR7 bearish breakout pattern scanner shows the list of stocks forming bearish breakout pattern after 7-bar consolidation.,,,False,1,N,,OHLC_D_I_NR7BEARBO
1776078917,"{'stkname': 'MOSERVICE', 'ltp': '', 'perChg': '', 'stkId': 'MON09', 'displayLock': 'N', 'scanproflg': 1, 'scUrl': 'etf/motilaloswalniftyservicessectoretf/MON09', 'columns': [{'name': 'change %', 'value': '-0.29'}, {'name': 'LTP', 'value': '30.77'}, {'name': 'Close Price value', 'value': '30.77'}, {'name': 'change absolute', 'value': '-0.09'}]}",OHLC_D_I_NR7BEARBO,NR 7 Breakdown,Seven Bar Pattern,18,Range Breakout,NR7 is a 7-bar narrow range pattern. NR7 bearish breakout pattern scanner shows the list of stocks forming bearish breakout pattern after 7-bar consolidation.,,,False,1,N,,OHLC_D_I_NR7BEARBO
1776078917,"{'stkname': 'HDFC Nifty Gro', 'ltp': '', 'perChg': '', 'stkId': 'HNG03', 'displayLock': 'N', 'scanproflg': 1, 'scUrl': 'etf/hdfcniftygrowthsectors15etf/HNG03', 'columns': [{'name': 'change %', 'value': '-1.57'}, {'name': 'LTP', 'value': '113.92'}, {'name': 'Close Price value', 'value': '113.92'}, {'name': 'change absolute', 'value': '-1.82'}]}",OHLC_D_I_NR7BEARBO,NR 7 Breakdown,Seven Bar Pattern,18,Range Breakout,NR7 is a 7-bar narrow range pattern. NR7 bearish breakout pattern scanner shows the list of stocks forming bearish breakout pattern after 7-bar consolidation.,,,False,1,N,,OHLC_D_I_NR7BEARBO
1776078917,"{'stkname': 'HDFC NiftyNext', 'ltp': '', 'perChg': '', 'stkId': 'HNN', 'displayLock': 'N', 'scanproflg': 1, 'scUrl': 'etf/hdfcniftynext50etf/HNN', 'columns': [{'name': 'change %', 'value': '-0.86'}, {'name': 'LTP', 'value': '68.35'}, {'name': 'Close Price value', 'value': '68.35'}, {'name': 'change absolute', 'value': '-0.59'}]}",OHLC_D_I_NR7BEARBO,NR 7 Breakdown,Seven Bar Pattern,18,Range Breakout,NR7 is a 7-bar narrow range pattern. NR7 bearish breakout pattern scanner shows the list of stocks forming bearish breakout pattern after 7-bar consolidation.,,,False,1,N,,OHLC_D_I_NR7BEARBO
1776078917,"{'stkname': 'HDFC Nifty 100', 'ltp': '', 'perChg': '', 'stkId': 'HN101', 'displayLock': 'N', 'scanproflg': 1, 'scUrl': 'etf/hdfcnifty100etf/HN101', 'columns': [{'name': 'change %', 'value': '-0.75'}, {'name': 'LTP', 'value': '25.30'}, {'name': 'Close Price value', 'value': '25.30'}, {'name': 'change absolute', 'value': '-0.19'}]}",OHLC_D_I_NR7BEARBO,NR 7 Breakdown,Seven Bar Pattern,18,Range Breakout,NR7 is a 7-bar narrow range pattern. NR7 bearish breakout pattern scanner shows the list of stocks forming bearish breakout pattern after 7-bar consolidation.,,,False,1,N,,OHLC_D_I_NR7BEARBO
1776078917,"{'stkname': 'HEALTHCARE', 'ltp': '', 'perChg': '', 'stkId': 'MAN10', 'displayLock': 'N', 'scanproflg': 1, 'scUrl': 'etf/miraeassetnifty500healthcareetf/MAN10', 'columns': [{'name': 'change %', 'value': '-0.06'}, {'name': 'LTP', 'value': '18.14'}, {'name': 'Close Price value', 'value': '18.14'}, {'name': 'change absolute', 'value': '-0.01'}]}",OHLC_D_I_NR7BEARBO,NR 7 Breakdown,Seven Bar Pattern,18,Range Breakout,NR7 is a 7-bar narrow range pattern. NR7 bearish breakout pattern scanner shows the list of stocks forming bearish breakout pattern after 7-bar consolidation.,,,False,1,N,,OHLC_D_I_NR7BEARBO
1776078917,"{'stkname': 'Ipru Nifty Hea', 'ltp': '', 'perChg': '', 'stkId': 'IPH', 'displayLock': 'N', 'scanproflg': 1, 'scUrl': 'etf/iciciprudentialniftyhealthcareetf/IPH', 'columns': [{'name': 'change %', 'value': '-0.08'}, {'name': 'LTP', 'value': '145.58'}, {'name': 'Close Price value', 'value': '145.58'}, {'name': 'change absolute', 'value': '-0.12'}]}",OHLC_D_I_NR7BEARBO,NR 7 Breakdown,Seven Bar Pattern,18,Range Breakout,NR7 is a 7-bar narrow range pattern. NR7 bearish breakout pattern scanner shows the list of stocks forming bearish breakout pattern after 7-bar consolidation.,,,False,1,N,,OHLC_D_I_NR7BEARBO
1776078917,"{'stkname': 'ICICIM150', 'ltp': '', 'perChg': '', 'stkId': 'ICICI17152', 'displayLock': 'N', 'scanproflg': 1, 'scUrl': 'etf/iciciprudentialniftymidcap150etf/ICICI17152', 'columns': [{'name': 'change %', 'value': '-0.55'}, {'name': 'LTP', 'value': '21.89'}, {'name': 'Close Price value', 'value': '21.89'}, {'name': 'change absolute', 'value': '-0.12'}]}",OHLC_D_I_NR7BEARBO,NR 7 Breakdown,Seven Bar Pattern,18,Range Breakout,NR7 is a 7-bar narrow range pattern. NR7 bearish breakout pattern scanner shows the list of stocks forming bearish breakout pattern after 7-bar consolidation.,,,False,1,N,,OHLC_D_I_NR7BEARBO
1776078917,"{'stkname': 'MONIFTY100', 'ltp': '', 'perChg': '', 'stkId': 'MON05', 'displayLock': 'N', 'scanproflg': 1, 'scUrl': 'etf/motilaloswalnifty100etf/MON05', 'columns': [{'name': 'change %', 'value': '-0.60'}, {'name': 'LTP', 'value': '24.68'}, {'name': 'Close Price value', 'value': '24.68'}, {'name': 'change absolute', 'value': '-0.15'}]}",OHLC_D_I_NR7BEARBO,NR 7 Breakdown,Seven Bar Pattern,18,Range Breakout,NR7 is a 7-bar narrow range pattern. NR7 bearish breakout pattern scanner shows the list of stocks forming bearish breakout pattern after 7-bar consolidation.,,,False,1,N,,OHLC_D_I_NR7BEARBO
1776078917,"{'stkname': 'MONIFTY500', 'ltp': '', 'perChg': '', 'stkId': 'MONIF19237', 'displayLock': 'N', 'scanproflg': 1, 'scUrl': 'etf/motilaloswalnifty500etf/MONIF19237', 'columns': [{'name': 'change %', 'value': '-0.53'}, {'name': 'LTP', 'value': '22.66'}, {'name': 'Close Price value', 'value': '22.66'}, {'name': 'change absolute', 'value': '-0.12'}]}",OHLC_D_I_NR7BEARBO,NR 7 Breakdown,Seven Bar Pattern,18,Range Breakout,NR7 is a 7-bar narrow range pattern. NR7 bearish breakout pattern scanner shows the list of stocks forming bearish breakout pattern after 7-bar consolidation.,,,False,1,N,,OHLC_D_I_NR7BEARBO
1776078917,"{'stkname': 'INFRA', 'ltp': '', 'perChg': '', 'stkId': 'MAN11', 'displayLock': 'N', 'scanproflg': 1, 'scUrl': 'etf/miraeassetniftyindiainfralogisticsetf/MAN11', 'columns': [{'name': 'change %', 'value': '-0.26'}, {'name': 'LTP', 'value': '11.31'}, {'name': 'Close Price value', 'value': '11.31'}, {'name': 'change absolute', 'value': '-0.03'}]}",OHLC_D_I_NR7BEARBO,NR 7 Breakdown,Seven Bar Pattern,18,Range Breakout,NR7 is a 7-bar narrow range pattern. NR7 bearish breakout pattern scanner shows the list of stocks forming bearish breakout pattern after 7-bar consolidation.,,,False,1,N,,OHLC_D_I_NR7BEARBO
1776078917,"{'stkname': 'MOIPO', 'ltp': '', 'perChg': '', 'stkId': 'MOB', 'displayLock': 'N', 'scanproflg': 1, 'scUrl': 'etf/motilaloswalbseselectipoetf/MOB', 'columns': [{'name': 'change %', 'value': '-0.53'}, {'name': 'LTP', 'value': '41.56'}, {'name': 'Close Price value', 'value': '41.56'}, {'name': 'change absolute', 'value': '-0.22'}]}",OHLC_D_I_NR7BEARBO,NR 7 Breakdown,Seven Bar Pattern,18,Range Breakout,NR7 is a 7-bar narrow range pattern. NR7 bearish breakout pattern scanner shows the list of stocks forming bearish breakout pattern after 7-bar consolidation.,,,False,1,N,,OHLC_D_I_NR7BEARBO
1776078917,"{'stkname': 'Mirae NiftyLow', 'ltp': '', 'perChg': '', 'stkId': 'MANV314786', 'displayLock': 'N', 'scanproflg': 1, 'scUrl': 'etf/miraeassetnifty100lowvolatility30etf/MANV314786', 'columns': [{'name': 'change %', 'value': '-1.14'}, {'name': 'LTP', 'value': '197.83'}, {'name': 'Close Price value', 'value': '197.83'}, {'name': 'change absolute', 'value': '-2.29'}]}",OHLC_D_I_NR7BEARBO,NR 7 Breakdown,Seven Bar Pattern,18,Range Breakout,NR7 is a 7-bar narrow range pattern. NR7 bearish breakout pattern scanner shows the list of stocks forming bearish breakout pattern after 7-bar consolidation.,,,False,1,N,,OHLC_D_I_NR7BEARBO
1776078917,"{'stkname': 'MO Midcap 100', 'ltp': '', 'perChg': '', 'stkId': 'MOM01', 'displayLock': 'N', 'scanproflg': 1, 'scUrl': 'etf/motilaloswalmidcap100etf/MOM01', 'columns': [{'name': 'change %', 'value': '-0.50'}, {'name': 'LTP', 'value': '61.89'}, {'name': 'Close Price value', 'value': '61.89'}, {'name': 'change absolute', 'value': '-0.31'}]}",OHLC_D_I_NR7BEARBO,NR 7 Breakdown,Seven Bar Pattern,18,Range Breakout,NR7 is a 7-bar narrow range pattern. NR7 bearish breakout pattern scanner shows the list of stocks forming bearish breakout pattern after 7-bar consolidation.,,,False,1,N,,OHLC_D_I_NR7BEARBO
1776078917,"{'stkname': 'ABSL NiftyHeal', 'ltp': '', 'perChg': '', 'stkId': 'ABS02', 'displayLock': 'N', 'scanproflg': 1, 'scUrl': 'etf/adityabirlasunlifeniftyhealthcareetf/ABS02', 'columns': [{'name': 'change %', 'value': '0.00'}, {'name': 'LTP', 'value': '14.61'}, {'name': 'Close Price value', 'value': '14.61'}, {'name': 'change absolute', 'value': '0.00'}]}",OHLC_D_I_NR7BEARBO,NR 7 Breakdown,Seven Bar Pattern,18,Range Breakout,NR7 is a 7-bar narrow range pattern. NR7 bearish breakout pattern scanner shows the list of stocks forming bearish breakout pattern after 7-bar consolidation.,,,False,1,N,,OHLC_D_I_NR7BEARBO
1776078917,"{'stkname': 'DSP MSCIADD', 'ltp': '', 'perChg': '', 'stkId': 'DMI02', 'displayLock': 'N', 'scanproflg': 1, 'scUrl': 'etf/dspmsciindiaetf/DMI01', 'columns': [{'name': 'change %', 'value': '-0.66'}, {'name': 'LTP', 'value': '28.60'}, {'name': 'Close Price value', 'value': '28.60'}, {'name': 'change absolute', 'value': '-0.19'}]}",OHLC_D_I_NR7BEARBO,NR 7 Breakdown,Seven Bar Pattern,18,Range Breakout,NR7 is a 7-bar narrow range pattern. NR7 bearish breakout pattern scanner shows the list of stocks forming bearish breakout pattern after 7-bar consolidation.,,,False,1,N,,OHLC_D_I_NR7BEARBO
1776078917,"{'stkname': 'Hindalco', 'ltp': '', 'perChg': '', 'stkId': 'H', 'displayLock': 'N', 'scanproflg': 1, 'scUrl': 'ironsteel/hindalcoindustries/HI', 'columns': [{'name': 'change %', 'value': '-1.60'}, {'name': 'LTP', 'value': '976.20'}, {'name': 'Close Price value', 'value': '976.20'}, {'name': 'change absolute', 'value': '-15.90'}]}",OHLC_D_I_NR7BEARBO,NR 7 Breakdown,Seven Bar Pattern,18,Range Breakout,NR7 is a 7-bar narrow range pattern. NR7 bearish breakout pattern scanner shows the list of stocks forming bearish breakout pattern after 7-bar consolidation.,,,False,1,N,,OHLC_D_I_NR7BEARBO
1776078917,"{'stkname': 'HDFC Nifty 50', 'ltp': '', 'perChg': '', 'stkId': 'HN5', 'displayLock': 'N', 'scanproflg': 1, 'scUrl': 'etf/hdfcnifty50value20etf/HN5', 'columns': [{'name': 'change %', 'value': '-0.44'}, {'name': 'LTP', 'value': '130.95'}, {'name': 'Close Price value', 'value': '130.95'}, {'name': 'change absolute', 'value': '-0.58'}]}",OHLC_D_I_NR7BEARBO,NR 7 Breakdown,Seven Bar Pattern,18,Range Breakout,NR7 is a 7-bar narrow range pattern. NR7 bearish breakout pattern scanner shows the list of stocks forming bearish breakout pattern after 7-bar consolidation.,,,False,1,N,,OHLC_D_I_NR7BEARBO
1776078917,"{'stkname': 'Nipp InfraBeES', 'ltp': '', 'perChg': '', 'stkId': 'IBE', 'displayLock': 'N', 'scanproflg': 1, 'scUrl': 'etf/nipponindiaetfniftyinfrastructurebees/IBE', 'columns': [{'name': 'change %', 'value': '-0.20'}, {'name': 'LTP', 'value': '938.00'}, {'name': 'Close Price value', 'value': '938.00'}, {'name': 'change absolute', 'value': '-1.84'}]}",OHLC_D_I_NR7BEARBO,NR 7 Breakdown,Seven Bar Pattern,18,Range Breakout,NR7 is a 7-bar narrow range pattern. NR7 bearish breakout pattern scanner shows the list of stocks forming bearish breakout pattern after 7-bar consolidation.,,,False,1,N,,OHLC_D_I_NR7BEARBO
1776078917,"{'stkname': 'DSP MidcapQual', 'ltp': '', 'perChg': '', 'stkId': 'DNM', 'displayLock': 'N', 'scanproflg': 1, 'scUrl': 'etf/dspniftymidcap150quality50etf/DNM', 'columns': [{'name': 'change %', 'value': '-1.67'}, {'name': 'LTP', 'value': '230.00'}, {'name': 'Close Price value', 'value': '230.00'}, {'name': 'change absolute', 'value': '-3.91'}]}",OHLC_D_I_NR7BEARBO,NR 7 Breakdown,Seven Bar Pattern,18,Range Breakout,NR7 is a 7-bar narrow range pattern. NR7 bearish breakout pattern scanner shows the list of stocks forming bearish breakout pattern after 7-bar consolidation.,,,False,1,N,,OHLC_D_I_NR7BEARBO
1776078917,"{'stkname': 'HDFC Nifty Low', 'ltp': '', 'perChg': '', 'stkId': 'HNL', 'displayLock': 'N', 'scanproflg': 1, 'scUrl': 'etf/hdfcnifty100lowvolatility30etf/HNL', 'columns': [{'name': 'change %', 'value': '-0.45'}, {'name': 'LTP', 'value': '19.85'}, {'name': 'Close Price value', 'value': '19.85'}, {'name': 'change absolute', 'value': '-0.09'}]}",OHLC_D_I_NR7BEARBO,NR 7 Breakdown,Seven Bar Pattern,18,Range Breakout,NR7 is a 7-bar narrow range pattern. NR7 bearish breakout pattern scanner shows the list of stocks forming bearish breakout pattern after 7-bar consolidation.,,,False,1,N,,OHLC_D_I_NR7BEARBO
1776078917,"{'stkname': 'HDFC Nifty Mid', 'ltp': '', 'perChg': '', 'stkId': 'HDFCM14236', 'displayLock': 'N', 'scanproflg': 1, 'scUrl': 'etf/hdfcniftymidcap150etf/HDFCM14236', 'columns': [{'name': 'change %', 'value': '-0.23'}, {'name': 'LTP', 'value': '21.41'}, {'name': 'Close Price value', 'value': '21.41'}, {'name': 'change absolute', 'value': '-0.05'}]}",OHLC_D_I_NR7BEARBO,NR 7 Breakdown,Seven Bar Pattern,18,Range Breakout,NR7 is a 7-bar narrow range pattern. NR7 bearish breakout pattern scanner shows the list of stocks forming bearish breakout pattern after 7-bar consolidation.,,,False,1,N,,OHLC_D_I_NR7BEARBO
1776078917,"{'stkname': 'Nipp Nifty Mid', 'ltp': '', 'perChg': '', 'stkId': 'NIE02', 'displayLock': 'N', 'scanproflg': 1, 'scUrl': 'etf/nipponindiaetfniftymidcap150/NIE02', 'columns': [{'name': 'change %', 'value': '-0.39'}, {'name': 'LTP', 'value': '218.94'}, {'name': 'Close Price value', 'value': '218.94'}, {'name': 'change absolute', 'value': '-0.85'}]}",OHLC_D_I_NR7BEARBO,NR 7 Breakdown,Seven Bar Pattern,18,Range Breakout,NR7 is a 7-bar narrow range pattern. NR7 bearish breakout pattern scanner shows the list of stocks forming bearish breakout pattern after 7-bar consolidation.,,,False,1,N,,OHLC_D_I_NR7BEARBO
1776078917,"{'stkname': 'Kotak NiftyMid', 'ltp': '', 'perChg': '', 'stkId': 'KOTAK8077', 'displayLock': 'N', 'scanproflg': 1, 'scUrl': 'etf/kotakniftymidcap50etf/KOTAK8077', 'columns': [{'name': 'change %', 'value': '-0.48'}, {'name': 'LTP', 'value': '16.72'}, {'name': 'Close Price value', 'value': '16.72'}, {'name': 'change absolute', 'value': '-0.08'}]}",OHLC_D_I_NR7BEARBO,NR 7 Breakdown,Seven Bar Pattern,18,Range Breakout,NR7 is a 7-bar narrow range pattern. NR7 bearish breakout pattern scanner shows the list of stocks forming bearish breakout pattern after 7-bar consolidation.,,,False,1,N,,OHLC_D_I_NR7BEARBO
1776078917,"{'stkname': 'EQUAL50', 'ltp': '', 'perChg': '', 'stkId': 'EQUAL75714', 'displayLock': 'N', 'scanproflg': 1, 'scUrl': 'etf/miraeassetnifty50equalweightetf/EQUAL75714', 'columns': [{'name': 'change %', 'value': '-0.71'}, {'name': 'LTP', 'value': '318.72'}, {'name': 'Close Price value', 'value': '318.72'}, {'name': 'change absolute', 'value': '-2.28'}]}",OHLC_D_I_NR4BEARBO,NR 4 Breakdown,Four Bar Pattern,18,Range Breakout,NR4 is a 4-bar narrow range pattern. NR4 bearish breakout pattern scanner shows the list of stocks forming bearish breakout pattern after 4-bar consolidation.,,,False,1,N,,OHLC_D_I_NR4BEARBO
1776078917,"{'stkname': 'GOLD360', 'ltp': '', 'perChg': '', 'stkId': 'GOLD330105', 'displayLock': 'N', 'scanproflg': 1, 'scUrl': 'miscellaneous/gold360/GOLD330105', 'columns': [{'name': 'change %', 'value': '-0.21'}, {'name': 'LTP', 'value': '145.15'}, {'name': 'Close Price value', 'value': '145.15'}, {'name': 'change absolute', 'value': '-0.30'}]}",OHLC_D_I_NR4BEARBO,NR 4 Breakdown,Four Bar Pattern,18,Range Breakout,NR4 is a 4-bar narrow range pattern. NR4 bearish breakout pattern scanner shows the list of stocks forming bearish breakout pattern after 4-bar consolidation.,,,False,1,N,,OHLC_D_I_NR4BEARBO
1776078917,"{'stkname': 'Nipp NiftyBank', 'ltp': '', 'perChg': '', 'stkId': 'BAM02', 'displayLock': 'N', 'scanproflg': 1, 'scUrl': 'etf/nipponindiaetfniftybankbees/BAM02', 'columns': [{'name': 'change %', 'value': '-0.51'}, {'name': 'LTP', 'value': '573.00'}, {'name': 'Close Price value', 'value': '573.00'}, {'name': 'change absolute', 'value': '-2.96'}]}",OHLC_D_I_NR4BEARBO,NR 4 Breakdown,Four Bar Pattern,18,Range Breakout,NR4 is a 4-bar narrow range pattern. NR4 bearish breakout pattern scanner shows the list of stocks forming bearish breakout pattern after 4-bar consolidation.,,,False,1,N,,OHLC_D_I_NR4BEARBO
1776078917,"{'stkname': 'DSPFLEXIADD', 'ltp': '', 'perChg': '', 'stkId': 'DNF', 'displayLock': 'N', 'scanproflg': 1, 'scUrl': 'etf/dspnifty500flexicapquality30etf/DNF', 'columns': [{'name': 'change %', 'value': '-0.72'}, {'name': 'LTP', 'value': '9.59'}, {'name': 'Close Price value', 'value': '9.59'}, {'name': 'change absolute', 'value': '-0.07'}]}",OHLC_D_I_NR4BEARBO,NR 4 Breakdown,Four Bar Pattern,18,Range Breakout,NR4 is a 4-bar narrow range pattern. NR4 bearish breakout pattern scanner shows the list of stocks forming bearish breakout pattern after 4-bar consolidation.,,,False,1,N,,OHLC_D_I_NR4BEARBO
1776078917,"{'stkname': 'Axis NiftyHeal', 'ltp': '', 'perChg': '', 'stkId': 'AHE02', 'displayLock': 'N', 'scanproflg': 1, 'scUrl': 'etf/axisniftyhealthcareetf/AHE02', 'columns': [{'name': 'change %', 'value': '-0.35'}, {'name': 'LTP', 'value': '144.20'}, {'name': 'Close Price value', 'value': '144.20'}, {'name': 'change absolute', 'value': '-0.51'}]}",OHLC_D_I_NR4BEARBO,NR 4 Breakdown,Four Bar Pattern,18,Range Breakout,NR4 is a 4-bar narrow range pattern. NR4 bearish breakout pattern scanner shows the list of stocks forming bearish breakout pattern after 4-bar consolidation.,,,False,1,N,,OHLC_D_I_NR4BEARBO
1776078917,"{'stkname': 'Inve Gold ETF', 'ltp': '', 'perChg': '', 'stkId': 'RGE', 'displayLock': 'N', 'scanproflg': 1, 'scUrl': 'gold-etf/invescoindiagoldexchangetradedfund/RGE', 'columns': [{'name': 'change %', 'value': '-0.05'}, {'name': 'LTP', 'value': '12,985.00'}, {'name': 'Close Price value', 'value': '12,985.00'}, {'name': 'change absolute', 'value': '-6.20'}]}",OHLC_D_I_NR4BEARBO,NR 4 Breakdown,Four Bar Pattern,18,Range Breakout,NR4 is a 4-bar narrow range pattern. NR4 bearish breakout pattern scanner shows the list of stocks forming bearish breakout pattern after 4-bar consolidation.,,,False,1,N,,OHLC_D_I_NR4BEARBO
1776078917,"{'stkname': 'ABSL NiftyNext', 'ltp': '', 'perChg': '', 'stkId': 'ABSLN7339', 'displayLock': 'N', 'scanproflg': 1, 'scUrl': 'etf/adityabirlasunlifeniftynext50etf/ABSLN7339', 'columns': [{'name': 'change %', 'value': '-0.18'}, {'name': 'LTP', 'value': '70.64'}, {'name': 'Close Price value', 'value': '70.64'}, {'name': 'change absolute', 'value': '-0.13'}]}",OHLC_D_I_NR4BEARBO,NR 4 Breakdown,Four Bar Pattern,18,Range Breakout,NR4 is a 4-bar narrow range pattern. NR4 bearish breakout pattern scanner shows the list of stocks forming bearish breakout pattern after 4-bar consolidation.,,,False,1,N,,OHLC_D_I_NR4BEARBO
1776078917,"{'stkname': 'BSLSENETFG', 'ltp': '', 'perChg': '', 'stkId': 'ABS01', 'displayLock': 'N', 'scanproflg': 1, 'scUrl': 'etf/adityabirlasunlifebsesensexetf/ABS01', 'columns': [{'name': 'change %', 'value': '-0.97'}, {'name': 'LTP', 'value': '76.80'}, {'name': 'Close Price value', 'value': '76.80'}, {'name': 'change absolute', 'value': '-0.75'}]}",OHLC_D_I_NR4BEARBO,NR 4 Breakdown,Four Bar Pattern,18,Range Breakout,NR4 is a 4-bar narrow range pattern. NR4 bearish breakout pattern scanner shows the list of stocks forming bearish breakout pattern after 4-bar consolidation.,,,False,1,N,,OHLC_D_I_NR4BEARBO
1776078917,"{'stkname': 'GROWWMOM50', 'ltp': '', 'perChg': '', 'stkId': 'GROWW75608', 'displayLock': 'N', 'scanproflg': 1, 'scUrl': 'etf/growwnifty500momentum50etf/GROWW75608', 'columns': [{'name': 'change %', 'value': '-0.39'}, {'name': 'LTP', 'value': '10.30'}, {'name': 'Close Price value', 'value': '10.30'}, {'name': 'change absolute', 'value': '-0.04'}]}",OHLC_D_I_NR4BEARBO,NR 4 Breakdown,Four Bar Pattern,18,Range Breakout,NR4 is a 4-bar narrow range pattern. NR4 bearish breakout pattern scanner shows the list of stocks forming bearish breakout pattern after 4-bar consolidation.,,,False,1,N,,OHLC_D_I_NR4BEARBO
1776078917,"{'stkname': 'Mirae Nifty100', 'ltp': '', 'perChg': '', 'stkId': 'MAN03', 'displayLock': 'N', 'scanproflg': 1, 'scUrl': 'etf/miraeassetnifty100esgsectorleadersetf/MAN03', 'columns': [{'name': 'change %', 'value': '-0.90'}, {'name': 'LTP', 'value': '40.62'}, {'name': 'Close Price value', 'value': '40.62'}, {'name': 'change absolute', 'value': '-0.37'}]}",OHLC_D_I_NR4BEARBO,NR 4 Breakdown,Four Bar Pattern,18,Range Breakout,NR4 is a 4-bar narrow range pattern. NR4 bearish breakout pattern scanner shows the list of stocks forming bearish breakout pattern after 4-bar consolidation.,,,False,1,N,,OHLC_D_I_NR4BEARBO
1776078917,"{'stkname': 'MA Energy ETF', 'ltp': '', 'perChg': '', 'stkId': 'MAN12', 'displayLock': 'N', 'scanproflg': 1, 'scUrl': 'etf/miraeassetniftyenergyetf/MAN12', 'columns': [{'name': 'change %', 'value': '-0.16'}, {'name': 'LTP', 'value': '37.30'}, {'name': 'Close Price value', 'value': '37.30'}, {'name': 'change absolute', 'value': '-0.06'}]}",OHLC_D_I_NR4BEARBO,NR 4 Breakdown,Four Bar Pattern,18,Range Breakout,NR4 is a 4-bar narrow range pattern. NR4 bearish breakout pattern scanner shows the list of stocks forming bearish breakout pattern after 4-bar consolidation.,,,False,1,N,,OHLC_D_I_NR4BEARBO
1776078917,"{'stkname': 'ENIFTY', 'ltp': '', 'perChg': '', 'stkId': 'EN5', 'displayLock': 'N', 'scanproflg': 1, 'scUrl': 'etf/edelweissnifty50etf/EN5', 'columns': [{'name': 'change %', 'value': '-0.58'}, {'name': 'LTP', 'value': '23.87'}, {'name': 'Close Price value', 'value': '23.87'}, {'name': 'change absolute', 'value': '-0.14'}]}",OHLC_D_I_NR4BEARBO,NR 4 Breakdown,Four Bar Pattern,18,Range Breakout,NR4 is a 4-bar narrow range pattern. NR4 bearish breakout pattern scanner shows the list of stocks forming bearish breakout pattern after 4-bar consolidation.,,,False,1,N,,OHLC_D_I_NR4BEARBO
1776078917,"{'stkname': 'BANKBETF', 'ltp': '', 'perChg': '', 'stkId': 'BANKB21986', 'displayLock': 'N', 'scanproflg': 1, 'scUrl': 'etf/bajajfinservniftybanketf/BANKB21986', 'columns': [{'name': 'change %', 'value': '-0.46'}, {'name': 'LTP', 'value': '56.40'}, {'name': 'Close Price value', 'value': '56.40'}, {'name': 'change absolute', 'value': '-0.26'}]}",OHLC_D_I_NR4BEARBO,NR 4 Breakdown,Four Bar Pattern,18,Range Breakout,NR4 is a 4-bar narrow range pattern. NR4 bearish breakout pattern scanner shows the list of stocks forming bearish breakout pattern after 4-bar consolidation.,,,False,1,N,,OHLC_D_I_NR4BEARBO
1776078917,"{'stkname': 'Ipru NiftyBank', 'ltp': '', 'perChg': '', 'stkId': 'IPB01', 'displayLock': 'N', 'scanproflg': 1, 'scUrl': 'etf/iciciprudentialniftybanketf/IPB01', 'columns': [{'name': 'change %', 'value': '-0.89'}, {'name': 'LTP', 'value': '56.69'}, {'name': 'Close Price value', 'value': '56.69'}, {'name': 'change absolute', 'value': '-0.51'}]}",OHLC_D_I_NR4BEARBO,NR 4 Breakdown,Four Bar Pattern,18,Range Breakout,NR4 is a 4-bar narrow range pattern. NR4 bearish breakout pattern scanner shows the list of stocks forming bearish breakout pattern after 4-bar consolidation.,,,False,1,N,,OHLC_D_I_NR4BEARBO
1776078917,"{'stkname': 'ABSL Nifty 50', 'ltp': '', 'perChg': '', 'stkId': 'BSL03', 'displayLock': 'N', 'scanproflg': 1, 'scUrl': 'etf/adityabirlasunlifenifty50etf/BSL03', 'columns': [{'name': 'change %', 'value': '-0.46'}, {'name': 'LTP', 'value': '27.84'}, {'name': 'Close Price value', 'value': '27.84'}, {'name': 'change absolute', 'value': '-0.13'}]}",OHLC_D_I_NR4BEARBO,NR 4 Breakdown,Four Bar Pattern,18,Range Breakout,NR4 is a 4-bar narrow range pattern. NR4 bearish breakout pattern scanner shows the list of stocks forming bearish breakout pattern after 4-bar consolidation.,,,False,1,N,,OHLC_D_I_NR4BEARBO
1776078917,"{'stkname': 'GROWWNET', 'ltp': '', 'perChg': '', 'stkId': 'GROWW75781', 'displayLock': 'N', 'scanproflg': 1, 'scUrl': 'etf/growwniftyindiainternetetf/GROWW75781', 'columns': [{'name': 'change %', 'value': '-0.57'}, {'name': 'LTP', 'value': '8.72'}, {'name': 'Close Price value', 'value': '8.72'}, {'name': 'change absolute', 'value': '-0.05'}]}",OHLC_D_I_NR4BEARBO,NR 4 Breakdown,Four Bar Pattern,18,Range Breakout,NR4 is a 4-bar narrow range pattern. NR4 bearish breakout pattern scanner shows the list of stocks forming bearish breakout pattern after 4-bar consolidation.,,,False,1,N,,OHLC_D_I_NR4BEARBO
1776078917,"{'stkname': 'ABSL Top10 Bk', 'ltp': '', 'perChg': '', 'stkId': 'ABS06', 'displayLock': 'N', 'scanproflg': 1, 'scUrl': 'etf/adityabirlasunlifebsetop10banksetf/ABS06', 'columns': [{'name': 'change %', 'value': '-0.02'}, {'name': 'LTP', 'value': '166.98'}, {'name': 'Close Price value', 'value': '166.98'}, {'name': 'change absolute', 'value': '-0.03'}]}",OHLC_D_I_NR4BEARBO,NR 4 Breakdown,Four Bar Pattern,18,Range Breakout,NR4 is a 4-bar narrow range pattern. NR4 bearish breakout pattern scanner shows the list of stocks forming bearish breakout pattern after 4-bar consolidation.,,,False,1,N,,OHLC_D_I_NR4BEARBO
1776078917,"{'stkname': 'Axis NiftyBank', 'ltp': '', 'perChg': '', 'stkId': 'ANB', 'displayLock': 'N', 'scanproflg': 1, 'scUrl': 'etf/axisniftybanketf/ANB', 'columns': [{'name': 'change %', 'value': '-0.44'}, {'name': 'LTP', 'value': '571.00'}, {'name': 'Close Price value', 'value': '571.00'}, {'name': 'change absolute', 'value': '-2.55'}]}",OHLC_D_I_NR4BEARBO,NR 4 Breakdown,Four Bar Pattern,18,Range Breakout,NR4 is a 4-bar narrow range pattern. NR4 bearish breakout pattern scanner shows the list of stocks forming bearish breakout pattern after 4-bar consolidation.,,,False,1,N,,OHLC_D_I_NR4BEARBO
1776078917,"{'stkname': 'EBANKNIFTY', 'ltp': '', 'perChg': '', 'stkId': 'EBANK25258', 'displayLock': 'N', 'scanproflg': 1, 'scUrl': 'etf/edelweissniftybanketf/EBANK25258', 'columns': [{'name': 'change %', 'value': '-0.61'}, {'name': 'LTP', 'value': '55.67'}, {'name': 'Close Price value', 'value': '55.67'}, {'name': 'change absolute', 'value': '-0.34'}]}",OHLC_D_I_NR4BEARBO,NR 4 Breakdown,Four Bar Pattern,18,Range Breakout,NR4 is a 4-bar narrow range pattern. NR4 bearish breakout pattern scanner shows the list of stocks forming bearish breakout pattern after 4-bar consolidation.,,,False,1,N,,OHLC_D_I_NR4BEARBO
1776078917,"{'stkname': 'BB Apr 33 ETF', 'ltp': '', 'perChg': '', 'stkId': 'BBE03', 'displayLock': 'N', 'scanproflg': 1, 'scUrl': 'etf/bharatbondetf-april2033/BBE03', 'columns': [{'name': 'change %', 'value': '-0.04'}, {'name': 'LTP', 'value': '1,273.00'}, {'name': 'Close Price value', 'value': '1,273.00'}, {'name': 'change absolute', 'value': '-0.53'}]}",OHLC_D_I_NR4BEARBO,NR 4 Breakdown,Four Bar Pattern,18,Range Breakout,NR4 is a 4-bar narrow range pattern. NR4 bearish breakout pattern scanner shows the list of stocks forming bearish breakout pattern after 4-bar consolidation.,,,False,1,N,,OHLC_D_I_NR4BEARBO
1776078917,"{'stkname': 'UltraTechCement', 'ltp': '', 'perChg': '', 'stkId': 'UTC', 'displayLock': 'N', 'scanproflg': 1, 'scUrl': 'cement-major/ultratechcement/UTC01', 'columns': [{'name': 'change %', 'value': '-0.69'}, {'name': 'LTP', 'value': '11,509.00'}, {'name': 'Close Price value', 'value': '11,509.00'}, {'name': 'change absolute', 'value': '-80.00'}]}",OHLC_D_I_NR4BEARBO,NR 4 Breakdown,Four Bar Pattern,18,Range Breakout,NR4 is a 4-bar narrow range pattern. NR4 bearish breakout pattern scanner shows the list of stocks forming bearish breakout pattern after 4-bar consolidation.,,,False,1,N,,OHLC_D_I_NR4BEARBO
1776078917,"{'stkname': 'Mirae NiftyFin', 'ltp': '', 'perChg': '', 'stkId': 'MAN01', 'displayLock': 'N', 'scanproflg': 1, 'scUrl': 'etf/miraeassetniftyfinancialservicesetf/MAN01', 'columns': [{'name': 'change %', 'value': '-0.66'}, {'name': 'LTP', 'value': '26.92'}, {'name': 'Close Price value', 'value': '26.92'}, {'name': 'change absolute', 'value': '-0.18'}]}",OHLC_D_I_NR4BEARBO,NR 4 Breakdown,Four Bar Pattern,18,Range Breakout,NR4 is a 4-bar narrow range pattern. NR4 bearish breakout pattern scanner shows the list of stocks forming bearish breakout pattern after 4-bar consolidation.,,,False,1,N,,OHLC_D_I_NR4BEARBO
1776078917,"{'stkname': 'Kotak NiftyAlp', 'ltp': '', 'perChg': '', 'stkId': 'KNA', 'displayLock': 'N', 'scanproflg': 1, 'scUrl': 'etf/kotakniftyalpha50etf/KNA', 'columns': [{'name': 'change %', 'value': '-0.25'}, {'name': 'LTP', 'value': '47.50'}, {'name': 'Close Price value', 'value': '47.50'}, {'name': 'change absolute', 'value': '-0.12'}]}",OHLC_D_I_NR4BEARBO,NR 4 Breakdown,Four Bar Pattern,18,Range Breakout,NR4 is a 4-bar narrow range pattern. NR4 bearish breakout pattern scanner shows the list of stocks forming bearish breakout pattern after 4-bar consolidation.,,,False,1,N,,OHLC_D_I_NR4BEARBO
1776078917,"{'stkname': 'MA Nif BANKETF', 'ltp': '', 'perChg': '', 'stkId': 'BANKE17419', 'displayLock': 'N', 'scanproflg': 1, 'scUrl': 'etf/miraeassetniftybanketf/BANKE17419', 'columns': [{'name': 'change %', 'value': '-0.64'}, {'name': 'LTP', 'value': '563.25'}, {'name': 'Close Price value', 'value': '563.25'}, {'name': 'change absolute', 'value': '-3.61'}]}",OHLC_D_I_NR4BEARBO,NR 4 Breakdown,Four Bar Pattern,18,Range Breakout,NR4 is a 4-bar narrow range pattern. NR4 bearish breakout pattern scanner shows the list of stocks forming bearish breakout pattern after 4-bar consolidation.,,,False,1,N,,OHLC_D_I_NR4BEARBO
1776078917,"{'stkname': 'EQUAL200', 'ltp': '', 'perChg': '', 'stkId': 'EQUAL30121', 'displayLock': 'N', 'scanproflg': 1, 'scUrl': 'etf/miraeassetbse200equalweightetf/EQUAL30121', 'columns': [{'name': 'change %', 'value': '-0.62'}, {'name': 'LTP', 'value': '12.86'}, {'name': 'Close Price value', 'value': '12.86'}, {'name': 'change absolute', 'value': '-0.08'}]}",OHLC_D_I_NR4BEARBO,NR 4 Breakdown,Four Bar Pattern,18,Range Breakout,NR4 is a 4-bar narrow range pattern. NR4 bearish breakout pattern scanner shows the list of stocks forming bearish breakout pattern after 4-bar consolidation.,,,False,1,N,,OHLC_D_I_NR4BEARBO
1776078917,"{'stkname': 'BBNPNBETF', 'ltp': '', 'perChg': '', 'stkId': 'BBNPN24117', 'displayLock': 'N', 'scanproflg': 1, 'scUrl': 'etf/barodabnpparibasniftybanketf/BBNPN24117', 'columns': [{'name': 'change %', 'value': '-0.11'}, {'name': 'LTP', 'value': '56.03'}, {'name': 'Close Price value', 'value': '56.03'}, {'name': 'change absolute', 'value': '-0.06'}]}",OHLC_D_I_NR4BEARBO,NR 4 Breakdown,Four Bar Pattern,18,Range Breakout,NR4 is a 4-bar narrow range pattern. NR4 bearish breakout pattern scanner shows the list of stocks forming bearish breakout pattern after 4-bar consolidation.,,,False,1,N,,OHLC_D_I_NR4BEARBO
1776078917,"{'stkname': 'Angel Silver ET', 'ltp': '', 'perChg': '', 'stkId': 'AOS01', 'displayLock': 'N', 'scanproflg': 1, 'scUrl': 'etf/angelonesilveretf/AOS01', 'columns': [{'name': 'change %', 'value': '-0.66'}, {'name': 'LTP', 'value': '9.00'}, {'name': 'Close Price value', 'value': '9.00'}, {'name': 'change absolute', 'value': '-0.06'}]}",OHLC_D_I_NR4BEARBO,NR 4 Breakdown,Four Bar Pattern,18,Range Breakout,NR4 is a 4-bar narrow range pattern. NR4 bearish breakout pattern scanner shows the list of stocks forming bearish breakout pattern after 4-bar consolidation.,,,False,1,N,,OHLC_D_I_NR4BEARBO
1776078917,"{'stkname': 'Ipru BSE 500', 'ltp': '', 'perChg': '', 'stkId': 'ICICI3001', 'displayLock': 'N', 'scanproflg': 1, 'scUrl': 'etf/iciciprudentialbse500etf/ICICI3001', 'columns': [{'name': 'change %', 'value': '-0.90'}, {'name': 'LTP', 'value': '37.47'}, {'name': 'Close Price value', 'value': '37.47'}, {'name': 'change absolute', 'value': '-0.34'}]}",OHLC_D_I_NR4BEARBO,NR 4 Breakdown,Four Bar Pattern,18,Range Breakout,NR4 is a 4-bar narrow range pattern. NR4 bearish breakout pattern scanner shows the list of stocks forming bearish breakout pattern after 4-bar consolidation.,,,False,1,N,,OHLC_D_I_NR4BEARBO
1776078917,"{'stkname': 'PNGS Reva Diamo', 'ltp': '', 'perChg': '', 'stkId': 'PRD', 'displayLock': 'N', 'scanproflg': 1, 'scUrl': 'diamondjewellery/pngsrevadiamondjewellery/PRD', 'columns': [{'name': 'change %', 'value': '-3.22'}, {'name': 'LTP', 'value': '363.15'}, {'name': 'Close Price value', 'value': '363.15'}, {'name': 'change absolute', 'value': '-12.10'}]}",OHLC_D_I_NR4BEARBO,NR 4 Breakdown,Four Bar Pattern,18,Range Breakout,NR4 is a 4-bar narrow range pattern. NR4 bearish breakout pattern scanner shows the list of stocks forming bearish breakout pattern after 4-bar consolidation.,,,False,1,N,,OHLC_D_I_NR4BEARBO
1776078917,"{'stkname': 'Sanofi Consumer', 'ltp': '', 'perChg': '', 'stkId': 'SCH', 'displayLock': 'N', 'scanproflg': 1, 'scUrl': 'hospitalhealthcare-services/sanoficonsumerhealthcareindia/SCH', 'columns': [{'name': 'change %', 'value': '-0.37'}, {'name': 'LTP', 'value': '4,602.00'}, {'name': 'Close Price value', 'value': '4,602.00'}, {'name': 'change absolute', 'value': '-17.10'}]}",OHLC_D_I_NR4BEARBO,NR 4 Breakdown,Four Bar Pattern,18,Range Breakout,NR4 is a 4-bar narrow range pattern. NR4 bearish breakout pattern scanner shows the list of stocks forming bearish breakout pattern after 4-bar consolidation.,,,False,1,N,,OHLC_D_I_NR4BEARBO
1776078917,"{'stkname': 'Pritish Nandy', 'ltp': '', 'perChg': '', 'stkId': 'PNC', 'displayLock': 'N', 'scanproflg': 1, 'scUrl': 'mediaentertainment/pritishnandycommunications/PNC', 'columns': [{'name': 'change %', 'value': '-0.48'}, {'name': 'LTP', 'value': '22.89'}, {'name': 'Close Price value', 'value': '22.89'}, {'name': 'change absolute', 'value': '-0.11'}]}",OHLC_D_I_NR4BEARBO,NR 4 Breakdown,Four Bar Pattern,18,Range Breakout,NR4 is a 4-bar narrow range pattern. NR4 bearish breakout pattern scanner shows the list of stocks forming bearish breakout pattern after 4-bar consolidation.,,,False,1,N,,OHLC_D_I_NR4BEARBO
1776078917,"{'stkname': 'Diligent Media ', 'ltp': '', 'perChg': '', 'stkId': 'DMC04', 'displayLock': 'N', 'scanproflg': 1, 'scUrl': 'mediaentertainment/diligentmediacorporationltd/DMC05', 'columns': [{'name': 'change %', 'value': '-0.63'}, {'name': 'LTP', 'value': '3.16'}, {'name': 'Close Price value', 'value': '3.16'}, {'name': 'change absolute', 'value': '-0.02'}]}",OHLC_D_I_NR4BEARBO,NR 4 Breakdown,Four Bar Pattern,18,Range Breakout,NR4 is a 4-bar narrow range pattern. NR4 bearish breakout pattern scanner shows the list of stocks forming bearish breakout pattern after 4-bar consolidation.,,,False,1,N,,OHLC_D_I_NR4BEARBO
1776078917,"{'stkname': 'TV Vision', 'ltp': '', 'perChg': '', 'stkId': 'TVV', 'displayLock': 'N', 'scanproflg': 1, 'scUrl': 'mediaentertainment/tvvision/TVV', 'columns': [{'name': 'change %', 'value': '-5.80'}, {'name': 'LTP', 'value': '5.20'}, {'name': 'Close Price value', 'value': '5.20'}, {'name': 'change absolute', 'value': '-0.32'}]}",OHLC_D_I_NR4BEARBO,NR 4 Breakdown,Four Bar Pattern,18,Range Breakout,NR4 is a 4-bar narrow range pattern. NR4 bearish breakout pattern scanner shows the list of stocks forming bearish breakout pattern after 4-bar consolidation.,,,False,1,N,,OHLC_D_I_NR4BEARBO
1776078917,"{'stkname': 'Raymond Realty', 'ltp': '', 'perChg': '', 'stkId': 'RRL02', 'displayLock': 'N', 'scanproflg': 1, 'scUrl': 'construction-residentialcommercial-complexes/raymondrealty/RRL02', 'columns': [{'name': 'change %', 'value': '-0.45'}, {'name': 'LTP', 'value': '432.35'}, {'name': 'Close Price value', 'value': '432.35'}, {'name': 'change absolute', 'value': '-1.95'}]}",OHLC_D_I_NR4BEARBO,NR 4 Breakdown,Four Bar Pattern,18,Range Breakout,NR4 is a 4-bar narrow range pattern. NR4 bearish breakout pattern scanner shows the list of stocks forming bearish breakout pattern after 4-bar consolidation.,,,False,1,N,,OHLC_D_I_NR4BEARBO
1776078917,"{'stkname': 'TCC CONCEPT', 'ltp': '', 'perChg': '', 'stkId': 'ATE02', 'displayLock': 'N', 'scanproflg': 1, 'scUrl': 'trading/tccconcept/ATE02', 'columns': [{'name': 'change %', 'value': '-1.15'}, {'name': 'LTP', 'value': '365.40'}, {'name': 'Close Price value', 'value': '365.40'}, {'name': 'change absolute', 'value': '-4.25'}]}",OHLC_D_I_NR4BEARBO,NR 4 Breakdown,Four Bar Pattern,18,Range Breakout,NR4 is a 4-bar narrow range pattern. NR4 bearish breakout pattern scanner shows the list of stocks forming bearish breakout pattern after 4-bar consolidation.,,,False,1,N,,OHLC_D_I_NR4BEARBO
1776078917,"{'stkname': 'RHI Magnesita', 'ltp': '', 'perChg': '', 'stkId': 'OR01', 'displayLock': 'N', 'scanproflg': 1, 'scUrl': 'cement-productsbuilding-materials/rhimagnesitaindia/OR01', 'columns': [{'name': 'change %', 'value': '-0.32'}, {'name': 'LTP', 'value': '386.00'}, {'name': 'Close Price value', 'value': '386.00'}, {'name': 'change absolute', 'value': '-1.25'}]}",OHLC_D_I_NR4BEARBO,NR 4 Breakdown,Four Bar Pattern,18,Range Breakout,NR4 is a 4-bar narrow range pattern. NR4 bearish breakout pattern scanner shows the list of stocks forming bearish breakout pattern after 4-bar consolidation.,,,False,1,N,,OHLC_D_I_NR4BEARBO
1776078917,"{'stkname': 'Prabha Energy', 'ltp': '', 'perChg': '', 'stkId': 'PEL08', 'displayLock': 'N', 'scanproflg': 1, 'scUrl': 'oil-explorationproduction/prabhaenergy/PEL07', 'columns': [{'name': 'change %', 'value': '-0.69'}, {'name': 'LTP', 'value': '158.10'}, {'name': 'Close Price value', 'value': '158.10'}, {'name': 'change absolute', 'value': '-1.10'}]}",OHLC_D_I_NR4BEARBO,NR 4 Breakdown,Four Bar Pattern,18,Range Breakout,NR4 is a 4-bar narrow range pattern. NR4 bearish breakout pattern scanner shows the list of stocks forming bearish breakout pattern after 4-bar consolidation.,,,False,1,N,,OHLC_D_I_NR4BEARBO
1776078917,"{'stkname': 'Asahi India', 'ltp': '', 'perChg': '', 'stkId': 'AIS', 'displayLock': 'N', 'scanproflg': 1, 'scUrl': 'glassglass-products/asahiindiaglass/AIG01', 'columns': [{'name': 'change %', 'value': '-5.20'}, {'name': 'LTP', 'value': '824.60'}, {'name': 'Close Price value', 'value': '824.60'}, {'name': 'change absolute', 'value': '-45.25'}]}",OHLC_D_I_NR4BEARBO,NR 4 Breakdown,Four Bar Pattern,18,Range Breakout,NR4 is a 4-bar narrow range pattern. NR4 bearish breakout pattern scanner shows the list of stocks forming bearish breakout pattern after 4-bar consolidation.,,,False,1,N,,OHLC_D_I_NR4BEARBO
1776078917,"{'stkname': 'Raymond Life', 'ltp': '', 'perChg': '', 'stkId': 'RLL01', 'displayLock': 'N', 'scanproflg': 1, 'scUrl': 'textilesapparel/raymondlifestyle/RLL01', 'columns': [{'name': 'change %', 'value': '-0.65'}, {'name': 'LTP', 'value': '799.00'}, {'name': 'Close Price value', 'value': '799.00'}, {'name': 'change absolute', 'value': '-5.20'}]}",OHLC_D_I_NR4BEARBO,NR 4 Breakdown,Four Bar Pattern,18,Range Breakout,NR4 is a 4-bar narrow range pattern. NR4 bearish breakout pattern scanner shows the list of stocks forming bearish breakout pattern after 4-bar consolidation.,,,False,1,N,,OHLC_D_I_NR4BEARBO
1776078917,"{'stkname': 'Quess Corp', 'ltp': '', 'perChg': '', 'stkId': 'QC', 'displayLock': 'N', 'scanproflg': 1, 'scUrl': 'engineering/quesscorp/QC', 'columns': [{'name': 'change %', 'value': '-0.90'}, {'name': 'LTP', 'value': '191.46'}, {'name': 'Close Price value', 'value': '191.46'}, {'name': 'change absolute', 'value': '-1.74'}]}",OHLC_D_I_NR4BEARBO,NR 4 Breakdown,Four Bar Pattern,18,Range Breakout,NR4 is a 4-bar narrow range pattern. NR4 bearish breakout pattern scanner shows the list of stocks forming bearish breakout pattern after 4-bar consolidation.,,,False,1,N,,OHLC_D_I_NR4BEARBO
1776078917,"{'stkname': 'Rhetan TMT', 'ltp': '', 'perChg': '', 'stkId': 'RT11', 'displayLock': 'N', 'scanproflg': 1, 'scUrl': 'ironsteel/rhetantmt/RT11', 'columns': [{'name': 'change %', 'value': '-1.02'}, {'name': 'LTP', 'value': '25.25'}, {'name': 'Close Price value', 'value': '25.25'}, {'name': 'change absolute', 'value': '-0.26'}]}",OHLC_D_I_NR4BEARBO,NR 4 Breakdown,Four Bar Pattern,18,Range Breakout,NR4 is a 4-bar narrow range pattern. NR4 bearish breakout pattern scanner shows the list of stocks forming bearish breakout pattern after 4-bar consolidation.,,,False,1,N,,OHLC_D_I_NR4BEARBO
1776078917,"{'stkname': 'Indo Thai Secu', 'ltp': '', 'perChg': '', 'stkId': 'ITS', 'displayLock': 'N', 'scanproflg': 1, 'scUrl': 'finance-general/indothaisecurities/ITS', 'columns': [{'name': 'change %', 'value': '-2.68'}, {'name': 'LTP', 'value': '283.00'}, {'name': 'Close Price value', 'value': '283.00'}, {'name': 'change absolute', 'value': '-7.80'}]}",OHLC_D_I_NR4BEARBO,NR 4 Breakdown,Four Bar Pattern,18,Range Breakout,NR4 is a 4-bar narrow range pattern. NR4 bearish breakout pattern scanner shows the list of stocks forming bearish breakout pattern after 4-bar consolidation.,,,False,1,N,,OHLC_D_I_NR4BEARBO
1776078917,"{'stkname': 'Balu Forge Indu', 'ltp': '', 'perChg': '', 'stkId': 'BAL01', 'displayLock': 'N', 'scanproflg': 1, 'scUrl': 'machine-tools/baluforgeindustries/BAL01', 'columns': [{'name': 'change %', 'value': '-2.54'}, {'name': 'LTP', 'value': '455.00'}, {'name': 'Close Price value', 'value': '455.00'}, {'name': 'change absolute', 'value': '-11.85'}]}",OHLC_D_I_NR4BEARBO,NR 4 Breakdown,Four Bar Pattern,18,Range Breakout,NR4 is a 4-bar narrow range pattern. NR4 bearish breakout pattern scanner shows the list of stocks forming bearish breakout pattern after 4-bar consolidation.,,,False,1,N,,OHLC_D_I_NR4BEARBO
1776078917,"{'stkname': 'LLOYDS ENTER', 'ltp': '', 'perChg': '', 'stkId': 'SGT', 'displayLock': 'N', 'scanproflg': 1, 'scUrl': 'finance-investments/lloydsenterprises/SGT', 'columns': [{'name': 'change %', 'value': '-1.99'}, {'name': 'LTP', 'value': '58.12'}, {'name': 'Close Price value', 'value': '58.12'}, {'name': 'change absolute', 'value': '-1.18'}]}",OHLC_D_I_NR4BEARBO,NR 4 Breakdown,Four Bar Pattern,18,Range Breakout,NR4 is a 4-bar narrow range pattern. NR4 bearish breakout pattern scanner shows the list of stocks forming bearish breakout pattern after 4-bar consolidation.,,,False,1,N,,OHLC_D_I_NR4BEARBO
1776078917,"{'stkname': 'Tips Music', 'ltp': '', 'perChg': '', 'stkId': 'TI25', 'displayLock': 'N', 'scanproflg': 1, 'scUrl': 'film-production-distributionentertainment/tipsmusic/TI25', 'columns': [{'name': 'change %', 'value': '-0.73'}, {'name': 'LTP', 'value': '535.50'}, {'name': 'Close Price value', 'value': '535.50'}, {'name': 'change absolute', 'value': '-3.95'}]}",OHLC_D_I_NR4BEARBO,NR 4 Breakdown,Four Bar Pattern,18,Range Breakout,NR4 is a 4-bar narrow range pattern. NR4 bearish breakout pattern scanner shows the list of stocks forming bearish breakout pattern after 4-bar consolidation.,,,False,1,N,,OHLC_D_I_NR4BEARBO
1776078917,"{'stkname': 'Sumeet Ind', 'ltp': '', 'perChg': '', 'stkId': 'SI45', 'displayLock': 'N', 'scanproflg': 1, 'scUrl': 'textiles-manmade/sumeetindustries/SI45', 'columns': [{'name': 'change %', 'value': '-0.33'}, {'name': 'LTP', 'value': '29.90'}, {'name': 'Close Price value', 'value': '29.90'}, {'name': 'change absolute', 'value': '-0.10'}]}",OHLC_D_I_NR4BEARBO,NR 4 Breakdown,Four Bar Pattern,18,Range Breakout,NR4 is a 4-bar narrow range pattern. NR4 bearish breakout pattern scanner shows the list of stocks forming bearish breakout pattern after 4-bar consolidation.,,,False,1,N,,OHLC_D_I_NR4BEARBO
1776078917,"{'stkname': 'Standard Eng', 'ltp': '', 'perChg': '', 'stkId': 'SGL01', 'displayLock': 'N', 'scanproflg': 1, 'scUrl': 'engineering/standardengineeringtechnology/SGL01', 'columns': [{'name': 'change %', 'value': '-0.74'}, {'name': 'LTP', 'value': '132.00'}, {'name': 'Close Price value', 'value': '132.00'}, {'name': 'change absolute', 'value': '-0.98'}]}",OHLC_D_I_NR4BEARBO,NR 4 Breakdown,Four Bar Pattern,18,Range Breakout,NR4 is a 4-bar narrow range pattern. NR4 bearish breakout pattern scanner shows the list of stocks forming bearish breakout pattern after 4-bar consolidation.,,,False,1,N,,OHLC_D_I_NR4BEARBO
1776078917,"{'stkname': 'EFC', 'ltp': '', 'perChg': '', 'stkId': 'ATE01', 'displayLock': 'N', 'scanproflg': 1, 'scUrl': 'trading/efci/ATE01', 'columns': [{'name': 'change %', 'value': '-3.03'}, {'name': 'LTP', 'value': '193.00'}, {'name': 'Close Price value', 'value': '193.00'}, {'name': 'change absolute', 'value': '-6.03'}]}",OHLC_D_I_NR4BEARBO,NR 4 Breakdown,Four Bar Pattern,18,Range Breakout,NR4 is a 4-bar narrow range pattern. NR4 bearish breakout pattern scanner shows the list of stocks forming bearish breakout pattern after 4-bar consolidation.,,,False,1,N,,OHLC_D_I_NR4BEARBO
1776078917,"{'stkname': 'Magellanic', 'ltp': '', 'perChg': '', 'stkId': 'SIP06', 'displayLock': 'N', 'scanproflg': 1, 'scUrl': 'software/magellaniccloud/SIP06', 'columns': [{'name': 'change %', 'value': '-1.68'}, {'name': 'LTP', 'value': '25.71'}, {'name': 'Close Price value', 'value': '25.71'}, {'name': 'change absolute', 'value': '-0.44'}]}",OHLC_D_I_NR4BEARBO,NR 4 Breakdown,Four Bar Pattern,18,Range Breakout,NR4 is a 4-bar narrow range pattern. NR4 bearish breakout pattern scanner shows the list of stocks forming bearish breakout pattern after 4-bar consolidation.,,,False,1,N,,OHLC_D_I_NR4BEARBO
1776078917,"{'stkname': 'Vikran Engineer', 'ltp': '', 'perChg': '', 'stkId': 'VEL', 'displayLock': 'N', 'scanproflg': 1, 'scUrl': 'engineering-construction/vikranengineering/VEL01', 'columns': [{'name': 'change %', 'value': '-1.47'}, {'name': 'LTP', 'value': '65.47'}, {'name': 'Close Price value', 'value': '65.47'}, {'name': 'change absolute', 'value': '-0.98'}]}",OHLC_D_I_NR4BEARBO,NR 4 Breakdown,Four Bar Pattern,18,Range Breakout,NR4 is a 4-bar narrow range pattern. NR4 bearish breakout pattern scanner shows the list of stocks forming bearish breakout pattern after 4-bar consolidation.,,,False,1,N,,OHLC_D_I_NR4BEARBO
1776078917,"{'stkname': 'WeWork India', 'ltp': '', 'perChg': '', 'stkId': 'WIML', 'displayLock': 'N', 'scanproflg': 1, 'scUrl': 'real-estate-rental-developmentoperations/weworkindiamanagement/WIML', 'columns': [{'name': 'change %', 'value': '-0.42'}, {'name': 'LTP', 'value': '477.60'}, {'name': 'Close Price value', 'value': '477.60'}, {'name': 'change absolute', 'value': '-2.00'}]}",OHLC_D_I_NR4BEARBO,NR 4 Breakdown,Four Bar Pattern,18,Range Breakout,NR4 is a 4-bar narrow range pattern. NR4 bearish breakout pattern scanner shows the list of stocks forming bearish breakout pattern after 4-bar consolidation.,,,False,1,N,,OHLC_D_I_NR4BEARBO
1776078917,"{'stkname': 'Jain Resource', 'ltp': '', 'perChg': '', 'stkId': 'JRRL', 'displayLock': 'N', 'scanproflg': 1, 'scUrl': 'metals-non-ferrous/jainresourcerecycling/JRRL', 'columns': [{'name': 'change %', 'value': '-1.09'}, {'name': 'LTP', 'value': '422.15'}, {'name': 'Close Price value', 'value': '422.15'}, {'name': 'change absolute', 'value': '-4.65'}]}",OHLC_D_I_NR4BEARBO,NR 4 Breakdown,Four Bar Pattern,18,Range Breakout,NR4 is a 4-bar narrow range pattern. NR4 bearish breakout pattern scanner shows the list of stocks forming bearish breakout pattern after 4-bar consolidation.,,,False,1,N,,OHLC_D_I_NR4BEARBO
1776078917,"{'stkname': 'Vesuvius India', 'ltp': '', 'perChg': '', 'stkId': 'VI06', 'displayLock': 'N', 'scanproflg': 1, 'scUrl': 'cement-productsbuilding-materials/vesuviusindia/VI06', 'columns': [{'name': 'change %', 'value': '-0.11'}, {'name': 'LTP', 'value': '459.50'}, {'name': 'Close Price value', 'value': '459.50'}, {'name': 'change absolute', 'value': '-0.50'}]}",OHLC_D_I_NR4BEARBO,NR 4 Breakdown,Four Bar Pattern,18,Range Breakout,NR4 is a 4-bar narrow range pattern. NR4 bearish breakout pattern scanner shows the list of stocks forming bearish breakout pattern after 4-bar consolidation.,,,False,1,N,,OHLC_D_I_NR4BEARBO
1776078917,"{'stkname': 'Mahamaya Steel', 'ltp': '', 'perChg': '', 'stkId': 'RS03', 'displayLock': 'N', 'scanproflg': 1, 'scUrl': 'steel-crhr-strips/mahamayasteelindustries/MSI11', 'columns': [{'name': 'change %', 'value': '-3.26'}, {'name': 'LTP', 'value': '916.00'}, {'name': 'Close Price value', 'value': '916.00'}, {'name': 'change absolute', 'value': '-30.85'}]}",OHLC_D_I_NR4BEARBO,NR 4 Breakdown,Four Bar Pattern,18,Range Breakout,NR4 is a 4-bar narrow range pattern. NR4 bearish breakout pattern scanner shows the list of stocks forming bearish breakout pattern after 4-bar consolidation.,,,False,1,N,,OHLC_D_I_NR4BEARBO
1776078917,"{'stkname': 'Om Freight', 'ltp': '', 'perChg': '', 'stkId': 'OFFL', 'displayLock': 'N', 'scanproflg': 1, 'scUrl': 'ground-freightlogistics-services/omfreightforwarders/OFFL', 'columns': [{'name': 'change %', 'value': '-1.81'}, {'name': 'LTP', 'value': '79.00'}, {'name': 'Close Price value', 'value': '79.00'}, {'name': 'change absolute', 'value': '-1.46'}]}",OHLC_D_I_NR4BEARBO,NR 4 Breakdown,Four Bar Pattern,18,Range Breakout,NR4 is a 4-bar narrow range pattern. NR4 bearish breakout pattern scanner shows the list of stocks forming bearish breakout pattern after 4-bar consolidation.,,,False,1,N,,OHLC_D_I_NR4BEARBO
1776078917,"{'stkname': 'Gujarat Pipavav', 'ltp': '', 'perChg': '', 'stkId': 'GPP03', 'displayLock': 'N', 'scanproflg': 1, 'scUrl': 'shipping/gujaratpipavavport/GPP03', 'columns': [{'name': 'change %', 'value': '-2.15'}, {'name': 'LTP', 'value': '149.80'}, {'name': 'Close Price value', 'value': '149.80'}, {'name': 'change absolute', 'value': '-3.29'}]}",OHLC_D_I_NR4BEARBO,NR 4 Breakdown,Four Bar Pattern,18,Range Breakout,NR4 is a 4-bar narrow range pattern. NR4 bearish breakout pattern scanner shows the list of stocks forming bearish breakout pattern after 4-bar consolidation.,,,False,1,N,,OHLC_D_I_NR4BEARBO
1776078917,"{'stkname': 'Mangal Electric', 'ltp': '', 'perChg': '', 'stkId': 'MEI05', 'displayLock': 'N', 'scanproflg': 1, 'scUrl': 'electric-equipment/mangalelectricalindustries/MEI05', 'columns': [{'name': 'change %', 'value': '-1.19'}, {'name': 'LTP', 'value': '253.00'}, {'name': 'Close Price value', 'value': '253.00'}, {'name': 'change absolute', 'value': '-3.04'}]}",OHLC_D_I_NR4BEARBO,NR 4 Breakdown,Four Bar Pattern,18,Range Breakout,NR4 is a 4-bar narrow range pattern. NR4 bearish breakout pattern scanner shows the list of stocks forming bearish breakout pattern after 4-bar consolidation.,,,False,1,N,,OHLC_D_I_NR4BEARBO
1776078917,"{'stkname': 'TruAlt Bioenerg', 'ltp': '', 'perChg': '', 'stkId': 'TBL01', 'displayLock': 'N', 'scanproflg': 1, 'scUrl': 'diversified/trualtbioenergy/TBL01', 'columns': [{'name': 'change %', 'value': '-2.26'}, {'name': 'LTP', 'value': '407.80'}, {'name': 'Close Price value', 'value': '407.80'}, {'name': 'change absolute', 'value': '-9.45'}]}",OHLC_D_I_NR4BEARBO,NR 4 Breakdown,Four Bar Pattern,18,Range Breakout,NR4 is a 4-bar narrow range pattern. NR4 bearish breakout pattern scanner shows the list of stocks forming bearish breakout pattern after 4-bar consolidation.,,,False,1,N,,OHLC_D_I_NR4BEARBO
1776078917,"{'stkname': 'Veedol Corp', 'ltp': '', 'perChg': '', 'stkId': 'TWO', 'displayLock': 'N', 'scanproflg': 1, 'scUrl': 'oil-explorationproduction/veedolcorporation/TWO', 'columns': [{'name': 'change %', 'value': '-0.25'}, {'name': 'LTP', 'value': '1,378.00'}, {'name': 'Close Price value', 'value': '1,378.00'}, {'name': 'change absolute', 'value': '-3.50'}]}",OHLC_D_I_NR4BEARBO,NR 4 Breakdown,Four Bar Pattern,18,Range Breakout,NR4 is a 4-bar narrow range pattern. NR4 bearish breakout pattern scanner shows the list of stocks forming bearish breakout pattern after 4-bar consolidation.,,,False,1,N,,OHLC_D_I_NR4BEARBO
1776078917,"{'stkname': 'Tenneco Clean', 'ltp': '', 'perChg': '', 'stkId': 'TCAIL', 'displayLock': 'N', 'scanproflg': 1, 'scUrl': 'auto-ancillaries-engine-parts/tennecocleanairindia/TCAIL', 'columns': [{'name': 'change %', 'value': '-0.68'}, {'name': 'LTP', 'value': '557.65'}, {'name': 'Close Price value', 'value': '557.65'}, {'name': 'change absolute', 'value': '-3.80'}]}",OHLC_D_I_NR4BEARBO,NR 4 Breakdown,Four Bar Pattern,18,Range Breakout,NR4 is a 4-bar narrow range pattern. NR4 bearish breakout pattern scanner shows the list of stocks forming bearish breakout pattern after 4-bar consolidation.,,,False,1,N,,OHLC_D_I_NR4BEARBO
1776078917,"{'stkname': 'Unicommerce Eso', 'ltp': '', 'perChg': '', 'stkId': 'UEL', 'displayLock': 'N', 'scanproflg': 1, 'scUrl': 'it-servicesconsulting/unicommerceesolutions/UeL', 'columns': [{'name': 'change %', 'value': '-0.01'}, {'name': 'LTP', 'value': '92.10'}, {'name': 'Close Price value', 'value': '92.10'}, {'name': 'change absolute', 'value': '-0.01'}]}",OHLC_D_I_NR4BEARBO,NR 4 Breakdown,Four Bar Pattern,18,Range Breakout,NR4 is a 4-bar narrow range pattern. NR4 bearish breakout pattern scanner shows the list of stocks forming bearish breakout pattern after 4-bar consolidation.,,,False,1,N,,OHLC_D_I_NR4BEARBO
1776078917,"{'stkname': 'Wakefit Inno', 'ltp': '', 'perChg': '', 'stkId': 'WIL01', 'displayLock': 'N', 'scanproflg': 1, 'scUrl': 'householdpersonal-products/wakefitinnovations/WIL01', 'columns': [{'name': 'change %', 'value': '-1.26'}, {'name': 'LTP', 'value': '151.13'}, {'name': 'Close Price value', 'value': '151.13'}, {'name': 'change absolute', 'value': '-1.93'}]}",OHLC_D_I_NR4BEARBO,NR 4 Breakdown,Four Bar Pattern,18,Range Breakout,NR4 is a 4-bar narrow range pattern. NR4 bearish breakout pattern scanner shows the list of stocks forming bearish breakout pattern after 4-bar consolidation.,,,False,1,N,,OHLC_D_I_NR4BEARBO
1776078917,"{'stkname': 'Ajax Eng', 'ltp': '', 'perChg': '', 'stkId': 'AEL09', 'displayLock': 'N', 'scanproflg': 1, 'scUrl': 'engineering-construction/ajaxengineering/AEL08', 'columns': [{'name': 'change %', 'value': '-0.31'}, {'name': 'LTP', 'value': '469.00'}, {'name': 'Close Price value', 'value': '469.00'}, {'name': 'change absolute', 'value': '-1.45'}]}",OHLC_D_I_NR4BEARBO,NR 4 Breakdown,Four Bar Pattern,18,Range Breakout,NR4 is a 4-bar narrow range pattern. NR4 bearish breakout pattern scanner shows the list of stocks forming bearish breakout pattern after 4-bar consolidation.,,,False,1,N,,OHLC_D_I_NR4BEARBO
1776078917,"{'stkname': 'JSW Cement', 'ltp': '', 'perChg': '', 'stkId': 'JCL02', 'displayLock': 'N', 'scanproflg': 1, 'scUrl': 'cement/jswcement/JCL02', 'columns': [{'name': 'change %', 'value': '-1.12'}, {'name': 'LTP', 'value': '126.00'}, {'name': 'Close Price value', 'value': '126.00'}, {'name': 'change absolute', 'value': '-1.43'}]}",OHLC_D_I_NR4BEARBO,NR 4 Breakdown,Four Bar Pattern,18,Range Breakout,NR4 is a 4-bar narrow range pattern. NR4 bearish breakout pattern scanner shows the list of stocks forming bearish breakout pattern after 4-bar consolidation.,,,False,1,N,,OHLC_D_I_NR4BEARBO
1776078917,"{'stkname': 'HDB Financial', 'ltp': '', 'perChg': '', 'stkId': 'HFSL', 'displayLock': 'N', 'scanproflg': 1, 'scUrl': 'finance-nbfc/hdbfinancialservices/HFSL', 'columns': [{'name': 'change %', 'value': '-1.00'}, {'name': 'LTP', 'value': '619.00'}, {'name': 'Close Price value', 'value': '619.00'}, {'name': 'change absolute', 'value': '-6.25'}]}",OHLC_D_I_NR4BEARBO,NR 4 Breakdown,Four Bar Pattern,18,Range Breakout,NR4 is a 4-bar narrow range pattern. NR4 bearish breakout pattern scanner shows the list of stocks forming bearish breakout pattern after 4-bar consolidation.,,,False,1,N,,OHLC_D_I_NR4BEARBO
1776078917,"{'stkname': 'Concord Enviro ', 'ltp': '', 'perChg': '', 'stkId': 'CESL', 'displayLock': 'N', 'scanproflg': 1, 'scUrl': 'engineering-industrial-equipments/concordenvirosystems/CESL', 'columns': [{'name': 'change %', 'value': '-3.27'}, {'name': 'LTP', 'value': '306.15'}, {'name': 'Close Price value', 'value': '306.15'}, {'name': 'change absolute', 'value': '-10.35'}]}",OHLC_D_I_NR4BEARBO,NR 4 Breakdown,Four Bar Pattern,18,Range Breakout,NR4 is a 4-bar narrow range pattern. NR4 bearish breakout pattern scanner shows the list of stocks forming bearish breakout pattern after 4-bar consolidation.,,,False,1,N,,OHLC_D_I_NR4BEARBO
1776078917,"{'stkname': 'Ventive Hospita', 'ltp': '', 'perChg': '', 'stkId': 'VHL01', 'displayLock': 'N', 'scanproflg': 1, 'scUrl': 'hotel-resortrestaurants/ventivehospitality/VHL01', 'columns': [{'name': 'change %', 'value': '-1.23'}, {'name': 'LTP', 'value': '601.00'}, {'name': 'Close Price value', 'value': '601.00'}, {'name': 'change absolute', 'value': '-7.50'}]}",OHLC_D_I_NR4BEARBO,NR 4 Breakdown,Four Bar Pattern,18,Range Breakout,NR4 is a 4-bar narrow range pattern. NR4 bearish breakout pattern scanner shows the list of stocks forming bearish breakout pattern after 4-bar consolidation.,,,False,1,N,,OHLC_D_I_NR4BEARBO
1776078917,"{'stkname': 'Indiqube Spaces', 'ltp': '', 'perChg': '', 'stkId': 'ISL05', 'displayLock': 'N', 'scanproflg': 1, 'scUrl': 'misc-commercial-services/indiqubespaces/ISL06', 'columns': [{'name': 'change %', 'value': '-1.86'}, {'name': 'LTP', 'value': '150.60'}, {'name': 'Close Price value', 'value': '150.60'}, {'name': 'change absolute', 'value': '-2.86'}]}",OHLC_D_I_NR4BEARBO,NR 4 Breakdown,Four Bar Pattern,18,Range Breakout,NR4 is a 4-bar narrow range pattern. NR4 bearish breakout pattern scanner shows the list of stocks forming bearish breakout pattern after 4-bar consolidation.,,,False,1,N,,OHLC_D_I_NR4BEARBO
1776078917,"{'stkname': 'Northern Arc', 'ltp': '', 'perChg': '', 'stkId': 'NACL', 'displayLock': 'N', 'scanproflg': 1, 'scUrl': 'finance-investment/northernarccapital/NACL', 'columns': [{'name': 'change %', 'value': '-1.48'}, {'name': 'LTP', 'value': '234.90'}, {'name': 'Close Price value', 'value': '234.90'}, {'name': 'change absolute', 'value': '-3.52'}]}",OHLC_D_I_NR4BEARBO,NR 4 Breakdown,Four Bar Pattern,18,Range Breakout,NR4 is a 4-bar narrow range pattern. NR4 bearish breakout pattern scanner shows the list of stocks forming bearish breakout pattern after 4-bar consolidation.,,,False,1,N,,OHLC_D_I_NR4BEARBO
1776078917,"{'stkname': 'Nova Agritech', 'ltp': '', 'perChg': '', 'stkId': 'NAL', 'displayLock': 'N', 'scanproflg': 1, 'scUrl': 'other-agriculture-products/novaagritech/NAL', 'columns': [{'name': 'change %', 'value': '-2.93'}, {'name': 'LTP', 'value': '28.20'}, {'name': 'Close Price value', 'value': '28.20'}, {'name': 'change absolute', 'value': '-0.85'}]}",OHLC_D_I_NR4BEARBO,NR 4 Breakdown,Four Bar Pattern,18,Range Breakout,NR4 is a 4-bar narrow range pattern. NR4 bearish breakout pattern scanner shows the list of stocks forming bearish breakout pattern after 4-bar consolidation.,,,False,1,N,,OHLC_D_I_NR4BEARBO
1776078917,"{'stkname': 'Sanathan Textil', 'ltp': '', 'perChg': '', 'stkId': 'STL09', 'displayLock': 'N', 'scanproflg': 1, 'scUrl': 'textiles/sanathantextiles/STL10', 'columns': [{'name': 'change %', 'value': '-2.28'}, {'name': 'LTP', 'value': '415.00'}, {'name': 'Close Price value', 'value': '415.00'}, {'name': 'change absolute', 'value': '-9.70'}]}",OHLC_D_I_NR4BEARBO,NR 4 Breakdown,Four Bar Pattern,18,Range Breakout,NR4 is a 4-bar narrow range pattern. NR4 bearish breakout pattern scanner shows the list of stocks forming bearish breakout pattern after 4-bar consolidation.,,,False,1,N,,OHLC_D_I_NR4BEARBO
1776078917,"{'stkname': 'Leela Palaces', 'ltp': '', 'perChg': '', 'stkId': 'SBL04', 'displayLock': 'N', 'scanproflg': 1, 'scUrl': 'hotel-resortrestaurants/leelapalaceshotelsresorts/SBL02', 'columns': [{'name': 'change %', 'value': '-0.09'}, {'name': 'LTP', 'value': '429.20'}, {'name': 'Close Price value', 'value': '429.20'}, {'name': 'change absolute', 'value': '-0.40'}]}",OHLC_D_I_NR4BEARBO,NR 4 Breakdown,Four Bar Pattern,18,Range Breakout,NR4 is a 4-bar narrow range pattern. NR4 bearish breakout pattern scanner shows the list of stocks forming bearish breakout pattern after 4-bar consolidation.,,,False,1,N,,OHLC_D_I_NR4BEARBO
1776078917,"{'stkname': 'Dr Agarwals', 'ltp': '', 'perChg': '', 'stkId': 'DAH', 'displayLock': 'N', 'scanproflg': 1, 'scUrl': 'hospitalhealthcare-services/dragarwalshealthcare/DAH', 'columns': [{'name': 'change %', 'value': '-0.65'}, {'name': 'LTP', 'value': '433.00'}, {'name': 'Close Price value', 'value': '433.00'}, {'name': 'change absolute', 'value': '-2.85'}]}",OHLC_D_I_NR4BEARBO,NR 4 Breakdown,Four Bar Pattern,18,Range Breakout,NR4 is a 4-bar narrow range pattern. NR4 bearish breakout pattern scanner shows the list of stocks forming bearish breakout pattern after 4-bar consolidation.,,,False,1,N,,OHLC_D_I_NR4BEARBO
1776078917,"{'stkname': 'Orient Tech', 'ltp': '', 'perChg': '', 'stkId': 'OTL', 'displayLock': 'N', 'scanproflg': 1, 'scUrl': 'software/orienttechnologies/OTL', 'columns': [{'name': 'change %', 'value': '-0.47'}, {'name': 'LTP', 'value': '273.30'}, {'name': 'Close Price value', 'value': '273.30'}, {'name': 'change absolute', 'value': '-1.28'}]}",OHLC_D_I_NR4BEARBO,NR 4 Breakdown,Four Bar Pattern,18,Range Breakout,NR4 is a 4-bar narrow range pattern. NR4 bearish breakout pattern scanner shows the list of stocks forming bearish breakout pattern after 4-bar consolidation.,,,False,1,N,,OHLC_D_I_NR4BEARBO
1776078917,"{'stkname': 'Orkla India', 'ltp': '', 'perChg': '', 'stkId': 'OIL02', 'displayLock': 'N', 'scanproflg': 1, 'scUrl': 'consumer-food/orklaindia/OIL02', 'columns': [{'name': 'change %', 'value': '-3.71'}, {'name': 'LTP', 'value': '612.00'}, {'name': 'Close Price value', 'value': '612.00'}, {'name': 'change absolute', 'value': '-23.60'}]}",OHLC_D_I_NR4BEARBO,NR 4 Breakdown,Four Bar Pattern,18,Range Breakout,NR4 is a 4-bar narrow range pattern. NR4 bearish breakout pattern scanner shows the list of stocks forming bearish breakout pattern after 4-bar consolidation.,,,False,1,N,,OHLC_D_I_NR4BEARBO
1776078917,"{'stkname': 'Apeejay Park', 'ltp': '', 'perChg': '', 'stkId': 'ASPHL', 'displayLock': 'N', 'scanproflg': 1, 'scUrl': 'hotel-resortrestaurants/apeejaysurrendraparkhotels/ASPHL', 'columns': [{'name': 'change %', 'value': '-0.32'}, {'name': 'LTP', 'value': '115.94'}, {'name': 'Close Price value', 'value': '115.94'}, {'name': 'change absolute', 'value': '-0.37'}]}",OHLC_D_I_NR4BEARBO,NR 4 Breakdown,Four Bar Pattern,18,Range Breakout,NR4 is a 4-bar narrow range pattern. NR4 bearish breakout pattern scanner shows the list of stocks forming bearish breakout pattern after 4-bar consolidation.,,,False,1,N,,OHLC_D_I_NR4BEARBO
1776078917,"{'stkname': 'Kross', 'ltp': '', 'perChg': '', 'stkId': 'KL01', 'displayLock': 'N', 'scanproflg': 1, 'scUrl': 'auto-ancillaries/kross/KL01', 'columns': [{'name': 'change %', 'value': '-1.21'}, {'name': 'LTP', 'value': '184.10'}, {'name': 'Close Price value', 'value': '184.10'}, {'name': 'change absolute', 'value': '-2.26'}]}",OHLC_D_I_NR4BEARBO,NR 4 Breakdown,Four Bar Pattern,18,Range Breakout,NR4 is a 4-bar narrow range pattern. NR4 bearish breakout pattern scanner shows the list of stocks forming bearish breakout pattern after 4-bar consolidation.,,,False,1,N,,OHLC_D_I_NR4BEARBO
1776078917,"{'stkname': 'Credo Brands Ma', 'ltp': '', 'perChg': '', 'stkId': 'CBML', 'displayLock': 'N', 'scanproflg': 1, 'scUrl': 'textilesapparel/credobrandsmarketing/CBML', 'columns': [{'name': 'change %', 'value': '-1.19'}, {'name': 'LTP', 'value': '78.00'}, {'name': 'Close Price value', 'value': '78.00'}, {'name': 'change absolute', 'value': '-0.94'}]}",OHLC_D_I_NR4BEARBO,NR 4 Breakdown,Four Bar Pattern,18,Range Breakout,NR4 is a 4-bar narrow range pattern. NR4 bearish breakout pattern scanner shows the list of stocks forming bearish breakout pattern after 4-bar consolidation.,,,False,1,N,,OHLC_D_I_NR4BEARBO
1776078917,"{'stkname': 'Mukka Proteins', 'ltp': '', 'perChg': '', 'stkId': 'MPL05', 'displayLock': 'N', 'scanproflg': 1, 'scUrl': 'consumer-food/mukkaproteins/MPL05', 'columns': [{'name': 'change %', 'value': '-0.62'}, {'name': 'LTP', 'value': '22.50'}, {'name': 'Close Price value', 'value': '22.50'}, {'name': 'change absolute', 'value': '-0.14'}]}",OHLC_D_I_NR4BEARBO,NR 4 Breakdown,Four Bar Pattern,18,Range Breakout,NR4 is a 4-bar narrow range pattern. NR4 bearish breakout pattern scanner shows the list of stocks forming bearish breakout pattern after 4-bar consolidation.,,,False,1,N,,OHLC_D_I_NR4BEARBO
1776078917,"{'stkname': 'R M Drip Spri', 'ltp': '', 'perChg': '', 'stkId': 'DSS03', 'displayLock': 'N', 'scanproflg': 1, 'scUrl': 'plastic-products/rmdripsprinklerssystems/DSS04', 'columns': [{'name': 'change %', 'value': '-3.51'}, {'name': 'LTP', 'value': '25.84'}, {'name': 'Close Price value', 'value': '25.84'}, {'name': 'change absolute', 'value': '-0.94'}]}",OHLC_D_I_NR4BEARBO,NR 4 Breakdown,Four Bar Pattern,18,Range Breakout,NR4 is a 4-bar narrow range pattern. NR4 bearish breakout pattern scanner shows the list of stocks forming bearish breakout pattern after 4-bar consolidation.,,,False,1,N,,OHLC_D_I_NR4BEARBO
1776078917,"{'stkname': 'Motisons Jewell', 'ltp': '', 'perChg': '', 'stkId': 'MJL', 'displayLock': 'N', 'scanproflg': 1, 'scUrl': 'diamondjewellery/motisonsjewellers/MJL', 'columns': [{'name': 'change %', 'value': '-2.24'}, {'name': 'LTP', 'value': '13.50'}, {'name': 'Close Price value', 'value': '13.50'}, {'name': 'change absolute', 'value': '-0.31'}]}",OHLC_D_I_NR4BEARBO,NR 4 Breakdown,Four Bar Pattern,18,Range Breakout,NR4 is a 4-bar narrow range pattern. NR4 bearish breakout pattern scanner shows the list of stocks forming bearish breakout pattern after 4-bar consolidation.,,,False,1,N,,OHLC_D_I_NR4BEARBO
1776078917,"{'stkname': 'Brigade Hotel', 'ltp': '', 'perChg': '', 'stkId': 'BHV', 'displayLock': 'N', 'scanproflg': 1, 'scUrl': 'hotel-resortrestaurants/brigadehotelventures/BHV', 'columns': [{'name': 'change %', 'value': '-1.93'}, {'name': 'LTP', 'value': '61.90'}, {'name': 'Close Price value', 'value': '61.90'}, {'name': 'change absolute', 'value': '-1.22'}]}",OHLC_D_I_NR4BEARBO,NR 4 Breakdown,Four Bar Pattern,18,Range Breakout,NR4 is a 4-bar narrow range pattern. NR4 bearish breakout pattern scanner shows the list of stocks forming bearish breakout pattern after 4-bar consolidation.,,,False,1,N,,OHLC_D_I_NR4BEARBO
1776078917,"{'stkname': 'Innova Captab', 'ltp': '', 'perChg': '', 'stkId': 'ICL01', 'displayLock': 'N', 'scanproflg': 1, 'scUrl': 'pharmaceuticalsdrugs/innovacaptab/ICL01', 'columns': [{'name': 'change %', 'value': '-0.63'}, {'name': 'LTP', 'value': '685.00'}, {'name': 'Close Price value', 'value': '685.00'}, {'name': 'change absolute', 'value': '-4.35'}]}",OHLC_D_I_NR4BEARBO,NR 4 Breakdown,Four Bar Pattern,18,Range Breakout,NR4 is a 4-bar narrow range pattern. NR4 bearish breakout pattern scanner shows the list of stocks forming bearish breakout pattern after 4-bar consolidation.,,,False,1,N,,OHLC_D_I_NR4BEARBO
1776078917,"{'stkname': 'Aegis Vopak', 'ltp': '', 'perChg': '', 'stkId': 'AVTL', 'displayLock': 'N', 'scanproflg': 1, 'scUrl': 'ports/aegisvopakterminals/AVTL', 'columns': [{'name': 'change %', 'value': '-0.73'}, {'name': 'LTP', 'value': '188.60'}, {'name': 'Close Price value', 'value': '188.60'}, {'name': 'change absolute', 'value': '-1.39'}]}",OHLC_D_I_NR4BEARBO,NR 4 Breakdown,Four Bar Pattern,18,Range Breakout,NR4 is a 4-bar narrow range pattern. NR4 bearish breakout pattern scanner shows the list of stocks forming bearish breakout pattern after 4-bar consolidation.,,,False,1,N,,OHLC_D_I_NR4BEARBO
1776078917,"{'stkname': 'Bharat Coking', 'ltp': '', 'perChg': '', 'stkId': 'BCCL', 'displayLock': 'N', 'scanproflg': 1, 'scUrl': 'coal/bharatcokingcoal/BCCL', 'columns': [{'name': 'change %', 'value': '-0.24'}, {'name': 'LTP', 'value': '32.66'}, {'name': 'Close Price value', 'value': '32.66'}, {'name': 'change absolute', 'value': '-0.08'}]}",OHLC_D_I_NR4BEARBO,NR 4 Breakdown,Four Bar Pattern,18,Range Breakout,NR4 is a 4-bar narrow range pattern. NR4 bearish breakout pattern scanner shows the list of stocks forming bearish breakout pattern after 4-bar consolidation.,,,False,1,N,,OHLC_D_I_NR4BEARBO
1776078917,"{'stkname': 'Capital SFB', 'ltp': '', 'perChg': '', 'stkId': 'CSF01', 'displayLock': 'N', 'scanproflg': 1, 'scUrl': 'bank-private/capitalsmallfinancebank/CSF01', 'columns': [{'name': 'change %', 'value': '-1.47'}, {'name': 'LTP', 'value': '256.15'}, {'name': 'Close Price value', 'value': '256.15'}, {'name': 'change absolute', 'value': '-3.81'}]}",OHLC_D_I_NR4BEARBO,NR 4 Breakdown,Four Bar Pattern,18,Range Breakout,NR4 is a 4-bar narrow range pattern. NR4 bearish breakout pattern scanner shows the list of stocks forming bearish breakout pattern after 4-bar consolidation.,,,False,1,N,,OHLC_D_I_NR4BEARBO
1776078917,"{'stkname': 'Medi Assist Hea', 'ltp': '', 'perChg': '', 'stkId': 'MAH01', 'displayLock': 'N', 'scanproflg': 1, 'scUrl': 'hospitalhealthcare-services/mediassisthealthcareservices/MAH01', 'columns': [{'name': 'change %', 'value': '-0.72'}, {'name': 'LTP', 'value': '354.00'}, {'name': 'Close Price value', 'value': '354.00'}, {'name': 'change absolute', 'value': '-2.55'}]}",OHLC_D_I_NR4BEARBO,NR 4 Breakdown,Four Bar Pattern,18,Range Breakout,NR4 is a 4-bar narrow range pattern. NR4 bearish breakout pattern scanner shows the list of stocks forming bearish breakout pattern after 4-bar consolidation.,,,False,1,N,,OHLC_D_I_NR4BEARBO
1776078917,"{'stkname': 'Indegene', 'ltp': '', 'perChg': '', 'stkId': 'IL06', 'displayLock': 'N', 'scanproflg': 1, 'scUrl': 'medical-equipmentsuppliesaccessories/indegene/IL05', 'columns': [{'name': 'change %', 'value': '-1.48'}, {'name': 'LTP', 'value': '483.00'}, {'name': 'Close Price value', 'value': '483.00'}, {'name': 'change absolute', 'value': '-7.25'}]}",OHLC_D_I_NR4BEARBO,NR 4 Breakdown,Four Bar Pattern,18,Range Breakout,NR4 is a 4-bar narrow range pattern. NR4 bearish breakout pattern scanner shows the list of stocks forming bearish breakout pattern after 4-bar consolidation.,,,False,1,N,,OHLC_D_I_NR4BEARBO
1776078917,"{'stkname': 'LE Travenues Te', 'ltp': '', 'perChg': '', 'stkId': 'LTT', 'displayLock': 'N', 'scanproflg': 1, 'scUrl': 'travel-services/letravenuestechnologyixigo/LTT', 'columns': [{'name': 'change %', 'value': '-1.12'}, {'name': 'LTP', 'value': '168.12'}, {'name': 'Close Price value', 'value': '168.12'}, {'name': 'change absolute', 'value': '-1.90'}]}",OHLC_D_I_NR4BEARBO,NR 4 Breakdown,Four Bar Pattern,18,Range Breakout,NR4 is a 4-bar narrow range pattern. NR4 bearish breakout pattern scanner shows the list of stocks forming bearish breakout pattern after 4-bar consolidation.,,,False,1,N,,OHLC_D_I_NR4BEARBO
1776078917,"{'stkname': 'Arkade Develop', 'ltp': '', 'perChg': '', 'stkId': 'ADL02', 'displayLock': 'N', 'scanproflg': 1, 'scUrl': 'construction-real-estate/arkadedevelopers/ADL02', 'columns': [{'name': 'change %', 'value': '-0.25'}, {'name': 'LTP', 'value': '114.75'}, {'name': 'Close Price value', 'value': '114.75'}, {'name': 'change absolute', 'value': '-0.29'}]}",OHLC_D_I_NR4BEARBO,NR 4 Breakdown,Four Bar Pattern,18,Range Breakout,NR4 is a 4-bar narrow range pattern. NR4 bearish breakout pattern scanner shows the list of stocks forming bearish breakout pattern after 4-bar consolidation.,,,False,1,N,,OHLC_D_I_NR4BEARBO
1776078917,"{'stkname': 'Kronox Lab Scie', 'ltp': '', 'perChg': '', 'stkId': 'KLS', 'displayLock': 'N', 'scanproflg': 1, 'scUrl': 'chemicals/kronoxlabsciences/KLS', 'columns': [{'name': 'change %', 'value': '-3.64'}, {'name': 'LTP', 'value': '128.59'}, {'name': 'Close Price value', 'value': '128.59'}, {'name': 'change absolute', 'value': '-4.86'}]}",OHLC_D_I_NR4BEARBO,NR 4 Breakdown,Four Bar Pattern,18,Range Breakout,NR4 is a 4-bar narrow range pattern. NR4 bearish breakout pattern scanner shows the list of stocks forming bearish breakout pattern after 4-bar consolidation.,,,False,1,N,,OHLC_D_I_NR4BEARBO
1776078917,"{'stkname': 'Innovana', 'ltp': '', 'perChg': '', 'stkId': 'IT06', 'displayLock': 'N', 'scanproflg': 1, 'scUrl': 'computers-software/innovanathinklabs/IT06', 'columns': [{'name': 'change %', 'value': '-1.15'}, {'name': 'LTP', 'value': '373.75'}, {'name': 'Close Price value', 'value': '373.75'}, {'name': 'change absolute', 'value': '-4.35'}]}",OHLC_D_I_NR4BEARBO,NR 4 Breakdown,Four Bar Pattern,18,Range Breakout,NR4 is a 4-bar narrow range pattern. NR4 bearish breakout pattern scanner shows the list of stocks forming bearish breakout pattern after 4-bar consolidation.,,,False,1,N,,OHLC_D_I_NR4BEARBO
1776078917,"{'stkname': 'Pashupati Cotsp', 'ltp': '', 'perChg': '', 'stkId': 'PC25', 'displayLock': 'N', 'scanproflg': 1, 'scUrl': 'diversified/pashupaticotspin/PC23', 'columns': [{'name': 'change %', 'value': '-0.43'}, {'name': 'LTP', 'value': '995.00'}, {'name': 'Close Price value', 'value': '995.00'}, {'name': 'change absolute', 'value': '-4.30'}]}",OHLC_D_I_NR4BEARBO,NR 4 Breakdown,Four Bar Pattern,18,Range Breakout,NR4 is a 4-bar narrow range pattern. NR4 bearish breakout pattern scanner shows the list of stocks forming bearish breakout pattern after 4-bar consolidation.,,,False,1,N,,OHLC_D_I_NR4BEARBO
1776078917,"{'stkname': 'BLS E-Services', 'ltp': '', 'perChg': '', 'stkId': 'BEL', 'displayLock': 'N', 'scanproflg': 1, 'scUrl': 'online-services/blse-services/BEL', 'columns': [{'name': 'change %', 'value': '-0.01'}, {'name': 'LTP', 'value': '162.00'}, {'name': 'Close Price value', 'value': '162.00'}, {'name': 'change absolute', 'value': '-0.01'}]}",OHLC_D_I_NR4BEARBO,NR 4 Breakdown,Four Bar Pattern,18,Range Breakout,NR4 is a 4-bar narrow range pattern. NR4 bearish breakout pattern scanner shows the list of stocks forming bearish breakout pattern after 4-bar consolidation.,,,False,1,N,,OHLC_D_I_NR4BEARBO
1776078917,"{'stkname': 'Race Eco Chain', 'ltp': '', 'perChg': '', 'stkId': 'AI43', 'displayLock': 'N', 'scanproflg': 1, 'scUrl': 'trading/raceecochain/AI08', 'columns': [{'name': 'change %', 'value': '-1.67'}, {'name': 'LTP', 'value': '128.64'}, {'name': 'Close Price value', 'value': '128.64'}, {'name': 'change absolute', 'value': '-2.19'}]}",OHLC_D_I_NR4BEARBO,NR 4 Breakdown,Four Bar Pattern,18,Range Breakout,NR4 is a 4-bar narrow range pattern. NR4 bearish breakout pattern scanner shows the list of stocks forming bearish breakout pattern after 4-bar consolidation.,,,False,1,N,,OHLC_D_I_NR4BEARBO
1776078917,"{'stkname': 'Awfis Space Sol', 'ltp': '', 'perChg': '', 'stkId': 'ASS01', 'displayLock': 'N', 'scanproflg': 1, 'scUrl': 'miscellaneous/awfisspacesolutions/ASS01', 'columns': [{'name': 'change %', 'value': '-1.59'}, {'name': 'LTP', 'value': '315.93'}, {'name': 'Close Price value', 'value': '315.93'}, {'name': 'change absolute', 'value': '-5.09'}]}",OHLC_D_I_NR4BEARBO,NR 4 Breakdown,Four Bar Pattern,18,Range Breakout,NR4 is a 4-bar narrow range pattern. NR4 bearish breakout pattern scanner shows the list of stocks forming bearish breakout pattern after 4-bar consolidation.,,,False,1,N,,OHLC_D_I_NR4BEARBO
1776078917,"{'stkname': 'J G Chemicals', 'ltp': '', 'perChg': '', 'stkId': 'CL10', 'displayLock': 'N', 'scanproflg': 1, 'scUrl': 'commodity-chemicals/jgchemicals/CL11', 'columns': [{'name': 'change %', 'value': '-1.68'}, {'name': 'LTP', 'value': '352.10'}, {'name': 'Close Price value', 'value': '352.10'}, {'name': 'change absolute', 'value': '-6.00'}]}",OHLC_D_I_NR4BEARBO,NR 4 Breakdown,Four Bar Pattern,18,Range Breakout,NR4 is a 4-bar narrow range pattern. NR4 bearish breakout pattern scanner shows the list of stocks forming bearish breakout pattern after 4-bar consolidation.,,,False,1,N,,OHLC_D_I_NR4BEARBO
1776078917,"{'stkname': 'Uma Exports', 'ltp': '', 'perChg': '', 'stkId': 'UE', 'displayLock': 'N', 'scanproflg': 1, 'scUrl': 'trading/umaexports/UE01', 'columns': [{'name': 'change %', 'value': '-6.68'}, {'name': 'LTP', 'value': '26.41'}, {'name': 'Close Price value', 'value': '26.41'}, {'name': 'change absolute', 'value': '-1.89'}]}",OHLC_D_I_NR4BEARBO,NR 4 Breakdown,Four Bar Pattern,18,Range Breakout,NR4 is a 4-bar narrow range pattern. NR4 bearish breakout pattern scanner shows the list of stocks forming bearish breakout pattern after 4-bar consolidation.,,,False,1,N,,OHLC_D_I_NR4BEARBO
1776078917,"{'stkname': 'Tilaknagar Ind', 'ltp': '', 'perChg': '', 'stkId': 'TI09', 'displayLock': 'N', 'scanproflg': 1, 'scUrl': 'breweriesdistilleries/tilaknagarindustries/TI09', 'columns': [{'name': 'change %', 'value': '-1.70'}, {'name': 'LTP', 'value': '421.25'}, {'name': 'Close Price value', 'value': '421.25'}, {'name': 'change absolute', 'value': '-7.30'}]}",OHLC_D_I_NR4BEARBO,NR 4 Breakdown,Four Bar Pattern,18,Range Breakout,NR4 is a 4-bar narrow range pattern. NR4 bearish breakout pattern scanner shows the list of stocks forming bearish breakout pattern after 4-bar consolidation.,,,False,1,N,,OHLC_D_I_NR4BEARBO
1776078917,"{'stkname': 'Network People', 'ltp': '', 'perChg': '', 'stkId': 'NPS02', 'displayLock': 'N', 'scanproflg': 1, 'scUrl': 'software/networkpeopleservicestechnologies/NPS02', 'columns': [{'name': 'change %', 'value': '-1.20'}, {'name': 'LTP', 'value': '1,231.00'}, {'name': 'Close Price value', 'value': '1,231.00'}, {'name': 'change absolute', 'value': '-15.00'}]}",OHLC_D_I_NR4BEARBO,NR 4 Breakdown,Four Bar Pattern,18,Range Breakout,NR4 is a 4-bar narrow range pattern. NR4 bearish breakout pattern scanner shows the list of stocks forming bearish breakout pattern after 4-bar consolidation.,,,False,1,N,,OHLC_D_I_NR4BEARBO
1776078917,"{'stkname': 'GM Breweries', 'ltp': '', 'perChg': '', 'stkId': 'GMB', 'displayLock': 'N', 'scanproflg': 1, 'scUrl': 'breweriesdistilleries/gmbreweries/GMB', 'columns': [{'name': 'change %', 'value': '-2.30'}, {'name': 'LTP', 'value': '971.00'}, {'name': 'Close Price value', 'value': '971.00'}, {'name': 'change absolute', 'value': '-22.85'}]}",OHLC_D_I_NR4BEARBO,NR 4 Breakdown,Four Bar Pattern,18,Range Breakout,NR4 is a 4-bar narrow range pattern. NR4 bearish breakout pattern scanner shows the list of stocks forming bearish breakout pattern after 4-bar consolidation.,,,False,1,N,,OHLC_D_I_NR4BEARBO
1776078917,"{'stkname': 'JK Tyre Ind', 'ltp': '', 'perChg': '', 'stkId': 'JKI', 'displayLock': 'N', 'scanproflg': 1, 'scUrl': 'tyres/jktyreindustries/JKT01', 'columns': [{'name': 'change %', 'value': '-2.78'}, {'name': 'LTP', 'value': '420.85'}, {'name': 'Close Price value', 'value': '420.85'}, {'name': 'change absolute', 'value': '-12.05'}]}",OHLC_D_I_NR4BEARBO,NR 4 Breakdown,Four Bar Pattern,18,Range Breakout,NR4 is a 4-bar narrow range pattern. NR4 bearish breakout pattern scanner shows the list of stocks forming bearish breakout pattern after 4-bar consolidation.,,,False,1,N,,OHLC_D_I_NR4BEARBO
1776078917,"{'stkname': 'Signet Ind', 'ltp': '', 'perChg': '', 'stkId': 'SF22', 'displayLock': 'N', 'scanproflg': 1, 'scUrl': 'finance-investments/signetindustries/SF22', 'columns': [{'name': 'change %', 'value': '-3.08'}, {'name': 'LTP', 'value': '48.21'}, {'name': 'Close Price value', 'value': '48.21'}, {'name': 'change absolute', 'value': '-1.53'}]}",OHLC_D_I_NR4BEARBO,NR 4 Breakdown,Four Bar Pattern,18,Range Breakout,NR4 is a 4-bar narrow range pattern. NR4 bearish breakout pattern scanner shows the list of stocks forming bearish breakout pattern after 4-bar consolidation.,,,False,1,N,,OHLC_D_I_NR4BEARBO
1776078917,"{'stkname': 'Reliance Chemo', 'ltp': '', 'perChg': '', 'stkId': 'RCI02', 'displayLock': 'N', 'scanproflg': 1, 'scUrl': 'textiles-spinning-synthetic-blended/reliancechemotexindustries/RCI02', 'columns': [{'name': 'change %', 'value': '-0.82'}, {'name': 'LTP', 'value': '118.00'}, {'name': 'Close Price value', 'value': '118.00'}, {'name': 'change absolute', 'value': '-0.97'}]}",OHLC_D_I_NR4BEARBO,NR 4 Breakdown,Four Bar Pattern,18,Range Breakout,NR4 is a 4-bar narrow range pattern. NR4 bearish breakout pattern scanner shows the list of stocks forming bearish breakout pattern after 4-bar consolidation.,,,False,1,N,,OHLC_D_I_NR4BEARBO
1776078917,"{'stkname': 'Vikas Life', 'ltp': '', 'perChg': '', 'stkId': 'VIKAS54265', 'displayLock': 'N', 'scanproflg': 1, 'scUrl': 'miscellaneous/vikaslifecare/VIKAS54265', 'columns': [{'name': 'change %', 'value': '-3.07'}, {'name': 'LTP', 'value': '1.58'}, {'name': 'Close Price value', 'value': '1.58'}, {'name': 'change absolute', 'value': '-0.05'}]}",OHLC_D_I_NR4BEARBO,NR 4 Breakdown,Four Bar Pattern,18,Range Breakout,NR4 is a 4-bar narrow range pattern. NR4 bearish breakout pattern scanner shows the list of stocks forming bearish breakout pattern after 4-bar consolidation.,,,False,1,N,,OHLC_D_I_NR4BEARBO
1776078917,"{'stkname': 'Vinyl Chemicals', 'ltp': '', 'perChg': '', 'stkId': 'VCI02', 'displayLock': 'N', 'scanproflg': 1, 'scUrl': 'chemicals/vinylchemicalsindia/VCI02', 'columns': [{'name': 'change %', 'value': '-1.85'}, {'name': 'LTP', 'value': '221.25'}, {'name': 'Close Price value', 'value': '221.25'}, {'name': 'change absolute', 'value': '-4.17'}]}",OHLC_D_I_NR4BEARBO,NR 4 Breakdown,Four Bar Pattern,18,Range Breakout,NR4 is a 4-bar narrow range pattern. NR4 bearish breakout pattern scanner shows the list of stocks forming bearish breakout pattern after 4-bar consolidation.,,,False,1,N,,OHLC_D_I_NR4BEARBO
1776078917,"{'stkname': 'Welspun Living', 'ltp': '', 'perChg': '', 'stkId': 'WI03', 'displayLock': 'N', 'scanproflg': 1, 'scUrl': 'textilesapparel/welspunliving/WI03', 'columns': [{'name': 'change %', 'value': '-0.59'}, {'name': 'LTP', 'value': '122.35'}, {'name': 'Close Price value', 'value': '122.35'}, {'name': 'change absolute', 'value': '-0.72'}]}",OHLC_D_I_NR4BEARBO,NR 4 Breakdown,Four Bar Pattern,18,Range Breakout,NR4 is a 4-bar narrow range pattern. NR4 bearish breakout pattern scanner shows the list of stocks forming bearish breakout pattern after 4-bar consolidation.,,,False,1,N,,OHLC_D_I_NR4BEARBO
1776078917,"{'stkname': 'Zodiac Clothing', 'ltp': '', 'perChg': '', 'stkId': 'ZCC', 'displayLock': 'N', 'scanproflg': 1, 'scUrl': 'textiles-readymade-apparels/zodiacclothingcompany/ZCC', 'columns': [{'name': 'change %', 'value': '-1.87'}, {'name': 'LTP', 'value': '71.19'}, {'name': 'Close Price value', 'value': '71.19'}, {'name': 'change absolute', 'value': '-1.36'}]}",OHLC_D_I_NR4BEARBO,NR 4 Breakdown,Four Bar Pattern,18,Range Breakout,NR4 is a 4-bar narrow range pattern. NR4 bearish breakout pattern scanner shows the list of stocks forming bearish breakout pattern after 4-bar consolidation.,,,False,1,N,,OHLC_D_I_NR4BEARBO
1776078917,"{'stkname': 'Anmol India', 'ltp': '', 'perChg': '', 'stkId': 'AI71', 'displayLock': 'N', 'scanproflg': 1, 'scUrl': 'miscellaneous/anmolindia/AI81', 'columns': [{'name': 'change %', 'value': '-1.07'}, {'name': 'LTP', 'value': '11.14'}, {'name': 'Close Price value', 'value': '11.14'}, {'name': 'change absolute', 'value': '-0.12'}]}",OHLC_D_I_NR4BEARBO,NR 4 Breakdown,Four Bar Pattern,18,Range Breakout,NR4 is a 4-bar narrow range pattern. NR4 bearish breakout pattern scanner shows the list of stocks forming bearish breakout pattern after 4-bar consolidation.,,,False,1,N,,OHLC_D_I_NR4BEARBO
1776078917,"{'stkname': 'Sakuma Exports', 'ltp': '', 'perChg': '', 'stkId': 'SE18', 'displayLock': 'N', 'scanproflg': 1, 'scUrl': 'trading/sakumaexports/SAKUM53271', 'columns': [{'name': 'change %', 'value': '-3.85'}, {'name': 'LTP', 'value': '2.00'}, {'name': 'Close Price value', 'value': '2.00'}, {'name': 'change absolute', 'value': '-0.08'}]}",OHLC_D_I_NR4BEARBO,NR 4 Breakdown,Four Bar Pattern,18,Range Breakout,NR4 is a 4-bar narrow range pattern. NR4 bearish breakout pattern scanner shows the list of stocks forming bearish breakout pattern after 4-bar consolidation.,,,False,1,N,,OHLC_D_I_NR4BEARBO
1776078917,"{'stkname': 'Swan Corp', 'ltp': '', 'perChg': '', 'stkId': 'SM09', 'displayLock': 'N', 'scanproflg': 1, 'scUrl': 'trading/swancorp/SM09', 'columns': [{'name': 'change %', 'value': '-1.61'}, {'name': 'LTP', 'value': '318.50'}, {'name': 'Close Price value', 'value': '318.50'}, {'name': 'change absolute', 'value': '-5.20'}]}",OHLC_D_I_NR4BEARBO,NR 4 Breakdown,Four Bar Pattern,18,Range Breakout,NR4 is a 4-bar narrow range pattern. NR4 bearish breakout pattern scanner shows the list of stocks forming bearish breakout pattern after 4-bar consolidation.,,,False,1,N,,OHLC_D_I_NR4BEARBO
1776078917,"{'stkname': 'Globus Spirits', 'ltp': '', 'perChg': '', 'stkId': 'GS15', 'displayLock': 'N', 'scanproflg': 1, 'scUrl': 'breweriesdistilleries/globusspirits/GS', 'columns': [{'name': 'change %', 'value': '-1.65'}, {'name': 'LTP', 'value': '920.00'}, {'name': 'Close Price value', 'value': '920.00'}, {'name': 'change absolute', 'value': '-15.40'}]}",OHLC_D_I_NR4BEARBO,NR 4 Breakdown,Four Bar Pattern,18,Range Breakout,NR4 is a 4-bar narrow range pattern. NR4 bearish breakout pattern scanner shows the list of stocks forming bearish breakout pattern after 4-bar consolidation.,,,False,1,N,,OHLC_D_I_NR4BEARBO
1776078917,"{'stkname': 'Lambodhara Text', 'ltp': '', 'perChg': '', 'stkId': 'LT02', 'displayLock': 'N', 'scanproflg': 1, 'scUrl': 'textiles-spinning-cotton-blended/lambodharatextile/LT02', 'columns': [{'name': 'change %', 'value': '-0.40'}, {'name': 'LTP', 'value': '104.25'}, {'name': 'Close Price value', 'value': '104.25'}, {'name': 'change absolute', 'value': '-0.42'}]}",OHLC_D_I_NR4BEARBO,NR 4 Breakdown,Four Bar Pattern,18,Range Breakout,NR4 is a 4-bar narrow range pattern. NR4 bearish breakout pattern scanner shows the list of stocks forming bearish breakout pattern after 4-bar consolidation.,,,False,1,N,,OHLC_D_I_NR4BEARBO
1776078917,"{'stkname': 'Oswal Pumps', 'ltp': '', 'perChg': '', 'stkId': 'OPL02', 'displayLock': 'N', 'scanproflg': 1, 'scUrl': 'engineering-industrial-equipments/oswalpumps/OPL02', 'columns': [{'name': 'change %', 'value': '-0.69'}, {'name': 'LTP', 'value': '369.15'}, {'name': 'Close Price value', 'value': '369.15'}, {'name': 'change absolute', 'value': '-2.55'}]}",OHLC_D_I_NR4BEARBO,NR 4 Breakdown,Four Bar Pattern,18,Range Breakout,NR4 is a 4-bar narrow range pattern. NR4 bearish breakout pattern scanner shows the list of stocks forming bearish breakout pattern after 4-bar consolidation.,,,False,1,N,,OHLC_D_I_NR4BEARBO
1776078917,"{'stkname': 'Weizmann', 'ltp': '', 'perChg': '', 'stkId': 'W02', 'displayLock': 'N', 'scanproflg': 1, 'scUrl': 'textiles-processing/weizmann/W02', 'columns': [{'name': 'change %', 'value': '-1.81'}, {'name': 'LTP', 'value': '80.10'}, {'name': 'Close Price value', 'value': '80.10'}, {'name': 'change absolute', 'value': '-1.48'}]}",OHLC_D_I_NR4BEARBO,NR 4 Breakdown,Four Bar Pattern,18,Range Breakout,NR4 is a 4-bar narrow range pattern. NR4 bearish breakout pattern scanner shows the list of stocks forming bearish breakout pattern after 4-bar consolidation.,,,False,1,N,,OHLC_D_I_NR4BEARBO
1776078917,"{'stkname': 'Kitex Garments', 'ltp': '', 'perChg': '', 'stkId': 'KG01', 'displayLock': 'N', 'scanproflg': 1, 'scUrl': 'textiles-readymade-apparels/kitexgarments/KG01', 'columns': [{'name': 'change %', 'value': '-2.10'}, {'name': 'LTP', 'value': '166.20'}, {'name': 'Close Price value', 'value': '166.20'}, {'name': 'change absolute', 'value': '-3.56'}]}",OHLC_D_I_NR4BEARBO,NR 4 Breakdown,Four Bar Pattern,18,Range Breakout,NR4 is a 4-bar narrow range pattern. NR4 bearish breakout pattern scanner shows the list of stocks forming bearish breakout pattern after 4-bar consolidation.,,,False,1,N,,OHLC_D_I_NR4BEARBO
1776078917,"{'stkname': 'Rajnandini Meta', 'ltp': '', 'perChg': '', 'stkId': 'RM09', 'displayLock': 'N', 'scanproflg': 1, 'scUrl': 'trading/rajnandinimetal/RM05', 'columns': [{'name': 'change %', 'value': '-0.74'}, {'name': 'LTP', 'value': '4.00'}, {'name': 'Close Price value', 'value': '4.00'}, {'name': 'change absolute', 'value': '-0.03'}]}",OHLC_D_I_NR4BEARBO,NR 4 Breakdown,Four Bar Pattern,18,Range Breakout,NR4 is a 4-bar narrow range pattern. NR4 bearish breakout pattern scanner shows the list of stocks forming bearish breakout pattern after 4-bar consolidation.,,,False,1,N,,OHLC_D_I_NR4BEARBO
1776078917,"{'stkname': 'Siyaram Silk', 'ltp': '', 'perChg': '', 'stkId': 'SSM05', 'displayLock': 'N', 'scanproflg': 1, 'scUrl': 'textiles-weaving/siyaramsilkmills/SSM05', 'columns': [{'name': 'change %', 'value': '-0.98'}, {'name': 'LTP', 'value': '527.00'}, {'name': 'Close Price value', 'value': '527.00'}, {'name': 'change absolute', 'value': '-5.20'}]}",OHLC_D_I_NR4BEARBO,NR 4 Breakdown,Four Bar Pattern,18,Range Breakout,NR4 is a 4-bar narrow range pattern. NR4 bearish breakout pattern scanner shows the list of stocks forming bearish breakout pattern after 4-bar consolidation.,,,False,1,N,,OHLC_D_I_NR4BEARBO
1776078917,"{'stkname': 'Filatex India', 'ltp': '', 'perChg': '', 'stkId': 'FI06', 'displayLock': 'N', 'scanproflg': 1, 'scUrl': 'textiles-manmade/filatexindia/FI06', 'columns': [{'name': 'change %', 'value': '-2.42'}, {'name': 'LTP', 'value': '43.88'}, {'name': 'Close Price value', 'value': '43.88'}, {'name': 'change absolute', 'value': '-1.09'}]}",OHLC_D_I_NR4BEARBO,NR 4 Breakdown,Four Bar Pattern,18,Range Breakout,NR4 is a 4-bar narrow range pattern. NR4 bearish breakout pattern scanner shows the list of stocks forming bearish breakout pattern after 4-bar consolidation.,,,False,1,N,,OHLC_D_I_NR4BEARBO
1776078917,"{'stkname': 'Ugar Sugar Work', 'ltp': '', 'perChg': '', 'stkId': 'USW', 'displayLock': 'N', 'scanproflg': 1, 'scUrl': 'sugar/ugarsugarworks/USW', 'columns': [{'name': 'change %', 'value': '-0.46'}, {'name': 'LTP', 'value': '38.94'}, {'name': 'Close Price value', 'value': '38.94'}, {'name': 'change absolute', 'value': '-0.18'}]}",OHLC_D_I_NR4BEARBO,NR 4 Breakdown,Four Bar Pattern,18,Range Breakout,NR4 is a 4-bar narrow range pattern. NR4 bearish breakout pattern scanner shows the list of stocks forming bearish breakout pattern after 4-bar consolidation.,,,False,1,N,,OHLC_D_I_NR4BEARBO
1776078917,"{'stkname': 'Apollo Tyres', 'ltp': '', 'perChg': '', 'stkId': 'AT', 'displayLock': 'N', 'scanproflg': 1, 'scUrl': 'tyres/apollotyres/AT14', 'columns': [{'name': 'change %', 'value': '-1.29'}, {'name': 'LTP', 'value': '432.50'}, {'name': 'Close Price value', 'value': '432.50'}, {'name': 'change absolute', 'value': '-5.65'}]}",OHLC_D_I_NR4BEARBO,NR 4 Breakdown,Four Bar Pattern,18,Range Breakout,NR4 is a 4-bar narrow range pattern. NR4 bearish breakout pattern scanner shows the list of stocks forming bearish breakout pattern after 4-bar consolidation.,,,False,1,N,,OHLC_D_I_NR4BEARBO
1776078917,"{'stkname': 'Nandan Denim', 'ltp': '', 'perChg': '', 'stkId': 'NE06', 'displayLock': 'N', 'scanproflg': 1, 'scUrl': 'textiles-denim/nandandenim/NE06', 'columns': [{'name': 'change %', 'value': '-2.32'}, {'name': 'LTP', 'value': '2.53'}, {'name': 'Close Price value', 'value': '2.53'}, {'name': 'change absolute', 'value': '-0.06'}]}",OHLC_D_I_NR4BEARBO,NR 4 Breakdown,Four Bar Pattern,18,Range Breakout,NR4 is a 4-bar narrow range pattern. NR4 bearish breakout pattern scanner shows the list of stocks forming bearish breakout pattern after 4-bar consolidation.,,,False,1,N,,OHLC_D_I_NR4BEARBO
1776078917,"{'stkname': 'Indo Count', 'ltp': '', 'perChg': '', 'stkId': 'ICI07', 'displayLock': 'N', 'scanproflg': 1, 'scUrl': 'textiles-spinning-cotton-blended/indocountindustries/ICI07', 'columns': [{'name': 'change %', 'value': '-1.65'}, {'name': 'LTP', 'value': '244.46'}, {'name': 'Close Price value', 'value': '244.46'}, {'name': 'change absolute', 'value': '-4.10'}]}",OHLC_D_I_NR4BEARBO,NR 4 Breakdown,Four Bar Pattern,18,Range Breakout,NR4 is a 4-bar narrow range pattern. NR4 bearish breakout pattern scanner shows the list of stocks forming bearish breakout pattern after 4-bar consolidation.,,,False,1,N,,OHLC_D_I_NR4BEARBO
1776078917,"{'stkname': 'PDS', 'ltp': '', 'perChg': '', 'stkId': 'PDS', 'displayLock': 'N', 'scanproflg': 1, 'scUrl': 'textiles-general/pds/PDS', 'columns': [{'name': 'change %', 'value': '-1.95'}, {'name': 'LTP', 'value': '289.20'}, {'name': 'Close Price value', 'value': '289.20'}, {'name': 'change absolute', 'value': '-5.75'}]}",OHLC_D_I_NR4BEARBO,NR 4 Breakdown,Four Bar Pattern,18,Range Breakout,NR4 is a 4-bar narrow range pattern. NR4 bearish breakout pattern scanner shows the list of stocks forming bearish breakout pattern after 4-bar consolidation.,,,False,1,N,,OHLC_D_I_NR4BEARBO
1776078917,"{'stkname': 'V-Mart Retail', 'ltp': '', 'perChg': '', 'stkId': 'VR03', 'displayLock': 'N', 'scanproflg': 1, 'scUrl': 'retail/v-martretail/VR03', 'columns': [{'name': 'change %', 'value': '-1.22'}, {'name': 'LTP', 'value': '614.50'}, {'name': 'Close Price value', 'value': '614.50'}, {'name': 'change absolute', 'value': '-7.60'}]}",OHLC_D_I_NR4BEARBO,NR 4 Breakdown,Four Bar Pattern,18,Range Breakout,NR4 is a 4-bar narrow range pattern. NR4 bearish breakout pattern scanner shows the list of stocks forming bearish breakout pattern after 4-bar consolidation.,,,False,1,N,,OHLC_D_I_NR4BEARBO
1776078917,"{'stkname': 'Donear Ind', 'ltp': '', 'perChg': '', 'stkId': 'DI13', 'displayLock': 'N', 'scanproflg': 1, 'scUrl': 'textiles-weaving/donearindustries/DI25', 'columns': [{'name': 'change %', 'value': '-1.25'}, {'name': 'LTP', 'value': '89.34'}, {'name': 'Close Price value', 'value': '89.34'}, {'name': 'change absolute', 'value': '-1.13'}]}",OHLC_D_I_NR4BEARBO,NR 4 Breakdown,Four Bar Pattern,18,Range Breakout,NR4 is a 4-bar narrow range pattern. NR4 bearish breakout pattern scanner shows the list of stocks forming bearish breakout pattern after 4-bar consolidation.,,,False,1,N,,OHLC_D_I_NR4BEARBO
1776078917,"{'stkname': 'Redtape', 'ltp': '', 'perChg': '', 'stkId': 'R08', 'displayLock': 'N', 'scanproflg': 1, 'scUrl': 'footwear/redtape/R04', 'columns': [{'name': 'change %', 'value': '-1.35'}, {'name': 'LTP', 'value': '121.19'}, {'name': 'Close Price value', 'value': '121.19'}, {'name': 'change absolute', 'value': '-1.66'}]}",OHLC_D_I_NR4BEARBO,NR 4 Breakdown,Four Bar Pattern,18,Range Breakout,NR4 is a 4-bar narrow range pattern. NR4 bearish breakout pattern scanner shows the list of stocks forming bearish breakout pattern after 4-bar consolidation.,,,False,1,N,,OHLC_D_I_NR4BEARBO
1776078917,"{'stkname': 'Sarla Performan', 'ltp': '', 'perChg': '', 'stkId': 'SP07', 'displayLock': 'N', 'scanproflg': 1, 'scUrl': 'textiles-processing/sarlaperformancefibers/SPF01', 'columns': [{'name': 'change %', 'value': '-0.07'}, {'name': 'LTP', 'value': '84.00'}, {'name': 'Close Price value', 'value': '84.00'}, {'name': 'change absolute', 'value': '-0.06'}]}",OHLC_D_I_NR4BEARBO,NR 4 Breakdown,Four Bar Pattern,18,Range Breakout,NR4 is a 4-bar narrow range pattern. NR4 bearish breakout pattern scanner shows the list of stocks forming bearish breakout pattern after 4-bar consolidation.,,,False,1,N,,OHLC_D_I_NR4BEARBO
1776078917,"{'stkname': 'Surana Telecom', 'ltp': '', 'perChg': '', 'stkId': 'ST12', 'displayLock': 'N', 'scanproflg': 1, 'scUrl': 'cables-telephone/suranatelecompower/ST12', 'columns': [{'name': 'change %', 'value': '-0.44'}, {'name': 'LTP', 'value': '18.29'}, {'name': 'Close Price value', 'value': '18.29'}, {'name': 'change absolute', 'value': '-0.08'}]}",OHLC_D_I_NR4BEARBO,NR 4 Breakdown,Four Bar Pattern,18,Range Breakout,NR4 is a 4-bar narrow range pattern. NR4 bearish breakout pattern scanner shows the list of stocks forming bearish breakout pattern after 4-bar consolidation.,,,False,1,N,,OHLC_D_I_NR4BEARBO
1776078917,"{'stkname': 'Axita Cotton ', 'ltp': '', 'perChg': '', 'stkId': 'AC24', 'displayLock': 'N', 'scanproflg': 1, 'scUrl': 'textiles-cotton-blended/axitacotton/AC29', 'columns': [{'name': 'change %', 'value': '-1.80'}, {'name': 'LTP', 'value': '8.74'}, {'name': 'Close Price value', 'value': '8.74'}, {'name': 'change absolute', 'value': '-0.16'}]}",OHLC_D_I_NR4BEARBO,NR 4 Breakdown,Four Bar Pattern,18,Range Breakout,NR4 is a 4-bar narrow range pattern. NR4 bearish breakout pattern scanner shows the list of stocks forming bearish breakout pattern after 4-bar consolidation.,,,False,1,N,,OHLC_D_I_NR4BEARBO
1776078917,"{'stkname': 'Faze Three', 'ltp': '', 'perChg': '', 'stkId': 'FTE', 'displayLock': 'N', 'scanproflg': 1, 'scUrl': 'textiles-spinning-cotton-blended/fazethree/FTE', 'columns': [{'name': 'change %', 'value': '-2.59'}, {'name': 'LTP', 'value': '440.00'}, {'name': 'Close Price value', 'value': '440.00'}, {'name': 'change absolute', 'value': '-11.70'}]}",OHLC_D_I_NR4BEARBO,NR 4 Breakdown,Four Bar Pattern,18,Range Breakout,NR4 is a 4-bar narrow range pattern. NR4 bearish breakout pattern scanner shows the list of stocks forming bearish breakout pattern after 4-bar consolidation.,,,False,1,N,,OHLC_D_I_NR4BEARBO
1776078917,"{'stkname': 'Lovable Lingeri', 'ltp': '', 'perChg': '', 'stkId': 'LL05', 'displayLock': 'N', 'scanproflg': 1, 'scUrl': 'textiles-readymade-apparels/lovablelingerie/LL04', 'columns': [{'name': 'change %', 'value': '-1.01'}, {'name': 'LTP', 'value': '69.51'}, {'name': 'Close Price value', 'value': '69.51'}, {'name': 'change absolute', 'value': '-0.71'}]}",OHLC_D_I_NR4BEARBO,NR 4 Breakdown,Four Bar Pattern,18,Range Breakout,NR4 is a 4-bar narrow range pattern. NR4 bearish breakout pattern scanner shows the list of stocks forming bearish breakout pattern after 4-bar consolidation.,,,False,1,N,,OHLC_D_I_NR4BEARBO
1776078917,"{'stkname': 'TITAGARH', 'ltp': '', 'perChg': '', 'stkId': 'TW04', 'displayLock': 'N', 'scanproflg': 1, 'scUrl': 'infrastructure-general/titagarhrailsystems/TW04', 'columns': [{'name': 'change %', 'value': '-1.87'}, {'name': 'LTP', 'value': '697.00'}, {'name': 'Close Price value', 'value': '697.00'}, {'name': 'change absolute', 'value': '-13.25'}]}",OHLC_D_I_NR4BEARBO,NR 4 Breakdown,Four Bar Pattern,18,Range Breakout,NR4 is a 4-bar narrow range pattern. NR4 bearish breakout pattern scanner shows the list of stocks forming bearish breakout pattern after 4-bar consolidation.,,,False,1,N,,OHLC_D_I_NR4BEARBO
1776078917,"{'stkname': 'Jindal Worldwid', 'ltp': '', 'perChg': '', 'stkId': 'JW01', 'displayLock': 'N', 'scanproflg': 1, 'scUrl': 'textiles-general/jindalworldwide/JW01', 'columns': [{'name': 'change %', 'value': '-2.08'}, {'name': 'LTP', 'value': '24.00'}, {'name': 'Close Price value', 'value': '24.00'}, {'name': 'change absolute', 'value': '-0.51'}]}",OHLC_D_I_NR4BEARBO,NR 4 Breakdown,Four Bar Pattern,18,Range Breakout,NR4 is a 4-bar narrow range pattern. NR4 bearish breakout pattern scanner shows the list of stocks forming bearish breakout pattern after 4-bar consolidation.,,,False,1,N,,OHLC_D_I_NR4BEARBO
1776078917,"{'stkname': 'Sangam India', 'ltp': '', 'perChg': '', 'stkId': 'SI03', 'displayLock': 'N', 'scanproflg': 1, 'scUrl': 'textiles-spinning-synthetic-blended/sangamindia/SI03', 'columns': [{'name': 'change %', 'value': '-0.81'}, {'name': 'LTP', 'value': '448.00'}, {'name': 'Close Price value', 'value': '448.00'}, {'name': 'change absolute', 'value': '-3.65'}]}",OHLC_D_I_NR4BEARBO,NR 4 Breakdown,Four Bar Pattern,18,Range Breakout,NR4 is a 4-bar narrow range pattern. NR4 bearish breakout pattern scanner shows the list of stocks forming bearish breakout pattern after 4-bar consolidation.,,,False,1,N,,OHLC_D_I_NR4BEARBO
1776078917,"{'stkname': 'Sai Silks', 'ltp': '', 'perChg': '', 'stkId': 'SSK01', 'displayLock': 'N', 'scanproflg': 1, 'scUrl': 'retailing/saisilkskalamandir/SSK01', 'columns': [{'name': 'change %', 'value': '-0.77'}, {'name': 'LTP', 'value': '94.82'}, {'name': 'Close Price value', 'value': '94.82'}, {'name': 'change absolute', 'value': '-0.74'}]}",OHLC_D_I_NR4BEARBO,NR 4 Breakdown,Four Bar Pattern,18,Range Breakout,NR4 is a 4-bar narrow range pattern. NR4 bearish breakout pattern scanner shows the list of stocks forming bearish breakout pattern after 4-bar consolidation.,,,False,1,N,,OHLC_D_I_NR4BEARBO
1776078917,"{'stkname': 'Arvind', 'ltp': '', 'perChg': '', 'stkId': 'AM', 'displayLock': 'N', 'scanproflg': 1, 'scUrl': 'textiles-denim/arvind/A18', 'columns': [{'name': 'change %', 'value': '-1.04'}, {'name': 'LTP', 'value': '386.00'}, {'name': 'Close Price value', 'value': '386.00'}, {'name': 'change absolute', 'value': '-4.05'}]}",OHLC_D_I_NR4BEARBO,NR 4 Breakdown,Four Bar Pattern,18,Range Breakout,NR4 is a 4-bar narrow range pattern. NR4 bearish breakout pattern scanner shows the list of stocks forming bearish breakout pattern after 4-bar consolidation.,,,False,1,N,,OHLC_D_I_NR4BEARBO
1776078917,"{'stkname': 'Texmaco Rail', 'ltp': '', 'perChg': '', 'stkId': 'TRE', 'displayLock': 'N', 'scanproflg': 1, 'scUrl': 'infrastructure-general/texmacorailengineering/TRE', 'columns': [{'name': 'change %', 'value': '-2.21'}, {'name': 'LTP', 'value': '96.40'}, {'name': 'Close Price value', 'value': '96.40'}, {'name': 'change absolute', 'value': '-2.18'}]}",OHLC_D_I_NR4BEARBO,NR 4 Breakdown,Four Bar Pattern,18,Range Breakout,NR4 is a 4-bar narrow range pattern. NR4 bearish breakout pattern scanner shows the list of stocks forming bearish breakout pattern after 4-bar consolidation.,,,False,1,N,,OHLC_D_I_NR4BEARBO
1776078917,"{'stkname': 'V2 Retail', 'ltp': '', 'perChg': '', 'stkId': 'VR02', 'displayLock': 'N', 'scanproflg': 1, 'scUrl': 'retail/v2retail/VR02', 'columns': [{'name': 'change %', 'value': '-1.41'}, {'name': 'LTP', 'value': '194.35'}, {'name': 'Close Price value', 'value': '194.35'}, {'name': 'change absolute', 'value': '-2.78'}]}",OHLC_D_I_NR4BEARBO,NR 4 Breakdown,Four Bar Pattern,18,Range Breakout,NR4 is a 4-bar narrow range pattern. NR4 bearish breakout pattern scanner shows the list of stocks forming bearish breakout pattern after 4-bar consolidation.,,,False,1,N,,OHLC_D_I_NR4BEARBO
1776078917,"{'stkname': 'Mold-Tek Pack', 'ltp': '', 'perChg': '', 'stkId': 'MTP02', 'displayLock': 'N', 'scanproflg': 1, 'scUrl': 'plastics/mold-tekpackaging/MTP01', 'columns': [{'name': 'change %', 'value': '-5.13'}, {'name': 'LTP', 'value': '532.90'}, {'name': 'Close Price value', 'value': '532.90'}, {'name': 'change absolute', 'value': '-28.80'}]}",OHLC_D_I_NR4BEARBO,NR 4 Breakdown,Four Bar Pattern,18,Range Breakout,NR4 is a 4-bar narrow range pattern. NR4 bearish breakout pattern scanner shows the list of stocks forming bearish breakout pattern after 4-bar consolidation.,,,False,1,N,,OHLC_D_I_NR4BEARBO
1776078917,"{'stkname': 'Ponni Sugars(E)', 'ltp': '', 'perChg': '', 'stkId': 'PSE03', 'displayLock': 'N', 'scanproflg': 1, 'scUrl': 'sugar/ponnisugarserode/PSE03', 'columns': [{'name': 'change %', 'value': '-1.71'}, {'name': 'LTP', 'value': '278.10'}, {'name': 'Close Price value', 'value': '278.10'}, {'name': 'change absolute', 'value': '-4.85'}]}",OHLC_D_I_NR4BEARBO,NR 4 Breakdown,Four Bar Pattern,18,Range Breakout,NR4 is a 4-bar narrow range pattern. NR4 bearish breakout pattern scanner shows the list of stocks forming bearish breakout pattern after 4-bar consolidation.,,,False,1,N,,OHLC_D_I_NR4BEARBO
1776078917,"{'stkname': 'Dishman Carboge', 'ltp': '', 'perChg': '', 'stkId': 'DCA', 'displayLock': 'N', 'scanproflg': 1, 'scUrl': 'miscellaneous/dishmancarbogenamcis/DCA', 'columns': [{'name': 'change %', 'value': '-0.48'}, {'name': 'LTP', 'value': '158.50'}, {'name': 'Close Price value', 'value': '158.50'}, {'name': 'change absolute', 'value': '-0.77'}]}",OHLC_D_I_NR4BEARBO,NR 4 Breakdown,Four Bar Pattern,18,Range Breakout,NR4 is a 4-bar narrow range pattern. NR4 bearish breakout pattern scanner shows the list of stocks forming bearish breakout pattern after 4-bar consolidation.,,,False,1,N,,OHLC_D_I_NR4BEARBO
1776078917,"{'stkname': 'GE Shipping', 'ltp': '', 'perChg': '', 'stkId': 'GES', 'displayLock': 'N', 'scanproflg': 1, 'scUrl': 'shipping/greateasternshippingcompany/GES', 'columns': [{'name': 'change %', 'value': '-2.67'}, {'name': 'LTP', 'value': '1,336.30'}, {'name': 'Close Price value', 'value': '1,336.30'}, {'name': 'change absolute', 'value': '-36.60'}]}",OHLC_D_I_NR4BEARBO,NR 4 Breakdown,Four Bar Pattern,18,Range Breakout,NR4 is a 4-bar narrow range pattern. NR4 bearish breakout pattern scanner shows the list of stocks forming bearish breakout pattern after 4-bar consolidation.,,,False,1,N,,OHLC_D_I_NR4BEARBO
1776078917,"{'stkname': 'Jaiprakash Pow', 'ltp': '', 'perChg': '', 'stkId': 'JHP01', 'displayLock': 'N', 'scanproflg': 1, 'scUrl': 'power-generationdistribution/jaiprakashpowerventures/JHP01', 'columns': [{'name': 'change %', 'value': '-0.12'}, {'name': 'LTP', 'value': '17.18'}, {'name': 'Close Price value', 'value': '17.18'}, {'name': 'change absolute', 'value': '-0.02'}]}",OHLC_D_I_NR4BEARBO,NR 4 Breakdown,Four Bar Pattern,18,Range Breakout,NR4 is a 4-bar narrow range pattern. NR4 bearish breakout pattern scanner shows the list of stocks forming bearish breakout pattern after 4-bar consolidation.,,,False,1,N,,OHLC_D_I_NR4BEARBO
1776078917,"{'stkname': 'Mangalam Drugs', 'ltp': '', 'perChg': '', 'stkId': 'MDO', 'displayLock': 'N', 'scanproflg': 1, 'scUrl': 'pharmaceuticals/mangalamdrugsorganics/MDO', 'columns': [{'name': 'change %', 'value': '-1.98'}, {'name': 'LTP', 'value': '30.72'}, {'name': 'Close Price value', 'value': '30.72'}, {'name': 'change absolute', 'value': '-0.62'}]}",OHLC_D_I_NR4BEARBO,NR 4 Breakdown,Four Bar Pattern,18,Range Breakout,NR4 is a 4-bar narrow range pattern. NR4 bearish breakout pattern scanner shows the list of stocks forming bearish breakout pattern after 4-bar consolidation.,,,False,1,N,,OHLC_D_I_NR4BEARBO
1776078917,"{'stkname': 'Nilkamal', 'ltp': '', 'perChg': '', 'stkId': 'NP08', 'displayLock': 'N', 'scanproflg': 1, 'scUrl': 'plastics/nilkamal/NP08', 'columns': [{'name': 'change %', 'value': '-1.28'}, {'name': 'LTP', 'value': '1,274.90'}, {'name': 'Close Price value', 'value': '1,274.90'}, {'name': 'change absolute', 'value': '-16.50'}]}",OHLC_D_I_NR4BEARBO,NR 4 Breakdown,Four Bar Pattern,18,Range Breakout,NR4 is a 4-bar narrow range pattern. NR4 bearish breakout pattern scanner shows the list of stocks forming bearish breakout pattern after 4-bar consolidation.,,,False,1,N,,OHLC_D_I_NR4BEARBO
1776078917,"{'stkname': 'PPL', 'ltp': '', 'perChg': '', 'stkId': 'PPL54268', 'displayLock': 'N', 'scanproflg': 1, 'scUrl': 'miscellaneous/prakashpipeslimited/PPL54268', 'columns': [{'name': 'change %', 'value': '-1.98'}, {'name': 'LTP', 'value': '205.85'}, {'name': 'Close Price value', 'value': '205.85'}, {'name': 'change absolute', 'value': '-4.16'}]}",OHLC_D_I_NR4BEARBO,NR 4 Breakdown,Four Bar Pattern,18,Range Breakout,NR4 is a 4-bar narrow range pattern. NR4 bearish breakout pattern scanner shows the list of stocks forming bearish breakout pattern after 4-bar consolidation.,,,False,1,N,,OHLC_D_I_NR4BEARBO
1776078917,"{'stkname': 'Beta Drugs', 'ltp': '', 'perChg': '', 'stkId': 'BD04', 'displayLock': 'N', 'scanproflg': 1, 'scUrl': 'pharmaceuticals/betadrugs/BD04', 'columns': [{'name': 'change %', 'value': '-0.67'}, {'name': 'LTP', 'value': '1,385.00'}, {'name': 'Close Price value', 'value': '1,385.00'}, {'name': 'change absolute', 'value': '-9.40'}]}",OHLC_D_I_NR4BEARBO,NR 4 Breakdown,Four Bar Pattern,18,Range Breakout,NR4 is a 4-bar narrow range pattern. NR4 bearish breakout pattern scanner shows the list of stocks forming bearish breakout pattern after 4-bar consolidation.,,,False,1,N,,OHLC_D_I_NR4BEARBO
1776078917,"{'stkname': 'Satia Ind', 'ltp': '', 'perChg': '', 'stkId': 'SI90', 'displayLock': 'N', 'scanproflg': 1, 'scUrl': 'paper/satiaindustries/SI96', 'columns': [{'name': 'change %', 'value': '-1.31'}, {'name': 'LTP', 'value': '63.50'}, {'name': 'Close Price value', 'value': '63.50'}, {'name': 'change absolute', 'value': '-0.84'}]}",OHLC_D_I_NR4BEARBO,NR 4 Breakdown,Four Bar Pattern,18,Range Breakout,NR4 is a 4-bar narrow range pattern. NR4 bearish breakout pattern scanner shows the list of stocks forming bearish breakout pattern after 4-bar consolidation.,,,False,1,N,,OHLC_D_I_NR4BEARBO
1776078917,"{'stkname': 'Biocon', 'ltp': '', 'perChg': '', 'stkId': 'BL03', 'displayLock': 'N', 'scanproflg': 1, 'scUrl': 'pharmaceuticals/biocon/BL03', 'columns': [{'name': 'change %', 'value': '-0.67'}, {'name': 'LTP', 'value': '346.25'}, {'name': 'Close Price value', 'value': '346.25'}, {'name': 'change absolute', 'value': '-2.35'}]}",OHLC_D_I_NR4BEARBO,NR 4 Breakdown,Four Bar Pattern,18,Range Breakout,NR4 is a 4-bar narrow range pattern. NR4 bearish breakout pattern scanner shows the list of stocks forming bearish breakout pattern after 4-bar consolidation.,,,False,1,N,,OHLC_D_I_NR4BEARBO
1776078917,"{'stkname': 'Kopran', 'ltp': '', 'perChg': '', 'stkId': 'K01', 'displayLock': 'N', 'scanproflg': 1, 'scUrl': 'pharmaceuticals/kopran/K01', 'columns': [{'name': 'change %', 'value': '-0.29'}, {'name': 'LTP', 'value': '156.93'}, {'name': 'Close Price value', 'value': '156.93'}, {'name': 'change absolute', 'value': '-0.46'}]}",OHLC_D_I_NR4BEARBO,NR 4 Breakdown,Four Bar Pattern,18,Range Breakout,NR4 is a 4-bar narrow range pattern. NR4 bearish breakout pattern scanner shows the list of stocks forming bearish breakout pattern after 4-bar consolidation.,,,False,1,N,,OHLC_D_I_NR4BEARBO
1776078917,"{'stkname': 'Pil Italica', 'ltp': '', 'perChg': '', 'stkId': 'PI08', 'displayLock': 'N', 'scanproflg': 1, 'scUrl': 'plastics/pilitalicalifestyle/PI08', 'columns': [{'name': 'change %', 'value': '-0.85'}, {'name': 'LTP', 'value': '7.00'}, {'name': 'Close Price value', 'value': '7.00'}, {'name': 'change absolute', 'value': '-0.06'}]}",OHLC_D_I_NR4BEARBO,NR 4 Breakdown,Four Bar Pattern,18,Range Breakout,NR4 is a 4-bar narrow range pattern. NR4 bearish breakout pattern scanner shows the list of stocks forming bearish breakout pattern after 4-bar consolidation.,,,False,1,N,,OHLC_D_I_NR4BEARBO
1776078917,"{'stkname': 'Rushil Decor', 'ltp': '', 'perChg': '', 'stkId': 'RD02', 'displayLock': 'N', 'scanproflg': 1, 'scUrl': 'woodwood-products/rushildecor/RD02', 'columns': [{'name': 'change %', 'value': '-3.00'}, {'name': 'LTP', 'value': '14.53'}, {'name': 'Close Price value', 'value': '14.53'}, {'name': 'change absolute', 'value': '-0.45'}]}",OHLC_D_I_NR4BEARBO,NR 4 Breakdown,Four Bar Pattern,18,Range Breakout,NR4 is a 4-bar narrow range pattern. NR4 bearish breakout pattern scanner shows the list of stocks forming bearish breakout pattern after 4-bar consolidation.,,,False,1,N,,OHLC_D_I_NR4BEARBO
1776078917,"{'stkname': 'Medplus Health', 'ltp': '', 'perChg': '', 'stkId': 'MHS01', 'displayLock': 'N', 'scanproflg': 1, 'scUrl': 'fooddrug-retailing/medplushealthservices/MHS01', 'columns': [{'name': 'change %', 'value': '-0.52'}, {'name': 'LTP', 'value': '862.30'}, {'name': 'Close Price value', 'value': '862.30'}, {'name': 'change absolute', 'value': '-4.55'}]}",OHLC_D_I_NR4BEARBO,NR 4 Breakdown,Four Bar Pattern,18,Range Breakout,NR4 is a 4-bar narrow range pattern. NR4 bearish breakout pattern scanner shows the list of stocks forming bearish breakout pattern after 4-bar consolidation.,,,False,1,N,,OHLC_D_I_NR4BEARBO
1776078917,"{'stkname': 'Morepen Lab', 'ltp': '', 'perChg': '', 'stkId': 'ML06', 'displayLock': 'N', 'scanproflg': 1, 'scUrl': 'pharmaceuticals/morepenlaboratories/ML06', 'columns': [{'name': 'change %', 'value': '-0.35'}, {'name': 'LTP', 'value': '40.02'}, {'name': 'Close Price value', 'value': '40.02'}, {'name': 'change absolute', 'value': '-0.14'}]}",OHLC_D_I_NR4BEARBO,NR 4 Breakdown,Four Bar Pattern,18,Range Breakout,NR4 is a 4-bar narrow range pattern. NR4 bearish breakout pattern scanner shows the list of stocks forming bearish breakout pattern after 4-bar consolidation.,,,False,1,N,,OHLC_D_I_NR4BEARBO
1776078917,"{'stkname': 'Neuland Lab', 'ltp': '', 'perChg': '', 'stkId': 'NL', 'displayLock': 'N', 'scanproflg': 1, 'scUrl': 'pharmaceuticals/neulandlaboratories/NL', 'columns': [{'name': 'change %', 'value': '-2.75'}, {'name': 'LTP', 'value': '14,540.00'}, {'name': 'Close Price value', 'value': '14,540.00'}, {'name': 'change absolute', 'value': '-411.00'}]}",OHLC_D_I_NR4BEARBO,NR 4 Breakdown,Four Bar Pattern,18,Range Breakout,NR4 is a 4-bar narrow range pattern. NR4 bearish breakout pattern scanner shows the list of stocks forming bearish breakout pattern after 4-bar consolidation.,,,False,1,N,,OHLC_D_I_NR4BEARBO
1776078917,"{'stkname': 'Pudumjee Paper ', 'ltp': '', 'perChg': '', 'stkId': 'PPP04', 'displayLock': 'N', 'scanproflg': 1, 'scUrl': 'paper/pudumjeepaperproductslimited/PPP04', 'columns': [{'name': 'change %', 'value': '-1.13'}, {'name': 'LTP', 'value': '84.05'}, {'name': 'Close Price value', 'value': '84.05'}, {'name': 'change absolute', 'value': '-0.96'}]}",OHLC_D_I_NR4BEARBO,NR 4 Breakdown,Four Bar Pattern,18,Range Breakout,NR4 is a 4-bar narrow range pattern. NR4 bearish breakout pattern scanner shows the list of stocks forming bearish breakout pattern after 4-bar consolidation.,,,False,1,N,,OHLC_D_I_NR4BEARBO
1776078917,"{'stkname': 'Repro India', 'ltp': '', 'perChg': '', 'stkId': 'RI35', 'displayLock': 'N', 'scanproflg': 1, 'scUrl': 'printingstationery/reproindia/RI35', 'columns': [{'name': 'change %', 'value': '-1.38'}, {'name': 'LTP', 'value': '357.40'}, {'name': 'Close Price value', 'value': '357.40'}, {'name': 'change absolute', 'value': '-5.00'}]}",OHLC_D_I_NR4BEARBO,NR 4 Breakdown,Four Bar Pattern,18,Range Breakout,NR4 is a 4-bar narrow range pattern. NR4 bearish breakout pattern scanner shows the list of stocks forming bearish breakout pattern after 4-bar consolidation.,,,False,1,N,,OHLC_D_I_NR4BEARBO
1776078917,"{'stkname': 'Sanofi India', 'ltp': '', 'perChg': '', 'stkId': 'HMR', 'displayLock': 'N', 'scanproflg': 1, 'scUrl': 'pharmaceuticals/sanofiindia/AP26', 'columns': [{'name': 'change %', 'value': '-0.29'}, {'name': 'LTP', 'value': '3,481.90'}, {'name': 'Close Price value', 'value': '3,481.90'}, {'name': 'change absolute', 'value': '-10.00'}]}",OHLC_D_I_NR4BEARBO,NR 4 Breakdown,Four Bar Pattern,18,Range Breakout,NR4 is a 4-bar narrow range pattern. NR4 bearish breakout pattern scanner shows the list of stocks forming bearish breakout pattern after 4-bar consolidation.,,,False,1,N,,OHLC_D_I_NR4BEARBO
1776078917,"{'stkname': 'Abbott India', 'ltp': '', 'perChg': '', 'stkId': 'KP', 'displayLock': 'N', 'scanproflg': 1, 'scUrl': 'pharmaceuticals/abbottindia/AI51', 'columns': [{'name': 'change %', 'value': '-0.31'}, {'name': 'LTP', 'value': '25,700.00'}, {'name': 'Close Price value', 'value': '25,700.00'}, {'name': 'change absolute', 'value': '-80.00'}]}",OHLC_D_I_NR4BEARBO,NR 4 Breakdown,Four Bar Pattern,18,Range Breakout,NR4 is a 4-bar narrow range pattern. NR4 bearish breakout pattern scanner shows the list of stocks forming bearish breakout pattern after 4-bar consolidation.,,,False,1,N,,OHLC_D_I_NR4BEARBO
1776078917,"{'stkname': 'Alembic', 'ltp': '', 'perChg': '', 'stkId': 'ACW', 'displayLock': 'N', 'scanproflg': 1, 'scUrl': 'pharmaceuticals/alembic/A08', 'columns': [{'name': 'change %', 'value': '-1.38'}, {'name': 'LTP', 'value': '84.90'}, {'name': 'Close Price value', 'value': '84.90'}, {'name': 'change absolute', 'value': '-1.19'}]}",OHLC_D_I_NR4BEARBO,NR 4 Breakdown,Four Bar Pattern,18,Range Breakout,NR4 is a 4-bar narrow range pattern. NR4 bearish breakout pattern scanner shows the list of stocks forming bearish breakout pattern after 4-bar consolidation.,,,False,1,N,,OHLC_D_I_NR4BEARBO
1776078917,"{'stkname': 'Garware HiTech', 'ltp': '', 'perChg': '', 'stkId': 'GP', 'displayLock': 'N', 'scanproflg': 1, 'scUrl': 'packaging/garwarehi-techfilms/GP', 'columns': [{'name': 'change %', 'value': '-0.21'}, {'name': 'LTP', 'value': '3,722.50'}, {'name': 'Close Price value', 'value': '3,722.50'}, {'name': 'change absolute', 'value': '-7.80'}]}",OHLC_D_I_NR4BEARBO,NR 4 Breakdown,Four Bar Pattern,18,Range Breakout,NR4 is a 4-bar narrow range pattern. NR4 bearish breakout pattern scanner shows the list of stocks forming bearish breakout pattern after 4-bar consolidation.,,,False,1,N,,OHLC_D_I_NR4BEARBO
1776078917,"{'stkname': 'Jubilant Pharmo', 'ltp': '', 'perChg': '', 'stkId': 'VOC', 'displayLock': 'N', 'scanproflg': 1, 'scUrl': 'pharmaceuticals/jubilantpharmova/JO03', 'columns': [{'name': 'change %', 'value': '-0.09'}, {'name': 'LTP', 'value': '890.00'}, {'name': 'Close Price value', 'value': '890.00'}, {'name': 'change absolute', 'value': '-0.80'}]}",OHLC_D_I_NR4BEARBO,NR 4 Breakdown,Four Bar Pattern,18,Range Breakout,NR4 is a 4-bar narrow range pattern. NR4 bearish breakout pattern scanner shows the list of stocks forming bearish breakout pattern after 4-bar consolidation.,,,False,1,N,,OHLC_D_I_NR4BEARBO
1776078917,"{'stkname': 'Ester Ind', 'ltp': '', 'perChg': '', 'stkId': 'EI07', 'displayLock': 'N', 'scanproflg': 1, 'scUrl': 'packaging/esterindustries/EI20', 'columns': [{'name': 'change %', 'value': '-0.09'}, {'name': 'LTP', 'value': '90.00'}, {'name': 'Close Price value', 'value': '90.00'}, {'name': 'change absolute', 'value': '-0.08'}]}",OHLC_D_I_NR4BEARBO,NR 4 Breakdown,Four Bar Pattern,18,Range Breakout,NR4 is a 4-bar narrow range pattern. NR4 bearish breakout pattern scanner shows the list of stocks forming bearish breakout pattern after 4-bar consolidation.,,,False,1,N,,OHLC_D_I_NR4BEARBO
1776078917,"{'stkname': 'Brooks Labs', 'ltp': '', 'perChg': '', 'stkId': 'BL04', 'displayLock': 'N', 'scanproflg': 1, 'scUrl': 'pharmaceuticals/brookslaboratories/BL', 'columns': [{'name': 'change %', 'value': '-0.97'}, {'name': 'LTP', 'value': '71.50'}, {'name': 'Close Price value', 'value': '71.50'}, {'name': 'change absolute', 'value': '-0.70'}]}",OHLC_D_I_NR4BEARBO,NR 4 Breakdown,Four Bar Pattern,18,Range Breakout,NR4 is a 4-bar narrow range pattern. NR4 bearish breakout pattern scanner shows the list of stocks forming bearish breakout pattern after 4-bar consolidation.,,,False,1,N,,OHLC_D_I_NR4BEARBO
1776078917,"{'stkname': 'Panama Petro', 'ltp': '', 'perChg': '', 'stkId': 'PP02', 'displayLock': 'N', 'scanproflg': 1, 'scUrl': 'chemicals/panamapetrochem/PP02', 'columns': [{'name': 'change %', 'value': '-2.35'}, {'name': 'LTP', 'value': '263.00'}, {'name': 'Close Price value', 'value': '263.00'}, {'name': 'change absolute', 'value': '-6.33'}]}",OHLC_D_I_NR4BEARBO,NR 4 Breakdown,Four Bar Pattern,18,Range Breakout,NR4 is a 4-bar narrow range pattern. NR4 bearish breakout pattern scanner shows the list of stocks forming bearish breakout pattern after 4-bar consolidation.,,,False,1,N,,OHLC_D_I_NR4BEARBO
1776078917,"{'stkname': 'Aarti Drugs', 'ltp': '', 'perChg': '', 'stkId': 'AD', 'displayLock': 'N', 'scanproflg': 1, 'scUrl': 'pharmaceuticals/aartidrugs/AD', 'columns': [{'name': 'change %', 'value': '-0.31'}, {'name': 'LTP', 'value': '354.00'}, {'name': 'Close Price value', 'value': '354.00'}, {'name': 'change absolute', 'value': '-1.10'}]}",OHLC_D_I_NR4BEARBO,NR 4 Breakdown,Four Bar Pattern,18,Range Breakout,NR4 is a 4-bar narrow range pattern. NR4 bearish breakout pattern scanner shows the list of stocks forming bearish breakout pattern after 4-bar consolidation.,,,False,1,N,,OHLC_D_I_NR4BEARBO
1776078917,"{'stkname': 'Castrol', 'ltp': '', 'perChg': '', 'stkId': 'CI01', 'displayLock': 'N', 'scanproflg': 1, 'scUrl': 'lubricants/castrolindia/CI01', 'columns': [{'name': 'change %', 'value': '-0.26'}, {'name': 'LTP', 'value': '178.95'}, {'name': 'Close Price value', 'value': '178.95'}, {'name': 'change absolute', 'value': '-0.47'}]}",OHLC_D_I_NR4BEARBO,NR 4 Breakdown,Four Bar Pattern,18,Range Breakout,NR4 is a 4-bar narrow range pattern. NR4 bearish breakout pattern scanner shows the list of stocks forming bearish breakout pattern after 4-bar consolidation.,,,False,1,N,,OHLC_D_I_NR4BEARBO
1776078917,"{'stkname': 'Seshasayee Pape', 'ltp': '', 'perChg': '', 'stkId': 'SPB', 'displayLock': 'N', 'scanproflg': 1, 'scUrl': 'paper/seshasayeepaperboards/SPB', 'columns': [{'name': 'change %', 'value': '-2.13'}, {'name': 'LTP', 'value': '261.05'}, {'name': 'Close Price value', 'value': '261.05'}, {'name': 'change absolute', 'value': '-5.67'}]}",OHLC_D_I_NR4BEARBO,NR 4 Breakdown,Four Bar Pattern,18,Range Breakout,NR4 is a 4-bar narrow range pattern. NR4 bearish breakout pattern scanner shows the list of stocks forming bearish breakout pattern after 4-bar consolidation.,,,False,1,N,,OHLC_D_I_NR4BEARBO
1776078917,"{'stkname': 'TTK Healthcare', 'ltp': '', 'perChg': '', 'stkId': 'TTK', 'displayLock': 'N', 'scanproflg': 1, 'scUrl': 'pharmaceuticals/ttkhealthcare/TTK', 'columns': [{'name': 'change %', 'value': '-2.01'}, {'name': 'LTP', 'value': '868.55'}, {'name': 'Close Price value', 'value': '868.55'}, {'name': 'change absolute', 'value': '-17.80'}]}",OHLC_D_I_NR4BEARBO,NR 4 Breakdown,Four Bar Pattern,18,Range Breakout,NR4 is a 4-bar narrow range pattern. NR4 bearish breakout pattern scanner shows the list of stocks forming bearish breakout pattern after 4-bar consolidation.,,,False,1,N,,OHLC_D_I_NR4BEARBO
1776078917,"{'stkname': 'Alpa Labs', 'ltp': '', 'perChg': '', 'stkId': 'AL11', 'displayLock': 'N', 'scanproflg': 1, 'scUrl': 'pharmaceuticals/alpalaboratories/AL11', 'columns': [{'name': 'change %', 'value': '-1.65'}, {'name': 'LTP', 'value': '67.90'}, {'name': 'Close Price value', 'value': '67.90'}, {'name': 'change absolute', 'value': '-1.14'}]}",OHLC_D_I_NR4BEARBO,NR 4 Breakdown,Four Bar Pattern,18,Range Breakout,NR4 is a 4-bar narrow range pattern. NR4 bearish breakout pattern scanner shows the list of stocks forming bearish breakout pattern after 4-bar consolidation.,,,False,1,N,,OHLC_D_I_NR4BEARBO
1776078917,"{'stkname': 'Godawari Power', 'ltp': '', 'perChg': '', 'stkId': 'GPI7', 'displayLock': 'N', 'scanproflg': 1, 'scUrl': 'steel-sponge-iron/godawaripowerispat/GPI7', 'columns': [{'name': 'change %', 'value': '-0.19'}, {'name': 'LTP', 'value': '289.00'}, {'name': 'Close Price value', 'value': '289.00'}, {'name': 'change absolute', 'value': '-0.55'}]}",OHLC_D_I_NR4BEARBO,NR 4 Breakdown,Four Bar Pattern,18,Range Breakout,NR4 is a 4-bar narrow range pattern. NR4 bearish breakout pattern scanner shows the list of stocks forming bearish breakout pattern after 4-bar consolidation.,,,False,1,N,,OHLC_D_I_NR4BEARBO
1776078917,"{'stkname': 'Indian Metals', 'ltp': '', 'perChg': '', 'stkId': 'IMF01', 'displayLock': 'N', 'scanproflg': 1, 'scUrl': 'miningminerals/indianmetalsferroalloys/IMF01', 'columns': [{'name': 'change %', 'value': '-0.76'}, {'name': 'LTP', 'value': '1,389.00'}, {'name': 'Close Price value', 'value': '1,389.00'}, {'name': 'change absolute', 'value': '-10.60'}]}",OHLC_D_I_NR4BEARBO,NR 4 Breakdown,Four Bar Pattern,18,Range Breakout,NR4 is a 4-bar narrow range pattern. NR4 bearish breakout pattern scanner shows the list of stocks forming bearish breakout pattern after 4-bar consolidation.,,,False,1,N,,OHLC_D_I_NR4BEARBO
1776078917,"{'stkname': 'ConfidencePetro', 'ltp': '', 'perChg': '', 'stkId': 'DG01', 'displayLock': 'N', 'scanproflg': 1, 'scUrl': 'miscellaneous/confidencepetroleum/CP10', 'columns': [{'name': 'change %', 'value': '-3.07'}, {'name': 'LTP', 'value': '54.25'}, {'name': 'Close Price value', 'value': '54.25'}, {'name': 'change absolute', 'value': '-1.72'}]}",OHLC_D_I_NR4BEARBO,NR 4 Breakdown,Four Bar Pattern,18,Range Breakout,NR4 is a 4-bar narrow range pattern. NR4 bearish breakout pattern scanner shows the list of stocks forming bearish breakout pattern after 4-bar consolidation.,,,False,1,N,,OHLC_D_I_NR4BEARBO
1776078917,"{'stkname': 'Shyam Metalics', 'ltp': '', 'perChg': '', 'stkId': 'SME05', 'displayLock': 'N', 'scanproflg': 1, 'scUrl': 'ironsteel/shyammetalicsenergy/SME05', 'columns': [{'name': 'change %', 'value': '-0.77'}, {'name': 'LTP', 'value': '832.35'}, {'name': 'Close Price value', 'value': '832.35'}, {'name': 'change absolute', 'value': '-6.45'}]}",OHLC_D_I_NR4BEARBO,NR 4 Breakdown,Four Bar Pattern,18,Range Breakout,NR4 is a 4-bar narrow range pattern. NR4 bearish breakout pattern scanner shows the list of stocks forming bearish breakout pattern after 4-bar consolidation.,,,False,1,N,,OHLC_D_I_NR4BEARBO
1776078917,"{'stkname': 'Manaksia Steels', 'ltp': '', 'perChg': '', 'stkId': 'MS24', 'displayLock': 'N', 'scanproflg': 1, 'scUrl': 'steel-large/manaksiasteels/MS27', 'columns': [{'name': 'change %', 'value': '-4.62'}, {'name': 'LTP', 'value': '54.31'}, {'name': 'Close Price value', 'value': '54.31'}, {'name': 'change absolute', 'value': '-2.63'}]}",OHLC_D_I_NR4BEARBO,NR 4 Breakdown,Four Bar Pattern,18,Range Breakout,NR4 is a 4-bar narrow range pattern. NR4 bearish breakout pattern scanner shows the list of stocks forming bearish breakout pattern after 4-bar consolidation.,,,False,1,N,,OHLC_D_I_NR4BEARBO
1776078917,"{'stkname': 'Orissa Minerals', 'ltp': '', 'perChg': '', 'stkId': 'OMD', 'displayLock': 'N', 'scanproflg': 1, 'scUrl': 'miningminerals/orissamineralsdevelopmentcompany/OMD', 'columns': [{'name': 'change %', 'value': '-0.64'}, {'name': 'LTP', 'value': '3,724.90'}, {'name': 'Close Price value', 'value': '3,724.90'}, {'name': 'change absolute', 'value': '-23.90'}]}",OHLC_D_I_NR4BEARBO,NR 4 Breakdown,Four Bar Pattern,18,Range Breakout,NR4 is a 4-bar narrow range pattern. NR4 bearish breakout pattern scanner shows the list of stocks forming bearish breakout pattern after 4-bar consolidation.,,,False,1,N,,OHLC_D_I_NR4BEARBO
1776078917,"{'stkname': 'MOIL', 'ltp': '', 'perChg': '', 'stkId': 'M11', 'displayLock': 'N', 'scanproflg': 1, 'scUrl': 'miningminerals/moil/M18', 'columns': [{'name': 'change %', 'value': '-0.05'}, {'name': 'LTP', 'value': '305.55'}, {'name': 'Close Price value', 'value': '305.55'}, {'name': 'change absolute', 'value': '-0.15'}]}",OHLC_D_I_NR4BEARBO,NR 4 Breakdown,Four Bar Pattern,18,Range Breakout,NR4 is a 4-bar narrow range pattern. NR4 bearish breakout pattern scanner shows the list of stocks forming bearish breakout pattern after 4-bar consolidation.,,,False,1,N,,OHLC_D_I_NR4BEARBO
1776078917,"{'stkname': 'Hi-Tech Pipes', 'ltp': '', 'perChg': '', 'stkId': 'HPL01', 'displayLock': 'N', 'scanproflg': 1, 'scUrl': 'steel-tubespipes/hi-techpipes/HPL01', 'columns': [{'name': 'change %', 'value': '-2.11'}, {'name': 'LTP', 'value': '84.55'}, {'name': 'Close Price value', 'value': '84.55'}, {'name': 'change absolute', 'value': '-1.82'}]}",OHLC_D_I_NR4BEARBO,NR 4 Breakdown,Four Bar Pattern,18,Range Breakout,NR4 is a 4-bar narrow range pattern. NR4 bearish breakout pattern scanner shows the list of stocks forming bearish breakout pattern after 4-bar consolidation.,,,False,1,N,,OHLC_D_I_NR4BEARBO
1776078917,"{'stkname': 'Manaksia', 'ltp': '', 'perChg': '', 'stkId': 'M10', 'displayLock': 'N', 'scanproflg': 1, 'scUrl': 'steel-rolling/manaksia/M16', 'columns': [{'name': 'change %', 'value': '-0.98'}, {'name': 'LTP', 'value': '55.39'}, {'name': 'Close Price value', 'value': '55.39'}, {'name': 'change absolute', 'value': '-0.55'}]}",OHLC_D_I_NR4BEARBO,NR 4 Breakdown,Four Bar Pattern,18,Range Breakout,NR4 is a 4-bar narrow range pattern. NR4 bearish breakout pattern scanner shows the list of stocks forming bearish breakout pattern after 4-bar consolidation.,,,False,1,N,,OHLC_D_I_NR4BEARBO
1776078917,"{'stkname': 'Steel Exchange ', 'ltp': '', 'perChg': '', 'stkId': 'SEI02', 'displayLock': 'N', 'scanproflg': 1, 'scUrl': 'steel-large/steelexchangeindia/SEI02', 'columns': [{'name': 'change %', 'value': '-1.80'}, {'name': 'LTP', 'value': '8.74'}, {'name': 'Close Price value', 'value': '8.74'}, {'name': 'change absolute', 'value': '-0.16'}]}",OHLC_D_I_NR4BEARBO,NR 4 Breakdown,Four Bar Pattern,18,Range Breakout,NR4 is a 4-bar narrow range pattern. NR4 bearish breakout pattern scanner shows the list of stocks forming bearish breakout pattern after 4-bar consolidation.,,,False,1,N,,OHLC_D_I_NR4BEARBO
1776078917,"{'stkname': 'Bharat Wire Rop', 'ltp': '', 'perChg': '', 'stkId': 'BWR01', 'displayLock': 'N', 'scanproflg': 1, 'scUrl': 'steel-mediumsmall/bharatwireropes/BWR01', 'columns': [{'name': 'change %', 'value': '-2.46'}, {'name': 'LTP', 'value': '167.38'}, {'name': 'Close Price value', 'value': '167.38'}, {'name': 'change absolute', 'value': '-4.22'}]}",OHLC_D_I_NR4BEARBO,NR 4 Breakdown,Four Bar Pattern,18,Range Breakout,NR4 is a 4-bar narrow range pattern. NR4 bearish breakout pattern scanner shows the list of stocks forming bearish breakout pattern after 4-bar consolidation.,,,False,1,N,,OHLC_D_I_NR4BEARBO
1776078917,"{'stkname': 'Gulf Oil Lubric', 'ltp': '', 'perChg': '', 'stkId': 'GOL01', 'displayLock': 'N', 'scanproflg': 1, 'scUrl': 'lubricants/gulfoillubricantsindia/GOL01', 'columns': [{'name': 'change %', 'value': '-1.12'}, {'name': 'LTP', 'value': '893.60'}, {'name': 'Close Price value', 'value': '893.60'}, {'name': 'change absolute', 'value': '-10.10'}]}",OHLC_D_I_NR4BEARBO,NR 4 Breakdown,Four Bar Pattern,18,Range Breakout,NR4 is a 4-bar narrow range pattern. NR4 bearish breakout pattern scanner shows the list of stocks forming bearish breakout pattern after 4-bar consolidation.,,,False,1,N,,OHLC_D_I_NR4BEARBO
1776078917,"{'stkname': 'Hitech Corp', 'ltp': '', 'perChg': '', 'stkId': 'HTP', 'displayLock': 'N', 'scanproflg': 1, 'scUrl': 'plastics/hitechcorporation/HP08', 'columns': [{'name': 'change %', 'value': '-0.22'}, {'name': 'LTP', 'value': '143.72'}, {'name': 'Close Price value', 'value': '143.72'}, {'name': 'change absolute', 'value': '-0.32'}]}",OHLC_D_I_NR4BEARBO,NR 4 Breakdown,Four Bar Pattern,18,Range Breakout,NR4 is a 4-bar narrow range pattern. NR4 bearish breakout pattern scanner shows the list of stocks forming bearish breakout pattern after 4-bar consolidation.,,,False,1,N,,OHLC_D_I_NR4BEARBO
1776078917,"{'stkname': 'AVG Logistics', 'ltp': '', 'perChg': '', 'stkId': 'ALL02', 'displayLock': 'N', 'scanproflg': 1, 'scUrl': 'transportlogistics/avglogistics/ALL02', 'columns': [{'name': 'change %', 'value': '-0.16'}, {'name': 'LTP', 'value': '158.80'}, {'name': 'Close Price value', 'value': '158.80'}, {'name': 'change absolute', 'value': '-0.26'}]}",OHLC_D_I_NR4BEARBO,NR 4 Breakdown,Four Bar Pattern,18,Range Breakout,NR4 is a 4-bar narrow range pattern. NR4 bearish breakout pattern scanner shows the list of stocks forming bearish breakout pattern after 4-bar consolidation.,,,False,1,N,,OHLC_D_I_NR4BEARBO
1776078917,"{'stkname': 'Pennar Inds', 'ltp': '', 'perChg': '', 'stkId': 'PS04', 'displayLock': 'N', 'scanproflg': 1, 'scUrl': 'steel-crhr-strips/pennarindustries/PI28', 'columns': [{'name': 'change %', 'value': '-0.94'}, {'name': 'LTP', 'value': '162.07'}, {'name': 'Close Price value', 'value': '162.07'}, {'name': 'change absolute', 'value': '-1.54'}]}",OHLC_D_I_NR4BEARBO,NR 4 Breakdown,Four Bar Pattern,18,Range Breakout,NR4 is a 4-bar narrow range pattern. NR4 bearish breakout pattern scanner shows the list of stocks forming bearish breakout pattern after 4-bar consolidation.,,,False,1,N,,OHLC_D_I_NR4BEARBO
1776078917,"{'stkname': 'Gravita India', 'ltp': '', 'perChg': '', 'stkId': 'GI24', 'displayLock': 'N', 'scanproflg': 1, 'scUrl': 'metals-non-ferrous/gravitaindia/GI09', 'columns': [{'name': 'change %', 'value': '-0.41'}, {'name': 'LTP', 'value': '1,552.00'}, {'name': 'Close Price value', 'value': '1,552.00'}, {'name': 'change absolute', 'value': '-6.40'}]}",OHLC_D_I_NR4BEARBO,NR 4 Breakdown,Four Bar Pattern,18,Range Breakout,NR4 is a 4-bar narrow range pattern. NR4 bearish breakout pattern scanner shows the list of stocks forming bearish breakout pattern after 4-bar consolidation.,,,False,1,N,,OHLC_D_I_NR4BEARBO
1776078917,"{'stkname': 'Lloyds Metals', 'ltp': '', 'perChg': '', 'stkId': 'LME', 'displayLock': 'N', 'scanproflg': 1, 'scUrl': 'steel-sponge-iron/lloydsmetalsenergy/LME', 'columns': [{'name': 'change %', 'value': '-0.50'}, {'name': 'LTP', 'value': '1,498.60'}, {'name': 'Close Price value', 'value': '1,498.60'}, {'name': 'change absolute', 'value': '-7.60'}]}",OHLC_D_I_NR4BEARBO,NR 4 Breakdown,Four Bar Pattern,18,Range Breakout,NR4 is a 4-bar narrow range pattern. NR4 bearish breakout pattern scanner shows the list of stocks forming bearish breakout pattern after 4-bar consolidation.,,,False,1,N,,OHLC_D_I_NR4BEARBO
1776078917,"{'stkname': '20 Microns', 'ltp': '', 'perChg': '', 'stkId': '2M', 'displayLock': 'N', 'scanproflg': 1, 'scUrl': 'miningminerals/20microns/2M', 'columns': [{'name': 'change %', 'value': '-1.61'}, {'name': 'LTP', 'value': '159.75'}, {'name': 'Close Price value', 'value': '159.75'}, {'name': 'change absolute', 'value': '-2.62'}]}",OHLC_D_I_NR4BEARBO,NR 4 Breakdown,Four Bar Pattern,18,Range Breakout,NR4 is a 4-bar narrow range pattern. NR4 bearish breakout pattern scanner shows the list of stocks forming bearish breakout pattern after 4-bar consolidation.,,,False,1,N,,OHLC_D_I_NR4BEARBO
1776078917,"{'stkname': 'GP Petroleums', 'ltp': '', 'perChg': '', 'stkId': 'SP36', 'displayLock': 'N', 'scanproflg': 1, 'scUrl': 'lubricants/gppetroleums/SP36', 'columns': [{'name': 'change %', 'value': '-1.83'}, {'name': 'LTP', 'value': '32.69'}, {'name': 'Close Price value', 'value': '32.69'}, {'name': 'change absolute', 'value': '-0.61'}]}",OHLC_D_I_NR4BEARBO,NR 4 Breakdown,Four Bar Pattern,18,Range Breakout,NR4 is a 4-bar narrow range pattern. NR4 bearish breakout pattern scanner shows the list of stocks forming bearish breakout pattern after 4-bar consolidation.,,,False,1,N,,OHLC_D_I_NR4BEARBO
1776078917,"{'stkname': 'Allcargo Termin', 'ltp': '', 'perChg': '', 'stkId': 'AT25', 'displayLock': 'N', 'scanproflg': 1, 'scUrl': 'ground-freightlogistics-services/allcargoterminals/AT29', 'columns': [{'name': 'change %', 'value': '-3.77'}, {'name': 'LTP', 'value': '24.00'}, {'name': 'Close Price value', 'value': '24.00'}, {'name': 'change absolute', 'value': '-0.94'}]}",OHLC_D_I_NR4BEARBO,NR 4 Breakdown,Four Bar Pattern,18,Range Breakout,NR4 is a 4-bar narrow range pattern. NR4 bearish breakout pattern scanner shows the list of stocks forming bearish breakout pattern after 4-bar consolidation.,,,False,1,N,,OHLC_D_I_NR4BEARBO
1776078917,"{'stkname': 'Mahindra Logist', 'ltp': '', 'perChg': '', 'stkId': 'ML12', 'displayLock': 'N', 'scanproflg': 1, 'scUrl': 'diversified/mahindralogistics/ML04', 'columns': [{'name': 'change %', 'value': '-0.05'}, {'name': 'LTP', 'value': '387.50'}, {'name': 'Close Price value', 'value': '387.50'}, {'name': 'change absolute', 'value': '-0.20'}]}",OHLC_D_I_NR4BEARBO,NR 4 Breakdown,Four Bar Pattern,18,Range Breakout,NR4 is a 4-bar narrow range pattern. NR4 bearish breakout pattern scanner shows the list of stocks forming bearish breakout pattern after 4-bar consolidation.,,,False,1,N,,OHLC_D_I_NR4BEARBO
1776078917,"{'stkname': 'Mastek', 'ltp': '', 'perChg': '', 'stkId': 'M', 'displayLock': 'N', 'scanproflg': 1, 'scUrl': 'computers-software/mastek/M', 'columns': [{'name': 'change %', 'value': '-1.63'}, {'name': 'LTP', 'value': '1,559.50'}, {'name': 'Close Price value', 'value': '1,559.50'}, {'name': 'change absolute', 'value': '-25.90'}]}",OHLC_D_I_NR4BEARBO,NR 4 Breakdown,Four Bar Pattern,18,Range Breakout,NR4 is a 4-bar narrow range pattern. NR4 bearish breakout pattern scanner shows the list of stocks forming bearish breakout pattern after 4-bar consolidation.,,,False,1,N,,OHLC_D_I_NR4BEARBO
1776078917,"{'stkname': 'TCI Express', 'ltp': '', 'perChg': '', 'stkId': 'TCI08', 'displayLock': 'N', 'scanproflg': 1, 'scUrl': 'transportlogistics/tciexpress/TCI08', 'columns': [{'name': 'change %', 'value': '-4.26'}, {'name': 'LTP', 'value': '522.00'}, {'name': 'Close Price value', 'value': '522.00'}, {'name': 'change absolute', 'value': '-23.20'}]}",OHLC_D_I_NR4BEARBO,NR 4 Breakdown,Four Bar Pattern,18,Range Breakout,NR4 is a 4-bar narrow range pattern. NR4 bearish breakout pattern scanner shows the list of stocks forming bearish breakout pattern after 4-bar consolidation.,,,False,1,N,,OHLC_D_I_NR4BEARBO
1776078917,"{'stkname': 'Greenply Ind', 'ltp': '', 'perChg': '', 'stkId': 'GI19', 'displayLock': 'N', 'scanproflg': 1, 'scUrl': 'miscellaneous/greenplyindustries/GI19', 'columns': [{'name': 'change %', 'value': '-1.08'}, {'name': 'LTP', 'value': '213.68'}, {'name': 'Close Price value', 'value': '213.68'}, {'name': 'change absolute', 'value': '-2.34'}]}",OHLC_D_I_NR4BEARBO,NR 4 Breakdown,Four Bar Pattern,18,Range Breakout,NR4 is a 4-bar narrow range pattern. NR4 bearish breakout pattern scanner shows the list of stocks forming bearish breakout pattern after 4-bar consolidation.,,,False,1,N,,OHLC_D_I_NR4BEARBO
1776078917,"{'stkname': 'Cybertech', 'ltp': '', 'perChg': '', 'stkId': 'CSS', 'displayLock': 'N', 'scanproflg': 1, 'scUrl': 'computers-software-mediumsmall/cybertechsystemssoftware/CSS', 'columns': [{'name': 'change %', 'value': '-1.12'}, {'name': 'LTP', 'value': '124.50'}, {'name': 'Close Price value', 'value': '124.50'}, {'name': 'change absolute', 'value': '-1.41'}]}",OHLC_D_I_NR4BEARBO,NR 4 Breakdown,Four Bar Pattern,18,Range Breakout,NR4 is a 4-bar narrow range pattern. NR4 bearish breakout pattern scanner shows the list of stocks forming bearish breakout pattern after 4-bar consolidation.,,,False,1,N,,OHLC_D_I_NR4BEARBO
1776078917,"{'stkname': 'Music Broadcast', 'ltp': '', 'perChg': '', 'stkId': 'MB04', 'displayLock': 'N', 'scanproflg': 1, 'scUrl': 'mediaentertainment/musicbroadcast/MB05', 'columns': [{'name': 'change %', 'value': '-3.12'}, {'name': 'LTP', 'value': '6.21'}, {'name': 'Close Price value', 'value': '6.21'}, {'name': 'change absolute', 'value': '-0.20'}]}",OHLC_D_I_NR4BEARBO,NR 4 Breakdown,Four Bar Pattern,18,Range Breakout,NR4 is a 4-bar narrow range pattern. NR4 bearish breakout pattern scanner shows the list of stocks forming bearish breakout pattern after 4-bar consolidation.,,,False,1,N,,OHLC_D_I_NR4BEARBO
1776078917,"{'stkname': 'Datamatics Glob', 'ltp': '', 'perChg': '', 'stkId': 'DTL', 'displayLock': 'N', 'scanproflg': 1, 'scUrl': 'computers-software-mediumsmall/datamaticsglobalservices/DGS01', 'columns': [{'name': 'change %', 'value': '-2.03'}, {'name': 'LTP', 'value': '696.10'}, {'name': 'Close Price value', 'value': '696.10'}, {'name': 'change absolute', 'value': '-14.40'}]}",OHLC_D_I_NR4BEARBO,NR 4 Breakdown,Four Bar Pattern,18,Range Breakout,NR4 is a 4-bar narrow range pattern. NR4 bearish breakout pattern scanner shows the list of stocks forming bearish breakout pattern after 4-bar consolidation.,,,False,1,N,,OHLC_D_I_NR4BEARBO
1776078917,"{'stkname': 'Navkar Corp', 'ltp': '', 'perChg': '', 'stkId': 'NC09', 'displayLock': 'N', 'scanproflg': 1, 'scUrl': 'transportlogistics/navkarcorporation/NC02', 'columns': [{'name': 'change %', 'value': '-0.19'}, {'name': 'LTP', 'value': '94.50'}, {'name': 'Close Price value', 'value': '94.50'}, {'name': 'change absolute', 'value': '-0.18'}]}",OHLC_D_I_NR4BEARBO,NR 4 Breakdown,Four Bar Pattern,18,Range Breakout,NR4 is a 4-bar narrow range pattern. NR4 bearish breakout pattern scanner shows the list of stocks forming bearish breakout pattern after 4-bar consolidation.,,,False,1,N,,OHLC_D_I_NR4BEARBO
1776078917,"{'stkname': 'Allied Digital', 'ltp': '', 'perChg': '', 'stkId': 'ADS01', 'displayLock': 'N', 'scanproflg': 1, 'scUrl': 'computers-software-mediumsmall/allieddigitalservices/ADS01', 'columns': [{'name': 'change %', 'value': '-1.70'}, {'name': 'LTP', 'value': '112.71'}, {'name': 'Close Price value', 'value': '112.71'}, {'name': 'change absolute', 'value': '-1.95'}]}",OHLC_D_I_NR4BEARBO,NR 4 Breakdown,Four Bar Pattern,18,Range Breakout,NR4 is a 4-bar narrow range pattern. NR4 bearish breakout pattern scanner shows the list of stocks forming bearish breakout pattern after 4-bar consolidation.,,,False,1,N,,OHLC_D_I_NR4BEARBO
1776078917,"{'stkname': 'Go Digit', 'ltp': '', 'perChg': '', 'stkId': 'GDGIL', 'displayLock': 'N', 'scanproflg': 1, 'scUrl': 'multiline-insurancebrokers/godigitgeneralinsurance/GDGIL', 'columns': [{'name': 'change %', 'value': '-0.25'}, {'name': 'LTP', 'value': '319.00'}, {'name': 'Close Price value', 'value': '319.00'}, {'name': 'change absolute', 'value': '-0.80'}]}",OHLC_D_I_NR4BEARBO,NR 4 Breakdown,Four Bar Pattern,18,Range Breakout,NR4 is a 4-bar narrow range pattern. NR4 bearish breakout pattern scanner shows the list of stocks forming bearish breakout pattern after 4-bar consolidation.,,,False,1,N,,OHLC_D_I_NR4BEARBO
1776078917,"{'stkname': 'Blue Dart', 'ltp': '', 'perChg': '', 'stkId': 'BDE', 'displayLock': 'N', 'scanproflg': 1, 'scUrl': 'couriers/bluedartexpress/BDE', 'columns': [{'name': 'change %', 'value': '-1.91'}, {'name': 'LTP', 'value': '5,072.00'}, {'name': 'Close Price value', 'value': '5,072.00'}, {'name': 'change absolute', 'value': '-98.60'}]}",OHLC_D_I_NR4BEARBO,NR 4 Breakdown,Four Bar Pattern,18,Range Breakout,NR4 is a 4-bar narrow range pattern. NR4 bearish breakout pattern scanner shows the list of stocks forming bearish breakout pattern after 4-bar consolidation.,,,False,1,N,,OHLC_D_I_NR4BEARBO
1776078917,"{'stkname': 'Greenlam Ind', 'ltp': '', 'perChg': '', 'stkId': 'GI28', 'displayLock': 'N', 'scanproflg': 1, 'scUrl': 'miscellaneous/greenlamindustries/GI31', 'columns': [{'name': 'change %', 'value': '-0.83'}, {'name': 'LTP', 'value': '217.00'}, {'name': 'Close Price value', 'value': '217.00'}, {'name': 'change absolute', 'value': '-1.82'}]}",OHLC_D_I_NR4BEARBO,NR 4 Breakdown,Four Bar Pattern,18,Range Breakout,NR4 is a 4-bar narrow range pattern. NR4 bearish breakout pattern scanner shows the list of stocks forming bearish breakout pattern after 4-bar consolidation.,,,False,1,N,,OHLC_D_I_NR4BEARBO
1776078917,"{'stkname': 'ITC Hotels', 'ltp': '', 'perChg': '', 'stkId': 'IHL01', 'displayLock': 'N', 'scanproflg': 1, 'scUrl': 'hotel-resortrestaurants/itchotels/IHL02', 'columns': [{'name': 'change %', 'value': '-0.44'}, {'name': 'LTP', 'value': '154.31'}, {'name': 'Close Price value', 'value': '154.31'}, {'name': 'change absolute', 'value': '-0.68'}]}",OHLC_D_I_NR4BEARBO,NR 4 Breakdown,Four Bar Pattern,18,Range Breakout,NR4 is a 4-bar narrow range pattern. NR4 bearish breakout pattern scanner shows the list of stocks forming bearish breakout pattern after 4-bar consolidation.,,,False,1,N,,OHLC_D_I_NR4BEARBO
1776078917,"{'stkname': 'Smartlink Net', 'ltp': '', 'perChg': '', 'stkId': 'DLI', 'displayLock': 'N', 'scanproflg': 1, 'scUrl': 'computers-hardware/smartlinkholdings/SNS01', 'columns': [{'name': 'change %', 'value': '-1.20'}, {'name': 'LTP', 'value': '122.21'}, {'name': 'Close Price value', 'value': '122.21'}, {'name': 'change absolute', 'value': '-1.49'}]}",OHLC_D_I_NR4BEARBO,NR 4 Breakdown,Four Bar Pattern,18,Range Breakout,NR4 is a 4-bar narrow range pattern. NR4 bearish breakout pattern scanner shows the list of stocks forming bearish breakout pattern after 4-bar consolidation.,,,False,1,N,,OHLC_D_I_NR4BEARBO
1776078917,"{'stkname': 'Aurobindo Pharm', 'ltp': '', 'perChg': '', 'stkId': 'AP', 'displayLock': 'N', 'scanproflg': 1, 'scUrl': 'pharmaceuticals/aurobindopharma/AP', 'columns': [{'name': 'change %', 'value': '-0.70'}, {'name': 'LTP', 'value': '1,340.00'}, {'name': 'Close Price value', 'value': '1,340.00'}, {'name': 'change absolute', 'value': '-9.40'}]}",OHLC_D_I_NR4BEARBO,NR 4 Breakdown,Four Bar Pattern,18,Range Breakout,NR4 is a 4-bar narrow range pattern. NR4 bearish breakout pattern scanner shows the list of stocks forming bearish breakout pattern after 4-bar consolidation.,,,False,1,N,,OHLC_D_I_NR4BEARBO
1776078917,"{'stkname': 'CenturyPlyboard', 'ltp': '', 'perChg': '', 'stkId': 'CP9', 'displayLock': 'N', 'scanproflg': 1, 'scUrl': 'miscellaneous/centuryplyboards/CP9', 'columns': [{'name': 'change %', 'value': '-1.57'}, {'name': 'LTP', 'value': '722.60'}, {'name': 'Close Price value', 'value': '722.60'}, {'name': 'change absolute', 'value': '-11.55'}]}",OHLC_D_I_NR4BEARBO,NR 4 Breakdown,Four Bar Pattern,18,Range Breakout,NR4 is a 4-bar narrow range pattern. NR4 bearish breakout pattern scanner shows the list of stocks forming bearish breakout pattern after 4-bar consolidation.,,,False,1,N,,OHLC_D_I_NR4BEARBO
1776078917,"{'stkname': 'EIH Assoc Hotel', 'ltp': '', 'perChg': '', 'stkId': 'EIH01', 'displayLock': 'N', 'scanproflg': 1, 'scUrl': 'hotels/eihassociatedhotels/EIH01', 'columns': [{'name': 'change %', 'value': '-0.87'}, {'name': 'LTP', 'value': '314.50'}, {'name': 'Close Price value', 'value': '314.50'}, {'name': 'change absolute', 'value': '-2.75'}]}",OHLC_D_I_NR4BEARBO,NR 4 Breakdown,Four Bar Pattern,18,Range Breakout,NR4 is a 4-bar narrow range pattern. NR4 bearish breakout pattern scanner shows the list of stocks forming bearish breakout pattern after 4-bar consolidation.,,,False,1,N,,OHLC_D_I_NR4BEARBO
1776078917,"{'stkname': 'Firstsource Sol', 'ltp': '', 'perChg': '', 'stkId': 'FS07', 'displayLock': 'N', 'scanproflg': 1, 'scUrl': 'computers-software-mediumsmall/firstsourcesolutions/FS07', 'columns': [{'name': 'change %', 'value': '-1.81'}, {'name': 'LTP', 'value': '216.39'}, {'name': 'Close Price value', 'value': '216.39'}, {'name': 'change absolute', 'value': '-4.00'}]}",OHLC_D_I_NR4BEARBO,NR 4 Breakdown,Four Bar Pattern,18,Range Breakout,NR4 is a 4-bar narrow range pattern. NR4 bearish breakout pattern scanner shows the list of stocks forming bearish breakout pattern after 4-bar consolidation.,,,False,1,N,,OHLC_D_I_NR4BEARBO
1776078917,"{'stkname': 'Healthcare Glob', 'ltp': '', 'perChg': '', 'stkId': 'HGE', 'displayLock': 'N', 'scanproflg': 1, 'scUrl': 'hospitalsmedical-services/healthcareglobalenterprises/HGE', 'columns': [{'name': 'change %', 'value': '-1.11'}, {'name': 'LTP', 'value': '552.00'}, {'name': 'Close Price value', 'value': '552.00'}, {'name': 'change absolute', 'value': '-6.20'}]}",OHLC_D_I_NR4BEARBO,NR 4 Breakdown,Four Bar Pattern,18,Range Breakout,NR4 is a 4-bar narrow range pattern. NR4 bearish breakout pattern scanner shows the list of stocks forming bearish breakout pattern after 4-bar consolidation.,,,False,1,N,,OHLC_D_I_NR4BEARBO
1776078917,"{'stkname': 'Aurum Proptech', 'ltp': '', 'perChg': '', 'stkId': 'M12', 'displayLock': 'N', 'scanproflg': 1, 'scUrl': 'computers-software-mediumsmall/aurumproptech/M19', 'columns': [{'name': 'change %', 'value': '-0.58'}, {'name': 'LTP', 'value': '170.59'}, {'name': 'Close Price value', 'value': '170.59'}, {'name': 'change absolute', 'value': '-1.00'}]}",OHLC_D_I_NR4BEARBO,NR 4 Breakdown,Four Bar Pattern,18,Range Breakout,NR4 is a 4-bar narrow range pattern. NR4 bearish breakout pattern scanner shows the list of stocks forming bearish breakout pattern after 4-bar consolidation.,,,False,1,N,,OHLC_D_I_NR4BEARBO
1776078917,"{'stkname': 'eClerx Services', 'ltp': '', 'perChg': '', 'stkId': 'ES07', 'displayLock': 'N', 'scanproflg': 1, 'scUrl': 'computers-software-mediumsmall/eclerxservices/eS06', 'columns': [{'name': 'change %', 'value': '-3.30'}, {'name': 'LTP', 'value': '1,449.00'}, {'name': 'Close Price value', 'value': '1,449.00'}, {'name': 'change absolute', 'value': '-49.50'}]}",OHLC_D_I_NR4BEARBO,NR 4 Breakdown,Four Bar Pattern,18,Range Breakout,NR4 is a 4-bar narrow range pattern. NR4 bearish breakout pattern scanner shows the list of stocks forming bearish breakout pattern after 4-bar consolidation.,,,False,1,N,,OHLC_D_I_NR4BEARBO
1776078917,"{'stkname': 'Nazara', 'ltp': '', 'perChg': '', 'stkId': 'NT03', 'displayLock': 'N', 'scanproflg': 1, 'scUrl': 'software/nazaratechnologies/NT', 'columns': [{'name': 'change %', 'value': '-1.36'}, {'name': 'LTP', 'value': '248.90'}, {'name': 'Close Price value', 'value': '248.90'}, {'name': 'change absolute', 'value': '-3.43'}]}",OHLC_D_I_NR4BEARBO,NR 4 Breakdown,Four Bar Pattern,18,Range Breakout,NR4 is a 4-bar narrow range pattern. NR4 bearish breakout pattern scanner shows the list of stocks forming bearish breakout pattern after 4-bar consolidation.,,,False,1,N,,OHLC_D_I_NR4BEARBO
1776078917,"{'stkname': 'Alldigi Tech', 'ltp': '', 'perChg': '', 'stkId': 'ALL01', 'displayLock': 'N', 'scanproflg': 1, 'scUrl': 'bpoites/alldigitech/ALL01', 'columns': [{'name': 'change %', 'value': '-0.36'}, {'name': 'LTP', 'value': '823.50'}, {'name': 'Close Price value', 'value': '823.50'}, {'name': 'change absolute', 'value': '-3.00'}]}",OHLC_D_I_NR4BEARBO,NR 4 Breakdown,Four Bar Pattern,18,Range Breakout,NR4 is a 4-bar narrow range pattern. NR4 bearish breakout pattern scanner shows the list of stocks forming bearish breakout pattern after 4-bar consolidation.,,,False,1,N,,OHLC_D_I_NR4BEARBO
1776078917,"{'stkname': 'Aptech', 'ltp': '', 'perChg': '', 'stkId': 'AT14', 'displayLock': 'N', 'scanproflg': 1, 'scUrl': 'computers-software-training/aptech/A11', 'columns': [{'name': 'change %', 'value': '-0.99'}, {'name': 'LTP', 'value': '84.11'}, {'name': 'Close Price value', 'value': '84.11'}, {'name': 'change absolute', 'value': '-0.84'}]}",OHLC_D_I_NR4BEARBO,NR 4 Breakdown,Four Bar Pattern,18,Range Breakout,NR4 is a 4-bar narrow range pattern. NR4 bearish breakout pattern scanner shows the list of stocks forming bearish breakout pattern after 4-bar consolidation.,,,False,1,N,,OHLC_D_I_NR4BEARBO
1776078917,"{'stkname': 'Mindteck', 'ltp': '', 'perChg': '', 'stkId': 'HI06', 'displayLock': 'N', 'scanproflg': 1, 'scUrl': 'computers-software/mindteckindia/MI35', 'columns': [{'name': 'change %', 'value': '-0.13'}, {'name': 'LTP', 'value': '182.17'}, {'name': 'Close Price value', 'value': '182.17'}, {'name': 'change absolute', 'value': '-0.24'}]}",OHLC_D_I_NR4BEARBO,NR 4 Breakdown,Four Bar Pattern,18,Range Breakout,NR4 is a 4-bar narrow range pattern. NR4 bearish breakout pattern scanner shows the list of stocks forming bearish breakout pattern after 4-bar consolidation.,,,False,1,N,,OHLC_D_I_NR4BEARBO
1776078917,"{'stkname': 'Ramco System', 'ltp': '', 'perChg': '', 'stkId': 'RS17', 'displayLock': 'N', 'scanproflg': 1, 'scUrl': 'computers-software/ramcosystem/RS17', 'columns': [{'name': 'change %', 'value': '-0.31'}, {'name': 'LTP', 'value': '429.00'}, {'name': 'Close Price value', 'value': '429.00'}, {'name': 'change absolute', 'value': '-1.35'}]}",OHLC_D_I_NR4BEARBO,NR 4 Breakdown,Four Bar Pattern,18,Range Breakout,NR4 is a 4-bar narrow range pattern. NR4 bearish breakout pattern scanner shows the list of stocks forming bearish breakout pattern after 4-bar consolidation.,,,False,1,N,,OHLC_D_I_NR4BEARBO
1776078917,"{'stkname': 'Softtech Engine', 'ltp': '', 'perChg': '', 'stkId': 'SE26', 'displayLock': 'N', 'scanproflg': 1, 'scUrl': 'computers-software/softtechengineers/SE24', 'columns': [{'name': 'change %', 'value': '-0.72'}, {'name': 'LTP', 'value': '312.82'}, {'name': 'Close Price value', 'value': '312.82'}, {'name': 'change absolute', 'value': '-2.27'}]}",OHLC_D_I_NR4BEARBO,NR 4 Breakdown,Four Bar Pattern,18,Range Breakout,NR4 is a 4-bar narrow range pattern. NR4 bearish breakout pattern scanner shows the list of stocks forming bearish breakout pattern after 4-bar consolidation.,,,False,1,N,,OHLC_D_I_NR4BEARBO
1776078917,"{'stkname': 'Expleo Solution', 'ltp': '', 'perChg': '', 'stkId': 'TGS01', 'displayLock': 'N', 'scanproflg': 1, 'scUrl': 'computers-software/expleosolutions/TGS01', 'columns': [{'name': 'change %', 'value': '-1.95'}, {'name': 'LTP', 'value': '740.85'}, {'name': 'Close Price value', 'value': '740.85'}, {'name': 'change absolute', 'value': '-14.70'}]}",OHLC_D_I_NR4BEARBO,NR 4 Breakdown,Four Bar Pattern,18,Range Breakout,NR4 is a 4-bar narrow range pattern. NR4 bearish breakout pattern scanner shows the list of stocks forming bearish breakout pattern after 4-bar consolidation.,,,False,1,N,,OHLC_D_I_NR4BEARBO
1776078917,"{'stkname': 'Xchanging Sol', 'ltp': '', 'perChg': '', 'stkId': 'SSC06', 'displayLock': 'N', 'scanproflg': 1, 'scUrl': 'computers-software-mediumsmall/xchangingsolutions/CS20', 'columns': [{'name': 'change %', 'value': '-1.02'}, {'name': 'LTP', 'value': '62.00'}, {'name': 'Close Price value', 'value': '62.00'}, {'name': 'change absolute', 'value': '-0.64'}]}",OHLC_D_I_NR4BEARBO,NR 4 Breakdown,Four Bar Pattern,18,Range Breakout,NR4 is a 4-bar narrow range pattern. NR4 bearish breakout pattern scanner shows the list of stocks forming bearish breakout pattern after 4-bar consolidation.,,,False,1,N,,OHLC_D_I_NR4BEARBO
1776078917,"{'stkname': 'Dr Lal PathLab', 'ltp': '', 'perChg': '', 'stkId': 'DLP01', 'displayLock': 'N', 'scanproflg': 1, 'scUrl': 'pharmaceuticals/drlalpathlabs/DLP01', 'columns': [{'name': 'change %', 'value': '-1.94'}, {'name': 'LTP', 'value': '1,377.50'}, {'name': 'Close Price value', 'value': '1,377.50'}, {'name': 'change absolute', 'value': '-27.20'}]}",OHLC_D_I_NR4BEARBO,NR 4 Breakdown,Four Bar Pattern,18,Range Breakout,NR4 is a 4-bar narrow range pattern. NR4 bearish breakout pattern scanner shows the list of stocks forming bearish breakout pattern after 4-bar consolidation.,,,False,1,N,,OHLC_D_I_NR4BEARBO
1776078917,"{'stkname': 'Jupiter Life', 'ltp': '', 'perChg': '', 'stkId': 'JLLHL', 'displayLock': 'N', 'scanproflg': 1, 'scUrl': 'hospitalhealthcare-services/jupiterlifelinehospitals/JLLHL', 'columns': [{'name': 'change %', 'value': '-0.51'}, {'name': 'LTP', 'value': '1,248.00'}, {'name': 'Close Price value', 'value': '1,248.00'}, {'name': 'change absolute', 'value': '-6.40'}]}",OHLC_D_I_NR4BEARBO,NR 4 Breakdown,Four Bar Pattern,18,Range Breakout,NR4 is a 4-bar narrow range pattern. NR4 bearish breakout pattern scanner shows the list of stocks forming bearish breakout pattern after 4-bar consolidation.,,,False,1,N,,OHLC_D_I_NR4BEARBO
1776078917,"{'stkname': 'Krishna Inst.', 'ltp': '', 'perChg': '', 'stkId': 'KIO01', 'displayLock': 'N', 'scanproflg': 1, 'scUrl': 'hospitalhealthcare-services/krishnainstitutemedicalsciences/KIo01', 'columns': [{'name': 'change %', 'value': '-1.54'}, {'name': 'LTP', 'value': '654.00'}, {'name': 'Close Price value', 'value': '654.00'}, {'name': 'change absolute', 'value': '-10.25'}]}",OHLC_D_I_NR4BEARBO,NR 4 Breakdown,Four Bar Pattern,18,Range Breakout,NR4 is a 4-bar narrow range pattern. NR4 bearish breakout pattern scanner shows the list of stocks forming bearish breakout pattern after 4-bar consolidation.,,,False,1,N,,OHLC_D_I_NR4BEARBO
1776078917,"{'stkname': 'Route', 'ltp': '', 'perChg': '', 'stkId': 'RML02', 'displayLock': 'N', 'scanproflg': 1, 'scUrl': 'it-servicesconsulting/routemobile/RML02', 'columns': [{'name': 'change %', 'value': '-0.73'}, {'name': 'LTP', 'value': '482.00'}, {'name': 'Close Price value', 'value': '482.00'}, {'name': 'change absolute', 'value': '-3.55'}]}",OHLC_D_I_NR4BEARBO,NR 4 Breakdown,Four Bar Pattern,18,Range Breakout,NR4 is a 4-bar narrow range pattern. NR4 bearish breakout pattern scanner shows the list of stocks forming bearish breakout pattern after 4-bar consolidation.,,,False,1,N,,OHLC_D_I_NR4BEARBO
1776078917,"{'stkname': 'Taj GVK Hotels', 'ltp': '', 'perChg': '', 'stkId': 'TGV', 'displayLock': 'N', 'scanproflg': 1, 'scUrl': 'hotels/tajgvkhotelsresorts/TGV', 'columns': [{'name': 'change %', 'value': '-1.15'}, {'name': 'LTP', 'value': '332.00'}, {'name': 'Close Price value', 'value': '332.00'}, {'name': 'change absolute', 'value': '-3.85'}]}",OHLC_D_I_NR4BEARBO,NR 4 Breakdown,Four Bar Pattern,18,Range Breakout,NR4 is a 4-bar narrow range pattern. NR4 bearish breakout pattern scanner shows the list of stocks forming bearish breakout pattern after 4-bar consolidation.,,,False,1,N,,OHLC_D_I_NR4BEARBO
1776078917,"{'stkname': 'CIEINDIA', 'ltp': '', 'perChg': '', 'stkId': 'MAS', 'displayLock': 'N', 'scanproflg': 1, 'scUrl': 'auto-ancillaries-castingsforgings/cieautomotiveindia/MF19', 'columns': [{'name': 'change %', 'value': '-0.15'}, {'name': 'LTP', 'value': '485.00'}, {'name': 'Close Price value', 'value': '485.00'}, {'name': 'change absolute', 'value': '-0.75'}]}",OHLC_D_I_NR4BEARBO,NR 4 Breakdown,Four Bar Pattern,18,Range Breakout,NR4 is a 4-bar narrow range pattern. NR4 bearish breakout pattern scanner shows the list of stocks forming bearish breakout pattern after 4-bar consolidation.,,,False,1,N,,OHLC_D_I_NR4BEARBO
1776078917,"{'stkname': 'OnMobile Global', 'ltp': '', 'perChg': '', 'stkId': 'OG01', 'displayLock': 'N', 'scanproflg': 1, 'scUrl': 'telecommunications-service/onmobileglobal/OG01', 'columns': [{'name': 'change %', 'value': '-0.31'}, {'name': 'LTP', 'value': '45.75'}, {'name': 'Close Price value', 'value': '45.75'}, {'name': 'change absolute', 'value': '-0.14'}]}",OHLC_D_I_NR4BEARBO,NR 4 Breakdown,Four Bar Pattern,18,Range Breakout,NR4 is a 4-bar narrow range pattern. NR4 bearish breakout pattern scanner shows the list of stocks forming bearish breakout pattern after 4-bar consolidation.,,,False,1,N,,OHLC_D_I_NR4BEARBO
1776078917,"{'stkname': 'Vakrangee', 'ltp': '', 'perChg': '', 'stkId': 'VI02', 'displayLock': 'N', 'scanproflg': 1, 'scUrl': 'computers-software-mediumsmall/vakrangee/VS', 'columns': [{'name': 'change %', 'value': '-1.23'}, {'name': 'LTP', 'value': '6.42'}, {'name': 'Close Price value', 'value': '6.42'}, {'name': 'change absolute', 'value': '-0.08'}]}",OHLC_D_I_NR4BEARBO,NR 4 Breakdown,Four Bar Pattern,18,Range Breakout,NR4 is a 4-bar narrow range pattern. NR4 bearish breakout pattern scanner shows the list of stocks forming bearish breakout pattern after 4-bar consolidation.,,,False,1,N,,OHLC_D_I_NR4BEARBO
1776078917,"{'stkname': 'Kellton Tech', 'ltp': '', 'perChg': '', 'stkId': 'VMF', 'displayLock': 'N', 'scanproflg': 1, 'scUrl': 'computers-software-mediumsmall/kelltontechsolutions/VMF', 'columns': [{'name': 'change %', 'value': '-2.21'}, {'name': 'LTP', 'value': '14.60'}, {'name': 'Close Price value', 'value': '14.60'}, {'name': 'change absolute', 'value': '-0.33'}]}",OHLC_D_I_NR4BEARBO,NR 4 Breakdown,Four Bar Pattern,18,Range Breakout,NR4 is a 4-bar narrow range pattern. NR4 bearish breakout pattern scanner shows the list of stocks forming bearish breakout pattern after 4-bar consolidation.,,,False,1,N,,OHLC_D_I_NR4BEARBO
1776078917,"{'stkname': 'SKM Egg Product', 'ltp': '', 'perChg': '', 'stkId': 'SEP', 'displayLock': 'N', 'scanproflg': 1, 'scUrl': 'food-processing/skmeggproductsexportindia/SKM', 'columns': [{'name': 'change %', 'value': '-0.42'}, {'name': 'LTP', 'value': '173.90'}, {'name': 'Close Price value', 'value': '173.90'}, {'name': 'change absolute', 'value': '-0.74'}]}",OHLC_D_I_NR4BEARBO,NR 4 Breakdown,Four Bar Pattern,18,Range Breakout,NR4 is a 4-bar narrow range pattern. NR4 bearish breakout pattern scanner shows the list of stocks forming bearish breakout pattern after 4-bar consolidation.,,,False,1,N,,OHLC_D_I_NR4BEARBO
1776078917,"{'stkname': 'Cupid', 'ltp': '', 'perChg': '', 'stkId': 'CR02', 'displayLock': 'N', 'scanproflg': 1, 'scUrl': 'miscellaneous/cupid/CR02', 'columns': [{'name': 'change %', 'value': '-1.26'}, {'name': 'LTP', 'value': '92.55'}, {'name': 'Close Price value', 'value': '92.55'}, {'name': 'change absolute', 'value': '-1.18'}]}",OHLC_D_I_NR4BEARBO,NR 4 Breakdown,Four Bar Pattern,18,Range Breakout,NR4 is a 4-bar narrow range pattern. NR4 bearish breakout pattern scanner shows the list of stocks forming bearish breakout pattern after 4-bar consolidation.,,,False,1,N,,OHLC_D_I_NR4BEARBO
1776078917,"{'stkname': 'Emkay Global', 'ltp': '', 'perChg': '', 'stkId': 'ESS01', 'displayLock': 'N', 'scanproflg': 1, 'scUrl': 'finance-general/emkayglobalfinancialservices/EGF', 'columns': [{'name': 'change %', 'value': '-0.46'}, {'name': 'LTP', 'value': '216.00'}, {'name': 'Close Price value', 'value': '216.00'}, {'name': 'change absolute', 'value': '-1.00'}]}",OHLC_D_I_NR4BEARBO,NR 4 Breakdown,Four Bar Pattern,18,Range Breakout,NR4 is a 4-bar narrow range pattern. NR4 bearish breakout pattern scanner shows the list of stocks forming bearish breakout pattern after 4-bar consolidation.,,,False,1,N,,OHLC_D_I_NR4BEARBO
1776078917,"{'stkname': 'Centrum Capital', 'ltp': '', 'perChg': '', 'stkId': 'CF09', 'displayLock': 'N', 'scanproflg': 1, 'scUrl': 'finance-general/centrumcapital/CF09', 'columns': [{'name': 'change %', 'value': '-8.26'}, {'name': 'LTP', 'value': '26.10'}, {'name': 'Close Price value', 'value': '26.10'}, {'name': 'change absolute', 'value': '-2.35'}]}",OHLC_D_I_NR4BEARBO,NR 4 Breakdown,Four Bar Pattern,18,Range Breakout,NR4 is a 4-bar narrow range pattern. NR4 bearish breakout pattern scanner shows the list of stocks forming bearish breakout pattern after 4-bar consolidation.,,,False,1,N,,OHLC_D_I_NR4BEARBO
1776078917,"{'stkname': 'Delta Corp', 'ltp': '', 'perChg': '', 'stkId': 'AW', 'displayLock': 'N', 'scanproflg': 1, 'scUrl': 'constructioncontracting-real-estate/deltacorp/DC11', 'columns': [{'name': 'change %', 'value': '-0.27'}, {'name': 'LTP', 'value': '58.20'}, {'name': 'Close Price value', 'value': '58.20'}, {'name': 'change absolute', 'value': '-0.16'}]}",OHLC_D_I_NR4BEARBO,NR 4 Breakdown,Four Bar Pattern,18,Range Breakout,NR4 is a 4-bar narrow range pattern. NR4 bearish breakout pattern scanner shows the list of stocks forming bearish breakout pattern after 4-bar consolidation.,,,False,1,N,,OHLC_D_I_NR4BEARBO
1776078917,"{'stkname': 'Jyothy Labs', 'ltp': '', 'perChg': '', 'stkId': 'JL', 'displayLock': 'N', 'scanproflg': 1, 'scUrl': 'personal-care/jyothylabs/JL', 'columns': [{'name': 'change %', 'value': '-2.78'}, {'name': 'LTP', 'value': '219.00'}, {'name': 'Close Price value', 'value': '219.00'}, {'name': 'change absolute', 'value': '-6.27'}]}",OHLC_D_I_NR4BEARBO,NR 4 Breakdown,Four Bar Pattern,18,Range Breakout,NR4 is a 4-bar narrow range pattern. NR4 bearish breakout pattern scanner shows the list of stocks forming bearish breakout pattern after 4-bar consolidation.,,,False,1,N,,OHLC_D_I_NR4BEARBO
1776078917,"{'stkname': 'SMC Global Secu', 'ltp': '', 'perChg': '', 'stkId': 'SGS01', 'displayLock': 'N', 'scanproflg': 1, 'scUrl': 'finance-investment/smcglobalsecurities/SGS03', 'columns': [{'name': 'change %', 'value': '-1.86'}, {'name': 'LTP', 'value': '61.69'}, {'name': 'Close Price value', 'value': '61.69'}, {'name': 'change absolute', 'value': '-1.17'}]}",OHLC_D_I_NR4BEARBO,NR 4 Breakdown,Four Bar Pattern,18,Range Breakout,NR4 is a 4-bar narrow range pattern. NR4 bearish breakout pattern scanner shows the list of stocks forming bearish breakout pattern after 4-bar consolidation.,,,False,1,N,,OHLC_D_I_NR4BEARBO
1776078917,"{'stkname': 'Jindal Photo', 'ltp': '', 'perChg': '', 'stkId': 'JP11', 'displayLock': 'N', 'scanproflg': 1, 'scUrl': 'consumer-goods-electronic/jindalphoto/JP11', 'columns': [{'name': 'change %', 'value': '-2.91'}, {'name': 'LTP', 'value': '1,111.30'}, {'name': 'Close Price value', 'value': '1,111.30'}, {'name': 'change absolute', 'value': '-33.30'}]}",OHLC_D_I_NR4BEARBO,NR 4 Breakdown,Four Bar Pattern,18,Range Breakout,NR4 is a 4-bar narrow range pattern. NR4 bearish breakout pattern scanner shows the list of stocks forming bearish breakout pattern after 4-bar consolidation.,,,False,1,N,,OHLC_D_I_NR4BEARBO
1776078917,"{'stkname': 'AVT Natural', 'ltp': '', 'perChg': '', 'stkId': 'AVT', 'displayLock': 'N', 'scanproflg': 1, 'scUrl': 'edible-oilssolvent-extraction/avtnaturalproducts/AVT02', 'columns': [{'name': 'change %', 'value': '-0.13'}, {'name': 'LTP', 'value': '62.85'}, {'name': 'Close Price value', 'value': '62.85'}, {'name': 'change absolute', 'value': '-0.08'}]}",OHLC_D_I_NR4BEARBO,NR 4 Breakdown,Four Bar Pattern,18,Range Breakout,NR4 is a 4-bar narrow range pattern. NR4 bearish breakout pattern scanner shows the list of stocks forming bearish breakout pattern after 4-bar consolidation.,,,False,1,N,,OHLC_D_I_NR4BEARBO
1776078917,"{'stkname': 'Safari Ind', 'ltp': '', 'perChg': '', 'stkId': 'SII01', 'displayLock': 'N', 'scanproflg': 1, 'scUrl': 'householdpersonal-products/safariindustriesindia/SII01', 'columns': [{'name': 'change %', 'value': '-1.83'}, {'name': 'LTP', 'value': '1,530.00'}, {'name': 'Close Price value', 'value': '1,530.00'}, {'name': 'change absolute', 'value': '-28.50'}]}",OHLC_D_I_NR4BEARBO,NR 4 Breakdown,Four Bar Pattern,18,Range Breakout,NR4 is a 4-bar narrow range pattern. NR4 bearish breakout pattern scanner shows the list of stocks forming bearish breakout pattern after 4-bar consolidation.,,,False,1,N,,OHLC_D_I_NR4BEARBO
1776078917,"{'stkname': 'Carysil', 'ltp': '', 'perChg': '', 'stkId': 'AI04', 'displayLock': 'N', 'scanproflg': 1, 'scUrl': 'plastics-moulded-articlesfurnitures/carysil/AI04', 'columns': [{'name': 'change %', 'value': '-0.11'}, {'name': 'LTP', 'value': '842.50'}, {'name': 'Close Price value', 'value': '842.50'}, {'name': 'change absolute', 'value': '-0.90'}]}",OHLC_D_I_NR4BEARBO,NR 4 Breakdown,Four Bar Pattern,18,Range Breakout,NR4 is a 4-bar narrow range pattern. NR4 bearish breakout pattern scanner shows the list of stocks forming bearish breakout pattern after 4-bar consolidation.,,,False,1,N,,OHLC_D_I_NR4BEARBO
1776078917,"{'stkname': 'Gulshan Poly', 'ltp': '', 'perChg': '', 'stkId': 'GP9', 'displayLock': 'N', 'scanproflg': 1, 'scUrl': 'chemicals/gulshanpolyols/GP9', 'columns': [{'name': 'change %', 'value': '-0.66'}, {'name': 'LTP', 'value': '170.30'}, {'name': 'Close Price value', 'value': '170.30'}, {'name': 'change absolute', 'value': '-1.13'}]}",OHLC_D_I_NR4BEARBO,NR 4 Breakdown,Four Bar Pattern,18,Range Breakout,NR4 is a 4-bar narrow range pattern. NR4 bearish breakout pattern scanner shows the list of stocks forming bearish breakout pattern after 4-bar consolidation.,,,False,1,N,,OHLC_D_I_NR4BEARBO
1776078917,"{'stkname': 'Gillette India', 'ltp': '', 'perChg': '', 'stkId': 'ISP', 'displayLock': 'N', 'scanproflg': 1, 'scUrl': 'personal-care/gilletteindia/GI22', 'columns': [{'name': 'change %', 'value': '-0.32'}, {'name': 'LTP', 'value': '7,679.50'}, {'name': 'Close Price value', 'value': '7,679.50'}, {'name': 'change absolute', 'value': '-24.50'}]}",OHLC_D_I_NR4BEARBO,NR 4 Breakdown,Four Bar Pattern,18,Range Breakout,NR4 is a 4-bar narrow range pattern. NR4 bearish breakout pattern scanner shows the list of stocks forming bearish breakout pattern after 4-bar consolidation.,,,False,1,N,,OHLC_D_I_NR4BEARBO
1776078917,"{'stkname': 'Patanjali Foods', 'ltp': '', 'perChg': '', 'stkId': 'RSI', 'displayLock': 'N', 'scanproflg': 1, 'scUrl': 'vegetable-oilsproducts/patanjalifoods/RSI', 'columns': [{'name': 'change %', 'value': '-1.39'}, {'name': 'LTP', 'value': '460.85'}, {'name': 'Close Price value', 'value': '460.85'}, {'name': 'change absolute', 'value': '-6.50'}]}",OHLC_D_I_NR4BEARBO,NR 4 Breakdown,Four Bar Pattern,18,Range Breakout,NR4 is a 4-bar narrow range pattern. NR4 bearish breakout pattern scanner shows the list of stocks forming bearish breakout pattern after 4-bar consolidation.,,,False,1,N,,OHLC_D_I_NR4BEARBO
1776078917,"{'stkname': 'Jindal Poly Inv', 'ltp': '', 'perChg': '', 'stkId': 'JPI02', 'displayLock': 'N', 'scanproflg': 1, 'scUrl': 'finance-general/jindalpolyinvestmentfinancecompany/JPI02', 'columns': [{'name': 'change %', 'value': '-1.39'}, {'name': 'LTP', 'value': '1,100.60'}, {'name': 'Close Price value', 'value': '1,100.60'}, {'name': 'change absolute', 'value': '-15.50'}]}",OHLC_D_I_NR4BEARBO,NR 4 Breakdown,Four Bar Pattern,18,Range Breakout,NR4 is a 4-bar narrow range pattern. NR4 bearish breakout pattern scanner shows the list of stocks forming bearish breakout pattern after 4-bar consolidation.,,,False,1,N,,OHLC_D_I_NR4BEARBO
1776078917,"{'stkname': 'Oswal ChemandFe', 'ltp': '', 'perChg': '', 'stkId': 'OCF', 'displayLock': 'N', 'scanproflg': 1, 'scUrl': 'fertilisers/oswalchemicalsfertilisers/OCF', 'columns': [{'name': 'change %', 'value': '-2.20'}, {'name': 'LTP', 'value': '27.15'}, {'name': 'Close Price value', 'value': '27.15'}, {'name': 'change absolute', 'value': '-0.61'}]}",OHLC_D_I_NR4BEARBO,NR 4 Breakdown,Four Bar Pattern,18,Range Breakout,NR4 is a 4-bar narrow range pattern. NR4 bearish breakout pattern scanner shows the list of stocks forming bearish breakout pattern after 4-bar consolidation.,,,False,1,N,,OHLC_D_I_NR4BEARBO
1776078917,"{'stkname': 'Sarveshwar Food', 'ltp': '', 'perChg': '', 'stkId': 'SF31', 'displayLock': 'N', 'scanproflg': 1, 'scUrl': 'food-processing/sarveshwarfoods/SF29', 'columns': [{'name': 'change %', 'value': '-1.27'}, {'name': 'LTP', 'value': '3.88'}, {'name': 'Close Price value', 'value': '3.88'}, {'name': 'change absolute', 'value': '-0.05'}]}",OHLC_D_I_NR4BEARBO,NR 4 Breakdown,Four Bar Pattern,18,Range Breakout,NR4 is a 4-bar narrow range pattern. NR4 bearish breakout pattern scanner shows the list of stocks forming bearish breakout pattern after 4-bar consolidation.,,,False,1,N,,OHLC_D_I_NR4BEARBO
1776078917,"{'stkname': 'Nalwa Sons', 'ltp': '', 'perChg': '', 'stkId': 'JS02', 'displayLock': 'N', 'scanproflg': 1, 'scUrl': 'finance-general/nalwasonsinvestment/NSI02', 'columns': [{'name': 'change %', 'value': '-0.61'}, {'name': 'LTP', 'value': '5,580.00'}, {'name': 'Close Price value', 'value': '5,580.00'}, {'name': 'change absolute', 'value': '-34.40'}]}",OHLC_D_I_NR4BEARBO,NR 4 Breakdown,Four Bar Pattern,18,Range Breakout,NR4 is a 4-bar narrow range pattern. NR4 bearish breakout pattern scanner shows the list of stocks forming bearish breakout pattern after 4-bar consolidation.,,,False,1,N,,OHLC_D_I_NR4BEARBO
1776078917,"{'stkname': '5paisa Capita', 'ltp': '', 'perChg': '', 'stkId': 'C96', 'displayLock': 'N', 'scanproflg': 1, 'scUrl': 'miscellaneous/5paisacapital/C98', 'columns': [{'name': 'change %', 'value': '-1.35'}, {'name': 'LTP', 'value': '300.99'}, {'name': 'Close Price value', 'value': '300.99'}, {'name': 'change absolute', 'value': '-4.12'}]}",OHLC_D_I_NR4BEARBO,NR 4 Breakdown,Four Bar Pattern,18,Range Breakout,NR4 is a 4-bar narrow range pattern. NR4 bearish breakout pattern scanner shows the list of stocks forming bearish breakout pattern after 4-bar consolidation.,,,False,1,N,,OHLC_D_I_NR4BEARBO
1776078917,"{'stkname': 'BCL Industries', 'ltp': '', 'perChg': '', 'stkId': 'BC06', 'displayLock': 'N', 'scanproflg': 1, 'scUrl': 'breweriesdistilleries/bclindustries/BC06', 'columns': [{'name': 'change %', 'value': '-0.06'}, {'name': 'LTP', 'value': '32.38'}, {'name': 'Close Price value', 'value': '32.38'}, {'name': 'change absolute', 'value': '-0.02'}]}",OHLC_D_I_NR4BEARBO,NR 4 Breakdown,Four Bar Pattern,18,Range Breakout,NR4 is a 4-bar narrow range pattern. NR4 bearish breakout pattern scanner shows the list of stocks forming bearish breakout pattern after 4-bar consolidation.,,,False,1,N,,OHLC_D_I_NR4BEARBO
1776078917,"{'stkname': 'Bikaji Foods', 'ltp': '', 'perChg': '', 'stkId': 'BFI01', 'displayLock': 'N', 'scanproflg': 1, 'scUrl': 'consumer-food/bikajifoodsinternational/BFI01', 'columns': [{'name': 'change %', 'value': '-0.41'}, {'name': 'LTP', 'value': '638.00'}, {'name': 'Close Price value', 'value': '638.00'}, {'name': 'change absolute', 'value': '-2.60'}]}",OHLC_D_I_NR4BEARBO,NR 4 Breakdown,Four Bar Pattern,18,Range Breakout,NR4 is a 4-bar narrow range pattern. NR4 bearish breakout pattern scanner shows the list of stocks forming bearish breakout pattern after 4-bar consolidation.,,,False,1,N,,OHLC_D_I_NR4BEARBO
1776078917,"{'stkname': 'Jio Financial', 'ltp': '', 'perChg': '', 'stkId': 'JFS', 'displayLock': 'N', 'scanproflg': 1, 'scUrl': 'finance-others/jiofinancialservices/JFS', 'columns': [{'name': 'change %', 'value': '-2.25'}, {'name': 'LTP', 'value': '237.73'}, {'name': 'Close Price value', 'value': '237.73'}, {'name': 'change absolute', 'value': '-5.47'}]}",OHLC_D_I_NR4BEARBO,NR 4 Breakdown,Four Bar Pattern,18,Range Breakout,NR4 is a 4-bar narrow range pattern. NR4 bearish breakout pattern scanner shows the list of stocks forming bearish breakout pattern after 4-bar consolidation.,,,False,1,N,,OHLC_D_I_NR4BEARBO
1776078917,"{'stkname': 'Wealth First Po', 'ltp': '', 'perChg': '', 'stkId': 'WFP', 'displayLock': 'N', 'scanproflg': 1, 'scUrl': 'finance-investments/wealthfirstportfoliomanagers/WFP', 'columns': [{'name': 'change %', 'value': '-0.91'}, {'name': 'LTP', 'value': '930.55'}, {'name': 'Close Price value', 'value': '930.55'}, {'name': 'change absolute', 'value': '-8.55'}]}",OHLC_D_I_NR4BEARBO,NR 4 Breakdown,Four Bar Pattern,18,Range Breakout,NR4 is a 4-bar narrow range pattern. NR4 bearish breakout pattern scanner shows the list of stocks forming bearish breakout pattern after 4-bar consolidation.,,,False,1,N,,OHLC_D_I_NR4BEARBO
1776078917,"{'stkname': 'Dolat Algotech', 'ltp': '', 'perChg': '', 'stkId': 'DI11', 'displayLock': 'N', 'scanproflg': 1, 'scUrl': 'finance-stock-broking/dolatalgotech/DI11', 'columns': [{'name': 'change %', 'value': '-1.14'}, {'name': 'LTP', 'value': '79.00'}, {'name': 'Close Price value', 'value': '79.00'}, {'name': 'change absolute', 'value': '-0.91'}]}",OHLC_D_I_NR4BEARBO,NR 4 Breakdown,Four Bar Pattern,18,Range Breakout,NR4 is a 4-bar narrow range pattern. NR4 bearish breakout pattern scanner shows the list of stocks forming bearish breakout pattern after 4-bar consolidation.,,,False,1,N,,OHLC_D_I_NR4BEARBO
1776078917,"{'stkname': 'Geojit Fin', 'ltp': '', 'perChg': '', 'stkId': 'GS12', 'displayLock': 'N', 'scanproflg': 1, 'scUrl': 'finance-general/geojitfinancialservices/GBN01', 'columns': [{'name': 'change %', 'value': '-3.11'}, {'name': 'LTP', 'value': '62.21'}, {'name': 'Close Price value', 'value': '62.21'}, {'name': 'change absolute', 'value': '-2.00'}]}",OHLC_D_I_NR4BEARBO,NR 4 Breakdown,Four Bar Pattern,18,Range Breakout,NR4 is a 4-bar narrow range pattern. NR4 bearish breakout pattern scanner shows the list of stocks forming bearish breakout pattern after 4-bar consolidation.,,,False,1,N,,OHLC_D_I_NR4BEARBO
1776078917,"{'stkname': 'Chola Fin Hold', 'ltp': '', 'perChg': '', 'stkId': 'TII', 'displayLock': 'N', 'scanproflg': 1, 'scUrl': 'miscellaneous/cholamandalamfinancialholdings/TII', 'columns': [{'name': 'change %', 'value': '-1.37'}, {'name': 'LTP', 'value': '1,575.00'}, {'name': 'Close Price value', 'value': '1,575.00'}, {'name': 'change absolute', 'value': '-21.80'}]}",OHLC_D_I_NR4BEARBO,NR 4 Breakdown,Four Bar Pattern,18,Range Breakout,NR4 is a 4-bar narrow range pattern. NR4 bearish breakout pattern scanner shows the list of stocks forming bearish breakout pattern after 4-bar consolidation.,,,False,1,N,,OHLC_D_I_NR4BEARBO
1776078917,"{'stkname': 'Coromandel Int', 'ltp': '', 'perChg': '', 'stkId': 'CF06', 'displayLock': 'N', 'scanproflg': 1, 'scUrl': 'fertilisers/coromandelinternational/CI45', 'columns': [{'name': 'change %', 'value': '-2.54'}, {'name': 'LTP', 'value': '2,100.00'}, {'name': 'Close Price value', 'value': '2,100.00'}, {'name': 'change absolute', 'value': '-54.80'}]}",OHLC_D_I_NR4BEARBO,NR 4 Breakdown,Four Bar Pattern,18,Range Breakout,NR4 is a 4-bar narrow range pattern. NR4 bearish breakout pattern scanner shows the list of stocks forming bearish breakout pattern after 4-bar consolidation.,,,False,1,N,,OHLC_D_I_NR4BEARBO
1776078917,"{'stkname': 'Liberty Shoes', 'ltp': '', 'perChg': '', 'stkId': 'LS02', 'displayLock': 'N', 'scanproflg': 1, 'scUrl': 'leather-products/libertyshoes/LS02', 'columns': [{'name': 'change %', 'value': '-1.43'}, {'name': 'LTP', 'value': '258.00'}, {'name': 'Close Price value', 'value': '258.00'}, {'name': 'change absolute', 'value': '-3.75'}]}",OHLC_D_I_NR4BEARBO,NR 4 Breakdown,Four Bar Pattern,18,Range Breakout,NR4 is a 4-bar narrow range pattern. NR4 bearish breakout pattern scanner shows the list of stocks forming bearish breakout pattern after 4-bar consolidation.,,,False,1,N,,OHLC_D_I_NR4BEARBO
1776078917,"{'stkname': 'Share India', 'ltp': '', 'perChg': '', 'stkId': 'SIS08', 'displayLock': 'N', 'scanproflg': 1, 'scUrl': 'diversified/shareindiasecurities/SIS09', 'columns': [{'name': 'change %', 'value': '-0.31'}, {'name': 'LTP', 'value': '142.35'}, {'name': 'Close Price value', 'value': '142.35'}, {'name': 'change absolute', 'value': '-0.44'}]}",OHLC_D_I_NR4BEARBO,NR 4 Breakdown,Four Bar Pattern,18,Range Breakout,NR4 is a 4-bar narrow range pattern. NR4 bearish breakout pattern scanner shows the list of stocks forming bearish breakout pattern after 4-bar consolidation.,,,False,1,N,,OHLC_D_I_NR4BEARBO
1776078917,"{'stkname': 'Rashtriya Chem', 'ltp': '', 'perChg': '', 'stkId': 'RCF01', 'displayLock': 'N', 'scanproflg': 1, 'scUrl': 'fertilisers/rashtriyachemicalsfertilisers/RCF01', 'columns': [{'name': 'change %', 'value': '-1.33'}, {'name': 'LTP', 'value': '126.50'}, {'name': 'Close Price value', 'value': '126.50'}, {'name': 'change absolute', 'value': '-1.70'}]}",OHLC_D_I_NR4BEARBO,NR 4 Breakdown,Four Bar Pattern,18,Range Breakout,NR4 is a 4-bar narrow range pattern. NR4 bearish breakout pattern scanner shows the list of stocks forming bearish breakout pattern after 4-bar consolidation.,,,False,1,N,,OHLC_D_I_NR4BEARBO
1776078917,"{'stkname': 'IFCI', 'ltp': '', 'perChg': '', 'stkId': 'IFC', 'displayLock': 'N', 'scanproflg': 1, 'scUrl': 'finance-term-lending-institutions/ifci/IFC02', 'columns': [{'name': 'change %', 'value': '-0.94'}, {'name': 'LTP', 'value': '56.71'}, {'name': 'Close Price value', 'value': '56.71'}, {'name': 'change absolute', 'value': '-0.54'}]}",OHLC_D_I_NR4BEARBO,NR 4 Breakdown,Four Bar Pattern,18,Range Breakout,NR4 is a 4-bar narrow range pattern. NR4 bearish breakout pattern scanner shows the list of stocks forming bearish breakout pattern after 4-bar consolidation.,,,False,1,N,,OHLC_D_I_NR4BEARBO
1776078917,"{'stkname': 'Rel Ind Infra', 'ltp': '', 'perChg': '', 'stkId': 'RII', 'displayLock': 'N', 'scanproflg': 1, 'scUrl': 'infrastructure-general/relianceindustrialinfrastructure/RII', 'columns': [{'name': 'change %', 'value': '-0.29'}, {'name': 'LTP', 'value': '724.00'}, {'name': 'Close Price value', 'value': '724.00'}, {'name': 'change absolute', 'value': '-2.10'}]}",OHLC_D_I_NR4BEARBO,NR 4 Breakdown,Four Bar Pattern,18,Range Breakout,NR4 is a 4-bar narrow range pattern. NR4 bearish breakout pattern scanner shows the list of stocks forming bearish breakout pattern after 4-bar consolidation.,,,False,1,N,,OHLC_D_I_NR4BEARBO
1776078917,"{'stkname': 'RKEC Projects', 'ltp': '', 'perChg': '', 'stkId': 'RP22', 'displayLock': 'N', 'scanproflg': 1, 'scUrl': 'construction-infrastructure/rkecprojects/RP26', 'columns': [{'name': 'change %', 'value': '-1.38'}, {'name': 'LTP', 'value': '37.81'}, {'name': 'Close Price value', 'value': '37.81'}, {'name': 'change absolute', 'value': '-0.53'}]}",OHLC_D_I_NR4BEARBO,NR 4 Breakdown,Four Bar Pattern,18,Range Breakout,NR4 is a 4-bar narrow range pattern. NR4 bearish breakout pattern scanner shows the list of stocks forming bearish breakout pattern after 4-bar consolidation.,,,False,1,N,,OHLC_D_I_NR4BEARBO
1776078917,"{'stkname': 'Rallis India', 'ltp': '', 'perChg': '', 'stkId': 'RI03', 'displayLock': 'N', 'scanproflg': 1, 'scUrl': 'pesticidesagro-chemicals/rallisindia/RI03', 'columns': [{'name': 'change %', 'value': '-0.46'}, {'name': 'LTP', 'value': '257.00'}, {'name': 'Close Price value', 'value': '257.00'}, {'name': 'change absolute', 'value': '-1.20'}]}",OHLC_D_I_NR4BEARBO,NR 4 Breakdown,Four Bar Pattern,18,Range Breakout,NR4 is a 4-bar narrow range pattern. NR4 bearish breakout pattern scanner shows the list of stocks forming bearish breakout pattern after 4-bar consolidation.,,,False,1,N,,OHLC_D_I_NR4BEARBO
1776078917,"{'stkname': 'Alankit', 'ltp': '', 'perChg': '', 'stkId': 'EGJ', 'displayLock': 'N', 'scanproflg': 1, 'scUrl': 'miscellaneous/alankit/EGJ', 'columns': [{'name': 'change %', 'value': '-1.44'}, {'name': 'LTP', 'value': '8.87'}, {'name': 'Close Price value', 'value': '8.87'}, {'name': 'change absolute', 'value': '-0.13'}]}",OHLC_D_I_NR4BEARBO,NR 4 Breakdown,Four Bar Pattern,18,Range Breakout,NR4 is a 4-bar narrow range pattern. NR4 bearish breakout pattern scanner shows the list of stocks forming bearish breakout pattern after 4-bar consolidation.,,,False,1,N,,OHLC_D_I_NR4BEARBO
1776078917,"{'stkname': 'Dhanuka Agritec', 'ltp': '', 'perChg': '', 'stkId': 'DP04', 'displayLock': 'N', 'scanproflg': 1, 'scUrl': 'pesticidesagro-chemicals/dhanukaagritech/DA01', 'columns': [{'name': 'change %', 'value': '-1.77'}, {'name': 'LTP', 'value': '1,007.00'}, {'name': 'Close Price value', 'value': '1,007.00'}, {'name': 'change absolute', 'value': '-18.10'}]}",OHLC_D_I_NR4BEARBO,NR 4 Breakdown,Four Bar Pattern,18,Range Breakout,NR4 is a 4-bar narrow range pattern. NR4 bearish breakout pattern scanner shows the list of stocks forming bearish breakout pattern after 4-bar consolidation.,,,False,1,N,,OHLC_D_I_NR4BEARBO
1776078917,"{'stkname': 'Bhagiradh Chem', 'ltp': '', 'perChg': '', 'stkId': 'BCI01', 'displayLock': 'N', 'scanproflg': 1, 'scUrl': 'pesticidesagro-chemicals/bhagiradhchemicalsindustries/BCI01', 'columns': [{'name': 'change %', 'value': '-4.43'}, {'name': 'LTP', 'value': '212.50'}, {'name': 'Close Price value', 'value': '212.50'}, {'name': 'change absolute', 'value': '-9.86'}]}",OHLC_D_I_NR4BEARBO,NR 4 Breakdown,Four Bar Pattern,18,Range Breakout,NR4 is a 4-bar narrow range pattern. NR4 bearish breakout pattern scanner shows the list of stocks forming bearish breakout pattern after 4-bar consolidation.,,,False,1,N,,OHLC_D_I_NR4BEARBO
1776078917,"{'stkname': 'Nagarjuna Fert', 'ltp': '', 'perChg': '', 'stkId': 'NFC', 'displayLock': 'N', 'scanproflg': 1, 'scUrl': 'fertilisers/nagarjunafertiliserschemicals/NFC', 'columns': [{'name': 'change %', 'value': '-1.93'}, {'name': 'LTP', 'value': '4.07'}, {'name': 'Close Price value', 'value': '4.07'}, {'name': 'change absolute', 'value': '-0.08'}]}",OHLC_D_I_NR4BEARBO,NR 4 Breakdown,Four Bar Pattern,18,Range Breakout,NR4 is a 4-bar narrow range pattern. NR4 bearish breakout pattern scanner shows the list of stocks forming bearish breakout pattern after 4-bar consolidation.,,,False,1,N,,OHLC_D_I_NR4BEARBO
1776078917,"{'stkname': 'Prataap Snacks ', 'ltp': '', 'perChg': '', 'stkId': 'PS20', 'displayLock': 'N', 'scanproflg': 1, 'scUrl': 'food-processing/prataapsnacks/PS20', 'columns': [{'name': 'change %', 'value': '-3.78'}, {'name': 'LTP', 'value': '956.80'}, {'name': 'Close Price value', 'value': '956.80'}, {'name': 'change absolute', 'value': '-37.60'}]}",OHLC_D_I_NR4BEARBO,NR 4 Breakdown,Four Bar Pattern,18,Range Breakout,NR4 is a 4-bar narrow range pattern. NR4 bearish breakout pattern scanner shows the list of stocks forming bearish breakout pattern after 4-bar consolidation.,,,False,1,N,,OHLC_D_I_NR4BEARBO
1776078917,"{'stkname': 'Edelweiss', 'ltp': '', 'perChg': '', 'stkId': 'EC06', 'displayLock': 'N', 'scanproflg': 1, 'scUrl': 'finance-general/edelweissfinancialservices/EC01', 'columns': [{'name': 'change %', 'value': '-0.75'}, {'name': 'LTP', 'value': '115.70'}, {'name': 'Close Price value', 'value': '115.70'}, {'name': 'change absolute', 'value': '-0.87'}]}",OHLC_D_I_NR4BEARBO,NR 4 Breakdown,Four Bar Pattern,18,Range Breakout,NR4 is a 4-bar narrow range pattern. NR4 bearish breakout pattern scanner shows the list of stocks forming bearish breakout pattern after 4-bar consolidation.,,,False,1,N,,OHLC_D_I_NR4BEARBO
1776078917,"{'stkname': 'Sterling Tools', 'ltp': '', 'perChg': '', 'stkId': 'ST', 'displayLock': 'N', 'scanproflg': 1, 'scUrl': 'fasteners/sterlingtools/ST', 'columns': [{'name': 'change %', 'value': '-4.16'}, {'name': 'LTP', 'value': '227.50'}, {'name': 'Close Price value', 'value': '227.50'}, {'name': 'change absolute', 'value': '-9.88'}]}",OHLC_D_I_NR4BEARBO,NR 4 Breakdown,Four Bar Pattern,18,Range Breakout,NR4 is a 4-bar narrow range pattern. NR4 bearish breakout pattern scanner shows the list of stocks forming bearish breakout pattern after 4-bar consolidation.,,,False,1,N,,OHLC_D_I_NR4BEARBO
1776078917,"{'stkname': 'Madras Fert', 'ltp': '', 'perChg': '', 'stkId': 'MF15', 'displayLock': 'N', 'scanproflg': 1, 'scUrl': 'fertilisers/madrasfertilizers/MF15', 'columns': [{'name': 'change %', 'value': '-0.46'}, {'name': 'LTP', 'value': '66.45'}, {'name': 'Close Price value', 'value': '66.45'}, {'name': 'change absolute', 'value': '-0.31'}]}",OHLC_D_I_NR4BEARBO,NR 4 Breakdown,Four Bar Pattern,18,Range Breakout,NR4 is a 4-bar narrow range pattern. NR4 bearish breakout pattern scanner shows the list of stocks forming bearish breakout pattern after 4-bar consolidation.,,,False,1,N,,OHLC_D_I_NR4BEARBO
1776078917,"{'stkname': 'Muthoot Cap', 'ltp': '', 'perChg': '', 'stkId': 'MCS02', 'displayLock': 'N', 'scanproflg': 1, 'scUrl': 'finance-investments/muthootcapitalservices/MCS02', 'columns': [{'name': 'change %', 'value': '-3.53'}, {'name': 'LTP', 'value': '194.50'}, {'name': 'Close Price value', 'value': '194.50'}, {'name': 'change absolute', 'value': '-7.12'}]}",OHLC_D_I_NR4BEARBO,NR 4 Breakdown,Four Bar Pattern,18,Range Breakout,NR4 is a 4-bar narrow range pattern. NR4 bearish breakout pattern scanner shows the list of stocks forming bearish breakout pattern after 4-bar consolidation.,,,False,1,N,,OHLC_D_I_NR4BEARBO
1776078917,"{'stkname': 'Sundaram Fin', 'ltp': '', 'perChg': '', 'stkId': 'SF20', 'displayLock': 'N', 'scanproflg': 1, 'scUrl': 'finance-leasinghire-purchase/sundaramfinance/SF20', 'columns': [{'name': 'change %', 'value': '-2.46'}, {'name': 'LTP', 'value': '4,811.00'}, {'name': 'Close Price value', 'value': '4,811.00'}, {'name': 'change absolute', 'value': '-121.50'}]}",OHLC_D_I_NR4BEARBO,NR 4 Breakdown,Four Bar Pattern,18,Range Breakout,NR4 is a 4-bar narrow range pattern. NR4 bearish breakout pattern scanner shows the list of stocks forming bearish breakout pattern after 4-bar consolidation.,,,False,1,N,,OHLC_D_I_NR4BEARBO
1776078917,"{'stkname': 'NFL', 'ltp': '', 'perChg': '', 'stkId': 'NF06', 'displayLock': 'N', 'scanproflg': 1, 'scUrl': 'fertilisers/nationalfertilizers/NF06', 'columns': [{'name': 'change %', 'value': '-1.30'}, {'name': 'LTP', 'value': '74.50'}, {'name': 'Close Price value', 'value': '74.50'}, {'name': 'change absolute', 'value': '-0.98'}]}",OHLC_D_I_NR4BEARBO,NR 4 Breakdown,Four Bar Pattern,18,Range Breakout,NR4 is a 4-bar narrow range pattern. NR4 bearish breakout pattern scanner shows the list of stocks forming bearish breakout pattern after 4-bar consolidation.,,,False,1,N,,OHLC_D_I_NR4BEARBO
1776078917,"{'stkname': 'KNR Construct', 'ltp': '', 'perChg': '', 'stkId': 'KC13', 'displayLock': 'N', 'scanproflg': 1, 'scUrl': 'constructioncontracting-civil/knrconstructions/KC13', 'columns': [{'name': 'change %', 'value': '-0.07'}, {'name': 'LTP', 'value': '118.58'}, {'name': 'Close Price value', 'value': '118.58'}, {'name': 'change absolute', 'value': '-0.08'}]}",OHLC_D_I_NR4BEARBO,NR 4 Breakdown,Four Bar Pattern,18,Range Breakout,NR4 is a 4-bar narrow range pattern. NR4 bearish breakout pattern scanner shows the list of stocks forming bearish breakout pattern after 4-bar consolidation.,,,False,1,N,,OHLC_D_I_NR4BEARBO
1776078917,"{'stkname': 'MM Financial', 'ltp': '', 'perChg': '', 'stkId': 'MMF04', 'displayLock': 'N', 'scanproflg': 1, 'scUrl': 'finance-nbfc/mahindramahindrafinancialservices/MMF04', 'columns': [{'name': 'change %', 'value': '-1.72'}, {'name': 'LTP', 'value': '296.90'}, {'name': 'Close Price value', 'value': '296.90'}, {'name': 'change absolute', 'value': '-5.20'}]}",OHLC_D_I_NR4BEARBO,NR 4 Breakdown,Four Bar Pattern,18,Range Breakout,NR4 is a 4-bar narrow range pattern. NR4 bearish breakout pattern scanner shows the list of stocks forming bearish breakout pattern after 4-bar consolidation.,,,False,1,N,,OHLC_D_I_NR4BEARBO
1776078917,"{'stkname': 'Zaggle Prepaid', 'ltp': '', 'perChg': '', 'stkId': 'ZPO', 'displayLock': 'N', 'scanproflg': 1, 'scUrl': 'it-servicesconsulting/zaggleprepaidoceanservices/ZPO', 'columns': [{'name': 'change %', 'value': '-0.23'}, {'name': 'LTP', 'value': '250.89'}, {'name': 'Close Price value', 'value': '250.89'}, {'name': 'change absolute', 'value': '-0.58'}]}",OHLC_D_I_NR4BEARBO,NR 4 Breakdown,Four Bar Pattern,18,Range Breakout,NR4 is a 4-bar narrow range pattern. NR4 bearish breakout pattern scanner shows the list of stocks forming bearish breakout pattern after 4-bar consolidation.,,,False,1,N,,OHLC_D_I_NR4BEARBO
1776078917,"{'stkname': 'Capital Trust', 'ltp': '', 'perChg': '', 'stkId': 'CT', 'displayLock': 'N', 'scanproflg': 1, 'scUrl': 'finance-leasinghire-purchase/capitaltrust/CT', 'columns': [{'name': 'change %', 'value': '-1.95'}, {'name': 'LTP', 'value': '13.09'}, {'name': 'Close Price value', 'value': '13.09'}, {'name': 'change absolute', 'value': '-0.26'}]}",OHLC_D_I_NR4BEARBO,NR 4 Breakdown,Four Bar Pattern,18,Range Breakout,NR4 is a 4-bar narrow range pattern. NR4 bearish breakout pattern scanner shows the list of stocks forming bearish breakout pattern after 4-bar consolidation.,,,False,1,N,,OHLC_D_I_NR4BEARBO
1776078917,"{'stkname': 'Five-Star Busin', 'ltp': '', 'perChg': '', 'stkId': 'FBF', 'displayLock': 'N', 'scanproflg': 1, 'scUrl': 'finance-nbfc/five-starbusinessfinance/FBF', 'columns': [{'name': 'change %', 'value': '-1.27'}, {'name': 'LTP', 'value': '423.15'}, {'name': 'Close Price value', 'value': '423.15'}, {'name': 'change absolute', 'value': '-5.45'}]}",OHLC_D_I_NR4BEARBO,NR 4 Breakdown,Four Bar Pattern,18,Range Breakout,NR4 is a 4-bar narrow range pattern. NR4 bearish breakout pattern scanner shows the list of stocks forming bearish breakout pattern after 4-bar consolidation.,,,False,1,N,,OHLC_D_I_NR4BEARBO
1776078917,"{'stkname': 'GPT Infra', 'ltp': '', 'perChg': '', 'stkId': 'GPT01', 'displayLock': 'N', 'scanproflg': 1, 'scUrl': 'constructioncontracting-civil/gptinfraprojects/GPT01', 'columns': [{'name': 'change %', 'value': '-0.15'}, {'name': 'LTP', 'value': '111.11'}, {'name': 'Close Price value', 'value': '111.11'}, {'name': 'change absolute', 'value': '-0.17'}]}",OHLC_D_I_NR4BEARBO,NR 4 Breakdown,Four Bar Pattern,18,Range Breakout,NR4 is a 4-bar narrow range pattern. NR4 bearish breakout pattern scanner shows the list of stocks forming bearish breakout pattern after 4-bar consolidation.,,,False,1,N,,OHLC_D_I_NR4BEARBO
1776078917,"{'stkname': 'Aadhar Housing ', 'ltp': '', 'perChg': '', 'stkId': 'AHFL', 'displayLock': 'N', 'scanproflg': 1, 'scUrl': 'finance-housing/aadharhousingfinance/AHFL', 'columns': [{'name': 'change %', 'value': '-2.38'}, {'name': 'LTP', 'value': '467.20'}, {'name': 'Close Price value', 'value': '467.20'}, {'name': 'change absolute', 'value': '-11.40'}]}",OHLC_D_I_NR4BEARBO,NR 4 Breakdown,Four Bar Pattern,18,Range Breakout,NR4 is a 4-bar narrow range pattern. NR4 bearish breakout pattern scanner shows the list of stocks forming bearish breakout pattern after 4-bar consolidation.,,,False,1,N,,OHLC_D_I_NR4BEARBO
1776078917,"{'stkname': 'Repco Home', 'ltp': '', 'perChg': '', 'stkId': 'RHF01', 'displayLock': 'N', 'scanproflg': 1, 'scUrl': 'finance-housing/repcohomefinance/RHF', 'columns': [{'name': 'change %', 'value': '-1.05'}, {'name': 'LTP', 'value': '378.45'}, {'name': 'Close Price value', 'value': '378.45'}, {'name': 'change absolute', 'value': '-4.00'}]}",OHLC_D_I_NR4BEARBO,NR 4 Breakdown,Four Bar Pattern,18,Range Breakout,NR4 is a 4-bar narrow range pattern. NR4 bearish breakout pattern scanner shows the list of stocks forming bearish breakout pattern after 4-bar consolidation.,,,False,1,N,,OHLC_D_I_NR4BEARBO
1776078917,"{'stkname': 'Chambal Fert', 'ltp': '', 'perChg': '', 'stkId': 'CFC', 'displayLock': 'N', 'scanproflg': 1, 'scUrl': 'fertilisers/chambalfertiliserschemicals/CFC', 'columns': [{'name': 'change %', 'value': '-0.01'}, {'name': 'LTP', 'value': '456.65'}, {'name': 'Close Price value', 'value': '456.65'}, {'name': 'change absolute', 'value': '-0.05'}]}",OHLC_D_I_NR4BEARBO,NR 4 Breakdown,Four Bar Pattern,18,Range Breakout,NR4 is a 4-bar narrow range pattern. NR4 bearish breakout pattern scanner shows the list of stocks forming bearish breakout pattern after 4-bar consolidation.,,,False,1,N,,OHLC_D_I_NR4BEARBO
1776078917,"{'stkname': 'Shakti Pumps', 'ltp': '', 'perChg': '', 'stkId': 'SPI08', 'displayLock': 'N', 'scanproflg': 1, 'scUrl': 'pumps/shaktipumpsindia/SPI08', 'columns': [{'name': 'change %', 'value': '-1.42'}, {'name': 'LTP', 'value': '503.00'}, {'name': 'Close Price value', 'value': '503.00'}, {'name': 'change absolute', 'value': '-7.25'}]}",OHLC_D_I_NR4BEARBO,NR 4 Breakdown,Four Bar Pattern,18,Range Breakout,NR4 is a 4-bar narrow range pattern. NR4 bearish breakout pattern scanner shows the list of stocks forming bearish breakout pattern after 4-bar consolidation.,,,False,1,N,,OHLC_D_I_NR4BEARBO
1776078917,"{'stkname': 'BASF', 'ltp': '', 'perChg': '', 'stkId': 'BAS', 'displayLock': 'N', 'scanproflg': 1, 'scUrl': 'chemicals/basfindia/BAS', 'columns': [{'name': 'change %', 'value': '-0.44'}, {'name': 'LTP', 'value': '3,594.80'}, {'name': 'Close Price value', 'value': '3,594.80'}, {'name': 'change absolute', 'value': '-15.80'}]}",OHLC_D_I_NR4BEARBO,NR 4 Breakdown,Four Bar Pattern,18,Range Breakout,NR4 is a 4-bar narrow range pattern. NR4 bearish breakout pattern scanner shows the list of stocks forming bearish breakout pattern after 4-bar consolidation.,,,False,1,N,,OHLC_D_I_NR4BEARBO
1776078917,"{'stkname': 'Bharat Road Net', 'ltp': '', 'perChg': '', 'stkId': 'BRN', 'displayLock': 'N', 'scanproflg': 1, 'scUrl': 'infrastructure-general/bharatroadnetwork/BRN', 'columns': [{'name': 'change %', 'value': '-2.53'}, {'name': 'LTP', 'value': '20.00'}, {'name': 'Close Price value', 'value': '20.00'}, {'name': 'change absolute', 'value': '-0.52'}]}",OHLC_D_I_NR4BEARBO,NR 4 Breakdown,Four Bar Pattern,18,Range Breakout,NR4 is a 4-bar narrow range pattern. NR4 bearish breakout pattern scanner shows the list of stocks forming bearish breakout pattern after 4-bar consolidation.,,,False,1,N,,OHLC_D_I_NR4BEARBO
1776078917,"{'stkname': 'Fert and Chem', 'ltp': '', 'perChg': '', 'stkId': 'FCT', 'displayLock': 'N', 'scanproflg': 1, 'scUrl': 'fertilisers/fertiliserschemicalstravancore/FCT', 'columns': [{'name': 'change %', 'value': '-0.47'}, {'name': 'LTP', 'value': '853.55'}, {'name': 'Close Price value', 'value': '853.55'}, {'name': 'change absolute', 'value': '-4.05'}]}",OHLC_D_I_NR4BEARBO,NR 4 Breakdown,Four Bar Pattern,18,Range Breakout,NR4 is a 4-bar narrow range pattern. NR4 bearish breakout pattern scanner shows the list of stocks forming bearish breakout pattern after 4-bar consolidation.,,,False,1,N,,OHLC_D_I_NR4BEARBO
1776078917,"{'stkname': 'Roto Pumps', 'ltp': '', 'perChg': '', 'stkId': 'RP17', 'displayLock': 'N', 'scanproflg': 1, 'scUrl': 'pumps/rotopumps/RP17', 'columns': [{'name': 'change %', 'value': '-0.35'}, {'name': 'LTP', 'value': '56.75'}, {'name': 'Close Price value', 'value': '56.75'}, {'name': 'change absolute', 'value': '-0.20'}]}",OHLC_D_I_NR4BEARBO,NR 4 Breakdown,Four Bar Pattern,18,Range Breakout,NR4 is a 4-bar narrow range pattern. NR4 bearish breakout pattern scanner shows the list of stocks forming bearish breakout pattern after 4-bar consolidation.,,,False,1,N,,OHLC_D_I_NR4BEARBO
1776078917,"{'stkname': 'Niraj Cement', 'ltp': '', 'perChg': '', 'stkId': 'NCS02', 'displayLock': 'N', 'scanproflg': 1, 'scUrl': 'cement/nirajcementstructurals/NCS02', 'columns': [{'name': 'change %', 'value': '-5.00'}, {'name': 'LTP', 'value': '27.34'}, {'name': 'Close Price value', 'value': '27.34'}, {'name': 'change absolute', 'value': '-1.44'}]}",OHLC_D_I_NR4BEARBO,NR 4 Breakdown,Four Bar Pattern,18,Range Breakout,NR4 is a 4-bar narrow range pattern. NR4 bearish breakout pattern scanner shows the list of stocks forming bearish breakout pattern after 4-bar consolidation.,,,False,1,N,,OHLC_D_I_NR4BEARBO
1776078917,"{'stkname': 'Zuari Agro Chem', 'ltp': '', 'perChg': '', 'stkId': 'ZAC', 'displayLock': 'N', 'scanproflg': 1, 'scUrl': 'fertilisers/zuariagrochemicals/ZAC', 'columns': [{'name': 'change %', 'value': '-0.58'}, {'name': 'LTP', 'value': '218.80'}, {'name': 'Close Price value', 'value': '218.80'}, {'name': 'change absolute', 'value': '-1.28'}]}",OHLC_D_I_NR4BEARBO,NR 4 Breakdown,Four Bar Pattern,18,Range Breakout,NR4 is a 4-bar narrow range pattern. NR4 bearish breakout pattern scanner shows the list of stocks forming bearish breakout pattern after 4-bar consolidation.,,,False,1,N,,OHLC_D_I_NR4BEARBO
1776078917,"{'stkname': 'G R Infra', 'ltp': '', 'perChg': '', 'stkId': 'I13', 'displayLock': 'N', 'scanproflg': 1, 'scUrl': 'construction-infrastructure/grinfraprojects/I09', 'columns': [{'name': 'change %', 'value': '-0.02'}, {'name': 'LTP', 'value': '841.90'}, {'name': 'Close Price value', 'value': '841.90'}, {'name': 'change absolute', 'value': '-0.15'}]}",OHLC_D_I_NR4BEARBO,NR 4 Breakdown,Four Bar Pattern,18,Range Breakout,NR4 is a 4-bar narrow range pattern. NR4 bearish breakout pattern scanner shows the list of stocks forming bearish breakout pattern after 4-bar consolidation.,,,False,1,N,,OHLC_D_I_NR4BEARBO
1776078917,"{'stkname': 'Larsen', 'ltp': '', 'perChg': '', 'stkId': 'LT', 'displayLock': 'N', 'scanproflg': 1, 'scUrl': 'infrastructure-general/larsentoubro/LT', 'columns': [{'name': 'change %', 'value': '-0.14'}, {'name': 'LTP', 'value': '3,954.30'}, {'name': 'Close Price value', 'value': '3,954.30'}, {'name': 'change absolute', 'value': '-5.60'}]}",OHLC_D_I_NR4BEARBO,NR 4 Breakdown,Four Bar Pattern,18,Range Breakout,NR4 is a 4-bar narrow range pattern. NR4 bearish breakout pattern scanner shows the list of stocks forming bearish breakout pattern after 4-bar consolidation.,,,False,1,N,,OHLC_D_I_NR4BEARBO
1776078917,"{'stkname': 'J Kumar Infra', 'ltp': '', 'perChg': '', 'stkId': 'KI19', 'displayLock': 'N', 'scanproflg': 1, 'scUrl': 'constructioncontracting-civil/jkumarinfraprojects/KI01', 'columns': [{'name': 'change %', 'value': '-0.15'}, {'name': 'LTP', 'value': '469.90'}, {'name': 'Close Price value', 'value': '469.90'}, {'name': 'change absolute', 'value': '-0.70'}]}",OHLC_D_I_NR4BEARBO,NR 4 Breakdown,Four Bar Pattern,18,Range Breakout,NR4 is a 4-bar narrow range pattern. NR4 bearish breakout pattern scanner shows the list of stocks forming bearish breakout pattern after 4-bar consolidation.,,,False,1,N,,OHLC_D_I_NR4BEARBO
1776078917,"{'stkname': 'RITES', 'ltp': '', 'perChg': '', 'stkId': 'R06', 'displayLock': 'N', 'scanproflg': 1, 'scUrl': 'transport-infrastructure/rites/R02', 'columns': [{'name': 'change %', 'value': '-0.81'}, {'name': 'LTP', 'value': '205.48'}, {'name': 'Close Price value', 'value': '205.48'}, {'name': 'change absolute', 'value': '-1.67'}]}",OHLC_D_I_NR4BEARBO,NR 4 Breakdown,Four Bar Pattern,18,Range Breakout,NR4 is a 4-bar narrow range pattern. NR4 bearish breakout pattern scanner shows the list of stocks forming bearish breakout pattern after 4-bar consolidation.,,,False,1,N,,OHLC_D_I_NR4BEARBO
1776078917,"{'stkname': 'United Drilling', 'ltp': '', 'perChg': '', 'stkId': 'UDT', 'displayLock': 'N', 'scanproflg': 1, 'scUrl': 'engineering-industrial-equipments/uniteddrillingtools/UDT', 'columns': [{'name': 'change %', 'value': '-1.05'}, {'name': 'LTP', 'value': '202.20'}, {'name': 'Close Price value', 'value': '202.20'}, {'name': 'change absolute', 'value': '-2.14'}]}",OHLC_D_I_NR4BEARBO,NR 4 Breakdown,Four Bar Pattern,18,Range Breakout,NR4 is a 4-bar narrow range pattern. NR4 bearish breakout pattern scanner shows the list of stocks forming bearish breakout pattern after 4-bar consolidation.,,,False,1,N,,OHLC_D_I_NR4BEARBO
1776078917,"{'stkname': 'Cemindia Proj', 'ltp': '', 'perChg': '', 'stkId': 'THC', 'displayLock': 'N', 'scanproflg': 1, 'scUrl': 'constructioncontracting-civil/cemindiaprojects/ITD03', 'columns': [{'name': 'change %', 'value': '-1.65'}, {'name': 'LTP', 'value': '619.95'}, {'name': 'Close Price value', 'value': '619.95'}, {'name': 'change absolute', 'value': '-10.40'}]}",OHLC_D_I_NR4BEARBO,NR 4 Breakdown,Four Bar Pattern,18,Range Breakout,NR4 is a 4-bar narrow range pattern. NR4 bearish breakout pattern scanner shows the list of stocks forming bearish breakout pattern after 4-bar consolidation.,,,False,1,N,,OHLC_D_I_NR4BEARBO
1776078917,"{'stkname': 'Fusion Finance', 'ltp': '', 'perChg': '', 'stkId': 'FMF', 'displayLock': 'N', 'scanproflg': 1, 'scUrl': 'finance-nbfc/fusionfinance/FMF', 'columns': [{'name': 'change %', 'value': '-3.76'}, {'name': 'LTP', 'value': '151.78'}, {'name': 'Close Price value', 'value': '151.78'}, {'name': 'change absolute', 'value': '-5.93'}]}",OHLC_D_I_NR4BEARBO,NR 4 Breakdown,Four Bar Pattern,18,Range Breakout,NR4 is a 4-bar narrow range pattern. NR4 bearish breakout pattern scanner shows the list of stocks forming bearish breakout pattern after 4-bar consolidation.,,,False,1,N,,OHLC_D_I_NR4BEARBO
1776078917,"{'stkname': 'Graphite India', 'ltp': '', 'perChg': '', 'stkId': 'GI13', 'displayLock': 'N', 'scanproflg': 1, 'scUrl': 'electrodesgraphite/graphiteindia/GI13', 'columns': [{'name': 'change %', 'value': '-0.13'}, {'name': 'LTP', 'value': '637.90'}, {'name': 'Close Price value', 'value': '637.90'}, {'name': 'change absolute', 'value': '-0.85'}]}",OHLC_D_I_NR4BEARBO,NR 4 Breakdown,Four Bar Pattern,18,Range Breakout,NR4 is a 4-bar narrow range pattern. NR4 bearish breakout pattern scanner shows the list of stocks forming bearish breakout pattern after 4-bar consolidation.,,,False,1,N,,OHLC_D_I_NR4BEARBO
1776078917,"{'stkname': 'Mold Tek Tech', 'ltp': '', 'perChg': '', 'stkId': 'MTP01', 'displayLock': 'N', 'scanproflg': 1, 'scUrl': 'bpoites/moldtektechnologies/MTT01', 'columns': [{'name': 'change %', 'value': '-3.83'}, {'name': 'LTP', 'value': '121.20'}, {'name': 'Close Price value', 'value': '121.20'}, {'name': 'change absolute', 'value': '-4.83'}]}",OHLC_D_I_NR4BEARBO,NR 4 Breakdown,Four Bar Pattern,18,Range Breakout,NR4 is a 4-bar narrow range pattern. NR4 bearish breakout pattern scanner shows the list of stocks forming bearish breakout pattern after 4-bar consolidation.,,,False,1,N,,OHLC_D_I_NR4BEARBO
1776078917,"{'stkname': 'Uniparts India', 'ltp': '', 'perChg': '', 'stkId': 'UI19', 'displayLock': 'N', 'scanproflg': 1, 'scUrl': 'auto-ancillaries-spare-partsaccessories/unipartsindia/UI22', 'columns': [{'name': 'change %', 'value': '-2.09'}, {'name': 'LTP', 'value': '498.00'}, {'name': 'Close Price value', 'value': '498.00'}, {'name': 'change absolute', 'value': '-10.65'}]}",OHLC_D_I_NR4BEARBO,NR 4 Breakdown,Four Bar Pattern,18,Range Breakout,NR4 is a 4-bar narrow range pattern. NR4 bearish breakout pattern scanner shows the list of stocks forming bearish breakout pattern after 4-bar consolidation.,,,False,1,N,,OHLC_D_I_NR4BEARBO
1776078917,"{'stkname': 'Kirloskar Ind', 'ltp': '', 'perChg': '', 'stkId': 'KOE', 'displayLock': 'N', 'scanproflg': 1, 'scUrl': 'power-generationdistribution/kirloskarindustries/KOE', 'columns': [{'name': 'change %', 'value': '-0.61'}, {'name': 'LTP', 'value': '2,930.00'}, {'name': 'Close Price value', 'value': '2,930.00'}, {'name': 'change absolute', 'value': '-18.00'}]}",OHLC_D_I_NR4BEARBO,NR 4 Breakdown,Four Bar Pattern,18,Range Breakout,NR4 is a 4-bar narrow range pattern. NR4 bearish breakout pattern scanner shows the list of stocks forming bearish breakout pattern after 4-bar consolidation.,,,False,1,N,,OHLC_D_I_NR4BEARBO
1776078917,"{'stkname': 'WS Industries', 'ltp': '', 'perChg': '', 'stkId': 'WSI', 'displayLock': 'N', 'scanproflg': 1, 'scUrl': 'electric-equipment/wsindustries/WSI', 'columns': [{'name': 'change %', 'value': '-1.68'}, {'name': 'LTP', 'value': '74.40'}, {'name': 'Close Price value', 'value': '74.40'}, {'name': 'change absolute', 'value': '-1.27'}]}",OHLC_D_I_NR4BEARBO,NR 4 Breakdown,Four Bar Pattern,18,Range Breakout,NR4 is a 4-bar narrow range pattern. NR4 bearish breakout pattern scanner shows the list of stocks forming bearish breakout pattern after 4-bar consolidation.,,,False,1,N,,OHLC_D_I_NR4BEARBO
1776078917,"{'stkname': 'Ahlada Engineer', 'ltp': '', 'perChg': '', 'stkId': 'AE20', 'displayLock': 'N', 'scanproflg': 1, 'scUrl': 'engineering/ahladaengineers/AE21', 'columns': [{'name': 'change %', 'value': '-0.09'}, {'name': 'LTP', 'value': '44.80'}, {'name': 'Close Price value', 'value': '44.80'}, {'name': 'change absolute', 'value': '-0.04'}]}",OHLC_D_I_NR4BEARBO,NR 4 Breakdown,Four Bar Pattern,18,Range Breakout,NR4 is a 4-bar narrow range pattern. NR4 bearish breakout pattern scanner shows the list of stocks forming bearish breakout pattern after 4-bar consolidation.,,,False,1,N,,OHLC_D_I_NR4BEARBO
1776078917,"{'stkname': 'Just Dial', 'ltp': '', 'perChg': '', 'stkId': 'JD02', 'displayLock': 'N', 'scanproflg': 1, 'scUrl': 'miscellaneous/justdial/JD', 'columns': [{'name': 'change %', 'value': '-1.81'}, {'name': 'LTP', 'value': '571.00'}, {'name': 'Close Price value', 'value': '571.00'}, {'name': 'change absolute', 'value': '-10.50'}]}",OHLC_D_I_NR4BEARBO,NR 4 Breakdown,Four Bar Pattern,18,Range Breakout,NR4 is a 4-bar narrow range pattern. NR4 bearish breakout pattern scanner shows the list of stocks forming bearish breakout pattern after 4-bar consolidation.,,,False,1,N,,OHLC_D_I_NR4BEARBO
1776078917,"{'stkname': 'Pitti Engineeri', 'ltp': '', 'perChg': '', 'stkId': 'PL', 'displayLock': 'N', 'scanproflg': 1, 'scUrl': 'engineering/pittiengineering/PL', 'columns': [{'name': 'change %', 'value': '-1.08'}, {'name': 'LTP', 'value': '829.70'}, {'name': 'Close Price value', 'value': '829.70'}, {'name': 'change absolute', 'value': '-9.05'}]}",OHLC_D_I_NR4BEARBO,NR 4 Breakdown,Four Bar Pattern,18,Range Breakout,NR4 is a 4-bar narrow range pattern. NR4 bearish breakout pattern scanner shows the list of stocks forming bearish breakout pattern after 4-bar consolidation.,,,False,1,N,,OHLC_D_I_NR4BEARBO
1776078917,"{'stkname': 'Sonata', 'ltp': '', 'perChg': '', 'stkId': 'SS42', 'displayLock': 'N', 'scanproflg': 1, 'scUrl': 'computers-software-mediumsmall/sonatasoftware/SS42', 'columns': [{'name': 'change %', 'value': '-1.45'}, {'name': 'LTP', 'value': '242.70'}, {'name': 'Close Price value', 'value': '242.70'}, {'name': 'change absolute', 'value': '-3.57'}]}",OHLC_D_I_NR4BEARBO,NR 4 Breakdown,Four Bar Pattern,18,Range Breakout,NR4 is a 4-bar narrow range pattern. NR4 bearish breakout pattern scanner shows the list of stocks forming bearish breakout pattern after 4-bar consolidation.,,,False,1,N,,OHLC_D_I_NR4BEARBO
1776078917,"{'stkname': 'Latteys Ind.', 'ltp': '', 'perChg': '', 'stkId': 'LI12', 'displayLock': 'N', 'scanproflg': 1, 'scUrl': 'compressorspumps/latteysindustries/LI13', 'columns': [{'name': 'change %', 'value': '-0.64'}, {'name': 'LTP', 'value': '21.66'}, {'name': 'Close Price value', 'value': '21.66'}, {'name': 'change absolute', 'value': '-0.14'}]}",OHLC_D_I_NR4BEARBO,NR 4 Breakdown,Four Bar Pattern,18,Range Breakout,NR4 is a 4-bar narrow range pattern. NR4 bearish breakout pattern scanner shows the list of stocks forming bearish breakout pattern after 4-bar consolidation.,,,False,1,N,,OHLC_D_I_NR4BEARBO
1776078917,"{'stkname': 'Skipper', 'ltp': '', 'perChg': '', 'stkId': 'S19', 'displayLock': 'N', 'scanproflg': 1, 'scUrl': 'engineering/skipper/S21', 'columns': [{'name': 'change %', 'value': '-1.12'}, {'name': 'LTP', 'value': '380.00'}, {'name': 'Close Price value', 'value': '380.00'}, {'name': 'change absolute', 'value': '-4.30'}]}",OHLC_D_I_NR4BEARBO,NR 4 Breakdown,Four Bar Pattern,18,Range Breakout,NR4 is a 4-bar narrow range pattern. NR4 bearish breakout pattern scanner shows the list of stocks forming bearish breakout pattern after 4-bar consolidation.,,,False,1,N,,OHLC_D_I_NR4BEARBO
1776078917,"{'stkname': 'D. P. Abhushan', 'ltp': '', 'perChg': '', 'stkId': 'DPA01', 'displayLock': 'N', 'scanproflg': 1, 'scUrl': 'miscellaneous/dpabhushan/DPA01', 'columns': [{'name': 'change %', 'value': '-2.95'}, {'name': 'LTP', 'value': '1,106.95'}, {'name': 'Close Price value', 'value': '1,106.95'}, {'name': 'change absolute', 'value': '-33.60'}]}",OHLC_D_I_NR4BEARBO,NR 4 Breakdown,Four Bar Pattern,18,Range Breakout,NR4 is a 4-bar narrow range pattern. NR4 bearish breakout pattern scanner shows the list of stocks forming bearish breakout pattern after 4-bar consolidation.,,,False,1,N,,OHLC_D_I_NR4BEARBO
1776078917,"{'stkname': 'Centum Electron', 'ltp': '', 'perChg': '', 'stkId': 'CMC01', 'displayLock': 'N', 'scanproflg': 1, 'scUrl': 'electricals/centumelectronics/CE10', 'columns': [{'name': 'change %', 'value': '-0.58'}, {'name': 'LTP', 'value': '2,799.00'}, {'name': 'Close Price value', 'value': '2,799.00'}, {'name': 'change absolute', 'value': '-16.40'}]}",OHLC_D_I_NR4BEARBO,NR 4 Breakdown,Four Bar Pattern,18,Range Breakout,NR4 is a 4-bar narrow range pattern. NR4 bearish breakout pattern scanner shows the list of stocks forming bearish breakout pattern after 4-bar consolidation.,,,False,1,N,,OHLC_D_I_NR4BEARBO
1776078917,"{'stkname': 'PC Jeweller', 'ltp': '', 'perChg': '', 'stkId': 'PJ', 'displayLock': 'N', 'scanproflg': 1, 'scUrl': 'diamond-cuttingjewelleryprecious-metals/pcjeweller/PJ', 'columns': [{'name': 'change %', 'value': '-0.11'}, {'name': 'LTP', 'value': '9.16'}, {'name': 'Close Price value', 'value': '9.16'}, {'name': 'change absolute', 'value': '-0.01'}]}",OHLC_D_I_NR4BEARBO,NR 4 Breakdown,Four Bar Pattern,18,Range Breakout,NR4 is a 4-bar narrow range pattern. NR4 bearish breakout pattern scanner shows the list of stocks forming bearish breakout pattern after 4-bar consolidation.,,,False,1,N,,OHLC_D_I_NR4BEARBO
1776078917,"{'stkname': 'Borosil', 'ltp': '', 'perChg': '', 'stkId': 'BL05', 'displayLock': 'N', 'scanproflg': 1, 'scUrl': 'glassglass-products/borosil/BL04', 'columns': [{'name': 'change %', 'value': '-1.29'}, {'name': 'LTP', 'value': '245.95'}, {'name': 'Close Price value', 'value': '245.95'}, {'name': 'change absolute', 'value': '-3.21'}]}",OHLC_D_I_NR4BEARBO,NR 4 Breakdown,Four Bar Pattern,18,Range Breakout,NR4 is a 4-bar narrow range pattern. NR4 bearish breakout pattern scanner shows the list of stocks forming bearish breakout pattern after 4-bar consolidation.,,,False,1,N,,OHLC_D_I_NR4BEARBO
1776078917,"{'stkname': 'Mahindra Life', 'ltp': '', 'perChg': '', 'stkId': 'GC16', 'displayLock': 'N', 'scanproflg': 1, 'scUrl': 'constructioncontracting-civil/mahindralifespacedevelopers/MLD', 'columns': [{'name': 'change %', 'value': '-2.67'}, {'name': 'LTP', 'value': '335.50'}, {'name': 'Close Price value', 'value': '335.50'}, {'name': 'change absolute', 'value': '-9.20'}]}",OHLC_D_I_NR4BEARBO,NR 4 Breakdown,Four Bar Pattern,18,Range Breakout,NR4 is a 4-bar narrow range pattern. NR4 bearish breakout pattern scanner shows the list of stocks forming bearish breakout pattern after 4-bar consolidation.,,,False,1,N,,OHLC_D_I_NR4BEARBO
1776078917,"{'stkname': 'Rossari', 'ltp': '', 'perChg': '', 'stkId': 'RB04', 'displayLock': 'N', 'scanproflg': 1, 'scUrl': 'speciality-chemicals/rossaribiotech/RB05', 'columns': [{'name': 'change %', 'value': '-1.39'}, {'name': 'LTP', 'value': '447.15'}, {'name': 'Close Price value', 'value': '447.15'}, {'name': 'change absolute', 'value': '-6.30'}]}",OHLC_D_I_NR4BEARBO,NR 4 Breakdown,Four Bar Pattern,18,Range Breakout,NR4 is a 4-bar narrow range pattern. NR4 bearish breakout pattern scanner shows the list of stocks forming bearish breakout pattern after 4-bar consolidation.,,,False,1,N,,OHLC_D_I_NR4BEARBO
1776078917,"{'stkname': 'Vidhi Spec', 'ltp': '', 'perChg': '', 'stkId': 'VDM', 'displayLock': 'N', 'scanproflg': 1, 'scUrl': 'dyespigments/vidhispecialtyfoodingredients/VDM', 'columns': [{'name': 'change %', 'value': '-0.79'}, {'name': 'LTP', 'value': '321.00'}, {'name': 'Close Price value', 'value': '321.00'}, {'name': 'change absolute', 'value': '-2.55'}]}",OHLC_D_I_NR4BEARBO,NR 4 Breakdown,Four Bar Pattern,18,Range Breakout,NR4 is a 4-bar narrow range pattern. NR4 bearish breakout pattern scanner shows the list of stocks forming bearish breakout pattern after 4-bar consolidation.,,,False,1,N,,OHLC_D_I_NR4BEARBO
1776078917,"{'stkname': 'Ganesh Housing', 'ltp': '', 'perChg': '', 'stkId': 'GHF', 'displayLock': 'N', 'scanproflg': 1, 'scUrl': 'constructioncontracting-housing/ganeshhousing/GHC02', 'columns': [{'name': 'change %', 'value': '-1.64'}, {'name': 'LTP', 'value': '586.00'}, {'name': 'Close Price value', 'value': '586.00'}, {'name': 'change absolute', 'value': '-9.80'}]}",OHLC_D_I_NR4BEARBO,NR 4 Breakdown,Four Bar Pattern,18,Range Breakout,NR4 is a 4-bar narrow range pattern. NR4 bearish breakout pattern scanner shows the list of stocks forming bearish breakout pattern after 4-bar consolidation.,,,False,1,N,,OHLC_D_I_NR4BEARBO
1776078917,"{'stkname': 'Nila Infra', 'ltp': '', 'perChg': '', 'stkId': 'NHI', 'displayLock': 'N', 'scanproflg': 1, 'scUrl': 'construction-real-estate/nilainfrastructures/NHI', 'columns': [{'name': 'change %', 'value': '-4.49'}, {'name': 'LTP', 'value': '8.30'}, {'name': 'Close Price value', 'value': '8.30'}, {'name': 'change absolute', 'value': '-0.39'}]}",OHLC_D_I_NR4BEARBO,NR 4 Breakdown,Four Bar Pattern,18,Range Breakout,NR4 is a 4-bar narrow range pattern. NR4 bearish breakout pattern scanner shows the list of stocks forming bearish breakout pattern after 4-bar consolidation.,,,False,1,N,,OHLC_D_I_NR4BEARBO
1776078917,"{'stkname': 'Ruchinfra', 'ltp': '', 'perChg': '', 'stkId': 'RI27', 'displayLock': 'N', 'scanproflg': 1, 'scUrl': 'edible-oilssolvent-extraction/ruchiinfrastructure/RI27', 'columns': [{'name': 'change %', 'value': '-5.58'}, {'name': 'LTP', 'value': '6.09'}, {'name': 'Close Price value', 'value': '6.09'}, {'name': 'change absolute', 'value': '-0.36'}]}",OHLC_D_I_NR4BEARBO,NR 4 Breakdown,Four Bar Pattern,18,Range Breakout,NR4 is a 4-bar narrow range pattern. NR4 bearish breakout pattern scanner shows the list of stocks forming bearish breakout pattern after 4-bar consolidation.,,,False,1,N,,OHLC_D_I_NR4BEARBO
1776078917,"{'stkname': 'Sobha', 'ltp': '', 'perChg': '', 'stkId': 'SD6', 'displayLock': 'N', 'scanproflg': 1, 'scUrl': 'constructioncontracting-real-estate/sobha/SD6', 'columns': [{'name': 'change %', 'value': '-0.38'}, {'name': 'LTP', 'value': '1,295.00'}, {'name': 'Close Price value', 'value': '1,295.00'}, {'name': 'change absolute', 'value': '-4.90'}]}",OHLC_D_I_NR4BEARBO,NR 4 Breakdown,Four Bar Pattern,18,Range Breakout,NR4 is a 4-bar narrow range pattern. NR4 bearish breakout pattern scanner shows the list of stocks forming bearish breakout pattern after 4-bar consolidation.,,,False,1,N,,OHLC_D_I_NR4BEARBO
1776078917,"{'stkname': 'Unitech', 'ltp': '', 'perChg': '', 'stkId': 'U', 'displayLock': 'N', 'scanproflg': 1, 'scUrl': 'constructioncontracting-civil/unitech/U', 'columns': [{'name': 'change %', 'value': '-1.61'}, {'name': 'LTP', 'value': '4.88'}, {'name': 'Close Price value', 'value': '4.88'}, {'name': 'change absolute', 'value': '-0.08'}]}",OHLC_D_I_NR4BEARBO,NR 4 Breakdown,Four Bar Pattern,18,Range Breakout,NR4 is a 4-bar narrow range pattern. NR4 bearish breakout pattern scanner shows the list of stocks forming bearish breakout pattern after 4-bar consolidation.,,,False,1,N,,OHLC_D_I_NR4BEARBO
1776078917,"{'stkname': 'Arvind Smart', 'ltp': '', 'perChg': '', 'stkId': 'AI66', 'displayLock': 'N', 'scanproflg': 1, 'scUrl': 'infrastructure-general/arvindsmartspaces/AI72', 'columns': [{'name': 'change %', 'value': '-1.81'}, {'name': 'LTP', 'value': '585.60'}, {'name': 'Close Price value', 'value': '585.60'}, {'name': 'change absolute', 'value': '-10.80'}]}",OHLC_D_I_NR4BEARBO,NR 4 Breakdown,Four Bar Pattern,18,Range Breakout,NR4 is a 4-bar narrow range pattern. NR4 bearish breakout pattern scanner shows the list of stocks forming bearish breakout pattern after 4-bar consolidation.,,,False,1,N,,OHLC_D_I_NR4BEARBO
1776078917,"{'stkname': 'RPP Infra Proj', 'ltp': '', 'perChg': '', 'stkId': 'RIP01', 'displayLock': 'N', 'scanproflg': 1, 'scUrl': 'constructioncontracting-civil/rppinfraprojects/RIP01', 'columns': [{'name': 'change %', 'value': '-1.37'}, {'name': 'LTP', 'value': '74.00'}, {'name': 'Close Price value', 'value': '74.00'}, {'name': 'change absolute', 'value': '-1.03'}]}",OHLC_D_I_NR4BEARBO,NR 4 Breakdown,Four Bar Pattern,18,Range Breakout,NR4 is a 4-bar narrow range pattern. NR4 bearish breakout pattern scanner shows the list of stocks forming bearish breakout pattern after 4-bar consolidation.,,,False,1,N,,OHLC_D_I_NR4BEARBO
1776078917,"{'stkname': 'Gujarat Fluoro', 'ltp': '', 'perChg': '', 'stkId': 'GUJAR54281', 'displayLock': 'N', 'scanproflg': 1, 'scUrl': 'chemicals/gujaratfluorochemicalslimited/GUJAR54281', 'columns': [{'name': 'change %', 'value': '-0.08'}, {'name': 'LTP', 'value': '3,344.00'}, {'name': 'Close Price value', 'value': '3,344.00'}, {'name': 'change absolute', 'value': '-2.60'}]}",OHLC_D_I_NR4BEARBO,NR 4 Breakdown,Four Bar Pattern,18,Range Breakout,NR4 is a 4-bar narrow range pattern. NR4 bearish breakout pattern scanner shows the list of stocks forming bearish breakout pattern after 4-bar consolidation.,,,False,1,N,,OHLC_D_I_NR4BEARBO
1776078917,"{'stkname': 'TTK Prestige', 'ltp': '', 'perChg': '', 'stkId': 'TTK02', 'displayLock': 'N', 'scanproflg': 1, 'scUrl': 'domestic-appliances/ttkprestige/TTK02', 'columns': [{'name': 'change %', 'value': '-1.32'}, {'name': 'LTP', 'value': '471.00'}, {'name': 'Close Price value', 'value': '471.00'}, {'name': 'change absolute', 'value': '-6.30'}]}",OHLC_D_I_NR4BEARBO,NR 4 Breakdown,Four Bar Pattern,18,Range Breakout,NR4 is a 4-bar narrow range pattern. NR4 bearish breakout pattern scanner shows the list of stocks forming bearish breakout pattern after 4-bar consolidation.,,,False,1,N,,OHLC_D_I_NR4BEARBO
1776078917,"{'stkname': 'S H Kelkar', 'ltp': '', 'perChg': '', 'stkId': 'KC17', 'displayLock': 'N', 'scanproflg': 1, 'scUrl': 'chemicals/shkelkarcompany/KC17', 'columns': [{'name': 'change %', 'value': '-0.98'}, {'name': 'LTP', 'value': '138.44'}, {'name': 'Close Price value', 'value': '138.44'}, {'name': 'change absolute', 'value': '-1.37'}]}",OHLC_D_I_NR4BEARBO,NR 4 Breakdown,Four Bar Pattern,18,Range Breakout,NR4 is a 4-bar narrow range pattern. NR4 bearish breakout pattern scanner shows the list of stocks forming bearish breakout pattern after 4-bar consolidation.,,,False,1,N,,OHLC_D_I_NR4BEARBO
1776078917,"{'stkname': 'Ashiana Housing', 'ltp': '', 'perChg': '', 'stkId': 'AHF01', 'displayLock': 'N', 'scanproflg': 1, 'scUrl': 'constructioncontracting-housing/ashianahousing/AH07', 'columns': [{'name': 'change %', 'value': '-0.69'}, {'name': 'LTP', 'value': '321.95'}, {'name': 'Close Price value', 'value': '321.95'}, {'name': 'change absolute', 'value': '-2.25'}]}",OHLC_D_I_NR4BEARBO,NR 4 Breakdown,Four Bar Pattern,18,Range Breakout,NR4 is a 4-bar narrow range pattern. NR4 bearish breakout pattern scanner shows the list of stocks forming bearish breakout pattern after 4-bar consolidation.,,,False,1,N,,OHLC_D_I_NR4BEARBO
1776078917,"{'stkname': 'GOCL Corp', 'ltp': '', 'perChg': '', 'stkId': 'IDL', 'displayLock': 'N', 'scanproflg': 1, 'scUrl': 'chemicals/goclcorporation/GOC01', 'columns': [{'name': 'change %', 'value': '-0.95'}, {'name': 'LTP', 'value': '277.00'}, {'name': 'Close Price value', 'value': '277.00'}, {'name': 'change absolute', 'value': '-2.65'}]}",OHLC_D_I_NR4BEARBO,NR 4 Breakdown,Four Bar Pattern,18,Range Breakout,NR4 is a 4-bar narrow range pattern. NR4 bearish breakout pattern scanner shows the list of stocks forming bearish breakout pattern after 4-bar consolidation.,,,False,1,N,,OHLC_D_I_NR4BEARBO
1776078917,"{'stkname': 'Indo Amines', 'ltp': '', 'perChg': '', 'stkId': 'IA', 'displayLock': 'N', 'scanproflg': 1, 'scUrl': 'chemicals/indoamines/IA', 'columns': [{'name': 'change %', 'value': '-0.72'}, {'name': 'LTP', 'value': '106.00'}, {'name': 'Close Price value', 'value': '106.00'}, {'name': 'change absolute', 'value': '-0.77'}]}",OHLC_D_I_NR4BEARBO,NR 4 Breakdown,Four Bar Pattern,18,Range Breakout,NR4 is a 4-bar narrow range pattern. NR4 bearish breakout pattern scanner shows the list of stocks forming bearish breakout pattern after 4-bar consolidation.,,,False,1,N,,OHLC_D_I_NR4BEARBO
1776078917,"{'stkname': 'Texmaco Infra', 'ltp': '', 'perChg': '', 'stkId': 'T02', 'displayLock': 'N', 'scanproflg': 1, 'scUrl': 'infrastructure-general/texmacoinfrastructureholdings/T02', 'columns': [{'name': 'change %', 'value': '-0.45'}, {'name': 'LTP', 'value': '98.35'}, {'name': 'Close Price value', 'value': '98.35'}, {'name': 'change absolute', 'value': '-0.44'}]}",OHLC_D_I_NR4BEARBO,NR 4 Breakdown,Four Bar Pattern,18,Range Breakout,NR4 is a 4-bar narrow range pattern. NR4 bearish breakout pattern scanner shows the list of stocks forming bearish breakout pattern after 4-bar consolidation.,,,False,1,N,,OHLC_D_I_NR4BEARBO
1776078917,"{'stkname': 'Vikas Ecotech', 'ltp': '', 'perChg': '', 'stkId': 'VL06', 'displayLock': 'N', 'scanproflg': 1, 'scUrl': 'chemicals/vikasecotech/VGO01', 'columns': [{'name': 'change %', 'value': '-3.42'}, {'name': 'LTP', 'value': '1.41'}, {'name': 'Close Price value', 'value': '1.41'}, {'name': 'change absolute', 'value': '-0.05'}]}",OHLC_D_I_NR4BEARBO,NR 4 Breakdown,Four Bar Pattern,18,Range Breakout,NR4 is a 4-bar narrow range pattern. NR4 bearish breakout pattern scanner shows the list of stocks forming bearish breakout pattern after 4-bar consolidation.,,,False,1,N,,OHLC_D_I_NR4BEARBO
1776078917,"{'stkname': 'Beardsell', 'ltp': '', 'perChg': '', 'stkId': 'B04', 'displayLock': 'N', 'scanproflg': 1, 'scUrl': 'miscellaneous/beardsell/B06', 'columns': [{'name': 'change %', 'value': '-2.75'}, {'name': 'LTP', 'value': '24.40'}, {'name': 'Close Price value', 'value': '24.40'}, {'name': 'change absolute', 'value': '-0.69'}]}",OHLC_D_I_NR4BEARBO,NR 4 Breakdown,Four Bar Pattern,18,Range Breakout,NR4 is a 4-bar narrow range pattern. NR4 bearish breakout pattern scanner shows the list of stocks forming bearish breakout pattern after 4-bar consolidation.,,,False,1,N,,OHLC_D_I_NR4BEARBO
1776078917,"{'stkname': 'SignatureGlobal', 'ltp': '', 'perChg': '', 'stkId': 'SIL22', 'displayLock': 'N', 'scanproflg': 1, 'scUrl': 'construction-real-estate/signatureglobalindia/SIL24', 'columns': [{'name': 'change %', 'value': '-2.63'}, {'name': 'LTP', 'value': '799.90'}, {'name': 'Close Price value', 'value': '799.90'}, {'name': 'change absolute', 'value': '-21.60'}]}",OHLC_D_I_NR4BEARBO,NR 4 Breakdown,Four Bar Pattern,18,Range Breakout,NR4 is a 4-bar narrow range pattern. NR4 bearish breakout pattern scanner shows the list of stocks forming bearish breakout pattern after 4-bar consolidation.,,,False,1,N,,OHLC_D_I_NR4BEARBO
1776078917,"{'stkname': 'Jubilant Ing.', 'ltp': '', 'perChg': '', 'stkId': 'JI12', 'displayLock': 'N', 'scanproflg': 1, 'scUrl': 'speciality-chemicals/jubilantingrevia/JI14', 'columns': [{'name': 'change %', 'value': '-1.87'}, {'name': 'LTP', 'value': '636.00'}, {'name': 'Close Price value', 'value': '636.00'}, {'name': 'change absolute', 'value': '-12.10'}]}",OHLC_D_I_NR4BEARBO,NR 4 Breakdown,Four Bar Pattern,18,Range Breakout,NR4 is a 4-bar narrow range pattern. NR4 bearish breakout pattern scanner shows the list of stocks forming bearish breakout pattern after 4-bar consolidation.,,,False,1,N,,OHLC_D_I_NR4BEARBO
1776078917,"{'stkname': 'Fineotex Chem', 'ltp': '', 'perChg': '', 'stkId': 'FC06', 'displayLock': 'N', 'scanproflg': 1, 'scUrl': 'speciality-chemicals/fineotexchemical/FC02', 'columns': [{'name': 'change %', 'value': '-2.09'}, {'name': 'LTP', 'value': '22.90'}, {'name': 'Close Price value', 'value': '22.90'}, {'name': 'change absolute', 'value': '-0.49'}]}",OHLC_D_I_NR4BEARBO,NR 4 Breakdown,Four Bar Pattern,18,Range Breakout,NR4 is a 4-bar narrow range pattern. NR4 bearish breakout pattern scanner shows the list of stocks forming bearish breakout pattern after 4-bar consolidation.,,,False,1,N,,OHLC_D_I_NR4BEARBO
1776078917,"{'stkname': 'Par Drugs', 'ltp': '', 'perChg': '', 'stkId': 'PDC02', 'displayLock': 'N', 'scanproflg': 1, 'scUrl': 'chemicals/pardrugschemicals/PDC02', 'columns': [{'name': 'change %', 'value': '-0.73'}, {'name': 'LTP', 'value': '91.00'}, {'name': 'Close Price value', 'value': '91.00'}, {'name': 'change absolute', 'value': '-0.67'}]}",OHLC_D_I_NR4BEARBO,NR 4 Breakdown,Four Bar Pattern,18,Range Breakout,NR4 is a 4-bar narrow range pattern. NR4 bearish breakout pattern scanner shows the list of stocks forming bearish breakout pattern after 4-bar consolidation.,,,False,1,N,,OHLC_D_I_NR4BEARBO
1776078917,"{'stkname': 'GeeCee Ventures', 'ltp': '', 'perChg': '', 'stkId': 'GCI05', 'displayLock': 'N', 'scanproflg': 1, 'scUrl': 'construction-real-estate/geeceeventures/GCI05', 'columns': [{'name': 'change %', 'value': '-6.36'}, {'name': 'LTP', 'value': '293.55'}, {'name': 'Close Price value', 'value': '293.55'}, {'name': 'change absolute', 'value': '-19.94'}]}",OHLC_D_I_NR4BEARBO,NR 4 Breakdown,Four Bar Pattern,18,Range Breakout,NR4 is a 4-bar narrow range pattern. NR4 bearish breakout pattern scanner shows the list of stocks forming bearish breakout pattern after 4-bar consolidation.,,,False,1,N,,OHLC_D_I_NR4BEARBO
1776078917,"{'stkname': 'Camlin Fine', 'ltp': '', 'perChg': '', 'stkId': 'CFC03', 'displayLock': 'N', 'scanproflg': 1, 'scUrl': 'chemicals/camlinfinesciences/CFC03', 'columns': [{'name': 'change %', 'value': '-0.73'}, {'name': 'LTP', 'value': '103.91'}, {'name': 'Close Price value', 'value': '103.91'}, {'name': 'change absolute', 'value': '-0.76'}]}",OHLC_D_I_NR4BEARBO,NR 4 Breakdown,Four Bar Pattern,18,Range Breakout,NR4 is a 4-bar narrow range pattern. NR4 bearish breakout pattern scanner shows the list of stocks forming bearish breakout pattern after 4-bar consolidation.,,,False,1,N,,OHLC_D_I_NR4BEARBO
1776078917,"{'stkname': 'Shree Digvijay', 'ltp': '', 'perChg': '', 'stkId': 'SDC', 'displayLock': 'N', 'scanproflg': 1, 'scUrl': 'cement-major/shreedigvijaycementcompany/SDC', 'columns': [{'name': 'change %', 'value': '-0.20'}, {'name': 'LTP', 'value': '70.70'}, {'name': 'Close Price value', 'value': '70.70'}, {'name': 'change absolute', 'value': '-0.14'}]}",OHLC_D_I_NR4BEARBO,NR 4 Breakdown,Four Bar Pattern,18,Range Breakout,NR4 is a 4-bar narrow range pattern. NR4 bearish breakout pattern scanner shows the list of stocks forming bearish breakout pattern after 4-bar consolidation.,,,False,1,N,,OHLC_D_I_NR4BEARBO
1776078917,"{'stkname': 'Sudarshan Color', 'ltp': '', 'perChg': '', 'stkId': 'CC', 'displayLock': 'N', 'scanproflg': 1, 'scUrl': 'speciality-chemicals/sudarshancolorantsindia/CCI08', 'columns': [{'name': 'change %', 'value': '-0.54'}, {'name': 'LTP', 'value': '332.70'}, {'name': 'Close Price value', 'value': '332.70'}, {'name': 'change absolute', 'value': '-1.80'}]}",OHLC_D_I_NR4BEARBO,NR 4 Breakdown,Four Bar Pattern,18,Range Breakout,NR4 is a 4-bar narrow range pattern. NR4 bearish breakout pattern scanner shows the list of stocks forming bearish breakout pattern after 4-bar consolidation.,,,False,1,N,,OHLC_D_I_NR4BEARBO
1776078917,"{'stkname': 'Fino Payments', 'ltp': '', 'perChg': '', 'stkId': 'FPB01', 'displayLock': 'N', 'scanproflg': 1, 'scUrl': 'finance-others/finopaymentsbank/FPB', 'columns': [{'name': 'change %', 'value': '-2.40'}, {'name': 'LTP', 'value': '132.00'}, {'name': 'Close Price value', 'value': '132.00'}, {'name': 'change absolute', 'value': '-3.24'}]}",OHLC_D_I_NR4BEARBO,NR 4 Breakdown,Four Bar Pattern,18,Range Breakout,NR4 is a 4-bar narrow range pattern. NR4 bearish breakout pattern scanner shows the list of stocks forming bearish breakout pattern after 4-bar consolidation.,,,False,1,N,,OHLC_D_I_NR4BEARBO
1776078917,"{'stkname': 'Deccan Cements', 'ltp': '', 'perChg': '', 'stkId': 'DC', 'displayLock': 'N', 'scanproflg': 1, 'scUrl': 'cement-mini/deccancements/DC', 'columns': [{'name': 'change %', 'value': '-1.53'}, {'name': 'LTP', 'value': '651.00'}, {'name': 'Close Price value', 'value': '651.00'}, {'name': 'change absolute', 'value': '-10.10'}]}",OHLC_D_I_NR4BEARBO,NR 4 Breakdown,Four Bar Pattern,18,Range Breakout,NR4 is a 4-bar narrow range pattern. NR4 bearish breakout pattern scanner shows the list of stocks forming bearish breakout pattern after 4-bar consolidation.,,,False,1,N,,OHLC_D_I_NR4BEARBO
1776078917,"{'stkname': 'Sahyadri Ind', 'ltp': '', 'perChg': '', 'stkId': 'SI84', 'displayLock': 'N', 'scanproflg': 1, 'scUrl': 'cement-productsbuilding-materials/sahyadriindustries/SI86', 'columns': [{'name': 'change %', 'value': '-0.98'}, {'name': 'LTP', 'value': '238.01'}, {'name': 'Close Price value', 'value': '238.01'}, {'name': 'change absolute', 'value': '-2.35'}]}",OHLC_D_I_NR4BEARBO,NR 4 Breakdown,Four Bar Pattern,18,Range Breakout,NR4 is a 4-bar narrow range pattern. NR4 bearish breakout pattern scanner shows the list of stocks forming bearish breakout pattern after 4-bar consolidation.,,,False,1,N,,OHLC_D_I_NR4BEARBO
1776078917,"{'stkname': 'Minda Corp', 'ltp': '', 'perChg': '', 'stkId': 'MC22', 'displayLock': 'N', 'scanproflg': 1, 'scUrl': 'auto-ancillaries/mindacorporation/MC23', 'columns': [{'name': 'change %', 'value': '-0.08'}, {'name': 'LTP', 'value': '513.95'}, {'name': 'Close Price value', 'value': '513.95'}, {'name': 'change absolute', 'value': '-0.40'}]}",OHLC_D_I_NR4BEARBO,NR 4 Breakdown,Four Bar Pattern,18,Range Breakout,NR4 is a 4-bar narrow range pattern. NR4 bearish breakout pattern scanner shows the list of stocks forming bearish breakout pattern after 4-bar consolidation.,,,False,1,N,,OHLC_D_I_NR4BEARBO
1776078917,"{'stkname': 'Birla Corp', 'ltp': '', 'perChg': '', 'stkId': 'BC07', 'displayLock': 'N', 'scanproflg': 1, 'scUrl': 'cement-major/birlacorporation/BC07', 'columns': [{'name': 'change %', 'value': '-0.99'}, {'name': 'LTP', 'value': '936.00'}, {'name': 'Close Price value', 'value': '936.00'}, {'name': 'change absolute', 'value': '-9.40'}]}",OHLC_D_I_NR4BEARBO,NR 4 Breakdown,Four Bar Pattern,18,Range Breakout,NR4 is a 4-bar narrow range pattern. NR4 bearish breakout pattern scanner shows the list of stocks forming bearish breakout pattern after 4-bar consolidation.,,,False,1,N,,OHLC_D_I_NR4BEARBO
1776078917,"{'stkname': 'Heidelberg Cem', 'ltp': '', 'perChg': '', 'stkId': 'MC14', 'displayLock': 'N', 'scanproflg': 1, 'scUrl': 'cement-major/heidelbergcementindia/HCI02', 'columns': [{'name': 'change %', 'value': '-1.11'}, {'name': 'LTP', 'value': '151.80'}, {'name': 'Close Price value', 'value': '151.80'}, {'name': 'change absolute', 'value': '-1.70'}]}",OHLC_D_I_NR4BEARBO,NR 4 Breakdown,Four Bar Pattern,18,Range Breakout,NR4 is a 4-bar narrow range pattern. NR4 bearish breakout pattern scanner shows the list of stocks forming bearish breakout pattern after 4-bar consolidation.,,,False,1,N,,OHLC_D_I_NR4BEARBO
1776078917,"{'stkname': 'Munjal Showa', 'ltp': '', 'perChg': '', 'stkId': 'MS', 'displayLock': 'N', 'scanproflg': 1, 'scUrl': 'auto-ancillaries/munjalshowa/MS', 'columns': [{'name': 'change %', 'value': '-3.63'}, {'name': 'LTP', 'value': '120.29'}, {'name': 'Close Price value', 'value': '120.29'}, {'name': 'change absolute', 'value': '-4.53'}]}",OHLC_D_I_NR4BEARBO,NR 4 Breakdown,Four Bar Pattern,18,Range Breakout,NR4 is a 4-bar narrow range pattern. NR4 bearish breakout pattern scanner shows the list of stocks forming bearish breakout pattern after 4-bar consolidation.,,,False,1,N,,OHLC_D_I_NR4BEARBO
1776078917,"{'stkname': 'Plaza Wires', 'ltp': '', 'perChg': '', 'stkId': 'PWL', 'displayLock': 'N', 'scanproflg': 1, 'scUrl': 'cables/plazawires/PWL', 'columns': [{'name': 'change %', 'value': '-0.95'}, {'name': 'LTP', 'value': '37.65'}, {'name': 'Close Price value', 'value': '37.65'}, {'name': 'change absolute', 'value': '-0.36'}]}",OHLC_D_I_NR4BEARBO,NR 4 Breakdown,Four Bar Pattern,18,Range Breakout,NR4 is a 4-bar narrow range pattern. NR4 bearish breakout pattern scanner shows the list of stocks forming bearish breakout pattern after 4-bar consolidation.,,,False,1,N,,OHLC_D_I_NR4BEARBO
1776078917,"{'stkname': 'IOB', 'ltp': '', 'perChg': '', 'stkId': 'IOB', 'displayLock': 'N', 'scanproflg': 1, 'scUrl': 'banks-public-sector/indianoverseasbank/IOB', 'columns': [{'name': 'change %', 'value': '-0.29'}, {'name': 'LTP', 'value': '34.60'}, {'name': 'Close Price value', 'value': '34.60'}, {'name': 'change absolute', 'value': '-0.10'}]}",OHLC_D_I_NR4BEARBO,NR 4 Breakdown,Four Bar Pattern,18,Range Breakout,NR4 is a 4-bar narrow range pattern. NR4 bearish breakout pattern scanner shows the list of stocks forming bearish breakout pattern after 4-bar consolidation.,,,False,1,N,,OHLC_D_I_NR4BEARBO
1776078917,"{'stkname': 'DCB Bank', 'ltp': '', 'perChg': '', 'stkId': 'DCB01', 'displayLock': 'N', 'scanproflg': 1, 'scUrl': 'banks-private-sector/dcbbank/DCB01', 'columns': [{'name': 'change %', 'value': '-2.02'}, {'name': 'LTP', 'value': '184.70'}, {'name': 'Close Price value', 'value': '184.70'}, {'name': 'change absolute', 'value': '-3.81'}]}",OHLC_D_I_NR4BEARBO,NR 4 Breakdown,Four Bar Pattern,18,Range Breakout,NR4 is a 4-bar narrow range pattern. NR4 bearish breakout pattern scanner shows the list of stocks forming bearish breakout pattern after 4-bar consolidation.,,,False,1,N,,OHLC_D_I_NR4BEARBO
1776078917,"{'stkname': 'Ndr Auto Compon', 'ltp': '', 'perChg': '', 'stkId': 'NAC02', 'displayLock': 'N', 'scanproflg': 1, 'scUrl': 'auto-ancillaries/ndrautocomponents/NAC02', 'columns': [{'name': 'change %', 'value': '-1.40'}, {'name': 'LTP', 'value': '723.50'}, {'name': 'Close Price value', 'value': '723.50'}, {'name': 'change absolute', 'value': '-10.25'}]}",OHLC_D_I_NR4BEARBO,NR 4 Breakdown,Four Bar Pattern,18,Range Breakout,NR4 is a 4-bar narrow range pattern. NR4 bearish breakout pattern scanner shows the list of stocks forming bearish breakout pattern after 4-bar consolidation.,,,False,1,N,,OHLC_D_I_NR4BEARBO
1776078917,"{'stkname': 'Ramco Cements', 'ltp': '', 'perChg': '', 'stkId': 'MC', 'displayLock': 'N', 'scanproflg': 1, 'scUrl': 'cement-major/theramcocements/MC', 'columns': [{'name': 'change %', 'value': '-0.61'}, {'name': 'LTP', 'value': '985.20'}, {'name': 'Close Price value', 'value': '985.20'}, {'name': 'change absolute', 'value': '-6.00'}]}",OHLC_D_I_NR4BEARBO,NR 4 Breakdown,Four Bar Pattern,18,Range Breakout,NR4 is a 4-bar narrow range pattern. NR4 bearish breakout pattern scanner shows the list of stocks forming bearish breakout pattern after 4-bar consolidation.,,,False,1,N,,OHLC_D_I_NR4BEARBO
1776078917,"{'stkname': 'Suryoday Small', 'ltp': '', 'perChg': '', 'stkId': 'SSF08', 'displayLock': 'N', 'scanproflg': 1, 'scUrl': 'bank-private/suryodaysmallfinancebank/SSF08', 'columns': [{'name': 'change %', 'value': '-0.94'}, {'name': 'LTP', 'value': '132.51'}, {'name': 'Close Price value', 'value': '132.51'}, {'name': 'change absolute', 'value': '-1.26'}]}",OHLC_D_I_NR4BEARBO,NR 4 Breakdown,Four Bar Pattern,18,Range Breakout,NR4 is a 4-bar narrow range pattern. NR4 bearish breakout pattern scanner shows the list of stocks forming bearish breakout pattern after 4-bar consolidation.,,,False,1,N,,OHLC_D_I_NR4BEARBO
1776078917,"{'stkname': 'South Ind Bk', 'ltp': '', 'perChg': '', 'stkId': 'SIB', 'displayLock': 'N', 'scanproflg': 1, 'scUrl': 'banks-private-sector/southindianbank/SIB', 'columns': [{'name': 'change %', 'value': '-0.95'}, {'name': 'LTP', 'value': '38.39'}, {'name': 'Close Price value', 'value': '38.39'}, {'name': 'change absolute', 'value': '-0.37'}]}",OHLC_D_I_NR4BEARBO,NR 4 Breakdown,Four Bar Pattern,18,Range Breakout,NR4 is a 4-bar narrow range pattern. NR4 bearish breakout pattern scanner shows the list of stocks forming bearish breakout pattern after 4-bar consolidation.,,,False,1,N,,OHLC_D_I_NR4BEARBO
1776078917,"{'stkname': 'CHEMPLAST SANMA', 'ltp': '', 'perChg': '', 'stkId': 'CS18', 'displayLock': 'N', 'scanproflg': 1, 'scUrl': 'speciality-chemicals/chemplastsanmar/CS23', 'columns': [{'name': 'change %', 'value': '-4.43'}, {'name': 'LTP', 'value': '233.10'}, {'name': 'Close Price value', 'value': '233.10'}, {'name': 'change absolute', 'value': '-10.80'}]}",OHLC_D_I_NR4BEARBO,NR 4 Breakdown,Four Bar Pattern,18,Range Breakout,NR4 is a 4-bar narrow range pattern. NR4 bearish breakout pattern scanner shows the list of stocks forming bearish breakout pattern after 4-bar consolidation.,,,False,1,N,,OHLC_D_I_NR4BEARBO
1776078917,"{'stkname': 'City Union Bank', 'ltp': '', 'perChg': '', 'stkId': 'CUB', 'displayLock': 'N', 'scanproflg': 1, 'scUrl': 'banks-private-sector/cityunionbank/CUB', 'columns': [{'name': 'change %', 'value': '-2.94'}, {'name': 'LTP', 'value': '249.59'}, {'name': 'Close Price value', 'value': '249.59'}, {'name': 'change absolute', 'value': '-7.55'}]}",OHLC_D_I_NR4BEARBO,NR 4 Breakdown,Four Bar Pattern,18,Range Breakout,NR4 is a 4-bar narrow range pattern. NR4 bearish breakout pattern scanner shows the list of stocks forming bearish breakout pattern after 4-bar consolidation.,,,False,1,N,,OHLC_D_I_NR4BEARBO
1776078917,"{'stkname': 'Yatra Online', 'ltp': '', 'perChg': '', 'stkId': 'YO', 'displayLock': 'N', 'scanproflg': 1, 'scUrl': 'travel-services/yatraonline/YO', 'columns': [{'name': 'change %', 'value': '-0.37'}, {'name': 'LTP', 'value': '102.28'}, {'name': 'Close Price value', 'value': '102.28'}, {'name': 'change absolute', 'value': '-0.38'}]}",OHLC_D_I_NR4BEARBO,NR 4 Breakdown,Four Bar Pattern,18,Range Breakout,NR4 is a 4-bar narrow range pattern. NR4 bearish breakout pattern scanner shows the list of stocks forming bearish breakout pattern after 4-bar consolidation.,,,False,1,N,,OHLC_D_I_NR4BEARBO
1776078917,"{'stkname': 'Viyash Scientif', 'ltp': '', 'perChg': '', 'stkId': 'VTF', 'displayLock': 'N', 'scanproflg': 1, 'scUrl': 'pharmaceuticals/viyashscientific/PID01', 'columns': [{'name': 'change %', 'value': '-1.56'}, {'name': 'LTP', 'value': '205.50'}, {'name': 'Close Price value', 'value': '205.50'}, {'name': 'change absolute', 'value': '-3.25'}]}",OHLC_D_I_NR4BEARBO,NR 4 Breakdown,Four Bar Pattern,18,Range Breakout,NR4 is a 4-bar narrow range pattern. NR4 bearish breakout pattern scanner shows the list of stocks forming bearish breakout pattern after 4-bar consolidation.,,,False,1,N,,OHLC_D_I_NR4BEARBO
1776078917,"{'stkname': 'Autoline Ind', 'ltp': '', 'perChg': '', 'stkId': 'AI59', 'displayLock': 'N', 'scanproflg': 1, 'scUrl': 'auto-ancillaries/autolineindustries/AI59', 'columns': [{'name': 'change %', 'value': '-0.84'}, {'name': 'LTP', 'value': '64.90'}, {'name': 'Close Price value', 'value': '64.90'}, {'name': 'change absolute', 'value': '-0.55'}]}",OHLC_D_I_NR4BEARBO,NR 4 Breakdown,Four Bar Pattern,18,Range Breakout,NR4 is a 4-bar narrow range pattern. NR4 bearish breakout pattern scanner shows the list of stocks forming bearish breakout pattern after 4-bar consolidation.,,,False,1,N,,OHLC_D_I_NR4BEARBO
1776078917,"{'stkname': 'JK Lakshmi Cem', 'ltp': '', 'perChg': '', 'stkId': 'JKC', 'displayLock': 'N', 'scanproflg': 1, 'scUrl': 'cement-major/jklakshmicement/JKL01', 'columns': [{'name': 'change %', 'value': '-0.65'}, {'name': 'LTP', 'value': '621.00'}, {'name': 'Close Price value', 'value': '621.00'}, {'name': 'change absolute', 'value': '-4.05'}]}",OHLC_D_I_NR4BEARBO,NR 4 Breakdown,Four Bar Pattern,18,Range Breakout,NR4 is a 4-bar narrow range pattern. NR4 bearish breakout pattern scanner shows the list of stocks forming bearish breakout pattern after 4-bar consolidation.,,,False,1,N,,OHLC_D_I_NR4BEARBO
1776078917,"{'stkname': 'Mah Scooters', 'ltp': '', 'perChg': '', 'stkId': 'MS01', 'displayLock': 'N', 'scanproflg': 1, 'scUrl': 'auto-23-wheelers/maharashtrascooters/MS01', 'columns': [{'name': 'change %', 'value': '-2.99'}, {'name': 'LTP', 'value': '13,020.00'}, {'name': 'Close Price value', 'value': '13,020.00'}, {'name': 'change absolute', 'value': '-401.00'}]}",OHLC_D_I_NR4BEARBO,NR 4 Breakdown,Four Bar Pattern,18,Range Breakout,NR4 is a 4-bar narrow range pattern. NR4 bearish breakout pattern scanner shows the list of stocks forming bearish breakout pattern after 4-bar consolidation.,,,False,1,N,,OHLC_D_I_NR4BEARBO
1776078917,"{'stkname': 'VST Tillers', 'ltp': '', 'perChg': '', 'stkId': 'VST01', 'displayLock': 'N', 'scanproflg': 1, 'scUrl': 'auto-tractors/vsttillerstractors/VST01', 'columns': [{'name': 'change %', 'value': '-0.43'}, {'name': 'LTP', 'value': '5,218.20'}, {'name': 'Close Price value', 'value': '5,218.20'}, {'name': 'change absolute', 'value': '-22.70'}]}",OHLC_D_I_NR4BEARBO,NR 4 Breakdown,Four Bar Pattern,18,Range Breakout,NR4 is a 4-bar narrow range pattern. NR4 bearish breakout pattern scanner shows the list of stocks forming bearish breakout pattern after 4-bar consolidation.,,,False,1,N,,OHLC_D_I_NR4BEARBO
1776078917,"{'stkname': 'DLF', 'ltp': '', 'perChg': '', 'stkId': 'D04', 'displayLock': 'N', 'scanproflg': 1, 'scUrl': 'constructioncontracting-real-estate/dlf/D04', 'columns': [{'name': 'change %', 'value': '-0.09'}, {'name': 'LTP', 'value': '569.10'}, {'name': 'Close Price value', 'value': '569.10'}, {'name': 'change absolute', 'value': '-0.50'}]}",OHLC_D_I_NR4BEARBO,NR 4 Breakdown,Four Bar Pattern,18,Range Breakout,NR4 is a 4-bar narrow range pattern. NR4 bearish breakout pattern scanner shows the list of stocks forming bearish breakout pattern after 4-bar consolidation.,,,False,1,N,,OHLC_D_I_NR4BEARBO
1776078917,"{'stkname': 'HMT', 'ltp': '', 'perChg': '', 'stkId': 'HMT', 'displayLock': 'N', 'scanproflg': 1, 'scUrl': 'auto-tractors/hmt/HMT', 'columns': [{'name': 'change %', 'value': '-2.35'}, {'name': 'LTP', 'value': '62.26'}, {'name': 'Close Price value', 'value': '62.26'}, {'name': 'change absolute', 'value': '-1.50'}]}",OHLC_D_I_NR4BEARBO,NR 4 Breakdown,Four Bar Pattern,18,Range Breakout,NR4 is a 4-bar narrow range pattern. NR4 bearish breakout pattern scanner shows the list of stocks forming bearish breakout pattern after 4-bar consolidation.,,,False,1,N,,OHLC_D_I_NR4BEARBO
1776078917,"{'stkname': 'IDBI Bank', 'ltp': '', 'perChg': '', 'stkId': 'IDB', 'displayLock': 'N', 'scanproflg': 1, 'scUrl': 'bank-private/idbibank/IDB05', 'columns': [{'name': 'change %', 'value': '-0.30'}, {'name': 'LTP', 'value': '73.79'}, {'name': 'Close Price value', 'value': '73.79'}, {'name': 'change absolute', 'value': '-0.22'}]}",OHLC_D_I_NR4BEARBO,NR 4 Breakdown,Four Bar Pattern,18,Range Breakout,NR4 is a 4-bar narrow range pattern. NR4 bearish breakout pattern scanner shows the list of stocks forming bearish breakout pattern after 4-bar consolidation.,,,False,1,N,,OHLC_D_I_NR4BEARBO
1776078917,"{'stkname': 'Kotyark Ind', 'ltp': '', 'perChg': '', 'stkId': 'KI25', 'displayLock': 'N', 'scanproflg': 1, 'scUrl': 'renewables/kotyarkindustries/KI10', 'columns': [{'name': 'change %', 'value': '-4.57'}, {'name': 'LTP', 'value': '360.50'}, {'name': 'Close Price value', 'value': '360.50'}, {'name': 'change absolute', 'value': '-17.25'}]}",OHLC_D_I_NR4BEARBO,NR 4 Breakdown,Four Bar Pattern,18,Range Breakout,NR4 is a 4-bar narrow range pattern. NR4 bearish breakout pattern scanner shows the list of stocks forming bearish breakout pattern after 4-bar consolidation.,,,False,1,N,,OHLC_D_I_NR4BEARBO
1776078917,"{'stkname': 'Sandhar Technol', 'ltp': '', 'perChg': '', 'stkId': 'STL05', 'displayLock': 'N', 'scanproflg': 1, 'scUrl': 'auto-ancillaries/sandhartechnologies/STl06', 'columns': [{'name': 'change %', 'value': '-1.52'}, {'name': 'LTP', 'value': '485.00'}, {'name': 'Close Price value', 'value': '485.00'}, {'name': 'change absolute', 'value': '-7.50'}]}",OHLC_D_I_NR4BEARBO,NR 4 Breakdown,Four Bar Pattern,18,Range Breakout,NR4 is a 4-bar narrow range pattern. NR4 bearish breakout pattern scanner shows the list of stocks forming bearish breakout pattern after 4-bar consolidation.,,,False,1,N,,OHLC_D_I_NR4BEARBO
1776078917,"{'stkname': 'Rico Auto', 'ltp': '', 'perChg': '', 'stkId': 'RA04', 'displayLock': 'N', 'scanproflg': 1, 'scUrl': 'auto-ancillaries/ricoauto/RA04', 'columns': [{'name': 'change %', 'value': '-0.27'}, {'name': 'LTP', 'value': '116.40'}, {'name': 'Close Price value', 'value': '116.40'}, {'name': 'change absolute', 'value': '-0.32'}]}",OHLC_D_I_NR4BEARBO,NR 4 Breakdown,Four Bar Pattern,18,Range Breakout,NR4 is a 4-bar narrow range pattern. NR4 bearish breakout pattern scanner shows the list of stocks forming bearish breakout pattern after 4-bar consolidation.,,,False,1,N,,OHLC_D_I_NR4BEARBO
1776078917,"{'stkname': 'GMR Airports', 'ltp': '', 'perChg': '', 'stkId': 'GI27', 'displayLock': 'N', 'scanproflg': 1, 'scUrl': 'transport-infrastructure/gmrairports/GI27', 'columns': [{'name': 'change %', 'value': '-0.26'}, {'name': 'LTP', 'value': '95.00'}, {'name': 'Close Price value', 'value': '95.00'}, {'name': 'change absolute', 'value': '-0.25'}]}",OHLC_D_I_NR4BEARBO,NR 4 Breakdown,Four Bar Pattern,18,Range Breakout,NR4 is a 4-bar narrow range pattern. NR4 bearish breakout pattern scanner shows the list of stocks forming bearish breakout pattern after 4-bar consolidation.,,,False,1,N,,OHLC_D_I_NR4BEARBO
1776078917,"{'stkname': 'Jain Irrigation', 'ltp': '', 'perChg': '', 'stkId': 'JIS02', 'displayLock': 'N', 'scanproflg': 1, 'scUrl': 'plastics/jainirrigationsystems/JIS02', 'columns': [{'name': 'change %', 'value': '-1.87'}, {'name': 'LTP', 'value': '32.00'}, {'name': 'Close Price value', 'value': '32.00'}, {'name': 'change absolute', 'value': '-0.61'}]}",OHLC_D_I_NR4BEARBO,NR 4 Breakdown,Four Bar Pattern,18,Range Breakout,NR4 is a 4-bar narrow range pattern. NR4 bearish breakout pattern scanner shows the list of stocks forming bearish breakout pattern after 4-bar consolidation.,,,False,1,N,,OHLC_D_I_NR4BEARBO
1776078917,"{'stkname': 'IOC', 'ltp': '', 'perChg': '', 'stkId': 'IOC', 'displayLock': 'N', 'scanproflg': 1, 'scUrl': 'refineries/indianoilcorporation/IOC', 'columns': [{'name': 'change %', 'value': '-1.23'}, {'name': 'LTP', 'value': '141.20'}, {'name': 'Close Price value', 'value': '141.20'}, {'name': 'change absolute', 'value': '-1.76'}]}",OHLC_D_I_NR4BEARBO,NR 4 Breakdown,Four Bar Pattern,18,Range Breakout,NR4 is a 4-bar narrow range pattern. NR4 bearish breakout pattern scanner shows the list of stocks forming bearish breakout pattern after 4-bar consolidation.,,,False,1,N,,OHLC_D_I_NR4BEARBO
1776078917,"{'stkname': 'Updater Service', 'ltp': '', 'perChg': '', 'stkId': 'USL02', 'displayLock': 'N', 'scanproflg': 1, 'scUrl': 'misc-commercial-services/updaterservices/USL02', 'columns': [{'name': 'change %', 'value': '-0.40'}, {'name': 'LTP', 'value': '150.07'}, {'name': 'Close Price value', 'value': '150.07'}, {'name': 'change absolute', 'value': '-0.61'}]}",OHLC_D_I_NR4BEARBO,NR 4 Breakdown,Four Bar Pattern,18,Range Breakout,NR4 is a 4-bar narrow range pattern. NR4 bearish breakout pattern scanner shows the list of stocks forming bearish breakout pattern after 4-bar consolidation.,,,False,1,N,,OHLC_D_I_NR4BEARBO
1776078917,"{'stkname': 'PCBL Chemical', 'ltp': '', 'perChg': '', 'stkId': 'PCB01', 'displayLock': 'N', 'scanproflg': 1, 'scUrl': 'carbon-black/pcblchemical/PCB01', 'columns': [{'name': 'change %', 'value': '-1.14'}, {'name': 'LTP', 'value': '270.05'}, {'name': 'Close Price value', 'value': '270.05'}, {'name': 'change absolute', 'value': '-3.12'}]}",OHLC_D_I_NR4BEARBO,NR 4 Breakdown,Four Bar Pattern,18,Range Breakout,NR4 is a 4-bar narrow range pattern. NR4 bearish breakout pattern scanner shows the list of stocks forming bearish breakout pattern after 4-bar consolidation.,,,False,1,N,,OHLC_D_I_NR4BEARBO
1776078917,"{'stkname': 'Kaynes Tech', 'ltp': '', 'perChg': '', 'stkId': 'KTI05', 'displayLock': 'N', 'scanproflg': 1, 'scUrl': 'electronics-components/kaynestechnologyindia/KTI', 'columns': [{'name': 'change %', 'value': '-0.19'}, {'name': 'LTP', 'value': '3,889.00'}, {'name': 'Close Price value', 'value': '3,889.00'}, {'name': 'change absolute', 'value': '-7.30'}]}",OHLC_D_I_NR4BEARBO,NR 4 Breakdown,Four Bar Pattern,18,Range Breakout,NR4 is a 4-bar narrow range pattern. NR4 bearish breakout pattern scanner shows the list of stocks forming bearish breakout pattern after 4-bar consolidation.,,,False,1,N,,OHLC_D_I_NR4BEARBO
1776078917,"{'stkname': 'Power Grid Corp', 'ltp': '', 'perChg': '', 'stkId': 'PGC', 'displayLock': 'N', 'scanproflg': 1, 'scUrl': 'power-generationdistribution/powergridcorporationindia/PGC', 'columns': [{'name': 'change %', 'value': '-0.84'}, {'name': 'LTP', 'value': '300.20'}, {'name': 'Close Price value', 'value': '300.20'}, {'name': 'change absolute', 'value': '-2.55'}]}",OHLC_D_I_NR4BEARBO,NR 4 Breakdown,Four Bar Pattern,18,Range Breakout,NR4 is a 4-bar narrow range pattern. NR4 bearish breakout pattern scanner shows the list of stocks forming bearish breakout pattern after 4-bar consolidation.,,,False,1,N,,OHLC_D_I_NR4BEARBO
1776078917,"{'stkname': 'Dreamfolks Ser.', 'ltp': '', 'perChg': '', 'stkId': 'DS10', 'displayLock': 'N', 'scanproflg': 1, 'scUrl': 'miscellaneous/dreamfolksservices/DS09', 'columns': [{'name': 'change %', 'value': '-0.83'}, {'name': 'LTP', 'value': '76.20'}, {'name': 'Close Price value', 'value': '76.20'}, {'name': 'change absolute', 'value': '-0.64'}]}",OHLC_D_I_NR4BEARBO,NR 4 Breakdown,Four Bar Pattern,18,Range Breakout,NR4 is a 4-bar narrow range pattern. NR4 bearish breakout pattern scanner shows the list of stocks forming bearish breakout pattern after 4-bar consolidation.,,,False,1,N,,OHLC_D_I_NR4BEARBO
1776078917,"{'stkname': 'Happiest Minds ', 'ltp': '', 'perChg': '', 'stkId': 'HMT01', 'displayLock': 'N', 'scanproflg': 1, 'scUrl': 'it-servicesconsulting/happiestmindstechnologies/HMT01', 'columns': [{'name': 'change %', 'value': '-1.14'}, {'name': 'LTP', 'value': '374.50'}, {'name': 'Close Price value', 'value': '374.50'}, {'name': 'change absolute', 'value': '-4.30'}]}",OHLC_D_I_NR4BEARBO,NR 4 Breakdown,Four Bar Pattern,18,Range Breakout,NR4 is a 4-bar narrow range pattern. NR4 bearish breakout pattern scanner shows the list of stocks forming bearish breakout pattern after 4-bar consolidation.,,,False,1,N,,OHLC_D_I_NR4BEARBO
1776078917,"{'stkname': 'Supreme Ind', 'ltp': '', 'perChg': '', 'stkId': 'SI48', 'displayLock': 'N', 'scanproflg': 1, 'scUrl': 'plastics/supremeindustries/SI48', 'columns': [{'name': 'change %', 'value': '-0.40'}, {'name': 'LTP', 'value': '3,787.30'}, {'name': 'Close Price value', 'value': '3,787.30'}, {'name': 'change absolute', 'value': '-15.10'}]}",OHLC_D_I_NR4BEARBO,NR 4 Breakdown,Four Bar Pattern,18,Range Breakout,NR4 is a 4-bar narrow range pattern. NR4 bearish breakout pattern scanner shows the list of stocks forming bearish breakout pattern after 4-bar consolidation.,,,False,1,N,,OHLC_D_I_NR4BEARBO
1776078917,"{'stkname': 'SML Mahindra', 'ltp': '', 'perChg': '', 'stkId': 'SM', 'displayLock': 'N', 'scanproflg': 1, 'scUrl': 'automobile-truckslcvs/smlmahindra/SM', 'columns': [{'name': 'change %', 'value': '-0.38'}, {'name': 'LTP', 'value': '4,135.50'}, {'name': 'Close Price value', 'value': '4,135.50'}, {'name': 'change absolute', 'value': '-15.60'}]}",OHLC_D_I_NR4BEARBO,NR 4 Breakdown,Four Bar Pattern,18,Range Breakout,NR4 is a 4-bar narrow range pattern. NR4 bearish breakout pattern scanner shows the list of stocks forming bearish breakout pattern after 4-bar consolidation.,,,False,1,N,,OHLC_D_I_NR4BEARBO
1776078917,"{'stkname': 'KSolves', 'ltp': '', 'perChg': '', 'stkId': 'KI23', 'displayLock': 'N', 'scanproflg': 1, 'scUrl': 'software/ksolvesindia/KI09', 'columns': [{'name': 'change %', 'value': '-1.66'}, {'name': 'LTP', 'value': '305.35'}, {'name': 'Close Price value', 'value': '305.35'}, {'name': 'change absolute', 'value': '-5.15'}]}",OHLC_D_I_NR4BEARBO,NR 4 Breakdown,Four Bar Pattern,18,Range Breakout,NR4 is a 4-bar narrow range pattern. NR4 bearish breakout pattern scanner shows the list of stocks forming bearish breakout pattern after 4-bar consolidation.,,,False,1,N,,OHLC_D_I_NR4BEARBO
1776078917,"{'stkname': 'CarTrade Tech', 'ltp': '', 'perChg': '', 'stkId': 'CT09', 'displayLock': 'N', 'scanproflg': 1, 'scUrl': 'automobile-dealersdistributors/cartradetech/CT12', 'columns': [{'name': 'change %', 'value': '-0.58'}, {'name': 'LTP', 'value': '1,826.00'}, {'name': 'Close Price value', 'value': '1,826.00'}, {'name': 'change absolute', 'value': '-10.70'}]}",OHLC_D_I_NR4BEARBO,NR 4 Breakdown,Four Bar Pattern,18,Range Breakout,NR4 is a 4-bar narrow range pattern. NR4 bearish breakout pattern scanner shows the list of stocks forming bearish breakout pattern after 4-bar consolidation.,,,False,1,N,,OHLC_D_I_NR4BEARBO
1776078917,"{'stkname': 'Rategain Travel', 'ltp': '', 'perChg': '', 'stkId': 'RTT', 'displayLock': 'N', 'scanproflg': 1, 'scUrl': 'software/rategaintraveltechnologies/RTT', 'columns': [{'name': 'change %', 'value': '-1.26'}, {'name': 'LTP', 'value': '555.00'}, {'name': 'Close Price value', 'value': '555.00'}, {'name': 'change absolute', 'value': '-7.10'}]}",OHLC_D_I_NR4BEARBO,NR 4 Breakdown,Four Bar Pattern,18,Range Breakout,NR4 is a 4-bar narrow range pattern. NR4 bearish breakout pattern scanner shows the list of stocks forming bearish breakout pattern after 4-bar consolidation.,,,False,1,N,,OHLC_D_I_NR4BEARBO
1776078917,"{'stkname': 'Whirlpool', 'ltp': '', 'perChg': '', 'stkId': 'WI', 'displayLock': 'N', 'scanproflg': 1, 'scUrl': 'consumer-goods-white-goods/whirlpoolindia/WI', 'columns': [{'name': 'change %', 'value': '-1.09'}, {'name': 'LTP', 'value': '821.00'}, {'name': 'Close Price value', 'value': '821.00'}, {'name': 'change absolute', 'value': '-9.05'}]}",OHLC_D_I_NR4BEARBO,NR 4 Breakdown,Four Bar Pattern,18,Range Breakout,NR4 is a 4-bar narrow range pattern. NR4 bearish breakout pattern scanner shows the list of stocks forming bearish breakout pattern after 4-bar consolidation.,,,False,1,N,,OHLC_D_I_NR4BEARBO
1776078917,"{'stkname': 'Easy Trip', 'ltp': '', 'perChg': '', 'stkId': 'ETP01', 'displayLock': 'N', 'scanproflg': 1, 'scUrl': 'travel-services/easytripplanners/ETP01', 'columns': [{'name': 'change %', 'value': '-4.24'}, {'name': 'LTP', 'value': '7.67'}, {'name': 'Close Price value', 'value': '7.67'}, {'name': 'change absolute', 'value': '-0.34'}]}",OHLC_D_I_NR4BEARBO,NR 4 Breakdown,Four Bar Pattern,18,Range Breakout,NR4 is a 4-bar narrow range pattern. NR4 bearish breakout pattern scanner shows the list of stocks forming bearish breakout pattern after 4-bar consolidation.,,,False,1,N,,OHLC_D_I_NR4BEARBO
1776078917,"{'stkname': 'Kajaria Ceramic', 'ltp': '', 'perChg': '', 'stkId': 'KC06', 'displayLock': 'N', 'scanproflg': 1, 'scUrl': 'ceramicsgranite/kajariaceramics/KC06', 'columns': [{'name': 'change %', 'value': '-0.09'}, {'name': 'LTP', 'value': '1,119.65'}, {'name': 'Close Price value', 'value': '1,119.65'}, {'name': 'change absolute', 'value': '-1.05'}]}",OHLC_D_I_NR4BEARBO,NR 4 Breakdown,Four Bar Pattern,18,Range Breakout,NR4 is a 4-bar narrow range pattern. NR4 bearish breakout pattern scanner shows the list of stocks forming bearish breakout pattern after 4-bar consolidation.,,,False,1,N,,OHLC_D_I_NR4BEARBO
1776078917,"{'stkname': 'Motilal Oswal', 'ltp': '', 'perChg': '', 'stkId': 'MOF01', 'displayLock': 'N', 'scanproflg': 1, 'scUrl': 'finance-general/motilaloswalfinancialservices/MOF01', 'columns': [{'name': 'change %', 'value': '-2.65'}, {'name': 'LTP', 'value': '757.90'}, {'name': 'Close Price value', 'value': '757.90'}, {'name': 'change absolute', 'value': '-20.65'}]}",OHLC_D_I_NR4BEARBO,NR 4 Breakdown,Four Bar Pattern,18,Range Breakout,NR4 is a 4-bar narrow range pattern. NR4 bearish breakout pattern scanner shows the list of stocks forming bearish breakout pattern after 4-bar consolidation.,,,False,1,N,,OHLC_D_I_NR4BEARBO
1776078917,"{'stkname': 'IEX', 'ltp': '', 'perChg': '', 'stkId': 'IEE', 'displayLock': 'N', 'scanproflg': 1, 'scUrl': 'diversified/indianenergyexchange/IEE', 'columns': [{'name': 'change %', 'value': '-0.76'}, {'name': 'LTP', 'value': '129.00'}, {'name': 'Close Price value', 'value': '129.00'}, {'name': 'change absolute', 'value': '-0.99'}]}",OHLC_D_I_NR4BEARBO,NR 4 Breakdown,Four Bar Pattern,18,Range Breakout,NR4 is a 4-bar narrow range pattern. NR4 bearish breakout pattern scanner shows the list of stocks forming bearish breakout pattern after 4-bar consolidation.,,,False,1,N,,OHLC_D_I_NR4BEARBO
1776078917,"{'stkname': 'Sun Pharma Adv', 'ltp': '', 'perChg': '', 'stkId': 'SPA', 'displayLock': 'N', 'scanproflg': 1, 'scUrl': 'pharmaceuticals/sunpharmaadvancedresearchcompany/SPA', 'columns': [{'name': 'change %', 'value': '-3.80'}, {'name': 'LTP', 'value': '142.70'}, {'name': 'Close Price value', 'value': '142.70'}, {'name': 'change absolute', 'value': '-5.64'}]}",OHLC_D_I_NR4BEARBO,NR 4 Breakdown,Four Bar Pattern,18,Range Breakout,NR4 is a 4-bar narrow range pattern. NR4 bearish breakout pattern scanner shows the list of stocks forming bearish breakout pattern after 4-bar consolidation.,,,False,1,N,,OHLC_D_I_NR4BEARBO
1776078917,"{'stkname': 'Eternal', 'ltp': '', 'perChg': '', 'stkId': 'Z01', 'displayLock': 'N', 'scanproflg': 1, 'scUrl': 'online-services/eternal/Z', 'columns': [{'name': 'change %', 'value': '-1.62'}, {'name': 'LTP', 'value': '236.35'}, {'name': 'Close Price value', 'value': '236.35'}, {'name': 'change absolute', 'value': '-3.88'}]}",OHLC_D_I_NR4BEARBO,NR 4 Breakdown,Four Bar Pattern,18,Range Breakout,NR4 is a 4-bar narrow range pattern. NR4 bearish breakout pattern scanner shows the list of stocks forming bearish breakout pattern after 4-bar consolidation.,,,False,1,N,,OHLC_D_I_NR4BEARBO
1776078917,"{'stkname': 'Yes Bank', 'ltp': '', 'perChg': '', 'stkId': 'YB', 'displayLock': 'N', 'scanproflg': 1, 'scUrl': 'banks-private-sector/yesbank/YB', 'columns': [{'name': 'change %', 'value': '-0.94'}, {'name': 'LTP', 'value': '18.90'}, {'name': 'Close Price value', 'value': '18.90'}, {'name': 'change absolute', 'value': '-0.18'}]}",OHLC_D_I_NR4BEARBO,NR 4 Breakdown,Four Bar Pattern,18,Range Breakout,NR4 is a 4-bar narrow range pattern. NR4 bearish breakout pattern scanner shows the list of stocks forming bearish breakout pattern after 4-bar consolidation.,,,False,1,N,,OHLC_D_I_NR4BEARBO
1776078917,"{'stkname': 'KPIT Tech', 'ltp': '', 'perChg': '', 'stkId': 'KPITT54265', 'displayLock': 'N', 'scanproflg': 1, 'scUrl': 'it-servicesconsulting/kpittechnologies/KPITT54265', 'columns': [{'name': 'change %', 'value': '-0.96'}, {'name': 'LTP', 'value': '709.55'}, {'name': 'Close Price value', 'value': '709.55'}, {'name': 'change absolute', 'value': '-6.90'}]}",OHLC_D_I_NR4BEARBO,NR 4 Breakdown,Four Bar Pattern,18,Range Breakout,NR4 is a 4-bar narrow range pattern. NR4 bearish breakout pattern scanner shows the list of stocks forming bearish breakout pattern after 4-bar consolidation.,,,False,1,N,,OHLC_D_I_NR4BEARBO
1776078917,"{'stkname': 'Petronet LNG', 'ltp': '', 'perChg': '', 'stkId': 'PLN', 'displayLock': 'N', 'scanproflg': 1, 'scUrl': 'oil-drillingexploration/petronetlng/PLN', 'columns': [{'name': 'change %', 'value': '-2.18'}, {'name': 'LTP', 'value': '264.85'}, {'name': 'Close Price value', 'value': '264.85'}, {'name': 'change absolute', 'value': '-5.89'}]}",OHLC_D_I_NR4BEARBO,NR 4 Breakdown,Four Bar Pattern,18,Range Breakout,NR4 is a 4-bar narrow range pattern. NR4 bearish breakout pattern scanner shows the list of stocks forming bearish breakout pattern after 4-bar consolidation.,,,False,1,N,,OHLC_D_I_NR4BEARBO
1776078917,"{'stkname': 'Godrej Prop', 'ltp': '', 'perChg': '', 'stkId': 'GP11', 'displayLock': 'N', 'scanproflg': 1, 'scUrl': 'constructioncontracting-real-estate/godrejproperties/GP11', 'columns': [{'name': 'change %', 'value': '-0.61'}, {'name': 'LTP', 'value': '1,706.00'}, {'name': 'Close Price value', 'value': '1,706.00'}, {'name': 'change absolute', 'value': '-10.50'}]}",OHLC_D_I_NR4BEARBO,NR 4 Breakdown,Four Bar Pattern,18,Range Breakout,NR4 is a 4-bar narrow range pattern. NR4 bearish breakout pattern scanner shows the list of stocks forming bearish breakout pattern after 4-bar consolidation.,,,False,1,N,,OHLC_D_I_NR4BEARBO
1776078917,"{'stkname': 'ITC', 'ltp': '', 'perChg': '', 'stkId': 'ITC', 'displayLock': 'N', 'scanproflg': 1, 'scUrl': 'diversified/itc/ITC', 'columns': [{'name': 'change %', 'value': '-1.79'}, {'name': 'LTP', 'value': '298.80'}, {'name': 'Close Price value', 'value': '298.80'}, {'name': 'change absolute', 'value': '-5.45'}]}",OHLC_D_I_NR4BEARBO,NR 4 Breakdown,Four Bar Pattern,18,Range Breakout,NR4 is a 4-bar narrow range pattern. NR4 bearish breakout pattern scanner shows the list of stocks forming bearish breakout pattern after 4-bar consolidation.,,,False,1,N,,OHLC_D_I_NR4BEARBO
1776078917,"{'stkname': 'CG Power ', 'ltp': '', 'perChg': '', 'stkId': 'CG', 'displayLock': 'N', 'scanproflg': 1, 'scUrl': 'electric-equipment/cgpowerindustrialsolutions/CG', 'columns': [{'name': 'change %', 'value': '-2.07'}, {'name': 'LTP', 'value': '716.00'}, {'name': 'Close Price value', 'value': '716.00'}, {'name': 'change absolute', 'value': '-15.10'}]}",OHLC_D_I_NR4BEARBO,NR 4 Breakdown,Four Bar Pattern,18,Range Breakout,NR4 is a 4-bar narrow range pattern. NR4 bearish breakout pattern scanner shows the list of stocks forming bearish breakout pattern after 4-bar consolidation.,,,False,1,N,,OHLC_D_I_NR4BEARBO
1776078917,"{'stkname': 'SBI Life Insura', 'ltp': '', 'perChg': '', 'stkId': 'SLI03', 'displayLock': 'N', 'scanproflg': 1, 'scUrl': 'lifehealth-insurance/sbilifeinsurancecompany/SLI03', 'columns': [{'name': 'change %', 'value': '-0.47'}, {'name': 'LTP', 'value': '1,914.10'}, {'name': 'Close Price value', 'value': '1,914.10'}, {'name': 'change absolute', 'value': '-9.10'}]}",OHLC_D_I_NR4BEARBO,NR 4 Breakdown,Four Bar Pattern,18,Range Breakout,NR4 is a 4-bar narrow range pattern. NR4 bearish breakout pattern scanner shows the list of stocks forming bearish breakout pattern after 4-bar consolidation.,,,False,1,N,,OHLC_D_I_NR4BEARBO
1776078917,"{'stkname': 'Indian Hotels', 'ltp': '', 'perChg': '', 'stkId': 'IHC', 'displayLock': 'N', 'scanproflg': 1, 'scUrl': 'hotels/indianhotelscompany/IHC', 'columns': [{'name': 'change %', 'value': '-1.27'}, {'name': 'LTP', 'value': '633.35'}, {'name': 'Close Price value', 'value': '633.35'}, {'name': 'change absolute', 'value': '-8.15'}]}",OHLC_D_I_NR4BEARBO,NR 4 Breakdown,Four Bar Pattern,18,Range Breakout,NR4 is a 4-bar narrow range pattern. NR4 bearish breakout pattern scanner shows the list of stocks forming bearish breakout pattern after 4-bar consolidation.,,,False,1,N,,OHLC_D_I_NR4BEARBO
1776078917,"{'stkname': 'JSW Steel', 'ltp': '', 'perChg': '', 'stkId': 'JVS', 'displayLock': 'N', 'scanproflg': 1, 'scUrl': 'steel-large/jswsteel/JSW01', 'columns': [{'name': 'change %', 'value': '-0.97'}, {'name': 'LTP', 'value': '1,203.00'}, {'name': 'Close Price value', 'value': '1,203.00'}, {'name': 'change absolute', 'value': '-11.80'}]}",OHLC_D_I_NR4BEARBO,NR 4 Breakdown,Four Bar Pattern,18,Range Breakout,NR4 is a 4-bar narrow range pattern. NR4 bearish breakout pattern scanner shows the list of stocks forming bearish breakout pattern after 4-bar consolidation.,,,False,1,N,,OHLC_D_I_NR4BEARBO
1776078917,"{'stkname': 'KFin Tech', 'ltp': '', 'perChg': '', 'stkId': 'KT06', 'displayLock': 'N', 'scanproflg': 1, 'scUrl': 'finance-others/kfintechnologies/KT07', 'columns': [{'name': 'change %', 'value': '-0.88'}, {'name': 'LTP', 'value': '903.40'}, {'name': 'Close Price value', 'value': '903.40'}, {'name': 'change absolute', 'value': '-8.05'}]}",OHLC_D_I_NR4BEARBO,NR 4 Breakdown,Four Bar Pattern,18,Range Breakout,NR4 is a 4-bar narrow range pattern. NR4 bearish breakout pattern scanner shows the list of stocks forming bearish breakout pattern after 4-bar consolidation.,,,False,1,N,,OHLC_D_I_NR4BEARBO
1776078917,"{'stkname': 'Prestige Estate', 'ltp': '', 'perChg': '', 'stkId': 'PEP02', 'displayLock': 'N', 'scanproflg': 1, 'scUrl': 'constructioncontracting-real-estate/prestigeestatesprojects/PEP02', 'columns': [{'name': 'change %', 'value': '-1.44'}, {'name': 'LTP', 'value': '1,303.30'}, {'name': 'Close Price value', 'value': '1,303.30'}, {'name': 'change absolute', 'value': '-19.10'}]}",OHLC_D_I_NR4BEARBO,NR 4 Breakdown,Four Bar Pattern,18,Range Breakout,NR4 is a 4-bar narrow range pattern. NR4 bearish breakout pattern scanner shows the list of stocks forming bearish breakout pattern after 4-bar consolidation.,,,False,1,N,,OHLC_D_I_NR4BEARBO
1776078917,"{'stkname': 'Apollo Hospital', 'ltp': '', 'perChg': '', 'stkId': 'AHE', 'displayLock': 'N', 'scanproflg': 1, 'scUrl': 'hospitalsmedical-services/apollohospitalsenterprises/AHE', 'columns': [{'name': 'change %', 'value': '0.00'}, {'name': 'LTP', 'value': '7,511.50'}, {'name': 'Close Price value', 'value': '7,511.50'}, {'name': 'change absolute', 'value': '0.00'}]}",OHLC_D_I_NR4BEARBO,NR 4 Breakdown,Four Bar Pattern,18,Range Breakout,NR4 is a 4-bar narrow range pattern. NR4 bearish breakout pattern scanner shows the list of stocks forming bearish breakout pattern after 4-bar consolidation.,,,False,1,N,,OHLC_D_I_NR4BEARBO
1776078917,"{'stkname': 'Bajaj Finance', 'ltp': '', 'perChg': '', 'stkId': 'BAF', 'displayLock': 'N', 'scanproflg': 1, 'scUrl': 'finance-nbfc/bajajfinance/BAF', 'columns': [{'name': 'change %', 'value': '-2.93'}, {'name': 'LTP', 'value': '897.50'}, {'name': 'Close Price value', 'value': '897.50'}, {'name': 'change absolute', 'value': '-27.05'}]}",OHLC_D_I_NR4BEARBO,NR 4 Breakdown,Four Bar Pattern,18,Range Breakout,NR4 is a 4-bar narrow range pattern. NR4 bearish breakout pattern scanner shows the list of stocks forming bearish breakout pattern after 4-bar consolidation.,,,False,1,N,,OHLC_D_I_NR4BEARBO
1776078917,"{'stkname': 'Bandhan Bank', 'ltp': '', 'perChg': '', 'stkId': 'BB09', 'displayLock': 'N', 'scanproflg': 1, 'scUrl': 'banks-private-sector/bandhanbank/BB09', 'columns': [{'name': 'change %', 'value': '-1.08'}, {'name': 'LTP', 'value': '166.25'}, {'name': 'Close Price value', 'value': '166.25'}, {'name': 'change absolute', 'value': '-1.82'}]}",OHLC_D_I_NR4BEARBO,NR 4 Breakdown,Four Bar Pattern,18,Range Breakout,NR4 is a 4-bar narrow range pattern. NR4 bearish breakout pattern scanner shows the list of stocks forming bearish breakout pattern after 4-bar consolidation.,,,False,1,N,,OHLC_D_I_NR4BEARBO
1776078917,"{'stkname': 'Kalyan Jeweller', 'ltp': '', 'perChg': '', 'stkId': 'KJI01', 'displayLock': 'N', 'scanproflg': 1, 'scUrl': 'diamondjewellery/kalyanjewellersindia/KJI01', 'columns': [{'name': 'change %', 'value': '-1.70'}, {'name': 'LTP', 'value': '441.50'}, {'name': 'Close Price value', 'value': '441.50'}, {'name': 'change absolute', 'value': '-7.65'}]}",OHLC_D_I_NR4BEARBO,NR 4 Breakdown,Four Bar Pattern,18,Range Breakout,NR4 is a 4-bar narrow range pattern. NR4 bearish breakout pattern scanner shows the list of stocks forming bearish breakout pattern after 4-bar consolidation.,,,False,1,N,,OHLC_D_I_NR4BEARBO
1776078917,"{'stkname': 'Havells India', 'ltp': '', 'perChg': '', 'stkId': 'HI01', 'displayLock': 'N', 'scanproflg': 1, 'scUrl': 'electric-equipment/havellsindia/HI01', 'columns': [{'name': 'change %', 'value': '-0.76'}, {'name': 'LTP', 'value': '1,272.00'}, {'name': 'Close Price value', 'value': '1,272.00'}, {'name': 'change absolute', 'value': '-9.70'}]}",OHLC_D_I_NR4BEARBO,NR 4 Breakdown,Four Bar Pattern,18,Range Breakout,NR4 is a 4-bar narrow range pattern. NR4 bearish breakout pattern scanner shows the list of stocks forming bearish breakout pattern after 4-bar consolidation.,,,False,1,N,,OHLC_D_I_NR4BEARBO
1776078917,"{'stkname': 'Bosch', 'ltp': '', 'perChg': '', 'stkId': 'MIC', 'displayLock': 'N', 'scanproflg': 1, 'scUrl': 'auto-ancillaries/bosch/B05', 'columns': [{'name': 'change %', 'value': '-1.86'}, {'name': 'LTP', 'value': '36,635.00'}, {'name': 'Close Price value', 'value': '36,635.00'}, {'name': 'change absolute', 'value': '-695.00'}]}",OHLC_D_I_NR4BEARBO,NR 4 Breakdown,Four Bar Pattern,18,Range Breakout,NR4 is a 4-bar narrow range pattern. NR4 bearish breakout pattern scanner shows the list of stocks forming bearish breakout pattern after 4-bar consolidation.,,,False,1,N,,OHLC_D_I_NR4BEARBO
1776078917,"{'stkname': 'Hind Zinc', 'ltp': '', 'perChg': '', 'stkId': 'HZ', 'displayLock': 'N', 'scanproflg': 1, 'scUrl': 'metals-non-ferrous/hindustanzinc/HZ', 'columns': [{'name': 'change %', 'value': '-0.28'}, {'name': 'LTP', 'value': '563.00'}, {'name': 'Close Price value', 'value': '563.00'}, {'name': 'change absolute', 'value': '-1.60'}]}",OHLC_D_I_NR4BEARBO,NR 4 Breakdown,Four Bar Pattern,18,Range Breakout,NR4 is a 4-bar narrow range pattern. NR4 bearish breakout pattern scanner shows the list of stocks forming bearish breakout pattern after 4-bar consolidation.,,,False,1,N,,OHLC_D_I_NR4BEARBO
1776078917,"{'stkname': 'Kotak Mahindra', 'ltp': '', 'perChg': '', 'stkId': 'KMF', 'displayLock': 'N', 'scanproflg': 1, 'scUrl': 'banks-private-sector/kotakmahindrabank/KMB', 'columns': [{'name': 'change %', 'value': '-0.45'}, {'name': 'LTP', 'value': '372.85'}, {'name': 'Close Price value', 'value': '372.85'}, {'name': 'change absolute', 'value': '-1.70'}]}",OHLC_D_I_NR4BEARBO,NR 4 Breakdown,Four Bar Pattern,18,Range Breakout,NR4 is a 4-bar narrow range pattern. NR4 bearish breakout pattern scanner shows the list of stocks forming bearish breakout pattern after 4-bar consolidation.,,,False,1,N,,OHLC_D_I_NR4BEARBO
1776078917,"{'stkname': 'Pidilite Ind', 'ltp': '', 'perChg': '', 'stkId': 'PI11', 'displayLock': 'N', 'scanproflg': 1, 'scUrl': 'chemicals/pidiliteindustries/PI11', 'columns': [{'name': 'change %', 'value': '-2.11'}, {'name': 'LTP', 'value': '1,328.50'}, {'name': 'Close Price value', 'value': '1,328.50'}, {'name': 'change absolute', 'value': '-28.60'}]}",OHLC_D_I_NR4BEARBO,NR 4 Breakdown,Four Bar Pattern,18,Range Breakout,NR4 is a 4-bar narrow range pattern. NR4 bearish breakout pattern scanner shows the list of stocks forming bearish breakout pattern after 4-bar consolidation.,,,False,1,N,,OHLC_D_I_NR4BEARBO
1776078917,"{'stkname': 'Premier Energie', 'ltp': '', 'perChg': '', 'stkId': 'PEL07', 'displayLock': 'N', 'scanproflg': 1, 'scUrl': 'electric-equipment/premierenergies/PEL06', 'columns': [{'name': 'change %', 'value': '-0.53'}, {'name': 'LTP', 'value': '970.00'}, {'name': 'Close Price value', 'value': '970.00'}, {'name': 'change absolute', 'value': '-5.20'}]}",OHLC_D_I_NR4BEARBO,NR 4 Breakdown,Four Bar Pattern,18,Range Breakout,NR4 is a 4-bar narrow range pattern. NR4 bearish breakout pattern scanner shows the list of stocks forming bearish breakout pattern after 4-bar consolidation.,,,False,1,N,,OHLC_D_I_NR4BEARBO
1776078917,"{'stkname': 'L&T Finance', 'ltp': '', 'perChg': '', 'stkId': 'LFH', 'displayLock': 'N', 'scanproflg': 1, 'scUrl': 'finance-nbfc/ltfinance/LFH', 'columns': [{'name': 'change %', 'value': '-1.60'}, {'name': 'LTP', 'value': '273.98'}, {'name': 'Close Price value', 'value': '273.98'}, {'name': 'change absolute', 'value': '-4.45'}]}",OHLC_D_I_NR4BEARBO,NR 4 Breakdown,Four Bar Pattern,18,Range Breakout,NR4 is a 4-bar narrow range pattern. NR4 bearish breakout pattern scanner shows the list of stocks forming bearish breakout pattern after 4-bar consolidation.,,,False,1,N,,OHLC_D_I_NR4BEARBO
1776078917,"{'stkname': 'PNB', 'ltp': '', 'perChg': '', 'stkId': 'PNB05', 'displayLock': 'N', 'scanproflg': 1, 'scUrl': 'banks-public-sector/punjabnationalbank/PNB05', 'columns': [{'name': 'change %', 'value': '-0.80'}, {'name': 'LTP', 'value': '110.91'}, {'name': 'Close Price value', 'value': '110.91'}, {'name': 'change absolute', 'value': '-0.89'}]}",OHLC_D_I_NR4BEARBO,NR 4 Breakdown,Four Bar Pattern,18,Range Breakout,NR4 is a 4-bar narrow range pattern. NR4 bearish breakout pattern scanner shows the list of stocks forming bearish breakout pattern after 4-bar consolidation.,,,False,1,N,,OHLC_D_I_NR4BEARBO
1776078917,"{'stkname': 'CAMS', 'ltp': '', 'perChg': '', 'stkId': 'CAM', 'displayLock': 'N', 'scanproflg': 1, 'scUrl': 'finance-investment/computeragemanagementservices/CAM', 'columns': [{'name': 'change %', 'value': '-1.37'}, {'name': 'LTP', 'value': '706.00'}, {'name': 'Close Price value', 'value': '706.00'}, {'name': 'change absolute', 'value': '-9.80'}]}",OHLC_D_I_NR4BEARBO,NR 4 Breakdown,Four Bar Pattern,18,Range Breakout,NR4 is a 4-bar narrow range pattern. NR4 bearish breakout pattern scanner shows the list of stocks forming bearish breakout pattern after 4-bar consolidation.,,,False,1,N,,OHLC_D_I_NR4BEARBO
1776078917,"{'stkname': 'GAIL', 'ltp': '', 'perChg': '', 'stkId': 'GAI', 'displayLock': 'N', 'scanproflg': 1, 'scUrl': 'oil-drillingexploration/gailindia/GAI', 'columns': [{'name': 'change %', 'value': '-0.32'}, {'name': 'LTP', 'value': '153.58'}, {'name': 'Close Price value', 'value': '153.58'}, {'name': 'change absolute', 'value': '-0.50'}]}",OHLC_D_I_NR4BEARBO,NR 4 Breakdown,Four Bar Pattern,18,Range Breakout,NR4 is a 4-bar narrow range pattern. NR4 bearish breakout pattern scanner shows the list of stocks forming bearish breakout pattern after 4-bar consolidation.,,,False,1,N,,OHLC_D_I_NR4BEARBO
1776078917,"{'stkname': 'FSN E-Co Nykaa', 'ltp': '', 'perChg': '', 'stkId': 'FEV', 'displayLock': 'N', 'scanproflg': 1, 'scUrl': 'miscellaneous/fsne-commerceventuresnykaa/FEV', 'columns': [{'name': 'change %', 'value': '-0.77'}, {'name': 'LTP', 'value': '257.50'}, {'name': 'Close Price value', 'value': '257.50'}, {'name': 'change absolute', 'value': '-1.99'}]}",OHLC_D_I_NR4BEARBO,NR 4 Breakdown,Four Bar Pattern,18,Range Breakout,NR4 is a 4-bar narrow range pattern. NR4 bearish breakout pattern scanner shows the list of stocks forming bearish breakout pattern after 4-bar consolidation.,,,False,1,N,,OHLC_D_I_NR4BEARBO
1776078917,"{'stkname': 'HDFC Bank', 'ltp': '', 'perChg': '', 'stkId': 'HDF01', 'displayLock': 'N', 'scanproflg': 1, 'scUrl': 'banks-private-sector/hdfcbank/HDF01', 'columns': [{'name': 'change %', 'value': '-2.14'}, {'name': 'LTP', 'value': '793.00'}, {'name': 'Close Price value', 'value': '793.00'}, {'name': 'change absolute', 'value': '-17.30'}]}",OHLC_D_I_NR4BEARBO,NR 4 Breakdown,Four Bar Pattern,18,Range Breakout,NR4 is a 4-bar narrow range pattern. NR4 bearish breakout pattern scanner shows the list of stocks forming bearish breakout pattern after 4-bar consolidation.,,,False,1,N,,OHLC_D_I_NR4BEARBO
1776078917,"{'stkname': 'Nestle', 'ltp': '', 'perChg': '', 'stkId': 'NI', 'displayLock': 'N', 'scanproflg': 1, 'scUrl': 'food-processing/nestleindia/NI', 'columns': [{'name': 'change %', 'value': '-1.96'}, {'name': 'LTP', 'value': '1,224.80'}, {'name': 'Close Price value', 'value': '1,224.80'}, {'name': 'change absolute', 'value': '-24.50'}]}",OHLC_D_I_NR4BEARBO,NR 4 Breakdown,Four Bar Pattern,18,Range Breakout,NR4 is a 4-bar narrow range pattern. NR4 bearish breakout pattern scanner shows the list of stocks forming bearish breakout pattern after 4-bar consolidation.,,,False,1,N,,OHLC_D_I_NR4BEARBO
1776078917,"{'stkname': 'Union Bank', 'ltp': '', 'perChg': '', 'stkId': 'UBI01', 'displayLock': 'N', 'scanproflg': 1, 'scUrl': 'banks-public-sector/unionbankindia/UBI01', 'columns': [{'name': 'change %', 'value': '-2.03'}, {'name': 'LTP', 'value': '185.20'}, {'name': 'Close Price value', 'value': '185.20'}, {'name': 'change absolute', 'value': '-3.83'}]}",OHLC_D_I_NR4BEARBO,NR 4 Breakdown,Four Bar Pattern,18,Range Breakout,NR4 is a 4-bar narrow range pattern. NR4 bearish breakout pattern scanner shows the list of stocks forming bearish breakout pattern after 4-bar consolidation.,,,False,1,N,,OHLC_D_I_NR4BEARBO
1776078917,"{'stkname': 'Bajaj Holdings', 'ltp': '', 'perChg': '', 'stkId': 'BA', 'displayLock': 'N', 'scanproflg': 1, 'scUrl': 'finance-investments/bajajholdingsinvestment/BHI', 'columns': [{'name': 'change %', 'value': '-1.54'}, {'name': 'LTP', 'value': '9,844.00'}, {'name': 'Close Price value', 'value': '9,844.00'}, {'name': 'change absolute', 'value': '-153.50'}]}",OHLC_D_I_NR4BEARBO,NR 4 Breakdown,Four Bar Pattern,18,Range Breakout,NR4 is a 4-bar narrow range pattern. NR4 bearish breakout pattern scanner shows the list of stocks forming bearish breakout pattern after 4-bar consolidation.,,,False,1,N,,OHLC_D_I_NR4BEARBO
1776078917,"{'stkname': 'Karur Vysya', 'ltp': '', 'perChg': '', 'stkId': 'KVB', 'displayLock': 'N', 'scanproflg': 1, 'scUrl': 'banks-private-sector/karurvysyabank/KVB', 'columns': [{'name': 'change %', 'value': '-0.28'}, {'name': 'LTP', 'value': '280.90'}, {'name': 'Close Price value', 'value': '280.90'}, {'name': 'change absolute', 'value': '-0.80'}]}",OHLC_D_I_NR4BEARBO,NR 4 Breakdown,Four Bar Pattern,18,Range Breakout,NR4 is a 4-bar narrow range pattern. NR4 bearish breakout pattern scanner shows the list of stocks forming bearish breakout pattern after 4-bar consolidation.,,,False,1,N,,OHLC_D_I_NR4BEARBO
1776078917,"{'stkname': 'Canara Bank', 'ltp': '', 'perChg': '', 'stkId': 'CB06', 'displayLock': 'N', 'scanproflg': 1, 'scUrl': 'banks-public-sector/canarabank/CB06', 'columns': [{'name': 'change %', 'value': '-0.82'}, {'name': 'LTP', 'value': '139.00'}, {'name': 'Close Price value', 'value': '139.00'}, {'name': 'change absolute', 'value': '-1.15'}]}",OHLC_D_I_NR4BEARBO,NR 4 Breakdown,Four Bar Pattern,18,Range Breakout,NR4 is a 4-bar narrow range pattern. NR4 bearish breakout pattern scanner shows the list of stocks forming bearish breakout pattern after 4-bar consolidation.,,,False,1,N,,OHLC_D_I_NR4BEARBO
1776078917,"{'stkname': 'Colgate', 'ltp': '', 'perChg': '', 'stkId': 'CPI', 'displayLock': 'N', 'scanproflg': 1, 'scUrl': 'personal-care/colgatepalmoliveindia/CPI', 'columns': [{'name': 'change %', 'value': '-1.24'}, {'name': 'LTP', 'value': '1,915.00'}, {'name': 'Close Price value', 'value': '1,915.00'}, {'name': 'change absolute', 'value': '-24.10'}]}",OHLC_D_I_NR4BEARBO,NR 4 Breakdown,Four Bar Pattern,18,Range Breakout,NR4 is a 4-bar narrow range pattern. NR4 bearish breakout pattern scanner shows the list of stocks forming bearish breakout pattern after 4-bar consolidation.,,,False,1,N,,OHLC_D_I_NR4BEARBO
1776078917,"{'stkname': 'Kotak Nifty 50', 'ltp': '', 'perChg': '', 'stkId': 'KMM01', 'displayLock': 'N', 'scanproflg': 1, 'scUrl': 'etf/kotaknifty50etf/KMM01', 'columns': [{'name': 'change %', 'value': '-1.00'}, {'name': 'LTP', 'value': '262.20'}, {'name': 'Close Price value', 'value': '262.20'}, {'name': 'change absolute', 'value': '-2.66'}]}",OHLC_D_I_NR4BEARBO,NR 4 Breakdown,Four Bar Pattern,18,Range Breakout,NR4 is a 4-bar narrow range pattern. NR4 bearish breakout pattern scanner shows the list of stocks forming bearish breakout pattern after 4-bar consolidation.,,,False,1,N,,OHLC_D_I_NR4BEARBO
1776078917,"{'stkname': 'Indian Bank', 'ltp': '', 'perChg': '', 'stkId': 'IB04', 'displayLock': 'N', 'scanproflg': 1, 'scUrl': 'banks-public-sector/indianbank/IB04', 'columns': [{'name': 'change %', 'value': '-0.08'}, {'name': 'LTP', 'value': '967.00'}, {'name': 'Close Price value', 'value': '967.00'}, {'name': 'change absolute', 'value': '-0.75'}]}",OHLC_D_I_NR4BEARBO,NR 4 Breakdown,Four Bar Pattern,18,Range Breakout,NR4 is a 4-bar narrow range pattern. NR4 bearish breakout pattern scanner shows the list of stocks forming bearish breakout pattern after 4-bar consolidation.,,,False,1,N,,OHLC_D_I_NR4BEARBO
1776078917,"{'stkname': 'SBI BankingETF', 'ltp': '', 'perChg': '', 'stkId': 'SBI25', 'displayLock': 'N', 'scanproflg': 1, 'scUrl': 'etf/sbietfbanking/SBI26', 'columns': [{'name': 'change %', 'value': '-0.50'}, {'name': 'LTP', 'value': '568.99'}, {'name': 'Close Price value', 'value': '568.99'}, {'name': 'change absolute', 'value': '-2.88'}]}",OHLC_D_I_NR4BEARBO,NR 4 Breakdown,Four Bar Pattern,18,Range Breakout,NR4 is a 4-bar narrow range pattern. NR4 bearish breakout pattern scanner shows the list of stocks forming bearish breakout pattern after 4-bar consolidation.,,,False,1,N,,OHLC_D_I_NR4BEARBO
1776078917,"{'stkname': 'Bandhan Silver', 'ltp': '', 'perChg': '', 'stkId': 'BSE02', 'displayLock': 'N', 'scanproflg': 1, 'scUrl': 'etf/bandhansilveretf/BSE', 'columns': [{'name': 'change %', 'value': '-1.13'}, {'name': 'LTP', 'value': '235.00'}, {'name': 'Close Price value', 'value': '235.00'}, {'name': 'change absolute', 'value': '-2.68'}]}",OHLC_D_I_NR4BEARBO,NR 4 Breakdown,Four Bar Pattern,18,Range Breakout,NR4 is a 4-bar narrow range pattern. NR4 bearish breakout pattern scanner shows the list of stocks forming bearish breakout pattern after 4-bar consolidation.,,,False,1,N,,OHLC_D_I_NR4BEARBO
1776078917,"{'stkname': 'Bharti Airtel', 'ltp': '', 'perChg': '', 'stkId': 'BTV', 'displayLock': 'N', 'scanproflg': 1, 'scUrl': 'telecommunications-service/bhartiairtel/BA08', 'columns': [{'name': 'change %', 'value': '-0.19'}, {'name': 'LTP', 'value': '1,866.40'}, {'name': 'Close Price value', 'value': '1,866.40'}, {'name': 'change absolute', 'value': '-3.60'}]}",OHLC_D_I_NR4BEARBO,NR 4 Breakdown,Four Bar Pattern,18,Range Breakout,NR4 is a 4-bar narrow range pattern. NR4 bearish breakout pattern scanner shows the list of stocks forming bearish breakout pattern after 4-bar consolidation.,,,False,1,N,,OHLC_D_I_NR4BEARBO
1776078917,"{'stkname': 'SBI ETF', 'ltp': '', 'perChg': '', 'stkId': 'SBI28', 'displayLock': 'N', 'scanproflg': 1, 'scUrl': 'etf/sbimutualfund-sbi-etf10yeargilt/SBI29', 'columns': [{'name': 'change %', 'value': '-0.08'}, {'name': 'LTP', 'value': '257.90'}, {'name': 'Close Price value', 'value': '257.90'}, {'name': 'change absolute', 'value': '-0.20'}]}",OHLC_D_I_NR4BEARBO,NR 4 Breakdown,Four Bar Pattern,18,Range Breakout,NR4 is a 4-bar narrow range pattern. NR4 bearish breakout pattern scanner shows the list of stocks forming bearish breakout pattern after 4-bar consolidation.,,,False,1,N,,OHLC_D_I_NR4BEARBO
1776078917,"{'stkname': 'Shriram Finance', 'ltp': '', 'perChg': '', 'stkId': 'STF', 'displayLock': 'N', 'scanproflg': 1, 'scUrl': 'finance-leasinghire-purchase/shriramfinance/STF', 'columns': [{'name': 'change %', 'value': '-2.00'}, {'name': 'LTP', 'value': '1,007.00'}, {'name': 'Close Price value', 'value': '1,007.00'}, {'name': 'change absolute', 'value': '-20.55'}]}",OHLC_D_I_NR4BEARBO,NR 4 Breakdown,Four Bar Pattern,18,Range Breakout,NR4 is a 4-bar narrow range pattern. NR4 bearish breakout pattern scanner shows the list of stocks forming bearish breakout pattern after 4-bar consolidation.,,,False,1,N,,OHLC_D_I_NR4BEARBO
1776078917,"{'stkname': 'TATA Cons. Prod', 'ltp': '', 'perChg': '', 'stkId': 'TT', 'displayLock': 'N', 'scanproflg': 1, 'scUrl': 'plantations-teacoffee/tataconsumerproducts/TT', 'columns': [{'name': 'change %', 'value': '-0.34'}, {'name': 'LTP', 'value': '1,090.00'}, {'name': 'Close Price value', 'value': '1,090.00'}, {'name': 'change absolute', 'value': '-3.70'}]}",OHLC_D_I_NR4BEARBO,NR 4 Breakdown,Four Bar Pattern,18,Range Breakout,NR4 is a 4-bar narrow range pattern. NR4 bearish breakout pattern scanner shows the list of stocks forming bearish breakout pattern after 4-bar consolidation.,,,False,1,N,,OHLC_D_I_NR4BEARBO
1776078917,"{'stkname': 'Bharat Elec', 'ltp': '', 'perChg': '', 'stkId': 'BE03', 'displayLock': 'N', 'scanproflg': 1, 'scUrl': 'aerospacedefence/bharatelectronics/BE03', 'columns': [{'name': 'change %', 'value': '-0.09'}, {'name': 'LTP', 'value': '442.05'}, {'name': 'Close Price value', 'value': '442.05'}, {'name': 'change absolute', 'value': '-0.40'}]}",OHLC_D_I_NR4BEARBO,NR 4 Breakdown,Four Bar Pattern,18,Range Breakout,NR4 is a 4-bar narrow range pattern. NR4 bearish breakout pattern scanner shows the list of stocks forming bearish breakout pattern after 4-bar consolidation.,,,False,1,N,,OHLC_D_I_NR4BEARBO
1776078917,"{'stkname': 'Maruti Suzuki', 'ltp': '', 'perChg': '', 'stkId': 'MU01', 'displayLock': 'N', 'scanproflg': 1, 'scUrl': 'auto-carsjeeps/marutisuzukiindia/MS24', 'columns': [{'name': 'change %', 'value': '-4.62'}, {'name': 'LTP', 'value': '13,076.00'}, {'name': 'Close Price value', 'value': '13,076.00'}, {'name': 'change absolute', 'value': '-633.00'}]}",OHLC_D_I_NR4BEARBO,NR 4 Breakdown,Four Bar Pattern,18,Range Breakout,NR4 is a 4-bar narrow range pattern. NR4 bearish breakout pattern scanner shows the list of stocks forming bearish breakout pattern after 4-bar consolidation.,,,False,1,N,,OHLC_D_I_NR4BEARBO
1776078917,"{'stkname': 'SBIBPB', 'ltp': '', 'perChg': '', 'stkId': 'SBIBP30290', 'displayLock': 'N', 'scanproflg': 1, 'scUrl': 'etf/sbibsepsubanketf/SBIBP30290', 'columns': [{'name': 'change %', 'value': '-0.36'}, {'name': 'LTP', 'value': '50.44'}, {'name': 'Close Price value', 'value': '50.44'}, {'name': 'change absolute', 'value': '-0.18'}]}",OHLC_D_I_NR4BEARBO,NR 4 Breakdown,Four Bar Pattern,18,Range Breakout,NR4 is a 4-bar narrow range pattern. NR4 bearish breakout pattern scanner shows the list of stocks forming bearish breakout pattern after 4-bar consolidation.,,,False,1,N,,OHLC_D_I_NR4BEARBO
1776078917,"{'stkname': 'MA N500 502525', 'ltp': '', 'perChg': '', 'stkId': 'MULTI25080', 'displayLock': 'N', 'scanproflg': 1, 'scUrl': 'etf/miraeassetnifty500multicap502525etf/MULTI25080', 'columns': [{'name': 'change %', 'value': '-0.70'}, {'name': 'LTP', 'value': '15.52'}, {'name': 'Close Price value', 'value': '15.52'}, {'name': 'change absolute', 'value': '-0.11'}]}",OHLC_D_I_NR4BEARBO,NR 4 Breakdown,Four Bar Pattern,18,Range Breakout,NR4 is a 4-bar narrow range pattern. NR4 bearish breakout pattern scanner shows the list of stocks forming bearish breakout pattern after 4-bar consolidation.,,,False,1,N,,OHLC_D_I_NR4BEARBO
1776078917,"{'stkname': 'Mirae Nifty50', 'ltp': '', 'perChg': '', 'stkId': 'MAN506353', 'displayLock': 'N', 'scanproflg': 1, 'scUrl': 'etf/miraeassetnifty50etf/MAN506353', 'columns': [{'name': 'change %', 'value': '-1.02'}, {'name': 'LTP', 'value': '256.91'}, {'name': 'Close Price value', 'value': '256.91'}, {'name': 'change absolute', 'value': '-2.65'}]}",OHLC_D_I_NR4BEARBO,NR 4 Breakdown,Four Bar Pattern,18,Range Breakout,NR4 is a 4-bar narrow range pattern. NR4 bearish breakout pattern scanner shows the list of stocks forming bearish breakout pattern after 4-bar consolidation.,,,False,1,N,,OHLC_D_I_NR4BEARBO
1776078917,"{'stkname': 'SBI ETF PVT BAN', 'ltp': '', 'perChg': '', 'stkId': 'SEP03', 'displayLock': 'N', 'scanproflg': 1, 'scUrl': 'finance-nbfc/sbietfprivatebank/SEP', 'columns': [{'name': 'change %', 'value': '-0.78'}, {'name': 'LTP', 'value': '271.00'}, {'name': 'Close Price value', 'value': '271.00'}, {'name': 'change absolute', 'value': '-2.12'}]}",OHLC_D_I_NR4BEARBO,NR 4 Breakdown,Four Bar Pattern,18,Range Breakout,NR4 is a 4-bar narrow range pattern. NR4 bearish breakout pattern scanner shows the list of stocks forming bearish breakout pattern after 4-bar consolidation.,,,False,1,N,,OHLC_D_I_NR4BEARBO
1776078917,"{'stkname': 'Delhivery', 'ltp': '', 'perChg': '', 'stkId': 'D05', 'displayLock': 'N', 'scanproflg': 1, 'scUrl': 'courier-services/delhivery/D06', 'columns': [{'name': 'change %', 'value': '-1.11'}, {'name': 'LTP', 'value': '464.95'}, {'name': 'Close Price value', 'value': '464.95'}, {'name': 'change absolute', 'value': '-5.20'}]}",OHLC_D_I_NR4BEARBO,NR 4 Breakdown,Four Bar Pattern,18,Range Breakout,NR4 is a 4-bar narrow range pattern. NR4 bearish breakout pattern scanner shows the list of stocks forming bearish breakout pattern after 4-bar consolidation.,,,False,1,N,,OHLC_D_I_NR4BEARBO
1776078917,"{'stkname': 'Mirae BSE Sens', 'ltp': '', 'perChg': '', 'stkId': 'SENSE19224', 'displayLock': 'N', 'scanproflg': 1, 'scUrl': 'etf/miraeassetspbsesensexetf/SENSE19224', 'columns': [{'name': 'change %', 'value': '-0.73'}, {'name': 'LTP', 'value': '78.81'}, {'name': 'Close Price value', 'value': '78.81'}, {'name': 'change absolute', 'value': '-0.58'}]}",OHLC_D_I_NR4BEARBO,NR 4 Breakdown,Four Bar Pattern,18,Range Breakout,NR4 is a 4-bar narrow range pattern. NR4 bearish breakout pattern scanner shows the list of stocks forming bearish breakout pattern after 4-bar consolidation.,,,False,1,N,,OHLC_D_I_NR4BEARBO
1776078917,"{'stkname': 'DSP Silver ETF', 'ltp': '', 'perChg': '', 'stkId': 'DSE', 'displayLock': 'N', 'scanproflg': 1, 'scUrl': 'etf/dspsilveretf/DSE', 'columns': [{'name': 'change %', 'value': '-1.00'}, {'name': 'LTP', 'value': '226.20'}, {'name': 'Close Price value', 'value': '226.20'}, {'name': 'change absolute', 'value': '-2.29'}]}",OHLC_D_I_NR4BEARBO,NR 4 Breakdown,Four Bar Pattern,18,Range Breakout,NR4 is a 4-bar narrow range pattern. NR4 bearish breakout pattern scanner shows the list of stocks forming bearish breakout pattern after 4-bar consolidation.,,,False,1,N,,OHLC_D_I_NR4BEARBO
1776078917,"{'stkname': 'Bharat Forge', 'ltp': '', 'perChg': '', 'stkId': 'BFC', 'displayLock': 'N', 'scanproflg': 1, 'scUrl': 'castingsforgings/bharatforge/BF03', 'columns': [{'name': 'change %', 'value': '-0.03'}, {'name': 'LTP', 'value': '1,798.30'}, {'name': 'Close Price value', 'value': '1,798.30'}, {'name': 'change absolute', 'value': '-0.50'}]}",OHLC_D_I_NR4BEARBO,NR 4 Breakdown,Four Bar Pattern,18,Range Breakout,NR4 is a 4-bar narrow range pattern. NR4 bearish breakout pattern scanner shows the list of stocks forming bearish breakout pattern after 4-bar consolidation.,,,False,1,N,,OHLC_D_I_NR4BEARBO
1776078917,"{'stkname': 'Hind Copper', 'ltp': '', 'perChg': '', 'stkId': 'HC07', 'displayLock': 'N', 'scanproflg': 1, 'scUrl': 'metals-non-ferrous/hindustancopper/HC07', 'columns': [{'name': 'change %', 'value': '-0.39'}, {'name': 'LTP', 'value': '528.00'}, {'name': 'Close Price value', 'value': '528.00'}, {'name': 'change absolute', 'value': '-2.05'}]}",OHLC_D_I_NR4BEARBO,NR 4 Breakdown,Four Bar Pattern,18,Range Breakout,NR4 is a 4-bar narrow range pattern. NR4 bearish breakout pattern scanner shows the list of stocks forming bearish breakout pattern after 4-bar consolidation.,,,False,1,N,,OHLC_D_I_NR4BEARBO
1776078917,"{'stkname': 'Nipp Nifty 100', 'ltp': '', 'perChg': '', 'stkId': 'RSC02', 'displayLock': 'N', 'scanproflg': 1, 'scUrl': 'etf/nipponindiaetfnifty100/RSC03', 'columns': [{'name': 'change %', 'value': '-1.13'}, {'name': 'LTP', 'value': '258.99'}, {'name': 'Close Price value', 'value': '258.99'}, {'name': 'change absolute', 'value': '-2.97'}]}",OHLC_D_I_NR4BEARBO,NR 4 Breakdown,Four Bar Pattern,18,Range Breakout,NR4 is a 4-bar narrow range pattern. NR4 bearish breakout pattern scanner shows the list of stocks forming bearish breakout pattern after 4-bar consolidation.,,,False,1,N,,OHLC_D_I_NR4BEARBO
1776078917,"{'stkname': 'Ipru Nifty Pri', 'ltp': '', 'perChg': '', 'stkId': 'PVTBA11386', 'displayLock': 'N', 'scanproflg': 1, 'scUrl': 'etf/iciciprudentialniftyprivatebanketf/PVTBA11386', 'columns': [{'name': 'change %', 'value': '-0.07'}, {'name': 'LTP', 'value': '26.92'}, {'name': 'Close Price value', 'value': '26.92'}, {'name': 'change absolute', 'value': '-0.02'}]}",OHLC_D_I_NR4BEARBO,NR 4 Breakdown,Four Bar Pattern,18,Range Breakout,NR4 is a 4-bar narrow range pattern. NR4 bearish breakout pattern scanner shows the list of stocks forming bearish breakout pattern after 4-bar consolidation.,,,False,1,N,,OHLC_D_I_NR4BEARBO
1776078917,"{'stkname': 'IC QUAL30IETF', 'ltp': '', 'perChg': '', 'stkId': 'QUAL317808', 'displayLock': 'N', 'scanproflg': 1, 'scUrl': 'etf/iciciprudentialnifty200quality30etf/QUAL317808', 'columns': [{'name': 'change %', 'value': '-0.93'}, {'name': 'LTP', 'value': '20.14'}, {'name': 'Close Price value', 'value': '20.14'}, {'name': 'change absolute', 'value': '-0.19'}]}",OHLC_D_I_NR4BEARBO,NR 4 Breakdown,Four Bar Pattern,18,Range Breakout,NR4 is a 4-bar narrow range pattern. NR4 bearish breakout pattern scanner shows the list of stocks forming bearish breakout pattern after 4-bar consolidation.,,,False,1,N,,OHLC_D_I_NR4BEARBO
1776078917,"{'stkname': 'Ipru SilverETF', 'ltp': '', 'perChg': '', 'stkId': 'IPS01', 'displayLock': 'N', 'scanproflg': 1, 'scUrl': 'etf/iciciprudentialsilveretf/IPS02', 'columns': [{'name': 'change %', 'value': '-0.70'}, {'name': 'LTP', 'value': '234.62'}, {'name': 'Close Price value', 'value': '234.62'}, {'name': 'change absolute', 'value': '-1.65'}]}",OHLC_D_I_NR4BEARBO,NR 4 Breakdown,Four Bar Pattern,18,Range Breakout,NR4 is a 4-bar narrow range pattern. NR4 bearish breakout pattern scanner shows the list of stocks forming bearish breakout pattern after 4-bar consolidation.,,,False,1,N,,OHLC_D_I_NR4BEARBO
1776078917,"{'stkname': 'UTI BSE Sen Ne', 'ltp': '', 'perChg': '', 'stkId': 'UTISX9168', 'displayLock': 'N', 'scanproflg': 1, 'scUrl': 'etf/utibsesensexnext50etf/UTISX9168', 'columns': [{'name': 'change %', 'value': '-0.11'}, {'name': 'LTP', 'value': '87.93'}, {'name': 'Close Price value', 'value': '87.93'}, {'name': 'change absolute', 'value': '-0.10'}]}",OHLC_D_I_NR4BEARBO,NR 4 Breakdown,Four Bar Pattern,18,Range Breakout,NR4 is a 4-bar narrow range pattern. NR4 bearish breakout pattern scanner shows the list of stocks forming bearish breakout pattern after 4-bar consolidation.,,,False,1,N,,OHLC_D_I_NR4BEARBO
1776078917,"{'stkname': 'Zero Nifty 100', 'ltp': '', 'perChg': '', 'stkId': 'ZN1', 'displayLock': 'N', 'scanproflg': 1, 'scUrl': 'etf/zerodhanifty100etf/ZN1', 'columns': [{'name': 'change %', 'value': '-0.68'}, {'name': 'LTP', 'value': '10.29'}, {'name': 'Close Price value', 'value': '10.29'}, {'name': 'change absolute', 'value': '-0.07'}]}",OHLC_D_I_NR4BEARBO,NR 4 Breakdown,Four Bar Pattern,18,Range Breakout,NR4 is a 4-bar narrow range pattern. NR4 bearish breakout pattern scanner shows the list of stocks forming bearish breakout pattern after 4-bar consolidation.,,,False,1,N,,OHLC_D_I_NR4BEARBO
1776078917,"{'stkname': 'Bharat Dynamics', 'ltp': '', 'perChg': '', 'stkId': 'BDL01', 'displayLock': 'N', 'scanproflg': 1, 'scUrl': 'aerospacedefence/bharatdynamics/BDL01', 'columns': [{'name': 'change %', 'value': '-0.80'}, {'name': 'LTP', 'value': '1,335.20'}, {'name': 'Close Price value', 'value': '1,335.20'}, {'name': 'change absolute', 'value': '-10.70'}]}",OHLC_D_I_NR4BEARBO,NR 4 Breakdown,Four Bar Pattern,18,Range Breakout,NR4 is a 4-bar narrow range pattern. NR4 bearish breakout pattern scanner shows the list of stocks forming bearish breakout pattern after 4-bar consolidation.,,,False,1,N,,OHLC_D_I_NR4BEARBO
1776078917,"{'stkname': 'Mirae Value50', 'ltp': '', 'perChg': '', 'stkId': 'MAN14', 'displayLock': 'N', 'scanproflg': 1, 'scUrl': 'etf/miraeassetnifty500value50etf/MAN14', 'columns': [{'name': 'change %', 'value': '-0.43'}, {'name': 'LTP', 'value': '16.07'}, {'name': 'Close Price value', 'value': '16.07'}, {'name': 'change absolute', 'value': '-0.07'}]}",OHLC_D_I_NR4BEARBO,NR 4 Breakdown,Four Bar Pattern,18,Range Breakout,NR4 is a 4-bar narrow range pattern. NR4 bearish breakout pattern scanner shows the list of stocks forming bearish breakout pattern after 4-bar consolidation.,,,False,1,N,,OHLC_D_I_NR4BEARBO
1776078917,"{'stkname': 'QNIFTY', 'ltp': '', 'perChg': '', 'stkId': 'QIF', 'displayLock': 'N', 'scanproflg': 1, 'scUrl': 'etf/quantumnifty50etf/QIF', 'columns': [{'name': 'change %', 'value': '-0.90'}, {'name': 'LTP', 'value': '260.80'}, {'name': 'Close Price value', 'value': '260.80'}, {'name': 'change absolute', 'value': '-2.36'}]}",OHLC_D_I_NR4BEARBO,NR 4 Breakdown,Four Bar Pattern,18,Range Breakout,NR4 is a 4-bar narrow range pattern. NR4 bearish breakout pattern scanner shows the list of stocks forming bearish breakout pattern after 4-bar consolidation.,,,False,1,N,,OHLC_D_I_NR4BEARBO
1776078917,"{'stkname': 'Kotak NiftyPSU', 'ltp': '', 'perChg': '', 'stkId': 'KMM', 'displayLock': 'N', 'scanproflg': 1, 'scUrl': 'etf/kotakniftypsubanketf/KMM', 'columns': [{'name': 'change %', 'value': '-1.05'}, {'name': 'LTP', 'value': '865.12'}, {'name': 'Close Price value', 'value': '865.12'}, {'name': 'change absolute', 'value': '-9.21'}]}",OHLC_D_I_NR4BEARBO,NR 4 Breakdown,Four Bar Pattern,18,Range Breakout,NR4 is a 4-bar narrow range pattern. NR4 bearish breakout pattern scanner shows the list of stocks forming bearish breakout pattern after 4-bar consolidation.,,,False,1,N,,OHLC_D_I_NR4BEARBO
1776078917,"{'stkname': 'Kotak Silver ET', 'ltp': '', 'perChg': '', 'stkId': 'KOTAK13082', 'displayLock': 'N', 'scanproflg': 1, 'scUrl': 'etf/kotaksilveretf/KOTAK13082', 'columns': [{'name': 'change %', 'value': '-0.61'}, {'name': 'LTP', 'value': '22.83'}, {'name': 'Close Price value', 'value': '22.83'}, {'name': 'change absolute', 'value': '-0.14'}]}",OHLC_D_I_NR4BEARBO,NR 4 Breakdown,Four Bar Pattern,18,Range Breakout,NR4 is a 4-bar narrow range pattern. NR4 bearish breakout pattern scanner shows the list of stocks forming bearish breakout pattern after 4-bar consolidation.,,,False,1,N,,OHLC_D_I_NR4BEARBO
1776078917,"{'stkname': 'MSCIINDIA', 'ltp': '', 'perChg': '', 'stkId': 'MSCII29758', 'displayLock': 'N', 'scanproflg': 1, 'scUrl': 'etf/kotakmsciindiaetf/MSCII29758', 'columns': [{'name': 'change %', 'value': '-2.78'}, {'name': 'LTP', 'value': '28.33'}, {'name': 'Close Price value', 'value': '28.33'}, {'name': 'change absolute', 'value': '-0.81'}]}",OHLC_D_I_NR4BEARBO,NR 4 Breakdown,Four Bar Pattern,18,Range Breakout,NR4 is a 4-bar narrow range pattern. NR4 bearish breakout pattern scanner shows the list of stocks forming bearish breakout pattern after 4-bar consolidation.,,,False,1,N,,OHLC_D_I_NR4BEARBO
1776078917,"{'stkname': 'SELECTIPO', 'ltp': '', 'perChg': '', 'stkId': 'SELEC30109', 'displayLock': 'N', 'scanproflg': 1, 'scUrl': 'etf/miraeassetbseselectipoetf/SELEC30109', 'columns': [{'name': 'change %', 'value': '-0.72'}, {'name': 'LTP', 'value': '41.45'}, {'name': 'Close Price value', 'value': '41.45'}, {'name': 'change absolute', 'value': '-0.30'}]}",OHLC_D_I_NR4BEARBO,NR 4 Breakdown,Four Bar Pattern,18,Range Breakout,NR4 is a 4-bar narrow range pattern. NR4 bearish breakout pattern scanner shows the list of stocks forming bearish breakout pattern after 4-bar consolidation.,,,False,1,N,,OHLC_D_I_NR4BEARBO
1776078917,"{'stkname': 'SBI Nifty50 ET', 'ltp': '', 'perChg': '', 'stkId': 'SBI26', 'displayLock': 'N', 'scanproflg': 1, 'scUrl': 'etf/sbi-etfnifty50/SBI27', 'columns': [{'name': 'change %', 'value': '-0.71'}, {'name': 'LTP', 'value': '255.18'}, {'name': 'Close Price value', 'value': '255.18'}, {'name': 'change absolute', 'value': '-1.82'}]}",OHLC_D_I_NR4BEARBO,NR 4 Breakdown,Four Bar Pattern,18,Range Breakout,NR4 is a 4-bar narrow range pattern. NR4 bearish breakout pattern scanner shows the list of stocks forming bearish breakout pattern after 4-bar consolidation.,,,False,1,N,,OHLC_D_I_NR4BEARBO
1776078917,"{'stkname': 'Nipp NiftyPhar', 'ltp': '', 'perChg': '', 'stkId': 'NIN', 'displayLock': 'N', 'scanproflg': 1, 'scUrl': 'etf/nipponindianiftypharmaetf/NIN', 'columns': [{'name': 'change %', 'value': '-0.35'}, {'name': 'LTP', 'value': '22.65'}, {'name': 'Close Price value', 'value': '22.65'}, {'name': 'change absolute', 'value': '-0.08'}]}",OHLC_D_I_NR4BEARBO,NR 4 Breakdown,Four Bar Pattern,18,Range Breakout,NR4 is a 4-bar narrow range pattern. NR4 bearish breakout pattern scanner shows the list of stocks forming bearish breakout pattern after 4-bar consolidation.,,,False,1,N,,OHLC_D_I_NR4BEARBO
1776078917,"{'stkname': 'Nipp Nifty PSU', 'ltp': '', 'perChg': '', 'stkId': 'BMF', 'displayLock': 'N', 'scanproflg': 1, 'scUrl': 'etf/nipponindiaetfniftypsubankbees/BMF', 'columns': [{'name': 'change %', 'value': '-0.71'}, {'name': 'LTP', 'value': '96.79'}, {'name': 'Close Price value', 'value': '96.79'}, {'name': 'change absolute', 'value': '-0.69'}]}",OHLC_D_I_NR4BEARBO,NR 4 Breakdown,Four Bar Pattern,18,Range Breakout,NR4 is a 4-bar narrow range pattern. NR4 bearish breakout pattern scanner shows the list of stocks forming bearish breakout pattern after 4-bar consolidation.,,,False,1,N,,OHLC_D_I_NR4BEARBO
1776078917,"{'stkname': 'UTI BSE Sensex', 'ltp': '', 'perChg': '', 'stkId': 'UTI20', 'displayLock': 'N', 'scanproflg': 1, 'scUrl': 'etf/utibsesensexetf/UTI20', 'columns': [{'name': 'change %', 'value': '-0.34'}, {'name': 'LTP', 'value': '849.00'}, {'name': 'Close Price value', 'value': '849.00'}, {'name': 'change absolute', 'value': '-2.90'}]}",OHLC_D_I_NR4BEARBO,NR 4 Breakdown,Four Bar Pattern,18,Range Breakout,NR4 is a 4-bar narrow range pattern. NR4 bearish breakout pattern scanner shows the list of stocks forming bearish breakout pattern after 4-bar consolidation.,,,False,1,N,,OHLC_D_I_NR4BEARBO
1776078917,"{'stkname': 'MO M50 ETF', 'ltp': '', 'perChg': '', 'stkId': 'MOM', 'displayLock': 'N', 'scanproflg': 1, 'scUrl': 'etf/motilaloswalm50etf/MOM', 'columns': [{'name': 'change %', 'value': '-0.32'}, {'name': 'LTP', 'value': '249.20'}, {'name': 'Close Price value', 'value': '249.20'}, {'name': 'change absolute', 'value': '-0.79'}]}",OHLC_D_I_NR4BEARBO,NR 4 Breakdown,Four Bar Pattern,18,Range Breakout,NR4 is a 4-bar narrow range pattern. NR4 bearish breakout pattern scanner shows the list of stocks forming bearish breakout pattern after 4-bar consolidation.,,,False,1,N,,OHLC_D_I_NR4BEARBO
1776078917,"{'stkname': 'Mirae SilverET', 'ltp': '', 'perChg': '', 'stkId': 'MASIL16777', 'displayLock': 'N', 'scanproflg': 1, 'scUrl': 'etf/miraeassetsilveretf/MASIL16777', 'columns': [{'name': 'change %', 'value': '-0.54'}, {'name': 'LTP', 'value': '229.51'}, {'name': 'Close Price value', 'value': '229.51'}, {'name': 'change absolute', 'value': '-1.25'}]}",OHLC_D_I_NR4BEARBO,NR 4 Breakdown,Four Bar Pattern,18,Range Breakout,NR4 is a 4-bar narrow range pattern. NR4 bearish breakout pattern scanner shows the list of stocks forming bearish breakout pattern after 4-bar consolidation.,,,False,1,N,,OHLC_D_I_NR4BEARBO
1776078917,"{'stkname': 'Bank of India', 'ltp': '', 'perChg': '', 'stkId': 'BOI', 'displayLock': 'N', 'scanproflg': 1, 'scUrl': 'banks-public-sector/bankindia/BOI', 'columns': [{'name': 'change %', 'value': '-1.74'}, {'name': 'LTP', 'value': '145.35'}, {'name': 'Close Price value', 'value': '145.35'}, {'name': 'change absolute', 'value': '-2.58'}]}",OHLC_D_I_NR4BEARBO,NR 4 Breakdown,Four Bar Pattern,18,Range Breakout,NR4 is a 4-bar narrow range pattern. NR4 bearish breakout pattern scanner shows the list of stocks forming bearish breakout pattern after 4-bar consolidation.,,,False,1,N,,OHLC_D_I_NR4BEARBO
1776078917,"{'stkname': 'Mirae INDIAETF', 'ltp': '', 'perChg': '', 'stkId': 'MAN02', 'displayLock': 'N', 'scanproflg': 1, 'scUrl': 'etf/miraeassetniftyindiamanufacturingetf/MAN02', 'columns': [{'name': 'change %', 'value': '-1.08'}, {'name': 'LTP', 'value': '152.72'}, {'name': 'Close Price value', 'value': '152.72'}, {'name': 'change absolute', 'value': '-1.67'}]}",OHLC_D_I_NR4BEARBO,NR 4 Breakdown,Four Bar Pattern,18,Range Breakout,NR4 is a 4-bar narrow range pattern. NR4 bearish breakout pattern scanner shows the list of stocks forming bearish breakout pattern after 4-bar consolidation.,,,False,1,N,,OHLC_D_I_NR4BEARBO
1776078917,"{'stkname': 'Ipru Nifty Meta', 'ltp': '', 'perChg': '', 'stkId': 'METAL24861', 'displayLock': 'N', 'scanproflg': 1, 'scUrl': 'etf/iciciprudentialniftymetaletf/METAL24861', 'columns': [{'name': 'change %', 'value': '-0.16'}, {'name': 'LTP', 'value': '12.38'}, {'name': 'Close Price value', 'value': '12.38'}, {'name': 'change absolute', 'value': '-0.02'}]}",OHLC_D_I_NR4BEARBO,NR 4 Breakdown,Four Bar Pattern,18,Range Breakout,NR4 is a 4-bar narrow range pattern. NR4 bearish breakout pattern scanner shows the list of stocks forming bearish breakout pattern after 4-bar consolidation.,,,False,1,N,,OHLC_D_I_NR4BEARBO
1776078917,"{'stkname': 'Nipp Nifty 50', 'ltp': '', 'perChg': '', 'stkId': 'NBE01', 'displayLock': 'N', 'scanproflg': 1, 'scUrl': 'etf/nipponindiaetfnifty50bees/NBE01', 'columns': [{'name': 'change %', 'value': '-0.96'}, {'name': 'LTP', 'value': '269.34'}, {'name': 'Close Price value', 'value': '269.34'}, {'name': 'change absolute', 'value': '-2.61'}]}",OHLC_D_I_NR4BEARBO,NR 4 Breakdown,Four Bar Pattern,18,Range Breakout,NR4 is a 4-bar narrow range pattern. NR4 bearish breakout pattern scanner shows the list of stocks forming bearish breakout pattern after 4-bar consolidation.,,,False,1,N,,OHLC_D_I_NR4BEARBO
1776078917,"{'stkname': 'UTI Nifty50ETF', 'ltp': '', 'perChg': '', 'stkId': 'UTI21', 'displayLock': 'N', 'scanproflg': 1, 'scUrl': 'etf/utinifty50etf/UTI21', 'columns': [{'name': 'change %', 'value': '-0.67'}, {'name': 'LTP', 'value': '262.86'}, {'name': 'Close Price value', 'value': '262.86'}, {'name': 'change absolute', 'value': '-1.77'}]}",OHLC_D_I_NR4BEARBO,NR 4 Breakdown,Four Bar Pattern,18,Range Breakout,NR4 is a 4-bar narrow range pattern. NR4 bearish breakout pattern scanner shows the list of stocks forming bearish breakout pattern after 4-bar consolidation.,,,False,1,N,,OHLC_D_I_NR4BEARBO
1776078917,"{'stkname': 'BAJAJ NIFTYBETF', 'ltp': '', 'perChg': '', 'stkId': 'NIFTY21959', 'displayLock': 'N', 'scanproflg': 1, 'scUrl': 'etf/bajajfinservnifty50etf/NIFTY21959', 'columns': [{'name': 'change %', 'value': '-0.55'}, {'name': 'LTP', 'value': '243.99'}, {'name': 'Close Price value', 'value': '243.99'}, {'name': 'change absolute', 'value': '-1.35'}]}",OHLC_D_I_NR4BEARBO,NR 4 Breakdown,Four Bar Pattern,18,Range Breakout,NR4 is a 4-bar narrow range pattern. NR4 bearish breakout pattern scanner shows the list of stocks forming bearish breakout pattern after 4-bar consolidation.,,,False,1,N,,OHLC_D_I_NR4BEARBO
1776078917,"{'stkname': 'KM QUALITY30', 'ltp': '', 'perChg': '', 'stkId': 'KNQ', 'displayLock': 'N', 'scanproflg': 1, 'scUrl': 'etf/kotaknifty200quality30etf/KNQ', 'columns': [{'name': 'change %', 'value': '-1.20'}, {'name': 'LTP', 'value': '19.68'}, {'name': 'Close Price value', 'value': '19.68'}, {'name': 'change absolute', 'value': '-0.24'}]}",OHLC_D_I_NR4BEARBO,NR 4 Breakdown,Four Bar Pattern,18,Range Breakout,NR4 is a 4-bar narrow range pattern. NR4 bearish breakout pattern scanner shows the list of stocks forming bearish breakout pattern after 4-bar consolidation.,,,False,1,N,,OHLC_D_I_NR4BEARBO
1776078917,"{'stkname': 'SBIETFCON', 'ltp': '', 'perChg': '', 'stkId': 'SBIET5168', 'displayLock': 'N', 'scanproflg': 1, 'scUrl': 'etf/sbietfconsumption/SBIET5168', 'columns': [{'name': 'change %', 'value': '-1.52'}, {'name': 'LTP', 'value': '113.65'}, {'name': 'Close Price value', 'value': '113.65'}, {'name': 'change absolute', 'value': '-1.75'}]}",OHLC_D_I_NR4BEARBO,NR 4 Breakdown,Four Bar Pattern,18,Range Breakout,NR4 is a 4-bar narrow range pattern. NR4 bearish breakout pattern scanner shows the list of stocks forming bearish breakout pattern after 4-bar consolidation.,,,False,1,N,,OHLC_D_I_NR4BEARBO
1776078917,"{'stkname': 'HDFC BSE Sensex', 'ltp': '', 'perChg': '', 'stkId': 'HDF05', 'displayLock': 'N', 'scanproflg': 1, 'scUrl': 'etf/hdfcbsesensexetf/HDF05', 'columns': [{'name': 'change %', 'value': '-0.93'}, {'name': 'LTP', 'value': '86.50'}, {'name': 'Close Price value', 'value': '86.50'}, {'name': 'change absolute', 'value': '-0.81'}]}",OHLC_D_I_NR4BEARBO,NR 4 Breakdown,Four Bar Pattern,18,Range Breakout,NR4 is a 4-bar narrow range pattern. NR4 bearish breakout pattern scanner shows the list of stocks forming bearish breakout pattern after 4-bar consolidation.,,,False,1,N,,OHLC_D_I_NR4BEARBO
1776078917,"{'stkname': 'Inve Nifty ETF', 'ltp': '', 'perChg': '', 'stkId': 'IIN', 'displayLock': 'N', 'scanproflg': 1, 'scUrl': 'etf/invescoindianiftyexchangetradedfund/IIN', 'columns': [{'name': 'change %', 'value': '-0.18'}, {'name': 'LTP', 'value': '2,725.66'}, {'name': 'Close Price value', 'value': '2,725.66'}, {'name': 'change absolute', 'value': '-5.02'}]}",OHLC_D_I_NR4BEARBO,NR 4 Breakdown,Four Bar Pattern,18,Range Breakout,NR4 is a 4-bar narrow range pattern. NR4 bearish breakout pattern scanner shows the list of stocks forming bearish breakout pattern after 4-bar consolidation.,,,False,1,N,,OHLC_D_I_NR4BEARBO
1776078917,"{'stkname': 'MANUFGBEES', 'ltp': '', 'perChg': '', 'stkId': 'NIN02', 'displayLock': 'N', 'scanproflg': 1, 'scUrl': 'etf/nipponindianiftyindiamanufacturingetf/NIN02', 'columns': [{'name': 'change %', 'value': '-1.03'}, {'name': 'LTP', 'value': '150.51'}, {'name': 'Close Price value', 'value': '150.51'}, {'name': 'change absolute', 'value': '-1.57'}]}",OHLC_D_I_NR4BEARBO,NR 4 Breakdown,Four Bar Pattern,18,Range Breakout,NR4 is a 4-bar narrow range pattern. NR4 bearish breakout pattern scanner shows the list of stocks forming bearish breakout pattern after 4-bar consolidation.,,,False,1,N,,OHLC_D_I_NR4BEARBO
1776078917,"{'stkname': 'MIDS ELIET ETF', 'ltp': '', 'perChg': '', 'stkId': 'ICI14', 'displayLock': 'N', 'scanproflg': 1, 'scUrl': 'etf/iciciprudentialbsemidcapselectetf/ICI14', 'columns': [{'name': 'change %', 'value': '-0.29'}, {'name': 'LTP', 'value': '17.22'}, {'name': 'Close Price value', 'value': '17.22'}, {'name': 'change absolute', 'value': '-0.05'}]}",OHLC_D_I_NR4BEARBO,NR 4 Breakdown,Four Bar Pattern,18,Range Breakout,NR4 is a 4-bar narrow range pattern. NR4 bearish breakout pattern scanner shows the list of stocks forming bearish breakout pattern after 4-bar consolidation.,,,False,1,N,,OHLC_D_I_NR4BEARBO
1776078917,"{'stkname': 'ICICI N100 ETF', 'ltp': '', 'perChg': '', 'stkId': 'ICI12', 'displayLock': 'N', 'scanproflg': 1, 'scUrl': 'etf/iciciprudentialnifty100etf/ICI12', 'columns': [{'name': 'change %', 'value': '-1.31'}, {'name': 'LTP', 'value': '27.20'}, {'name': 'Close Price value', 'value': '27.20'}, {'name': 'change absolute', 'value': '-0.36'}]}",OHLC_D_I_NR4BEARBO,NR 4 Breakdown,Four Bar Pattern,18,Range Breakout,NR4 is a 4-bar narrow range pattern. NR4 bearish breakout pattern scanner shows the list of stocks forming bearish breakout pattern after 4-bar consolidation.,,,False,1,N,,OHLC_D_I_NR4BEARBO
1776078917,"{'stkname': 'Ipru Nifty PSU', 'ltp': '', 'perChg': '', 'stkId': 'PSUBA14584', 'displayLock': 'N', 'scanproflg': 1, 'scUrl': 'etf/iciciprudentialniftypsubanketf/PSUBA14584', 'columns': [{'name': 'change %', 'value': '-0.77'}, {'name': 'LTP', 'value': '88.10'}, {'name': 'Close Price value', 'value': '88.10'}, {'name': 'change absolute', 'value': '-0.68'}]}",OHLC_D_I_NR4BEARBO,NR 4 Breakdown,Four Bar Pattern,18,Range Breakout,NR4 is a 4-bar narrow range pattern. NR4 bearish breakout pattern scanner shows the list of stocks forming bearish breakout pattern after 4-bar consolidation.,,,False,1,N,,OHLC_D_I_NR4BEARBO
1776078917,"{'stkname': 'SNXT30BEES', 'ltp': '', 'perChg': '', 'stkId': 'SNXT375745', 'displayLock': 'N', 'scanproflg': 1, 'scUrl': 'etf/nipponindiabsesensexnext30etf/SNXT375745', 'columns': [{'name': 'change %', 'value': '-0.30'}, {'name': 'LTP', 'value': '40.15'}, {'name': 'Close Price value', 'value': '40.15'}, {'name': 'change absolute', 'value': '-0.12'}]}",OHLC_D_I_NR4BEARBO,NR 4 Breakdown,Four Bar Pattern,18,Range Breakout,NR4 is a 4-bar narrow range pattern. NR4 bearish breakout pattern scanner shows the list of stocks forming bearish breakout pattern after 4-bar consolidation.,,,False,1,N,,OHLC_D_I_NR4BEARBO
1776078917,"{'stkname': 'MID150', 'ltp': '', 'perChg': '', 'stkId': 'MID1530469', 'displayLock': 'N', 'scanproflg': 1, 'scUrl': 'etf/kotakniftymidcap150etf/MID1530469', 'columns': [{'name': 'change %', 'value': '-1.76'}, {'name': 'LTP', 'value': '21.20'}, {'name': 'Close Price value', 'value': '21.20'}, {'name': 'change absolute', 'value': '-0.38'}]}",OHLC_D_I_NR4BEARBO,NR 4 Breakdown,Four Bar Pattern,18,Range Breakout,NR4 is a 4-bar narrow range pattern. NR4 bearish breakout pattern scanner shows the list of stocks forming bearish breakout pattern after 4-bar consolidation.,,,False,1,N,,OHLC_D_I_NR4BEARBO
1776078917,"{'stkname': 'MOTOUR', 'ltp': '', 'perChg': '', 'stkId': 'MOTOU75744', 'displayLock': 'N', 'scanproflg': 1, 'scUrl': 'etf/motilaloswalniftyindiatourismetf/MOTOU75744', 'columns': [{'name': 'change %', 'value': '-0.70'}, {'name': 'LTP', 'value': '72.00'}, {'name': 'Close Price value', 'value': '72.00'}, {'name': 'change absolute', 'value': '-0.51'}]}",OHLC_D_I_NR4BEARBO,NR 4 Breakdown,Four Bar Pattern,18,Range Breakout,NR4 is a 4-bar narrow range pattern. NR4 bearish breakout pattern scanner shows the list of stocks forming bearish breakout pattern after 4-bar consolidation.,,,False,1,N,,OHLC_D_I_NR4BEARBO
1776078917,"{'stkname': 'MO SP BSE Enh', 'ltp': '', 'perChg': '', 'stkId': 'MOS', 'displayLock': 'N', 'scanproflg': 1, 'scUrl': 'etf/motilaloswalspbseenhancedvalueetf/MOS', 'columns': [{'name': 'change %', 'value': '-0.77'}, {'name': 'LTP', 'value': '114.27'}, {'name': 'Close Price value', 'value': '114.27'}, {'name': 'change absolute', 'value': '-0.89'}]}",OHLC_D_I_NR4BEARBO,NR 4 Breakdown,Four Bar Pattern,18,Range Breakout,NR4 is a 4-bar narrow range pattern. NR4 bearish breakout pattern scanner shows the list of stocks forming bearish breakout pattern after 4-bar consolidation.,,,False,1,N,,OHLC_D_I_NR4BEARBO
1776078917,"{'stkname': 'MA Nifty Intern', 'ltp': '', 'perChg': '', 'stkId': 'MAN07', 'displayLock': 'N', 'scanproflg': 1, 'scUrl': 'etf/miraeassetniftyindiainternetetf/MAN07', 'columns': [{'name': 'change %', 'value': '-1.52'}, {'name': 'LTP', 'value': '11.63'}, {'name': 'Close Price value', 'value': '11.63'}, {'name': 'change absolute', 'value': '-0.18'}]}",OHLC_D_I_NR4BEARBO,NR 4 Breakdown,Four Bar Pattern,18,Range Breakout,NR4 is a 4-bar narrow range pattern. NR4 bearish breakout pattern scanner shows the list of stocks forming bearish breakout pattern after 4-bar consolidation.,,,False,1,N,,OHLC_D_I_NR4BEARBO
1776078917,"{'stkname': 'MO Nifty Realt', 'ltp': '', 'perChg': '', 'stkId': 'MON02', 'displayLock': 'N', 'scanproflg': 1, 'scUrl': 'etf/motilaloswalniftyrealtyetf/MON02', 'columns': [{'name': 'change %', 'value': '-0.28'}, {'name': 'LTP', 'value': '75.74'}, {'name': 'Close Price value', 'value': '75.74'}, {'name': 'change absolute', 'value': '-0.21'}]}",OHLC_D_I_NR4BEARBO,NR 4 Breakdown,Four Bar Pattern,18,Range Breakout,NR4 is a 4-bar narrow range pattern. NR4 bearish breakout pattern scanner shows the list of stocks forming bearish breakout pattern after 4-bar consolidation.,,,False,1,N,,OHLC_D_I_NR4BEARBO
1776078917,"{'stkname': 'GROWWSLVR', 'ltp': '', 'perChg': '', 'stkId': 'GROWW75682', 'displayLock': 'N', 'scanproflg': 1, 'scUrl': 'etf/growwsilveretf/GROWW75682', 'columns': [{'name': 'change %', 'value': '-0.34'}, {'name': 'LTP', 'value': '23.11'}, {'name': 'Close Price value', 'value': '23.11'}, {'name': 'change absolute', 'value': '-0.08'}]}",OHLC_D_I_NR4BEARBO,NR 4 Breakdown,Four Bar Pattern,18,Range Breakout,NR4 is a 4-bar narrow range pattern. NR4 bearish breakout pattern scanner shows the list of stocks forming bearish breakout pattern after 4-bar consolidation.,,,False,1,N,,OHLC_D_I_NR4BEARBO
1776078917,"{'stkname': 'HDFC Nifty IT', 'ltp': '', 'perChg': '', 'stkId': 'HNI', 'displayLock': 'N', 'scanproflg': 1, 'scUrl': 'etf/hdfcniftyitetf/HNI', 'columns': [{'name': 'change %', 'value': '-0.12'}, {'name': 'LTP', 'value': '32.90'}, {'name': 'Close Price value', 'value': '32.90'}, {'name': 'change absolute', 'value': '-0.04'}]}",OHLC_D_I_NR4BEARBO,NR 4 Breakdown,Four Bar Pattern,18,Range Breakout,NR4 is a 4-bar narrow range pattern. NR4 bearish breakout pattern scanner shows the list of stocks forming bearish breakout pattern after 4-bar consolidation.,,,False,1,N,,OHLC_D_I_NR4BEARBO
1776078917,"{'stkname': 'LIC Nifty 100', 'ltp': '', 'perChg': '', 'stkId': 'LIC08', 'displayLock': 'N', 'scanproflg': 1, 'scUrl': 'etf/licmf-licmfetf-nifty100/LIC9', 'columns': [{'name': 'change %', 'value': '-0.95'}, {'name': 'LTP', 'value': '268.69'}, {'name': 'Close Price value', 'value': '268.69'}, {'name': 'change absolute', 'value': '-2.58'}]}",OHLC_D_I_NR4BEARBO,NR 4 Breakdown,Four Bar Pattern,18,Range Breakout,NR4 is a 4-bar narrow range pattern. NR4 bearish breakout pattern scanner shows the list of stocks forming bearish breakout pattern after 4-bar consolidation.,,,False,1,N,,OHLC_D_I_NR4BEARBO
1776078917,"{'stkname': 'Mirae NiftyMid', 'ltp': '', 'perChg': '', 'stkId': 'MAN05', 'displayLock': 'N', 'scanproflg': 1, 'scUrl': 'etf/miraeassetniftymidcap150etf/MAN05', 'columns': [{'name': 'change %', 'value': '-0.55'}, {'name': 'LTP', 'value': '21.63'}, {'name': 'Close Price value', 'value': '21.63'}, {'name': 'change absolute', 'value': '-0.12'}]}",OHLC_D_I_NR4BEARBO,NR 4 Breakdown,Four Bar Pattern,18,Range Breakout,NR4 is a 4-bar narrow range pattern. NR4 bearish breakout pattern scanner shows the list of stocks forming bearish breakout pattern after 4-bar consolidation.,,,False,1,N,,OHLC_D_I_NR4BEARBO
1776078917,"{'stkname': 'MOSERVICE', 'ltp': '', 'perChg': '', 'stkId': 'MON09', 'displayLock': 'N', 'scanproflg': 1, 'scUrl': 'etf/motilaloswalniftyservicessectoretf/MON09', 'columns': [{'name': 'change %', 'value': '-0.29'}, {'name': 'LTP', 'value': '30.77'}, {'name': 'Close Price value', 'value': '30.77'}, {'name': 'change absolute', 'value': '-0.09'}]}",OHLC_D_I_NR4BEARBO,NR 4 Breakdown,Four Bar Pattern,18,Range Breakout,NR4 is a 4-bar narrow range pattern. NR4 bearish breakout pattern scanner shows the list of stocks forming bearish breakout pattern after 4-bar consolidation.,,,False,1,N,,OHLC_D_I_NR4BEARBO
1776078917,"{'stkname': 'HDFC Nifty Gro', 'ltp': '', 'perChg': '', 'stkId': 'HNG03', 'displayLock': 'N', 'scanproflg': 1, 'scUrl': 'etf/hdfcniftygrowthsectors15etf/HNG03', 'columns': [{'name': 'change %', 'value': '-1.57'}, {'name': 'LTP', 'value': '113.92'}, {'name': 'Close Price value', 'value': '113.92'}, {'name': 'change absolute', 'value': '-1.82'}]}",OHLC_D_I_NR4BEARBO,NR 4 Breakdown,Four Bar Pattern,18,Range Breakout,NR4 is a 4-bar narrow range pattern. NR4 bearish breakout pattern scanner shows the list of stocks forming bearish breakout pattern after 4-bar consolidation.,,,False,1,N,,OHLC_D_I_NR4BEARBO
1776078917,"{'stkname': 'HDFC NiftyNext', 'ltp': '', 'perChg': '', 'stkId': 'HNN', 'displayLock': 'N', 'scanproflg': 1, 'scUrl': 'etf/hdfcniftynext50etf/HNN', 'columns': [{'name': 'change %', 'value': '-0.86'}, {'name': 'LTP', 'value': '68.35'}, {'name': 'Close Price value', 'value': '68.35'}, {'name': 'change absolute', 'value': '-0.59'}]}",OHLC_D_I_NR4BEARBO,NR 4 Breakdown,Four Bar Pattern,18,Range Breakout,NR4 is a 4-bar narrow range pattern. NR4 bearish breakout pattern scanner shows the list of stocks forming bearish breakout pattern after 4-bar consolidation.,,,False,1,N,,OHLC_D_I_NR4BEARBO
1776078917,"{'stkname': 'HDFC Nifty 100', 'ltp': '', 'perChg': '', 'stkId': 'HN101', 'displayLock': 'N', 'scanproflg': 1, 'scUrl': 'etf/hdfcnifty100etf/HN101', 'columns': [{'name': 'change %', 'value': '-0.75'}, {'name': 'LTP', 'value': '25.30'}, {'name': 'Close Price value', 'value': '25.30'}, {'name': 'change absolute', 'value': '-0.19'}]}",OHLC_D_I_NR4BEARBO,NR 4 Breakdown,Four Bar Pattern,18,Range Breakout,NR4 is a 4-bar narrow range pattern. NR4 bearish breakout pattern scanner shows the list of stocks forming bearish breakout pattern after 4-bar consolidation.,,,False,1,N,,OHLC_D_I_NR4BEARBO
1776078917,"{'stkname': 'HEALTHCARE', 'ltp': '', 'perChg': '', 'stkId': 'MAN10', 'displayLock': 'N', 'scanproflg': 1, 'scUrl': 'etf/miraeassetnifty500healthcareetf/MAN10', 'columns': [{'name': 'change %', 'value': '-0.06'}, {'name': 'LTP', 'value': '18.14'}, {'name': 'Close Price value', 'value': '18.14'}, {'name': 'change absolute', 'value': '-0.01'}]}",OHLC_D_I_NR4BEARBO,NR 4 Breakdown,Four Bar Pattern,18,Range Breakout,NR4 is a 4-bar narrow range pattern. NR4 bearish breakout pattern scanner shows the list of stocks forming bearish breakout pattern after 4-bar consolidation.,,,False,1,N,,OHLC_D_I_NR4BEARBO
1776078917,"{'stkname': 'Ipru Nifty Hea', 'ltp': '', 'perChg': '', 'stkId': 'IPH', 'displayLock': 'N', 'scanproflg': 1, 'scUrl': 'etf/iciciprudentialniftyhealthcareetf/IPH', 'columns': [{'name': 'change %', 'value': '-0.08'}, {'name': 'LTP', 'value': '145.58'}, {'name': 'Close Price value', 'value': '145.58'}, {'name': 'change absolute', 'value': '-0.12'}]}",OHLC_D_I_NR4BEARBO,NR 4 Breakdown,Four Bar Pattern,18,Range Breakout,NR4 is a 4-bar narrow range pattern. NR4 bearish breakout pattern scanner shows the list of stocks forming bearish breakout pattern after 4-bar consolidation.,,,False,1,N,,OHLC_D_I_NR4BEARBO
1776078917,"{'stkname': 'ICICIM150', 'ltp': '', 'perChg': '', 'stkId': 'ICICI17152', 'displayLock': 'N', 'scanproflg': 1, 'scUrl': 'etf/iciciprudentialniftymidcap150etf/ICICI17152', 'columns': [{'name': 'change %', 'value': '-0.55'}, {'name': 'LTP', 'value': '21.89'}, {'name': 'Close Price value', 'value': '21.89'}, {'name': 'change absolute', 'value': '-0.12'}]}",OHLC_D_I_NR4BEARBO,NR 4 Breakdown,Four Bar Pattern,18,Range Breakout,NR4 is a 4-bar narrow range pattern. NR4 bearish breakout pattern scanner shows the list of stocks forming bearish breakout pattern after 4-bar consolidation.,,,False,1,N,,OHLC_D_I_NR4BEARBO
1776078917,"{'stkname': 'MONIFTY100', 'ltp': '', 'perChg': '', 'stkId': 'MON05', 'displayLock': 'N', 'scanproflg': 1, 'scUrl': 'etf/motilaloswalnifty100etf/MON05', 'columns': [{'name': 'change %', 'value': '-0.60'}, {'name': 'LTP', 'value': '24.68'}, {'name': 'Close Price value', 'value': '24.68'}, {'name': 'change absolute', 'value': '-0.15'}]}",OHLC_D_I_NR4BEARBO,NR 4 Breakdown,Four Bar Pattern,18,Range Breakout,NR4 is a 4-bar narrow range pattern. NR4 bearish breakout pattern scanner shows the list of stocks forming bearish breakout pattern after 4-bar consolidation.,,,False,1,N,,OHLC_D_I_NR4BEARBO
1776078917,"{'stkname': 'MONIFTY500', 'ltp': '', 'perChg': '', 'stkId': 'MONIF19237', 'displayLock': 'N', 'scanproflg': 1, 'scUrl': 'etf/motilaloswalnifty500etf/MONIF19237', 'columns': [{'name': 'change %', 'value': '-0.53'}, {'name': 'LTP', 'value': '22.66'}, {'name': 'Close Price value', 'value': '22.66'}, {'name': 'change absolute', 'value': '-0.12'}]}",OHLC_D_I_NR4BEARBO,NR 4 Breakdown,Four Bar Pattern,18,Range Breakout,NR4 is a 4-bar narrow range pattern. NR4 bearish breakout pattern scanner shows the list of stocks forming bearish breakout pattern after 4-bar consolidation.,,,False,1,N,,OHLC_D_I_NR4BEARBO
1776078917,"{'stkname': 'INFRA', 'ltp': '', 'perChg': '', 'stkId': 'MAN11', 'displayLock': 'N', 'scanproflg': 1, 'scUrl': 'etf/miraeassetniftyindiainfralogisticsetf/MAN11', 'columns': [{'name': 'change %', 'value': '-0.26'}, {'name': 'LTP', 'value': '11.31'}, {'name': 'Close Price value', 'value': '11.31'}, {'name': 'change absolute', 'value': '-0.03'}]}",OHLC_D_I_NR4BEARBO,NR 4 Breakdown,Four Bar Pattern,18,Range Breakout,NR4 is a 4-bar narrow range pattern. NR4 bearish breakout pattern scanner shows the list of stocks forming bearish breakout pattern after 4-bar consolidation.,,,False,1,N,,OHLC_D_I_NR4BEARBO
1776078917,"{'stkname': 'MOIPO', 'ltp': '', 'perChg': '', 'stkId': 'MOB', 'displayLock': 'N', 'scanproflg': 1, 'scUrl': 'etf/motilaloswalbseselectipoetf/MOB', 'columns': [{'name': 'change %', 'value': '-0.53'}, {'name': 'LTP', 'value': '41.56'}, {'name': 'Close Price value', 'value': '41.56'}, {'name': 'change absolute', 'value': '-0.22'}]}",OHLC_D_I_NR4BEARBO,NR 4 Breakdown,Four Bar Pattern,18,Range Breakout,NR4 is a 4-bar narrow range pattern. NR4 bearish breakout pattern scanner shows the list of stocks forming bearish breakout pattern after 4-bar consolidation.,,,False,1,N,,OHLC_D_I_NR4BEARBO
1776078917,"{'stkname': 'UTI NIFITETF', 'ltp': '', 'perChg': '', 'stkId': 'NIFIT22488', 'displayLock': 'N', 'scanproflg': 1, 'scUrl': 'etf/utiniftyitetf/NIFIT22488', 'columns': [{'name': 'change %', 'value': '-1.37'}, {'name': 'LTP', 'value': '320.93'}, {'name': 'Close Price value', 'value': '320.93'}, {'name': 'change absolute', 'value': '-4.47'}]}",OHLC_D_I_NR4BEARBO,NR 4 Breakdown,Four Bar Pattern,18,Range Breakout,NR4 is a 4-bar narrow range pattern. NR4 bearish breakout pattern scanner shows the list of stocks forming bearish breakout pattern after 4-bar consolidation.,,,False,1,N,,OHLC_D_I_NR4BEARBO
1776078917,"{'stkname': 'Mirae NiftyLow', 'ltp': '', 'perChg': '', 'stkId': 'MANV314786', 'displayLock': 'N', 'scanproflg': 1, 'scUrl': 'etf/miraeassetnifty100lowvolatility30etf/MANV314786', 'columns': [{'name': 'change %', 'value': '-1.14'}, {'name': 'LTP', 'value': '197.83'}, {'name': 'Close Price value', 'value': '197.83'}, {'name': 'change absolute', 'value': '-2.29'}]}",OHLC_D_I_NR4BEARBO,NR 4 Breakdown,Four Bar Pattern,18,Range Breakout,NR4 is a 4-bar narrow range pattern. NR4 bearish breakout pattern scanner shows the list of stocks forming bearish breakout pattern after 4-bar consolidation.,,,False,1,N,,OHLC_D_I_NR4BEARBO
1776078917,"{'stkname': 'MO Midcap 100', 'ltp': '', 'perChg': '', 'stkId': 'MOM01', 'displayLock': 'N', 'scanproflg': 1, 'scUrl': 'etf/motilaloswalmidcap100etf/MOM01', 'columns': [{'name': 'change %', 'value': '-0.50'}, {'name': 'LTP', 'value': '61.89'}, {'name': 'Close Price value', 'value': '61.89'}, {'name': 'change absolute', 'value': '-0.31'}]}",OHLC_D_I_NR4BEARBO,NR 4 Breakdown,Four Bar Pattern,18,Range Breakout,NR4 is a 4-bar narrow range pattern. NR4 bearish breakout pattern scanner shows the list of stocks forming bearish breakout pattern after 4-bar consolidation.,,,False,1,N,,OHLC_D_I_NR4BEARBO
1776078917,"{'stkname': 'ABSL NiftyHeal', 'ltp': '', 'perChg': '', 'stkId': 'ABS02', 'displayLock': 'N', 'scanproflg': 1, 'scUrl': 'etf/adityabirlasunlifeniftyhealthcareetf/ABS02', 'columns': [{'name': 'change %', 'value': '0.00'}, {'name': 'LTP', 'value': '14.61'}, {'name': 'Close Price value', 'value': '14.61'}, {'name': 'change absolute', 'value': '0.00'}]}",OHLC_D_I_NR4BEARBO,NR 4 Breakdown,Four Bar Pattern,18,Range Breakout,NR4 is a 4-bar narrow range pattern. NR4 bearish breakout pattern scanner shows the list of stocks forming bearish breakout pattern after 4-bar consolidation.,,,False,1,N,,OHLC_D_I_NR4BEARBO
1776078917,"{'stkname': 'DSP MSCIADD', 'ltp': '', 'perChg': '', 'stkId': 'DMI02', 'displayLock': 'N', 'scanproflg': 1, 'scUrl': 'etf/dspmsciindiaetf/DMI01', 'columns': [{'name': 'change %', 'value': '-0.66'}, {'name': 'LTP', 'value': '28.60'}, {'name': 'Close Price value', 'value': '28.60'}, {'name': 'change absolute', 'value': '-0.19'}]}",OHLC_D_I_NR4BEARBO,NR 4 Breakdown,Four Bar Pattern,18,Range Breakout,NR4 is a 4-bar narrow range pattern. NR4 bearish breakout pattern scanner shows the list of stocks forming bearish breakout pattern after 4-bar consolidation.,,,False,1,N,,OHLC_D_I_NR4BEARBO
1776078917,"{'stkname': 'Hindalco', 'ltp': '', 'perChg': '', 'stkId': 'H', 'displayLock': 'N', 'scanproflg': 1, 'scUrl': 'ironsteel/hindalcoindustries/HI', 'columns': [{'name': 'change %', 'value': '-1.60'}, {'name': 'LTP', 'value': '976.20'}, {'name': 'Close Price value', 'value': '976.20'}, {'name': 'change absolute', 'value': '-15.90'}]}",OHLC_D_I_NR4BEARBO,NR 4 Breakdown,Four Bar Pattern,18,Range Breakout,NR4 is a 4-bar narrow range pattern. NR4 bearish breakout pattern scanner shows the list of stocks forming bearish breakout pattern after 4-bar consolidation.,,,False,1,N,,OHLC_D_I_NR4BEARBO
1776078917,"{'stkname': 'HDFC Nifty 50', 'ltp': '', 'perChg': '', 'stkId': 'HN5', 'displayLock': 'N', 'scanproflg': 1, 'scUrl': 'etf/hdfcnifty50value20etf/HN5', 'columns': [{'name': 'change %', 'value': '-0.44'}, {'name': 'LTP', 'value': '130.95'}, {'name': 'Close Price value', 'value': '130.95'}, {'name': 'change absolute', 'value': '-0.58'}]}",OHLC_D_I_NR4BEARBO,NR 4 Breakdown,Four Bar Pattern,18,Range Breakout,NR4 is a 4-bar narrow range pattern. NR4 bearish breakout pattern scanner shows the list of stocks forming bearish breakout pattern after 4-bar consolidation.,,,False,1,N,,OHLC_D_I_NR4BEARBO
1776078917,"{'stkname': 'Nipp InfraBeES', 'ltp': '', 'perChg': '', 'stkId': 'IBE', 'displayLock': 'N', 'scanproflg': 1, 'scUrl': 'etf/nipponindiaetfniftyinfrastructurebees/IBE', 'columns': [{'name': 'change %', 'value': '-0.20'}, {'name': 'LTP', 'value': '938.00'}, {'name': 'Close Price value', 'value': '938.00'}, {'name': 'change absolute', 'value': '-1.84'}]}",OHLC_D_I_NR4BEARBO,NR 4 Breakdown,Four Bar Pattern,18,Range Breakout,NR4 is a 4-bar narrow range pattern. NR4 bearish breakout pattern scanner shows the list of stocks forming bearish breakout pattern after 4-bar consolidation.,,,False,1,N,,OHLC_D_I_NR4BEARBO
1776078917,"{'stkname': 'DSP MidcapQual', 'ltp': '', 'perChg': '', 'stkId': 'DNM', 'displayLock': 'N', 'scanproflg': 1, 'scUrl': 'etf/dspniftymidcap150quality50etf/DNM', 'columns': [{'name': 'change %', 'value': '-1.67'}, {'name': 'LTP', 'value': '230.00'}, {'name': 'Close Price value', 'value': '230.00'}, {'name': 'change absolute', 'value': '-3.91'}]}",OHLC_D_I_NR4BEARBO,NR 4 Breakdown,Four Bar Pattern,18,Range Breakout,NR4 is a 4-bar narrow range pattern. NR4 bearish breakout pattern scanner shows the list of stocks forming bearish breakout pattern after 4-bar consolidation.,,,False,1,N,,OHLC_D_I_NR4BEARBO
1776078917,"{'stkname': 'HDFC Nifty Low', 'ltp': '', 'perChg': '', 'stkId': 'HNL', 'displayLock': 'N', 'scanproflg': 1, 'scUrl': 'etf/hdfcnifty100lowvolatility30etf/HNL', 'columns': [{'name': 'change %', 'value': '-0.45'}, {'name': 'LTP', 'value': '19.85'}, {'name': 'Close Price value', 'value': '19.85'}, {'name': 'change absolute', 'value': '-0.09'}]}",OHLC_D_I_NR4BEARBO,NR 4 Breakdown,Four Bar Pattern,18,Range Breakout,NR4 is a 4-bar narrow range pattern. NR4 bearish breakout pattern scanner shows the list of stocks forming bearish breakout pattern after 4-bar consolidation.,,,False,1,N,,OHLC_D_I_NR4BEARBO
1776078917,"{'stkname': 'HDFC Nifty Mid', 'ltp': '', 'perChg': '', 'stkId': 'HDFCM14236', 'displayLock': 'N', 'scanproflg': 1, 'scUrl': 'etf/hdfcniftymidcap150etf/HDFCM14236', 'columns': [{'name': 'change %', 'value': '-0.23'}, {'name': 'LTP', 'value': '21.41'}, {'name': 'Close Price value', 'value': '21.41'}, {'name': 'change absolute', 'value': '-0.05'}]}",OHLC_D_I_NR4BEARBO,NR 4 Breakdown,Four Bar Pattern,18,Range Breakout,NR4 is a 4-bar narrow range pattern. NR4 bearish breakout pattern scanner shows the list of stocks forming bearish breakout pattern after 4-bar consolidation.,,,False,1,N,,OHLC_D_I_NR4BEARBO
1776078917,"{'stkname': 'HDFC Nifty Pri', 'ltp': '', 'perChg': '', 'stkId': 'HNP', 'displayLock': 'N', 'scanproflg': 1, 'scUrl': 'etf/hdfcniftyprivatebanketf/HNP', 'columns': [{'name': 'change %', 'value': '-0.55'}, {'name': 'LTP', 'value': '27.11'}, {'name': 'Close Price value', 'value': '27.11'}, {'name': 'change absolute', 'value': '-0.15'}]}",OHLC_D_I_NR4BEARBO,NR 4 Breakdown,Four Bar Pattern,18,Range Breakout,NR4 is a 4-bar narrow range pattern. NR4 bearish breakout pattern scanner shows the list of stocks forming bearish breakout pattern after 4-bar consolidation.,,,False,1,N,,OHLC_D_I_NR4BEARBO
1776078917,"{'stkname': 'Nipp Nifty Mid', 'ltp': '', 'perChg': '', 'stkId': 'NIE02', 'displayLock': 'N', 'scanproflg': 1, 'scUrl': 'etf/nipponindiaetfniftymidcap150/NIE02', 'columns': [{'name': 'change %', 'value': '-0.39'}, {'name': 'LTP', 'value': '218.94'}, {'name': 'Close Price value', 'value': '218.94'}, {'name': 'change absolute', 'value': '-0.85'}]}",OHLC_D_I_NR4BEARBO,NR 4 Breakdown,Four Bar Pattern,18,Range Breakout,NR4 is a 4-bar narrow range pattern. NR4 bearish breakout pattern scanner shows the list of stocks forming bearish breakout pattern after 4-bar consolidation.,,,False,1,N,,OHLC_D_I_NR4BEARBO
1776078917,"{'stkname': 'Kotak NiftyMid', 'ltp': '', 'perChg': '', 'stkId': 'KOTAK8077', 'displayLock': 'N', 'scanproflg': 1, 'scUrl': 'etf/kotakniftymidcap50etf/KOTAK8077', 'columns': [{'name': 'change %', 'value': '-0.48'}, {'name': 'LTP', 'value': '16.72'}, {'name': 'Close Price value', 'value': '16.72'}, {'name': 'change absolute', 'value': '-0.08'}]}",OHLC_D_I_NR4BEARBO,NR 4 Breakdown,Four Bar Pattern,18,Range Breakout,NR4 is a 4-bar narrow range pattern. NR4 bearish breakout pattern scanner shows the list of stocks forming bearish breakout pattern after 4-bar consolidation.,,,False,1,N,,OHLC_D_I_NR4BEARBO
1776078917,"{'stkname': 'Systematix Corp', 'ltp': '', 'perChg': '', 'stkId': 'SCS05', 'displayLock': 'N', 'scanproflg': 1, 'scUrl': 'finance-leasinghire-purchase/systematixcorporateservices/SCS05', 'columns': [{'name': 'change %', 'value': '-9.99'}, {'name': 'LTP', 'value': '56.24'}, {'name': 'Close Price value', 'value': '56.24'}, {'name': 'change absolute', 'value': '-6.24'}]}",OHLC_D_I_NR4BEARBO,NR 4 Breakdown,Four Bar Pattern,18,Range Breakout,NR4 is a 4-bar narrow range pattern. NR4 bearish breakout pattern scanner shows the list of stocks forming bearish breakout pattern after 4-bar consolidation.,,,False,1,N,,OHLC_D_I_NR4BEARBO
