lastupdt,scannerDetails,scannerCode,scannerName,scannerDescription,catId,catName,scannerDesc,scannerVideo,did_u_know,refreshFlag,scanproflg,displayLock,scannerFormula,scanId
1790075717,"{'stkname': 'Advit Jewels', 'ltp': '', 'perChg': '', 'stkId': 'AJL', 'displayLock': 'N', 'scanproflg': 1, 'scUrl': 'diamondjewellery/advitjewels/AJL', 'columns': [{'name': 'RSI Indicator value', 'value': '62.81'}, {'name': 'change %', 'value': '-6.62'}, {'name': 'LTP', 'value': '283.90'}]}",OHLC_D_I_RSI70FBELOW,RSI exited Overbough Zone (Daily),RSI (14) indicator went above 70 today.,15,Indicator Scans,"RSI (14) indicator went above 70 today. There is an overbought zone here, but it is also bullish at the same time.",,,False,1,N,,OHLC_D_I_RSI70FBELOW
1790075717,"{'stkname': 'Rajputana Stain', 'ltp': '', 'perChg': '', 'stkId': 'RSL12', 'displayLock': 'N', 'scanproflg': 1, 'scUrl': 'ironsteel/rajputanastainless/RSL12', 'columns': [{'name': 'RSI Indicator value', 'value': '61.03'}, {'name': 'change %', 'value': '-5.18'}, {'name': 'LTP', 'value': '187.63'}]}",OHLC_D_I_RSI70FBELOW,RSI exited Overbough Zone (Daily),RSI (14) indicator went above 70 today.,15,Indicator Scans,"RSI (14) indicator went above 70 today. There is an overbought zone here, but it is also bullish at the same time.",,,False,1,N,,OHLC_D_I_RSI70FBELOW
1790075717,"{'stkname': 'OnEMI Technolog', 'ltp': '', 'perChg': '', 'stkId': 'OTS', 'displayLock': 'N', 'scanproflg': 1, 'scUrl': 'finance-nbfc/onemitechnologysolutions/OTS', 'columns': [{'name': 'RSI Indicator value', 'value': '64.42'}, {'name': 'change %', 'value': '-2.48'}, {'name': 'LTP', 'value': '353.50'}]}",OHLC_D_I_RSI70FBELOW,RSI exited Overbough Zone (Daily),RSI (14) indicator went above 70 today.,15,Indicator Scans,"RSI (14) indicator went above 70 today. There is an overbought zone here, but it is also bullish at the same time.",,,False,1,N,,OHLC_D_I_RSI70FBELOW
1790075717,"{'stkname': 'Grauer and Weil', 'ltp': '', 'perChg': '', 'stkId': 'GWI', 'displayLock': 'N', 'scanproflg': 1, 'scUrl': 'chemicals/grauerweilindia/GWI', 'columns': [{'name': 'RSI Indicator value', 'value': '65.43'}, {'name': 'change %', 'value': '-2.61'}, {'name': 'LTP', 'value': '83.11'}]}",OHLC_D_I_RSI70FBELOW,RSI exited Overbough Zone (Daily),RSI (14) indicator went above 70 today.,15,Indicator Scans,"RSI (14) indicator went above 70 today. There is an overbought zone here, but it is also bullish at the same time.",,,False,1,N,,OHLC_D_I_RSI70FBELOW
1790075717,"{'stkname': 'Elantas Beck', 'ltp': '', 'perChg': '', 'stkId': 'DBC', 'displayLock': 'N', 'scanproflg': 1, 'scUrl': 'chemicals/elantasbeckindia/EBI', 'columns': [{'name': 'RSI Indicator value', 'value': '64.80'}, {'name': 'change %', 'value': '-3.33'}, {'name': 'LTP', 'value': '14,300.00'}]}",OHLC_D_I_RSI70FBELOW,RSI exited Overbough Zone (Daily),RSI (14) indicator went above 70 today.,15,Indicator Scans,"RSI (14) indicator went above 70 today. There is an overbought zone here, but it is also bullish at the same time.",,,False,1,N,,OHLC_D_I_RSI70FBELOW
1790075717,"{'stkname': 'Gujarat Kidney', 'ltp': '', 'perChg': '', 'stkId': 'GKSSL', 'displayLock': 'N', 'scanproflg': 1, 'scUrl': 'hospitalhealthcare-services/gujaratkidneysuperspeciality/GKSSL', 'columns': [{'name': 'RSI Indicator value', 'value': '65.67'}, {'name': 'change %', 'value': '-3.53'}, {'name': 'LTP', 'value': '176.75'}]}",OHLC_D_I_RSI70FBELOW,RSI exited Overbough Zone (Daily),RSI (14) indicator went above 70 today.,15,Indicator Scans,"RSI (14) indicator went above 70 today. There is an overbought zone here, but it is also bullish at the same time.",,,False,1,N,,OHLC_D_I_RSI70FBELOW
1790075717,"{'stkname': 'Jyoti CNC Auto', 'ltp': '', 'perChg': '', 'stkId': 'JCA', 'displayLock': 'N', 'scanproflg': 1, 'scUrl': 'misc-commercial-services/jyoticncautomation/JCA', 'columns': [{'name': 'RSI Indicator value', 'value': '65.33'}, {'name': 'change %', 'value': '-2.32'}, {'name': 'LTP', 'value': '1,088.00'}]}",OHLC_D_I_RSI70FBELOW,RSI exited Overbough Zone (Daily),RSI (14) indicator went above 70 today.,15,Indicator Scans,"RSI (14) indicator went above 70 today. There is an overbought zone here, but it is also bullish at the same time.",,,False,1,N,,OHLC_D_I_RSI70FBELOW
1790075717,"{'stkname': 'Strides Pharma', 'ltp': '', 'perChg': '', 'stkId': 'SA10', 'displayLock': 'N', 'scanproflg': 1, 'scUrl': 'pharmaceuticals/stridespharmascience/SA10', 'columns': [{'name': 'RSI Indicator value', 'value': '68.61'}, {'name': 'change %', 'value': '-1.30'}, {'name': 'LTP', 'value': '1,219.00'}]}",OHLC_D_I_RSI70FBELOW,RSI exited Overbough Zone (Daily),RSI (14) indicator went above 70 today.,15,Indicator Scans,"RSI (14) indicator went above 70 today. There is an overbought zone here, but it is also bullish at the same time.",,,False,1,N,,OHLC_D_I_RSI70FBELOW
1790075717,"{'stkname': 'GE Shipping', 'ltp': '', 'perChg': '', 'stkId': 'GES', 'displayLock': 'N', 'scanproflg': 1, 'scUrl': 'shipping/greateasternshippingcompany/GES', 'columns': [{'name': 'RSI Indicator value', 'value': '63.97'}, {'name': 'change %', 'value': '-1.75'}, {'name': 'LTP', 'value': '1,459.00'}]}",OHLC_D_I_RSI70FBELOW,RSI exited Overbough Zone (Daily),RSI (14) indicator went above 70 today.,15,Indicator Scans,"RSI (14) indicator went above 70 today. There is an overbought zone here, but it is also bullish at the same time.",,,False,1,N,,OHLC_D_I_RSI70FBELOW
1790075717,"{'stkname': 'Shilpa', 'ltp': '', 'perChg': '', 'stkId': 'SA04', 'displayLock': 'N', 'scanproflg': 1, 'scUrl': 'pharmaceuticals/shilpamedicare/SM19', 'columns': [{'name': 'RSI Indicator value', 'value': '66.89'}, {'name': 'change %', 'value': '-3.59'}, {'name': 'LTP', 'value': '1,032.35'}]}",OHLC_D_I_RSI70FBELOW,RSI exited Overbough Zone (Daily),RSI (14) indicator went above 70 today.,15,Indicator Scans,"RSI (14) indicator went above 70 today. There is an overbought zone here, but it is also bullish at the same time.",,,False,1,N,,OHLC_D_I_RSI70FBELOW
1790075717,"{'stkname': 'MMP Industries', 'ltp': '', 'perChg': '', 'stkId': 'MIL16', 'displayLock': 'N', 'scanproflg': 1, 'scUrl': 'aluminiumaluminium-products/mmpindustries/MIL17', 'columns': [{'name': 'RSI Indicator value', 'value': '64.86'}, {'name': 'change %', 'value': '-2.93'}, {'name': 'LTP', 'value': '463.70'}]}",OHLC_D_I_RSI70FBELOW,RSI exited Overbough Zone (Daily),RSI (14) indicator went above 70 today.,15,Indicator Scans,"RSI (14) indicator went above 70 today. There is an overbought zone here, but it is also bullish at the same time.",,,False,1,N,,OHLC_D_I_RSI70FBELOW
1790075717,"{'stkname': 'Ratnaveer', 'ltp': '', 'perChg': '', 'stkId': 'RPE', 'displayLock': 'N', 'scanproflg': 1, 'scUrl': 'ironsteel/ratnaveerprecisionengineering/RPE', 'columns': [{'name': 'RSI Indicator value', 'value': '69.56'}, {'name': 'change %', 'value': '-0.91'}, {'name': 'LTP', 'value': '331.50'}]}",OHLC_D_I_RSI70FBELOW,RSI exited Overbough Zone (Daily),RSI (14) indicator went above 70 today.,15,Indicator Scans,"RSI (14) indicator went above 70 today. There is an overbought zone here, but it is also bullish at the same time.",,,False,1,N,,OHLC_D_I_RSI70FBELOW
1790075717,"{'stkname': 'Kamdhenu', 'ltp': '', 'perChg': '', 'stkId': 'KI24', 'displayLock': 'N', 'scanproflg': 1, 'scUrl': 'steel-mediumsmall/kamdhenu/KI24', 'columns': [{'name': 'RSI Indicator value', 'value': '68.96'}, {'name': 'change %', 'value': '-2.28'}, {'name': 'LTP', 'value': '41.51'}]}",OHLC_D_I_RSI70FBELOW,RSI exited Overbough Zone (Daily),RSI (14) indicator went above 70 today.,15,Indicator Scans,"RSI (14) indicator went above 70 today. There is an overbought zone here, but it is also bullish at the same time.",,,False,1,N,,OHLC_D_I_RSI70FBELOW
1790075717,"{'stkname': 'Aegis Vopak', 'ltp': '', 'perChg': '', 'stkId': 'AVTL', 'displayLock': 'N', 'scanproflg': 1, 'scUrl': 'ports/aegisvopakterminals/AVTL', 'columns': [{'name': 'RSI Indicator value', 'value': '56.94'}, {'name': 'change %', 'value': '-5.29'}, {'name': 'LTP', 'value': '301.45'}]}",OHLC_D_I_RSI70FBELOW,RSI exited Overbough Zone (Daily),RSI (14) indicator went above 70 today.,15,Indicator Scans,"RSI (14) indicator went above 70 today. There is an overbought zone here, but it is also bullish at the same time.",,,False,1,N,,OHLC_D_I_RSI70FBELOW
1790075717,"{'stkname': 'eMudhra', 'ltp': '', 'perChg': '', 'stkId': 'E11', 'displayLock': 'N', 'scanproflg': 1, 'scUrl': 'software/emudhra/e13', 'columns': [{'name': 'RSI Indicator value', 'value': '66.75'}, {'name': 'change %', 'value': '-2.88'}, {'name': 'LTP', 'value': '642.95'}]}",OHLC_D_I_RSI70FBELOW,RSI exited Overbough Zone (Daily),RSI (14) indicator went above 70 today.,15,Indicator Scans,"RSI (14) indicator went above 70 today. There is an overbought zone here, but it is also bullish at the same time.",,,False,1,N,,OHLC_D_I_RSI70FBELOW
1790075717,"{'stkname': 'Softtech Engine', 'ltp': '', 'perChg': '', 'stkId': 'SE26', 'displayLock': 'N', 'scanproflg': 1, 'scUrl': 'computers-software/softtechengineers/SE24', 'columns': [{'name': 'RSI Indicator value', 'value': '66.23'}, {'name': 'change %', 'value': '-5.00'}, {'name': 'LTP', 'value': '494.95'}]}",OHLC_D_I_RSI70FBELOW,RSI exited Overbough Zone (Daily),RSI (14) indicator went above 70 today.,15,Indicator Scans,"RSI (14) indicator went above 70 today. There is an overbought zone here, but it is also bullish at the same time.",,,False,1,N,,OHLC_D_I_RSI70FBELOW
1790075717,"{'stkname': 'Khadim India', 'ltp': '', 'perChg': '', 'stkId': 'KIL06', 'displayLock': 'N', 'scanproflg': 1, 'scUrl': 'footwear/khadimindia/KIL', 'columns': [{'name': 'RSI Indicator value', 'value': '66.77'}, {'name': 'change %', 'value': '-2.00'}, {'name': 'LTP', 'value': '125.44'}]}",OHLC_D_I_RSI70FBELOW,RSI exited Overbough Zone (Daily),RSI (14) indicator went above 70 today.,15,Indicator Scans,"RSI (14) indicator went above 70 today. There is an overbought zone here, but it is also bullish at the same time.",,,False,1,N,,OHLC_D_I_RSI70FBELOW
1790075717,"{'stkname': 'Veto Switch', 'ltp': '', 'perChg': '', 'stkId': 'VSC01', 'displayLock': 'N', 'scanproflg': 1, 'scUrl': 'electric-equipment/vetoswitchgearscables/VSC01', 'columns': [{'name': 'RSI Indicator value', 'value': '65.90'}, {'name': 'change %', 'value': '-3.31'}, {'name': 'LTP', 'value': '139.02'}]}",OHLC_D_I_RSI70FBELOW,RSI exited Overbough Zone (Daily),RSI (14) indicator went above 70 today.,15,Indicator Scans,"RSI (14) indicator went above 70 today. There is an overbought zone here, but it is also bullish at the same time.",,,False,1,N,,OHLC_D_I_RSI70FBELOW
1790075717,"{'stkname': 'HLE Glascoat', 'ltp': '', 'perChg': '', 'stkId': 'SGE02', 'displayLock': 'N', 'scanproflg': 1, 'scUrl': 'glassglass-products/hleglascoat/SGE02', 'columns': [{'name': 'RSI Indicator value', 'value': '68.13'}, {'name': 'change %', 'value': '-5.00'}, {'name': 'LTP', 'value': '445.75'}]}",OHLC_D_I_RSI70FBELOW,RSI exited Overbough Zone (Daily),RSI (14) indicator went above 70 today.,15,Indicator Scans,"RSI (14) indicator went above 70 today. There is an overbought zone here, but it is also bullish at the same time.",,,False,1,N,,OHLC_D_I_RSI70FBELOW
1790075717,"{'stkname': 'Prozone Realty', 'ltp': '', 'perChg': '', 'stkId': 'PCS03', 'displayLock': 'N', 'scanproflg': 1, 'scUrl': 'constructioncontracting-real-estate/prozonerealty/PCS03', 'columns': [{'name': 'RSI Indicator value', 'value': '64.49'}, {'name': 'change %', 'value': '-2.06'}, {'name': 'LTP', 'value': '51.81'}]}",OHLC_D_I_RSI70FBELOW,RSI exited Overbough Zone (Daily),RSI (14) indicator went above 70 today.,15,Indicator Scans,"RSI (14) indicator went above 70 today. There is an overbought zone here, but it is also bullish at the same time.",,,False,1,N,,OHLC_D_I_RSI70FBELOW
1790075717,"{'stkname': 'Sree Rayalaseem', 'ltp': '', 'perChg': '', 'stkId': 'SRH02', 'displayLock': 'N', 'scanproflg': 1, 'scUrl': 'chemicals/sreerayalaseemahistrengthhyp/SRH03', 'columns': [{'name': 'RSI Indicator value', 'value': '67.97'}, {'name': 'change %', 'value': '-4.85'}, {'name': 'LTP', 'value': '597.25'}]}",OHLC_D_I_RSI70FBELOW,RSI exited Overbough Zone (Daily),RSI (14) indicator went above 70 today.,15,Indicator Scans,"RSI (14) indicator went above 70 today. There is an overbought zone here, but it is also bullish at the same time.",,,False,1,N,,OHLC_D_I_RSI70FBELOW
1790075717,"{'stkname': 'Ashiana Housing', 'ltp': '', 'perChg': '', 'stkId': 'AHF01', 'displayLock': 'N', 'scanproflg': 1, 'scUrl': 'constructioncontracting-housing/ashianahousing/AH07', 'columns': [{'name': 'RSI Indicator value', 'value': '58.86'}, {'name': 'change %', 'value': '-5.44'}, {'name': 'LTP', 'value': '383.50'}]}",OHLC_D_I_RSI70FBELOW,RSI exited Overbough Zone (Daily),RSI (14) indicator went above 70 today.,15,Indicator Scans,"RSI (14) indicator went above 70 today. There is an overbought zone here, but it is also bullish at the same time.",,,False,1,N,,OHLC_D_I_RSI70FBELOW
1790075717,"{'stkname': 'Supreme Petro', 'ltp': '', 'perChg': '', 'stkId': 'SP', 'displayLock': 'N', 'scanproflg': 1, 'scUrl': 'petrochemicals/supremepetrochem/SP', 'columns': [{'name': 'RSI Indicator value', 'value': '69.94'}, {'name': 'change %', 'value': '-0.65'}, {'name': 'LTP', 'value': '860.00'}]}",OHLC_D_I_RSI70FBELOW,RSI exited Overbough Zone (Daily),RSI (14) indicator went above 70 today.,15,Indicator Scans,"RSI (14) indicator went above 70 today. There is an overbought zone here, but it is also bullish at the same time.",,,False,1,N,,OHLC_D_I_RSI70FBELOW
1790075717,"{'stkname': 'Shanthi Gears', 'ltp': '', 'perChg': '', 'stkId': 'SG04', 'displayLock': 'N', 'scanproflg': 1, 'scUrl': 'auto-ancillaries/shanthigears/SG04', 'columns': [{'name': 'RSI Indicator value', 'value': '65.22'}, {'name': 'change %', 'value': '-2.63'}, {'name': 'LTP', 'value': '673.15'}]}",OHLC_D_I_RSI70FBELOW,RSI exited Overbough Zone (Daily),RSI (14) indicator went above 70 today.,15,Indicator Scans,"RSI (14) indicator went above 70 today. There is an overbought zone here, but it is also bullish at the same time.",,,False,1,N,,OHLC_D_I_RSI70FBELOW
1790075717,"{'stkname': 'Mirae NYSEFANG', 'ltp': '', 'perChg': '', 'stkId': 'MAN', 'displayLock': 'N', 'scanproflg': 1, 'scUrl': 'etf/miraeassetnysefang+etf/MAN', 'columns': [{'name': 'RSI Indicator value', 'value': '63.95'}, {'name': 'change %', 'value': '-2.20'}, {'name': 'LTP', 'value': '238.00'}]}",OHLC_D_I_RSI70FBELOW,RSI exited Overbough Zone (Daily),RSI (14) indicator went above 70 today.,15,Indicator Scans,"RSI (14) indicator went above 70 today. There is an overbought zone here, but it is also bullish at the same time.",,,False,1,N,,OHLC_D_I_RSI70FBELOW
1790075717,"{'stkname': 'Mirae SP 500', 'ltp': '', 'perChg': '', 'stkId': 'MAS02', 'displayLock': 'N', 'scanproflg': 1, 'scUrl': 'etf/miraeassetsp500top50etf/MAS01', 'columns': [{'name': 'RSI Indicator value', 'value': '54.09'}, {'name': 'change %', 'value': '-13.95'}, {'name': 'LTP', 'value': '97.45'}]}",OHLC_D_I_RSI70FBELOW,RSI exited Overbough Zone (Daily),RSI (14) indicator went above 70 today.,15,Indicator Scans,"RSI (14) indicator went above 70 today. There is an overbought zone here, but it is also bullish at the same time.",,,False,1,N,,OHLC_D_I_RSI70FBELOW
1790075717,"{'stkname': 'Canara Robeco', 'ltp': '', 'perChg': '', 'stkId': 'CRAMCL', 'displayLock': 'N', 'scanproflg': 1, 'scUrl': 'finance-investment/canararobecoassetmanagementcompany/CRAMCL', 'columns': [{'name': 'RSI Indicator value', 'value': '28.57'}, {'name': 'change %', 'value': '-1.43'}, {'name': 'LTP', 'value': '227.80'}]}",OHLC_D_I_RSI30FBELOW,RSI entered Oversold Zone (Daily),RSI (14) indicator went below the oversold zone in the current session.,15,Indicator Scans,RSI (14) indicator went below the oversold zone in the current session. It is a bullish event.,,,False,1,N,,OHLC_D_I_RSI30FBELOW
1790075717,"{'stkname': 'Indogulf Crop', 'ltp': '', 'perChg': '', 'stkId': 'ICL02', 'displayLock': 'N', 'scanproflg': 1, 'scUrl': 'pesticidesagrochemicals/indogulfcropsciences/ICL02', 'columns': [{'name': 'RSI Indicator value', 'value': '29.04'}, {'name': 'change %', 'value': '-1.42'}, {'name': 'LTP', 'value': '64.62'}]}",OHLC_D_I_RSI30FBELOW,RSI entered Oversold Zone (Daily),RSI (14) indicator went below the oversold zone in the current session.,15,Indicator Scans,RSI (14) indicator went below the oversold zone in the current session. It is a bullish event.,,,False,1,N,,OHLC_D_I_RSI30FBELOW
1790075717,"{'stkname': 'BN AGROCHEM', 'ltp': '', 'perChg': '', 'stkId': 'AT09', 'displayLock': 'N', 'scanproflg': 1, 'scUrl': 'vegetable-oilsproducts/bnagrochem/AT09', 'columns': [{'name': 'RSI Indicator value', 'value': '27.44'}, {'name': 'change %', 'value': '-2.23'}, {'name': 'LTP', 'value': '202.00'}]}",OHLC_D_I_RSI30FBELOW,RSI entered Oversold Zone (Daily),RSI (14) indicator went below the oversold zone in the current session.,15,Indicator Scans,RSI (14) indicator went below the oversold zone in the current session. It is a bullish event.,,,False,1,N,,OHLC_D_I_RSI30FBELOW
1790075717,"{'stkname': 'Solex Energy', 'ltp': '', 'perChg': '', 'stkId': 'SE24', 'displayLock': 'N', 'scanproflg': 1, 'scUrl': 'miscellaneous/solexenergy/SE20', 'columns': [{'name': 'RSI Indicator value', 'value': '29.96'}, {'name': 'change %', 'value': '-2.46'}, {'name': 'LTP', 'value': '675.00'}]}",OHLC_D_I_RSI30FBELOW,RSI entered Oversold Zone (Daily),RSI (14) indicator went below the oversold zone in the current session.,15,Indicator Scans,RSI (14) indicator went below the oversold zone in the current session. It is a bullish event.,,,False,1,N,,OHLC_D_I_RSI30FBELOW
1790075717,"{'stkname': 'Sai Silks', 'ltp': '', 'perChg': '', 'stkId': 'SSK01', 'displayLock': 'N', 'scanproflg': 1, 'scUrl': 'retailing/saisilkskalamandir/SSK01', 'columns': [{'name': 'RSI Indicator value', 'value': '29.82'}, {'name': 'change %', 'value': '-1.44'}, {'name': 'LTP', 'value': '78.00'}]}",OHLC_D_I_RSI30FBELOW,RSI entered Oversold Zone (Daily),RSI (14) indicator went below the oversold zone in the current session.,15,Indicator Scans,RSI (14) indicator went below the oversold zone in the current session. It is a bullish event.,,,False,1,N,,OHLC_D_I_RSI30FBELOW
1790075717,"{'stkname': 'Aditya Birla Re', 'ltp': '', 'perChg': '', 'stkId': 'CTI', 'displayLock': 'N', 'scanproflg': 1, 'scUrl': 'construction-real-estate/adityabirlarealestate/CTI', 'columns': [{'name': 'RSI Indicator value', 'value': '27.86'}, {'name': 'change %', 'value': '-3.08'}, {'name': 'LTP', 'value': '1,199.00'}]}",OHLC_D_I_RSI30FBELOW,RSI entered Oversold Zone (Daily),RSI (14) indicator went below the oversold zone in the current session.,15,Indicator Scans,RSI (14) indicator went below the oversold zone in the current session. It is a bullish event.,,,False,1,N,,OHLC_D_I_RSI30FBELOW
1790075717,"{'stkname': 'Navneet', 'ltp': '', 'perChg': '', 'stkId': 'NP', 'displayLock': 'N', 'scanproflg': 1, 'scUrl': 'printingstationery/navneeteducation/NP01', 'columns': [{'name': 'RSI Indicator value', 'value': '29.06'}, {'name': 'change %', 'value': '-3.17'}, {'name': 'LTP', 'value': '122.80'}]}",OHLC_D_I_RSI30FBELOW,RSI entered Oversold Zone (Daily),RSI (14) indicator went below the oversold zone in the current session.,15,Indicator Scans,RSI (14) indicator went below the oversold zone in the current session. It is a bullish event.,,,False,1,N,,OHLC_D_I_RSI30FBELOW
1790075717,"{'stkname': 'Gujarat Energy', 'ltp': '', 'perChg': '', 'stkId': 'GGC', 'displayLock': 'N', 'scanproflg': 1, 'scUrl': 'gas-distribution/gujaratenergy/GGC', 'columns': [{'name': 'RSI Indicator value', 'value': '29.23'}, {'name': 'change %', 'value': '-3.67'}, {'name': 'LTP', 'value': '229.77'}]}",OHLC_D_I_RSI30FBELOW,RSI entered Oversold Zone (Daily),RSI (14) indicator went below the oversold zone in the current session.,15,Indicator Scans,RSI (14) indicator went below the oversold zone in the current session. It is a bullish event.,,,False,1,N,,OHLC_D_I_RSI30FBELOW
1790075717,"{'stkname': 'Kritika Wires', 'ltp': '', 'perChg': '', 'stkId': 'KW', 'displayLock': 'N', 'scanproflg': 1, 'scUrl': 'ironsteel/kritikawires/KW', 'columns': [{'name': 'RSI Indicator value', 'value': '28.53'}, {'name': 'change %', 'value': '-0.78'}, {'name': 'LTP', 'value': '5.06'}]}",OHLC_D_I_RSI30FBELOW,RSI entered Oversold Zone (Daily),RSI (14) indicator went below the oversold zone in the current session.,15,Indicator Scans,RSI (14) indicator went below the oversold zone in the current session. It is a bullish event.,,,False,1,N,,OHLC_D_I_RSI30FBELOW
1790075717,"{'stkname': 'CenturyPlyboard', 'ltp': '', 'perChg': '', 'stkId': 'CP9', 'displayLock': 'N', 'scanproflg': 1, 'scUrl': 'miscellaneous/centuryplyboards/CP9', 'columns': [{'name': 'RSI Indicator value', 'value': '27.99'}, {'name': 'change %', 'value': '-1.56'}, {'name': 'LTP', 'value': '692.35'}]}",OHLC_D_I_RSI30FBELOW,RSI entered Oversold Zone (Daily),RSI (14) indicator went below the oversold zone in the current session.,15,Indicator Scans,RSI (14) indicator went below the oversold zone in the current session. It is a bullish event.,,,False,1,N,,OHLC_D_I_RSI30FBELOW
1790075717,"{'stkname': 'Allied Digital', 'ltp': '', 'perChg': '', 'stkId': 'ADS01', 'displayLock': 'N', 'scanproflg': 1, 'scUrl': 'computers-software-mediumsmall/allieddigitalservices/ADS01', 'columns': [{'name': 'RSI Indicator value', 'value': '29.67'}, {'name': 'change %', 'value': '-0.32'}, {'name': 'LTP', 'value': '96.63'}]}",OHLC_D_I_RSI30FBELOW,RSI entered Oversold Zone (Daily),RSI (14) indicator went below the oversold zone in the current session.,15,Indicator Scans,RSI (14) indicator went below the oversold zone in the current session. It is a bullish event.,,,False,1,N,,OHLC_D_I_RSI30FBELOW
1790075717,"{'stkname': 'Latent View', 'ltp': '', 'perChg': '', 'stkId': 'LVA', 'displayLock': 'N', 'scanproflg': 1, 'scUrl': 'it-servicesconsulting/latentviewanalytics/LVA', 'columns': [{'name': 'RSI Indicator value', 'value': '29.16'}, {'name': 'change %', 'value': '-0.93'}, {'name': 'LTP', 'value': '250.10'}]}",OHLC_D_I_RSI30FBELOW,RSI entered Oversold Zone (Daily),RSI (14) indicator went below the oversold zone in the current session.,15,Indicator Scans,RSI (14) indicator went below the oversold zone in the current session. It is a bullish event.,,,False,1,N,,OHLC_D_I_RSI30FBELOW
1790075717,"{'stkname': 'Jupiter Life', 'ltp': '', 'perChg': '', 'stkId': 'JLLHL', 'displayLock': 'N', 'scanproflg': 1, 'scUrl': 'hospitalhealthcare-services/jupiterlifelinehospitals/JLLHL', 'columns': [{'name': 'RSI Indicator value', 'value': '29.68'}, {'name': 'change %', 'value': '-0.56'}, {'name': 'LTP', 'value': '274.00'}]}",OHLC_D_I_RSI30FBELOW,RSI entered Oversold Zone (Daily),RSI (14) indicator went below the oversold zone in the current session.,15,Indicator Scans,RSI (14) indicator went below the oversold zone in the current session. It is a bullish event.,,,False,1,N,,OHLC_D_I_RSI30FBELOW
1790075717,"{'stkname': 'SKM Egg Product', 'ltp': '', 'perChg': '', 'stkId': 'SEP', 'displayLock': 'N', 'scanproflg': 1, 'scUrl': 'food-processing/skmeggproductsexportindia/SKM', 'columns': [{'name': 'RSI Indicator value', 'value': '28.88'}, {'name': 'change %', 'value': '-4.17'}, {'name': 'LTP', 'value': '219.50'}]}",OHLC_D_I_RSI30FBELOW,RSI entered Oversold Zone (Daily),RSI (14) indicator went below the oversold zone in the current session.,15,Indicator Scans,RSI (14) indicator went below the oversold zone in the current session. It is a bullish event.,,,False,1,N,,OHLC_D_I_RSI30FBELOW
1790075717,"{'stkname': 'Bhagiradh Chem', 'ltp': '', 'perChg': '', 'stkId': 'BCI01', 'displayLock': 'N', 'scanproflg': 1, 'scUrl': 'pesticidesagro-chemicals/bhagiradhchemicalsindustries/BCI01', 'columns': [{'name': 'RSI Indicator value', 'value': '29.27'}, {'name': 'change %', 'value': '-1.08'}, {'name': 'LTP', 'value': '243.10'}]}",OHLC_D_I_RSI30FBELOW,RSI entered Oversold Zone (Daily),RSI (14) indicator went below the oversold zone in the current session.,15,Indicator Scans,RSI (14) indicator went below the oversold zone in the current session. It is a bullish event.,,,False,1,N,,OHLC_D_I_RSI30FBELOW
1790075717,"{'stkname': 'G R Infra', 'ltp': '', 'perChg': '', 'stkId': 'I13', 'displayLock': 'N', 'scanproflg': 1, 'scUrl': 'construction-infrastructure/grinfraprojects/I09', 'columns': [{'name': 'RSI Indicator value', 'value': '28.15'}, {'name': 'change %', 'value': '-2.04'}, {'name': 'LTP', 'value': '808.05'}]}",OHLC_D_I_RSI30FBELOW,RSI entered Oversold Zone (Daily),RSI (14) indicator went below the oversold zone in the current session.,15,Indicator Scans,RSI (14) indicator went below the oversold zone in the current session. It is a bullish event.,,,False,1,N,,OHLC_D_I_RSI30FBELOW
1790075717,"{'stkname': 'Thermax', 'ltp': '', 'perChg': '', 'stkId': 'T', 'displayLock': 'N', 'scanproflg': 1, 'scUrl': 'infrastructure-general/thermax/T', 'columns': [{'name': 'RSI Indicator value', 'value': '25.38'}, {'name': 'change %', 'value': '-3.33'}, {'name': 'LTP', 'value': '3,459.00'}]}",OHLC_D_I_RSI30FBELOW,RSI entered Oversold Zone (Daily),RSI (14) indicator went below the oversold zone in the current session.,15,Indicator Scans,RSI (14) indicator went below the oversold zone in the current session. It is a bullish event.,,,False,1,N,,OHLC_D_I_RSI30FBELOW
1790075717,"{'stkname': 'HPL Electric ', 'ltp': '', 'perChg': '', 'stkId': 'HEP', 'displayLock': 'N', 'scanproflg': 1, 'scUrl': 'electric-equipment/hplelectricpower/HEP', 'columns': [{'name': 'RSI Indicator value', 'value': '28.87'}, {'name': 'change %', 'value': '-1.11'}, {'name': 'LTP', 'value': '280.00'}]}",OHLC_D_I_RSI30FBELOW,RSI entered Oversold Zone (Daily),RSI (14) indicator went below the oversold zone in the current session.,15,Indicator Scans,RSI (14) indicator went below the oversold zone in the current session. It is a bullish event.,,,False,1,N,,OHLC_D_I_RSI30FBELOW
1790075717,"{'stkname': 'Mazagon Dock', 'ltp': '', 'perChg': '', 'stkId': 'MDS01', 'displayLock': 'N', 'scanproflg': 1, 'scUrl': 'ship-building/mazagondockshipbuilders/MDS01', 'columns': [{'name': 'RSI Indicator value', 'value': '29.25'}, {'name': 'change %', 'value': '-1.25'}, {'name': 'LTP', 'value': '2,204.00'}]}",OHLC_D_I_RSI30FBELOW,RSI entered Oversold Zone (Daily),RSI (14) indicator went below the oversold zone in the current session.,15,Indicator Scans,RSI (14) indicator went below the oversold zone in the current session. It is a bullish event.,,,False,1,N,,OHLC_D_I_RSI30FBELOW
1790075717,"{'stkname': 'Hemisphere', 'ltp': '', 'perChg': '', 'stkId': 'HPI01', 'displayLock': 'N', 'scanproflg': 1, 'scUrl': 'construction-real-estate/hemispherepropertiesindia/HPI01', 'columns': [{'name': 'RSI Indicator value', 'value': '29.61'}, {'name': 'change %', 'value': '-1.22'}, {'name': 'LTP', 'value': '118.55'}]}",OHLC_D_I_RSI30FBELOW,RSI entered Oversold Zone (Daily),RSI (14) indicator went below the oversold zone in the current session.,15,Indicator Scans,RSI (14) indicator went below the oversold zone in the current session. It is a bullish event.,,,False,1,N,,OHLC_D_I_RSI30FBELOW
1790075717,"{'stkname': 'Guj Alkali', 'ltp': '', 'perChg': '', 'stkId': 'GAC01', 'displayLock': 'N', 'scanproflg': 1, 'scUrl': 'chemicals/gujaratalkalieschemicals/GAC01', 'columns': [{'name': 'RSI Indicator value', 'value': '29.78'}, {'name': 'change %', 'value': '-1.17'}, {'name': 'LTP', 'value': '622.15'}]}",OHLC_D_I_RSI30FBELOW,RSI entered Oversold Zone (Daily),RSI (14) indicator went below the oversold zone in the current session.,15,Indicator Scans,RSI (14) indicator went below the oversold zone in the current session. It is a bullish event.,,,False,1,N,,OHLC_D_I_RSI30FBELOW
1790075717,"{'stkname': 'Harrisons Malay', 'ltp': '', 'perChg': '', 'stkId': 'HM02', 'displayLock': 'N', 'scanproflg': 1, 'scUrl': 'plantations-teacoffee/harrisonsmalyalam/HM02', 'columns': [{'name': 'RSI Indicator value', 'value': '29.12'}, {'name': 'change %', 'value': '-1.17'}, {'name': 'LTP', 'value': '176.10'}]}",OHLC_D_I_RSI30FBELOW,RSI entered Oversold Zone (Daily),RSI (14) indicator went below the oversold zone in the current session.,15,Indicator Scans,RSI (14) indicator went below the oversold zone in the current session. It is a bullish event.,,,False,1,N,,OHLC_D_I_RSI30FBELOW
1790075717,"{'stkname': 'Bajaj Finserv', 'ltp': '', 'perChg': '', 'stkId': 'BF04', 'displayLock': 'N', 'scanproflg': 1, 'scUrl': 'finance-investments/bajajfinserv/BF04', 'columns': [{'name': 'RSI Indicator value', 'value': '29.00'}, {'name': 'change %', 'value': '-1.43'}, {'name': 'LTP', 'value': '1,823.40'}]}",OHLC_D_I_RSI30FBELOW,RSI entered Oversold Zone (Daily),RSI (14) indicator went below the oversold zone in the current session.,15,Indicator Scans,RSI (14) indicator went below the oversold zone in the current session. It is a bullish event.,,,False,1,N,,OHLC_D_I_RSI30FBELOW
1790075717,"{'stkname': 'Tata Elxsi', 'ltp': '', 'perChg': '', 'stkId': 'TEI', 'displayLock': 'N', 'scanproflg': 1, 'scUrl': 'computers-software/tataelxsi/TE', 'columns': [{'name': 'RSI Indicator value', 'value': '27.62'}, {'name': 'change %', 'value': '-2.04'}, {'name': 'LTP', 'value': '3,220.00'}]}",OHLC_D_I_RSI30FBELOW,RSI entered Oversold Zone (Daily),RSI (14) indicator went below the oversold zone in the current session.,15,Indicator Scans,RSI (14) indicator went below the oversold zone in the current session. It is a bullish event.,,,False,1,N,,OHLC_D_I_RSI30FBELOW
1790075717,"{'stkname': 'ABSL Qual30', 'ltp': '', 'perChg': '', 'stkId': 'NIFTY10690', 'displayLock': 'N', 'scanproflg': 1, 'scUrl': 'etf/abslnifty200quality30etf/NIFTY10690', 'columns': [{'name': 'RSI Indicator value', 'value': '29.47'}, {'name': 'change %', 'value': '-0.73'}, {'name': 'LTP', 'value': '20.49'}]}",OHLC_D_I_RSI30FBELOW,RSI entered Oversold Zone (Daily),RSI (14) indicator went below the oversold zone in the current session.,15,Indicator Scans,RSI (14) indicator went below the oversold zone in the current session. It is a bullish event.,,,False,1,N,,OHLC_D_I_RSI30FBELOW
1790075717,"{'stkname': 'SBI QualityETF', 'ltp': '', 'perChg': '', 'stkId': 'SBIET7218', 'displayLock': 'N', 'scanproflg': 1, 'scUrl': 'etf/sbietfquality/SBIET7218', 'columns': [{'name': 'RSI Indicator value', 'value': '29.47'}, {'name': 'change %', 'value': '-0.65'}, {'name': 'LTP', 'value': '214.11'}]}",OHLC_D_I_RSI30FBELOW,RSI entered Oversold Zone (Daily),RSI (14) indicator went below the oversold zone in the current session.,15,Indicator Scans,RSI (14) indicator went below the oversold zone in the current session. It is a bullish event.,,,False,1,N,,OHLC_D_I_RSI30FBELOW
1790075717,"{'stkname': 'HDFC Nifty Gro', 'ltp': '', 'perChg': '', 'stkId': 'HNG03', 'displayLock': 'N', 'scanproflg': 1, 'scUrl': 'etf/hdfcniftygrowthsectors15etf/HNG03', 'columns': [{'name': 'RSI Indicator value', 'value': '29.48'}, {'name': 'change %', 'value': '-0.17'}, {'name': 'LTP', 'value': '114.53'}]}",OHLC_D_I_RSI30FBELOW,RSI entered Oversold Zone (Daily),RSI (14) indicator went below the oversold zone in the current session.,15,Indicator Scans,RSI (14) indicator went below the oversold zone in the current session. It is a bullish event.,,,False,1,N,,OHLC_D_I_RSI30FBELOW
1790075717,"{'stkname': 'AB Money', 'ltp': '', 'perChg': '', 'stkId': 'ASC', 'displayLock': 'N', 'scanproflg': 1, 'scUrl': 'finance-general/adityabirlamoney/ABM01', 'columns': [{'name': 'RSI Indicator value', 'value': '29.78'}, {'name': 'change %', 'value': '-1.82'}, {'name': 'LTP', 'value': '118.57'}]}",OHLC_D_I_RSI30FBELOW,RSI entered Oversold Zone (Daily),RSI (14) indicator went below the oversold zone in the current session.,15,Indicator Scans,RSI (14) indicator went below the oversold zone in the current session. It is a bullish event.,,,False,1,N,,OHLC_D_I_RSI30FBELOW
1790075717,"{'stkname': 'Master Trust', 'ltp': '', 'perChg': '', 'stkId': 'MT02', 'displayLock': 'N', 'scanproflg': 1, 'scUrl': 'finance-leasinghire-purchase/mastertrust/MT02', 'columns': [{'name': 'RSI Indicator value', 'value': '27.47'}, {'name': 'change %', 'value': '-8.67'}, {'name': 'LTP', 'value': '59.60'}]}",OHLC_D_I_RSI30FBELOW,RSI entered Oversold Zone (Daily),RSI (14) indicator went below the oversold zone in the current session.,15,Indicator Scans,RSI (14) indicator went below the oversold zone in the current session. It is a bullish event.,,,False,1,N,,OHLC_D_I_RSI30FBELOW
1790075717,"{'stkname': 'IFGL Refractory', 'ltp': '', 'perChg': '', 'stkId': 'IFG', 'displayLock': 'N', 'scanproflg': 1, 'scUrl': 'cement-productsbuilding-materials/ifglrefractories/IFG', 'columns': [{'name': 'RSI Indicator value', 'value': '26.08'}, {'name': 'change %', 'value': '-6.14'}, {'name': 'LTP', 'value': '131.00'}]}",OHLC_D_I_RSI30FBELOW,RSI entered Oversold Zone (Daily),RSI (14) indicator went below the oversold zone in the current session.,15,Indicator Scans,RSI (14) indicator went below the oversold zone in the current session. It is a bullish event.,,,False,1,N,,OHLC_D_I_RSI30FBELOW
1790075717,"{'stkname': 'DSP Flex.Qual', 'ltp': '', 'perChg': '', 'stkId': 'DNF', 'displayLock': 'N', 'scanproflg': 1, 'scUrl': 'etf/dspnifty500flexicapquality30etf/DNF', 'columns': [{'name': 'RSI Indicator value', 'value': '38.59'}, {'name': 'change %', 'value': '1.03'}, {'name': 'LTP', 'value': '9.77'}]}",OHLC_D_I_RSI30FABV,RSI exited Oversold Zone (Daily),RSI (14) indicator fell below 30 today.,15,Indicator Scans,"RSI (14) indicator fell below 30 today. The zone is oversold, but it is also bearish at the same time.",,,False,1,N,,OHLC_D_I_RSI30FABV
1790075717,"{'stkname': 'DSP GSEC10ADD', 'ltp': '', 'perChg': '', 'stkId': 'DN1', 'displayLock': 'N', 'scanproflg': 1, 'scUrl': 'etf/dspnifty10yrbenchg-secetf/DN1', 'columns': [{'name': 'RSI Indicator value', 'value': '30.79'}, {'name': 'change %', 'value': '0.19'}, {'name': 'LTP', 'value': '26.35'}]}",OHLC_D_I_RSI30FABV,RSI exited Oversold Zone (Daily),RSI (14) indicator fell below 30 today.,15,Indicator Scans,"RSI (14) indicator fell below 30 today. The zone is oversold, but it is also bearish at the same time.",,,False,1,N,,OHLC_D_I_RSI30FABV
1790075717,"{'stkname': 'Ardee Industrie', 'ltp': '', 'perChg': '', 'stkId': 'AIL11', 'displayLock': 'N', 'scanproflg': 1, 'scUrl': 'metals-non-ferrous/ardeeindustries/AIL11', 'columns': [{'name': 'RSI Indicator value', 'value': '40.28'}, {'name': 'change %', 'value': '7.74'}, {'name': 'LTP', 'value': '52.45'}]}",OHLC_D_I_RSI30FABV,RSI exited Oversold Zone (Daily),RSI (14) indicator fell below 30 today.,15,Indicator Scans,"RSI (14) indicator fell below 30 today. The zone is oversold, but it is also bearish at the same time.",,,False,1,N,,OHLC_D_I_RSI30FABV
1790075717,"{'stkname': 'TV Vision', 'ltp': '', 'perChg': '', 'stkId': 'TVV', 'displayLock': 'N', 'scanproflg': 1, 'scUrl': 'mediaentertainment/tvvision/TVV', 'columns': [{'name': 'RSI Indicator value', 'value': '34.33'}, {'name': 'change %', 'value': '4.91'}, {'name': 'LTP', 'value': '2.78'}]}",OHLC_D_I_RSI30FABV,RSI exited Oversold Zone (Daily),RSI (14) indicator fell below 30 today.,15,Indicator Scans,"RSI (14) indicator fell below 30 today. The zone is oversold, but it is also bearish at the same time.",,,False,1,N,,OHLC_D_I_RSI30FABV
1790075717,"{'stkname': 'Goodyear', 'ltp': '', 'perChg': '', 'stkId': 'GI11', 'displayLock': 'N', 'scanproflg': 1, 'scUrl': 'tyres/goodyearindia/GI11', 'columns': [{'name': 'RSI Indicator value', 'value': '30.40'}, {'name': 'change %', 'value': '0.25'}, {'name': 'LTP', 'value': '709.95'}]}",OHLC_D_I_RSI30FABV,RSI exited Oversold Zone (Daily),RSI (14) indicator fell below 30 today.,15,Indicator Scans,"RSI (14) indicator fell below 30 today. The zone is oversold, but it is also bearish at the same time.",,,False,1,N,,OHLC_D_I_RSI30FABV
1790075717,"{'stkname': 'Midwest', 'ltp': '', 'perChg': '', 'stkId': 'ML14', 'displayLock': 'N', 'scanproflg': 1, 'scUrl': 'specialty-miningmetals/midwest/ML12', 'columns': [{'name': 'RSI Indicator value', 'value': '36.48'}, {'name': 'change %', 'value': '2.40'}, {'name': 'LTP', 'value': '1,012.00'}]}",OHLC_D_I_RSI30FABV,RSI exited Oversold Zone (Daily),RSI (14) indicator fell below 30 today.,15,Indicator Scans,"RSI (14) indicator fell below 30 today. The zone is oversold, but it is also bearish at the same time.",,,False,1,N,,OHLC_D_I_RSI30FABV
1790075717,"{'stkname': 'Veedol Corp', 'ltp': '', 'perChg': '', 'stkId': 'TWO', 'displayLock': 'N', 'scanproflg': 1, 'scUrl': 'oil-explorationproduction/veedolcorporation/TWO', 'columns': [{'name': 'RSI Indicator value', 'value': '33.35'}, {'name': 'change %', 'value': '0.97'}, {'name': 'LTP', 'value': '1,370.10'}]}",OHLC_D_I_RSI30FABV,RSI exited Oversold Zone (Daily),RSI (14) indicator fell below 30 today.,15,Indicator Scans,"RSI (14) indicator fell below 30 today. The zone is oversold, but it is also bearish at the same time.",,,False,1,N,,OHLC_D_I_RSI30FABV
1790075717,"{'stkname': 'BMW Ventures', 'ltp': '', 'perChg': '', 'stkId': 'BVL01', 'displayLock': 'N', 'scanproflg': 1, 'scUrl': 'ironsteel/bmwventures/BVL01', 'columns': [{'name': 'RSI Indicator value', 'value': '34.26'}, {'name': 'change %', 'value': '1.55'}, {'name': 'LTP', 'value': '51.25'}]}",OHLC_D_I_RSI30FABV,RSI exited Oversold Zone (Daily),RSI (14) indicator fell below 30 today.,15,Indicator Scans,"RSI (14) indicator fell below 30 today. The zone is oversold, but it is also bearish at the same time.",,,False,1,N,,OHLC_D_I_RSI30FABV
1790075717,"{'stkname': 'Pace Digitek', 'ltp': '', 'perChg': '', 'stkId': 'PDL01', 'displayLock': 'N', 'scanproflg': 1, 'scUrl': 'electric-equipment/pacedigitek/PDL01', 'columns': [{'name': 'RSI Indicator value', 'value': '51.51'}, {'name': 'change %', 'value': '9.12'}, {'name': 'LTP', 'value': '168.98'}]}",OHLC_D_I_RSI30FABV,RSI exited Oversold Zone (Daily),RSI (14) indicator fell below 30 today.,15,Indicator Scans,"RSI (14) indicator fell below 30 today. The zone is oversold, but it is also bearish at the same time.",,,False,1,N,,OHLC_D_I_RSI30FABV
1790075717,"{'stkname': 'iValue Infosolu', 'ltp': '', 'perChg': '', 'stkId': 'IIL06', 'displayLock': 'N', 'scanproflg': 1, 'scUrl': 'it-servicesconsulting/ivalueinfosolutions/iIL06', 'columns': [{'name': 'RSI Indicator value', 'value': '32.26'}, {'name': 'change %', 'value': '1.23'}, {'name': 'LTP', 'value': '224.05'}]}",OHLC_D_I_RSI30FABV,RSI exited Oversold Zone (Daily),RSI (14) indicator fell below 30 today.,15,Indicator Scans,"RSI (14) indicator fell below 30 today. The zone is oversold, but it is also bearish at the same time.",,,False,1,N,,OHLC_D_I_RSI30FABV
1790075717,"{'stkname': 'DOMS Industries', 'ltp': '', 'perChg': '', 'stkId': 'DIL03', 'displayLock': 'N', 'scanproflg': 1, 'scUrl': 'printingstationery/domsindustries/DIL04', 'columns': [{'name': 'RSI Indicator value', 'value': '34.28'}, {'name': 'change %', 'value': '0.81'}, {'name': 'LTP', 'value': '2,099.90'}]}",OHLC_D_I_RSI30FABV,RSI exited Oversold Zone (Daily),RSI (14) indicator fell below 30 today.,15,Indicator Scans,"RSI (14) indicator fell below 30 today. The zone is oversold, but it is also bearish at the same time.",,,False,1,N,,OHLC_D_I_RSI30FABV
1790075717,"{'stkname': 'Kothari Product', 'ltp': '', 'perChg': '', 'stkId': 'KP06', 'displayLock': 'N', 'scanproflg': 1, 'scUrl': 'cigarettes/kothariproducts/KP06', 'columns': [{'name': 'RSI Indicator value', 'value': '35.70'}, {'name': 'change %', 'value': '1.22'}, {'name': 'LTP', 'value': '64.00'}]}",OHLC_D_I_RSI30FABV,RSI exited Oversold Zone (Daily),RSI (14) indicator fell below 30 today.,15,Indicator Scans,"RSI (14) indicator fell below 30 today. The zone is oversold, but it is also bearish at the same time.",,,False,1,N,,OHLC_D_I_RSI30FABV
1790075717,"{'stkname': 'Uma Exports', 'ltp': '', 'perChg': '', 'stkId': 'UE', 'displayLock': 'N', 'scanproflg': 1, 'scUrl': 'trading/umaexports/UE01', 'columns': [{'name': 'RSI Indicator value', 'value': '32.39'}, {'name': 'change %', 'value': '1.99'}, {'name': 'LTP', 'value': '20.01'}]}",OHLC_D_I_RSI30FABV,RSI exited Oversold Zone (Daily),RSI (14) indicator fell below 30 today.,15,Indicator Scans,"RSI (14) indicator fell below 30 today. The zone is oversold, but it is also bearish at the same time.",,,False,1,N,,OHLC_D_I_RSI30FABV
1790075717,"{'stkname': 'Praxis Home Ret', 'ltp': '', 'perChg': '', 'stkId': 'PRAXI54090', 'displayLock': 'N', 'scanproflg': 1, 'scUrl': 'retail/praxishomeretail/PRAXI54090', 'columns': [{'name': 'RSI Indicator value', 'value': '32.69'}, {'name': 'change %', 'value': '3.08'}, {'name': 'LTP', 'value': '4.35'}]}",OHLC_D_I_RSI30FABV,RSI exited Oversold Zone (Daily),RSI (14) indicator fell below 30 today.,15,Indicator Scans,"RSI (14) indicator fell below 30 today. The zone is oversold, but it is also bearish at the same time.",,,False,1,N,,OHLC_D_I_RSI30FABV
1790075717,"{'stkname': 'Kitex Garments', 'ltp': '', 'perChg': '', 'stkId': 'KG01', 'displayLock': 'N', 'scanproflg': 1, 'scUrl': 'textiles-readymade-apparels/kitexgarments/KG01', 'columns': [{'name': 'RSI Indicator value', 'value': '36.23'}, {'name': 'change %', 'value': '2.74'}, {'name': 'LTP', 'value': '119.30'}]}",OHLC_D_I_RSI30FABV,RSI exited Oversold Zone (Daily),RSI (14) indicator fell below 30 today.,15,Indicator Scans,"RSI (14) indicator fell below 30 today. The zone is oversold, but it is also bearish at the same time.",,,False,1,N,,OHLC_D_I_RSI30FABV
1790075717,"{'stkname': 'TPL Plastech', 'ltp': '', 'perChg': '', 'stkId': 'TP', 'displayLock': 'N', 'scanproflg': 1, 'scUrl': 'plastics/tplplastech/TPL02', 'columns': [{'name': 'RSI Indicator value', 'value': '32.78'}, {'name': 'change %', 'value': '0.97'}, {'name': 'LTP', 'value': '65.66'}]}",OHLC_D_I_RSI30FABV,RSI exited Oversold Zone (Daily),RSI (14) indicator fell below 30 today.,15,Indicator Scans,"RSI (14) indicator fell below 30 today. The zone is oversold, but it is also bearish at the same time.",,,False,1,N,,OHLC_D_I_RSI30FABV
1790075717,"{'stkname': 'Berger Paints', 'ltp': '', 'perChg': '', 'stkId': 'BPI02', 'displayLock': 'N', 'scanproflg': 1, 'scUrl': 'paintsvarnishes/bergerpaintsindia/BPI02', 'columns': [{'name': 'RSI Indicator value', 'value': '30.39'}, {'name': 'change %', 'value': '0.32'}, {'name': 'LTP', 'value': '452.05'}]}",OHLC_D_I_RSI30FABV,RSI exited Oversold Zone (Daily),RSI (14) indicator fell below 30 today.,15,Indicator Scans,"RSI (14) indicator fell below 30 today. The zone is oversold, but it is also bearish at the same time.",,,False,1,N,,OHLC_D_I_RSI30FABV
1790075717,"{'stkname': 'Orissa Minerals', 'ltp': '', 'perChg': '', 'stkId': 'OMD', 'displayLock': 'N', 'scanproflg': 1, 'scUrl': 'miningminerals/orissamineralsdevelopmentcompany/OMD', 'columns': [{'name': 'RSI Indicator value', 'value': '34.95'}, {'name': 'change %', 'value': '1.72'}, {'name': 'LTP', 'value': '3,886.50'}]}",OHLC_D_I_RSI30FABV,RSI exited Oversold Zone (Daily),RSI (14) indicator fell below 30 today.,15,Indicator Scans,"RSI (14) indicator fell below 30 today. The zone is oversold, but it is also bearish at the same time.",,,False,1,N,,OHLC_D_I_RSI30FABV
1790075717,"{'stkname': 'Dev Information', 'ltp': '', 'perChg': '', 'stkId': 'DIT02', 'displayLock': 'N', 'scanproflg': 1, 'scUrl': 'computers-software/devinformationtechnology/DIT02', 'columns': [{'name': 'RSI Indicator value', 'value': '34.74'}, {'name': 'change %', 'value': '1.25'}, {'name': 'LTP', 'value': '23.44'}]}",OHLC_D_I_RSI30FABV,RSI exited Oversold Zone (Daily),RSI (14) indicator fell below 30 today.,15,Indicator Scans,"RSI (14) indicator fell below 30 today. The zone is oversold, but it is also bearish at the same time.",,,False,1,N,,OHLC_D_I_RSI30FABV
1790075717,"{'stkname': 'Nucleus Softwar', 'ltp': '', 'perChg': '', 'stkId': 'NS', 'displayLock': 'N', 'scanproflg': 1, 'scUrl': 'computers-software-mediumsmall/nucleussoftwareexports/NS', 'columns': [{'name': 'RSI Indicator value', 'value': '31.59'}, {'name': 'change %', 'value': '0.45'}, {'name': 'LTP', 'value': '687.00'}]}",OHLC_D_I_RSI30FABV,RSI exited Oversold Zone (Daily),RSI (14) indicator fell below 30 today.,15,Indicator Scans,"RSI (14) indicator fell below 30 today. The zone is oversold, but it is also bearish at the same time.",,,False,1,N,,OHLC_D_I_RSI30FABV
1790075717,"{'stkname': 'Hinduja Global', 'ltp': '', 'perChg': '', 'stkId': 'HTM01', 'displayLock': 'N', 'scanproflg': 1, 'scUrl': 'computers-software/hindujaglobalsolutions/HGS01', 'columns': [{'name': 'RSI Indicator value', 'value': '32.53'}, {'name': 'change %', 'value': '0.56'}, {'name': 'LTP', 'value': '379.90'}]}",OHLC_D_I_RSI30FABV,RSI exited Oversold Zone (Daily),RSI (14) indicator fell below 30 today.,15,Indicator Scans,"RSI (14) indicator fell below 30 today. The zone is oversold, but it is also bearish at the same time.",,,False,1,N,,OHLC_D_I_RSI30FABV
1790075717,"{'stkname': 'AION-TECH', 'ltp': '', 'perChg': '', 'stkId': 'GE02', 'displayLock': 'N', 'scanproflg': 1, 'scUrl': 'computers-software-mediumsmall/aion-techsolutions/GT04', 'columns': [{'name': 'RSI Indicator value', 'value': '30.20'}, {'name': 'change %', 'value': '0.91'}, {'name': 'LTP', 'value': '42.22'}]}",OHLC_D_I_RSI30FABV,RSI exited Oversold Zone (Daily),RSI (14) indicator fell below 30 today.,15,Indicator Scans,"RSI (14) indicator fell below 30 today. The zone is oversold, but it is also bearish at the same time.",,,False,1,N,,OHLC_D_I_RSI30FABV
1790075717,"{'stkname': 'Mindteck', 'ltp': '', 'perChg': '', 'stkId': 'HI06', 'displayLock': 'N', 'scanproflg': 1, 'scUrl': 'computers-software/mindteckindia/MI35', 'columns': [{'name': 'RSI Indicator value', 'value': '36.34'}, {'name': 'change %', 'value': '2.50'}, {'name': 'LTP', 'value': '159.61'}]}",OHLC_D_I_RSI30FABV,RSI exited Oversold Zone (Daily),RSI (14) indicator fell below 30 today.,15,Indicator Scans,"RSI (14) indicator fell below 30 today. The zone is oversold, but it is also bearish at the same time.",,,False,1,N,,OHLC_D_I_RSI30FABV
1790075717,"{'stkname': 'Vakrangee', 'ltp': '', 'perChg': '', 'stkId': 'VI02', 'displayLock': 'N', 'scanproflg': 1, 'scUrl': 'computers-software-mediumsmall/vakrangee/VS', 'columns': [{'name': 'RSI Indicator value', 'value': '32.21'}, {'name': 'change %', 'value': '2.52'}, {'name': 'LTP', 'value': '5.29'}]}",OHLC_D_I_RSI30FABV,RSI exited Oversold Zone (Daily),RSI (14) indicator fell below 30 today.,15,Indicator Scans,"RSI (14) indicator fell below 30 today. The zone is oversold, but it is also bearish at the same time.",,,False,1,N,,OHLC_D_I_RSI30FABV
1790075717,"{'stkname': 'Gulshan Poly', 'ltp': '', 'perChg': '', 'stkId': 'GP9', 'displayLock': 'N', 'scanproflg': 1, 'scUrl': 'chemicals/gulshanpolyols/GP9', 'columns': [{'name': 'RSI Indicator value', 'value': '37.05'}, {'name': 'change %', 'value': '2.17'}, {'name': 'LTP', 'value': '173.20'}]}",OHLC_D_I_RSI30FABV,RSI exited Oversold Zone (Daily),RSI (14) indicator fell below 30 today.,15,Indicator Scans,"RSI (14) indicator fell below 30 today. The zone is oversold, but it is also bearish at the same time.",,,False,1,N,,OHLC_D_I_RSI30FABV
1790075717,"{'stkname': 'Sterling Wilson', 'ltp': '', 'perChg': '', 'stkId': 'SWS', 'displayLock': 'N', 'scanproflg': 1, 'scUrl': 'power-generationdistribution/sterlingwilsonrenewableenergy/SWS', 'columns': [{'name': 'RSI Indicator value', 'value': '35.62'}, {'name': 'change %', 'value': '2.47'}, {'name': 'LTP', 'value': '177.55'}]}",OHLC_D_I_RSI30FABV,RSI exited Oversold Zone (Daily),RSI (14) indicator fell below 30 today.,15,Indicator Scans,"RSI (14) indicator fell below 30 today. The zone is oversold, but it is also bearish at the same time.",,,False,1,N,,OHLC_D_I_RSI30FABV
1790075717,"{'stkname': 'Ugro Capital', 'ltp': '', 'perChg': '', 'stkId': 'CS08', 'displayLock': 'N', 'scanproflg': 1, 'scUrl': 'finance-general/ugrocapital/CS08', 'columns': [{'name': 'RSI Indicator value', 'value': '30.95'}, {'name': 'change %', 'value': '0.38'}, {'name': 'LTP', 'value': '82.60'}]}",OHLC_D_I_RSI30FABV,RSI exited Oversold Zone (Daily),RSI (14) indicator fell below 30 today.,15,Indicator Scans,"RSI (14) indicator fell below 30 today. The zone is oversold, but it is also bearish at the same time.",,,False,1,N,,OHLC_D_I_RSI30FABV
1790075717,"{'stkname': 'SUMITOMO', 'ltp': '', 'perChg': '', 'stkId': 'SUMIC54292', 'displayLock': 'N', 'scanproflg': 1, 'scUrl': 'pesticidesagrochemicals/sumitomochemicalindialimite/SUMIC54292', 'columns': [{'name': 'RSI Indicator value', 'value': '31.90'}, {'name': 'change %', 'value': '1.09'}, {'name': 'LTP', 'value': '459.50'}]}",OHLC_D_I_RSI30FABV,RSI exited Oversold Zone (Daily),RSI (14) indicator fell below 30 today.,15,Indicator Scans,"RSI (14) indicator fell below 30 today. The zone is oversold, but it is also bearish at the same time.",,,False,1,N,,OHLC_D_I_RSI30FABV
1790075717,"{'stkname': 'APTUS VALUE', 'ltp': '', 'perChg': '', 'stkId': 'AVH', 'displayLock': 'N', 'scanproflg': 1, 'scUrl': 'finance-housing/aptusvaluehousingfinanceindia/AVH', 'columns': [{'name': 'RSI Indicator value', 'value': '37.23'}, {'name': 'change %', 'value': '1.99'}, {'name': 'LTP', 'value': '242.00'}]}",OHLC_D_I_RSI30FABV,RSI exited Oversold Zone (Daily),RSI (14) indicator fell below 30 today.,15,Indicator Scans,"RSI (14) indicator fell below 30 today. The zone is oversold, but it is also bearish at the same time.",,,False,1,N,,OHLC_D_I_RSI30FABV
1790075717,"{'stkname': 'Bharat Rasayan', 'ltp': '', 'perChg': '', 'stkId': 'BR01', 'displayLock': 'N', 'scanproflg': 1, 'scUrl': 'pesticidesagro-chemicals/bharatrasayan/BR01', 'columns': [{'name': 'RSI Indicator value', 'value': '31.09'}, {'name': 'change %', 'value': '1.24'}, {'name': 'LTP', 'value': '1,122.80'}]}",OHLC_D_I_RSI30FABV,RSI exited Oversold Zone (Daily),RSI (14) indicator fell below 30 today.,15,Indicator Scans,"RSI (14) indicator fell below 30 today. The zone is oversold, but it is also bearish at the same time.",,,False,1,N,,OHLC_D_I_RSI30FABV
1790075717,"{'stkname': 'Bharat Road Net', 'ltp': '', 'perChg': '', 'stkId': 'BRN', 'displayLock': 'N', 'scanproflg': 1, 'scUrl': 'infrastructure-general/bharatroadnetwork/BRN', 'columns': [{'name': 'RSI Indicator value', 'value': '44.85'}, {'name': 'change %', 'value': '3.79'}, {'name': 'LTP', 'value': '16.71'}]}",OHLC_D_I_RSI30FABV,RSI exited Oversold Zone (Daily),RSI (14) indicator fell below 30 today.,15,Indicator Scans,"RSI (14) indicator fell below 30 today. The zone is oversold, but it is also bearish at the same time.",,,False,1,N,,OHLC_D_I_RSI30FABV
1790075717,"{'stkname': 'Esab India', 'ltp': '', 'perChg': '', 'stkId': 'EI06', 'displayLock': 'N', 'scanproflg': 1, 'scUrl': 'electrodesgraphite/esabindia/EI06', 'columns': [{'name': 'RSI Indicator value', 'value': '36.87'}, {'name': 'change %', 'value': '1.60'}, {'name': 'LTP', 'value': '5,650.00'}]}",OHLC_D_I_RSI30FABV,RSI exited Oversold Zone (Daily),RSI (14) indicator fell below 30 today.,15,Indicator Scans,"RSI (14) indicator fell below 30 today. The zone is oversold, but it is also bearish at the same time.",,,False,1,N,,OHLC_D_I_RSI30FABV
1790075717,"{'stkname': 'Anup Eng', 'ltp': '', 'perChg': '', 'stkId': 'ANUP54246', 'displayLock': 'N', 'scanproflg': 1, 'scUrl': 'engineering-industrial-equipments/theanupengineering/ANUP54246', 'columns': [{'name': 'RSI Indicator value', 'value': '32.42'}, {'name': 'change %', 'value': '1.65'}, {'name': 'LTP', 'value': '1,659.00'}]}",OHLC_D_I_RSI30FABV,RSI exited Oversold Zone (Daily),RSI (14) indicator fell below 30 today.,15,Indicator Scans,"RSI (14) indicator fell below 30 today. The zone is oversold, but it is also bearish at the same time.",,,False,1,N,,OHLC_D_I_RSI30FABV
1790075717,"{'stkname': 'EPack Durables', 'ltp': '', 'perChg': '', 'stkId': 'EDL', 'displayLock': 'N', 'scanproflg': 1, 'scUrl': 'electronic-goods/epackdurables/EDL', 'columns': [{'name': 'RSI Indicator value', 'value': '30.98'}, {'name': 'change %', 'value': '1.09'}, {'name': 'LTP', 'value': '181.63'}]}",OHLC_D_I_RSI30FABV,RSI exited Oversold Zone (Daily),RSI (14) indicator fell below 30 today.,15,Indicator Scans,"RSI (14) indicator fell below 30 today. The zone is oversold, but it is also bearish at the same time.",,,False,1,N,,OHLC_D_I_RSI30FABV
1790075717,"{'stkname': 'Valor Estate', 'ltp': '', 'perChg': '', 'stkId': 'DR', 'displayLock': 'N', 'scanproflg': 1, 'scUrl': 'construction-residentialcommercial-complexes/valorestate/DR', 'columns': [{'name': 'RSI Indicator value', 'value': '36.00'}, {'name': 'change %', 'value': '1.99'}, {'name': 'LTP', 'value': '97.19'}]}",OHLC_D_I_RSI30FABV,RSI exited Oversold Zone (Daily),RSI (14) indicator fell below 30 today.,15,Indicator Scans,"RSI (14) indicator fell below 30 today. The zone is oversold, but it is also bearish at the same time.",,,False,1,N,,OHLC_D_I_RSI30FABV
1790075717,"{'stkname': 'UCO Bank', 'ltp': '', 'perChg': '', 'stkId': 'UCO', 'displayLock': 'N', 'scanproflg': 1, 'scUrl': 'banks-public-sector/ucobank/UCO', 'columns': [{'name': 'RSI Indicator value', 'value': '32.46'}, {'name': 'change %', 'value': '0.47'}, {'name': 'LTP', 'value': '23.73'}]}",OHLC_D_I_RSI30FABV,RSI exited Oversold Zone (Daily),RSI (14) indicator fell below 30 today.,15,Indicator Scans,"RSI (14) indicator fell below 30 today. The zone is oversold, but it is also bearish at the same time.",,,False,1,N,,OHLC_D_I_RSI30FABV
1790075717,"{'stkname': 'Aqylon Nexus', 'ltp': '', 'perChg': '', 'stkId': 'SAB', 'displayLock': 'N', 'scanproflg': 1, 'scUrl': 'mediaentertainment/aqylonnexus/SAB', 'columns': [{'name': 'RSI Indicator value', 'value': '30.81'}, {'name': 'change %', 'value': '1.94'}, {'name': 'LTP', 'value': '42.00'}]}",OHLC_D_I_RSI30FABV,RSI exited Oversold Zone (Daily),RSI (14) indicator fell below 30 today.,15,Indicator Scans,"RSI (14) indicator fell below 30 today. The zone is oversold, but it is also bearish at the same time.",,,False,1,N,,OHLC_D_I_RSI30FABV
1790075717,"{'stkname': 'Lalithaa Jewell', 'ltp': '', 'perChg': '', 'stkId': 'LJML', 'displayLock': 'N', 'scanproflg': 1, 'scUrl': 'diamondjewellery/lalithaajewellerymart/LJML', 'columns': [{'name': 'RSI Indicator value', 'value': '70.53'}, {'name': 'change %', 'value': '5.00'}, {'name': 'LTP', 'value': '336.10'}]}",OHLC_D_I_RSI70FABV,RSI entered Overbought Zone (Daily),RSI (14) indicator exited the overbought zone in the current session,15,Indicator Scans,RSI (14) indicator exited the overbought zone in the current session. It is a bearish event.,,,False,1,N,,OHLC_D_I_RSI70FABV
1790075717,"{'stkname': 'Kilburn Engg', 'ltp': '', 'perChg': '', 'stkId': 'KE03', 'displayLock': 'N', 'scanproflg': 1, 'scUrl': 'engineering-heavy/kilburnengineering/KE03', 'columns': [{'name': 'RSI Indicator value', 'value': '71.70'}, {'name': 'change %', 'value': '12.90'}, {'name': 'LTP', 'value': '519.35'}]}",OHLC_D_I_RSI70FABV,RSI entered Overbought Zone (Daily),RSI (14) indicator exited the overbought zone in the current session,15,Indicator Scans,RSI (14) indicator exited the overbought zone in the current session. It is a bearish event.,,,False,1,N,,OHLC_D_I_RSI70FABV
1790075717,"{'stkname': 'Protean eGov', 'ltp': '', 'perChg': '', 'stkId': 'PETL', 'displayLock': 'N', 'scanproflg': 1, 'scUrl': 'it-servicesconsulting/proteanegovtechnologies/PeTL', 'columns': [{'name': 'RSI Indicator value', 'value': '73.58'}, {'name': 'change %', 'value': '6.42'}, {'name': 'LTP', 'value': '626.10'}]}",OHLC_D_I_RSI70FABV,RSI entered Overbought Zone (Daily),RSI (14) indicator exited the overbought zone in the current session,15,Indicator Scans,RSI (14) indicator exited the overbought zone in the current session. It is a bearish event.,,,False,1,N,,OHLC_D_I_RSI70FABV
1790075717,"{'stkname': 'Race Eco Chain', 'ltp': '', 'perChg': '', 'stkId': 'AI43', 'displayLock': 'N', 'scanproflg': 1, 'scUrl': 'trading/raceecochain/AI08', 'columns': [{'name': 'RSI Indicator value', 'value': '76.85'}, {'name': 'change %', 'value': '19.99'}, {'name': 'LTP', 'value': '119.98'}]}",OHLC_D_I_RSI70FABV,RSI entered Overbought Zone (Daily),RSI (14) indicator exited the overbought zone in the current session,15,Indicator Scans,RSI (14) indicator exited the overbought zone in the current session. It is a bearish event.,,,False,1,N,,OHLC_D_I_RSI70FABV
1790075717,"{'stkname': 'Optiemus Infra', 'ltp': '', 'perChg': '', 'stkId': 'AF02', 'displayLock': 'N', 'scanproflg': 1, 'scUrl': 'telecommunication-equipment/optiemusinfracom/AF02', 'columns': [{'name': 'RSI Indicator value', 'value': '73.78'}, {'name': 'change %', 'value': '20.00'}, {'name': 'LTP', 'value': '708.90'}]}",OHLC_D_I_RSI70FABV,RSI entered Overbought Zone (Daily),RSI (14) indicator exited the overbought zone in the current session,15,Indicator Scans,RSI (14) indicator exited the overbought zone in the current session. It is a bearish event.,,,False,1,N,,OHLC_D_I_RSI70FABV
1790075717,"{'stkname': 'Meesho', 'ltp': '', 'perChg': '', 'stkId': 'ML15', 'displayLock': 'N', 'scanproflg': 1, 'scUrl': 'retailing/meesho/ML13', 'columns': [{'name': 'RSI Indicator value', 'value': '76.73'}, {'name': 'change %', 'value': '9.79'}, {'name': 'LTP', 'value': '240.60'}]}",OHLC_D_I_RSI70FABV,RSI entered Overbought Zone (Daily),RSI (14) indicator exited the overbought zone in the current session,15,Indicator Scans,RSI (14) indicator exited the overbought zone in the current session. It is a bearish event.,,,False,1,N,,OHLC_D_I_RSI70FABV
1790075717,"{'stkname': 'Pasupati Acrylo', 'ltp': '', 'perChg': '', 'stkId': 'PA03', 'displayLock': 'N', 'scanproflg': 1, 'scUrl': 'textiles-manmade/pasupatiacrylon/PA03', 'columns': [{'name': 'RSI Indicator value', 'value': '76.65'}, {'name': 'change %', 'value': '7.40'}, {'name': 'LTP', 'value': '76.44'}]}",OHLC_D_I_RSI70FABV,RSI entered Overbought Zone (Daily),RSI (14) indicator exited the overbought zone in the current session,15,Indicator Scans,RSI (14) indicator exited the overbought zone in the current session. It is a bearish event.,,,False,1,N,,OHLC_D_I_RSI70FABV
1790075717,"{'stkname': 'Iris Clothings ', 'ltp': '', 'perChg': '', 'stkId': 'IC07', 'displayLock': 'N', 'scanproflg': 1, 'scUrl': 'textiles/irisclothings/IC01', 'columns': [{'name': 'RSI Indicator value', 'value': '70.34'}, {'name': 'change %', 'value': '2.22'}, {'name': 'LTP', 'value': '66.25'}]}",OHLC_D_I_RSI70FABV,RSI entered Overbought Zone (Daily),RSI (14) indicator exited the overbought zone in the current session,15,Indicator Scans,RSI (14) indicator exited the overbought zone in the current session. It is a bearish event.,,,False,1,N,,OHLC_D_I_RSI70FABV
1790075717,"{'stkname': 'GVK Power', 'ltp': '', 'perChg': '', 'stkId': 'GVK', 'displayLock': 'N', 'scanproflg': 1, 'scUrl': 'power-generationdistribution/gvkpowerinfrastructure/GVK', 'columns': [{'name': 'RSI Indicator value', 'value': '71.33'}, {'name': 'change %', 'value': '1.66'}, {'name': 'LTP', 'value': '2.45'}]}",OHLC_D_I_RSI70FABV,RSI entered Overbought Zone (Daily),RSI (14) indicator exited the overbought zone in the current session,15,Indicator Scans,RSI (14) indicator exited the overbought zone in the current session. It is a bearish event.,,,False,1,N,,OHLC_D_I_RSI70FABV
1790075717,"{'stkname': 'Innova Captab', 'ltp': '', 'perChg': '', 'stkId': 'ICL01', 'displayLock': 'N', 'scanproflg': 1, 'scUrl': 'pharmaceuticalsdrugs/innovacaptab/ICL01', 'columns': [{'name': 'RSI Indicator value', 'value': '73.12'}, {'name': 'change %', 'value': '2.90'}, {'name': 'LTP', 'value': '1,233.00'}]}",OHLC_D_I_RSI70FABV,RSI entered Overbought Zone (Daily),RSI (14) indicator exited the overbought zone in the current session,15,Indicator Scans,RSI (14) indicator exited the overbought zone in the current session. It is a bearish event.,,,False,1,N,,OHLC_D_I_RSI70FABV
1790075717,"{'stkname': 'SMS Pharma', 'ltp': '', 'perChg': '', 'stkId': 'SP37', 'displayLock': 'N', 'scanproflg': 1, 'scUrl': 'pharmaceuticals/smspharmaceuticals/SP38', 'columns': [{'name': 'RSI Indicator value', 'value': '71.18'}, {'name': 'change %', 'value': '3.05'}, {'name': 'LTP', 'value': '480.75'}]}",OHLC_D_I_RSI70FABV,RSI entered Overbought Zone (Daily),RSI (14) indicator exited the overbought zone in the current session,15,Indicator Scans,RSI (14) indicator exited the overbought zone in the current session. It is a bearish event.,,,False,1,N,,OHLC_D_I_RSI70FABV
1790075717,"{'stkname': 'Arrow Greentech', 'ltp': '', 'perChg': '', 'stkId': 'ACP', 'displayLock': 'N', 'scanproflg': 1, 'scUrl': 'plastics/arrowgreentech/ACP', 'columns': [{'name': 'RSI Indicator value', 'value': '72.40'}, {'name': 'change %', 'value': '4.77'}, {'name': 'LTP', 'value': '917.80'}]}",OHLC_D_I_RSI70FABV,RSI entered Overbought Zone (Daily),RSI (14) indicator exited the overbought zone in the current session,15,Indicator Scans,RSI (14) indicator exited the overbought zone in the current session. It is a bearish event.,,,False,1,N,,OHLC_D_I_RSI70FABV
1790075717,"{'stkname': 'Zota Health Car', 'ltp': '', 'perChg': '', 'stkId': 'ZHC', 'displayLock': 'N', 'scanproflg': 1, 'scUrl': 'pharmaceuticals/zotahealthcare/ZHC', 'columns': [{'name': 'RSI Indicator value', 'value': '74.79'}, {'name': 'change %', 'value': '5.53'}, {'name': 'LTP', 'value': '1,359.00'}]}",OHLC_D_I_RSI70FABV,RSI entered Overbought Zone (Daily),RSI (14) indicator exited the overbought zone in the current session,15,Indicator Scans,RSI (14) indicator exited the overbought zone in the current session. It is a bearish event.,,,False,1,N,,OHLC_D_I_RSI70FABV
1790075717,"{'stkname': 'Kilitch Drugs', 'ltp': '', 'perChg': '', 'stkId': 'KDI', 'displayLock': 'N', 'scanproflg': 1, 'scUrl': 'pharmaceuticals/kilitchdrugsindia/KDI', 'columns': [{'name': 'RSI Indicator value', 'value': '71.10'}, {'name': 'change %', 'value': '5.00'}, {'name': 'LTP', 'value': '201.02'}]}",OHLC_D_I_RSI70FABV,RSI entered Overbought Zone (Daily),RSI (14) indicator exited the overbought zone in the current session,15,Indicator Scans,RSI (14) indicator exited the overbought zone in the current session. It is a bearish event.,,,False,1,N,,OHLC_D_I_RSI70FABV
1790075717,"{'stkname': 'Jubilant Pharmo', 'ltp': '', 'perChg': '', 'stkId': 'VOC', 'displayLock': 'N', 'scanproflg': 1, 'scUrl': 'pharmaceuticals/jubilantpharmova/JO03', 'columns': [{'name': 'RSI Indicator value', 'value': '72.04'}, {'name': 'change %', 'value': '1.69'}, {'name': 'LTP', 'value': '1,067.00'}]}",OHLC_D_I_RSI70FABV,RSI entered Overbought Zone (Daily),RSI (14) indicator exited the overbought zone in the current session,15,Indicator Scans,RSI (14) indicator exited the overbought zone in the current session. It is a bearish event.,,,False,1,N,,OHLC_D_I_RSI70FABV
1790075717,"{'stkname': 'Gandhi Spl Tube', 'ltp': '', 'perChg': '', 'stkId': 'GST', 'displayLock': 'N', 'scanproflg': 1, 'scUrl': 'steel-tubespipes/gandhispecialtubes/GST', 'columns': [{'name': 'RSI Indicator value', 'value': '76.43'}, {'name': 'change %', 'value': '10.08'}, {'name': 'LTP', 'value': '1,001.00'}]}",OHLC_D_I_RSI70FABV,RSI entered Overbought Zone (Daily),RSI (14) indicator exited the overbought zone in the current session,15,Indicator Scans,RSI (14) indicator exited the overbought zone in the current session. It is a bearish event.,,,False,1,N,,OHLC_D_I_RSI70FABV
1790075717,"{'stkname': 'One Point One', 'ltp': '', 'perChg': '', 'stkId': 'OPO', 'displayLock': 'N', 'scanproflg': 1, 'scUrl': 'bpoites/onepointonesolutions/OPO', 'columns': [{'name': 'RSI Indicator value', 'value': '73.07'}, {'name': 'change %', 'value': '5.78'}, {'name': 'LTP', 'value': '63.50'}]}",OHLC_D_I_RSI70FABV,RSI entered Overbought Zone (Daily),RSI (14) indicator exited the overbought zone in the current session,15,Indicator Scans,RSI (14) indicator exited the overbought zone in the current session. It is a bearish event.,,,False,1,N,,OHLC_D_I_RSI70FABV
1790075717,"{'stkname': 'Arihant Capital', 'ltp': '', 'perChg': '', 'stkId': 'ACM02', 'displayLock': 'N', 'scanproflg': 1, 'scUrl': 'finance-investments/arihantcapitalmarkets/ACM02', 'columns': [{'name': 'RSI Indicator value', 'value': '76.34'}, {'name': 'change %', 'value': '13.82'}, {'name': 'LTP', 'value': '92.89'}]}",OHLC_D_I_RSI70FABV,RSI entered Overbought Zone (Daily),RSI (14) indicator exited the overbought zone in the current session,15,Indicator Scans,RSI (14) indicator exited the overbought zone in the current session. It is a bearish event.,,,False,1,N,,OHLC_D_I_RSI70FABV
1790075717,"{'stkname': 'AVT Natural', 'ltp': '', 'perChg': '', 'stkId': 'AVT', 'displayLock': 'N', 'scanproflg': 1, 'scUrl': 'edible-oilssolvent-extraction/avtnaturalproducts/AVT02', 'columns': [{'name': 'RSI Indicator value', 'value': '71.49'}, {'name': 'change %', 'value': '9.84'}, {'name': 'LTP', 'value': '98.90'}]}",OHLC_D_I_RSI70FABV,RSI entered Overbought Zone (Daily),RSI (14) indicator exited the overbought zone in the current session,15,Indicator Scans,RSI (14) indicator exited the overbought zone in the current session. It is a bearish event.,,,False,1,N,,OHLC_D_I_RSI70FABV
1790075717,"{'stkname': 'TSF Investments', 'ltp': '', 'perChg': '', 'stkId': 'SFH', 'displayLock': 'N', 'scanproflg': 1, 'scUrl': 'finance-general/tsfinvestments/SFH', 'columns': [{'name': 'RSI Indicator value', 'value': '70.61'}, {'name': 'change %', 'value': '0.53'}, {'name': 'LTP', 'value': '462.80'}]}",OHLC_D_I_RSI70FABV,RSI entered Overbought Zone (Daily),RSI (14) indicator exited the overbought zone in the current session,15,Indicator Scans,RSI (14) indicator exited the overbought zone in the current session. It is a bearish event.,,,False,1,N,,OHLC_D_I_RSI70FABV
1790075717,"{'stkname': 'Shivalik Rasa', 'ltp': '', 'perChg': '', 'stkId': 'SR07', 'displayLock': 'N', 'scanproflg': 1, 'scUrl': 'pesticidesagrochemicals/shivalikrasayan/SR9', 'columns': [{'name': 'RSI Indicator value', 'value': '71.84'}, {'name': 'change %', 'value': '4.64'}, {'name': 'LTP', 'value': '417.45'}]}",OHLC_D_I_RSI70FABV,RSI entered Overbought Zone (Daily),RSI (14) indicator exited the overbought zone in the current session,15,Indicator Scans,RSI (14) indicator exited the overbought zone in the current session. It is a bearish event.,,,False,1,N,,OHLC_D_I_RSI70FABV
1790075717,"{'stkname': 'Unimech Aerospa', 'ltp': '', 'perChg': '', 'stkId': 'UAM', 'displayLock': 'N', 'scanproflg': 1, 'scUrl': 'aerospacedefence/unimechaerospacemanufacturing/UAM', 'columns': [{'name': 'RSI Indicator value', 'value': '70.76'}, {'name': 'change %', 'value': '2.21'}, {'name': 'LTP', 'value': '1,736.00'}]}",OHLC_D_I_RSI70FABV,RSI entered Overbought Zone (Daily),RSI (14) indicator exited the overbought zone in the current session,15,Indicator Scans,RSI (14) indicator exited the overbought zone in the current session. It is a bearish event.,,,False,1,N,,OHLC_D_I_RSI70FABV
1790075717,"{'stkname': 'Talbros Auto', 'ltp': '', 'perChg': '', 'stkId': 'TAC', 'displayLock': 'N', 'scanproflg': 1, 'scUrl': 'auto-ancillaries/talbrosautomotivecomponents/TAC', 'columns': [{'name': 'RSI Indicator value', 'value': '70.53'}, {'name': 'change %', 'value': '1.66'}, {'name': 'LTP', 'value': '475.05'}]}",OHLC_D_I_RSI70FABV,RSI entered Overbought Zone (Daily),RSI (14) indicator exited the overbought zone in the current session,15,Indicator Scans,RSI (14) indicator exited the overbought zone in the current session. It is a bearish event.,,,False,1,N,,OHLC_D_I_RSI70FABV
1790075717,"{'stkname': 'Cords Cable Ind', 'ltp': '', 'perChg': '', 'stkId': 'CCI07', 'displayLock': 'N', 'scanproflg': 1, 'scUrl': 'cables-powerothers/cordscableindustries/CCI07', 'columns': [{'name': 'RSI Indicator value', 'value': '73.35'}, {'name': 'change %', 'value': '9.02'}, {'name': 'LTP', 'value': '387.40'}]}",OHLC_D_I_RSI70FABV,RSI entered Overbought Zone (Daily),RSI (14) indicator exited the overbought zone in the current session,15,Indicator Scans,RSI (14) indicator exited the overbought zone in the current session. It is a bearish event.,,,False,1,N,,OHLC_D_I_RSI70FABV
1790075717,"{'stkname': 'Wheels', 'ltp': '', 'perChg': '', 'stkId': 'WI11', 'displayLock': 'N', 'scanproflg': 1, 'scUrl': 'auto-ancillaries/wheelsindia/WI11', 'columns': [{'name': 'RSI Indicator value', 'value': '70.25'}, {'name': 'change %', 'value': '0.37'}, {'name': 'LTP', 'value': '2,183.00'}]}",OHLC_D_I_RSI70FABV,RSI entered Overbought Zone (Daily),RSI (14) indicator exited the overbought zone in the current session,15,Indicator Scans,RSI (14) indicator exited the overbought zone in the current session. It is a bearish event.,,,False,1,N,,OHLC_D_I_RSI70FABV
1790075717,"{'stkname': 'Action Const', 'ltp': '', 'perChg': '', 'stkId': 'ACE3', 'displayLock': 'N', 'scanproflg': 1, 'scUrl': 'engineering-heavy/actionconstructionequipment/ACE3', 'columns': [{'name': 'RSI Indicator value', 'value': '71.00'}, {'name': 'change %', 'value': '0.95'}, {'name': 'LTP', 'value': '1,242.10'}]}",OHLC_D_I_RSI70FABV,RSI entered Overbought Zone (Daily),RSI (14) indicator exited the overbought zone in the current session,15,Indicator Scans,RSI (14) indicator exited the overbought zone in the current session. It is a bearish event.,,,False,1,N,,OHLC_D_I_RSI70FABV
1790075717,"{'stkname': 'Sansera Eng', 'ltp': '', 'perChg': '', 'stkId': 'SE30', 'displayLock': 'N', 'scanproflg': 1, 'scUrl': 'auto-ancillaries-others/sanseraengineering/SE27', 'columns': [{'name': 'RSI Indicator value', 'value': '73.82'}, {'name': 'change %', 'value': '7.41'}, {'name': 'LTP', 'value': '4,615.50'}]}",OHLC_D_I_RSI70FABV,RSI entered Overbought Zone (Daily),RSI (14) indicator exited the overbought zone in the current session,15,Indicator Scans,RSI (14) indicator exited the overbought zone in the current session. It is a bearish event.,,,False,1,N,,OHLC_D_I_RSI70FABV
1790075717,"{'stkname': 'Engineers India', 'ltp': '', 'perChg': '', 'stkId': 'EI14', 'displayLock': 'N', 'scanproflg': 1, 'scUrl': 'engineering/engineersindia/EI14', 'columns': [{'name': 'RSI Indicator value', 'value': '73.04'}, {'name': 'change %', 'value': '5.38'}, {'name': 'LTP', 'value': '300.60'}]}",OHLC_D_I_RSI70FABV,RSI entered Overbought Zone (Daily),RSI (14) indicator exited the overbought zone in the current session,15,Indicator Scans,RSI (14) indicator exited the overbought zone in the current session. It is a bearish event.,,,False,1,N,,OHLC_D_I_RSI70FABV
1790075717,"{'stkname': 'Eternal', 'ltp': '', 'perChg': '', 'stkId': 'Z01', 'displayLock': 'N', 'scanproflg': 1, 'scUrl': 'online-services/eternal/Z', 'columns': [{'name': 'RSI Indicator value', 'value': '71.28'}, {'name': 'change %', 'value': '1.82'}, {'name': 'LTP', 'value': '342.00'}]}",OHLC_D_I_RSI70FABV,RSI entered Overbought Zone (Daily),RSI (14) indicator exited the overbought zone in the current session,15,Indicator Scans,RSI (14) indicator exited the overbought zone in the current session. It is a bearish event.,,,False,1,N,,OHLC_D_I_RSI70FABV
1790075717,"{'stkname': 'Mirae Liquid', 'ltp': '', 'perChg': '', 'stkId': 'LIQUI17572', 'displayLock': 'N', 'scanproflg': 1, 'scUrl': 'etf/miraeassetnifty1drateliquidetf/LIQUI17572', 'columns': [{'name': 'RSI Indicator value', 'value': '99.93'}, {'name': 'change %', 'value': '0.00'}, {'name': 'LTP', 'value': '1,000.00'}]}",OHLC_D_I_RSI70FABV,RSI entered Overbought Zone (Daily),RSI (14) indicator exited the overbought zone in the current session,15,Indicator Scans,RSI (14) indicator exited the overbought zone in the current session. It is a bearish event.,,,False,1,N,,OHLC_D_I_RSI70FABV
1790075717,"{'stkname': 'Mirae Liquid', 'ltp': '', 'perChg': '', 'stkId': 'LIQUI17572', 'displayLock': 'N', 'scanproflg': 1, 'scUrl': 'etf/miraeassetnifty1drateliquidetf/LIQUI17572', 'columns': [{'name': 'RSI Indicator value', 'value': '99.98'}, {'name': 'change %', 'value': '0.00'}, {'name': 'LTP', 'value': '1,000.00'}]}",OHLC_W_I_RSI70FABV,RSI entered Overbought Zone (Weekly),RSI entered Overbought Zone (Weekly),15,Indicator Scans,RSI entered Overbought Zone (Weekly),,,False,1,N,,OHLC_W_I_RSI70FABV
1790075717,"{'stkname': 'Gr In.Internet', 'ltp': '', 'perChg': '', 'stkId': 'GROWW75781', 'displayLock': 'N', 'scanproflg': 1, 'scUrl': 'etf/growwniftyindiainternetetf/GROWW75781', 'columns': [{'name': 'RSI Indicator value', 'value': '71.63'}, {'name': 'change %', 'value': '1.55'}, {'name': 'LTP', 'value': '11.17'}]}",OHLC_W_I_RSI70FABV,RSI entered Overbought Zone (Weekly),RSI entered Overbought Zone (Weekly),15,Indicator Scans,RSI entered Overbought Zone (Weekly),,,False,1,N,,OHLC_W_I_RSI70FABV
1790075717,"{'stkname': 'Raghav Product', 'ltp': '', 'perChg': '', 'stkId': 'RRM01', 'displayLock': 'N', 'scanproflg': 1, 'scUrl': 'refractories/raghavproductivityenhancers/RRM01', 'columns': [{'name': 'RSI Indicator value', 'value': '72.10'}, {'name': 'change %', 'value': '2.53'}, {'name': 'LTP', 'value': '1,735.00'}]}",OHLC_W_I_RSI70FABV,RSI entered Overbought Zone (Weekly),RSI entered Overbought Zone (Weekly),15,Indicator Scans,RSI entered Overbought Zone (Weekly),,,False,1,N,,OHLC_W_I_RSI70FABV
1790075717,"{'stkname': 'Quess Corp', 'ltp': '', 'perChg': '', 'stkId': 'QC', 'displayLock': 'N', 'scanproflg': 1, 'scUrl': 'engineering/quesscorp/QC', 'columns': [{'name': 'RSI Indicator value', 'value': '71.25'}, {'name': 'change %', 'value': '-0.52'}, {'name': 'LTP', 'value': '361.20'}]}",OHLC_W_I_RSI70FABV,RSI entered Overbought Zone (Weekly),RSI entered Overbought Zone (Weekly),15,Indicator Scans,RSI entered Overbought Zone (Weekly),,,False,1,N,,OHLC_W_I_RSI70FABV
1790075717,"{'stkname': 'Kross', 'ltp': '', 'perChg': '', 'stkId': 'KL01', 'displayLock': 'N', 'scanproflg': 1, 'scUrl': 'auto-ancillaries/kross/KL01', 'columns': [{'name': 'RSI Indicator value', 'value': '70.53'}, {'name': 'change %', 'value': '-0.32'}, {'name': 'LTP', 'value': '256.10'}]}",OHLC_W_I_RSI70FABV,RSI entered Overbought Zone (Weekly),RSI entered Overbought Zone (Weekly),15,Indicator Scans,RSI entered Overbought Zone (Weekly),,,False,1,N,,OHLC_W_I_RSI70FABV
1790075717,"{'stkname': 'Rashi Periphera', 'ltp': '', 'perChg': '', 'stkId': 'RPL04', 'displayLock': 'N', 'scanproflg': 1, 'scUrl': 'miscellaneous/rashiperipherals/RPL04', 'columns': [{'name': 'RSI Indicator value', 'value': '70.82'}, {'name': 'change %', 'value': '10.24'}, {'name': 'LTP', 'value': '895.00'}]}",OHLC_W_I_RSI70FABV,RSI entered Overbought Zone (Weekly),RSI entered Overbought Zone (Weekly),15,Indicator Scans,RSI entered Overbought Zone (Weekly),,,False,1,N,,OHLC_W_I_RSI70FABV
1790075717,"{'stkname': 'Bluestone Jewel', 'ltp': '', 'perChg': '', 'stkId': 'BJL', 'displayLock': 'N', 'scanproflg': 1, 'scUrl': 'diamondjewellery/bluestonejewellerylifestyle/BJL', 'columns': [{'name': 'RSI Indicator value', 'value': '72.45'}, {'name': 'change %', 'value': '11.34'}, {'name': 'LTP', 'value': '941.30'}]}",OHLC_W_I_RSI70FABV,RSI entered Overbought Zone (Weekly),RSI entered Overbought Zone (Weekly),15,Indicator Scans,RSI entered Overbought Zone (Weekly),,,False,1,N,,OHLC_W_I_RSI70FABV
1790075717,"{'stkname': 'Shiv Aum Steels', 'ltp': '', 'perChg': '', 'stkId': 'SAS', 'displayLock': 'N', 'scanproflg': 1, 'scUrl': 'ironsteel/shivaumsteels/SAS', 'columns': [{'name': 'RSI Indicator value', 'value': '75.23'}, {'name': 'change %', 'value': '8.75'}, {'name': 'LTP', 'value': '513.90'}]}",OHLC_W_I_RSI70FABV,RSI entered Overbought Zone (Weekly),RSI entered Overbought Zone (Weekly),15,Indicator Scans,RSI entered Overbought Zone (Weekly),,,False,1,N,,OHLC_W_I_RSI70FABV
1790075717,"{'stkname': 'Optiemus Infra', 'ltp': '', 'perChg': '', 'stkId': 'AF02', 'displayLock': 'N', 'scanproflg': 1, 'scUrl': 'telecommunication-equipment/optiemusinfracom/AF02', 'columns': [{'name': 'RSI Indicator value', 'value': '71.07'}, {'name': 'change %', 'value': '20.00'}, {'name': 'LTP', 'value': '708.90'}]}",OHLC_W_I_RSI70FABV,RSI entered Overbought Zone (Weekly),RSI entered Overbought Zone (Weekly),15,Indicator Scans,RSI entered Overbought Zone (Weekly),,,False,1,N,,OHLC_W_I_RSI70FABV
1790075717,"{'stkname': 'Meesho', 'ltp': '', 'perChg': '', 'stkId': 'ML15', 'displayLock': 'N', 'scanproflg': 1, 'scUrl': 'retailing/meesho/ML13', 'columns': [{'name': 'RSI Indicator value', 'value': '71.42'}, {'name': 'change %', 'value': '9.79'}, {'name': 'LTP', 'value': '240.60'}]}",OHLC_W_I_RSI70FABV,RSI entered Overbought Zone (Weekly),RSI entered Overbought Zone (Weekly),15,Indicator Scans,RSI entered Overbought Zone (Weekly),,,False,1,N,,OHLC_W_I_RSI70FABV
1790075717,"{'stkname': 'Signet Ind', 'ltp': '', 'perChg': '', 'stkId': 'SF22', 'displayLock': 'N', 'scanproflg': 1, 'scUrl': 'finance-investments/signetindustries/SF22', 'columns': [{'name': 'RSI Indicator value', 'value': '70.13'}, {'name': 'change %', 'value': '0.15'}, {'name': 'LTP', 'value': '71.50'}]}",OHLC_W_I_RSI70FABV,RSI entered Overbought Zone (Weekly),RSI entered Overbought Zone (Weekly),15,Indicator Scans,RSI entered Overbought Zone (Weekly),,,False,1,N,,OHLC_W_I_RSI70FABV
1790075717,"{'stkname': 'Marksans Pharma', 'ltp': '', 'perChg': '', 'stkId': 'TP01', 'displayLock': 'N', 'scanproflg': 1, 'scUrl': 'pharmaceuticals/marksanspharma/MP21', 'columns': [{'name': 'RSI Indicator value', 'value': '71.66'}, {'name': 'change %', 'value': '-1.52'}, {'name': 'LTP', 'value': '332.95'}]}",OHLC_W_I_RSI70FABV,RSI entered Overbought Zone (Weekly),RSI entered Overbought Zone (Weekly),15,Indicator Scans,RSI entered Overbought Zone (Weekly),,,False,1,N,,OHLC_W_I_RSI70FABV
1790075717,"{'stkname': 'Caplin Labs', 'ltp': '', 'perChg': '', 'stkId': 'CPL', 'displayLock': 'N', 'scanproflg': 1, 'scUrl': 'pharmaceuticals/caplinpointlaboratories/CPL', 'columns': [{'name': 'RSI Indicator value', 'value': '70.40'}, {'name': 'change %', 'value': '0.52'}, {'name': 'LTP', 'value': '2,771.00'}]}",OHLC_W_I_RSI70FABV,RSI entered Overbought Zone (Weekly),RSI entered Overbought Zone (Weekly),15,Indicator Scans,RSI entered Overbought Zone (Weekly),,,False,1,N,,OHLC_W_I_RSI70FABV
1790075717,"{'stkname': 'NR Agarwal', 'ltp': '', 'perChg': '', 'stkId': 'NRA', 'displayLock': 'N', 'scanproflg': 1, 'scUrl': 'paper/nragarwalindustries/NRA', 'columns': [{'name': 'RSI Indicator value', 'value': '70.73'}, {'name': 'change %', 'value': '4.20'}, {'name': 'LTP', 'value': '653.50'}]}",OHLC_W_I_RSI70FABV,RSI entered Overbought Zone (Weekly),RSI entered Overbought Zone (Weekly),15,Indicator Scans,RSI entered Overbought Zone (Weekly),,,False,1,N,,OHLC_W_I_RSI70FABV
1790075717,"{'stkname': 'Ram Ratna Wires', 'ltp': '', 'perChg': '', 'stkId': 'RRW', 'displayLock': 'N', 'scanproflg': 1, 'scUrl': 'metals-non-ferrous/ramratnawires/RRW', 'columns': [{'name': 'RSI Indicator value', 'value': '70.56'}, {'name': 'change %', 'value': '3.94'}, {'name': 'LTP', 'value': '571.80'}]}",OHLC_W_I_RSI70FABV,RSI entered Overbought Zone (Weekly),RSI entered Overbought Zone (Weekly),15,Indicator Scans,RSI entered Overbought Zone (Weekly),,,False,1,N,,OHLC_W_I_RSI70FABV
1790075717,"{'stkname': 'Prime Focus', 'ltp': '', 'perChg': '', 'stkId': 'PF13', 'displayLock': 'N', 'scanproflg': 1, 'scUrl': 'mediaentertainment/primefocus/PF13', 'columns': [{'name': 'RSI Indicator value', 'value': '70.18'}, {'name': 'change %', 'value': '1.23'}, {'name': 'LTP', 'value': '357.00'}]}",OHLC_W_I_RSI70FABV,RSI entered Overbought Zone (Weekly),RSI entered Overbought Zone (Weekly),15,Indicator Scans,RSI entered Overbought Zone (Weekly),,,False,1,N,,OHLC_W_I_RSI70FABV
1790075717,"{'stkname': 'Gandhi Spl Tube', 'ltp': '', 'perChg': '', 'stkId': 'GST', 'displayLock': 'N', 'scanproflg': 1, 'scUrl': 'steel-tubespipes/gandhispecialtubes/GST', 'columns': [{'name': 'RSI Indicator value', 'value': '71.13'}, {'name': 'change %', 'value': '10.08'}, {'name': 'LTP', 'value': '1,001.00'}]}",OHLC_W_I_RSI70FABV,RSI entered Overbought Zone (Weekly),RSI entered Overbought Zone (Weekly),15,Indicator Scans,RSI entered Overbought Zone (Weekly),,,False,1,N,,OHLC_W_I_RSI70FABV
1790075717,"{'stkname': 'Archidply Ind', 'ltp': '', 'perChg': '', 'stkId': 'AI42', 'displayLock': 'N', 'scanproflg': 1, 'scUrl': 'miscellaneous/archidplyindustries/AI', 'columns': [{'name': 'RSI Indicator value', 'value': '70.13'}, {'name': 'change %', 'value': '3.01'}, {'name': 'LTP', 'value': '108.00'}]}",OHLC_W_I_RSI70FABV,RSI entered Overbought Zone (Weekly),RSI entered Overbought Zone (Weekly),15,Indicator Scans,RSI entered Overbought Zone (Weekly),,,False,1,N,,OHLC_W_I_RSI70FABV
1790075717,"{'stkname': 'AVT Natural', 'ltp': '', 'perChg': '', 'stkId': 'AVT', 'displayLock': 'N', 'scanproflg': 1, 'scUrl': 'edible-oilssolvent-extraction/avtnaturalproducts/AVT02', 'columns': [{'name': 'RSI Indicator value', 'value': '74.54'}, {'name': 'change %', 'value': '9.84'}, {'name': 'LTP', 'value': '98.90'}]}",OHLC_W_I_RSI70FABV,RSI entered Overbought Zone (Weekly),RSI entered Overbought Zone (Weekly),15,Indicator Scans,RSI entered Overbought Zone (Weekly),,,False,1,N,,OHLC_W_I_RSI70FABV
1790075717,"{'stkname': 'Shivalik Rasa', 'ltp': '', 'perChg': '', 'stkId': 'SR07', 'displayLock': 'N', 'scanproflg': 1, 'scUrl': 'pesticidesagrochemicals/shivalikrasayan/SR9', 'columns': [{'name': 'RSI Indicator value', 'value': '74.26'}, {'name': 'change %', 'value': '4.64'}, {'name': 'LTP', 'value': '417.45'}]}",OHLC_W_I_RSI70FABV,RSI entered Overbought Zone (Weekly),RSI entered Overbought Zone (Weekly),15,Indicator Scans,RSI entered Overbought Zone (Weekly),,,False,1,N,,OHLC_W_I_RSI70FABV
1790075717,"{'stkname': 'Uniparts India', 'ltp': '', 'perChg': '', 'stkId': 'UI19', 'displayLock': 'N', 'scanproflg': 1, 'scUrl': 'auto-ancillaries-spare-partsaccessories/unipartsindia/UI22', 'columns': [{'name': 'RSI Indicator value', 'value': '70.74'}, {'name': 'change %', 'value': '-0.22'}, {'name': 'LTP', 'value': '853.00'}]}",OHLC_W_I_RSI70FABV,RSI entered Overbought Zone (Weekly),RSI entered Overbought Zone (Weekly),15,Indicator Scans,RSI entered Overbought Zone (Weekly),,,False,1,N,,OHLC_W_I_RSI70FABV
1790075717,"{'stkname': 'Vindhya Telelin', 'ltp': '', 'perChg': '', 'stkId': 'VT03', 'displayLock': 'N', 'scanproflg': 1, 'scUrl': 'cables-telephone/vindhyatelelink/VT03', 'columns': [{'name': 'RSI Indicator value', 'value': '70.14'}, {'name': 'change %', 'value': '0.41'}, {'name': 'LTP', 'value': '2,865.00'}]}",OHLC_W_I_RSI70FABV,RSI entered Overbought Zone (Weekly),RSI entered Overbought Zone (Weekly),15,Indicator Scans,RSI entered Overbought Zone (Weekly),,,False,1,N,,OHLC_W_I_RSI70FABV
1790075717,"{'stkname': 'Tamilnadu Petro', 'ltp': '', 'perChg': '', 'stkId': 'TPL', 'displayLock': 'N', 'scanproflg': 1, 'scUrl': 'detergents/tamilnadupetroproducts/TP13', 'columns': [{'name': 'RSI Indicator value', 'value': '70.91'}, {'name': 'change %', 'value': '-1.43'}, {'name': 'LTP', 'value': '128.48'}]}",OHLC_W_I_RSI70FABV,RSI entered Overbought Zone (Weekly),RSI entered Overbought Zone (Weekly),15,Indicator Scans,RSI entered Overbought Zone (Weekly),,,False,1,N,,OHLC_W_I_RSI70FABV
1790075717,"{'stkname': 'Manali Petro', 'ltp': '', 'perChg': '', 'stkId': 'MP02', 'displayLock': 'N', 'scanproflg': 1, 'scUrl': 'petrochemicals/manalipetrochemicals/MP02', 'columns': [{'name': 'RSI Indicator value', 'value': '70.92'}, {'name': 'change %', 'value': '-2.09'}, {'name': 'LTP', 'value': '84.90'}]}",OHLC_W_I_RSI70FABV,RSI entered Overbought Zone (Weekly),RSI entered Overbought Zone (Weekly),15,Indicator Scans,RSI entered Overbought Zone (Weekly),,,False,1,N,,OHLC_W_I_RSI70FABV
1790075717,"{'stkname': 'Finolex Cables', 'ltp': '', 'perChg': '', 'stkId': 'FC01', 'displayLock': 'N', 'scanproflg': 1, 'scUrl': 'cables-telephone/finolexcables/FC01', 'columns': [{'name': 'RSI Indicator value', 'value': '70.70'}, {'name': 'change %', 'value': '4.54'}, {'name': 'LTP', 'value': '1,463.20'}]}",OHLC_W_I_RSI70FABV,RSI entered Overbought Zone (Weekly),RSI entered Overbought Zone (Weekly),15,Indicator Scans,RSI entered Overbought Zone (Weekly),,,False,1,N,,OHLC_W_I_RSI70FABV
1790075717,"{'stkname': 'Engineers India', 'ltp': '', 'perChg': '', 'stkId': 'EI14', 'displayLock': 'N', 'scanproflg': 1, 'scUrl': 'engineering/engineersindia/EI14', 'columns': [{'name': 'RSI Indicator value', 'value': '70.00'}, {'name': 'change %', 'value': '5.38'}, {'name': 'LTP', 'value': '300.60'}]}",OHLC_W_I_RSI70FABV,RSI entered Overbought Zone (Weekly),RSI entered Overbought Zone (Weekly),15,Indicator Scans,RSI entered Overbought Zone (Weekly),,,False,1,N,,OHLC_W_I_RSI70FABV
1790075717,"{'stkname': 'SML Mahindra', 'ltp': '', 'perChg': '', 'stkId': 'SM', 'displayLock': 'N', 'scanproflg': 1, 'scUrl': 'automobile-truckslcvs/smlmahindra/SM', 'columns': [{'name': 'RSI Indicator value', 'value': '70.70'}, {'name': 'change %', 'value': '4.42'}, {'name': 'LTP', 'value': '6,750.00'}]}",OHLC_W_I_RSI70FABV,RSI entered Overbought Zone (Weekly),RSI entered Overbought Zone (Weekly),15,Indicator Scans,RSI entered Overbought Zone (Weekly),,,False,1,N,,OHLC_W_I_RSI70FABV
1790075717,"{'stkname': 'Eternal', 'ltp': '', 'perChg': '', 'stkId': 'Z01', 'displayLock': 'N', 'scanproflg': 1, 'scUrl': 'online-services/eternal/Z', 'columns': [{'name': 'RSI Indicator value', 'value': '70.69'}, {'name': 'change %', 'value': '1.82'}, {'name': 'LTP', 'value': '342.00'}]}",OHLC_W_I_RSI70FABV,RSI entered Overbought Zone (Weekly),RSI entered Overbought Zone (Weekly),15,Indicator Scans,RSI entered Overbought Zone (Weekly),,,False,1,N,,OHLC_W_I_RSI70FABV
1790075717,"{'stkname': 'MO Healthcare', 'ltp': '', 'perChg': '', 'stkId': 'MOHEA10508', 'displayLock': 'N', 'scanproflg': 1, 'scUrl': 'etf/motilaloswalspbsehealthcareetf/MOHEA10508', 'columns': [{'name': 'RSI Indicator value', 'value': '71.99'}, {'name': 'change %', 'value': '-0.77'}, {'name': 'LTP', 'value': '52.65'}]}",OHLC_W_I_RSI70FABV,RSI entered Overbought Zone (Weekly),RSI entered Overbought Zone (Weekly),15,Indicator Scans,RSI entered Overbought Zone (Weekly),,,False,1,N,,OHLC_W_I_RSI70FABV
1790075717,"{'stkname': 'Inve Gold ETF', 'ltp': '', 'perChg': '', 'stkId': 'RGE', 'displayLock': 'N', 'scanproflg': 1, 'scUrl': 'gold-etf/invescoindiagoldexchangetradedfund/RGE', 'columns': [{'name': 'RSI Indicator value', 'value': '48.70'}, {'name': 'change %', 'value': '-0.27'}, {'name': 'LTP', 'value': '131.70'}]}",OHLC_D_I_RSIBELAVE,RSI Bearish Crossovers (Daily),"RSI (14,9) indicator went below its average line in the current session",15,Indicator Scans,"RSI (14,9) indicator went below its average line in the current session. It’s a bearish condition.",,,False,1,N,,OHLC_D_I_RSIBELAVE
1790075717,"{'stkname': 'Gr Momentum50', 'ltp': '', 'perChg': '', 'stkId': 'GROWW75608', 'displayLock': 'N', 'scanproflg': 1, 'scUrl': 'etf/growwnifty500momentum50etf/GROWW75608', 'columns': [{'name': 'RSI Indicator value', 'value': '45.53'}, {'name': 'change %', 'value': '-1.01'}, {'name': 'LTP', 'value': '10.83'}]}",OHLC_D_I_RSIBELAVE,RSI Bearish Crossovers (Daily),"RSI (14,9) indicator went below its average line in the current session",15,Indicator Scans,"RSI (14,9) indicator went below its average line in the current session. It’s a bearish condition.",,,False,1,N,,OHLC_D_I_RSIBELAVE
1790075717,"{'stkname': 'AWL Agri', 'ltp': '', 'perChg': '', 'stkId': 'AW01', 'displayLock': 'N', 'scanproflg': 1, 'scUrl': 'consumer-food/awlagribusiness/AW', 'columns': [{'name': 'RSI Indicator value', 'value': '39.35'}, {'name': 'change %', 'value': '-0.42'}, {'name': 'LTP', 'value': '182.78'}]}",OHLC_D_I_RSIBELAVE,RSI Bearish Crossovers (Daily),"RSI (14,9) indicator went below its average line in the current session",15,Indicator Scans,"RSI (14,9) indicator went below its average line in the current session. It’s a bearish condition.",,,False,1,N,,OHLC_D_I_RSIBELAVE
1790075717,"{'stkname': 'BB Apr 32 ETF', 'ltp': '', 'perChg': '', 'stkId': 'BBE02', 'displayLock': 'N', 'scanproflg': 1, 'scUrl': 'etf/bharatbondetf-april2032/BBE02', 'columns': [{'name': 'RSI Indicator value', 'value': '45.55'}, {'name': 'change %', 'value': '-0.11'}, {'name': 'LTP', 'value': '1,340.56'}]}",OHLC_D_I_RSIBELAVE,RSI Bearish Crossovers (Daily),"RSI (14,9) indicator went below its average line in the current session",15,Indicator Scans,"RSI (14,9) indicator went below its average line in the current session. It’s a bearish condition.",,,False,1,N,,OHLC_D_I_RSIBELAVE
1790075717,"{'stkname': 'CHOICEGOLD', 'ltp': '', 'perChg': '', 'stkId': 'CHOIC75961', 'displayLock': 'N', 'scanproflg': 1, 'scUrl': 'miscellaneous/choicegold/CHOIC75961', 'columns': [{'name': 'RSI Indicator value', 'value': '48.52'}, {'name': 'change %', 'value': '-0.52'}, {'name': 'LTP', 'value': '150.20'}]}",OHLC_D_I_RSIBELAVE,RSI Bearish Crossovers (Daily),"RSI (14,9) indicator went below its average line in the current session",15,Indicator Scans,"RSI (14,9) indicator went below its average line in the current session. It’s a bearish condition.",,,False,1,N,,OHLC_D_I_RSIBELAVE
1790075717,"{'stkname': 'BB Apr 30 ETF', 'ltp': '', 'perChg': '', 'stkId': 'EBBET16253', 'displayLock': 'N', 'scanproflg': 1, 'scUrl': 'miscellaneous/bharatbondetf-april2030/EBBET16253', 'columns': [{'name': 'RSI Indicator value', 'value': '48.65'}, {'name': 'change %', 'value': '-0.09'}, {'name': 'LTP', 'value': '1,608.00'}]}",OHLC_D_I_RSIBELAVE,RSI Bearish Crossovers (Daily),"RSI (14,9) indicator went below its average line in the current session",15,Indicator Scans,"RSI (14,9) indicator went below its average line in the current session. It’s a bearish condition.",,,False,1,N,,OHLC_D_I_RSIBELAVE
1790075717,"{'stkname': 'Gr PSU Bank', 'ltp': '', 'perChg': '', 'stkId': 'GNP02', 'displayLock': 'N', 'scanproflg': 1, 'scUrl': 'etf/growwniftypsubanketf/GNP01', 'columns': [{'name': 'RSI Indicator value', 'value': '38.77'}, {'name': 'change %', 'value': '-1.36'}, {'name': 'LTP', 'value': '82.50'}]}",OHLC_D_I_RSIBELAVE,RSI Bearish Crossovers (Daily),"RSI (14,9) indicator went below its average line in the current session",15,Indicator Scans,"RSI (14,9) indicator went below its average line in the current session. It’s a bearish condition.",,,False,1,N,,OHLC_D_I_RSIBELAVE
1790075717,"{'stkname': 'BBNPNBETF', 'ltp': '', 'perChg': '', 'stkId': 'BBNPN24117', 'displayLock': 'N', 'scanproflg': 1, 'scUrl': 'etf/barodabnpparibasniftybanketf/BBNPN24117', 'columns': [{'name': 'RSI Indicator value', 'value': '41.97'}, {'name': 'change %', 'value': '-0.65'}, {'name': 'LTP', 'value': '56.50'}]}",OHLC_D_I_RSIBELAVE,RSI Bearish Crossovers (Daily),"RSI (14,9) indicator went below its average line in the current session",15,Indicator Scans,"RSI (14,9) indicator went below its average line in the current session. It’s a bearish condition.",,,False,1,N,,OHLC_D_I_RSIBELAVE
1790075717,"{'stkname': 'Gr Nift Metals', 'ltp': '', 'perChg': '', 'stkId': 'GNM', 'displayLock': 'N', 'scanproflg': 1, 'scUrl': 'etf/growwniftymetaletf/GNM', 'columns': [{'name': 'RSI Indicator value', 'value': '46.98'}, {'name': 'change %', 'value': '-0.56'}, {'name': 'LTP', 'value': '12.33'}]}",OHLC_D_I_RSIBELAVE,RSI Bearish Crossovers (Daily),"RSI (14,9) indicator went below its average line in the current session",15,Indicator Scans,"RSI (14,9) indicator went below its average line in the current session. It’s a bearish condition.",,,False,1,N,,OHLC_D_I_RSIBELAVE
1790075717,"{'stkname': 'Hexagon Nutriti', 'ltp': '', 'perChg': '', 'stkId': 'HNL01', 'displayLock': 'N', 'scanproflg': 1, 'scUrl': 'pharmaceuticalsdrugs/hexagonnutrition/HNL01', 'columns': [{'name': 'RSI Indicator value', 'value': '47.59'}, {'name': 'change %', 'value': '-1.37'}, {'name': 'LTP', 'value': '65.45'}]}",OHLC_D_I_RSIBELAVE,RSI Bearish Crossovers (Daily),"RSI (14,9) indicator went below its average line in the current session",15,Indicator Scans,"RSI (14,9) indicator went below its average line in the current session. It’s a bearish condition.",,,False,1,N,,OHLC_D_I_RSIBELAVE
1790075717,"{'stkname': 'Advit Jewels', 'ltp': '', 'perChg': '', 'stkId': 'AJL', 'displayLock': 'N', 'scanproflg': 1, 'scUrl': 'diamondjewellery/advitjewels/AJL', 'columns': [{'name': 'RSI Indicator value', 'value': '62.81'}, {'name': 'change %', 'value': '-6.62'}, {'name': 'LTP', 'value': '283.90'}]}",OHLC_D_I_RSIBELAVE,RSI Bearish Crossovers (Daily),"RSI (14,9) indicator went below its average line in the current session",15,Indicator Scans,"RSI (14,9) indicator went below its average line in the current session. It’s a bearish condition.",,,False,1,N,,OHLC_D_I_RSIBELAVE
1790075717,"{'stkname': 'Rajputana Stain', 'ltp': '', 'perChg': '', 'stkId': 'RSL12', 'displayLock': 'N', 'scanproflg': 1, 'scUrl': 'ironsteel/rajputanastainless/RSL12', 'columns': [{'name': 'RSI Indicator value', 'value': '61.03'}, {'name': 'change %', 'value': '-5.18'}, {'name': 'LTP', 'value': '187.63'}]}",OHLC_D_I_RSIBELAVE,RSI Bearish Crossovers (Daily),"RSI (14,9) indicator went below its average line in the current session",15,Indicator Scans,"RSI (14,9) indicator went below its average line in the current session. It’s a bearish condition.",,,False,1,N,,OHLC_D_I_RSIBELAVE
1790075717,"{'stkname': 'MV Electrosyste', 'ltp': '', 'perChg': '', 'stkId': 'MEL04', 'displayLock': 'N', 'scanproflg': 1, 'scUrl': 'electric-equipment-switchgears/mvelectrosystems/MEL04', 'columns': [{'name': 'RSI Indicator value', 'value': '62.23'}, {'name': 'change %', 'value': '-1.25'}, {'name': 'LTP', 'value': '871.15'}]}",OHLC_D_I_RSIBELAVE,RSI Bearish Crossovers (Daily),"RSI (14,9) indicator went below its average line in the current session",15,Indicator Scans,"RSI (14,9) indicator went below its average line in the current session. It’s a bearish condition.",,,False,1,N,,OHLC_D_I_RSIBELAVE
1790075717,"{'stkname': 'Tips Films', 'ltp': '', 'perChg': '', 'stkId': 'TF15', 'displayLock': 'N', 'scanproflg': 1, 'scUrl': 'film-production-distributionentertainment/tipsfilms/TF14', 'columns': [{'name': 'RSI Indicator value', 'value': '34.44'}, {'name': 'change %', 'value': '-1.79'}, {'name': 'LTP', 'value': '314.95'}]}",OHLC_D_I_RSIBELAVE,RSI Bearish Crossovers (Daily),"RSI (14,9) indicator went below its average line in the current session",15,Indicator Scans,"RSI (14,9) indicator went below its average line in the current session. It’s a bearish condition.",,,False,1,N,,OHLC_D_I_RSIBELAVE
1790075717,"{'stkname': 'SEDEMAC Mechatr', 'ltp': '', 'perChg': '', 'stkId': 'SML08', 'displayLock': 'N', 'scanproflg': 1, 'scUrl': 'auto-ancillaries-auto-truckmotorcycle-parts/sedemacmechatronics/SML09', 'columns': [{'name': 'RSI Indicator value', 'value': '52.60'}, {'name': 'change %', 'value': '-1.94'}, {'name': 'LTP', 'value': '3,028.20'}]}",OHLC_D_I_RSIBELAVE,RSI Bearish Crossovers (Daily),"RSI (14,9) indicator went below its average line in the current session",15,Indicator Scans,"RSI (14,9) indicator went below its average line in the current session. It’s a bearish condition.",,,False,1,N,,OHLC_D_I_RSIBELAVE
1790075717,"{'stkname': 'Vintage Coffee', 'ltp': '', 'perChg': '', 'stkId': 'SP40', 'displayLock': 'N', 'scanproflg': 1, 'scUrl': 'miscellaneous/vintagecoffeebeverages/SP41', 'columns': [{'name': 'RSI Indicator value', 'value': '55.21'}, {'name': 'change %', 'value': '-1.21'}, {'name': 'LTP', 'value': '174.20'}]}",OHLC_D_I_RSIBELAVE,RSI Bearish Crossovers (Daily),"RSI (14,9) indicator went below its average line in the current session",15,Indicator Scans,"RSI (14,9) indicator went below its average line in the current session. It’s a bearish condition.",,,False,1,N,,OHLC_D_I_RSIBELAVE
1790075717,"{'stkname': 'Canara Robeco', 'ltp': '', 'perChg': '', 'stkId': 'CRAMCL', 'displayLock': 'N', 'scanproflg': 1, 'scUrl': 'finance-investment/canararobecoassetmanagementcompany/CRAMCL', 'columns': [{'name': 'RSI Indicator value', 'value': '28.57'}, {'name': 'change %', 'value': '-1.43'}, {'name': 'LTP', 'value': '227.80'}]}",OHLC_D_I_RSIBELAVE,RSI Bearish Crossovers (Daily),"RSI (14,9) indicator went below its average line in the current session",15,Indicator Scans,"RSI (14,9) indicator went below its average line in the current session. It’s a bearish condition.",,,False,1,N,,OHLC_D_I_RSIBELAVE
1790075717,"{'stkname': 'OnEMI Technolog', 'ltp': '', 'perChg': '', 'stkId': 'OTS', 'displayLock': 'N', 'scanproflg': 1, 'scUrl': 'finance-nbfc/onemitechnologysolutions/OTS', 'columns': [{'name': 'RSI Indicator value', 'value': '64.42'}, {'name': 'change %', 'value': '-2.48'}, {'name': 'LTP', 'value': '353.50'}]}",OHLC_D_I_RSIBELAVE,RSI Bearish Crossovers (Daily),"RSI (14,9) indicator went below its average line in the current session",15,Indicator Scans,"RSI (14,9) indicator went below its average line in the current session. It’s a bearish condition.",,,False,1,N,,OHLC_D_I_RSIBELAVE
1790075717,"{'stkname': 'Powerica', 'ltp': '', 'perChg': '', 'stkId': 'PL11', 'displayLock': 'N', 'scanproflg': 1, 'scUrl': 'engineering-industrial-equipments/powerica/PL11', 'columns': [{'name': 'RSI Indicator value', 'value': '52.98'}, {'name': 'change %', 'value': '-2.39'}, {'name': 'LTP', 'value': '554.50'}]}",OHLC_D_I_RSIBELAVE,RSI Bearish Crossovers (Daily),"RSI (14,9) indicator went below its average line in the current session",15,Indicator Scans,"RSI (14,9) indicator went below its average line in the current session. It’s a bearish condition.",,,False,1,N,,OHLC_D_I_RSIBELAVE
1790075717,"{'stkname': 'Balu Forge Indu', 'ltp': '', 'perChg': '', 'stkId': 'BAL01', 'displayLock': 'N', 'scanproflg': 1, 'scUrl': 'machine-tools/baluforgeindustries/BAL01', 'columns': [{'name': 'RSI Indicator value', 'value': '43.15'}, {'name': 'change %', 'value': '-2.44'}, {'name': 'LTP', 'value': '506.00'}]}",OHLC_D_I_RSIBELAVE,RSI Bearish Crossovers (Daily),"RSI (14,9) indicator went below its average line in the current session",15,Indicator Scans,"RSI (14,9) indicator went below its average line in the current session. It’s a bearish condition.",,,False,1,N,,OHLC_D_I_RSIBELAVE
1790075717,"{'stkname': 'Indo Thai Secu', 'ltp': '', 'perChg': '', 'stkId': 'ITS', 'displayLock': 'N', 'scanproflg': 1, 'scUrl': 'finance-general/indothaisecurities/ITS', 'columns': [{'name': 'RSI Indicator value', 'value': '14.67'}, {'name': 'change %', 'value': '-4.99'}, {'name': 'LTP', 'value': '32.38'}]}",OHLC_D_I_RSIBELAVE,RSI Bearish Crossovers (Daily),"RSI (14,9) indicator went below its average line in the current session",15,Indicator Scans,"RSI (14,9) indicator went below its average line in the current session. It’s a bearish condition.",,,False,1,N,,OHLC_D_I_RSIBELAVE
1790075717,"{'stkname': 'Welspun Special', 'ltp': '', 'perChg': '', 'stkId': 'RMG', 'displayLock': 'N', 'scanproflg': 1, 'scUrl': 'steel-tubespipes/welspunspecialtysolutions/RMG', 'columns': [{'name': 'RSI Indicator value', 'value': '47.88'}, {'name': 'change %', 'value': '-4.88'}, {'name': 'LTP', 'value': '53.02'}]}",OHLC_D_I_RSIBELAVE,RSI Bearish Crossovers (Daily),"RSI (14,9) indicator went below its average line in the current session",15,Indicator Scans,"RSI (14,9) indicator went below its average line in the current session. It’s a bearish condition.",,,False,1,N,,OHLC_D_I_RSIBELAVE
1790075717,"{'stkname': 'Glottis', 'ltp': '', 'perChg': '', 'stkId': 'GL04', 'displayLock': 'N', 'scanproflg': 1, 'scUrl': 'ground-freightlogistics-services/glottis/GL05', 'columns': [{'name': 'RSI Indicator value', 'value': '31.52'}, {'name': 'change %', 'value': '-0.88'}, {'name': 'LTP', 'value': '57.25'}]}",OHLC_D_I_RSIBELAVE,RSI Bearish Crossovers (Daily),"RSI (14,9) indicator went below its average line in the current session",15,Indicator Scans,"RSI (14,9) indicator went below its average line in the current session. It’s a bearish condition.",,,False,1,N,,OHLC_D_I_RSIBELAVE
1790075717,"{'stkname': 'VMS TMT', 'ltp': '', 'perChg': '', 'stkId': 'VTL04', 'displayLock': 'N', 'scanproflg': 1, 'scUrl': 'ironsteel/vmstmt/VTL03', 'columns': [{'name': 'RSI Indicator value', 'value': '51.39'}, {'name': 'change %', 'value': '-2.82'}, {'name': 'LTP', 'value': '47.25'}]}",OHLC_D_I_RSIBELAVE,RSI Bearish Crossovers (Daily),"RSI (14,9) indicator went below its average line in the current session",15,Indicator Scans,"RSI (14,9) indicator went below its average line in the current session. It’s a bearish condition.",,,False,1,N,,OHLC_D_I_RSIBELAVE
1790075717,"{'stkname': 'Elantas Beck', 'ltp': '', 'perChg': '', 'stkId': 'DBC', 'displayLock': 'N', 'scanproflg': 1, 'scUrl': 'chemicals/elantasbeckindia/EBI', 'columns': [{'name': 'RSI Indicator value', 'value': '64.80'}, {'name': 'change %', 'value': '-3.33'}, {'name': 'LTP', 'value': '14,300.00'}]}",OHLC_D_I_RSIBELAVE,RSI Bearish Crossovers (Daily),"RSI (14,9) indicator went below its average line in the current session",15,Indicator Scans,"RSI (14,9) indicator went below its average line in the current session. It’s a bearish condition.",,,False,1,N,,OHLC_D_I_RSIBELAVE
1790075717,"{'stkname': 'Ganesh Consumer', 'ltp': '', 'perChg': '', 'stkId': 'GCPL', 'displayLock': 'N', 'scanproflg': 1, 'scUrl': 'consumer-food/ganeshconsumerproducts/GCPL', 'columns': [{'name': 'RSI Indicator value', 'value': '47.04'}, {'name': 'change %', 'value': '-3.13'}, {'name': 'LTP', 'value': '166.03'}]}",OHLC_D_I_RSIBELAVE,RSI Bearish Crossovers (Daily),"RSI (14,9) indicator went below its average line in the current session",15,Indicator Scans,"RSI (14,9) indicator went below its average line in the current session. It’s a bearish condition.",,,False,1,N,,OHLC_D_I_RSIBELAVE
1790075717,"{'stkname': 'Gujarat Kidney', 'ltp': '', 'perChg': '', 'stkId': 'GKSSL', 'displayLock': 'N', 'scanproflg': 1, 'scUrl': 'hospitalhealthcare-services/gujaratkidneysuperspeciality/GKSSL', 'columns': [{'name': 'RSI Indicator value', 'value': '65.67'}, {'name': 'change %', 'value': '-3.53'}, {'name': 'LTP', 'value': '176.75'}]}",OHLC_D_I_RSIBELAVE,RSI Bearish Crossovers (Daily),"RSI (14,9) indicator went below its average line in the current session",15,Indicator Scans,"RSI (14,9) indicator went below its average line in the current session. It’s a bearish condition.",,,False,1,N,,OHLC_D_I_RSIBELAVE
1790075717,"{'stkname': 'Jaro Insti Tech', 'ltp': '', 'perChg': '', 'stkId': 'JIOTMARL', 'displayLock': 'N', 'scanproflg': 1, 'scUrl': 'educational-institutions/jaroinstitutetechnologymanagementresear/JIOTMARL', 'columns': [{'name': 'RSI Indicator value', 'value': '51.24'}, {'name': 'change %', 'value': '-2.50'}, {'name': 'LTP', 'value': '463.00'}]}",OHLC_D_I_RSIBELAVE,RSI Bearish Crossovers (Daily),"RSI (14,9) indicator went below its average line in the current session",15,Indicator Scans,"RSI (14,9) indicator went below its average line in the current session. It’s a bearish condition.",,,False,1,N,,OHLC_D_I_RSIBELAVE
1790075717,"{'stkname': 'Sri Lotus Devel', 'ltp': '', 'perChg': '', 'stkId': 'SLDRL', 'displayLock': 'N', 'scanproflg': 1, 'scUrl': 'construction-residentialcommercial-complexes/srilotusdevelopersrealty/SLDRL', 'columns': [{'name': 'RSI Indicator value', 'value': '70.37'}, {'name': 'change %', 'value': '-0.20'}, {'name': 'LTP', 'value': '213.99'}]}",OHLC_D_I_RSIBELAVE,RSI Bearish Crossovers (Daily),"RSI (14,9) indicator went below its average line in the current session",15,Indicator Scans,"RSI (14,9) indicator went below its average line in the current session. It’s a bearish condition.",,,False,1,N,,OHLC_D_I_RSIBELAVE
1790075717,"{'stkname': 'Baazar Style', 'ltp': '', 'perChg': '', 'stkId': 'BSR02', 'displayLock': 'N', 'scanproflg': 1, 'scUrl': 'trading/baazarstyleretail/BSR03', 'columns': [{'name': 'RSI Indicator value', 'value': '47.80'}, {'name': 'change %', 'value': '-4.99'}, {'name': 'LTP', 'value': '375.05'}]}",OHLC_D_I_RSIBELAVE,RSI Bearish Crossovers (Daily),"RSI (14,9) indicator went below its average line in the current session",15,Indicator Scans,"RSI (14,9) indicator went below its average line in the current session. It’s a bearish condition.",,,False,1,N,,OHLC_D_I_RSIBELAVE
1790075717,"{'stkname': 'Krystal Integra', 'ltp': '', 'perChg': '', 'stkId': 'KIS02', 'displayLock': 'N', 'scanproflg': 1, 'scUrl': 'misc-commercial-services/krystalintegratedservices/KIS02', 'columns': [{'name': 'RSI Indicator value', 'value': '49.79'}, {'name': 'change %', 'value': '-2.15'}, {'name': 'LTP', 'value': '638.20'}]}",OHLC_D_I_RSIBELAVE,RSI Bearish Crossovers (Daily),"RSI (14,9) indicator went below its average line in the current session",15,Indicator Scans,"RSI (14,9) indicator went below its average line in the current session. It’s a bearish condition.",,,False,1,N,,OHLC_D_I_RSIBELAVE
1790075717,"{'stkname': 'India Shelter', 'ltp': '', 'perChg': '', 'stkId': 'ISFCL', 'displayLock': 'N', 'scanproflg': 1, 'scUrl': 'finance-housing/indiashelterfinancecorporation/ISFCL', 'columns': [{'name': 'RSI Indicator value', 'value': '45.31'}, {'name': 'change %', 'value': '-2.02'}, {'name': 'LTP', 'value': '661.00'}]}",OHLC_D_I_RSIBELAVE,RSI Bearish Crossovers (Daily),"RSI (14,9) indicator went below its average line in the current session",15,Indicator Scans,"RSI (14,9) indicator went below its average line in the current session. It’s a bearish condition.",,,False,1,N,,OHLC_D_I_RSIBELAVE
1790075717,"{'stkname': 'Enviro Infra', 'ltp': '', 'perChg': '', 'stkId': 'EIEL', 'displayLock': 'N', 'scanproflg': 1, 'scUrl': 'engineering-industrial-equipments/enviroinfraengineers/EIEL', 'columns': [{'name': 'RSI Indicator value', 'value': '49.43'}, {'name': 'change %', 'value': '-1.21'}, {'name': 'LTP', 'value': '201.43'}]}",OHLC_D_I_RSIBELAVE,RSI Bearish Crossovers (Daily),"RSI (14,9) indicator went below its average line in the current session",15,Indicator Scans,"RSI (14,9) indicator went below its average line in the current session. It’s a bearish condition.",,,False,1,N,,OHLC_D_I_RSIBELAVE
1790075717,"{'stkname': 'Sanathan Textil', 'ltp': '', 'perChg': '', 'stkId': 'STL09', 'displayLock': 'N', 'scanproflg': 1, 'scUrl': 'textiles/sanathantextiles/STL10', 'columns': [{'name': 'RSI Indicator value', 'value': '53.95'}, {'name': 'change %', 'value': '-1.28'}, {'name': 'LTP', 'value': '473.75'}]}",OHLC_D_I_RSIBELAVE,RSI Bearish Crossovers (Daily),"RSI (14,9) indicator went below its average line in the current session",15,Indicator Scans,"RSI (14,9) indicator went below its average line in the current session. It’s a bearish condition.",,,False,1,N,,OHLC_D_I_RSIBELAVE
1790075717,"{'stkname': 'Interarch Build', 'ltp': '', 'perChg': '', 'stkId': 'IBP01', 'displayLock': 'N', 'scanproflg': 1, 'scUrl': 'ironsteel/interarchbuildingsolutions/IBP01', 'columns': [{'name': 'RSI Indicator value', 'value': '46.43'}, {'name': 'change %', 'value': '-0.43'}, {'name': 'LTP', 'value': '1,702.00'}]}",OHLC_D_I_RSIBELAVE,RSI Bearish Crossovers (Daily),"RSI (14,9) indicator went below its average line in the current session",15,Indicator Scans,"RSI (14,9) indicator went below its average line in the current session. It’s a bearish condition.",,,False,1,N,,OHLC_D_I_RSIBELAVE
1790075717,"{'stkname': 'Orient Tech', 'ltp': '', 'perChg': '', 'stkId': 'OTL', 'displayLock': 'N', 'scanproflg': 1, 'scUrl': 'software/orienttechnologies/OTL', 'columns': [{'name': 'RSI Indicator value', 'value': '42.12'}, {'name': 'change %', 'value': '-0.27'}, {'name': 'LTP', 'value': '234.40'}]}",OHLC_D_I_RSIBELAVE,RSI Bearish Crossovers (Daily),"RSI (14,9) indicator went below its average line in the current session",15,Indicator Scans,"RSI (14,9) indicator went below its average line in the current session. It’s a bearish condition.",,,False,1,N,,OHLC_D_I_RSIBELAVE
1790075717,"{'stkname': 'Akme Fintrade I', 'ltp': '', 'perChg': '', 'stkId': 'AFIL', 'displayLock': 'N', 'scanproflg': 1, 'scUrl': 'finance-investment/akmefintradeindia/AFIL', 'columns': [{'name': 'RSI Indicator value', 'value': '31.79'}, {'name': 'change %', 'value': '-4.82'}, {'name': 'LTP', 'value': '8.30'}]}",OHLC_D_I_RSIBELAVE,RSI Bearish Crossovers (Daily),"RSI (14,9) indicator went below its average line in the current session",15,Indicator Scans,"RSI (14,9) indicator went below its average line in the current session. It’s a bearish condition.",,,False,1,N,,OHLC_D_I_RSIBELAVE
1790075717,"{'stkname': 'Awfis Space Sol', 'ltp': '', 'perChg': '', 'stkId': 'ASS01', 'displayLock': 'N', 'scanproflg': 1, 'scUrl': 'miscellaneous/awfisspacesolutions/ASS01', 'columns': [{'name': 'RSI Indicator value', 'value': '48.96'}, {'name': 'change %', 'value': '-1.97'}, {'name': 'LTP', 'value': '266.00'}]}",OHLC_D_I_RSIBELAVE,RSI Bearish Crossovers (Daily),"RSI (14,9) indicator went below its average line in the current session",15,Indicator Scans,"RSI (14,9) indicator went below its average line in the current session. It’s a bearish condition.",,,False,1,N,,OHLC_D_I_RSIBELAVE
1790075717,"{'stkname': 'Emcure Pharmace', 'ltp': '', 'perChg': '', 'stkId': 'EPL', 'displayLock': 'N', 'scanproflg': 1, 'scUrl': 'pharmaceuticalsdrugs/emcurepharmaceuticals/EPL', 'columns': [{'name': 'RSI Indicator value', 'value': '56.54'}, {'name': 'change %', 'value': '-1.81'}, {'name': 'LTP', 'value': '1,973.00'}]}",OHLC_D_I_RSIBELAVE,RSI Bearish Crossovers (Daily),"RSI (14,9) indicator went below its average line in the current session",15,Indicator Scans,"RSI (14,9) indicator went below its average line in the current session. It’s a bearish condition.",,,False,1,N,,OHLC_D_I_RSIBELAVE
1790075717,"{'stkname': 'BlackBuck', 'ltp': '', 'perChg': '', 'stkId': 'ZLSL', 'displayLock': 'N', 'scanproflg': 1, 'scUrl': 'online-services/blackbuck/ZLSL', 'columns': [{'name': 'RSI Indicator value', 'value': '57.65'}, {'name': 'change %', 'value': '-1.72'}, {'name': 'LTP', 'value': '619.10'}]}",OHLC_D_I_RSIBELAVE,RSI Bearish Crossovers (Daily),"RSI (14,9) indicator went below its average line in the current session",15,Indicator Scans,"RSI (14,9) indicator went below its average line in the current session. It’s a bearish condition.",,,False,1,N,,OHLC_D_I_RSIBELAVE
1790075717,"{'stkname': 'GPT Healthcare', 'ltp': '', 'perChg': '', 'stkId': 'GHL02', 'displayLock': 'N', 'scanproflg': 1, 'scUrl': 'hospitalhealthcare-services/gpthealthcare/GHL02', 'columns': [{'name': 'RSI Indicator value', 'value': '56.72'}, {'name': 'change %', 'value': '-1.83'}, {'name': 'LTP', 'value': '162.30'}]}",OHLC_D_I_RSIBELAVE,RSI Bearish Crossovers (Daily),"RSI (14,9) indicator went below its average line in the current session",15,Indicator Scans,"RSI (14,9) indicator went below its average line in the current session. It’s a bearish condition.",,,False,1,N,,OHLC_D_I_RSIBELAVE
1790075717,"{'stkname': 'Bajaj Housing', 'ltp': '', 'perChg': '', 'stkId': 'BHFL', 'displayLock': 'N', 'scanproflg': 1, 'scUrl': 'finance-housing/bajajhousingfinance/BHFL', 'columns': [{'name': 'RSI Indicator value', 'value': '45.21'}, {'name': 'change %', 'value': '-0.98'}, {'name': 'LTP', 'value': '83.16'}]}",OHLC_D_I_RSIBELAVE,RSI Bearish Crossovers (Daily),"RSI (14,9) indicator went below its average line in the current session",15,Indicator Scans,"RSI (14,9) indicator went below its average line in the current session. It’s a bearish condition.",,,False,1,N,,OHLC_D_I_RSIBELAVE
1790075717,"{'stkname': 'Hexaware Tech', 'ltp': '', 'perChg': '', 'stkId': 'HTL03', 'displayLock': 'N', 'scanproflg': 1, 'scUrl': 'it-servicesconsulting/hexawaretechnologies/HTL03', 'columns': [{'name': 'RSI Indicator value', 'value': '36.93'}, {'name': 'change %', 'value': '-2.01'}, {'name': 'LTP', 'value': '504.90'}]}",OHLC_D_I_RSIBELAVE,RSI Bearish Crossovers (Daily),"RSI (14,9) indicator went below its average line in the current session",15,Indicator Scans,"RSI (14,9) indicator went below its average line in the current session. It’s a bearish condition.",,,False,1,N,,OHLC_D_I_RSIBELAVE
1790075717,"{'stkname': 'AB Cotspin', 'ltp': '', 'perChg': '', 'stkId': 'ACI13', 'displayLock': 'N', 'scanproflg': 1, 'scUrl': 'textiles/abcotspinindia/ACI01', 'columns': [{'name': 'RSI Indicator value', 'value': '46.94'}, {'name': 'change %', 'value': '-1.40'}, {'name': 'LTP', 'value': '205.10'}]}",OHLC_D_I_RSIBELAVE,RSI Bearish Crossovers (Daily),"RSI (14,9) indicator went below its average line in the current session",15,Indicator Scans,"RSI (14,9) indicator went below its average line in the current session. It’s a bearish condition.",,,False,1,N,,OHLC_D_I_RSIBELAVE
1790075717,"{'stkname': 'Innovana', 'ltp': '', 'perChg': '', 'stkId': 'IT06', 'displayLock': 'N', 'scanproflg': 1, 'scUrl': 'computers-software/innovanathinklabs/IT06', 'columns': [{'name': 'RSI Indicator value', 'value': '41.12'}, {'name': 'change %', 'value': '-3.28'}, {'name': 'LTP', 'value': '294.50'}]}",OHLC_D_I_RSIBELAVE,RSI Bearish Crossovers (Daily),"RSI (14,9) indicator went below its average line in the current session",15,Indicator Scans,"RSI (14,9) indicator went below its average line in the current session. It’s a bearish condition.",,,False,1,N,,OHLC_D_I_RSIBELAVE
1790075717,"{'stkname': 'Dollar Ind', 'ltp': '', 'perChg': '', 'stkId': 'DI27', 'displayLock': 'N', 'scanproflg': 1, 'scUrl': 'textiles-readymade-apparels/dollarindustries/DI29', 'columns': [{'name': 'RSI Indicator value', 'value': '52.01'}, {'name': 'change %', 'value': '-1.53'}, {'name': 'LTP', 'value': '271.05'}]}",OHLC_D_I_RSIBELAVE,RSI Bearish Crossovers (Daily),"RSI (14,9) indicator went below its average line in the current session",15,Indicator Scans,"RSI (14,9) indicator went below its average line in the current session. It’s a bearish condition.",,,False,1,N,,OHLC_D_I_RSIBELAVE
1790075717,"{'stkname': 'V-Mart Retail', 'ltp': '', 'perChg': '', 'stkId': 'VR03', 'displayLock': 'N', 'scanproflg': 1, 'scUrl': 'retail/v-martretail/VR03', 'columns': [{'name': 'RSI Indicator value', 'value': '43.42'}, {'name': 'change %', 'value': '-1.89'}, {'name': 'LTP', 'value': '793.55'}]}",OHLC_D_I_RSIBELAVE,RSI Bearish Crossovers (Daily),"RSI (14,9) indicator went below its average line in the current session",15,Indicator Scans,"RSI (14,9) indicator went below its average line in the current session. It’s a bearish condition.",,,False,1,N,,OHLC_D_I_RSIBELAVE
1790075717,"{'stkname': 'Mayur Uniquoter', 'ltp': '', 'perChg': '', 'stkId': 'MU', 'displayLock': 'N', 'scanproflg': 1, 'scUrl': 'plastics/mayuruniquoters/MU', 'columns': [{'name': 'RSI Indicator value', 'value': '43.04'}, {'name': 'change %', 'value': '-3.47'}, {'name': 'LTP', 'value': '725.20'}]}",OHLC_D_I_RSIBELAVE,RSI Bearish Crossovers (Daily),"RSI (14,9) indicator went below its average line in the current session",15,Indicator Scans,"RSI (14,9) indicator went below its average line in the current session. It’s a bearish condition.",,,False,1,N,,OHLC_D_I_RSIBELAVE
1790075717,"{'stkname': 'Cantabil Retail', 'ltp': '', 'perChg': '', 'stkId': 'CRI01', 'displayLock': 'N', 'scanproflg': 1, 'scUrl': 'retailing/cantabilretailindia/CRI01', 'columns': [{'name': 'RSI Indicator value', 'value': '47.12'}, {'name': 'change %', 'value': '-1.07'}, {'name': 'LTP', 'value': '238.50'}]}",OHLC_D_I_RSIBELAVE,RSI Bearish Crossovers (Daily),"RSI (14,9) indicator went below its average line in the current session",15,Indicator Scans,"RSI (14,9) indicator went below its average line in the current session. It’s a bearish condition.",,,False,1,N,,OHLC_D_I_RSIBELAVE
1790075717,"{'stkname': 'Sangam India', 'ltp': '', 'perChg': '', 'stkId': 'SI03', 'displayLock': 'N', 'scanproflg': 1, 'scUrl': 'textiles-spinning-synthetic-blended/sangamindia/SI03', 'columns': [{'name': 'RSI Indicator value', 'value': '42.54'}, {'name': 'change %', 'value': '-2.21'}, {'name': 'LTP', 'value': '566.00'}]}",OHLC_D_I_RSIBELAVE,RSI Bearish Crossovers (Daily),"RSI (14,9) indicator went below its average line in the current session",15,Indicator Scans,"RSI (14,9) indicator went below its average line in the current session. It’s a bearish condition.",,,False,1,N,,OHLC_D_I_RSIBELAVE
1790075717,"{'stkname': 'Aditya Birla F', 'ltp': '', 'perChg': '', 'stkId': 'PFR', 'displayLock': 'N', 'scanproflg': 1, 'scUrl': 'retail/adityabirlafashionretail/PFR', 'columns': [{'name': 'RSI Indicator value', 'value': '32.55'}, {'name': 'change %', 'value': '-1.66'}, {'name': 'LTP', 'value': '49.02'}]}",OHLC_D_I_RSIBELAVE,RSI Bearish Crossovers (Daily),"RSI (14,9) indicator went below its average line in the current session",15,Indicator Scans,"RSI (14,9) indicator went below its average line in the current session. It’s a bearish condition.",,,False,1,N,,OHLC_D_I_RSIBELAVE
1790075717,"{'stkname': 'Shaily Engg', 'ltp': '', 'perChg': '', 'stkId': 'SEP01', 'displayLock': 'N', 'scanproflg': 1, 'scUrl': 'trading/shailyengineeringplastics/SEP02', 'columns': [{'name': 'RSI Indicator value', 'value': '45.57'}, {'name': 'change %', 'value': '-3.21'}, {'name': 'LTP', 'value': '3,160.40'}]}",OHLC_D_I_RSIBELAVE,RSI Bearish Crossovers (Daily),"RSI (14,9) indicator went below its average line in the current session",15,Indicator Scans,"RSI (14,9) indicator went below its average line in the current session. It’s a bearish condition.",,,False,1,N,,OHLC_D_I_RSIBELAVE
1790075717,"{'stkname': 'Apollo Pipes', 'ltp': '', 'perChg': '', 'stkId': 'ALF02', 'displayLock': 'N', 'scanproflg': 1, 'scUrl': 'plastics/apollopipes/ALF02', 'columns': [{'name': 'RSI Indicator value', 'value': '39.78'}, {'name': 'change %', 'value': '-2.82'}, {'name': 'LTP', 'value': '524.30'}]}",OHLC_D_I_RSIBELAVE,RSI Bearish Crossovers (Daily),"RSI (14,9) indicator went below its average line in the current session",15,Indicator Scans,"RSI (14,9) indicator went below its average line in the current session. It’s a bearish condition.",,,False,1,N,,OHLC_D_I_RSIBELAVE
1790075717,"{'stkname': 'Shoppers Stop', 'ltp': '', 'perChg': '', 'stkId': 'SS51', 'displayLock': 'N', 'scanproflg': 1, 'scUrl': 'retail/shoppersstop/SS51', 'columns': [{'name': 'RSI Indicator value', 'value': '48.83'}, {'name': 'change %', 'value': '-1.00'}, {'name': 'LTP', 'value': '391.00'}]}",OHLC_D_I_RSIBELAVE,RSI Bearish Crossovers (Daily),"RSI (14,9) indicator went below its average line in the current session",15,Indicator Scans,"RSI (14,9) indicator went below its average line in the current session. It’s a bearish condition.",,,False,1,N,,OHLC_D_I_RSIBELAVE
1790075717,"{'stkname': 'SOLARA ACTIVE P', 'ltp': '', 'perChg': '', 'stkId': 'SOLAR54154', 'displayLock': 'N', 'scanproflg': 1, 'scUrl': 'pharmaceuticals/solaraactivepharmasciences/SOLAR54154', 'columns': [{'name': 'RSI Indicator value', 'value': '70.74'}, {'name': 'change %', 'value': '-0.70'}, {'name': 'LTP', 'value': '748.00'}]}",OHLC_D_I_RSIBELAVE,RSI Bearish Crossovers (Daily),"RSI (14,9) indicator went below its average line in the current session",15,Indicator Scans,"RSI (14,9) indicator went below its average line in the current session. It’s a bearish condition.",,,False,1,N,,OHLC_D_I_RSIBELAVE
1790075717,"{'stkname': 'Ipca Labs', 'ltp': '', 'perChg': '', 'stkId': 'IL', 'displayLock': 'N', 'scanproflg': 1, 'scUrl': 'pharmaceuticals/ipcalaboratories/IL', 'columns': [{'name': 'RSI Indicator value', 'value': '60.18'}, {'name': 'change %', 'value': '-1.27'}, {'name': 'LTP', 'value': '1,982.60'}]}",OHLC_D_I_RSIBELAVE,RSI Bearish Crossovers (Daily),"RSI (14,9) indicator went below its average line in the current session",15,Indicator Scans,"RSI (14,9) indicator went below its average line in the current session. It’s a bearish condition.",,,False,1,N,,OHLC_D_I_RSIBELAVE
1790075717,"{'stkname': 'Vimta Labs', 'ltp': '', 'perChg': '', 'stkId': 'VL04', 'displayLock': 'N', 'scanproflg': 1, 'scUrl': 'miscellaneous/vimtalabs/VL04', 'columns': [{'name': 'RSI Indicator value', 'value': '46.18'}, {'name': 'change %', 'value': '-0.81'}, {'name': 'LTP', 'value': '611.05'}]}",OHLC_D_I_RSIBELAVE,RSI Bearish Crossovers (Daily),"RSI (14,9) indicator went below its average line in the current session",15,Indicator Scans,"RSI (14,9) indicator went below its average line in the current session. It’s a bearish condition.",,,False,1,N,,OHLC_D_I_RSIBELAVE
1790075717,"{'stkname': 'BF Utilities', 'ltp': '', 'perChg': '', 'stkId': 'BFU', 'displayLock': 'N', 'scanproflg': 1, 'scUrl': 'power-generationdistribution/bfutilities/BFU', 'columns': [{'name': 'RSI Indicator value', 'value': '47.53'}, {'name': 'change %', 'value': '-0.84'}, {'name': 'LTP', 'value': '527.90'}]}",OHLC_D_I_RSIBELAVE,RSI Bearish Crossovers (Daily),"RSI (14,9) indicator went below its average line in the current session",15,Indicator Scans,"RSI (14,9) indicator went below its average line in the current session. It’s a bearish condition.",,,False,1,N,,OHLC_D_I_RSIBELAVE
1790075717,"{'stkname': 'Morepen Lab', 'ltp': '', 'perChg': '', 'stkId': 'ML06', 'displayLock': 'N', 'scanproflg': 1, 'scUrl': 'pharmaceuticals/morepenlaboratories/ML06', 'columns': [{'name': 'RSI Indicator value', 'value': '64.65'}, {'name': 'change %', 'value': '-2.74'}, {'name': 'LTP', 'value': '119.00'}]}",OHLC_D_I_RSIBELAVE,RSI Bearish Crossovers (Daily),"RSI (14,9) indicator went below its average line in the current session",15,Indicator Scans,"RSI (14,9) indicator went below its average line in the current session. It’s a bearish condition.",,,False,1,N,,OHLC_D_I_RSIBELAVE
1790075717,"{'stkname': 'Ganesha Ecosph', 'ltp': '', 'perChg': '', 'stkId': 'GP01', 'displayLock': 'N', 'scanproflg': 1, 'scUrl': 'textiles-processing/ganeshaecosphere/GP01', 'columns': [{'name': 'RSI Indicator value', 'value': '43.00'}, {'name': 'change %', 'value': '-0.57'}, {'name': 'LTP', 'value': '1,002.50'}]}",OHLC_D_I_RSIBELAVE,RSI Bearish Crossovers (Daily),"RSI (14,9) indicator went below its average line in the current session",15,Indicator Scans,"RSI (14,9) indicator went below its average line in the current session. It’s a bearish condition.",,,False,1,N,,OHLC_D_I_RSIBELAVE
1790075717,"{'stkname': 'West Coast Pap', 'ltp': '', 'perChg': '', 'stkId': 'WCP', 'displayLock': 'N', 'scanproflg': 1, 'scUrl': 'paper/westcoastpapermills/WCP', 'columns': [{'name': 'RSI Indicator value', 'value': '70.32'}, {'name': 'change %', 'value': '-1.48'}, {'name': 'LTP', 'value': '749.00'}]}",OHLC_D_I_RSIBELAVE,RSI Bearish Crossovers (Daily),"RSI (14,9) indicator went below its average line in the current session",15,Indicator Scans,"RSI (14,9) indicator went below its average line in the current session. It’s a bearish condition.",,,False,1,N,,OHLC_D_I_RSIBELAVE
1790075717,"{'stkname': 'TCPL Packaging', 'ltp': '', 'perChg': '', 'stkId': 'TFC03', 'displayLock': 'N', 'scanproflg': 1, 'scUrl': 'printingstationery/tcplpackaging/TCP01', 'columns': [{'name': 'RSI Indicator value', 'value': '50.05'}, {'name': 'change %', 'value': '-1.72'}, {'name': 'LTP', 'value': '3,814.20'}]}",OHLC_D_I_RSIBELAVE,RSI Bearish Crossovers (Daily),"RSI (14,9) indicator went below its average line in the current session",15,Indicator Scans,"RSI (14,9) indicator went below its average line in the current session. It’s a bearish condition.",,,False,1,N,,OHLC_D_I_RSIBELAVE
1790075717,"{'stkname': 'Alivus Life', 'ltp': '', 'perChg': '', 'stkId': 'GLS01', 'displayLock': 'N', 'scanproflg': 1, 'scUrl': 'pharmaceuticalsdrugs/alivuslifesciences/GLS01', 'columns': [{'name': 'RSI Indicator value', 'value': '51.48'}, {'name': 'change %', 'value': '-1.86'}, {'name': 'LTP', 'value': '1,374.40'}]}",OHLC_D_I_RSIBELAVE,RSI Bearish Crossovers (Daily),"RSI (14,9) indicator went below its average line in the current session",15,Indicator Scans,"RSI (14,9) indicator went below its average line in the current session. It’s a bearish condition.",,,False,1,N,,OHLC_D_I_RSIBELAVE
1790075717,"{'stkname': 'Astron Paper', 'ltp': '', 'perChg': '', 'stkId': 'APB', 'displayLock': 'N', 'scanproflg': 1, 'scUrl': 'paperforest-products/astronpaperboardmill/APB', 'columns': [{'name': 'RSI Indicator value', 'value': '30.77'}, {'name': 'change %', 'value': '-2.73'}, {'name': 'LTP', 'value': '2.85'}]}",OHLC_D_I_RSIBELAVE,RSI Bearish Crossovers (Daily),"RSI (14,9) indicator went below its average line in the current session",15,Indicator Scans,"RSI (14,9) indicator went below its average line in the current session. It’s a bearish condition.",,,False,1,N,,OHLC_D_I_RSIBELAVE
1790075717,"{'stkname': 'Prakash Ind', 'ltp': '', 'perChg': '', 'stkId': 'PI18', 'displayLock': 'N', 'scanproflg': 1, 'scUrl': 'diversified/prakashindustries/PI18', 'columns': [{'name': 'RSI Indicator value', 'value': '39.09'}, {'name': 'change %', 'value': '-0.91'}, {'name': 'LTP', 'value': '119.00'}]}",OHLC_D_I_RSIBELAVE,RSI Bearish Crossovers (Daily),"RSI (14,9) indicator went below its average line in the current session",15,Indicator Scans,"RSI (14,9) indicator went below its average line in the current session. It’s a bearish condition.",,,False,1,N,,OHLC_D_I_RSIBELAVE
1790075717,"{'stkname': 'Aarti Drugs', 'ltp': '', 'perChg': '', 'stkId': 'AD', 'displayLock': 'N', 'scanproflg': 1, 'scUrl': 'pharmaceuticals/aartidrugs/AD', 'columns': [{'name': 'RSI Indicator value', 'value': '52.31'}, {'name': 'change %', 'value': '-1.99'}, {'name': 'LTP', 'value': '426.85'}]}",OHLC_D_I_RSIBELAVE,RSI Bearish Crossovers (Daily),"RSI (14,9) indicator went below its average line in the current session",15,Indicator Scans,"RSI (14,9) indicator went below its average line in the current session. It’s a bearish condition.",,,False,1,N,,OHLC_D_I_RSIBELAVE
1790075717,"{'stkname': 'Navneet', 'ltp': '', 'perChg': '', 'stkId': 'NP', 'displayLock': 'N', 'scanproflg': 1, 'scUrl': 'printingstationery/navneeteducation/NP01', 'columns': [{'name': 'RSI Indicator value', 'value': '29.06'}, {'name': 'change %', 'value': '-3.17'}, {'name': 'LTP', 'value': '122.80'}]}",OHLC_D_I_RSIBELAVE,RSI Bearish Crossovers (Daily),"RSI (14,9) indicator went below its average line in the current session",15,Indicator Scans,"RSI (14,9) indicator went below its average line in the current session. It’s a bearish condition.",,,False,1,N,,OHLC_D_I_RSIBELAVE
1790075717,"{'stkname': 'Venus Pipes', 'ltp': '', 'perChg': '', 'stkId': 'VPT01', 'displayLock': 'N', 'scanproflg': 1, 'scUrl': 'ironsteel/venuspipestubes/VPT01', 'columns': [{'name': 'RSI Indicator value', 'value': '74.64'}, {'name': 'change %', 'value': '-0.56'}, {'name': 'LTP', 'value': '2,218.60'}]}",OHLC_D_I_RSIBELAVE,RSI Bearish Crossovers (Daily),"RSI (14,9) indicator went below its average line in the current session",15,Indicator Scans,"RSI (14,9) indicator went below its average line in the current session. It’s a bearish condition.",,,False,1,N,,OHLC_D_I_RSIBELAVE
1790075717,"{'stkname': 'Shreyans Ind', 'ltp': '', 'perChg': '', 'stkId': 'SI20', 'displayLock': 'N', 'scanproflg': 1, 'scUrl': 'paper/shreyansindustries/SI20', 'columns': [{'name': 'RSI Indicator value', 'value': '44.45'}, {'name': 'change %', 'value': '-3.61'}, {'name': 'LTP', 'value': '127.51'}]}",OHLC_D_I_RSIBELAVE,RSI Bearish Crossovers (Daily),"RSI (14,9) indicator went below its average line in the current session",15,Indicator Scans,"RSI (14,9) indicator went below its average line in the current session. It’s a bearish condition.",,,False,1,N,,OHLC_D_I_RSIBELAVE
1790075717,"{'stkname': 'Motherson SWI', 'ltp': '', 'perChg': '', 'stkId': 'MSW', 'displayLock': 'N', 'scanproflg': 1, 'scUrl': 'auto-ancillaries/mothersonsumiwiringindia/MSW', 'columns': [{'name': 'RSI Indicator value', 'value': '33.85'}, {'name': 'change %', 'value': '-0.93'}, {'name': 'LTP', 'value': '35.27'}]}",OHLC_D_I_RSIBELAVE,RSI Bearish Crossovers (Daily),"RSI (14,9) indicator went below its average line in the current session",15,Indicator Scans,"RSI (14,9) indicator went below its average line in the current session. It’s a bearish condition.",,,False,1,N,,OHLC_D_I_RSIBELAVE
1790075717,"{'stkname': 'JK Paper', 'ltp': '', 'perChg': '', 'stkId': 'CPM01', 'displayLock': 'N', 'scanproflg': 1, 'scUrl': 'paper/jkpaper/JKP01', 'columns': [{'name': 'RSI Indicator value', 'value': '55.49'}, {'name': 'change %', 'value': '-1.75'}, {'name': 'LTP', 'value': '415.50'}]}",OHLC_D_I_RSIBELAVE,RSI Bearish Crossovers (Daily),"RSI (14,9) indicator went below its average line in the current session",15,Indicator Scans,"RSI (14,9) indicator went below its average line in the current session. It’s a bearish condition.",,,False,1,N,,OHLC_D_I_RSIBELAVE
1790075717,"{'stkname': 'Gulf Oil Lubric', 'ltp': '', 'perChg': '', 'stkId': 'GOL01', 'displayLock': 'N', 'scanproflg': 1, 'scUrl': 'lubricants/gulfoillubricantsindia/GOL01', 'columns': [{'name': 'RSI Indicator value', 'value': '36.56'}, {'name': 'change %', 'value': '-1.07'}, {'name': 'LTP', 'value': '1,047.10'}]}",OHLC_D_I_RSIBELAVE,RSI Bearish Crossovers (Daily),"RSI (14,9) indicator went below its average line in the current session",15,Indicator Scans,"RSI (14,9) indicator went below its average line in the current session. It’s a bearish condition.",,,False,1,N,,OHLC_D_I_RSIBELAVE
1790075717,"{'stkname': 'North Eastern', 'ltp': '', 'perChg': '', 'stkId': 'NEC01', 'displayLock': 'N', 'scanproflg': 1, 'scUrl': 'transportlogistics/northeasterncarryingcorporation/NEC01', 'columns': [{'name': 'RSI Indicator value', 'value': '65.82'}, {'name': 'change %', 'value': '-0.93'}, {'name': 'LTP', 'value': '19.25'}]}",OHLC_D_I_RSIBELAVE,RSI Bearish Crossovers (Daily),"RSI (14,9) indicator went below its average line in the current session",15,Indicator Scans,"RSI (14,9) indicator went below its average line in the current session. It’s a bearish condition.",,,False,1,N,,OHLC_D_I_RSIBELAVE
1790075717,"{'stkname': 'Aegis Vopak', 'ltp': '', 'perChg': '', 'stkId': 'AVTL', 'displayLock': 'N', 'scanproflg': 1, 'scUrl': 'ports/aegisvopakterminals/AVTL', 'columns': [{'name': 'RSI Indicator value', 'value': '56.94'}, {'name': 'change %', 'value': '-5.29'}, {'name': 'LTP', 'value': '301.45'}]}",OHLC_D_I_RSIBELAVE,RSI Bearish Crossovers (Daily),"RSI (14,9) indicator went below its average line in the current session",15,Indicator Scans,"RSI (14,9) indicator went below its average line in the current session. It’s a bearish condition.",,,False,1,N,,OHLC_D_I_RSIBELAVE
1790075717,"{'stkname': 'Incredible Ind', 'ltp': '', 'perChg': '', 'stkId': 'AI61', 'displayLock': 'N', 'scanproflg': 1, 'scUrl': 'steel-mediumsmall/incredibleindustries/AI67', 'columns': [{'name': 'RSI Indicator value', 'value': '48.95'}, {'name': 'change %', 'value': '-1.81'}, {'name': 'LTP', 'value': '32.51'}]}",OHLC_D_I_RSIBELAVE,RSI Bearish Crossovers (Daily),"RSI (14,9) indicator went below its average line in the current session",15,Indicator Scans,"RSI (14,9) indicator went below its average line in the current session. It’s a bearish condition.",,,False,1,N,,OHLC_D_I_RSIBELAVE
1790075717,"{'stkname': 'IRIS RegTech', 'ltp': '', 'perChg': '', 'stkId': 'IBS01', 'displayLock': 'N', 'scanproflg': 1, 'scUrl': 'software/irisregtechsolutions/IBS01', 'columns': [{'name': 'RSI Indicator value', 'value': '43.98'}, {'name': 'change %', 'value': '-3.09'}, {'name': 'LTP', 'value': '237.80'}]}",OHLC_D_I_RSIBELAVE,RSI Bearish Crossovers (Daily),"RSI (14,9) indicator went below its average line in the current session",15,Indicator Scans,"RSI (14,9) indicator went below its average line in the current session. It’s a bearish condition.",,,False,1,N,,OHLC_D_I_RSIBELAVE
1790075717,"{'stkname': 'TAKE', 'ltp': '', 'perChg': '', 'stkId': 'TS09', 'displayLock': 'N', 'scanproflg': 1, 'scUrl': 'pharmaceuticals/take/TS09', 'columns': [{'name': 'RSI Indicator value', 'value': '40.56'}, {'name': 'change %', 'value': '-3.22'}, {'name': 'LTP', 'value': '15.94'}]}",OHLC_D_I_RSIBELAVE,RSI Bearish Crossovers (Daily),"RSI (14,9) indicator went below its average line in the current session",15,Indicator Scans,"RSI (14,9) indicator went below its average line in the current session. It’s a bearish condition.",,,False,1,N,,OHLC_D_I_RSIBELAVE
1790075717,"{'stkname': 'Snowman Logist', 'ltp': '', 'perChg': '', 'stkId': 'SL16', 'displayLock': 'N', 'scanproflg': 1, 'scUrl': 'transportlogistics/snowmanlogistics/SL17', 'columns': [{'name': 'RSI Indicator value', 'value': '35.24'}, {'name': 'change %', 'value': '-1.22'}, {'name': 'LTP', 'value': '34.78'}]}",OHLC_D_I_RSIBELAVE,RSI Bearish Crossovers (Daily),"RSI (14,9) indicator went below its average line in the current session",15,Indicator Scans,"RSI (14,9) indicator went below its average line in the current session. It’s a bearish condition.",,,False,1,N,,OHLC_D_I_RSIBELAVE
1790075717,"{'stkname': 'R Systems Intl', 'ltp': '', 'perChg': '', 'stkId': 'RSI01', 'displayLock': 'N', 'scanproflg': 1, 'scUrl': 'computers-software-mediumsmall/rsystemsinternational/RSI01', 'columns': [{'name': 'RSI Indicator value', 'value': '42.58'}, {'name': 'change %', 'value': '-1.68'}, {'name': 'LTP', 'value': '239.00'}]}",OHLC_D_I_RSIBELAVE,RSI Bearish Crossovers (Daily),"RSI (14,9) indicator went below its average line in the current session",15,Indicator Scans,"RSI (14,9) indicator went below its average line in the current session. It’s a bearish condition.",,,False,1,N,,OHLC_D_I_RSIBELAVE
1790075717,"{'stkname': '63 Moons Tech', 'ltp': '', 'perChg': '', 'stkId': 'WT01', 'displayLock': 'N', 'scanproflg': 1, 'scUrl': 'computers-software/63moonstechnologies/FT02', 'columns': [{'name': 'RSI Indicator value', 'value': '51.20'}, {'name': 'change %', 'value': '-5.27'}, {'name': 'LTP', 'value': '845.05'}]}",OHLC_D_I_RSIBELAVE,RSI Bearish Crossovers (Daily),"RSI (14,9) indicator went below its average line in the current session",15,Indicator Scans,"RSI (14,9) indicator went below its average line in the current session. It’s a bearish condition.",,,False,1,N,,OHLC_D_I_RSIBELAVE
1790075717,"{'stkname': 'Greenlam Ind', 'ltp': '', 'perChg': '', 'stkId': 'GI28', 'displayLock': 'N', 'scanproflg': 1, 'scUrl': 'miscellaneous/greenlamindustries/GI31', 'columns': [{'name': 'RSI Indicator value', 'value': '35.01'}, {'name': 'change %', 'value': '-1.23'}, {'name': 'LTP', 'value': '225.94'}]}",OHLC_D_I_RSIBELAVE,RSI Bearish Crossovers (Daily),"RSI (14,9) indicator went below its average line in the current session",15,Indicator Scans,"RSI (14,9) indicator went below its average line in the current session. It’s a bearish condition.",,,False,1,N,,OHLC_D_I_RSIBELAVE
1790075717,"{'stkname': 'Petronet LNG', 'ltp': '', 'perChg': '', 'stkId': 'PLN', 'displayLock': 'N', 'scanproflg': 1, 'scUrl': 'oil-drillingexploration/petronetlng/PLN', 'columns': [{'name': 'RSI Indicator value', 'value': '44.71'}, {'name': 'change %', 'value': '-2.00'}, {'name': 'LTP', 'value': '281.75'}]}",OHLC_D_I_RSIBELAVE,RSI Bearish Crossovers (Daily),"RSI (14,9) indicator went below its average line in the current session",15,Indicator Scans,"RSI (14,9) indicator went below its average line in the current session. It’s a bearish condition.",,,False,1,N,,OHLC_D_I_RSIBELAVE
1790075717,"{'stkname': 'Dr Lal PathLab', 'ltp': '', 'perChg': '', 'stkId': 'DLP01', 'displayLock': 'N', 'scanproflg': 1, 'scUrl': 'pharmaceuticals/drlalpathlabs/DLP01', 'columns': [{'name': 'RSI Indicator value', 'value': '51.77'}, {'name': 'change %', 'value': '-0.68'}, {'name': 'LTP', 'value': '1,907.30'}]}",OHLC_D_I_RSIBELAVE,RSI Bearish Crossovers (Daily),"RSI (14,9) indicator went below its average line in the current session",15,Indicator Scans,"RSI (14,9) indicator went below its average line in the current session. It’s a bearish condition.",,,False,1,N,,OHLC_D_I_RSIBELAVE
1790075717,"{'stkname': 'Metropolis', 'ltp': '', 'perChg': '', 'stkId': 'MH09', 'displayLock': 'N', 'scanproflg': 1, 'scUrl': 'hospitalsmedical-services/metropolishealthcare/MH06', 'columns': [{'name': 'RSI Indicator value', 'value': '55.32'}, {'name': 'change %', 'value': '-0.35'}, {'name': 'LTP', 'value': '591.30'}]}",OHLC_D_I_RSIBELAVE,RSI Bearish Crossovers (Daily),"RSI (14,9) indicator went below its average line in the current session",15,Indicator Scans,"RSI (14,9) indicator went below its average line in the current session. It’s a bearish condition.",,,False,1,N,,OHLC_D_I_RSIBELAVE
1790075717,"{'stkname': 'eClerx Services', 'ltp': '', 'perChg': '', 'stkId': 'ES07', 'displayLock': 'N', 'scanproflg': 1, 'scUrl': 'computers-software-mediumsmall/eclerxservices/eS06', 'columns': [{'name': 'RSI Indicator value', 'value': '53.01'}, {'name': 'change %', 'value': '-1.29'}, {'name': 'LTP', 'value': '1,926.00'}]}",OHLC_D_I_RSIBELAVE,RSI Bearish Crossovers (Daily),"RSI (14,9) indicator went below its average line in the current session",15,Indicator Scans,"RSI (14,9) indicator went below its average line in the current session. It’s a bearish condition.",,,False,1,N,,OHLC_D_I_RSIBELAVE
1790075717,"{'stkname': 'HLV', 'ltp': '', 'perChg': '', 'stkId': 'HLV', 'displayLock': 'N', 'scanproflg': 1, 'scUrl': 'hotels/hlv/HLV', 'columns': [{'name': 'RSI Indicator value', 'value': '42.68'}, {'name': 'change %', 'value': '-4.75'}, {'name': 'LTP', 'value': '6.41'}]}",OHLC_D_I_RSIBELAVE,RSI Bearish Crossovers (Daily),"RSI (14,9) indicator went below its average line in the current session",15,Indicator Scans,"RSI (14,9) indicator went below its average line in the current session. It’s a bearish condition.",,,False,1,N,,OHLC_D_I_RSIBELAVE
1790075717,"{'stkname': 'Softtech Engine', 'ltp': '', 'perChg': '', 'stkId': 'SE26', 'displayLock': 'N', 'scanproflg': 1, 'scUrl': 'computers-software/softtechengineers/SE24', 'columns': [{'name': 'RSI Indicator value', 'value': '66.23'}, {'name': 'change %', 'value': '-5.00'}, {'name': 'LTP', 'value': '494.95'}]}",OHLC_D_I_RSIBELAVE,RSI Bearish Crossovers (Daily),"RSI (14,9) indicator went below its average line in the current session",15,Indicator Scans,"RSI (14,9) indicator went below its average line in the current session. It’s a bearish condition.",,,False,1,N,,OHLC_D_I_RSIBELAVE
1790075717,"{'stkname': 'Apollo Sindoori', 'ltp': '', 'perChg': '', 'stkId': 'ASH', 'displayLock': 'N', 'scanproflg': 1, 'scUrl': 'hotel-resortrestaurants/apollosindoorihotels/ASH', 'columns': [{'name': 'RSI Indicator value', 'value': '49.11'}, {'name': 'change %', 'value': '-0.32'}, {'name': 'LTP', 'value': '1,212.00'}]}",OHLC_D_I_RSIBELAVE,RSI Bearish Crossovers (Daily),"RSI (14,9) indicator went below its average line in the current session",15,Indicator Scans,"RSI (14,9) indicator went below its average line in the current session. It’s a bearish condition.",,,False,1,N,,OHLC_D_I_RSIBELAVE
1790075717,"{'stkname': 'Latent View', 'ltp': '', 'perChg': '', 'stkId': 'LVA', 'displayLock': 'N', 'scanproflg': 1, 'scUrl': 'it-servicesconsulting/latentviewanalytics/LVA', 'columns': [{'name': 'RSI Indicator value', 'value': '29.16'}, {'name': 'change %', 'value': '-0.93'}, {'name': 'LTP', 'value': '250.10'}]}",OHLC_D_I_RSIBELAVE,RSI Bearish Crossovers (Daily),"RSI (14,9) indicator went below its average line in the current session",15,Indicator Scans,"RSI (14,9) indicator went below its average line in the current session. It’s a bearish condition.",,,False,1,N,,OHLC_D_I_RSIBELAVE
1790075717,"{'stkname': 'Jupiter Life', 'ltp': '', 'perChg': '', 'stkId': 'JLLHL', 'displayLock': 'N', 'scanproflg': 1, 'scUrl': 'hospitalhealthcare-services/jupiterlifelinehospitals/JLLHL', 'columns': [{'name': 'RSI Indicator value', 'value': '29.68'}, {'name': 'change %', 'value': '-0.56'}, {'name': 'LTP', 'value': '274.00'}]}",OHLC_D_I_RSIBELAVE,RSI Bearish Crossovers (Daily),"RSI (14,9) indicator went below its average line in the current session",15,Indicator Scans,"RSI (14,9) indicator went below its average line in the current session. It’s a bearish condition.",,,False,1,N,,OHLC_D_I_RSIBELAVE
1790075717,"{'stkname': 'Vijaya Diagnost', 'ltp': '', 'perChg': '', 'stkId': 'VDC01', 'displayLock': 'N', 'scanproflg': 1, 'scUrl': 'hospitalhealthcare-services/vijayadiagnosticcentre/VDC01', 'columns': [{'name': 'RSI Indicator value', 'value': '55.05'}, {'name': 'change %', 'value': '-2.74'}, {'name': 'LTP', 'value': '1,513.50'}]}",OHLC_D_I_RSIBELAVE,RSI Bearish Crossovers (Daily),"RSI (14,9) indicator went below its average line in the current session",15,Indicator Scans,"RSI (14,9) indicator went below its average line in the current session. It’s a bearish condition.",,,False,1,N,,OHLC_D_I_RSIBELAVE
1790075717,"{'stkname': 'Khadim India', 'ltp': '', 'perChg': '', 'stkId': 'KIL06', 'displayLock': 'N', 'scanproflg': 1, 'scUrl': 'footwear/khadimindia/KIL', 'columns': [{'name': 'RSI Indicator value', 'value': '66.77'}, {'name': 'change %', 'value': '-2.00'}, {'name': 'LTP', 'value': '125.44'}]}",OHLC_D_I_RSIBELAVE,RSI Bearish Crossovers (Daily),"RSI (14,9) indicator went below its average line in the current session",15,Indicator Scans,"RSI (14,9) indicator went below its average line in the current session. It’s a bearish condition.",,,False,1,N,,OHLC_D_I_RSIBELAVE
1790075717,"{'stkname': 'Aster DM Qua', 'ltp': '', 'perChg': '', 'stkId': 'ADH', 'displayLock': 'N', 'scanproflg': 1, 'scUrl': 'hospitalhealthcare-services/asterdmqualitycare/ADH', 'columns': [{'name': 'RSI Indicator value', 'value': '40.66'}, {'name': 'change %', 'value': '-0.79'}, {'name': 'LTP', 'value': '750.80'}]}",OHLC_D_I_RSIBELAVE,RSI Bearish Crossovers (Daily),"RSI (14,9) indicator went below its average line in the current session",15,Indicator Scans,"RSI (14,9) indicator went below its average line in the current session. It’s a bearish condition.",,,False,1,N,,OHLC_D_I_RSIBELAVE
1790075717,"{'stkname': 'Sukhjit Starch', 'ltp': '', 'perChg': '', 'stkId': 'SSC02', 'displayLock': 'N', 'scanproflg': 1, 'scUrl': 'miscellaneous/sukhjitstarchchemicals/SSC02', 'columns': [{'name': 'RSI Indicator value', 'value': '49.50'}, {'name': 'change %', 'value': '-1.60'}, {'name': 'LTP', 'value': '160.70'}]}",OHLC_D_I_RSIBELAVE,RSI Bearish Crossovers (Daily),"RSI (14,9) indicator went below its average line in the current session",15,Indicator Scans,"RSI (14,9) indicator went below its average line in the current session. It’s a bearish condition.",,,False,1,N,,OHLC_D_I_RSIBELAVE
1790075717,"{'stkname': 'Aarti Surfactan', 'ltp': '', 'perChg': '', 'stkId': 'ASL09', 'displayLock': 'N', 'scanproflg': 1, 'scUrl': 'diversified-chemicals/aartisurfactants/ASL08', 'columns': [{'name': 'RSI Indicator value', 'value': '47.13'}, {'name': 'change %', 'value': '-2.96'}, {'name': 'LTP', 'value': '513.00'}]}",OHLC_D_I_RSIBELAVE,RSI Bearish Crossovers (Daily),"RSI (14,9) indicator went below its average line in the current session",15,Indicator Scans,"RSI (14,9) indicator went below its average line in the current session. It’s a bearish condition.",,,False,1,N,,OHLC_D_I_RSIBELAVE
1790075717,"{'stkname': 'Indraprastha', 'ltp': '', 'perChg': '', 'stkId': 'IMC03', 'displayLock': 'N', 'scanproflg': 1, 'scUrl': 'hospitalsmedical-services/indraprasthamedicalcorporation/IMC03', 'columns': [{'name': 'RSI Indicator value', 'value': '46.21'}, {'name': 'change %', 'value': '-1.89'}, {'name': 'LTP', 'value': '359.05'}]}",OHLC_D_I_RSIBELAVE,RSI Bearish Crossovers (Daily),"RSI (14,9) indicator went below its average line in the current session",15,Indicator Scans,"RSI (14,9) indicator went below its average line in the current session. It’s a bearish condition.",,,False,1,N,,OHLC_D_I_RSIBELAVE
1790075717,"{'stkname': 'Guj Amb Exports', 'ltp': '', 'perChg': '', 'stkId': 'GAE', 'displayLock': 'N', 'scanproflg': 1, 'scUrl': 'food-processing/gujaratambujaexports/GAE', 'columns': [{'name': 'RSI Indicator value', 'value': '40.75'}, {'name': 'change %', 'value': '-2.33'}, {'name': 'LTP', 'value': '157.49'}]}",OHLC_D_I_RSIBELAVE,RSI Bearish Crossovers (Daily),"RSI (14,9) indicator went below its average line in the current session",15,Indicator Scans,"RSI (14,9) indicator went below its average line in the current session. It’s a bearish condition.",,,False,1,N,,OHLC_D_I_RSIBELAVE
1790075717,"{'stkname': 'ADF Foods', 'ltp': '', 'perChg': '', 'stkId': 'ADF01', 'displayLock': 'N', 'scanproflg': 1, 'scUrl': 'food-processing/adffoodsindustries/AF30', 'columns': [{'name': 'RSI Indicator value', 'value': '43.84'}, {'name': 'change %', 'value': '-1.98'}, {'name': 'LTP', 'value': '262.60'}]}",OHLC_D_I_RSIBELAVE,RSI Bearish Crossovers (Daily),"RSI (14,9) indicator went below its average line in the current session",15,Indicator Scans,"RSI (14,9) indicator went below its average line in the current session. It’s a bearish condition.",,,False,1,N,,OHLC_D_I_RSIBELAVE
1790075717,"{'stkname': 'JHS Svendgaard', 'ltp': '', 'perChg': '', 'stkId': 'JHS01', 'displayLock': 'N', 'scanproflg': 1, 'scUrl': 'personal-care/jhssvendgaardlaboratories/JHS01', 'columns': [{'name': 'RSI Indicator value', 'value': '49.17'}, {'name': 'change %', 'value': '-3.40'}, {'name': 'LTP', 'value': '8.25'}]}",OHLC_D_I_RSIBELAVE,RSI Bearish Crossovers (Daily),"RSI (14,9) indicator went below its average line in the current session",15,Indicator Scans,"RSI (14,9) indicator went below its average line in the current session. It’s a bearish condition.",,,False,1,N,,OHLC_D_I_RSIBELAVE
1790075717,"{'stkname': 'TruCap Finance', 'ltp': '', 'perChg': '', 'stkId': 'DF10', 'displayLock': 'N', 'scanproflg': 1, 'scUrl': 'finance-stock-broking/trucapfinance/DF10', 'columns': [{'name': 'RSI Indicator value', 'value': '42.23'}, {'name': 'change %', 'value': '-1.21'}, {'name': 'LTP', 'value': '4.07'}]}",OHLC_D_I_RSIBELAVE,RSI Bearish Crossovers (Daily),"RSI (14,9) indicator went below its average line in the current session",15,Indicator Scans,"RSI (14,9) indicator went below its average line in the current session. It’s a bearish condition.",,,False,1,N,,OHLC_D_I_RSIBELAVE
1790075717,"{'stkname': 'Centrum Capital', 'ltp': '', 'perChg': '', 'stkId': 'CF09', 'displayLock': 'N', 'scanproflg': 1, 'scUrl': 'finance-general/centrumcapital/CF09', 'columns': [{'name': 'RSI Indicator value', 'value': '36.64'}, {'name': 'change %', 'value': '-2.33'}, {'name': 'LTP', 'value': '21.34'}]}",OHLC_D_I_RSIBELAVE,RSI Bearish Crossovers (Daily),"RSI (14,9) indicator went below its average line in the current session",15,Indicator Scans,"RSI (14,9) indicator went below its average line in the current session. It’s a bearish condition.",,,False,1,N,,OHLC_D_I_RSIBELAVE
1790075717,"{'stkname': 'Indostar Capita', 'ltp': '', 'perChg': '', 'stkId': 'ICF01', 'displayLock': 'N', 'scanproflg': 1, 'scUrl': 'finance-general/indostarcapitalfinance/ICF', 'columns': [{'name': 'RSI Indicator value', 'value': '39.39'}, {'name': 'change %', 'value': '-2.10'}, {'name': 'LTP', 'value': '230.50'}]}",OHLC_D_I_RSIBELAVE,RSI Bearish Crossovers (Daily),"RSI (14,9) indicator went below its average line in the current session",15,Indicator Scans,"RSI (14,9) indicator went below its average line in the current session. It’s a bearish condition.",,,False,1,N,,OHLC_D_I_RSIBELAVE
1790075717,"{'stkname': 'Nahar Capital', 'ltp': '', 'perChg': '', 'stkId': 'NCF', 'displayLock': 'N', 'scanproflg': 1, 'scUrl': 'finance-investments/naharcapitalfinancialservices/NCF', 'columns': [{'name': 'RSI Indicator value', 'value': '43.38'}, {'name': 'change %', 'value': '-2.25'}, {'name': 'LTP', 'value': '250.00'}]}",OHLC_D_I_RSIBELAVE,RSI Bearish Crossovers (Daily),"RSI (14,9) indicator went below its average line in the current session",15,Indicator Scans,"RSI (14,9) indicator went below its average line in the current session. It’s a bearish condition.",,,False,1,N,,OHLC_D_I_RSIBELAVE
1790075717,"{'stkname': 'MAS Financial S', 'ltp': '', 'perChg': '', 'stkId': 'MFS09', 'displayLock': 'N', 'scanproflg': 1, 'scUrl': 'finance-general/masfinancialservices/MFS09', 'columns': [{'name': 'RSI Indicator value', 'value': '41.91'}, {'name': 'change %', 'value': '-1.04'}, {'name': 'LTP', 'value': '289.10'}]}",OHLC_D_I_RSIBELAVE,RSI Bearish Crossovers (Daily),"RSI (14,9) indicator went below its average line in the current session",15,Indicator Scans,"RSI (14,9) indicator went below its average line in the current session. It’s a bearish condition.",,,False,1,N,,OHLC_D_I_RSIBELAVE
1790075717,"{'stkname': 'Prataap Snacks ', 'ltp': '', 'perChg': '', 'stkId': 'PS20', 'displayLock': 'N', 'scanproflg': 1, 'scUrl': 'food-processing/prataapsnacks/PS20', 'columns': [{'name': 'RSI Indicator value', 'value': '31.40'}, {'name': 'change %', 'value': '-0.85'}, {'name': 'LTP', 'value': '1,090.00'}]}",OHLC_D_I_RSIBELAVE,RSI Bearish Crossovers (Daily),"RSI (14,9) indicator went below its average line in the current session",15,Indicator Scans,"RSI (14,9) indicator went below its average line in the current session. It’s a bearish condition.",,,False,1,N,,OHLC_D_I_RSIBELAVE
1790075717,"{'stkname': 'Heritage Foods', 'ltp': '', 'perChg': '', 'stkId': 'HFI', 'displayLock': 'N', 'scanproflg': 1, 'scUrl': 'food-processing/heritagefoods/HFI', 'columns': [{'name': 'RSI Indicator value', 'value': '61.63'}, {'name': 'change %', 'value': '-2.02'}, {'name': 'LTP', 'value': '413.00'}]}",OHLC_D_I_RSIBELAVE,RSI Bearish Crossovers (Daily),"RSI (14,9) indicator went below its average line in the current session",15,Indicator Scans,"RSI (14,9) indicator went below its average line in the current session. It’s a bearish condition.",,,False,1,N,,OHLC_D_I_RSIBELAVE
1790075717,"{'stkname': 'Dhanuka Agritec', 'ltp': '', 'perChg': '', 'stkId': 'DP04', 'displayLock': 'N', 'scanproflg': 1, 'scUrl': 'pesticidesagro-chemicals/dhanukaagritech/DA01', 'columns': [{'name': 'RSI Indicator value', 'value': '41.17'}, {'name': 'change %', 'value': '-1.06'}, {'name': 'LTP', 'value': '965.25'}]}",OHLC_D_I_RSIBELAVE,RSI Bearish Crossovers (Daily),"RSI (14,9) indicator went below its average line in the current session",15,Indicator Scans,"RSI (14,9) indicator went below its average line in the current session. It’s a bearish condition.",,,False,1,N,,OHLC_D_I_RSIBELAVE
1790075717,"{'stkname': 'Punjab Chemical', 'ltp': '', 'perChg': '', 'stkId': 'PCP01', 'displayLock': 'N', 'scanproflg': 1, 'scUrl': 'chemicals/punjabchemicalscropprotection/PCC03', 'columns': [{'name': 'RSI Indicator value', 'value': '39.88'}, {'name': 'change %', 'value': '-0.92'}, {'name': 'LTP', 'value': '1,055.00'}]}",OHLC_D_I_RSIBELAVE,RSI Bearish Crossovers (Daily),"RSI (14,9) indicator went below its average line in the current session",15,Indicator Scans,"RSI (14,9) indicator went below its average line in the current session. It’s a bearish condition.",,,False,1,N,,OHLC_D_I_RSIBELAVE
1790075717,"{'stkname': 'TIL', 'ltp': '', 'perChg': '', 'stkId': 'TIL', 'displayLock': 'N', 'scanproflg': 1, 'scUrl': 'engineering/til/TIL', 'columns': [{'name': 'RSI Indicator value', 'value': '54.23'}, {'name': 'change %', 'value': '-2.61'}, {'name': 'LTP', 'value': '250.00'}]}",OHLC_D_I_RSIBELAVE,RSI Bearish Crossovers (Daily),"RSI (14,9) indicator went below its average line in the current session",15,Indicator Scans,"RSI (14,9) indicator went below its average line in the current session. It’s a bearish condition.",,,False,1,N,,OHLC_D_I_RSIBELAVE
1790075717,"{'stkname': 'RUDRABHISHEK', 'ltp': '', 'perChg': '', 'stkId': 'RE11', 'displayLock': 'N', 'scanproflg': 1, 'scUrl': 'infrastructure/rudrabhishekenterprises/RE11', 'columns': [{'name': 'RSI Indicator value', 'value': '34.97'}, {'name': 'change %', 'value': '-3.80'}, {'name': 'LTP', 'value': '57.00'}]}",OHLC_D_I_RSIBELAVE,RSI Bearish Crossovers (Daily),"RSI (14,9) indicator went below its average line in the current session",15,Indicator Scans,"RSI (14,9) indicator went below its average line in the current session. It’s a bearish condition.",,,False,1,N,,OHLC_D_I_RSIBELAVE
1790075717,"{'stkname': 'CreditAccess Gr', 'ltp': '', 'perChg': '', 'stkId': 'CG02', 'displayLock': 'N', 'scanproflg': 1, 'scUrl': 'finance-nbfc/creditaccessgrameen/CG03', 'columns': [{'name': 'RSI Indicator value', 'value': '36.28'}, {'name': 'change %', 'value': '-2.71'}, {'name': 'LTP', 'value': '1,355.30'}]}",OHLC_D_I_RSIBELAVE,RSI Bearish Crossovers (Daily),"RSI (14,9) indicator went below its average line in the current session",15,Indicator Scans,"RSI (14,9) indicator went below its average line in the current session. It’s a bearish condition.",,,False,1,N,,OHLC_D_I_RSIBELAVE
1790075717,"{'stkname': 'Thermax', 'ltp': '', 'perChg': '', 'stkId': 'T', 'displayLock': 'N', 'scanproflg': 1, 'scUrl': 'infrastructure-general/thermax/T', 'columns': [{'name': 'RSI Indicator value', 'value': '25.38'}, {'name': 'change %', 'value': '-3.33'}, {'name': 'LTP', 'value': '3,459.00'}]}",OHLC_D_I_RSIBELAVE,RSI Bearish Crossovers (Daily),"RSI (14,9) indicator went below its average line in the current session",15,Indicator Scans,"RSI (14,9) indicator went below its average line in the current session. It’s a bearish condition.",,,False,1,N,,OHLC_D_I_RSIBELAVE
1790075717,"{'stkname': 'Kirloskar Ind', 'ltp': '', 'perChg': '', 'stkId': 'KOE', 'displayLock': 'N', 'scanproflg': 1, 'scUrl': 'power-generationdistribution/kirloskarindustries/KOE', 'columns': [{'name': 'RSI Indicator value', 'value': '46.64'}, {'name': 'change %', 'value': '-0.73'}, {'name': 'LTP', 'value': '3,695.00'}]}",OHLC_D_I_RSIBELAVE,RSI Bearish Crossovers (Daily),"RSI (14,9) indicator went below its average line in the current session",15,Indicator Scans,"RSI (14,9) indicator went below its average line in the current session. It’s a bearish condition.",,,False,1,N,,OHLC_D_I_RSIBELAVE
1790075717,"{'stkname': 'Swaraj Engines', 'ltp': '', 'perChg': '', 'stkId': 'SE', 'displayLock': 'N', 'scanproflg': 1, 'scUrl': 'engines/swarajengines/SE', 'columns': [{'name': 'RSI Indicator value', 'value': '45.52'}, {'name': 'change %', 'value': '-0.62'}, {'name': 'LTP', 'value': '3,550.30'}]}",OHLC_D_I_RSIBELAVE,RSI Bearish Crossovers (Daily),"RSI (14,9) indicator went below its average line in the current session",15,Indicator Scans,"RSI (14,9) indicator went below its average line in the current session. It’s a bearish condition.",,,False,1,N,,OHLC_D_I_RSIBELAVE
1790075717,"{'stkname': 'Renaissance', 'ltp': '', 'perChg': '', 'stkId': 'RJ', 'displayLock': 'N', 'scanproflg': 1, 'scUrl': 'diamond-cuttingjewelleryprecious-metals/renaissanceglobal/RJ', 'columns': [{'name': 'RSI Indicator value', 'value': '60.39'}, {'name': 'change %', 'value': '-3.27'}, {'name': 'LTP', 'value': '156.26'}]}",OHLC_D_I_RSIBELAVE,RSI Bearish Crossovers (Daily),"RSI (14,9) indicator went below its average line in the current session",15,Indicator Scans,"RSI (14,9) indicator went below its average line in the current session. It’s a bearish condition.",,,False,1,N,,OHLC_D_I_RSIBELAVE
1790075717,"{'stkname': 'HEGAM', 'ltp': '', 'perChg': '', 'stkId': 'HEG', 'displayLock': 'N', 'scanproflg': 1, 'scUrl': 'electrodesgraphite/hegadvancedmaterials/HEG', 'columns': [{'name': 'RSI Indicator value', 'value': '44.59'}, {'name': 'change %', 'value': '-6.88'}, {'name': 'LTP', 'value': '231.40'}]}",OHLC_D_I_RSIBELAVE,RSI Bearish Crossovers (Daily),"RSI (14,9) indicator went below its average line in the current session",15,Indicator Scans,"RSI (14,9) indicator went below its average line in the current session. It’s a bearish condition.",,,False,1,N,,OHLC_D_I_RSIBELAVE
1790075717,"{'stkname': 'Paras Defence', 'ltp': '', 'perChg': '', 'stkId': 'PDS01', 'displayLock': 'N', 'scanproflg': 1, 'scUrl': 'defence/parasdefencespacetechnologies/PDS01', 'columns': [{'name': 'RSI Indicator value', 'value': '48.82'}, {'name': 'change %', 'value': '-1.50'}, {'name': 'LTP', 'value': '1,385.40'}]}",OHLC_D_I_RSIBELAVE,RSI Bearish Crossovers (Daily),"RSI (14,9) indicator went below its average line in the current session",15,Indicator Scans,"RSI (14,9) indicator went below its average line in the current session. It’s a bearish condition.",,,False,1,N,,OHLC_D_I_RSIBELAVE
1790075717,"{'stkname': 'Goldiam Inter', 'ltp': '', 'perChg': '', 'stkId': 'GI10', 'displayLock': 'N', 'scanproflg': 1, 'scUrl': 'diamond-cuttingjewelleryprecious-metals/goldiaminternational/GI10', 'columns': [{'name': 'RSI Indicator value', 'value': '31.18'}, {'name': 'change %', 'value': '-1.10'}, {'name': 'LTP', 'value': '319.80'}]}",OHLC_D_I_RSIBELAVE,RSI Bearish Crossovers (Daily),"RSI (14,9) indicator went below its average line in the current session",15,Indicator Scans,"RSI (14,9) indicator went below its average line in the current session. It’s a bearish condition.",,,False,1,N,,OHLC_D_I_RSIBELAVE
1790075717,"{'stkname': 'Astra Microwave', 'ltp': '', 'perChg': '', 'stkId': 'AMP01', 'displayLock': 'N', 'scanproflg': 1, 'scUrl': 'defence/astramicrowaveproducts/AMP01', 'columns': [{'name': 'RSI Indicator value', 'value': '42.90'}, {'name': 'change %', 'value': '-2.61'}, {'name': 'LTP', 'value': '1,614.60'}]}",OHLC_D_I_RSIBELAVE,RSI Bearish Crossovers (Daily),"RSI (14,9) indicator went below its average line in the current session",15,Indicator Scans,"RSI (14,9) indicator went below its average line in the current session. It’s a bearish condition.",,,False,1,N,,OHLC_D_I_RSIBELAVE
1790075717,"{'stkname': 'GMM Pfaudler', 'ltp': '', 'perChg': '', 'stkId': 'GMM01', 'displayLock': 'N', 'scanproflg': 1, 'scUrl': 'engineering-heavy/gmmpfaudler/GMM01', 'columns': [{'name': 'RSI Indicator value', 'value': '79.91'}, {'name': 'change %', 'value': '-3.20'}, {'name': 'LTP', 'value': '1,459.00'}]}",OHLC_D_I_RSIBELAVE,RSI Bearish Crossovers (Daily),"RSI (14,9) indicator went below its average line in the current session",15,Indicator Scans,"RSI (14,9) indicator went below its average line in the current session. It’s a bearish condition.",,,False,1,N,,OHLC_D_I_RSIBELAVE
1790075717,"{'stkname': 'Salzer Electro', 'ltp': '', 'perChg': '', 'stkId': 'SE01', 'displayLock': 'N', 'scanproflg': 1, 'scUrl': 'electric-equipment/salzerelectronics/SE01', 'columns': [{'name': 'RSI Indicator value', 'value': '42.10'}, {'name': 'change %', 'value': '-0.67'}, {'name': 'LTP', 'value': '543.00'}]}",OHLC_D_I_RSIBELAVE,RSI Bearish Crossovers (Daily),"RSI (14,9) indicator went below its average line in the current session",15,Indicator Scans,"RSI (14,9) indicator went below its average line in the current session. It’s a bearish condition.",,,False,1,N,,OHLC_D_I_RSIBELAVE
1790075717,"{'stkname': 'HPL Electric ', 'ltp': '', 'perChg': '', 'stkId': 'HEP', 'displayLock': 'N', 'scanproflg': 1, 'scUrl': 'electric-equipment/hplelectricpower/HEP', 'columns': [{'name': 'RSI Indicator value', 'value': '28.87'}, {'name': 'change %', 'value': '-1.11'}, {'name': 'LTP', 'value': '280.00'}]}",OHLC_D_I_RSIBELAVE,RSI Bearish Crossovers (Daily),"RSI (14,9) indicator went below its average line in the current session",15,Indicator Scans,"RSI (14,9) indicator went below its average line in the current session. It’s a bearish condition.",,,False,1,N,,OHLC_D_I_RSIBELAVE
1790075717,"{'stkname': 'KPIL', 'ltp': '', 'perChg': '', 'stkId': 'KPT', 'displayLock': 'N', 'scanproflg': 1, 'scUrl': 'power-transmissionequipment/kalpataruprojectsinternational/KPT', 'columns': [{'name': 'RSI Indicator value', 'value': '49.81'}, {'name': 'change %', 'value': '-3.04'}, {'name': 'LTP', 'value': '1,395.40'}]}",OHLC_D_I_RSIBELAVE,RSI Bearish Crossovers (Daily),"RSI (14,9) indicator went below its average line in the current session",15,Indicator Scans,"RSI (14,9) indicator went below its average line in the current session. It’s a bearish condition.",,,False,1,N,,OHLC_D_I_RSIBELAVE
1790075717,"{'stkname': 'Tanla Platforms', 'ltp': '', 'perChg': '', 'stkId': 'TS11', 'displayLock': 'N', 'scanproflg': 1, 'scUrl': 'computers-software-mediumsmall/tanlaplatforms/TS11', 'columns': [{'name': 'RSI Indicator value', 'value': '31.89'}, {'name': 'change %', 'value': '-1.50'}, {'name': 'LTP', 'value': '486.00'}]}",OHLC_D_I_RSIBELAVE,RSI Bearish Crossovers (Daily),"RSI (14,9) indicator went below its average line in the current session",15,Indicator Scans,"RSI (14,9) indicator went below its average line in the current session. It’s a bearish condition.",,,False,1,N,,OHLC_D_I_RSIBELAVE
1790075717,"{'stkname': 'Aurionpro Solut', 'ltp': '', 'perChg': '', 'stkId': 'PS12', 'displayLock': 'N', 'scanproflg': 1, 'scUrl': 'computers-software-mediumsmall/aurionprosolutions/PS12', 'columns': [{'name': 'RSI Indicator value', 'value': '41.43'}, {'name': 'change %', 'value': '-1.46'}, {'name': 'LTP', 'value': '677.00'}]}",OHLC_D_I_RSIBELAVE,RSI Bearish Crossovers (Daily),"RSI (14,9) indicator went below its average line in the current session",15,Indicator Scans,"RSI (14,9) indicator went below its average line in the current session. It’s a bearish condition.",,,False,1,N,,OHLC_D_I_RSIBELAVE
1790075717,"{'stkname': 'Bhageria Indu', 'ltp': '', 'perChg': '', 'stkId': 'BD02', 'displayLock': 'N', 'scanproflg': 1, 'scUrl': 'dyespigments/bhageriaindustries/BD02', 'columns': [{'name': 'RSI Indicator value', 'value': '70.41'}, {'name': 'change %', 'value': '-4.00'}, {'name': 'LTP', 'value': '346.95'}]}",OHLC_D_I_RSIBELAVE,RSI Bearish Crossovers (Daily),"RSI (14,9) indicator went below its average line in the current session",15,Indicator Scans,"RSI (14,9) indicator went below its average line in the current session. It’s a bearish condition.",,,False,1,N,,OHLC_D_I_RSIBELAVE
1790075717,"{'stkname': 'Shree Pushkar', 'ltp': '', 'perChg': '', 'stkId': 'SPC03', 'displayLock': 'N', 'scanproflg': 1, 'scUrl': 'chemicals/shreepushkarchemicalsfertilisers/SPC03', 'columns': [{'name': 'RSI Indicator value', 'value': '65.59'}, {'name': 'change %', 'value': '-1.22'}, {'name': 'LTP', 'value': '507.00'}]}",OHLC_D_I_RSIBELAVE,RSI Bearish Crossovers (Daily),"RSI (14,9) indicator went below its average line in the current session",15,Indicator Scans,"RSI (14,9) indicator went below its average line in the current session. It’s a bearish condition.",,,False,1,N,,OHLC_D_I_RSIBELAVE
1790075717,"{'stkname': 'Valiant Organic', 'ltp': '', 'perChg': '', 'stkId': 'VO03', 'displayLock': 'N', 'scanproflg': 1, 'scUrl': 'chemicals/valiantorganics/VO03', 'columns': [{'name': 'RSI Indicator value', 'value': '77.16'}, {'name': 'change %', 'value': '-0.95'}, {'name': 'LTP', 'value': '418.95'}]}",OHLC_D_I_RSIBELAVE,RSI Bearish Crossovers (Daily),"RSI (14,9) indicator went below its average line in the current session",15,Indicator Scans,"RSI (14,9) indicator went below its average line in the current session. It’s a bearish condition.",,,False,1,N,,OHLC_D_I_RSIBELAVE
1790075717,"{'stkname': 'GOCL Corp', 'ltp': '', 'perChg': '', 'stkId': 'IDL', 'displayLock': 'N', 'scanproflg': 1, 'scUrl': 'chemicals/goclcorporation/GOC01', 'columns': [{'name': 'RSI Indicator value', 'value': '45.02'}, {'name': 'change %', 'value': '-9.93'}, {'name': 'LTP', 'value': '408.40'}]}",OHLC_D_I_RSIBELAVE,RSI Bearish Crossovers (Daily),"RSI (14,9) indicator went below its average line in the current session",15,Indicator Scans,"RSI (14,9) indicator went below its average line in the current session. It’s a bearish condition.",,,False,1,N,,OHLC_D_I_RSIBELAVE
1790075717,"{'stkname': 'Bodal Chemicals', 'ltp': '', 'perChg': '', 'stkId': 'DD', 'displayLock': 'N', 'scanproflg': 1, 'scUrl': 'dyespigments/bodalchemicals/BC15', 'columns': [{'name': 'RSI Indicator value', 'value': '79.81'}, {'name': 'change %', 'value': '-2.00'}, {'name': 'LTP', 'value': '193.75'}]}",OHLC_D_I_RSIBELAVE,RSI Bearish Crossovers (Daily),"RSI (14,9) indicator went below its average line in the current session",15,Indicator Scans,"RSI (14,9) indicator went below its average line in the current session. It’s a bearish condition.",,,False,1,N,,OHLC_D_I_RSIBELAVE
1790075717,"{'stkname': 'Foseco India', 'ltp': '', 'perChg': '', 'stkId': 'FI12', 'displayLock': 'N', 'scanproflg': 1, 'scUrl': 'chemicals/fosecoindia/FI12', 'columns': [{'name': 'RSI Indicator value', 'value': '65.12'}, {'name': 'change %', 'value': '-0.69'}, {'name': 'LTP', 'value': '6,597.00'}]}",OHLC_D_I_RSIBELAVE,RSI Bearish Crossovers (Daily),"RSI (14,9) indicator went below its average line in the current session",15,Indicator Scans,"RSI (14,9) indicator went below its average line in the current session. It’s a bearish condition.",,,False,1,N,,OHLC_D_I_RSIBELAVE
1790075717,"{'stkname': 'Camlin Fine', 'ltp': '', 'perChg': '', 'stkId': 'CFC03', 'displayLock': 'N', 'scanproflg': 1, 'scUrl': 'chemicals/camlinfinesciences/CFC03', 'columns': [{'name': 'RSI Indicator value', 'value': '33.14'}, {'name': 'change %', 'value': '-2.08'}, {'name': 'LTP', 'value': '96.70'}]}",OHLC_D_I_RSIBELAVE,RSI Bearish Crossovers (Daily),"RSI (14,9) indicator went below its average line in the current session",15,Indicator Scans,"RSI (14,9) indicator went below its average line in the current session. It’s a bearish condition.",,,False,1,N,,OHLC_D_I_RSIBELAVE
1790075717,"{'stkname': 'Meghmani Organi', 'ltp': '', 'perChg': '', 'stkId': 'MO04', 'displayLock': 'N', 'scanproflg': 1, 'scUrl': 'pesticidesagro-chemicals/meghmaniorganics/MO04', 'columns': [{'name': 'RSI Indicator value', 'value': '49.85'}, {'name': 'change %', 'value': '-1.50'}, {'name': 'LTP', 'value': '61.25'}]}",OHLC_D_I_RSIBELAVE,RSI Bearish Crossovers (Daily),"RSI (14,9) indicator went below its average line in the current session",15,Indicator Scans,"RSI (14,9) indicator went below its average line in the current session. It’s a bearish condition.",,,False,1,N,,OHLC_D_I_RSIBELAVE
1790075717,"{'stkname': 'Guj Heavy Chem', 'ltp': '', 'perChg': '', 'stkId': 'GHC', 'displayLock': 'N', 'scanproflg': 1, 'scUrl': 'chemicals/gujaratheavychemicals/GHC', 'columns': [{'name': 'RSI Indicator value', 'value': '33.55'}, {'name': 'change %', 'value': '-0.55'}, {'name': 'LTP', 'value': '419.25'}]}",OHLC_D_I_RSIBELAVE,RSI Bearish Crossovers (Daily),"RSI (14,9) indicator went below its average line in the current session",15,Indicator Scans,"RSI (14,9) indicator went below its average line in the current session. It’s a bearish condition.",,,False,1,N,,OHLC_D_I_RSIBELAVE
1790075717,"{'stkname': 'Styrenix', 'ltp': '', 'perChg': '', 'stkId': 'BAB', 'displayLock': 'N', 'scanproflg': 1, 'scUrl': 'commodity-chemicals/styrenixperformancematerials/INE01', 'columns': [{'name': 'RSI Indicator value', 'value': '44.13'}, {'name': 'change %', 'value': '-1.25'}, {'name': 'LTP', 'value': '2,070.00'}]}",OHLC_D_I_RSIBELAVE,RSI Bearish Crossovers (Daily),"RSI (14,9) indicator went below its average line in the current session",15,Indicator Scans,"RSI (14,9) indicator went below its average line in the current session. It’s a bearish condition.",,,False,1,N,,OHLC_D_I_RSIBELAVE
1790075717,"{'stkname': 'Manali Petro', 'ltp': '', 'perChg': '', 'stkId': 'MP02', 'displayLock': 'N', 'scanproflg': 1, 'scUrl': 'petrochemicals/manalipetrochemicals/MP02', 'columns': [{'name': 'RSI Indicator value', 'value': '58.17'}, {'name': 'change %', 'value': '-2.09'}, {'name': 'LTP', 'value': '84.90'}]}",OHLC_D_I_RSIBELAVE,RSI Bearish Crossovers (Daily),"RSI (14,9) indicator went below its average line in the current session",15,Indicator Scans,"RSI (14,9) indicator went below its average line in the current session. It’s a bearish condition.",,,False,1,N,,OHLC_D_I_RSIBELAVE
1790075717,"{'stkname': 'Sudarshan Chem', 'ltp': '', 'perChg': '', 'stkId': 'SCI05', 'displayLock': 'N', 'scanproflg': 1, 'scUrl': 'dyespigments/sudarshanchemicalindustries/SCI08', 'columns': [{'name': 'RSI Indicator value', 'value': '54.66'}, {'name': 'change %', 'value': '-2.06'}, {'name': 'LTP', 'value': '1,232.00'}]}",OHLC_D_I_RSIBELAVE,RSI Bearish Crossovers (Daily),"RSI (14,9) indicator went below its average line in the current session",15,Indicator Scans,"RSI (14,9) indicator went below its average line in the current session. It’s a bearish condition.",,,False,1,N,,OHLC_D_I_RSIBELAVE
1790075717,"{'stkname': 'SKF India', 'ltp': '', 'perChg': '', 'stkId': 'SKF', 'displayLock': 'N', 'scanproflg': 1, 'scUrl': 'bearings/skfindia/SKF01', 'columns': [{'name': 'RSI Indicator value', 'value': '40.95'}, {'name': 'change %', 'value': '-1.71'}, {'name': 'LTP', 'value': '1,506.30'}]}",OHLC_D_I_RSIBELAVE,RSI Bearish Crossovers (Daily),"RSI (14,9) indicator went below its average line in the current session",15,Indicator Scans,"RSI (14,9) indicator went below its average line in the current session. It’s a bearish condition.",,,False,1,N,,OHLC_D_I_RSIBELAVE
1790075717,"{'stkname': 'Asian Granito', 'ltp': '', 'perChg': '', 'stkId': 'AGI04', 'displayLock': 'N', 'scanproflg': 1, 'scUrl': 'ceramicsgranite/asiangranitoindia/AGI04', 'columns': [{'name': 'RSI Indicator value', 'value': '49.88'}, {'name': 'change %', 'value': '-2.26'}, {'name': 'LTP', 'value': '50.10'}]}",OHLC_D_I_RSIBELAVE,RSI Bearish Crossovers (Daily),"RSI (14,9) indicator went below its average line in the current session",15,Indicator Scans,"RSI (14,9) indicator went below its average line in the current session. It’s a bearish condition.",,,False,1,N,,OHLC_D_I_RSIBELAVE
1790075717,"{'stkname': 'Star Cement', 'ltp': '', 'perChg': '', 'stkId': 'SFC02', 'displayLock': 'N', 'scanproflg': 1, 'scUrl': 'cement-major/starcement/SFC02', 'columns': [{'name': 'RSI Indicator value', 'value': '45.52'}, {'name': 'change %', 'value': '-1.88'}, {'name': 'LTP', 'value': '189.87'}]}",OHLC_D_I_RSIBELAVE,RSI Bearish Crossovers (Daily),"RSI (14,9) indicator went below its average line in the current session",15,Indicator Scans,"RSI (14,9) indicator went below its average line in the current session. It’s a bearish condition.",,,False,1,N,,OHLC_D_I_RSIBELAVE
1790075717,"{'stkname': 'City Union Bank', 'ltp': '', 'perChg': '', 'stkId': 'CUB', 'displayLock': 'N', 'scanproflg': 1, 'scUrl': 'banks-private-sector/cityunionbank/CUB', 'columns': [{'name': 'RSI Indicator value', 'value': '50.28'}, {'name': 'change %', 'value': '-3.21'}, {'name': 'LTP', 'value': '227.40'}]}",OHLC_D_I_RSIBELAVE,RSI Bearish Crossovers (Daily),"RSI (14,9) indicator went below its average line in the current session",15,Indicator Scans,"RSI (14,9) indicator went below its average line in the current session. It’s a bearish condition.",,,False,1,N,,OHLC_D_I_RSIBELAVE
1790075717,"{'stkname': 'Varroc Engineer', 'ltp': '', 'perChg': '', 'stkId': 'VE08', 'displayLock': 'N', 'scanproflg': 1, 'scUrl': 'engineering-heavy/varrocengineering/VE08', 'columns': [{'name': 'RSI Indicator value', 'value': '58.87'}, {'name': 'change %', 'value': '-0.87'}, {'name': 'LTP', 'value': '865.00'}]}",OHLC_D_I_RSIBELAVE,RSI Bearish Crossovers (Daily),"RSI (14,9) indicator went below its average line in the current session",15,Indicator Scans,"RSI (14,9) indicator went below its average line in the current session. It’s a bearish condition.",,,False,1,N,,OHLC_D_I_RSIBELAVE
1790075717,"{'stkname': 'Dhanlaxmi Bank', 'ltp': '', 'perChg': '', 'stkId': 'DB01', 'displayLock': 'N', 'scanproflg': 1, 'scUrl': 'banks-private-sector/dhanlaxmibank/DB01', 'columns': [{'name': 'RSI Indicator value', 'value': '31.64'}, {'name': 'change %', 'value': '-0.95'}, {'name': 'LTP', 'value': '29.16'}]}",OHLC_D_I_RSIBELAVE,RSI Bearish Crossovers (Daily),"RSI (14,9) indicator went below its average line in the current session",15,Indicator Scans,"RSI (14,9) indicator went below its average line in the current session. It’s a bearish condition.",,,False,1,N,,OHLC_D_I_RSIBELAVE
1790075717,"{'stkname': 'Jain Irrigation', 'ltp': '', 'perChg': '', 'stkId': 'JIS02', 'displayLock': 'N', 'scanproflg': 1, 'scUrl': 'plastics/jainirrigationsystems/JIS02', 'columns': [{'name': 'RSI Indicator value', 'value': '46.51'}, {'name': 'change %', 'value': '-6.36'}, {'name': 'LTP', 'value': '28.99'}]}",OHLC_D_I_RSIBELAVE,RSI Bearish Crossovers (Daily),"RSI (14,9) indicator went below its average line in the current session",15,Indicator Scans,"RSI (14,9) indicator went below its average line in the current session. It’s a bearish condition.",,,False,1,N,,OHLC_D_I_RSIBELAVE
1790075717,"{'stkname': 'Mangalam Global', 'ltp': '', 'perChg': '', 'stkId': 'MGEL14874', 'displayLock': 'N', 'scanproflg': 1, 'scUrl': 'agriculture/mangalamglobalenterprise/MGEL14874', 'columns': [{'name': 'RSI Indicator value', 'value': '53.62'}, {'name': 'change %', 'value': '-1.77'}, {'name': 'LTP', 'value': '15.50'}]}",OHLC_D_I_RSIBELAVE,RSI Bearish Crossovers (Daily),"RSI (14,9) indicator went below its average line in the current session",15,Indicator Scans,"RSI (14,9) indicator went below its average line in the current session. It’s a bearish condition.",,,False,1,N,,OHLC_D_I_RSIBELAVE
1790075717,"{'stkname': 'KEC Intl', 'ltp': '', 'perChg': '', 'stkId': 'KEC03', 'displayLock': 'N', 'scanproflg': 1, 'scUrl': 'power-transmissionequipment/kecinternational/KEC04', 'columns': [{'name': 'RSI Indicator value', 'value': '34.52'}, {'name': 'change %', 'value': '-2.63'}, {'name': 'LTP', 'value': '392.70'}]}",OHLC_D_I_RSIBELAVE,RSI Bearish Crossovers (Daily),"RSI (14,9) indicator went below its average line in the current session",15,Indicator Scans,"RSI (14,9) indicator went below its average line in the current session. It’s a bearish condition.",,,False,1,N,,OHLC_D_I_RSIBELAVE
1790075717,"{'stkname': 'Jindal PolyFilm', 'ltp': '', 'perChg': '', 'stkId': 'JP09', 'displayLock': 'N', 'scanproflg': 1, 'scUrl': 'packaging/jindalpolyfilms/JPF01', 'columns': [{'name': 'RSI Indicator value', 'value': '60.10'}, {'name': 'change %', 'value': '-2.16'}, {'name': 'LTP', 'value': '725.50'}]}",OHLC_D_I_RSIBELAVE,RSI Bearish Crossovers (Daily),"RSI (14,9) indicator went below its average line in the current session",15,Indicator Scans,"RSI (14,9) indicator went below its average line in the current session. It’s a bearish condition.",,,False,1,N,,OHLC_D_I_RSIBELAVE
1790075717,"{'stkname': 'Corona Remedies', 'ltp': '', 'perChg': '', 'stkId': 'CRL02', 'displayLock': 'N', 'scanproflg': 1, 'scUrl': 'miscellaneous/coronaremedies/CRL02', 'columns': [{'name': 'RSI Indicator value', 'value': '55.84'}, {'name': 'change %', 'value': '-1.26'}, {'name': 'LTP', 'value': '2,185.00'}]}",OHLC_D_I_RSIBELAVE,RSI Bearish Crossovers (Daily),"RSI (14,9) indicator went below its average line in the current session",15,Indicator Scans,"RSI (14,9) indicator went below its average line in the current session. It’s a bearish condition.",,,False,1,N,,OHLC_D_I_RSIBELAVE
1790075717,"{'stkname': 'Tata Inv Corp', 'ltp': '', 'perChg': '', 'stkId': 'TIC', 'displayLock': 'N', 'scanproflg': 1, 'scUrl': 'finance-investments/tatainvestmentcorporation/TIC', 'columns': [{'name': 'RSI Indicator value', 'value': '54.29'}, {'name': 'change %', 'value': '-0.11'}, {'name': 'LTP', 'value': '679.75'}]}",OHLC_D_I_RSIBELAVE,RSI Bearish Crossovers (Daily),"RSI (14,9) indicator went below its average line in the current session",15,Indicator Scans,"RSI (14,9) indicator went below its average line in the current session. It’s a bearish condition.",,,False,1,N,,OHLC_D_I_RSIBELAVE
1790075717,"{'stkname': 'EPL', 'ltp': '', 'perChg': '', 'stkId': 'EP', 'displayLock': 'N', 'scanproflg': 1, 'scUrl': 'packaging/epl/EP11', 'columns': [{'name': 'RSI Indicator value', 'value': '44.81'}, {'name': 'change %', 'value': '-1.21'}, {'name': 'LTP', 'value': '236.75'}]}",OHLC_D_I_RSIBELAVE,RSI Bearish Crossovers (Daily),"RSI (14,9) indicator went below its average line in the current session",15,Indicator Scans,"RSI (14,9) indicator went below its average line in the current session. It’s a bearish condition.",,,False,1,N,,OHLC_D_I_RSIBELAVE
1790075717,"{'stkname': 'Tata Chemicals', 'ltp': '', 'perChg': '', 'stkId': 'TC', 'displayLock': 'N', 'scanproflg': 1, 'scUrl': 'chemicals/tatachemicals/TC', 'columns': [{'name': 'RSI Indicator value', 'value': '51.43'}, {'name': 'change %', 'value': '-2.98'}, {'name': 'LTP', 'value': '674.00'}]}",OHLC_D_I_RSIBELAVE,RSI Bearish Crossovers (Daily),"RSI (14,9) indicator went below its average line in the current session",15,Indicator Scans,"RSI (14,9) indicator went below its average line in the current session. It’s a bearish condition.",,,False,1,N,,OHLC_D_I_RSIBELAVE
1790075717,"{'stkname': 'Bajaj Finance', 'ltp': '', 'perChg': '', 'stkId': 'BAF', 'displayLock': 'N', 'scanproflg': 1, 'scUrl': 'finance-nbfc/bajajfinance/BAF', 'columns': [{'name': 'RSI Indicator value', 'value': '37.45'}, {'name': 'change %', 'value': '-1.22'}, {'name': 'LTP', 'value': '1,008.80'}]}",OHLC_D_I_RSIBELAVE,RSI Bearish Crossovers (Daily),"RSI (14,9) indicator went below its average line in the current session",15,Indicator Scans,"RSI (14,9) indicator went below its average line in the current session. It’s a bearish condition.",,,False,1,N,,OHLC_D_I_RSIBELAVE
1790075717,"{'stkname': 'M&M', 'ltp': '', 'perChg': '', 'stkId': 'MM', 'displayLock': 'N', 'scanproflg': 1, 'scUrl': 'auto-carsjeeps/mahindramahindra/MM', 'columns': [{'name': 'RSI Indicator value', 'value': '30.18'}, {'name': 'change %', 'value': '-0.35'}, {'name': 'LTP', 'value': '3,044.50'}]}",OHLC_D_I_RSIBELAVE,RSI Bearish Crossovers (Daily),"RSI (14,9) indicator went below its average line in the current session",15,Indicator Scans,"RSI (14,9) indicator went below its average line in the current session. It’s a bearish condition.",,,False,1,N,,OHLC_D_I_RSIBELAVE
1790075717,"{'stkname': 'Voltas', 'ltp': '', 'perChg': '', 'stkId': 'V', 'displayLock': 'N', 'scanproflg': 1, 'scUrl': 'diversified/voltas/V', 'columns': [{'name': 'RSI Indicator value', 'value': '32.49'}, {'name': 'change %', 'value': '-3.62'}, {'name': 'LTP', 'value': '1,100.80'}]}",OHLC_D_I_RSIBELAVE,RSI Bearish Crossovers (Daily),"RSI (14,9) indicator went below its average line in the current session",15,Indicator Scans,"RSI (14,9) indicator went below its average line in the current session. It’s a bearish condition.",,,False,1,N,,OHLC_D_I_RSIBELAVE
1790075717,"{'stkname': 'Apollo Hospital', 'ltp': '', 'perChg': '', 'stkId': 'AHE', 'displayLock': 'N', 'scanproflg': 1, 'scUrl': 'hospitalsmedical-services/apollohospitalsenterprises/AHE', 'columns': [{'name': 'RSI Indicator value', 'value': '51.23'}, {'name': 'change %', 'value': '-0.86'}, {'name': 'LTP', 'value': '8,835.50'}]}",OHLC_D_I_RSIBELAVE,RSI Bearish Crossovers (Daily),"RSI (14,9) indicator went below its average line in the current session",15,Indicator Scans,"RSI (14,9) indicator went below its average line in the current session. It’s a bearish condition.",,,False,1,N,,OHLC_D_I_RSIBELAVE
1790075717,"{'stkname': 'Canara Bank', 'ltp': '', 'perChg': '', 'stkId': 'CB06', 'displayLock': 'N', 'scanproflg': 1, 'scUrl': 'banks-public-sector/canarabank/CB06', 'columns': [{'name': 'RSI Indicator value', 'value': '38.04'}, {'name': 'change %', 'value': '-0.65'}, {'name': 'LTP', 'value': '122.90'}]}",OHLC_D_I_RSIBELAVE,RSI Bearish Crossovers (Daily),"RSI (14,9) indicator went below its average line in the current session",15,Indicator Scans,"RSI (14,9) indicator went below its average line in the current session. It’s a bearish condition.",,,False,1,N,,OHLC_D_I_RSIBELAVE
1790075717,"{'stkname': 'REC', 'ltp': '', 'perChg': '', 'stkId': 'REC02', 'displayLock': 'N', 'scanproflg': 1, 'scUrl': 'finance-term-lending-institutions/rec/REC02', 'columns': [{'name': 'RSI Indicator value', 'value': '32.55'}, {'name': 'change %', 'value': '-1.00'}, {'name': 'LTP', 'value': '307.10'}]}",OHLC_D_I_RSIBELAVE,RSI Bearish Crossovers (Daily),"RSI (14,9) indicator went below its average line in the current session",15,Indicator Scans,"RSI (14,9) indicator went below its average line in the current session. It’s a bearish condition.",,,False,1,N,,OHLC_D_I_RSIBELAVE
1790075717,"{'stkname': 'MOTHERSON', 'ltp': '', 'perChg': '', 'stkId': 'MSS01', 'displayLock': 'N', 'scanproflg': 1, 'scUrl': 'auto-ancillaries-auto-truckmotorcycle-parts/samvardhanamothersoninternational/MSS01', 'columns': [{'name': 'RSI Indicator value', 'value': '49.18'}, {'name': 'change %', 'value': '-0.70'}, {'name': 'LTP', 'value': '161.77'}]}",OHLC_D_I_RSIBELAVE,RSI Bearish Crossovers (Daily),"RSI (14,9) indicator went below its average line in the current session",15,Indicator Scans,"RSI (14,9) indicator went below its average line in the current session. It’s a bearish condition.",,,False,1,N,,OHLC_D_I_RSIBELAVE
1790075717,"{'stkname': 'BHEL', 'ltp': '', 'perChg': '', 'stkId': 'BHE', 'displayLock': 'N', 'scanproflg': 1, 'scUrl': 'infrastructure-general/bharatheavyelectricals/BHE', 'columns': [{'name': 'RSI Indicator value', 'value': '50.86'}, {'name': 'change %', 'value': '-1.75'}, {'name': 'LTP', 'value': '425.80'}]}",OHLC_D_I_RSIBELAVE,RSI Bearish Crossovers (Daily),"RSI (14,9) indicator went below its average line in the current session",15,Indicator Scans,"RSI (14,9) indicator went below its average line in the current session. It’s a bearish condition.",,,False,1,N,,OHLC_D_I_RSIBELAVE
1790075717,"{'stkname': 'Cummins', 'ltp': '', 'perChg': '', 'stkId': 'CI02', 'displayLock': 'N', 'scanproflg': 1, 'scUrl': 'engines/cumminsindia/CI02', 'columns': [{'name': 'RSI Indicator value', 'value': '39.58'}, {'name': 'change %', 'value': '-2.05'}, {'name': 'LTP', 'value': '4,963.00'}]}",OHLC_D_I_RSIBELAVE,RSI Bearish Crossovers (Daily),"RSI (14,9) indicator went below its average line in the current session",15,Indicator Scans,"RSI (14,9) indicator went below its average line in the current session. It’s a bearish condition.",,,False,1,N,,OHLC_D_I_RSIBELAVE
1790075717,"{'stkname': 'PNB', 'ltp': '', 'perChg': '', 'stkId': 'PNB05', 'displayLock': 'N', 'scanproflg': 1, 'scUrl': 'banks-public-sector/punjabnationalbank/PNB05', 'columns': [{'name': 'RSI Indicator value', 'value': '54.61'}, {'name': 'change %', 'value': '-0.85'}, {'name': 'LTP', 'value': '117.00'}]}",OHLC_D_I_RSIBELAVE,RSI Bearish Crossovers (Daily),"RSI (14,9) indicator went below its average line in the current session",15,Indicator Scans,"RSI (14,9) indicator went below its average line in the current session. It’s a bearish condition.",,,False,1,N,,OHLC_D_I_RSIBELAVE
1790075717,"{'stkname': 'Amber Enterpris', 'ltp': '', 'perChg': '', 'stkId': 'AEI01', 'displayLock': 'N', 'scanproflg': 1, 'scUrl': 'miscellaneous/amberenterprisesindialimited/AEI01', 'columns': [{'name': 'RSI Indicator value', 'value': '38.20'}, {'name': 'change %', 'value': '-1.38'}, {'name': 'LTP', 'value': '7,000.00'}]}",OHLC_D_I_RSIBELAVE,RSI Bearish Crossovers (Daily),"RSI (14,9) indicator went below its average line in the current session",15,Indicator Scans,"RSI (14,9) indicator went below its average line in the current session. It’s a bearish condition.",,,False,1,N,,OHLC_D_I_RSIBELAVE
1790075717,"{'stkname': 'Britannia', 'ltp': '', 'perChg': '', 'stkId': 'BI', 'displayLock': 'N', 'scanproflg': 1, 'scUrl': 'food-processing/britanniaindustries/BI', 'columns': [{'name': 'RSI Indicator value', 'value': '30.90'}, {'name': 'change %', 'value': '-2.09'}, {'name': 'LTP', 'value': '4,918.00'}]}",OHLC_D_I_RSIBELAVE,RSI Bearish Crossovers (Daily),"RSI (14,9) indicator went below its average line in the current session",15,Indicator Scans,"RSI (14,9) indicator went below its average line in the current session. It’s a bearish condition.",,,False,1,N,,OHLC_D_I_RSIBELAVE
1790075717,"{'stkname': 'Aurobindo Pharm', 'ltp': '', 'perChg': '', 'stkId': 'AP', 'displayLock': 'N', 'scanproflg': 1, 'scUrl': 'pharmaceuticals/aurobindopharma/AP', 'columns': [{'name': 'RSI Indicator value', 'value': '56.69'}, {'name': 'change %', 'value': '-0.78'}, {'name': 'LTP', 'value': '1,700.00'}]}",OHLC_D_I_RSIBELAVE,RSI Bearish Crossovers (Daily),"RSI (14,9) indicator went below its average line in the current session",15,Indicator Scans,"RSI (14,9) indicator went below its average line in the current session. It’s a bearish condition.",,,False,1,N,,OHLC_D_I_RSIBELAVE
1790075717,"{'stkname': 'Bharti Airtel', 'ltp': '', 'perChg': '', 'stkId': 'BTV', 'displayLock': 'N', 'scanproflg': 1, 'scUrl': 'telecommunications-service/bhartiairtel/BA08', 'columns': [{'name': 'RSI Indicator value', 'value': '41.52'}, {'name': 'change %', 'value': '-0.71'}, {'name': 'LTP', 'value': '1,817.20'}]}",OHLC_D_I_RSIBELAVE,RSI Bearish Crossovers (Daily),"RSI (14,9) indicator went below its average line in the current session",15,Indicator Scans,"RSI (14,9) indicator went below its average line in the current session. It’s a bearish condition.",,,False,1,N,,OHLC_D_I_RSIBELAVE
1790075717,"{'stkname': 'SMALLGROWW', 'ltp': '', 'perChg': '', 'stkId': 'SMALL75174', 'displayLock': 'N', 'scanproflg': 1, 'scUrl': 'etf/growwniftysmallcap250momentumquality100etf/SMALL75174', 'columns': [{'name': 'RSI Indicator value', 'value': '49.51'}, {'name': 'change %', 'value': '-0.59'}, {'name': 'LTP', 'value': '48.62'}]}",OHLC_D_I_RSIBELAVE,RSI Bearish Crossovers (Daily),"RSI (14,9) indicator went below its average line in the current session",15,Indicator Scans,"RSI (14,9) indicator went below its average line in the current session. It’s a bearish condition.",,,False,1,N,,OHLC_D_I_RSIBELAVE
1790075717,"{'stkname': 'UTI BSE Sen Ne', 'ltp': '', 'perChg': '', 'stkId': 'UTISX9168', 'displayLock': 'N', 'scanproflg': 1, 'scUrl': 'etf/utibsesensexnext50etf/UTISX9168', 'columns': [{'name': 'RSI Indicator value', 'value': '38.51'}, {'name': 'change %', 'value': '-2.43'}, {'name': 'LTP', 'value': '92.05'}]}",OHLC_D_I_RSIBELAVE,RSI Bearish Crossovers (Daily),"RSI (14,9) indicator went below its average line in the current session",15,Indicator Scans,"RSI (14,9) indicator went below its average line in the current session. It’s a bearish condition.",,,False,1,N,,OHLC_D_I_RSIBELAVE
1790075717,"{'stkname': 'Acutaas Chem', 'ltp': '', 'perChg': '', 'stkId': 'AO05', 'displayLock': 'N', 'scanproflg': 1, 'scUrl': 'speciality-chemicals/acutaaschemicals/AO05', 'columns': [{'name': 'RSI Indicator value', 'value': '46.32'}, {'name': 'change %', 'value': '-6.30'}, {'name': 'LTP', 'value': '3,209.90'}]}",OHLC_D_I_RSIBELAVE,RSI Bearish Crossovers (Daily),"RSI (14,9) indicator went below its average line in the current session",15,Indicator Scans,"RSI (14,9) indicator went below its average line in the current session. It’s a bearish condition.",,,False,1,N,,OHLC_D_I_RSIBELAVE
1790075717,"{'stkname': 'Kotak Nifty PB', 'ltp': '', 'perChg': '', 'stkId': 'KNP', 'displayLock': 'N', 'scanproflg': 1, 'scUrl': 'etf/kotakniftyprivatebanketf/KNP01', 'columns': [{'name': 'RSI Indicator value', 'value': '44.62'}, {'name': 'change %', 'value': '-0.91'}, {'name': 'LTP', 'value': '27.29'}]}",OHLC_D_I_RSIBELAVE,RSI Bearish Crossovers (Daily),"RSI (14,9) indicator went below its average line in the current session",15,Indicator Scans,"RSI (14,9) indicator went below its average line in the current session. It’s a bearish condition.",,,False,1,N,,OHLC_D_I_RSIBELAVE
1790075717,"{'stkname': 'Tata Nifty Ind', 'ltp': '', 'perChg': '', 'stkId': 'TNI01', 'displayLock': 'N', 'scanproflg': 1, 'scUrl': 'etf/tataniftyindiadigitaletf/TNI01', 'columns': [{'name': 'RSI Indicator value', 'value': '41.06'}, {'name': 'change %', 'value': '-0.79'}, {'name': 'LTP', 'value': '88.07'}]}",OHLC_D_I_RSIBELAVE,RSI Bearish Crossovers (Daily),"RSI (14,9) indicator went below its average line in the current session",15,Indicator Scans,"RSI (14,9) indicator went below its average line in the current session. It’s a bearish condition.",,,False,1,N,,OHLC_D_I_RSIBELAVE
1790075717,"{'stkname': 'SBI IT ETF', 'ltp': '', 'perChg': '', 'stkId': 'SEI09', 'displayLock': 'N', 'scanproflg': 1, 'scUrl': 'etf/sbiitetf/SEI09', 'columns': [{'name': 'RSI Indicator value', 'value': '36.88'}, {'name': 'change %', 'value': '-0.91'}, {'name': 'LTP', 'value': '318.50'}]}",OHLC_D_I_RSIBELAVE,RSI Bearish Crossovers (Daily),"RSI (14,9) indicator went below its average line in the current session",15,Indicator Scans,"RSI (14,9) indicator went below its average line in the current session. It’s a bearish condition.",,,False,1,N,,OHLC_D_I_RSIBELAVE
1790075717,"{'stkname': 'SMALLCAP', 'ltp': '', 'perChg': '', 'stkId': 'SMALL22832', 'displayLock': 'N', 'scanproflg': 1, 'scUrl': 'etf/miraeassetniftysmallcap250mq100etf/SMALL22832', 'columns': [{'name': 'RSI Indicator value', 'value': '51.58'}, {'name': 'change %', 'value': '-0.47'}, {'name': 'LTP', 'value': '48.75'}]}",OHLC_D_I_RSIBELAVE,RSI Bearish Crossovers (Daily),"RSI (14,9) indicator went below its average line in the current session",15,Indicator Scans,"RSI (14,9) indicator went below its average line in the current session. It’s a bearish condition.",,,False,1,N,,OHLC_D_I_RSIBELAVE
1790075717,"{'stkname': 'MO Nifty PSE', 'ltp': '', 'perChg': '', 'stkId': 'MOPSE75743', 'displayLock': 'N', 'scanproflg': 1, 'scUrl': 'etf/motilaloswalniftypseetf/MOPSE75743', 'columns': [{'name': 'RSI Indicator value', 'value': '46.07'}, {'name': 'change %', 'value': '-2.80'}, {'name': 'LTP', 'value': '98.46'}]}",OHLC_D_I_RSIBELAVE,RSI Bearish Crossovers (Daily),"RSI (14,9) indicator went below its average line in the current session",15,Indicator Scans,"RSI (14,9) indicator went below its average line in the current session. It’s a bearish condition.",,,False,1,N,,OHLC_D_I_RSIBELAVE
1790075717,"{'stkname': 'MO 5Y Gsec ETF', 'ltp': '', 'perChg': '', 'stkId': 'MOGSE1507', 'displayLock': 'N', 'scanproflg': 1, 'scUrl': 'etf/motilaloswal5yeargsecetf-growth/MOGSE1507', 'columns': [{'name': 'RSI Indicator value', 'value': '46.77'}, {'name': 'change %', 'value': '-0.41'}, {'name': 'LTP', 'value': '65.03'}]}",OHLC_D_I_RSIBELAVE,RSI Bearish Crossovers (Daily),"RSI (14,9) indicator went below its average line in the current session",15,Indicator Scans,"RSI (14,9) indicator went below its average line in the current session. It’s a bearish condition.",,,False,1,N,,OHLC_D_I_RSIBELAVE
1790075717,"{'stkname': 'Kotak NiftyPSU', 'ltp': '', 'perChg': '', 'stkId': 'KMM', 'displayLock': 'N', 'scanproflg': 1, 'scUrl': 'etf/kotakniftypsubanketf/KMM', 'columns': [{'name': 'RSI Indicator value', 'value': '36.83'}, {'name': 'change %', 'value': '-0.67'}, {'name': 'LTP', 'value': '82.51'}]}",OHLC_D_I_RSIBELAVE,RSI Bearish Crossovers (Daily),"RSI (14,9) indicator went below its average line in the current session",15,Indicator Scans,"RSI (14,9) indicator went below its average line in the current session. It’s a bearish condition.",,,False,1,N,,OHLC_D_I_RSIBELAVE
1790075717,"{'stkname': 'MO Alpha 50', 'ltp': '', 'perChg': '', 'stkId': 'MON07', 'displayLock': 'N', 'scanproflg': 1, 'scUrl': 'etf/motilaloswalniftyalpha50etf/MON07', 'columns': [{'name': 'RSI Indicator value', 'value': '47.26'}, {'name': 'change %', 'value': '-0.54'}, {'name': 'LTP', 'value': '55.39'}]}",OHLC_D_I_RSIBELAVE,RSI Bearish Crossovers (Daily),"RSI (14,9) indicator went below its average line in the current session",15,Indicator Scans,"RSI (14,9) indicator went below its average line in the current session. It’s a bearish condition.",,,False,1,N,,OHLC_D_I_RSIBELAVE
1790075717,"{'stkname': 'Quant Gold ETF', 'ltp': '', 'perChg': '', 'stkId': 'QGF', 'displayLock': 'N', 'scanproflg': 1, 'scUrl': 'gold-etf/quantumgoldetf/QGF', 'columns': [{'name': 'RSI Indicator value', 'value': '48.39'}, {'name': 'change %', 'value': '-0.33'}, {'name': 'LTP', 'value': '125.40'}]}",OHLC_D_I_RSIBELAVE,RSI Bearish Crossovers (Daily),"RSI (14,9) indicator went below its average line in the current session",15,Indicator Scans,"RSI (14,9) indicator went below its average line in the current session. It’s a bearish condition.",,,False,1,N,,OHLC_D_I_RSIBELAVE
1790075717,"{'stkname': 'LIC Gold ETF', 'ltp': '', 'perChg': '', 'stkId': 'IDB01', 'displayLock': 'N', 'scanproflg': 1, 'scUrl': 'gold-etf/licmfgoldexchangetradedfund/IDB01', 'columns': [{'name': 'RSI Indicator value', 'value': '47.83'}, {'name': 'change %', 'value': '-0.40'}, {'name': 'LTP', 'value': '135.90'}]}",OHLC_D_I_RSIBELAVE,RSI Bearish Crossovers (Daily),"RSI (14,9) indicator went below its average line in the current session",15,Indicator Scans,"RSI (14,9) indicator went below its average line in the current session. It’s a bearish condition.",,,False,1,N,,OHLC_D_I_RSIBELAVE
1790075717,"{'stkname': 'Kotak Nifty IT', 'ltp': '', 'perChg': '', 'stkId': 'KIE02', 'displayLock': 'N', 'scanproflg': 1, 'scUrl': 'etf/kotakniftyitetf/KIE02', 'columns': [{'name': 'RSI Indicator value', 'value': '35.71'}, {'name': 'change %', 'value': '-1.68'}, {'name': 'LTP', 'value': '31.60'}]}",OHLC_D_I_RSIBELAVE,RSI Bearish Crossovers (Daily),"RSI (14,9) indicator went below its average line in the current session",15,Indicator Scans,"RSI (14,9) indicator went below its average line in the current session. It’s a bearish condition.",,,False,1,N,,OHLC_D_I_RSIBELAVE
1790075717,"{'stkname': 'Ipru Nifty IT', 'ltp': '', 'perChg': '', 'stkId': 'IPI03', 'displayLock': 'N', 'scanproflg': 1, 'scUrl': 'etf/iciciprudentialniftyitetf/IPI03', 'columns': [{'name': 'RSI Indicator value', 'value': '36.45'}, {'name': 'change %', 'value': '-1.03'}, {'name': 'LTP', 'value': '31.80'}]}",OHLC_D_I_RSIBELAVE,RSI Bearish Crossovers (Daily),"RSI (14,9) indicator went below its average line in the current session",15,Indicator Scans,"RSI (14,9) indicator went below its average line in the current session. It’s a bearish condition.",,,False,1,N,,OHLC_D_I_RSIBELAVE
1790075717,"{'stkname': 'MO Momentum', 'ltp': '', 'perChg': '', 'stkId': 'MOMID75781', 'displayLock': 'N', 'scanproflg': 1, 'scUrl': 'etf/motilaloswalniftymidcap150momentum50etf/MOMID75781', 'columns': [{'name': 'RSI Indicator value', 'value': '42.88'}, {'name': 'change %', 'value': '-0.97'}, {'name': 'LTP', 'value': '63.41'}]}",OHLC_D_I_RSIBELAVE,RSI Bearish Crossovers (Daily),"RSI (14,9) indicator went below its average line in the current session",15,Indicator Scans,"RSI (14,9) indicator went below its average line in the current session. It’s a bearish condition.",,,False,1,N,,OHLC_D_I_RSIBELAVE
1790075717,"{'stkname': 'HDFC Nifty IT', 'ltp': '', 'perChg': '', 'stkId': 'HNI', 'displayLock': 'N', 'scanproflg': 1, 'scUrl': 'etf/hdfcniftyitetf/HNI', 'columns': [{'name': 'RSI Indicator value', 'value': '36.86'}, {'name': 'change %', 'value': '-1.13'}, {'name': 'LTP', 'value': '30.58'}]}",OHLC_D_I_RSIBELAVE,RSI Bearish Crossovers (Daily),"RSI (14,9) indicator went below its average line in the current session",15,Indicator Scans,"RSI (14,9) indicator went below its average line in the current session. It’s a bearish condition.",,,False,1,N,,OHLC_D_I_RSIBELAVE
1790075717,"{'stkname': 'Nipp Nifty IT', 'ltp': '', 'perChg': '', 'stkId': 'NIE01', 'displayLock': 'N', 'scanproflg': 1, 'scUrl': 'etf/nipponindiaetfniftyit/NIE01', 'columns': [{'name': 'RSI Indicator value', 'value': '36.43'}, {'name': 'change %', 'value': '-1.03'}, {'name': 'LTP', 'value': '31.79'}]}",OHLC_D_I_RSIBELAVE,RSI Bearish Crossovers (Daily),"RSI (14,9) indicator went below its average line in the current session",15,Indicator Scans,"RSI (14,9) indicator went below its average line in the current session. It’s a bearish condition.",,,False,1,N,,OHLC_D_I_RSIBELAVE
1790075717,"{'stkname': 'LIC G-sec LT', 'ltp': '', 'perChg': '', 'stkId': 'LIC05', 'displayLock': 'N', 'scanproflg': 1, 'scUrl': 'etf/licmfg-secltetf/LIC06', 'columns': [{'name': 'RSI Indicator value', 'value': '39.48'}, {'name': 'change %', 'value': '-0.20'}, {'name': 'LTP', 'value': '29.21'}]}",OHLC_D_I_RSIBELAVE,RSI Bearish Crossovers (Daily),"RSI (14,9) indicator went below its average line in the current session",15,Indicator Scans,"RSI (14,9) indicator went below its average line in the current session. It’s a bearish condition.",,,False,1,N,,OHLC_D_I_RSIBELAVE
1790075717,"{'stkname': 'Laxmi Goldorna', 'ltp': '', 'perChg': '', 'stkId': 'LGHL18475', 'displayLock': 'N', 'scanproflg': 1, 'scUrl': 'trading/laxmigoldornahouse/LGHL18475', 'columns': [{'name': 'RSI Indicator value', 'value': '37.78'}, {'name': 'change %', 'value': '-2.00'}, {'name': 'LTP', 'value': '222.01'}]}",OHLC_D_I_RSIBELAVE,RSI Bearish Crossovers (Daily),"RSI (14,9) indicator went below its average line in the current session",15,Indicator Scans,"RSI (14,9) indicator went below its average line in the current session. It’s a bearish condition.",,,False,1,N,,OHLC_D_I_RSIBELAVE
1790075717,"{'stkname': 'Mahamaya Steel', 'ltp': '', 'perChg': '', 'stkId': 'RS03', 'displayLock': 'N', 'scanproflg': 1, 'scUrl': 'steel-crhr-strips/mahamayasteelindustries/MSI11', 'columns': [{'name': 'RSI Indicator value', 'value': '35.04'}, {'name': 'change %', 'value': '-4.27'}, {'name': 'LTP', 'value': '765.00'}]}",OHLC_D_I_RSIBELAVE,RSI Bearish Crossovers (Daily),"RSI (14,9) indicator went below its average line in the current session",15,Indicator Scans,"RSI (14,9) indicator went below its average line in the current session. It’s a bearish condition.",,,False,1,N,,OHLC_D_I_RSIBELAVE
1790075717,"{'stkname': 'Master Trust', 'ltp': '', 'perChg': '', 'stkId': 'MT02', 'displayLock': 'N', 'scanproflg': 1, 'scUrl': 'finance-leasinghire-purchase/mastertrust/MT02', 'columns': [{'name': 'RSI Indicator value', 'value': '27.47'}, {'name': 'change %', 'value': '-8.67'}, {'name': 'LTP', 'value': '59.60'}]}",OHLC_D_I_RSIBELAVE,RSI Bearish Crossovers (Daily),"RSI (14,9) indicator went below its average line in the current session",15,Indicator Scans,"RSI (14,9) indicator went below its average line in the current session. It’s a bearish condition.",,,False,1,N,,OHLC_D_I_RSIBELAVE
1790075717,"{'stkname': 'Manaksia Coated', 'ltp': '', 'perChg': '', 'stkId': 'MCM02', 'displayLock': 'N', 'scanproflg': 1, 'scUrl': 'steel-mediumsmall/manaksiacoatedmetalsindustries/MCM02', 'columns': [{'name': 'RSI Indicator value', 'value': '34.32'}, {'name': 'change %', 'value': '-6.76'}, {'name': 'LTP', 'value': '100.78'}]}",OHLC_D_I_RSIBELAVE,RSI Bearish Crossovers (Daily),"RSI (14,9) indicator went below its average line in the current session",15,Indicator Scans,"RSI (14,9) indicator went below its average line in the current session. It’s a bearish condition.",,,False,1,N,,OHLC_D_I_RSIBELAVE
1790075717,"{'stkname': 'IFGL Refractory', 'ltp': '', 'perChg': '', 'stkId': 'IFG', 'displayLock': 'N', 'scanproflg': 1, 'scUrl': 'cement-productsbuilding-materials/ifglrefractories/IFG', 'columns': [{'name': 'RSI Indicator value', 'value': '26.08'}, {'name': 'change %', 'value': '-6.14'}, {'name': 'LTP', 'value': '131.00'}]}",OHLC_D_I_RSIBELAVE,RSI Bearish Crossovers (Daily),"RSI (14,9) indicator went below its average line in the current session",15,Indicator Scans,"RSI (14,9) indicator went below its average line in the current session. It’s a bearish condition.",,,False,1,N,,OHLC_D_I_RSIBELAVE
1790075717,"{'stkname': 'Paushak', 'ltp': '', 'perChg': '', 'stkId': 'P11', 'displayLock': 'N', 'scanproflg': 1, 'scUrl': 'chemicals/paushak/P11', 'columns': [{'name': 'RSI Indicator value', 'value': '30.08'}, {'name': 'change %', 'value': '-4.06'}, {'name': 'LTP', 'value': '372.00'}]}",OHLC_D_I_RSIBELAVE,RSI Bearish Crossovers (Daily),"RSI (14,9) indicator went below its average line in the current session",15,Indicator Scans,"RSI (14,9) indicator went below its average line in the current session. It’s a bearish condition.",,,False,1,N,,OHLC_D_I_RSIBELAVE
1790075717,"{'stkname': 'CPSE ETF', 'ltp': '', 'perChg': '', 'stkId': 'CPS01', 'displayLock': 'N', 'scanproflg': 1, 'scUrl': 'etf/cpseetf/CPS01', 'columns': [{'name': 'RSI Indicator value', 'value': '45.14'}, {'name': 'change %', 'value': '0.29'}, {'name': 'LTP', 'value': '92.99'}]}",OHLC_D_I_RSIABVAVE,RSI Bullish Crossover (Daily),"RSI (14,9) indicator went above its average line in the current session.",15,Indicator Scans,"RSI (14,9) indicator went above its average line in the current session. It’s a bullish condition.",,,False,1,N,,OHLC_D_I_RSIABVAVE
1790075717,"{'stkname': 'Adani Enterpris', 'ltp': '', 'perChg': '', 'stkId': 'AE01', 'displayLock': 'N', 'scanproflg': 1, 'scUrl': 'trading/adanienterprises/AE13', 'columns': [{'name': 'RSI Indicator value', 'value': '50.13'}, {'name': 'change %', 'value': '0.74'}, {'name': 'LTP', 'value': '2,997.00'}]}",OHLC_D_I_RSIABVAVE,RSI Bullish Crossover (Daily),"RSI (14,9) indicator went above its average line in the current session.",15,Indicator Scans,"RSI (14,9) indicator went above its average line in the current session. It’s a bullish condition.",,,False,1,N,,OHLC_D_I_RSIABVAVE
1790075717,"{'stkname': 'HSBC Gold ETF', 'ltp': '', 'perChg': '', 'stkId': 'HGE02', 'displayLock': 'N', 'scanproflg': 1, 'scUrl': 'etf/hsbcgoldetf/HGE02', 'columns': [{'name': 'RSI Indicator value', 'value': '49.54'}, {'name': 'change %', 'value': '0.27'}, {'name': 'LTP', 'value': '131.98'}]}",OHLC_D_I_RSIABVAVE,RSI Bullish Crossover (Daily),"RSI (14,9) indicator went above its average line in the current session.",15,Indicator Scans,"RSI (14,9) indicator went above its average line in the current session. It’s a bullish condition.",,,False,1,N,,OHLC_D_I_RSIABVAVE
1790075717,"{'stkname': 'Angel Mom.Qual', 'ltp': '', 'perChg': '', 'stkId': 'AON', 'displayLock': 'N', 'scanproflg': 1, 'scUrl': 'etf/angeloneniftytotalmarketmq50etf/AON', 'columns': [{'name': 'RSI Indicator value', 'value': '45.70'}, {'name': 'change %', 'value': '0.30'}, {'name': 'LTP', 'value': '10.18'}]}",OHLC_D_I_RSIABVAVE,RSI Bullish Crossover (Daily),"RSI (14,9) indicator went above its average line in the current session.",15,Indicator Scans,"RSI (14,9) indicator went above its average line in the current session. It’s a bullish condition.",,,False,1,N,,OHLC_D_I_RSIABVAVE
1790075717,"{'stkname': 'Groww Defence', 'ltp': '', 'perChg': '', 'stkId': 'GROWW25758', 'displayLock': 'N', 'scanproflg': 1, 'scUrl': 'etf/growwniftyindiadefenceetf/GROWW25758', 'columns': [{'name': 'RSI Indicator value', 'value': '45.02'}, {'name': 'change %', 'value': '0.51'}, {'name': 'LTP', 'value': '94.50'}]}",OHLC_D_I_RSIABVAVE,RSI Bullish Crossover (Daily),"RSI (14,9) indicator went above its average line in the current session.",15,Indicator Scans,"RSI (14,9) indicator went above its average line in the current session. It’s a bullish condition.",,,False,1,N,,OHLC_D_I_RSIABVAVE
1790075717,"{'stkname': 'Nipp Nifty 5yr', 'ltp': '', 'perChg': '', 'stkId': 'NIE05', 'displayLock': 'N', 'scanproflg': 1, 'scUrl': 'etf/nipponindiaetfnifty5yrbenchmarkgsec/NIE05', 'columns': [{'name': 'RSI Indicator value', 'value': '43.62'}, {'name': 'change %', 'value': '0.12'}, {'name': 'LTP', 'value': '65.92'}]}",OHLC_D_I_RSIABVAVE,RSI Bullish Crossover (Daily),"RSI (14,9) indicator went above its average line in the current session.",15,Indicator Scans,"RSI (14,9) indicator went above its average line in the current session. It’s a bullish condition.",,,False,1,N,,OHLC_D_I_RSIABVAVE
1790075717,"{'stkname': 'Milky Mist', 'ltp': '', 'perChg': '', 'stkId': 'MMD', 'displayLock': 'N', 'scanproflg': 1, 'scUrl': 'consumer-food/milkymistdairyfood/MMD', 'columns': [{'name': 'RSI Indicator value', 'value': '76.24'}, {'name': 'change %', 'value': '5.00'}, {'name': 'LTP', 'value': '302.15'}]}",OHLC_D_I_RSIABVAVE,RSI Bullish Crossover (Daily),"RSI (14,9) indicator went above its average line in the current session.",15,Indicator Scans,"RSI (14,9) indicator went above its average line in the current session. It’s a bullish condition.",,,False,1,N,,OHLC_D_I_RSIABVAVE
1790075717,"{'stkname': 'Shiprocket', 'ltp': '', 'perChg': '', 'stkId': 'SL25', 'displayLock': 'N', 'scanproflg': 1, 'scUrl': 'online-services/shiprocket/SL26', 'columns': [{'name': 'RSI Indicator value', 'value': '39.47'}, {'name': 'change %', 'value': '3.22'}, {'name': 'LTP', 'value': '126.44'}]}",OHLC_D_I_RSIABVAVE,RSI Bullish Crossover (Daily),"RSI (14,9) indicator went above its average line in the current session.",15,Indicator Scans,"RSI (14,9) indicator went above its average line in the current session. It’s a bullish condition.",,,False,1,N,,OHLC_D_I_RSIABVAVE
1790075717,"{'stkname': 'Technocraft Ven', 'ltp': '', 'perChg': '', 'stkId': 'TVL01', 'displayLock': 'N', 'scanproflg': 1, 'scUrl': 'construction-infrastructure/technocraftventures/TVL', 'columns': [{'name': 'RSI Indicator value', 'value': '80.80'}, {'name': 'change %', 'value': '5.56'}, {'name': 'LTP', 'value': '462.00'}]}",OHLC_D_I_RSIABVAVE,RSI Bullish Crossover (Daily),"RSI (14,9) indicator went above its average line in the current session.",15,Indicator Scans,"RSI (14,9) indicator went above its average line in the current session. It’s a bullish condition.",,,False,1,N,,OHLC_D_I_RSIABVAVE
1790075717,"{'stkname': 'Aastha Spintex', 'ltp': '', 'perChg': '', 'stkId': 'ASL16', 'displayLock': 'N', 'scanproflg': 1, 'scUrl': 'textile-spinning/aasthaspintex/ASL15', 'columns': [{'name': 'RSI Indicator value', 'value': '51.38'}, {'name': 'change %', 'value': '10.00'}, {'name': 'LTP', 'value': '81.63'}]}",OHLC_D_I_RSIABVAVE,RSI Bullish Crossover (Daily),"RSI (14,9) indicator went above its average line in the current session.",15,Indicator Scans,"RSI (14,9) indicator went above its average line in the current session. It’s a bullish condition.",,,False,1,N,,OHLC_D_I_RSIABVAVE
1790075717,"{'stkname': 'Amir Chand', 'ltp': '', 'perChg': '', 'stkId': 'ACJKEL', 'displayLock': 'N', 'scanproflg': 1, 'scUrl': 'trading/amirchandjagdishkumarexports/ACJKEL', 'columns': [{'name': 'RSI Indicator value', 'value': '62.68'}, {'name': 'change %', 'value': '1.58'}, {'name': 'LTP', 'value': '204.21'}]}",OHLC_D_I_RSIABVAVE,RSI Bullish Crossover (Daily),"RSI (14,9) indicator went above its average line in the current session.",15,Indicator Scans,"RSI (14,9) indicator went above its average line in the current session. It’s a bullish condition.",,,False,1,N,,OHLC_D_I_RSIABVAVE
1790075717,"{'stkname': 'Creative Eye', 'ltp': '', 'perChg': '', 'stkId': 'CE08', 'displayLock': 'N', 'scanproflg': 1, 'scUrl': 'mediaentertainment/creativeeye/CE08', 'columns': [{'name': 'RSI Indicator value', 'value': '57.73'}, {'name': 'change %', 'value': '13.51'}, {'name': 'LTP', 'value': '6.30'}]}",OHLC_D_I_RSIABVAVE,RSI Bullish Crossover (Daily),"RSI (14,9) indicator went above its average line in the current session.",15,Indicator Scans,"RSI (14,9) indicator went above its average line in the current session. It’s a bullish condition.",,,False,1,N,,OHLC_D_I_RSIABVAVE
1790075717,"{'stkname': 'Vedanta Oil', 'ltp': '', 'perChg': '', 'stkId': 'VOGL', 'displayLock': 'N', 'scanproflg': 1, 'scUrl': 'refineries/vedantaoilgas/VOGL', 'columns': [{'name': 'RSI Indicator value', 'value': '43.41'}, {'name': 'change %', 'value': '3.48'}, {'name': 'LTP', 'value': '35.05'}]}",OHLC_D_I_RSIABVAVE,RSI Bullish Crossover (Daily),"RSI (14,9) indicator went above its average line in the current session.",15,Indicator Scans,"RSI (14,9) indicator went above its average line in the current session. It’s a bullish condition.",,,False,1,N,,OHLC_D_I_RSIABVAVE
1790075717,"{'stkname': 'Vedanta Alumini', 'ltp': '', 'perChg': '', 'stkId': 'VAM', 'displayLock': 'N', 'scanproflg': 1, 'scUrl': 'aluminiumaluminium-products/vedantaaluminiummetal/VAM', 'columns': [{'name': 'RSI Indicator value', 'value': '45.52'}, {'name': 'change %', 'value': '2.80'}, {'name': 'LTP', 'value': '424.60'}]}",OHLC_D_I_RSIABVAVE,RSI Bullish Crossover (Daily),"RSI (14,9) indicator went above its average line in the current session.",15,Indicator Scans,"RSI (14,9) indicator went above its average line in the current session. It’s a bullish condition.",,,False,1,N,,OHLC_D_I_RSIABVAVE
1790075717,"{'stkname': 'Vedanta Iron', 'ltp': '', 'perChg': '', 'stkId': 'VISL01', 'displayLock': 'N', 'scanproflg': 1, 'scUrl': 'ironsteel/vedantaironsteel/VISL01', 'columns': [{'name': 'RSI Indicator value', 'value': '42.65'}, {'name': 'change %', 'value': '4.99'}, {'name': 'LTP', 'value': '32.21'}]}",OHLC_D_I_RSIABVAVE,RSI Bullish Crossover (Daily),"RSI (14,9) indicator went above its average line in the current session.",15,Indicator Scans,"RSI (14,9) indicator went above its average line in the current session. It’s a bullish condition.",,,False,1,N,,OHLC_D_I_RSIABVAVE
1790075717,"{'stkname': 'Kilburn Engg', 'ltp': '', 'perChg': '', 'stkId': 'KE03', 'displayLock': 'N', 'scanproflg': 1, 'scUrl': 'engineering-heavy/kilburnengineering/KE03', 'columns': [{'name': 'RSI Indicator value', 'value': '71.70'}, {'name': 'change %', 'value': '12.90'}, {'name': 'LTP', 'value': '519.35'}]}",OHLC_D_I_RSIABVAVE,RSI Bullish Crossover (Daily),"RSI (14,9) indicator went above its average line in the current session.",15,Indicator Scans,"RSI (14,9) indicator went above its average line in the current session. It’s a bullish condition.",,,False,1,N,,OHLC_D_I_RSIABVAVE
1790075717,"{'stkname': 'RHI Magnesita', 'ltp': '', 'perChg': '', 'stkId': 'OR01', 'displayLock': 'N', 'scanproflg': 1, 'scUrl': 'cement-productsbuilding-materials/rhimagnesitaindia/OR01', 'columns': [{'name': 'RSI Indicator value', 'value': '52.99'}, {'name': 'change %', 'value': '2.88'}, {'name': 'LTP', 'value': '378.60'}]}",OHLC_D_I_RSIABVAVE,RSI Bullish Crossover (Daily),"RSI (14,9) indicator went above its average line in the current session.",15,Indicator Scans,"RSI (14,9) indicator went above its average line in the current session. It’s a bullish condition.",,,False,1,N,,OHLC_D_I_RSIABVAVE
1790075717,"{'stkname': 'Raghav Product', 'ltp': '', 'perChg': '', 'stkId': 'RRM01', 'displayLock': 'N', 'scanproflg': 1, 'scUrl': 'refractories/raghavproductivityenhancers/RRM01', 'columns': [{'name': 'RSI Indicator value', 'value': '56.18'}, {'name': 'change %', 'value': '2.53'}, {'name': 'LTP', 'value': '1,735.00'}]}",OHLC_D_I_RSIABVAVE,RSI Bullish Crossover (Daily),"RSI (14,9) indicator went above its average line in the current session.",15,Indicator Scans,"RSI (14,9) indicator went above its average line in the current session. It’s a bullish condition.",,,False,1,N,,OHLC_D_I_RSIABVAVE
1790075717,"{'stkname': 'Ravindra Energy', 'ltp': '', 'perChg': '', 'stkId': 'RTA', 'displayLock': 'N', 'scanproflg': 1, 'scUrl': 'finance-investments/ravindraenergy/RTA', 'columns': [{'name': 'RSI Indicator value', 'value': '43.53'}, {'name': 'change %', 'value': '4.41'}, {'name': 'LTP', 'value': '150.28'}]}",OHLC_D_I_RSIABVAVE,RSI Bullish Crossover (Daily),"RSI (14,9) indicator went above its average line in the current session.",15,Indicator Scans,"RSI (14,9) indicator went above its average line in the current session. It’s a bullish condition.",,,False,1,N,,OHLC_D_I_RSIABVAVE
1790075717,"{'stkname': 'John Cockerill', 'ltp': '', 'perChg': '', 'stkId': 'FPE', 'displayLock': 'N', 'scanproflg': 1, 'scUrl': 'engineering-heavy/johncockerillindia/CMI02', 'columns': [{'name': 'RSI Indicator value', 'value': '47.81'}, {'name': 'change %', 'value': '1.24'}, {'name': 'LTP', 'value': '8,155.00'}]}",OHLC_D_I_RSIABVAVE,RSI Bullish Crossover (Daily),"RSI (14,9) indicator went above its average line in the current session.",15,Indicator Scans,"RSI (14,9) indicator went above its average line in the current session. It’s a bullish condition.",,,False,1,N,,OHLC_D_I_RSIABVAVE
1790075717,"{'stkname': 'ICRA', 'ltp': '', 'perChg': '', 'stkId': 'ICR', 'displayLock': 'N', 'scanproflg': 1, 'scUrl': 'miscellaneous/icra/ICR', 'columns': [{'name': 'RSI Indicator value', 'value': '34.38'}, {'name': 'change %', 'value': '0.95'}, {'name': 'LTP', 'value': '4,589.00'}]}",OHLC_D_I_RSIABVAVE,RSI Bullish Crossover (Daily),"RSI (14,9) indicator went above its average line in the current session.",15,Indicator Scans,"RSI (14,9) indicator went above its average line in the current session. It’s a bullish condition.",,,False,1,N,,OHLC_D_I_RSIABVAVE
1790075717,"{'stkname': 'Magellanic', 'ltp': '', 'perChg': '', 'stkId': 'SIP06', 'displayLock': 'N', 'scanproflg': 1, 'scUrl': 'software/magellaniccloud/SIP06', 'columns': [{'name': 'RSI Indicator value', 'value': '34.16'}, {'name': 'change %', 'value': '0.96'}, {'name': 'LTP', 'value': '25.24'}]}",OHLC_D_I_RSIABVAVE,RSI Bullish Crossover (Daily),"RSI (14,9) indicator went above its average line in the current session.",15,Indicator Scans,"RSI (14,9) indicator went above its average line in the current session. It’s a bullish condition.",,,False,1,N,,OHLC_D_I_RSIABVAVE
1790075717,"{'stkname': 'Nirlon', 'ltp': '', 'perChg': '', 'stkId': 'N02', 'displayLock': 'N', 'scanproflg': 1, 'scUrl': 'miscellaneous/nirlon/N02', 'columns': [{'name': 'RSI Indicator value', 'value': '42.13'}, {'name': 'change %', 'value': '1.83'}, {'name': 'LTP', 'value': '605.00'}]}",OHLC_D_I_RSIABVAVE,RSI Bullish Crossover (Daily),"RSI (14,9) indicator went above its average line in the current session.",15,Indicator Scans,"RSI (14,9) indicator went above its average line in the current session. It’s a bullish condition.",,,False,1,N,,OHLC_D_I_RSIABVAVE
1790075717,"{'stkname': 'Deccan Gold', 'ltp': '', 'perChg': '', 'stkId': 'DGM', 'displayLock': 'N', 'scanproflg': 1, 'scUrl': 'miningminerals/deccangoldmines/DGM', 'columns': [{'name': 'RSI Indicator value', 'value': '54.52'}, {'name': 'change %', 'value': '4.13'}, {'name': 'LTP', 'value': '226.00'}]}",OHLC_D_I_RSIABVAVE,RSI Bullish Crossover (Daily),"RSI (14,9) indicator went above its average line in the current session.",15,Indicator Scans,"RSI (14,9) indicator went above its average line in the current session. It’s a bullish condition.",,,False,1,N,,OHLC_D_I_RSIABVAVE
1790075717,"{'stkname': 'Sudeep Pharma', 'ltp': '', 'perChg': '', 'stkId': 'SPL13', 'displayLock': 'N', 'scanproflg': 1, 'scUrl': 'pharmaceuticalsdrugs/sudeeppharma/SPL11', 'columns': [{'name': 'RSI Indicator value', 'value': '56.15'}, {'name': 'change %', 'value': '5.00'}, {'name': 'LTP', 'value': '1,201.20'}]}",OHLC_D_I_RSIABVAVE,RSI Bullish Crossover (Daily),"RSI (14,9) indicator went above its average line in the current session.",15,Indicator Scans,"RSI (14,9) indicator went above its average line in the current session. It’s a bullish condition.",,,False,1,N,,OHLC_D_I_RSIABVAVE
1790075717,"{'stkname': 'Travel Food Ser', 'ltp': '', 'perChg': '', 'stkId': 'TFS02', 'displayLock': 'N', 'scanproflg': 1, 'scUrl': 'hotel-resortrestaurants/travelfoodservices/TFS01', 'columns': [{'name': 'RSI Indicator value', 'value': '39.22'}, {'name': 'change %', 'value': '0.24'}, {'name': 'LTP', 'value': '1,231.50'}]}",OHLC_D_I_RSIABVAVE,RSI Bullish Crossover (Daily),"RSI (14,9) indicator went above its average line in the current session.",15,Indicator Scans,"RSI (14,9) indicator went above its average line in the current session. It’s a bullish condition.",,,False,1,N,,OHLC_D_I_RSIABVAVE
1790075717,"{'stkname': 'Turtlemint Fin', 'ltp': '', 'perChg': '', 'stkId': 'TFS04', 'displayLock': 'N', 'scanproflg': 1, 'scUrl': 'multiline-insurancebrokers/turtlemintfintechsolutions/TFS03', 'columns': [{'name': 'RSI Indicator value', 'value': '52.53'}, {'name': 'change %', 'value': '6.35'}, {'name': 'LTP', 'value': '139.50'}]}",OHLC_D_I_RSIABVAVE,RSI Bullish Crossover (Daily),"RSI (14,9) indicator went above its average line in the current session.",15,Indicator Scans,"RSI (14,9) indicator went above its average line in the current session. It’s a bullish condition.",,,False,1,N,,OHLC_D_I_RSIABVAVE
1790075717,"{'stkname': 'Ador Welding', 'ltp': '', 'perChg': '', 'stkId': 'AO', 'displayLock': 'N', 'scanproflg': 1, 'scUrl': 'electrodesgraphite/adorwelding/AW01', 'columns': [{'name': 'RSI Indicator value', 'value': '50.83'}, {'name': 'change %', 'value': '0.87'}, {'name': 'LTP', 'value': '1,590.10'}]}",OHLC_D_I_RSIABVAVE,RSI Bullish Crossover (Daily),"RSI (14,9) indicator went above its average line in the current session.",15,Indicator Scans,"RSI (14,9) indicator went above its average line in the current session. It’s a bullish condition.",,,False,1,N,,OHLC_D_I_RSIABVAVE
1790075717,"{'stkname': 'Jain Resource', 'ltp': '', 'perChg': '', 'stkId': 'JRRL', 'displayLock': 'N', 'scanproflg': 1, 'scUrl': 'metals-non-ferrous/jainresourcerecycling/JRRL', 'columns': [{'name': 'RSI Indicator value', 'value': '50.82'}, {'name': 'change %', 'value': '6.69'}, {'name': 'LTP', 'value': '291.00'}]}",OHLC_D_I_RSIABVAVE,RSI Bullish Crossover (Daily),"RSI (14,9) indicator went above its average line in the current session.",15,Indicator Scans,"RSI (14,9) indicator went above its average line in the current session. It’s a bullish condition.",,,False,1,N,,OHLC_D_I_RSIABVAVE
1790075717,"{'stkname': 'Goodyear', 'ltp': '', 'perChg': '', 'stkId': 'GI11', 'displayLock': 'N', 'scanproflg': 1, 'scUrl': 'tyres/goodyearindia/GI11', 'columns': [{'name': 'RSI Indicator value', 'value': '30.40'}, {'name': 'change %', 'value': '0.25'}, {'name': 'LTP', 'value': '709.95'}]}",OHLC_D_I_RSIABVAVE,RSI Bullish Crossover (Daily),"RSI (14,9) indicator went above its average line in the current session.",15,Indicator Scans,"RSI (14,9) indicator went above its average line in the current session. It’s a bullish condition.",,,False,1,N,,OHLC_D_I_RSIABVAVE
1790075717,"{'stkname': 'Globe Civil Pro', 'ltp': '', 'perChg': '', 'stkId': 'GCP02', 'displayLock': 'N', 'scanproflg': 1, 'scUrl': 'engineeringconstruction/globecivilprojects/GCP02', 'columns': [{'name': 'RSI Indicator value', 'value': '49.43'}, {'name': 'change %', 'value': '4.03'}, {'name': 'LTP', 'value': '43.84'}]}",OHLC_D_I_RSIABVAVE,RSI Bullish Crossover (Daily),"RSI (14,9) indicator went above its average line in the current session.",15,Indicator Scans,"RSI (14,9) indicator went above its average line in the current session. It’s a bullish condition.",,,False,1,N,,OHLC_D_I_RSIABVAVE
1790075717,"{'stkname': 'Midwest', 'ltp': '', 'perChg': '', 'stkId': 'ML14', 'displayLock': 'N', 'scanproflg': 1, 'scUrl': 'specialty-miningmetals/midwest/ML12', 'columns': [{'name': 'RSI Indicator value', 'value': '36.48'}, {'name': 'change %', 'value': '2.40'}, {'name': 'LTP', 'value': '1,012.00'}]}",OHLC_D_I_RSIABVAVE,RSI Bullish Crossover (Daily),"RSI (14,9) indicator went above its average line in the current session.",15,Indicator Scans,"RSI (14,9) indicator went above its average line in the current session. It’s a bullish condition.",,,False,1,N,,OHLC_D_I_RSIABVAVE
1790075717,"{'stkname': 'GNG Electronics', 'ltp': '', 'perChg': '', 'stkId': 'GEL01', 'displayLock': 'N', 'scanproflg': 1, 'scUrl': 'electronic-goods/gngelectronics/GEL01', 'columns': [{'name': 'RSI Indicator value', 'value': '62.09'}, {'name': 'change %', 'value': '0.25'}, {'name': 'LTP', 'value': '692.20'}]}",OHLC_D_I_RSIABVAVE,RSI Bullish Crossover (Daily),"RSI (14,9) indicator went above its average line in the current session.",15,Indicator Scans,"RSI (14,9) indicator went above its average line in the current session. It’s a bullish condition.",,,False,1,N,,OHLC_D_I_RSIABVAVE
1790075717,"{'stkname': 'Garuda Const', 'ltp': '', 'perChg': '', 'stkId': 'GCE01', 'displayLock': 'N', 'scanproflg': 1, 'scUrl': 'cementconstruction-materials/garudaconstructionengineering/GCE01', 'columns': [{'name': 'RSI Indicator value', 'value': '55.69'}, {'name': 'change %', 'value': '3.41'}, {'name': 'LTP', 'value': '182.80'}]}",OHLC_D_I_RSIABVAVE,RSI Bullish Crossover (Daily),"RSI (14,9) indicator went above its average line in the current session.",15,Indicator Scans,"RSI (14,9) indicator went above its average line in the current session. It’s a bullish condition.",,,False,1,N,,OHLC_D_I_RSIABVAVE
1790075717,"{'stkname': 'Unicommerce Eso', 'ltp': '', 'perChg': '', 'stkId': 'UEL', 'displayLock': 'N', 'scanproflg': 1, 'scUrl': 'it-servicesconsulting/unicommerceesolutions/UeL', 'columns': [{'name': 'RSI Indicator value', 'value': '51.74'}, {'name': 'change %', 'value': '5.75'}, {'name': 'LTP', 'value': '85.77'}]}",OHLC_D_I_RSIABVAVE,RSI Bullish Crossover (Daily),"RSI (14,9) indicator went above its average line in the current session.",15,Indicator Scans,"RSI (14,9) indicator went above its average line in the current session. It’s a bullish condition.",,,False,1,N,,OHLC_D_I_RSIABVAVE
1790075717,"{'stkname': 'Clean Max Envir', 'ltp': '', 'perChg': '', 'stkId': 'CMEESL', 'displayLock': 'N', 'scanproflg': 1, 'scUrl': 'renewables/cleanmaxenviroenergysolutions/CMEESL', 'columns': [{'name': 'RSI Indicator value', 'value': '57.63'}, {'name': 'change %', 'value': '2.84'}, {'name': 'LTP', 'value': '1,378.60'}]}",OHLC_D_I_RSIABVAVE,RSI Bullish Crossover (Daily),"RSI (14,9) indicator went above its average line in the current session.",15,Indicator Scans,"RSI (14,9) indicator went above its average line in the current session. It’s a bullish condition.",,,False,1,N,,OHLC_D_I_RSIABVAVE
1790075717,"{'stkname': 'Fujiyama Power ', 'ltp': '', 'perChg': '', 'stkId': 'FPS01', 'displayLock': 'N', 'scanproflg': 1, 'scUrl': 'renewables/fujiyamapowersystems/FPS01', 'columns': [{'name': 'RSI Indicator value', 'value': '53.07'}, {'name': 'change %', 'value': '3.07'}, {'name': 'LTP', 'value': '435.00'}]}",OHLC_D_I_RSIABVAVE,RSI Bullish Crossover (Daily),"RSI (14,9) indicator went above its average line in the current session.",15,Indicator Scans,"RSI (14,9) indicator went above its average line in the current session. It’s a bullish condition.",,,False,1,N,,OHLC_D_I_RSIABVAVE
1790075717,"{'stkname': 'JSW Cement', 'ltp': '', 'perChg': '', 'stkId': 'JCL02', 'displayLock': 'N', 'scanproflg': 1, 'scUrl': 'cement/jswcement/JCL02', 'columns': [{'name': 'RSI Indicator value', 'value': '29.50'}, {'name': 'change %', 'value': '0.55'}, {'name': 'LTP', 'value': '117.00'}]}",OHLC_D_I_RSIABVAVE,RSI Bullish Crossover (Daily),"RSI (14,9) indicator went above its average line in the current session.",15,Indicator Scans,"RSI (14,9) indicator went above its average line in the current session. It’s a bullish condition.",,,False,1,N,,OHLC_D_I_RSIABVAVE
1790075717,"{'stkname': 'Credo Brands Ma', 'ltp': '', 'perChg': '', 'stkId': 'CBML', 'displayLock': 'N', 'scanproflg': 1, 'scUrl': 'textilesapparel/credobrandsmarketing/CBML', 'columns': [{'name': 'RSI Indicator value', 'value': '42.59'}, {'name': 'change %', 'value': '1.21'}, {'name': 'LTP', 'value': '73.61'}]}",OHLC_D_I_RSIABVAVE,RSI Bullish Crossover (Daily),"RSI (14,9) indicator went above its average line in the current session.",15,Indicator Scans,"RSI (14,9) indicator went above its average line in the current session. It’s a bullish condition.",,,False,1,N,,OHLC_D_I_RSIABVAVE
1790075717,"{'stkname': 'Afcons Infra', 'ltp': '', 'perChg': '', 'stkId': 'AIL08', 'displayLock': 'N', 'scanproflg': 1, 'scUrl': 'infrastructure/afconsinfrastructure/AIL08', 'columns': [{'name': 'RSI Indicator value', 'value': '40.44'}, {'name': 'change %', 'value': '1.56'}, {'name': 'LTP', 'value': '260.75'}]}",OHLC_D_I_RSIABVAVE,RSI Bullish Crossover (Daily),"RSI (14,9) indicator went above its average line in the current session.",15,Indicator Scans,"RSI (14,9) indicator went above its average line in the current session. It’s a bullish condition.",,,False,1,N,,OHLC_D_I_RSIABVAVE
1790075717,"{'stkname': 'Aditya Infotech', 'ltp': '', 'perChg': '', 'stkId': 'AIL10', 'displayLock': 'N', 'scanproflg': 1, 'scUrl': 'diversified/adityainfotech/AIL10', 'columns': [{'name': 'RSI Indicator value', 'value': '52.55'}, {'name': 'change %', 'value': '5.00'}, {'name': 'LTP', 'value': '3,656.40'}]}",OHLC_D_I_RSIABVAVE,RSI Bullish Crossover (Daily),"RSI (14,9) indicator went above its average line in the current session.",15,Indicator Scans,"RSI (14,9) indicator went above its average line in the current session. It’s a bullish condition.",,,False,1,N,,OHLC_D_I_RSIABVAVE
1790075717,"{'stkname': 'iValue Infosolu', 'ltp': '', 'perChg': '', 'stkId': 'IIL06', 'displayLock': 'N', 'scanproflg': 1, 'scUrl': 'it-servicesconsulting/ivalueinfosolutions/iIL06', 'columns': [{'name': 'RSI Indicator value', 'value': '32.26'}, {'name': 'change %', 'value': '1.23'}, {'name': 'LTP', 'value': '224.05'}]}",OHLC_D_I_RSIABVAVE,RSI Bullish Crossover (Daily),"RSI (14,9) indicator went above its average line in the current session.",15,Indicator Scans,"RSI (14,9) indicator went above its average line in the current session. It’s a bullish condition.",,,False,1,N,,OHLC_D_I_RSIABVAVE
1790075717,"{'stkname': 'Ola Electric', 'ltp': '', 'perChg': '', 'stkId': 'OEM', 'displayLock': 'N', 'scanproflg': 1, 'scUrl': 'auto-ancillaries-brakes/olaelectricmobility/OEM', 'columns': [{'name': 'RSI Indicator value', 'value': '48.65'}, {'name': 'change %', 'value': '2.30'}, {'name': 'LTP', 'value': '37.85'}]}",OHLC_D_I_RSIABVAVE,RSI Bullish Crossover (Daily),"RSI (14,9) indicator went above its average line in the current session.",15,Indicator Scans,"RSI (14,9) indicator went above its average line in the current session. It’s a bullish condition.",,,False,1,N,,OHLC_D_I_RSIABVAVE
1790075717,"{'stkname': 'Platinum Ind', 'ltp': '', 'perChg': '', 'stkId': 'PIL08', 'displayLock': 'N', 'scanproflg': 1, 'scUrl': 'plastic-products/platinumindustries/PIL09', 'columns': [{'name': 'RSI Indicator value', 'value': '45.92'}, {'name': 'change %', 'value': '2.95'}, {'name': 'LTP', 'value': '217.30'}]}",OHLC_D_I_RSIABVAVE,RSI Bullish Crossover (Daily),"RSI (14,9) indicator went above its average line in the current session.",15,Indicator Scans,"RSI (14,9) indicator went above its average line in the current session. It’s a bullish condition.",,,False,1,N,,OHLC_D_I_RSIABVAVE
1790075717,"{'stkname': 'Ventive Hospita', 'ltp': '', 'perChg': '', 'stkId': 'VHL01', 'displayLock': 'N', 'scanproflg': 1, 'scUrl': 'hotel-resortrestaurants/ventivehospitality/VHL01', 'columns': [{'name': 'RSI Indicator value', 'value': '51.31'}, {'name': 'change %', 'value': '4.54'}, {'name': 'LTP', 'value': '582.00'}]}",OHLC_D_I_RSIABVAVE,RSI Bullish Crossover (Daily),"RSI (14,9) indicator went above its average line in the current session.",15,Indicator Scans,"RSI (14,9) indicator went above its average line in the current session. It’s a bullish condition.",,,False,1,N,,OHLC_D_I_RSIABVAVE
1790075717,"{'stkname': 'RBZ Jewellers', 'ltp': '', 'perChg': '', 'stkId': 'RJL', 'displayLock': 'N', 'scanproflg': 1, 'scUrl': 'diamondjewellery/rbzjewellers/RJL', 'columns': [{'name': 'RSI Indicator value', 'value': '58.86'}, {'name': 'change %', 'value': '4.28'}, {'name': 'LTP', 'value': '179.10'}]}",OHLC_D_I_RSIABVAVE,RSI Bullish Crossover (Daily),"RSI (14,9) indicator went above its average line in the current session.",15,Indicator Scans,"RSI (14,9) indicator went above its average line in the current session. It’s a bullish condition.",,,False,1,N,,OHLC_D_I_RSIABVAVE
1790075717,"{'stkname': 'Bluestone Jewel', 'ltp': '', 'perChg': '', 'stkId': 'BJL', 'displayLock': 'N', 'scanproflg': 1, 'scUrl': 'diamondjewellery/bluestonejewellerylifestyle/BJL', 'columns': [{'name': 'RSI Indicator value', 'value': '66.20'}, {'name': 'change %', 'value': '11.34'}, {'name': 'LTP', 'value': '941.30'}]}",OHLC_D_I_RSIABVAVE,RSI Bullish Crossover (Daily),"RSI (14,9) indicator went above its average line in the current session.",15,Indicator Scans,"RSI (14,9) indicator went above its average line in the current session. It’s a bullish condition.",,,False,1,N,,OHLC_D_I_RSIABVAVE
1790075717,"{'stkname': 'Apeejay Park', 'ltp': '', 'perChg': '', 'stkId': 'ASPHL', 'displayLock': 'N', 'scanproflg': 1, 'scUrl': 'hotel-resortrestaurants/apeejaysurrendraparkhotels/ASPHL', 'columns': [{'name': 'RSI Indicator value', 'value': '36.74'}, {'name': 'change %', 'value': '1.52'}, {'name': 'LTP', 'value': '107.80'}]}",OHLC_D_I_RSIABVAVE,RSI Bullish Crossover (Daily),"RSI (14,9) indicator went above its average line in the current session.",15,Indicator Scans,"RSI (14,9) indicator went above its average line in the current session. It’s a bullish condition.",,,False,1,N,,OHLC_D_I_RSIABVAVE
1790075717,"{'stkname': 'Amagi Media Lab', 'ltp': '', 'perChg': '', 'stkId': 'AMLL', 'displayLock': 'N', 'scanproflg': 1, 'scUrl': 'software/amagimedialabs/AMLL', 'columns': [{'name': 'RSI Indicator value', 'value': '50.47'}, {'name': 'change %', 'value': '2.99'}, {'name': 'LTP', 'value': '581.40'}]}",OHLC_D_I_RSIABVAVE,RSI Bullish Crossover (Daily),"RSI (14,9) indicator went above its average line in the current session.",15,Indicator Scans,"RSI (14,9) indicator went above its average line in the current session. It’s a bullish condition.",,,False,1,N,,OHLC_D_I_RSIABVAVE
1790075717,"{'stkname': 'Swaraj Suiting', 'ltp': '', 'perChg': '', 'stkId': 'SS56', 'displayLock': 'N', 'scanproflg': 1, 'scUrl': 'textiles/swarajsuiting/SS06', 'columns': [{'name': 'RSI Indicator value', 'value': '27.18'}, {'name': 'change %', 'value': '1.15'}, {'name': 'LTP', 'value': '290.00'}]}",OHLC_D_I_RSIABVAVE,RSI Bullish Crossover (Daily),"RSI (14,9) indicator went above its average line in the current session.",15,Indicator Scans,"RSI (14,9) indicator went above its average line in the current session. It’s a bullish condition.",,,False,1,N,,OHLC_D_I_RSIABVAVE
1790075717,"{'stkname': 'JNK India', 'ltp': '', 'perChg': '', 'stkId': 'JIL06', 'displayLock': 'N', 'scanproflg': 1, 'scUrl': 'electric-equipment-boilersturbines/jnkindia/JIL04', 'columns': [{'name': 'RSI Indicator value', 'value': '41.93'}, {'name': 'change %', 'value': '1.20'}, {'name': 'LTP', 'value': '413.90'}]}",OHLC_D_I_RSIABVAVE,RSI Bullish Crossover (Daily),"RSI (14,9) indicator went above its average line in the current session.",15,Indicator Scans,"RSI (14,9) indicator went above its average line in the current session. It’s a bullish condition.",,,False,1,N,,OHLC_D_I_RSIABVAVE
1790075717,"{'stkname': 'Inox India', 'ltp': '', 'perChg': '', 'stkId': 'IIL04', 'displayLock': 'N', 'scanproflg': 1, 'scUrl': 'misc-commercial-services/inoxindia/IIL04', 'columns': [{'name': 'RSI Indicator value', 'value': '55.20'}, {'name': 'change %', 'value': '3.15'}, {'name': 'LTP', 'value': '2,155.00'}]}",OHLC_D_I_RSIABVAVE,RSI Bullish Crossover (Daily),"RSI (14,9) indicator went above its average line in the current session.",15,Indicator Scans,"RSI (14,9) indicator went above its average line in the current session. It’s a bullish condition.",,,False,1,N,,OHLC_D_I_RSIABVAVE
1790075717,"{'stkname': 'DOMS Industries', 'ltp': '', 'perChg': '', 'stkId': 'DIL03', 'displayLock': 'N', 'scanproflg': 1, 'scUrl': 'printingstationery/domsindustries/DIL04', 'columns': [{'name': 'RSI Indicator value', 'value': '34.28'}, {'name': 'change %', 'value': '0.81'}, {'name': 'LTP', 'value': '2,099.90'}]}",OHLC_D_I_RSIABVAVE,RSI Bullish Crossover (Daily),"RSI (14,9) indicator went above its average line in the current session.",15,Indicator Scans,"RSI (14,9) indicator went above its average line in the current session. It’s a bullish condition.",,,False,1,N,,OHLC_D_I_RSIABVAVE
1790075717,"{'stkname': 'Saraswati Saree', 'ltp': '', 'perChg': '', 'stkId': 'SSD02', 'displayLock': 'N', 'scanproflg': 1, 'scUrl': 'trading/saraswatisareedepot/SSD', 'columns': [{'name': 'RSI Indicator value', 'value': '62.20'}, {'name': 'change %', 'value': '8.99'}, {'name': 'LTP', 'value': '65.70'}]}",OHLC_D_I_RSIABVAVE,RSI Bullish Crossover (Daily),"RSI (14,9) indicator went above its average line in the current session.",15,Indicator Scans,"RSI (14,9) indicator went above its average line in the current session. It’s a bullish condition.",,,False,1,N,,OHLC_D_I_RSIABVAVE
1790075717,"{'stkname': 'Avantel', 'ltp': '', 'perChg': '', 'stkId': 'AS22', 'displayLock': 'N', 'scanproflg': 1, 'scUrl': 'computers-software-mediumsmall/avantel/A19', 'columns': [{'name': 'RSI Indicator value', 'value': '40.01'}, {'name': 'change %', 'value': '1.99'}, {'name': 'LTP', 'value': '147.89'}]}",OHLC_D_I_RSIABVAVE,RSI Bullish Crossover (Daily),"RSI (14,9) indicator went above its average line in the current session.",15,Indicator Scans,"RSI (14,9) indicator went above its average line in the current session. It’s a bullish condition.",,,False,1,N,,OHLC_D_I_RSIABVAVE
1790075717,"{'stkname': 'DAM Capital Adv', 'ltp': '', 'perChg': '', 'stkId': 'DCA01', 'displayLock': 'N', 'scanproflg': 1, 'scUrl': 'finance-stock-broking/damcapitaladvisors/DCA01', 'columns': [{'name': 'RSI Indicator value', 'value': '37.11'}, {'name': 'change %', 'value': '0.50'}, {'name': 'LTP', 'value': '138.00'}]}",OHLC_D_I_RSIABVAVE,RSI Bullish Crossover (Daily),"RSI (14,9) indicator went above its average line in the current session.",15,Indicator Scans,"RSI (14,9) indicator went above its average line in the current session. It’s a bullish condition.",,,False,1,N,,OHLC_D_I_RSIABVAVE
1790075717,"{'stkname': 'Network People', 'ltp': '', 'perChg': '', 'stkId': 'NPS02', 'displayLock': 'N', 'scanproflg': 1, 'scUrl': 'software/networkpeopleservicestechnologies/NPS02', 'columns': [{'name': 'RSI Indicator value', 'value': '65.97'}, {'name': 'change %', 'value': '5.61'}, {'name': 'LTP', 'value': '1,890.00'}]}",OHLC_D_I_RSIABVAVE,RSI Bullish Crossover (Daily),"RSI (14,9) indicator went above its average line in the current session.",15,Indicator Scans,"RSI (14,9) indicator went above its average line in the current session. It’s a bullish condition.",,,False,1,N,,OHLC_D_I_RSIABVAVE
1790075717,"{'stkname': 'Swiggy', 'ltp': '', 'perChg': '', 'stkId': 'SL23', 'displayLock': 'N', 'scanproflg': 1, 'scUrl': 'online-services/swiggy/SL24', 'columns': [{'name': 'RSI Indicator value', 'value': '56.70'}, {'name': 'change %', 'value': '4.16'}, {'name': 'LTP', 'value': '284.05'}]}",OHLC_D_I_RSIABVAVE,RSI Bullish Crossover (Daily),"RSI (14,9) indicator went above its average line in the current session.",15,Indicator Scans,"RSI (14,9) indicator went above its average line in the current session. It’s a bullish condition.",,,False,1,N,,OHLC_D_I_RSIABVAVE
1790075717,"{'stkname': 'Kothari Product', 'ltp': '', 'perChg': '', 'stkId': 'KP06', 'displayLock': 'N', 'scanproflg': 1, 'scUrl': 'cigarettes/kothariproducts/KP06', 'columns': [{'name': 'RSI Indicator value', 'value': '35.70'}, {'name': 'change %', 'value': '1.22'}, {'name': 'LTP', 'value': '64.00'}]}",OHLC_D_I_RSIABVAVE,RSI Bullish Crossover (Daily),"RSI (14,9) indicator went above its average line in the current session.",15,Indicator Scans,"RSI (14,9) indicator went above its average line in the current session. It’s a bullish condition.",,,False,1,N,,OHLC_D_I_RSIABVAVE
1790075717,"{'stkname': 'Sula Vineyards', 'ltp': '', 'perChg': '', 'stkId': 'SV05', 'displayLock': 'N', 'scanproflg': 1, 'scUrl': 'breweriesdistilleries/sulavineyards/SV01', 'columns': [{'name': 'RSI Indicator value', 'value': '28.81'}, {'name': 'change %', 'value': '0.00'}, {'name': 'LTP', 'value': '134.46'}]}",OHLC_D_I_RSIABVAVE,RSI Bullish Crossover (Daily),"RSI (14,9) indicator went above its average line in the current session.",15,Indicator Scans,"RSI (14,9) indicator went above its average line in the current session. It’s a bullish condition.",,,False,1,N,,OHLC_D_I_RSIABVAVE
1790075717,"{'stkname': 'Pearl Global In', 'ltp': '', 'perChg': '', 'stkId': 'HPF01', 'displayLock': 'N', 'scanproflg': 1, 'scUrl': 'textiles-readymade-apparels/pearlglobalindustries/HPF01', 'columns': [{'name': 'RSI Indicator value', 'value': '55.01'}, {'name': 'change %', 'value': '4.53'}, {'name': 'LTP', 'value': '1,190.00'}]}",OHLC_D_I_RSIABVAVE,RSI Bullish Crossover (Daily),"RSI (14,9) indicator went above its average line in the current session.",15,Indicator Scans,"RSI (14,9) indicator went above its average line in the current session. It’s a bullish condition.",,,False,1,N,,OHLC_D_I_RSIABVAVE
1790075717,"{'stkname': 'Transformers', 'ltp': '', 'perChg': '', 'stkId': 'TRI', 'displayLock': 'N', 'scanproflg': 1, 'scUrl': 'power-transmissionequipment/transformersrectifiersindia/TRI', 'columns': [{'name': 'RSI Indicator value', 'value': '36.88'}, {'name': 'change %', 'value': '0.81'}, {'name': 'LTP', 'value': '280.50'}]}",OHLC_D_I_RSIABVAVE,RSI Bullish Crossover (Daily),"RSI (14,9) indicator went above its average line in the current session.",15,Indicator Scans,"RSI (14,9) indicator went above its average line in the current session. It’s a bullish condition.",,,False,1,N,,OHLC_D_I_RSIABVAVE
1790075717,"{'stkname': 'Redington', 'ltp': '', 'perChg': '', 'stkId': 'RI37', 'displayLock': 'N', 'scanproflg': 1, 'scUrl': 'computers-hardware/redington/RI37', 'columns': [{'name': 'RSI Indicator value', 'value': '69.01'}, {'name': 'change %', 'value': '4.83'}, {'name': 'LTP', 'value': '411.00'}]}",OHLC_D_I_RSIABVAVE,RSI Bullish Crossover (Daily),"RSI (14,9) indicator went above its average line in the current session.",15,Indicator Scans,"RSI (14,9) indicator went above its average line in the current session. It’s a bullish condition.",,,False,1,N,,OHLC_D_I_RSIABVAVE
1790075717,"{'stkname': 'Integra Essenti', 'ltp': '', 'perChg': '', 'stkId': 'IGT', 'displayLock': 'N', 'scanproflg': 1, 'scUrl': 'textilesapparel/integraessentia/IGT', 'columns': [{'name': 'RSI Indicator value', 'value': '41.73'}, {'name': 'change %', 'value': '1.96'}, {'name': 'LTP', 'value': '1.04'}]}",OHLC_D_I_RSIABVAVE,RSI Bullish Crossover (Daily),"RSI (14,9) indicator went above its average line in the current session.",15,Indicator Scans,"RSI (14,9) indicator went above its average line in the current session. It’s a bullish condition.",,,False,1,N,,OHLC_D_I_RSIABVAVE
1790075717,"{'stkname': 'Indian Card', 'ltp': '', 'perChg': '', 'stkId': 'ICC01', 'displayLock': 'N', 'scanproflg': 1, 'scUrl': 'textiles-machinery/indiancardclothing/ICC01', 'columns': [{'name': 'RSI Indicator value', 'value': '49.86'}, {'name': 'change %', 'value': '3.35'}, {'name': 'LTP', 'value': '212.95'}]}",OHLC_D_I_RSIABVAVE,RSI Bullish Crossover (Daily),"RSI (14,9) indicator went above its average line in the current session.",15,Indicator Scans,"RSI (14,9) indicator went above its average line in the current session. It’s a bullish condition.",,,False,1,N,,OHLC_D_I_RSIABVAVE
1790075717,"{'stkname': 'Kitex Garments', 'ltp': '', 'perChg': '', 'stkId': 'KG01', 'displayLock': 'N', 'scanproflg': 1, 'scUrl': 'textiles-readymade-apparels/kitexgarments/KG01', 'columns': [{'name': 'RSI Indicator value', 'value': '36.23'}, {'name': 'change %', 'value': '2.74'}, {'name': 'LTP', 'value': '119.30'}]}",OHLC_D_I_RSIABVAVE,RSI Bullish Crossover (Daily),"RSI (14,9) indicator went above its average line in the current session.",15,Indicator Scans,"RSI (14,9) indicator went above its average line in the current session. It’s a bullish condition.",,,False,1,N,,OHLC_D_I_RSIABVAVE
1790075717,"{'stkname': 'Hathway Cable', 'ltp': '', 'perChg': '', 'stkId': 'HCD', 'displayLock': 'N', 'scanproflg': 1, 'scUrl': 'mediaentertainment/hathwaycabledatacom/HCD', 'columns': [{'name': 'RSI Indicator value', 'value': '36.04'}, {'name': 'change %', 'value': '0.50'}, {'name': 'LTP', 'value': '10.02'}]}",OHLC_D_I_RSIABVAVE,RSI Bullish Crossover (Daily),"RSI (14,9) indicator went above its average line in the current session.",15,Indicator Scans,"RSI (14,9) indicator went above its average line in the current session. It’s a bullish condition.",,,False,1,N,,OHLC_D_I_RSIABVAVE
1790075717,"{'stkname': 'Spencer Retail', 'ltp': '', 'perChg': '', 'stkId': 'SPENC54233', 'displayLock': 'N', 'scanproflg': 1, 'scUrl': 'miscellaneous/spencerretail/SPENC54233', 'columns': [{'name': 'RSI Indicator value', 'value': '37.71'}, {'name': 'change %', 'value': '1.36'}, {'name': 'LTP', 'value': '28.41'}]}",OHLC_D_I_RSIABVAVE,RSI Bullish Crossover (Daily),"RSI (14,9) indicator went above its average line in the current session.",15,Indicator Scans,"RSI (14,9) indicator went above its average line in the current session. It’s a bullish condition.",,,False,1,N,,OHLC_D_I_RSIABVAVE
1790075717,"{'stkname': 'Bajaj Hindustha', 'ltp': '', 'perChg': '', 'stkId': 'BH', 'displayLock': 'N', 'scanproflg': 1, 'scUrl': 'sugar/bajajhindusthansugar/BH06', 'columns': [{'name': 'RSI Indicator value', 'value': '47.90'}, {'name': 'change %', 'value': '0.10'}, {'name': 'LTP', 'value': '20.20'}]}",OHLC_D_I_RSIABVAVE,RSI Bullish Crossover (Daily),"RSI (14,9) indicator went above its average line in the current session.",15,Indicator Scans,"RSI (14,9) indicator went above its average line in the current session. It’s a bullish condition.",,,False,1,N,,OHLC_D_I_RSIABVAVE
1790075717,"{'stkname': 'Nahar Ent', 'ltp': '', 'perChg': '', 'stkId': 'NIE', 'displayLock': 'N', 'scanproflg': 1, 'scUrl': 'textiles-composite-mills/naharindustrialenterprises/NIE', 'columns': [{'name': 'RSI Indicator value', 'value': '51.23'}, {'name': 'change %', 'value': '-0.11'}, {'name': 'LTP', 'value': '131.55'}]}",OHLC_D_I_RSIABVAVE,RSI Bullish Crossover (Daily),"RSI (14,9) indicator went above its average line in the current session.",15,Indicator Scans,"RSI (14,9) indicator went above its average line in the current session. It’s a bullish condition.",,,False,1,N,,OHLC_D_I_RSIABVAVE
1790075717,"{'stkname': 'Electronics Mar', 'ltp': '', 'perChg': '', 'stkId': 'EMI01', 'displayLock': 'N', 'scanproflg': 1, 'scUrl': 'domestic-appliances/electronicsmartindia/EMI', 'columns': [{'name': 'RSI Indicator value', 'value': '60.89'}, {'name': 'change %', 'value': '0.64'}, {'name': 'LTP', 'value': '192.50'}]}",OHLC_D_I_RSIABVAVE,RSI Bullish Crossover (Daily),"RSI (14,9) indicator went above its average line in the current session.",15,Indicator Scans,"RSI (14,9) indicator went above its average line in the current session. It’s a bullish condition.",,,False,1,N,,OHLC_D_I_RSIABVAVE
1790075717,"{'stkname': 'Indo Count', 'ltp': '', 'perChg': '', 'stkId': 'ICI07', 'displayLock': 'N', 'scanproflg': 1, 'scUrl': 'textiles-spinning-cotton-blended/indocountindustries/ICI07', 'columns': [{'name': 'RSI Indicator value', 'value': '54.83'}, {'name': 'change %', 'value': '2.50'}, {'name': 'LTP', 'value': '447.05'}]}",OHLC_D_I_RSIABVAVE,RSI Bullish Crossover (Daily),"RSI (14,9) indicator went above its average line in the current session.",15,Indicator Scans,"RSI (14,9) indicator went above its average line in the current session. It’s a bullish condition.",,,False,1,N,,OHLC_D_I_RSIABVAVE
1790075717,"{'stkname': 'Ethos', 'ltp': '', 'perChg': '', 'stkId': 'E10', 'displayLock': 'N', 'scanproflg': 1, 'scUrl': 'watchesaccessories/ethos/E12', 'columns': [{'name': 'RSI Indicator value', 'value': '39.44'}, {'name': 'change %', 'value': '0.93'}, {'name': 'LTP', 'value': '2,618.00'}]}",OHLC_D_I_RSIABVAVE,RSI Bullish Crossover (Daily),"RSI (14,9) indicator went above its average line in the current session.",15,Indicator Scans,"RSI (14,9) indicator went above its average line in the current session. It’s a bullish condition.",,,False,1,N,,OHLC_D_I_RSIABVAVE
1790075717,"{'stkname': 'Maral Overseas', 'ltp': '', 'perChg': '', 'stkId': 'MO', 'displayLock': 'N', 'scanproflg': 1, 'scUrl': 'textiles-spinning-cotton-blended/maraloverseas/MO', 'columns': [{'name': 'RSI Indicator value', 'value': '57.10'}, {'name': 'change %', 'value': '7.97'}, {'name': 'LTP', 'value': '61.40'}]}",OHLC_D_I_RSIABVAVE,RSI Bullish Crossover (Daily),"RSI (14,9) indicator went above its average line in the current session.",15,Indicator Scans,"RSI (14,9) indicator went above its average line in the current session. It’s a bullish condition.",,,False,1,N,,OHLC_D_I_RSIABVAVE
1790075717,"{'stkname': 'Mawana Sugars', 'ltp': '', 'perChg': '', 'stkId': 'SIE', 'displayLock': 'N', 'scanproflg': 1, 'scUrl': 'sugar/mawanasugars/MS25', 'columns': [{'name': 'RSI Indicator value', 'value': '49.07'}, {'name': 'change %', 'value': '4.82'}, {'name': 'LTP', 'value': '131.50'}]}",OHLC_D_I_RSIABVAVE,RSI Bullish Crossover (Daily),"RSI (14,9) indicator went above its average line in the current session.",15,Indicator Scans,"RSI (14,9) indicator went above its average line in the current session. It’s a bullish condition.",,,False,1,N,,OHLC_D_I_RSIABVAVE
1790075717,"{'stkname': 'Himatsingka Sei', 'ltp': '', 'perChg': '', 'stkId': 'HS', 'displayLock': 'N', 'scanproflg': 1, 'scUrl': 'textiles-syntheticsilk/himatsingkaseide/HS', 'columns': [{'name': 'RSI Indicator value', 'value': '29.88'}, {'name': 'change %', 'value': '1.66'}, {'name': 'LTP', 'value': '63.80'}]}",OHLC_D_I_RSIABVAVE,RSI Bullish Crossover (Daily),"RSI (14,9) indicator went above its average line in the current session.",15,Indicator Scans,"RSI (14,9) indicator went above its average line in the current session. It’s a bullish condition.",,,False,1,N,,OHLC_D_I_RSIABVAVE
1790075717,"{'stkname': 'Rajshree Sugars', 'ltp': '', 'perChg': '', 'stkId': 'RSC', 'displayLock': 'N', 'scanproflg': 1, 'scUrl': 'sugar/rajshreesugarschemicals/RSC', 'columns': [{'name': 'RSI Indicator value', 'value': '43.40'}, {'name': 'change %', 'value': '0.56'}, {'name': 'LTP', 'value': '32.50'}]}",OHLC_D_I_RSIABVAVE,RSI Bullish Crossover (Daily),"RSI (14,9) indicator went above its average line in the current session.",15,Indicator Scans,"RSI (14,9) indicator went above its average line in the current session. It’s a bullish condition.",,,False,1,N,,OHLC_D_I_RSIABVAVE
1790075717,"{'stkname': 'HFCL', 'ltp': '', 'perChg': '', 'stkId': 'HFC', 'displayLock': 'N', 'scanproflg': 1, 'scUrl': 'telecommunications-equipment/hfcl/HFC', 'columns': [{'name': 'RSI Indicator value', 'value': '48.71'}, {'name': 'change %', 'value': '4.05'}, {'name': 'LTP', 'value': '223.00'}]}",OHLC_D_I_RSIABVAVE,RSI Bullish Crossover (Daily),"RSI (14,9) indicator went above its average line in the current session.",15,Indicator Scans,"RSI (14,9) indicator went above its average line in the current session. It’s a bullish condition.",,,False,1,N,,OHLC_D_I_RSIABVAVE
1790075717,"{'stkname': 'Kingfa Science', 'ltp': '', 'perChg': '', 'stkId': 'HSS', 'displayLock': 'N', 'scanproflg': 1, 'scUrl': 'plastics/kingfasciencetechnology/HSS', 'columns': [{'name': 'RSI Indicator value', 'value': '60.51'}, {'name': 'change %', 'value': '2.36'}, {'name': 'LTP', 'value': '6,205.00'}]}",OHLC_D_I_RSIABVAVE,RSI Bullish Crossover (Daily),"RSI (14,9) indicator went above its average line in the current session.",15,Indicator Scans,"RSI (14,9) indicator went above its average line in the current session. It’s a bullish condition.",,,False,1,N,,OHLC_D_I_RSIABVAVE
1790075717,"{'stkname': 'GMRP UI', 'ltp': '', 'perChg': '', 'stkId': 'GPU', 'displayLock': 'N', 'scanproflg': 1, 'scUrl': 'power-generationdistribution/gmrpowerurbaninfra/GPU', 'columns': [{'name': 'RSI Indicator value', 'value': '51.41'}, {'name': 'change %', 'value': '2.67'}, {'name': 'LTP', 'value': '94.90'}]}",OHLC_D_I_RSIABVAVE,RSI Bullish Crossover (Daily),"RSI (14,9) indicator went above its average line in the current session.",15,Indicator Scans,"RSI (14,9) indicator went above its average line in the current session. It’s a bullish condition.",,,False,1,N,,OHLC_D_I_RSIABVAVE
1790075717,"{'stkname': 'MSTC', 'ltp': '', 'perChg': '', 'stkId': 'M14', 'displayLock': 'N', 'scanproflg': 1, 'scUrl': 'miscellaneous/mstc/M21', 'columns': [{'name': 'RSI Indicator value', 'value': '58.53'}, {'name': 'change %', 'value': '2.56'}, {'name': 'LTP', 'value': '748.50'}]}",OHLC_D_I_RSIABVAVE,RSI Bullish Crossover (Daily),"RSI (14,9) indicator went above its average line in the current session.",15,Indicator Scans,"RSI (14,9) indicator went above its average line in the current session. It’s a bullish condition.",,,False,1,N,,OHLC_D_I_RSIABVAVE
1790075717,"{'stkname': 'V2 Retail', 'ltp': '', 'perChg': '', 'stkId': 'VR02', 'displayLock': 'N', 'scanproflg': 1, 'scUrl': 'retail/v2retail/VR02', 'columns': [{'name': 'RSI Indicator value', 'value': '43.36'}, {'name': 'change %', 'value': '1.00'}, {'name': 'LTP', 'value': '212.95'}]}",OHLC_D_I_RSIABVAVE,RSI Bullish Crossover (Daily),"RSI (14,9) indicator went above its average line in the current session.",15,Indicator Scans,"RSI (14,9) indicator went above its average line in the current session. It’s a bullish condition.",,,False,1,N,,OHLC_D_I_RSIABVAVE
1790075717,"{'stkname': 'MTNL', 'ltp': '', 'perChg': '', 'stkId': 'MTN', 'displayLock': 'N', 'scanproflg': 1, 'scUrl': 'telecommunications-service/mahanagartelephonenigam/MTN', 'columns': [{'name': 'RSI Indicator value', 'value': '25.95'}, {'name': 'change %', 'value': '0.63'}, {'name': 'LTP', 'value': '23.80'}]}",OHLC_D_I_RSIABVAVE,RSI Bullish Crossover (Daily),"RSI (14,9) indicator went above its average line in the current session.",15,Indicator Scans,"RSI (14,9) indicator went above its average line in the current session. It’s a bullish condition.",,,False,1,N,,OHLC_D_I_RSIABVAVE
1790075717,"{'stkname': 'Finolex Ind', 'ltp': '', 'perChg': '', 'stkId': 'FI', 'displayLock': 'N', 'scanproflg': 1, 'scUrl': 'petrochemicals/finolexindustries/FI', 'columns': [{'name': 'RSI Indicator value', 'value': '38.84'}, {'name': 'change %', 'value': '0.30'}, {'name': 'LTP', 'value': '152.61'}]}",OHLC_D_I_RSIABVAVE,RSI Bullish Crossover (Daily),"RSI (14,9) indicator went above its average line in the current session.",15,Indicator Scans,"RSI (14,9) indicator went above its average line in the current session. It’s a bullish condition.",,,False,1,N,,OHLC_D_I_RSIABVAVE
1790075717,"{'stkname': 'Indowind Energy', 'ltp': '', 'perChg': '', 'stkId': 'IE08', 'displayLock': 'N', 'scanproflg': 1, 'scUrl': 'power-generationdistribution/indowindenergy/IE08', 'columns': [{'name': 'RSI Indicator value', 'value': '50.46'}, {'name': 'change %', 'value': '1.23'}, {'name': 'LTP', 'value': '9.03'}]}",OHLC_D_I_RSIABVAVE,RSI Bullish Crossover (Daily),"RSI (14,9) indicator went above its average line in the current session.",15,Indicator Scans,"RSI (14,9) indicator went above its average line in the current session. It’s a bullish condition.",,,False,1,N,,OHLC_D_I_RSIABVAVE
1790075717,"{'stkname': 'Ponni Sugars(E)', 'ltp': '', 'perChg': '', 'stkId': 'PSE03', 'displayLock': 'N', 'scanproflg': 1, 'scUrl': 'sugar/ponnisugarserode/PSE03', 'columns': [{'name': 'RSI Indicator value', 'value': '48.20'}, {'name': 'change %', 'value': '2.23'}, {'name': 'LTP', 'value': '362.00'}]}",OHLC_D_I_RSIABVAVE,RSI Bullish Crossover (Daily),"RSI (14,9) indicator went above its average line in the current session.",15,Indicator Scans,"RSI (14,9) indicator went above its average line in the current session. It’s a bullish condition.",,,False,1,N,,OHLC_D_I_RSIABVAVE
1790075717,"{'stkname': 'Texmaco Rail', 'ltp': '', 'perChg': '', 'stkId': 'TRE', 'displayLock': 'N', 'scanproflg': 1, 'scUrl': 'infrastructure-general/texmacorailengineering/TRE', 'columns': [{'name': 'RSI Indicator value', 'value': '61.31'}, {'name': 'change %', 'value': '4.43'}, {'name': 'LTP', 'value': '119.50'}]}",OHLC_D_I_RSIABVAVE,RSI Bullish Crossover (Daily),"RSI (14,9) indicator went above its average line in the current session.",15,Indicator Scans,"RSI (14,9) indicator went above its average line in the current session. It’s a bullish condition.",,,False,1,N,,OHLC_D_I_RSIABVAVE
1790075717,"{'stkname': 'Nahar Poly Film', 'ltp': '', 'perChg': '', 'stkId': 'NE01', 'displayLock': 'N', 'scanproflg': 1, 'scUrl': 'textiles-spinning-cotton-blended/naharpolyfilms/NIH', 'columns': [{'name': 'RSI Indicator value', 'value': '44.37'}, {'name': 'change %', 'value': '3.92'}, {'name': 'LTP', 'value': '232.17'}]}",OHLC_D_I_RSIABVAVE,RSI Bullish Crossover (Daily),"RSI (14,9) indicator went above its average line in the current session.",15,Indicator Scans,"RSI (14,9) indicator went above its average line in the current session. It’s a bullish condition.",,,False,1,N,,OHLC_D_I_RSIABVAVE
1790075717,"{'stkname': 'Arrow Greentech', 'ltp': '', 'perChg': '', 'stkId': 'ACP', 'displayLock': 'N', 'scanproflg': 1, 'scUrl': 'plastics/arrowgreentech/ACP', 'columns': [{'name': 'RSI Indicator value', 'value': '72.40'}, {'name': 'change %', 'value': '4.77'}, {'name': 'LTP', 'value': '917.80'}]}",OHLC_D_I_RSIABVAVE,RSI Bullish Crossover (Daily),"RSI (14,9) indicator went above its average line in the current session.",15,Indicator Scans,"RSI (14,9) indicator went above its average line in the current session. It’s a bullish condition.",,,False,1,N,,OHLC_D_I_RSIABVAVE
1790075717,"{'stkname': 'Ind-Swift Labs', 'ltp': '', 'perChg': '', 'stkId': 'ISL', 'displayLock': 'N', 'scanproflg': 1, 'scUrl': 'pharmaceuticals/ind-swiftlaboratories/ISL', 'columns': [{'name': 'RSI Indicator value', 'value': '68.77'}, {'name': 'change %', 'value': '6.72'}, {'name': 'LTP', 'value': '404.90'}]}",OHLC_D_I_RSIABVAVE,RSI Bullish Crossover (Daily),"RSI (14,9) indicator went above its average line in the current session.",15,Indicator Scans,"RSI (14,9) indicator went above its average line in the current session. It’s a bullish condition.",,,False,1,N,,OHLC_D_I_RSIABVAVE
1790075717,"{'stkname': 'GRP', 'ltp': '', 'perChg': '', 'stkId': 'GRR', 'displayLock': 'N', 'scanproflg': 1, 'scUrl': 'rubber/grp/GRR', 'columns': [{'name': 'RSI Indicator value', 'value': '51.22'}, {'name': 'change %', 'value': '0.47'}, {'name': 'LTP', 'value': '2,002.00'}]}",OHLC_D_I_RSIABVAVE,RSI Bullish Crossover (Daily),"RSI (14,9) indicator went above its average line in the current session.",15,Indicator Scans,"RSI (14,9) indicator went above its average line in the current session. It’s a bullish condition.",,,False,1,N,,OHLC_D_I_RSIABVAVE
1790075717,"{'stkname': 'Sai Life Sci', 'ltp': '', 'perChg': '', 'stkId': 'SLS02', 'displayLock': 'N', 'scanproflg': 1, 'scUrl': 'pharmaceuticalsdrugs/sailifesciences/SLS03', 'columns': [{'name': 'RSI Indicator value', 'value': '62.57'}, {'name': 'change %', 'value': '0.11'}, {'name': 'LTP', 'value': '1,609.70'}]}",OHLC_D_I_RSIABVAVE,RSI Bullish Crossover (Daily),"RSI (14,9) indicator went above its average line in the current session.",15,Indicator Scans,"RSI (14,9) indicator went above its average line in the current session. It’s a bullish condition.",,,False,1,N,,OHLC_D_I_RSIABVAVE
1790075717,"{'stkname': 'Jubilant Pharmo', 'ltp': '', 'perChg': '', 'stkId': 'VOC', 'displayLock': 'N', 'scanproflg': 1, 'scUrl': 'pharmaceuticals/jubilantpharmova/JO03', 'columns': [{'name': 'RSI Indicator value', 'value': '72.04'}, {'name': 'change %', 'value': '1.69'}, {'name': 'LTP', 'value': '1,067.00'}]}",OHLC_D_I_RSIABVAVE,RSI Bullish Crossover (Daily),"RSI (14,9) indicator went above its average line in the current session.",15,Indicator Scans,"RSI (14,9) indicator went above its average line in the current session. It’s a bullish condition.",,,False,1,N,,OHLC_D_I_RSIABVAVE
1790075717,"{'stkname': 'TPL Plastech', 'ltp': '', 'perChg': '', 'stkId': 'TP', 'displayLock': 'N', 'scanproflg': 1, 'scUrl': 'plastics/tplplastech/TPL02', 'columns': [{'name': 'RSI Indicator value', 'value': '32.78'}, {'name': 'change %', 'value': '0.97'}, {'name': 'LTP', 'value': '65.66'}]}",OHLC_D_I_RSIABVAVE,RSI Bullish Crossover (Daily),"RSI (14,9) indicator went above its average line in the current session.",15,Indicator Scans,"RSI (14,9) indicator went above its average line in the current session. It’s a bullish condition.",,,False,1,N,,OHLC_D_I_RSIABVAVE
1790075717,"{'stkname': 'Sundaram Multi', 'ltp': '', 'perChg': '', 'stkId': 'SMP01', 'displayLock': 'N', 'scanproflg': 1, 'scUrl': 'printingstationery/sundarammultipap/SMP02', 'columns': [{'name': 'RSI Indicator value', 'value': '44.01'}, {'name': 'change %', 'value': '0.85'}, {'name': 'LTP', 'value': '1.18'}]}",OHLC_D_I_RSIABVAVE,RSI Bullish Crossover (Daily),"RSI (14,9) indicator went above its average line in the current session.",15,Indicator Scans,"RSI (14,9) indicator went above its average line in the current session. It’s a bullish condition.",,,False,1,N,,OHLC_D_I_RSIABVAVE
1790075717,"{'stkname': 'Alembic', 'ltp': '', 'perChg': '', 'stkId': 'ACW', 'displayLock': 'N', 'scanproflg': 1, 'scUrl': 'pharmaceuticals/alembic/A08', 'columns': [{'name': 'RSI Indicator value', 'value': '58.77'}, {'name': 'change %', 'value': '1.42'}, {'name': 'LTP', 'value': '105.01'}]}",OHLC_D_I_RSIABVAVE,RSI Bullish Crossover (Daily),"RSI (14,9) indicator went above its average line in the current session.",15,Indicator Scans,"RSI (14,9) indicator went above its average line in the current session. It’s a bullish condition.",,,False,1,N,,OHLC_D_I_RSIABVAVE
1790075717,"{'stkname': 'Alpa Labs', 'ltp': '', 'perChg': '', 'stkId': 'AL11', 'displayLock': 'N', 'scanproflg': 1, 'scUrl': 'pharmaceuticals/alpalaboratories/AL11', 'columns': [{'name': 'RSI Indicator value', 'value': '46.80'}, {'name': 'change %', 'value': '3.49'}, {'name': 'LTP', 'value': '61.70'}]}",OHLC_D_I_RSIABVAVE,RSI Bullish Crossover (Daily),"RSI (14,9) indicator went above its average line in the current session.",15,Indicator Scans,"RSI (14,9) indicator went above its average line in the current session. It’s a bullish condition.",,,False,1,N,,OHLC_D_I_RSIABVAVE
1790075717,"{'stkname': 'Syncom Formula', 'ltp': '', 'perChg': '', 'stkId': 'SF18', 'displayLock': 'N', 'scanproflg': 1, 'scUrl': 'pharmaceuticals/syncomformulations/SF18', 'columns': [{'name': 'RSI Indicator value', 'value': '62.93'}, {'name': 'change %', 'value': '2.37'}, {'name': 'LTP', 'value': '20.32'}]}",OHLC_D_I_RSIABVAVE,RSI Bullish Crossover (Daily),"RSI (14,9) indicator went above its average line in the current session.",15,Indicator Scans,"RSI (14,9) indicator went above its average line in the current session. It’s a bullish condition.",,,False,1,N,,OHLC_D_I_RSIABVAVE
1790075717,"{'stkname': 'Emmbi Ind', 'ltp': '', 'perChg': '', 'stkId': 'EP09', 'displayLock': 'N', 'scanproflg': 1, 'scUrl': 'packaging/emmbiindustries/EP09', 'columns': [{'name': 'RSI Indicator value', 'value': '57.69'}, {'name': 'change %', 'value': '3.16'}, {'name': 'LTP', 'value': '90.89'}]}",OHLC_D_I_RSIABVAVE,RSI Bullish Crossover (Daily),"RSI (14,9) indicator went above its average line in the current session.",15,Indicator Scans,"RSI (14,9) indicator went above its average line in the current session. It’s a bullish condition.",,,False,1,N,,OHLC_D_I_RSIABVAVE
1790075717,"{'stkname': 'NR Agarwal', 'ltp': '', 'perChg': '', 'stkId': 'NRA', 'displayLock': 'N', 'scanproflg': 1, 'scUrl': 'paper/nragarwalindustries/NRA', 'columns': [{'name': 'RSI Indicator value', 'value': '69.15'}, {'name': 'change %', 'value': '4.20'}, {'name': 'LTP', 'value': '653.50'}]}",OHLC_D_I_RSIABVAVE,RSI Bullish Crossover (Daily),"RSI (14,9) indicator went above its average line in the current session.",15,Indicator Scans,"RSI (14,9) indicator went above its average line in the current session. It’s a bullish condition.",,,False,1,N,,OHLC_D_I_RSIABVAVE
1790075717,"{'stkname': 'GMDC', 'ltp': '', 'perChg': '', 'stkId': 'GMD', 'displayLock': 'N', 'scanproflg': 1, 'scUrl': 'miningminerals/gujaratmineraldevelopmentcorporation/GMD', 'columns': [{'name': 'RSI Indicator value', 'value': '48.55'}, {'name': 'change %', 'value': '0.95'}, {'name': 'LTP', 'value': '563.20'}]}",OHLC_D_I_RSIABVAVE,RSI Bullish Crossover (Daily),"RSI (14,9) indicator went above its average line in the current session.",15,Indicator Scans,"RSI (14,9) indicator went above its average line in the current session. It’s a bullish condition.",,,False,1,N,,OHLC_D_I_RSIABVAVE
1790075717,"{'stkname': 'Emami Paper', 'ltp': '', 'perChg': '', 'stkId': 'EPM01', 'displayLock': 'N', 'scanproflg': 1, 'scUrl': 'paper/emamipapermills/EPM01', 'columns': [{'name': 'RSI Indicator value', 'value': '53.85'}, {'name': 'change %', 'value': '1.18'}, {'name': 'LTP', 'value': '115.95'}]}",OHLC_D_I_RSIABVAVE,RSI Bullish Crossover (Daily),"RSI (14,9) indicator went above its average line in the current session.",15,Indicator Scans,"RSI (14,9) indicator went above its average line in the current session. It’s a bullish condition.",,,False,1,N,,OHLC_D_I_RSIABVAVE
1790075717,"{'stkname': 'Geekay Wires', 'ltp': '', 'perChg': '', 'stkId': 'GW01', 'displayLock': 'N', 'scanproflg': 1, 'scUrl': 'consumer-goods-electronic/geekaywires/GW01', 'columns': [{'name': 'RSI Indicator value', 'value': '66.51'}, {'name': 'change %', 'value': '6.41'}, {'name': 'LTP', 'value': '32.88'}]}",OHLC_D_I_RSIABVAVE,RSI Bullish Crossover (Daily),"RSI (14,9) indicator went above its average line in the current session.",15,Indicator Scans,"RSI (14,9) indicator went above its average line in the current session. It’s a bullish condition.",,,False,1,N,,OHLC_D_I_RSIABVAVE
1790075717,"{'stkname': 'S Chand and Co', 'ltp': '', 'perChg': '', 'stkId': 'CCL04', 'displayLock': 'N', 'scanproflg': 1, 'scUrl': 'printingstationery/schandcompanylimited/CCL', 'columns': [{'name': 'RSI Indicator value', 'value': '44.61'}, {'name': 'change %', 'value': '0.16'}, {'name': 'LTP', 'value': '134.50'}]}",OHLC_D_I_RSIABVAVE,RSI Bullish Crossover (Daily),"RSI (14,9) indicator went above its average line in the current session.",15,Indicator Scans,"RSI (14,9) indicator went above its average line in the current session. It’s a bullish condition.",,,False,1,N,,OHLC_D_I_RSIABVAVE
1790075717,"{'stkname': 'Saregama India', 'ltp': '', 'perChg': '', 'stkId': 'GCI', 'displayLock': 'N', 'scanproflg': 1, 'scUrl': 'mediaentertainment/saregamaindia/SI67', 'columns': [{'name': 'RSI Indicator value', 'value': '51.87'}, {'name': 'change %', 'value': '2.93'}, {'name': 'LTP', 'value': '502.50'}]}",OHLC_D_I_RSIABVAVE,RSI Bullish Crossover (Daily),"RSI (14,9) indicator went above its average line in the current session.",15,Indicator Scans,"RSI (14,9) indicator went above its average line in the current session. It’s a bullish condition.",,,False,1,N,,OHLC_D_I_RSIABVAVE
1790075717,"{'stkname': 'Hitech Corp', 'ltp': '', 'perChg': '', 'stkId': 'HTP', 'displayLock': 'N', 'scanproflg': 1, 'scUrl': 'plastics/hitechcorporation/HP08', 'columns': [{'name': 'RSI Indicator value', 'value': '50.90'}, {'name': 'change %', 'value': '1.78'}, {'name': 'LTP', 'value': '331.00'}]}",OHLC_D_I_RSIABVAVE,RSI Bullish Crossover (Daily),"RSI (14,9) indicator went above its average line in the current session.",15,Indicator Scans,"RSI (14,9) indicator went above its average line in the current session. It’s a bullish condition.",,,False,1,N,,OHLC_D_I_RSIABVAVE
1790075717,"{'stkname': 'Orissa Minerals', 'ltp': '', 'perChg': '', 'stkId': 'OMD', 'displayLock': 'N', 'scanproflg': 1, 'scUrl': 'miningminerals/orissamineralsdevelopmentcompany/OMD', 'columns': [{'name': 'RSI Indicator value', 'value': '34.95'}, {'name': 'change %', 'value': '1.72'}, {'name': 'LTP', 'value': '3,886.50'}]}",OHLC_D_I_RSIABVAVE,RSI Bullish Crossover (Daily),"RSI (14,9) indicator went above its average line in the current session.",15,Indicator Scans,"RSI (14,9) indicator went above its average line in the current session. It’s a bullish condition.",,,False,1,N,,OHLC_D_I_RSIABVAVE
1790075717,"{'stkname': 'Zee Entertain', 'ltp': '', 'perChg': '', 'stkId': 'ZT', 'displayLock': 'N', 'scanproflg': 1, 'scUrl': 'mediaentertainment/zeeentertainmententerprises/ZEE', 'columns': [{'name': 'RSI Indicator value', 'value': '29.46'}, {'name': 'change %', 'value': '0.80'}, {'name': 'LTP', 'value': '78.30'}]}",OHLC_D_I_RSIABVAVE,RSI Bullish Crossover (Daily),"RSI (14,9) indicator went above its average line in the current session.",15,Indicator Scans,"RSI (14,9) indicator went above its average line in the current session. It’s a bullish condition.",,,False,1,N,,OHLC_D_I_RSIABVAVE
1790075717,"{'stkname': 'KIOCL', 'ltp': '', 'perChg': '', 'stkId': 'KIO', 'displayLock': 'N', 'scanproflg': 1, 'scUrl': 'steel-sponge-iron/kiocl/KIO', 'columns': [{'name': 'RSI Indicator value', 'value': '34.49'}, {'name': 'change %', 'value': '0.29'}, {'name': 'LTP', 'value': '342.00'}]}",OHLC_D_I_RSIABVAVE,RSI Bullish Crossover (Daily),"RSI (14,9) indicator went above its average line in the current session.",15,Indicator Scans,"RSI (14,9) indicator went above its average line in the current session. It’s a bullish condition.",,,False,1,N,,OHLC_D_I_RSIABVAVE
1790075717,"{'stkname': 'NMDC Steel', 'ltp': '', 'perChg': '', 'stkId': 'NS16', 'displayLock': 'N', 'scanproflg': 1, 'scUrl': 'ironsteel/nmdcsteel/NS15', 'columns': [{'name': 'RSI Indicator value', 'value': '46.09'}, {'name': 'change %', 'value': '0.26'}, {'name': 'LTP', 'value': '42.55'}]}",OHLC_D_I_RSIABVAVE,RSI Bullish Crossover (Daily),"RSI (14,9) indicator went above its average line in the current session.",15,Indicator Scans,"RSI (14,9) indicator went above its average line in the current session. It’s a bullish condition.",,,False,1,N,,OHLC_D_I_RSIABVAVE
1790075717,"{'stkname': 'Sandur Manganes', 'ltp': '', 'perChg': '', 'stkId': 'SMI', 'displayLock': 'N', 'scanproflg': 1, 'scUrl': 'miningminerals/sandurmanganeseironores/SMI', 'columns': [{'name': 'RSI Indicator value', 'value': '36.22'}, {'name': 'change %', 'value': '0.57'}, {'name': 'LTP', 'value': '184.20'}]}",OHLC_D_I_RSIABVAVE,RSI Bullish Crossover (Daily),"RSI (14,9) indicator went above its average line in the current session.",15,Indicator Scans,"RSI (14,9) indicator went above its average line in the current session. It’s a bullish condition.",,,False,1,N,,OHLC_D_I_RSIABVAVE
1790075717,"{'stkname': 'Greenply Ind', 'ltp': '', 'perChg': '', 'stkId': 'GI19', 'displayLock': 'N', 'scanproflg': 1, 'scUrl': 'miscellaneous/greenplyindustries/GI19', 'columns': [{'name': 'RSI Indicator value', 'value': '53.44'}, {'name': 'change %', 'value': '2.02'}, {'name': 'LTP', 'value': '295.75'}]}",OHLC_D_I_RSIABVAVE,RSI Bullish Crossover (Daily),"RSI (14,9) indicator went above its average line in the current session.",15,Indicator Scans,"RSI (14,9) indicator went above its average line in the current session. It’s a bullish condition.",,,False,1,N,,OHLC_D_I_RSIABVAVE
1790075717,"{'stkname': 'Jai Balaji Ind', 'ltp': '', 'perChg': '', 'stkId': 'JBS', 'displayLock': 'N', 'scanproflg': 1, 'scUrl': 'steel-sponge-iron/jaibalajiindustries/JBI', 'columns': [{'name': 'RSI Indicator value', 'value': '44.82'}, {'name': 'change %', 'value': '1.53'}, {'name': 'LTP', 'value': '64.53'}]}",OHLC_D_I_RSIABVAVE,RSI Bullish Crossover (Daily),"RSI (14,9) indicator went above its average line in the current session.",15,Indicator Scans,"RSI (14,9) indicator went above its average line in the current session. It’s a bullish condition.",,,False,1,N,,OHLC_D_I_RSIABVAVE
1790075717,"{'stkname': 'JITF Infralogis', 'ltp': '', 'perChg': '', 'stkId': 'JIT01', 'displayLock': 'N', 'scanproflg': 1, 'scUrl': 'miscellaneous/jitfinfralogistics/JIT01', 'columns': [{'name': 'RSI Indicator value', 'value': '35.10'}, {'name': 'change %', 'value': '0.27'}, {'name': 'LTP', 'value': '283.00'}]}",OHLC_D_I_RSIABVAVE,RSI Bullish Crossover (Daily),"RSI (14,9) indicator went above its average line in the current session.",15,Indicator Scans,"RSI (14,9) indicator went above its average line in the current session. It’s a bullish condition.",,,False,1,N,,OHLC_D_I_RSIABVAVE
1790075717,"{'stkname': 'MSP Steel', 'ltp': '', 'perChg': '', 'stkId': 'MSP', 'displayLock': 'N', 'scanproflg': 1, 'scUrl': 'steel-sponge-iron/mspsteelpower/MSP', 'columns': [{'name': 'RSI Indicator value', 'value': '43.63'}, {'name': 'change %', 'value': '0.75'}, {'name': 'LTP', 'value': '33.53'}]}",OHLC_D_I_RSIABVAVE,RSI Bullish Crossover (Daily),"RSI (14,9) indicator went above its average line in the current session.",15,Indicator Scans,"RSI (14,9) indicator went above its average line in the current session. It’s a bullish condition.",,,False,1,N,,OHLC_D_I_RSIABVAVE
1790075717,"{'stkname': 'Dev Information', 'ltp': '', 'perChg': '', 'stkId': 'DIT02', 'displayLock': 'N', 'scanproflg': 1, 'scUrl': 'computers-software/devinformationtechnology/DIT02', 'columns': [{'name': 'RSI Indicator value', 'value': '34.74'}, {'name': 'change %', 'value': '1.25'}, {'name': 'LTP', 'value': '23.44'}]}",OHLC_D_I_RSIABVAVE,RSI Bullish Crossover (Daily),"RSI (14,9) indicator went above its average line in the current session.",15,Indicator Scans,"RSI (14,9) indicator went above its average line in the current session. It’s a bullish condition.",,,False,1,N,,OHLC_D_I_RSIABVAVE
1790075717,"{'stkname': 'Dish TV', 'ltp': '', 'perChg': '', 'stkId': 'DTV', 'displayLock': 'N', 'scanproflg': 1, 'scUrl': 'mediaentertainment/dishtvindia/DTV', 'columns': [{'name': 'RSI Indicator value', 'value': '41.25'}, {'name': 'change %', 'value': '2.45'}, {'name': 'LTP', 'value': '2.51'}]}",OHLC_D_I_RSIABVAVE,RSI Bullish Crossover (Daily),"RSI (14,9) indicator went above its average line in the current session.",15,Indicator Scans,"RSI (14,9) indicator went above its average line in the current session. It’s a bullish condition.",,,False,1,N,,OHLC_D_I_RSIABVAVE
1790075717,"{'stkname': 'Pennar Inds', 'ltp': '', 'perChg': '', 'stkId': 'PS04', 'displayLock': 'N', 'scanproflg': 1, 'scUrl': 'steel-crhr-strips/pennarindustries/PI28', 'columns': [{'name': 'RSI Indicator value', 'value': '58.47'}, {'name': 'change %', 'value': '1.77'}, {'name': 'LTP', 'value': '174.10'}]}",OHLC_D_I_RSIABVAVE,RSI Bullish Crossover (Daily),"RSI (14,9) indicator went above its average line in the current session.",15,Indicator Scans,"RSI (14,9) indicator went above its average line in the current session. It’s a bullish condition.",,,False,1,N,,OHLC_D_I_RSIABVAVE
1790075717,"{'stkname': 'KPR Mill', 'ltp': '', 'perChg': '', 'stkId': 'M09', 'displayLock': 'N', 'scanproflg': 1, 'scUrl': 'textiles-readymade-apparels/kprmill/M15', 'columns': [{'name': 'RSI Indicator value', 'value': '48.55'}, {'name': 'change %', 'value': '0.06'}, {'name': 'LTP', 'value': '1,120.00'}]}",OHLC_D_I_RSIABVAVE,RSI Bullish Crossover (Daily),"RSI (14,9) indicator went above its average line in the current session.",15,Indicator Scans,"RSI (14,9) indicator went above its average line in the current session. It’s a bullish condition.",,,False,1,N,,OHLC_D_I_RSIABVAVE
1790075717,"{'stkname': 'Zee Media', 'ltp': '', 'perChg': '', 'stkId': 'ZN', 'displayLock': 'N', 'scanproflg': 1, 'scUrl': 'mediaentertainment/zeemediacorporation/ZN', 'columns': [{'name': 'RSI Indicator value', 'value': '42.48'}, {'name': 'change %', 'value': '3.83'}, {'name': 'LTP', 'value': '7.59'}]}",OHLC_D_I_RSIABVAVE,RSI Bullish Crossover (Daily),"RSI (14,9) indicator went above its average line in the current session.",15,Indicator Scans,"RSI (14,9) indicator went above its average line in the current session. It’s a bullish condition.",,,False,1,N,,OHLC_D_I_RSIABVAVE
1790075717,"{'stkname': 'GP Petroleums', 'ltp': '', 'perChg': '', 'stkId': 'SP36', 'displayLock': 'N', 'scanproflg': 1, 'scUrl': 'lubricants/gppetroleums/SP36', 'columns': [{'name': 'RSI Indicator value', 'value': '54.83'}, {'name': 'change %', 'value': '3.80'}, {'name': 'LTP', 'value': '64.00'}]}",OHLC_D_I_RSIABVAVE,RSI Bullish Crossover (Daily),"RSI (14,9) indicator went above its average line in the current session.",15,Indicator Scans,"RSI (14,9) indicator went above its average line in the current session. It’s a bullish condition.",,,False,1,N,,OHLC_D_I_RSIABVAVE
1790075717,"{'stkname': 'Hinduja Global', 'ltp': '', 'perChg': '', 'stkId': 'HTM01', 'displayLock': 'N', 'scanproflg': 1, 'scUrl': 'computers-software/hindujaglobalsolutions/HGS01', 'columns': [{'name': 'RSI Indicator value', 'value': '32.53'}, {'name': 'change %', 'value': '0.56'}, {'name': 'LTP', 'value': '379.90'}]}",OHLC_D_I_RSIABVAVE,RSI Bullish Crossover (Daily),"RSI (14,9) indicator went above its average line in the current session.",15,Indicator Scans,"RSI (14,9) indicator went above its average line in the current session. It’s a bullish condition.",,,False,1,N,,OHLC_D_I_RSIABVAVE
1790075717,"{'stkname': 'Trejhara', 'ltp': '', 'perChg': '', 'stkId': 'TREJH7605', 'displayLock': 'N', 'scanproflg': 1, 'scUrl': 'miscellaneous/trejharasolutionslimited/TREJH7605', 'columns': [{'name': 'RSI Indicator value', 'value': '40.34'}, {'name': 'change %', 'value': '3.74'}, {'name': 'LTP', 'value': '137.20'}]}",OHLC_D_I_RSIABVAVE,RSI Bullish Crossover (Daily),"RSI (14,9) indicator went above its average line in the current session.",15,Indicator Scans,"RSI (14,9) indicator went above its average line in the current session. It’s a bullish condition.",,,False,1,N,,OHLC_D_I_RSIABVAVE
1790075717,"{'stkname': 'Music Broadcast', 'ltp': '', 'perChg': '', 'stkId': 'MB04', 'displayLock': 'N', 'scanproflg': 1, 'scUrl': 'mediaentertainment/musicbroadcast/MB05', 'columns': [{'name': 'RSI Indicator value', 'value': '40.36'}, {'name': 'change %', 'value': '1.16'}, {'name': 'LTP', 'value': '6.09'}]}",OHLC_D_I_RSIABVAVE,RSI Bullish Crossover (Daily),"RSI (14,9) indicator went above its average line in the current session.",15,Indicator Scans,"RSI (14,9) indicator went above its average line in the current session. It’s a bullish condition.",,,False,1,N,,OHLC_D_I_RSIABVAVE
1790075717,"{'stkname': 'Smartlink Net', 'ltp': '', 'perChg': '', 'stkId': 'DLI', 'displayLock': 'N', 'scanproflg': 1, 'scUrl': 'computers-hardware/smartlinkholdings/SNS01', 'columns': [{'name': 'RSI Indicator value', 'value': '54.22'}, {'name': 'change %', 'value': '4.88'}, {'name': 'LTP', 'value': '224.00'}]}",OHLC_D_I_RSIABVAVE,RSI Bullish Crossover (Daily),"RSI (14,9) indicator went above its average line in the current session.",15,Indicator Scans,"RSI (14,9) indicator went above its average line in the current session. It’s a bullish condition.",,,False,1,N,,OHLC_D_I_RSIABVAVE
1790075717,"{'stkname': 'Stylam Ind', 'ltp': '', 'perChg': '', 'stkId': 'GL02', 'displayLock': 'N', 'scanproflg': 1, 'scUrl': 'miscellaneous/stylamindustries/GL02', 'columns': [{'name': 'RSI Indicator value', 'value': '45.53'}, {'name': 'change %', 'value': '2.89'}, {'name': 'LTP', 'value': '3,288.00'}]}",OHLC_D_I_RSIABVAVE,RSI Bullish Crossover (Daily),"RSI (14,9) indicator went above its average line in the current session.",15,Indicator Scans,"RSI (14,9) indicator went above its average line in the current session. It’s a bullish condition.",,,False,1,N,,OHLC_D_I_RSIABVAVE
1790075717,"{'stkname': 'C. E. Info Syst', 'ltp': '', 'perChg': '', 'stkId': 'CIS01', 'displayLock': 'N', 'scanproflg': 1, 'scUrl': 'software/ceinfosystemsmapmyindia/CIS02', 'columns': [{'name': 'RSI Indicator value', 'value': '42.21'}, {'name': 'change %', 'value': '2.60'}, {'name': 'LTP', 'value': '923.90'}]}",OHLC_D_I_RSIABVAVE,RSI Bullish Crossover (Daily),"RSI (14,9) indicator went above its average line in the current session.",15,Indicator Scans,"RSI (14,9) indicator went above its average line in the current session. It’s a bullish condition.",,,False,1,N,,OHLC_D_I_RSIABVAVE
1790075717,"{'stkname': 'Kaya', 'ltp': '', 'perChg': '', 'stkId': 'K03', 'displayLock': 'N', 'scanproflg': 1, 'scUrl': 'miscellaneous/kaya/K03', 'columns': [{'name': 'RSI Indicator value', 'value': '53.96'}, {'name': 'change %', 'value': '1.79'}, {'name': 'LTP', 'value': '338.85'}]}",OHLC_D_I_RSIABVAVE,RSI Bullish Crossover (Daily),"RSI (14,9) indicator went above its average line in the current session.",15,Indicator Scans,"RSI (14,9) indicator went above its average line in the current session. It’s a bullish condition.",,,False,1,N,,OHLC_D_I_RSIABVAVE
1790075717,"{'stkname': 'Nazara', 'ltp': '', 'perChg': '', 'stkId': 'NT03', 'displayLock': 'N', 'scanproflg': 1, 'scUrl': 'software/nazaratechnologies/NT', 'columns': [{'name': 'RSI Indicator value', 'value': '58.60'}, {'name': 'change %', 'value': '0.95'}, {'name': 'LTP', 'value': '370.75'}]}",OHLC_D_I_RSIABVAVE,RSI Bullish Crossover (Daily),"RSI (14,9) indicator went above its average line in the current session.",15,Indicator Scans,"RSI (14,9) indicator went above its average line in the current session. It’s a bullish condition.",,,False,1,N,,OHLC_D_I_RSIABVAVE
1790075717,"{'stkname': 'Sasken Tech', 'ltp': '', 'perChg': '', 'stkId': 'SCT01', 'displayLock': 'N', 'scanproflg': 1, 'scUrl': 'computers-software/saskentechnologies/SCT01', 'columns': [{'name': 'RSI Indicator value', 'value': '42.41'}, {'name': 'change %', 'value': '2.63'}, {'name': 'LTP', 'value': '1,755.00'}]}",OHLC_D_I_RSIABVAVE,RSI Bullish Crossover (Daily),"RSI (14,9) indicator went above its average line in the current session.",15,Indicator Scans,"RSI (14,9) indicator went above its average line in the current session. It’s a bullish condition.",,,False,1,N,,OHLC_D_I_RSIABVAVE
1790075717,"{'stkname': 'Spacenet Ent', 'ltp': '', 'perChg': '', 'stkId': 'NCT', 'displayLock': 'N', 'scanproflg': 1, 'scUrl': 'it-servicesconsulting/spacenetenterprisesindia/NCT', 'columns': [{'name': 'RSI Indicator value', 'value': '47.02'}, {'name': 'change %', 'value': '4.10'}, {'name': 'LTP', 'value': '3.30'}]}",OHLC_D_I_RSIABVAVE,RSI Bullish Crossover (Daily),"RSI (14,9) indicator went above its average line in the current session.",15,Indicator Scans,"RSI (14,9) indicator went above its average line in the current session. It’s a bullish condition.",,,False,1,N,,OHLC_D_I_RSIABVAVE
1790075717,"{'stkname': 'AION-TECH', 'ltp': '', 'perChg': '', 'stkId': 'GE02', 'displayLock': 'N', 'scanproflg': 1, 'scUrl': 'computers-software-mediumsmall/aion-techsolutions/GT04', 'columns': [{'name': 'RSI Indicator value', 'value': '30.20'}, {'name': 'change %', 'value': '0.91'}, {'name': 'LTP', 'value': '42.22'}]}",OHLC_D_I_RSIABVAVE,RSI Bullish Crossover (Daily),"RSI (14,9) indicator went above its average line in the current session.",15,Indicator Scans,"RSI (14,9) indicator went above its average line in the current session. It’s a bullish condition.",,,False,1,N,,OHLC_D_I_RSIABVAVE
1790075717,"{'stkname': 'Aurum Proptech', 'ltp': '', 'perChg': '', 'stkId': 'M12', 'displayLock': 'N', 'scanproflg': 1, 'scUrl': 'computers-software-mediumsmall/aurumproptech/M19', 'columns': [{'name': 'RSI Indicator value', 'value': '47.33'}, {'name': 'change %', 'value': '1.42'}, {'name': 'LTP', 'value': '222.00'}]}",OHLC_D_I_RSIABVAVE,RSI Bullish Crossover (Daily),"RSI (14,9) indicator went above its average line in the current session.",15,Indicator Scans,"RSI (14,9) indicator went above its average line in the current session. It’s a bullish condition.",,,False,1,N,,OHLC_D_I_RSIABVAVE
1790075717,"{'stkname': 'Hilton Metal', 'ltp': '', 'perChg': '', 'stkId': 'HMF', 'displayLock': 'N', 'scanproflg': 1, 'scUrl': 'castingsforgings/hiltonmetalforging/HMF', 'columns': [{'name': 'RSI Indicator value', 'value': '23.04'}, {'name': 'change %', 'value': '1.03'}, {'name': 'LTP', 'value': '16.61'}]}",OHLC_D_I_RSIABVAVE,RSI Bullish Crossover (Daily),"RSI (14,9) indicator went above its average line in the current session.",15,Indicator Scans,"RSI (14,9) indicator went above its average line in the current session. It’s a bullish condition.",,,False,1,N,,OHLC_D_I_RSIABVAVE
1790075717,"{'stkname': 'Alldigi Tech', 'ltp': '', 'perChg': '', 'stkId': 'ALL01', 'displayLock': 'N', 'scanproflg': 1, 'scUrl': 'bpoites/alldigitech/ALL01', 'columns': [{'name': 'RSI Indicator value', 'value': '42.79'}, {'name': 'change %', 'value': '0.27'}, {'name': 'LTP', 'value': '790.00'}]}",OHLC_D_I_RSIABVAVE,RSI Bullish Crossover (Daily),"RSI (14,9) indicator went above its average line in the current session.",15,Indicator Scans,"RSI (14,9) indicator went above its average line in the current session. It’s a bullish condition.",,,False,1,N,,OHLC_D_I_RSIABVAVE
1790075717,"{'stkname': 'Ramco System', 'ltp': '', 'perChg': '', 'stkId': 'RS17', 'displayLock': 'N', 'scanproflg': 1, 'scUrl': 'computers-software/ramcosystem/RS17', 'columns': [{'name': 'RSI Indicator value', 'value': '50.43'}, {'name': 'change %', 'value': '5.00'}, {'name': 'LTP', 'value': '592.40'}]}",OHLC_D_I_RSIABVAVE,RSI Bullish Crossover (Daily),"RSI (14,9) indicator went above its average line in the current session.",15,Indicator Scans,"RSI (14,9) indicator went above its average line in the current session. It’s a bullish condition.",,,False,1,N,,OHLC_D_I_RSIABVAVE
1790075717,"{'stkname': 'Gokul Refoils', 'ltp': '', 'perChg': '', 'stkId': 'GRS', 'displayLock': 'N', 'scanproflg': 1, 'scUrl': 'edible-oilssolvent-extraction/gokulrefoilssolvent/GRS', 'columns': [{'name': 'RSI Indicator value', 'value': '47.13'}, {'name': 'change %', 'value': '2.63'}, {'name': 'LTP', 'value': '40.60'}]}",OHLC_D_I_RSIABVAVE,RSI Bullish Crossover (Daily),"RSI (14,9) indicator went above its average line in the current session.",15,Indicator Scans,"RSI (14,9) indicator went above its average line in the current session. It’s a bullish condition.",,,False,1,N,,OHLC_D_I_RSIABVAVE
1790075717,"{'stkname': 'Chalet Hotels', 'ltp': '', 'perChg': '', 'stkId': 'CH03', 'displayLock': 'N', 'scanproflg': 1, 'scUrl': 'hotels/chalethotels/CH03', 'columns': [{'name': 'RSI Indicator value', 'value': '52.56'}, {'name': 'change %', 'value': '1.74'}, {'name': 'LTP', 'value': '875.00'}]}",OHLC_D_I_RSIABVAVE,RSI Bullish Crossover (Daily),"RSI (14,9) indicator went above its average line in the current session.",15,Indicator Scans,"RSI (14,9) indicator went above its average line in the current session. It’s a bullish condition.",,,False,1,N,,OHLC_D_I_RSIABVAVE
1790075717,"{'stkname': 'Monarch Net', 'ltp': '', 'perChg': '', 'stkId': 'NF03', 'displayLock': 'N', 'scanproflg': 1, 'scUrl': 'finance-investments/monarchnetworthcapital/NSB', 'columns': [{'name': 'RSI Indicator value', 'value': '42.88'}, {'name': 'change %', 'value': '1.19'}, {'name': 'LTP', 'value': '366.00'}]}",OHLC_D_I_RSIABVAVE,RSI Bullish Crossover (Daily),"RSI (14,9) indicator went above its average line in the current session.",15,Indicator Scans,"RSI (14,9) indicator went above its average line in the current session. It’s a bullish condition.",,,False,1,N,,OHLC_D_I_RSIABVAVE
1790075717,"{'stkname': 'Vakrangee', 'ltp': '', 'perChg': '', 'stkId': 'VI02', 'displayLock': 'N', 'scanproflg': 1, 'scUrl': 'computers-software-mediumsmall/vakrangee/VS', 'columns': [{'name': 'RSI Indicator value', 'value': '32.21'}, {'name': 'change %', 'value': '2.52'}, {'name': 'LTP', 'value': '5.29'}]}",OHLC_D_I_RSIABVAVE,RSI Bullish Crossover (Daily),"RSI (14,9) indicator went above its average line in the current session.",15,Indicator Scans,"RSI (14,9) indicator went above its average line in the current session. It’s a bullish condition.",,,False,1,N,,OHLC_D_I_RSIABVAVE
1790075717,"{'stkname': 'India Tourism D', 'ltp': '', 'perChg': '', 'stkId': 'ITD02', 'displayLock': 'N', 'scanproflg': 1, 'scUrl': 'hotels/indiatourismdevelopmentcorporation/ITD02', 'columns': [{'name': 'RSI Indicator value', 'value': '60.62'}, {'name': 'change %', 'value': '8.60'}, {'name': 'LTP', 'value': '708.00'}]}",OHLC_D_I_RSIABVAVE,RSI Bullish Crossover (Daily),"RSI (14,9) indicator went above its average line in the current session.",15,Indicator Scans,"RSI (14,9) indicator went above its average line in the current session. It’s a bullish condition.",,,False,1,N,,OHLC_D_I_RSIABVAVE
1790075717,"{'stkname': 'Indbank Merchan', 'ltp': '', 'perChg': '', 'stkId': 'IMB', 'displayLock': 'N', 'scanproflg': 1, 'scUrl': 'finance-general/indbankmerchantbankingservices/IMB', 'columns': [{'name': 'RSI Indicator value', 'value': '23.44'}, {'name': 'change %', 'value': '0.75'}, {'name': 'LTP', 'value': '25.66'}]}",OHLC_D_I_RSIABVAVE,RSI Bullish Crossover (Daily),"RSI (14,9) indicator went above its average line in the current session.",15,Indicator Scans,"RSI (14,9) indicator went above its average line in the current session. It’s a bullish condition.",,,False,1,N,,OHLC_D_I_RSIABVAVE
1790075717,"{'stkname': 'Nippon', 'ltp': '', 'perChg': '', 'stkId': 'RNL', 'displayLock': 'N', 'scanproflg': 1, 'scUrl': 'miscellaneous/nipponlifeindiaassetmanagement/RNL', 'columns': [{'name': 'RSI Indicator value', 'value': '47.35'}, {'name': 'change %', 'value': '1.07'}, {'name': 'LTP', 'value': '1,159.00'}]}",OHLC_D_I_RSIABVAVE,RSI Bullish Crossover (Daily),"RSI (14,9) indicator went above its average line in the current session.",15,Indicator Scans,"RSI (14,9) indicator went above its average line in the current session. It’s a bullish condition.",,,False,1,N,,OHLC_D_I_RSIABVAVE
1790075717,"{'stkname': 'BCL Industries', 'ltp': '', 'perChg': '', 'stkId': 'BC06', 'displayLock': 'N', 'scanproflg': 1, 'scUrl': 'breweriesdistilleries/bclindustries/BC06', 'columns': [{'name': 'RSI Indicator value', 'value': '35.94'}, {'name': 'change %', 'value': '0.60'}, {'name': 'LTP', 'value': '33.52'}]}",OHLC_D_I_RSIABVAVE,RSI Bullish Crossover (Daily),"RSI (14,9) indicator went above its average line in the current session.",15,Indicator Scans,"RSI (14,9) indicator went above its average line in the current session. It’s a bullish condition.",,,False,1,N,,OHLC_D_I_RSIABVAVE
1790075717,"{'stkname': 'Gulshan Poly', 'ltp': '', 'perChg': '', 'stkId': 'GP9', 'displayLock': 'N', 'scanproflg': 1, 'scUrl': 'chemicals/gulshanpolyols/GP9', 'columns': [{'name': 'RSI Indicator value', 'value': '37.05'}, {'name': 'change %', 'value': '2.17'}, {'name': 'LTP', 'value': '173.20'}]}",OHLC_D_I_RSIABVAVE,RSI Bullish Crossover (Daily),"RSI (14,9) indicator went above its average line in the current session.",15,Indicator Scans,"RSI (14,9) indicator went above its average line in the current session. It’s a bullish condition.",,,False,1,N,,OHLC_D_I_RSIABVAVE
1790075717,"{'stkname': 'Dolat Algotech', 'ltp': '', 'perChg': '', 'stkId': 'DI11', 'displayLock': 'N', 'scanproflg': 1, 'scUrl': 'finance-stock-broking/dolatalgotech/DI11', 'columns': [{'name': 'RSI Indicator value', 'value': '41.31'}, {'name': 'change %', 'value': '1.81'}, {'name': 'LTP', 'value': '68.00'}]}",OHLC_D_I_RSIABVAVE,RSI Bullish Crossover (Daily),"RSI (14,9) indicator went above its average line in the current session.",15,Indicator Scans,"RSI (14,9) indicator went above its average line in the current session. It’s a bullish condition.",,,False,1,N,,OHLC_D_I_RSIABVAVE
1790075717,"{'stkname': 'Summit Sec', 'ltp': '', 'perChg': '', 'stkId': 'KEC', 'displayLock': 'N', 'scanproflg': 1, 'scUrl': 'finance-investments/summitsecurities/SS56', 'columns': [{'name': 'RSI Indicator value', 'value': '44.84'}, {'name': 'change %', 'value': '1.15'}, {'name': 'LTP', 'value': '1,404.50'}]}",OHLC_D_I_RSIABVAVE,RSI Bullish Crossover (Daily),"RSI (14,9) indicator went above its average line in the current session.",15,Indicator Scans,"RSI (14,9) indicator went above its average line in the current session. It’s a bullish condition.",,,False,1,N,,OHLC_D_I_RSIABVAVE
1790075717,"{'stkname': 'GFL', 'ltp': '', 'perChg': '', 'stkId': 'GF07', 'displayLock': 'N', 'scanproflg': 1, 'scUrl': 'finance-others/gfl/GF07', 'columns': [{'name': 'RSI Indicator value', 'value': '54.58'}, {'name': 'change %', 'value': '0.00'}, {'name': 'LTP', 'value': '57.00'}]}",OHLC_D_I_RSIABVAVE,RSI Bullish Crossover (Daily),"RSI (14,9) indicator went above its average line in the current session.",15,Indicator Scans,"RSI (14,9) indicator went above its average line in the current session. It’s a bullish condition.",,,False,1,N,,OHLC_D_I_RSIABVAVE
1790075717,"{'stkname': 'Capri Global', 'ltp': '', 'perChg': '', 'stkId': 'DSL01', 'displayLock': 'N', 'scanproflg': 1, 'scUrl': 'finance-general/capriglobalcapital/MMF05', 'columns': [{'name': 'RSI Indicator value', 'value': '58.94'}, {'name': 'change %', 'value': '0.06'}, {'name': 'LTP', 'value': '269.00'}]}",OHLC_D_I_RSIABVAVE,RSI Bullish Crossover (Daily),"RSI (14,9) indicator went above its average line in the current session.",15,Indicator Scans,"RSI (14,9) indicator went above its average line in the current session. It’s a bullish condition.",,,False,1,N,,OHLC_D_I_RSIABVAVE
1790075717,"{'stkname': 'Wealth First Po', 'ltp': '', 'perChg': '', 'stkId': 'WFP', 'displayLock': 'N', 'scanproflg': 1, 'scUrl': 'finance-investments/wealthfirstportfoliomanagers/WFP', 'columns': [{'name': 'RSI Indicator value', 'value': '42.47'}, {'name': 'change %', 'value': '1.87'}, {'name': 'LTP', 'value': '837.90'}]}",OHLC_D_I_RSIABVAVE,RSI Bullish Crossover (Daily),"RSI (14,9) indicator went above its average line in the current session.",15,Indicator Scans,"RSI (14,9) indicator went above its average line in the current session. It’s a bullish condition.",,,False,1,N,,OHLC_D_I_RSIABVAVE
1790075717,"{'stkname': 'Alankit', 'ltp': '', 'perChg': '', 'stkId': 'EGJ', 'displayLock': 'N', 'scanproflg': 1, 'scUrl': 'miscellaneous/alankit/EGJ', 'columns': [{'name': 'RSI Indicator value', 'value': '51.44'}, {'name': 'change %', 'value': '4.31'}, {'name': 'LTP', 'value': '7.99'}]}",OHLC_D_I_RSIABVAVE,RSI Bullish Crossover (Daily),"RSI (14,9) indicator went above its average line in the current session.",15,Indicator Scans,"RSI (14,9) indicator went above its average line in the current session. It’s a bullish condition.",,,False,1,N,,OHLC_D_I_RSIABVAVE
1790075717,"{'stkname': 'Insecticides', 'ltp': '', 'perChg': '', 'stkId': 'II16', 'displayLock': 'N', 'scanproflg': 1, 'scUrl': 'pesticidesagro-chemicals/insecticidesindia/II16', 'columns': [{'name': 'RSI Indicator value', 'value': '52.72'}, {'name': 'change %', 'value': '2.98'}, {'name': 'LTP', 'value': '616.80'}]}",OHLC_D_I_RSIABVAVE,RSI Bullish Crossover (Daily),"RSI (14,9) indicator went above its average line in the current session.",15,Indicator Scans,"RSI (14,9) indicator went above its average line in the current session. It’s a bullish condition.",,,False,1,N,,OHLC_D_I_RSIABVAVE
1790075717,"{'stkname': 'Simplex Infra', 'ltp': '', 'perChg': '', 'stkId': 'SCP', 'displayLock': 'N', 'scanproflg': 1, 'scUrl': 'constructioncontracting-civil/simplexinfrastructures/SI82', 'columns': [{'name': 'RSI Indicator value', 'value': '50.12'}, {'name': 'change %', 'value': '1.72'}, {'name': 'LTP', 'value': '255.00'}]}",OHLC_D_I_RSIABVAVE,RSI Bullish Crossover (Daily),"RSI (14,9) indicator went above its average line in the current session.",15,Indicator Scans,"RSI (14,9) indicator went above its average line in the current session. It’s a bullish condition.",,,False,1,N,,OHLC_D_I_RSIABVAVE
1790075717,"{'stkname': 'RKEC Projects', 'ltp': '', 'perChg': '', 'stkId': 'RP22', 'displayLock': 'N', 'scanproflg': 1, 'scUrl': 'construction-infrastructure/rkecprojects/RP26', 'columns': [{'name': 'RSI Indicator value', 'value': '27.15'}, {'name': 'change %', 'value': '0.71'}, {'name': 'LTP', 'value': '18.49'}]}",OHLC_D_I_RSIABVAVE,RSI Bullish Crossover (Daily),"RSI (14,9) indicator went above its average line in the current session.",15,Indicator Scans,"RSI (14,9) indicator went above its average line in the current session. It’s a bullish condition.",,,False,1,N,,OHLC_D_I_RSIABVAVE
1790075717,"{'stkname': 'SEPC', 'ltp': '', 'perChg': '', 'stkId': 'SE21', 'displayLock': 'N', 'scanproflg': 1, 'scUrl': 'construction-infrastructure/sepc/SE21', 'columns': [{'name': 'RSI Indicator value', 'value': '37.01'}, {'name': 'change %', 'value': '1.96'}, {'name': 'LTP', 'value': '5.19'}]}",OHLC_D_I_RSIABVAVE,RSI Bullish Crossover (Daily),"RSI (14,9) indicator went above its average line in the current session.",15,Indicator Scans,"RSI (14,9) indicator went above its average line in the current session. It’s a bullish condition.",,,False,1,N,,OHLC_D_I_RSIABVAVE
1790075717,"{'stkname': 'Madhya Bharat A', 'ltp': '', 'perChg': '', 'stkId': 'MBA', 'displayLock': 'N', 'scanproflg': 1, 'scUrl': 'fertilizers/madhyabharatagroproducts/MBA', 'columns': [{'name': 'RSI Indicator value', 'value': '57.03'}, {'name': 'change %', 'value': '3.18'}, {'name': 'LTP', 'value': '165.88'}]}",OHLC_D_I_RSIABVAVE,RSI Bullish Crossover (Daily),"RSI (14,9) indicator went above its average line in the current session.",15,Indicator Scans,"RSI (14,9) indicator went above its average line in the current session. It’s a bullish condition.",,,False,1,N,,OHLC_D_I_RSIABVAVE
1790075717,"{'stkname': '5paisa Capita', 'ltp': '', 'perChg': '', 'stkId': 'C96', 'displayLock': 'N', 'scanproflg': 1, 'scUrl': 'miscellaneous/5paisacapital/C98', 'columns': [{'name': 'RSI Indicator value', 'value': '31.53'}, {'name': 'change %', 'value': '0.06'}, {'name': 'LTP', 'value': '314.30'}]}",OHLC_D_I_RSIABVAVE,RSI Bullish Crossover (Daily),"RSI (14,9) indicator went above its average line in the current session.",15,Indicator Scans,"RSI (14,9) indicator went above its average line in the current session. It’s a bullish condition.",,,False,1,N,,OHLC_D_I_RSIABVAVE
1790075717,"{'stkname': 'SRG Housing Fin', 'ltp': '', 'perChg': '', 'stkId': 'SHF02', 'displayLock': 'N', 'scanproflg': 1, 'scUrl': 'finance-housing/srghousingfinance/SHF02', 'columns': [{'name': 'RSI Indicator value', 'value': '23.29'}, {'name': 'change %', 'value': '9.43'}, {'name': 'LTP', 'value': '145.00'}]}",OHLC_D_I_RSIABVAVE,RSI Bullish Crossover (Daily),"RSI (14,9) indicator went above its average line in the current session.",15,Indicator Scans,"RSI (14,9) indicator went above its average line in the current session. It’s a bullish condition.",,,False,1,N,,OHLC_D_I_RSIABVAVE
1790075717,"{'stkname': 'Sterling Wilson', 'ltp': '', 'perChg': '', 'stkId': 'SWS', 'displayLock': 'N', 'scanproflg': 1, 'scUrl': 'power-generationdistribution/sterlingwilsonrenewableenergy/SWS', 'columns': [{'name': 'RSI Indicator value', 'value': '35.62'}, {'name': 'change %', 'value': '2.47'}, {'name': 'LTP', 'value': '177.55'}]}",OHLC_D_I_RSIABVAVE,RSI Bullish Crossover (Daily),"RSI (14,9) indicator went above its average line in the current session.",15,Indicator Scans,"RSI (14,9) indicator went above its average line in the current session. It’s a bullish condition.",,,False,1,N,,OHLC_D_I_RSIABVAVE
1790075717,"{'stkname': 'Ugro Capital', 'ltp': '', 'perChg': '', 'stkId': 'CS08', 'displayLock': 'N', 'scanproflg': 1, 'scUrl': 'finance-general/ugrocapital/CS08', 'columns': [{'name': 'RSI Indicator value', 'value': '30.95'}, {'name': 'change %', 'value': '0.38'}, {'name': 'LTP', 'value': '82.60'}]}",OHLC_D_I_RSIABVAVE,RSI Bullish Crossover (Daily),"RSI (14,9) indicator went above its average line in the current session.",15,Indicator Scans,"RSI (14,9) indicator went above its average line in the current session. It’s a bullish condition.",,,False,1,N,,OHLC_D_I_RSIABVAVE
1790075717,"{'stkname': 'Likhitha', 'ltp': '', 'perChg': '', 'stkId': 'LIL03', 'displayLock': 'N', 'scanproflg': 1, 'scUrl': 'infrastructure/likhithainfrastructure/LIL03', 'columns': [{'name': 'RSI Indicator value', 'value': '60.53'}, {'name': 'change %', 'value': '5.19'}, {'name': 'LTP', 'value': '229.95'}]}",OHLC_D_I_RSIABVAVE,RSI Bullish Crossover (Daily),"RSI (14,9) indicator went above its average line in the current session.",15,Indicator Scans,"RSI (14,9) indicator went above its average line in the current session. It’s a bullish condition.",,,False,1,N,,OHLC_D_I_RSIABVAVE
1790075717,"{'stkname': 'SUMITOMO', 'ltp': '', 'perChg': '', 'stkId': 'SUMIC54292', 'displayLock': 'N', 'scanproflg': 1, 'scUrl': 'pesticidesagrochemicals/sumitomochemicalindialimite/SUMIC54292', 'columns': [{'name': 'RSI Indicator value', 'value': '31.90'}, {'name': 'change %', 'value': '1.09'}, {'name': 'LTP', 'value': '459.50'}]}",OHLC_D_I_RSIABVAVE,RSI Bullish Crossover (Daily),"RSI (14,9) indicator went above its average line in the current session.",15,Indicator Scans,"RSI (14,9) indicator went above its average line in the current session. It’s a bullish condition.",,,False,1,N,,OHLC_D_I_RSIABVAVE
1790075717,"{'stkname': 'GSFC', 'ltp': '', 'perChg': '', 'stkId': 'GSF', 'displayLock': 'N', 'scanproflg': 1, 'scUrl': 'fertilisers/gujaratstatefertilizerschemicals/GSF', 'columns': [{'name': 'RSI Indicator value', 'value': '38.50'}, {'name': 'change %', 'value': '1.01'}, {'name': 'LTP', 'value': '152.28'}]}",OHLC_D_I_RSIABVAVE,RSI Bullish Crossover (Daily),"RSI (14,9) indicator went above its average line in the current session.",15,Indicator Scans,"RSI (14,9) indicator went above its average line in the current session. It’s a bullish condition.",,,False,1,N,,OHLC_D_I_RSIABVAVE
1790075717,"{'stkname': 'APTUS VALUE', 'ltp': '', 'perChg': '', 'stkId': 'AVH', 'displayLock': 'N', 'scanproflg': 1, 'scUrl': 'finance-housing/aptusvaluehousingfinanceindia/AVH', 'columns': [{'name': 'RSI Indicator value', 'value': '37.23'}, {'name': 'change %', 'value': '1.99'}, {'name': 'LTP', 'value': '242.00'}]}",OHLC_D_I_RSIABVAVE,RSI Bullish Crossover (Daily),"RSI (14,9) indicator went above its average line in the current session.",15,Indicator Scans,"RSI (14,9) indicator went above its average line in the current session. It’s a bullish condition.",,,False,1,N,,OHLC_D_I_RSIABVAVE
1790075717,"{'stkname': 'Arman Financial', 'ltp': '', 'perChg': '', 'stkId': 'ALF', 'displayLock': 'N', 'scanproflg': 1, 'scUrl': 'finance-leasinghire-purchase/armanfinancialservices/AFS04', 'columns': [{'name': 'RSI Indicator value', 'value': '50.59'}, {'name': 'change %', 'value': '0.46'}, {'name': 'LTP', 'value': '1,975.10'}]}",OHLC_D_I_RSIABVAVE,RSI Bullish Crossover (Daily),"RSI (14,9) indicator went above its average line in the current session.",15,Indicator Scans,"RSI (14,9) indicator went above its average line in the current session. It’s a bullish condition.",,,False,1,N,,OHLC_D_I_RSIABVAVE
1790075717,"{'stkname': 'Bharat Rasayan', 'ltp': '', 'perChg': '', 'stkId': 'BR01', 'displayLock': 'N', 'scanproflg': 1, 'scUrl': 'pesticidesagro-chemicals/bharatrasayan/BR01', 'columns': [{'name': 'RSI Indicator value', 'value': '31.09'}, {'name': 'change %', 'value': '1.24'}, {'name': 'LTP', 'value': '1,122.80'}]}",OHLC_D_I_RSIABVAVE,RSI Bullish Crossover (Daily),"RSI (14,9) indicator went above its average line in the current session.",15,Indicator Scans,"RSI (14,9) indicator went above its average line in the current session. It’s a bullish condition.",,,False,1,N,,OHLC_D_I_RSIABVAVE
1790075717,"{'stkname': 'Windsor', 'ltp': '', 'perChg': '', 'stkId': 'DGP', 'displayLock': 'N', 'scanproflg': 1, 'scUrl': 'engineering-heavy/windsormachines/WM01', 'columns': [{'name': 'RSI Indicator value', 'value': '47.81'}, {'name': 'change %', 'value': '1.40'}, {'name': 'LTP', 'value': '300.00'}]}",OHLC_D_I_RSIABVAVE,RSI Bullish Crossover (Daily),"RSI (14,9) indicator went above its average line in the current session.",15,Indicator Scans,"RSI (14,9) indicator went above its average line in the current session. It’s a bullish condition.",,,False,1,N,,OHLC_D_I_RSIABVAVE
1790075717,"{'stkname': 'Patel Eng', 'ltp': '', 'perChg': '', 'stkId': 'PEC', 'displayLock': 'N', 'scanproflg': 1, 'scUrl': 'constructioncontracting-civil/patelengineeringcompany/PEC', 'columns': [{'name': 'RSI Indicator value', 'value': '46.30'}, {'name': 'change %', 'value': '4.19'}, {'name': 'LTP', 'value': '26.83'}]}",OHLC_D_I_RSIABVAVE,RSI Bullish Crossover (Daily),"RSI (14,9) indicator went above its average line in the current session.",15,Indicator Scans,"RSI (14,9) indicator went above its average line in the current session. It’s a bullish condition.",,,False,1,N,,OHLC_D_I_RSIABVAVE
1790075717,"{'stkname': 'Bharat Road Net', 'ltp': '', 'perChg': '', 'stkId': 'BRN', 'displayLock': 'N', 'scanproflg': 1, 'scUrl': 'infrastructure-general/bharatroadnetwork/BRN', 'columns': [{'name': 'RSI Indicator value', 'value': '44.85'}, {'name': 'change %', 'value': '3.79'}, {'name': 'LTP', 'value': '16.71'}]}",OHLC_D_I_RSIABVAVE,RSI Bullish Crossover (Daily),"RSI (14,9) indicator went above its average line in the current session.",15,Indicator Scans,"RSI (14,9) indicator went above its average line in the current session. It’s a bullish condition.",,,False,1,N,,OHLC_D_I_RSIABVAVE
1790075717,"{'stkname': 'Skipper', 'ltp': '', 'perChg': '', 'stkId': 'S19', 'displayLock': 'N', 'scanproflg': 1, 'scUrl': 'engineering/skipper/S21', 'columns': [{'name': 'RSI Indicator value', 'value': '51.98'}, {'name': 'change %', 'value': '0.12'}, {'name': 'LTP', 'value': '561.00'}]}",OHLC_D_I_RSIABVAVE,RSI Bullish Crossover (Daily),"RSI (14,9) indicator went above its average line in the current session.",15,Indicator Scans,"RSI (14,9) indicator went above its average line in the current session. It’s a bullish condition.",,,False,1,N,,OHLC_D_I_RSIABVAVE
1790075717,"{'stkname': 'OM Infra', 'ltp': '', 'perChg': '', 'stkId': 'OMM', 'displayLock': 'N', 'scanproflg': 1, 'scUrl': 'engineering/ominfra/OMM02', 'columns': [{'name': 'RSI Indicator value', 'value': '36.27'}, {'name': 'change %', 'value': '0.09'}, {'name': 'LTP', 'value': '79.18'}]}",OHLC_D_I_RSIABVAVE,RSI Bullish Crossover (Daily),"RSI (14,9) indicator went above its average line in the current session.",15,Indicator Scans,"RSI (14,9) indicator went above its average line in the current session. It’s a bullish condition.",,,False,1,N,,OHLC_D_I_RSIABVAVE
1790075717,"{'stkname': 'Esab India', 'ltp': '', 'perChg': '', 'stkId': 'EI06', 'displayLock': 'N', 'scanproflg': 1, 'scUrl': 'electrodesgraphite/esabindia/EI06', 'columns': [{'name': 'RSI Indicator value', 'value': '36.87'}, {'name': 'change %', 'value': '1.60'}, {'name': 'LTP', 'value': '5,650.00'}]}",OHLC_D_I_RSIABVAVE,RSI Bullish Crossover (Daily),"RSI (14,9) indicator went above its average line in the current session.",15,Indicator Scans,"RSI (14,9) indicator went above its average line in the current session. It’s a bullish condition.",,,False,1,N,,OHLC_D_I_RSIABVAVE
1790075717,"{'stkname': 'TRF', 'ltp': '', 'perChg': '', 'stkId': 'TRF', 'displayLock': 'N', 'scanproflg': 1, 'scUrl': 'engineering-heavy/trf/TRF', 'columns': [{'name': 'RSI Indicator value', 'value': '39.75'}, {'name': 'change %', 'value': '0.20'}, {'name': 'LTP', 'value': '216.86'}]}",OHLC_D_I_RSIABVAVE,RSI Bullish Crossover (Daily),"RSI (14,9) indicator went above its average line in the current session.",15,Indicator Scans,"RSI (14,9) indicator went above its average line in the current session. It’s a bullish condition.",,,False,1,N,,OHLC_D_I_RSIABVAVE
1790075717,"{'stkname': 'WS Industries', 'ltp': '', 'perChg': '', 'stkId': 'WSI', 'displayLock': 'N', 'scanproflg': 1, 'scUrl': 'electric-equipment/wsindustries/WSI', 'columns': [{'name': 'RSI Indicator value', 'value': '47.17'}, {'name': 'change %', 'value': '2.49'}, {'name': 'LTP', 'value': '58.75'}]}",OHLC_D_I_RSIABVAVE,RSI Bullish Crossover (Daily),"RSI (14,9) indicator went above its average line in the current session.",15,Indicator Scans,"RSI (14,9) indicator went above its average line in the current session. It’s a bullish condition.",,,False,1,N,,OHLC_D_I_RSIABVAVE
1790075717,"{'stkname': 'Elin Electronic', 'ltp': '', 'perChg': '', 'stkId': 'EE06', 'displayLock': 'N', 'scanproflg': 1, 'scUrl': 'engineering-industrial-equipments/elinelectronics/EE07', 'columns': [{'name': 'RSI Indicator value', 'value': '41.61'}, {'name': 'change %', 'value': '1.76'}, {'name': 'LTP', 'value': '90.95'}]}",OHLC_D_I_RSIABVAVE,RSI Bullish Crossover (Daily),"RSI (14,9) indicator went above its average line in the current session.",15,Indicator Scans,"RSI (14,9) indicator went above its average line in the current session. It’s a bullish condition.",,,False,1,N,,OHLC_D_I_RSIABVAVE
1790075717,"{'stkname': 'Silgo Retail', 'ltp': '', 'perChg': '', 'stkId': 'SR06', 'displayLock': 'N', 'scanproflg': 1, 'scUrl': 'retailing/silgoretail/SR08', 'columns': [{'name': 'RSI Indicator value', 'value': '50.13'}, {'name': 'change %', 'value': '1.76'}, {'name': 'LTP', 'value': '71.25'}]}",OHLC_D_I_RSIABVAVE,RSI Bullish Crossover (Daily),"RSI (14,9) indicator went above its average line in the current session.",15,Indicator Scans,"RSI (14,9) indicator went above its average line in the current session. It’s a bullish condition.",,,False,1,N,,OHLC_D_I_RSIABVAVE
1790075717,"{'stkname': 'Praj Industries', 'ltp': '', 'perChg': '', 'stkId': 'PI17', 'displayLock': 'N', 'scanproflg': 1, 'scUrl': 'engineering-heavy/prajindustries/PI17', 'columns': [{'name': 'RSI Indicator value', 'value': '40.18'}, {'name': 'change %', 'value': '1.55'}, {'name': 'LTP', 'value': '317.00'}]}",OHLC_D_I_RSIABVAVE,RSI Bullish Crossover (Daily),"RSI (14,9) indicator went above its average line in the current session.",15,Indicator Scans,"RSI (14,9) indicator went above its average line in the current session. It’s a bullish condition.",,,False,1,N,,OHLC_D_I_RSIABVAVE
1790075717,"{'stkname': 'Deep Ind', 'ltp': '', 'perChg': '', 'stkId': 'DI22', 'displayLock': 'N', 'scanproflg': 1, 'scUrl': 'oil-explorationproduction/deepindustries/DI02', 'columns': [{'name': 'RSI Indicator value', 'value': '59.74'}, {'name': 'change %', 'value': '5.05'}, {'name': 'LTP', 'value': '763.00'}]}",OHLC_D_I_RSIABVAVE,RSI Bullish Crossover (Daily),"RSI (14,9) indicator went above its average line in the current session.",15,Indicator Scans,"RSI (14,9) indicator went above its average line in the current session. It’s a bullish condition.",,,False,1,N,,OHLC_D_I_RSIABVAVE
1790075717,"{'stkname': 'Jyoti Structure', 'ltp': '', 'perChg': '', 'stkId': 'JS03', 'displayLock': 'N', 'scanproflg': 1, 'scUrl': 'power-transmissionequipment/jyotistructures/JS03', 'columns': [{'name': 'RSI Indicator value', 'value': '33.61'}, {'name': 'change %', 'value': '1.10'}, {'name': 'LTP', 'value': '9.18'}]}",OHLC_D_I_RSIABVAVE,RSI Bullish Crossover (Daily),"RSI (14,9) indicator went above its average line in the current session.",15,Indicator Scans,"RSI (14,9) indicator went above its average line in the current session. It’s a bullish condition.",,,False,1,N,,OHLC_D_I_RSIABVAVE
1790075717,"{'stkname': 'Anup Eng', 'ltp': '', 'perChg': '', 'stkId': 'ANUP54246', 'displayLock': 'N', 'scanproflg': 1, 'scUrl': 'engineering-industrial-equipments/theanupengineering/ANUP54246', 'columns': [{'name': 'RSI Indicator value', 'value': '32.42'}, {'name': 'change %', 'value': '1.65'}, {'name': 'LTP', 'value': '1,659.00'}]}",OHLC_D_I_RSIABVAVE,RSI Bullish Crossover (Daily),"RSI (14,9) indicator went above its average line in the current session.",15,Indicator Scans,"RSI (14,9) indicator went above its average line in the current session. It’s a bullish condition.",,,False,1,N,,OHLC_D_I_RSIABVAVE
1790075717,"{'stkname': 'Kirl Electric', 'ltp': '', 'perChg': '', 'stkId': 'KEC02', 'displayLock': 'N', 'scanproflg': 1, 'scUrl': 'electric-equipment/kirloskarelectricco/KEC02', 'columns': [{'name': 'RSI Indicator value', 'value': '44.52'}, {'name': 'change %', 'value': '3.01'}, {'name': 'LTP', 'value': '122.00'}]}",OHLC_D_I_RSIABVAVE,RSI Bullish Crossover (Daily),"RSI (14,9) indicator went above its average line in the current session.",15,Indicator Scans,"RSI (14,9) indicator went above its average line in the current session. It’s a bullish condition.",,,False,1,N,,OHLC_D_I_RSIABVAVE
1790075717,"{'stkname': 'MIC Electronics', 'ltp': '', 'perChg': '', 'stkId': 'ME12', 'displayLock': 'N', 'scanproflg': 1, 'scUrl': 'telecommunications-equipment/micelectronics/ME12', 'columns': [{'name': 'RSI Indicator value', 'value': '36.52'}, {'name': 'change %', 'value': '1.98'}, {'name': 'LTP', 'value': '34.03'}]}",OHLC_D_I_RSIABVAVE,RSI Bullish Crossover (Daily),"RSI (14,9) indicator went above its average line in the current session.",15,Indicator Scans,"RSI (14,9) indicator went above its average line in the current session. It’s a bullish condition.",,,False,1,N,,OHLC_D_I_RSIABVAVE
1790075717,"{'stkname': 'Wipro', 'ltp': '', 'perChg': '', 'stkId': 'W', 'displayLock': 'N', 'scanproflg': 1, 'scUrl': 'computers-software/wipro/W', 'columns': [{'name': 'RSI Indicator value', 'value': '35.84'}, {'name': 'change %', 'value': '0.88'}, {'name': 'LTP', 'value': '166.00'}]}",OHLC_D_I_RSIABVAVE,RSI Bullish Crossover (Daily),"RSI (14,9) indicator went above its average line in the current session.",15,Indicator Scans,"RSI (14,9) indicator went above its average line in the current session. It’s a bullish condition.",,,False,1,N,,OHLC_D_I_RSIABVAVE
1790075717,"{'stkname': 'Apollo Micro Sy', 'ltp': '', 'perChg': '', 'stkId': 'AMS', 'displayLock': 'N', 'scanproflg': 1, 'scUrl': 'aerospacedefence/apollomicrosystems/AMS', 'columns': [{'name': 'RSI Indicator value', 'value': '56.16'}, {'name': 'change %', 'value': '6.01'}, {'name': 'LTP', 'value': '408.60'}]}",OHLC_D_I_RSIABVAVE,RSI Bullish Crossover (Daily),"RSI (14,9) indicator went above its average line in the current session.",15,Indicator Scans,"RSI (14,9) indicator went above its average line in the current session. It’s a bullish condition.",,,False,1,N,,OHLC_D_I_RSIABVAVE
1790075717,"{'stkname': 'MTAR Tech', 'ltp': '', 'perChg': '', 'stkId': 'MT14', 'displayLock': 'N', 'scanproflg': 1, 'scUrl': 'aerospacedefence/mtartechnologies/MT15', 'columns': [{'name': 'RSI Indicator value', 'value': '53.01'}, {'name': 'change %', 'value': '2.59'}, {'name': 'LTP', 'value': '7,197.50'}]}",OHLC_D_I_RSIABVAVE,RSI Bullish Crossover (Daily),"RSI (14,9) indicator went above its average line in the current session.",15,Indicator Scans,"RSI (14,9) indicator went above its average line in the current session. It’s a bullish condition.",,,False,1,N,,OHLC_D_I_RSIABVAVE
1790075717,"{'stkname': 'Bharat Bijlee', 'ltp': '', 'perChg': '', 'stkId': 'BB', 'displayLock': 'N', 'scanproflg': 1, 'scUrl': 'electric-equipment/bharatbijlee/BB', 'columns': [{'name': 'RSI Indicator value', 'value': '42.18'}, {'name': 'change %', 'value': '2.24'}, {'name': 'LTP', 'value': '2,236.00'}]}",OHLC_D_I_RSIABVAVE,RSI Bullish Crossover (Daily),"RSI (14,9) indicator went above its average line in the current session.",15,Indicator Scans,"RSI (14,9) indicator went above its average line in the current session. It’s a bullish condition.",,,False,1,N,,OHLC_D_I_RSIABVAVE
1790075717,"{'stkname': 'DCX Systems', 'ltp': '', 'perChg': '', 'stkId': 'DS11', 'displayLock': 'N', 'scanproflg': 1, 'scUrl': 'electronics-components/dcxsystems/DS11', 'columns': [{'name': 'RSI Indicator value', 'value': '39.34'}, {'name': 'change %', 'value': '1.10'}, {'name': 'LTP', 'value': '163.80'}]}",OHLC_D_I_RSIABVAVE,RSI Bullish Crossover (Daily),"RSI (14,9) indicator went above its average line in the current session.",15,Indicator Scans,"RSI (14,9) indicator went above its average line in the current session. It’s a bullish condition.",,,False,1,N,,OHLC_D_I_RSIABVAVE
1790075717,"{'stkname': 'Intl Conveyor', 'ltp': '', 'perChg': '', 'stkId': 'IC05', 'displayLock': 'N', 'scanproflg': 1, 'scUrl': 'miscellaneous/internationalconveyors/IC05', 'columns': [{'name': 'RSI Indicator value', 'value': '51.55'}, {'name': 'change %', 'value': '3.19'}, {'name': 'LTP', 'value': '77.75'}]}",OHLC_D_I_RSIABVAVE,RSI Bullish Crossover (Daily),"RSI (14,9) indicator went above its average line in the current session.",15,Indicator Scans,"RSI (14,9) indicator went above its average line in the current session. It’s a bullish condition.",,,False,1,N,,OHLC_D_I_RSIABVAVE
1790075717,"{'stkname': 'Macpower', 'ltp': '', 'perChg': '', 'stkId': 'MCM03', 'displayLock': 'N', 'scanproflg': 1, 'scUrl': 'machine-tools/macpowercncmachines/MCM03', 'columns': [{'name': 'RSI Indicator value', 'value': '64.27'}, {'name': 'change %', 'value': '8.63'}, {'name': 'LTP', 'value': '2,124.00'}]}",OHLC_D_I_RSIABVAVE,RSI Bullish Crossover (Daily),"RSI (14,9) indicator went above its average line in the current session.",15,Indicator Scans,"RSI (14,9) indicator went above its average line in the current session. It’s a bullish condition.",,,False,1,N,,OHLC_D_I_RSIABVAVE
1790075717,"{'stkname': 'Kirloskar Oil', 'ltp': '', 'perChg': '', 'stkId': 'KOE03', 'displayLock': 'N', 'scanproflg': 1, 'scUrl': 'engines/kirloskaroilengines/KOE03', 'columns': [{'name': 'RSI Indicator value', 'value': '50.15'}, {'name': 'change %', 'value': '0.74'}, {'name': 'LTP', 'value': '2,148.10'}]}",OHLC_D_I_RSIABVAVE,RSI Bullish Crossover (Daily),"RSI (14,9) indicator went above its average line in the current session.",15,Indicator Scans,"RSI (14,9) indicator went above its average line in the current session. It’s a bullish condition.",,,False,1,N,,OHLC_D_I_RSIABVAVE
1790075717,"{'stkname': 'BOSCH-HCIL', 'ltp': '', 'perChg': '', 'stkId': 'AA02', 'displayLock': 'N', 'scanproflg': 1, 'scUrl': 'consumer-goods-white-goods/boschhomecomfortindia/HHL', 'columns': [{'name': 'RSI Indicator value', 'value': '56.63'}, {'name': 'change %', 'value': '3.22'}, {'name': 'LTP', 'value': '1,739.90'}]}",OHLC_D_I_RSIABVAVE,RSI Bullish Crossover (Daily),"RSI (14,9) indicator went above its average line in the current session.",15,Indicator Scans,"RSI (14,9) indicator went above its average line in the current session. It’s a bullish condition.",,,False,1,N,,OHLC_D_I_RSIABVAVE
1790075717,"{'stkname': 'DCW', 'ltp': '', 'perChg': '', 'stkId': 'DCW', 'displayLock': 'N', 'scanproflg': 1, 'scUrl': 'petrochemicals/dcw/DCW', 'columns': [{'name': 'RSI Indicator value', 'value': '58.31'}, {'name': 'change %', 'value': '6.00'}, {'name': 'LTP', 'value': '48.20'}]}",OHLC_D_I_RSIABVAVE,RSI Bullish Crossover (Daily),"RSI (14,9) indicator went above its average line in the current session.",15,Indicator Scans,"RSI (14,9) indicator went above its average line in the current session. It’s a bullish condition.",,,False,1,N,,OHLC_D_I_RSIABVAVE
1790075717,"{'stkname': 'PC Jeweller', 'ltp': '', 'perChg': '', 'stkId': 'PJ', 'displayLock': 'N', 'scanproflg': 1, 'scUrl': 'diamond-cuttingjewelleryprecious-metals/pcjeweller/PJ', 'columns': [{'name': 'RSI Indicator value', 'value': '65.47'}, {'name': 'change %', 'value': '5.55'}, {'name': 'LTP', 'value': '13.50'}]}",OHLC_D_I_RSIABVAVE,RSI Bullish Crossover (Daily),"RSI (14,9) indicator went above its average line in the current session.",15,Indicator Scans,"RSI (14,9) indicator went above its average line in the current session. It’s a bullish condition.",,,False,1,N,,OHLC_D_I_RSIABVAVE
1790075717,"{'stkname': 'PSP Projects', 'ltp': '', 'perChg': '', 'stkId': 'PP33', 'displayLock': 'N', 'scanproflg': 1, 'scUrl': 'constructioncontracting-real-estate/pspprojects/PP26', 'columns': [{'name': 'RSI Indicator value', 'value': '34.61'}, {'name': 'change %', 'value': '1.01'}, {'name': 'LTP', 'value': '828.40'}]}",OHLC_D_I_RSIABVAVE,RSI Bullish Crossover (Daily),"RSI (14,9) indicator went above its average line in the current session.",15,Indicator Scans,"RSI (14,9) indicator went above its average line in the current session. It’s a bullish condition.",,,False,1,N,,OHLC_D_I_RSIABVAVE
1790075717,"{'stkname': 'Valor Estate', 'ltp': '', 'perChg': '', 'stkId': 'DR', 'displayLock': 'N', 'scanproflg': 1, 'scUrl': 'construction-residentialcommercial-complexes/valorestate/DR', 'columns': [{'name': 'RSI Indicator value', 'value': '36.00'}, {'name': 'change %', 'value': '1.99'}, {'name': 'LTP', 'value': '97.19'}]}",OHLC_D_I_RSIABVAVE,RSI Bullish Crossover (Daily),"RSI (14,9) indicator went above its average line in the current session.",15,Indicator Scans,"RSI (14,9) indicator went above its average line in the current session. It’s a bullish condition.",,,False,1,N,,OHLC_D_I_RSIABVAVE
1790075717,"{'stkname': 'Texmaco Infra', 'ltp': '', 'perChg': '', 'stkId': 'T02', 'displayLock': 'N', 'scanproflg': 1, 'scUrl': 'infrastructure-general/texmacoinfrastructureholdings/T02', 'columns': [{'name': 'RSI Indicator value', 'value': '53.57'}, {'name': 'change %', 'value': '0.89'}, {'name': 'LTP', 'value': '115.07'}]}",OHLC_D_I_RSIABVAVE,RSI Bullish Crossover (Daily),"RSI (14,9) indicator went above its average line in the current session.",15,Indicator Scans,"RSI (14,9) indicator went above its average line in the current session. It’s a bullish condition.",,,False,1,N,,OHLC_D_I_RSIABVAVE
1790075717,"{'stkname': 'Kolte-Patil', 'ltp': '', 'perChg': '', 'stkId': 'KD07', 'displayLock': 'N', 'scanproflg': 1, 'scUrl': 'constructioncontracting-real-estate/kolte-patildevelopers/KD07', 'columns': [{'name': 'RSI Indicator value', 'value': '49.62'}, {'name': 'change %', 'value': '2.46'}, {'name': 'LTP', 'value': '436.90'}]}",OHLC_D_I_RSIABVAVE,RSI Bullish Crossover (Daily),"RSI (14,9) indicator went above its average line in the current session.",15,Indicator Scans,"RSI (14,9) indicator went above its average line in the current session. It’s a bullish condition.",,,False,1,N,,OHLC_D_I_RSIABVAVE
1790075717,"{'stkname': 'Bhansali Eng', 'ltp': '', 'perChg': '', 'stkId': 'BEP', 'displayLock': 'N', 'scanproflg': 1, 'scUrl': 'petrochemicals/bhansaliengineeringpolymers/BEP', 'columns': [{'name': 'RSI Indicator value', 'value': '55.43'}, {'name': 'change %', 'value': '1.13'}, {'name': 'LTP', 'value': '129.55'}]}",OHLC_D_I_RSIABVAVE,RSI Bullish Crossover (Daily),"RSI (14,9) indicator went above its average line in the current session.",15,Indicator Scans,"RSI (14,9) indicator went above its average line in the current session. It’s a bullish condition.",,,False,1,N,,OHLC_D_I_RSIABVAVE
1790075717,"{'stkname': 'Jocil', 'ltp': '', 'perChg': '', 'stkId': 'J01', 'displayLock': 'N', 'scanproflg': 1, 'scUrl': 'chemicals/jocil/J01', 'columns': [{'name': 'RSI Indicator value', 'value': '49.43'}, {'name': 'change %', 'value': '3.64'}, {'name': 'LTP', 'value': '148.50'}]}",OHLC_D_I_RSIABVAVE,RSI Bullish Crossover (Daily),"RSI (14,9) indicator went above its average line in the current session.",15,Indicator Scans,"RSI (14,9) indicator went above its average line in the current session. It’s a bullish condition.",,,False,1,N,,OHLC_D_I_RSIABVAVE
1790075717,"{'stkname': 'Kiri Industries', 'ltp': '', 'perChg': '', 'stkId': 'KDC01', 'displayLock': 'N', 'scanproflg': 1, 'scUrl': 'dyespigments/kiriindustries/KDC01', 'columns': [{'name': 'RSI Indicator value', 'value': '58.09'}, {'name': 'change %', 'value': '1.09'}, {'name': 'LTP', 'value': '543.35'}]}",OHLC_D_I_RSIABVAVE,RSI Bullish Crossover (Daily),"RSI (14,9) indicator went above its average line in the current session.",15,Indicator Scans,"RSI (14,9) indicator went above its average line in the current session. It’s a bullish condition.",,,False,1,N,,OHLC_D_I_RSIABVAVE
1790075717,"{'stkname': 'PVP Ventures', 'ltp': '', 'perChg': '', 'stkId': 'SSI', 'displayLock': 'N', 'scanproflg': 1, 'scUrl': 'constructioncontracting-real-estate/pvpventures/PVP', 'columns': [{'name': 'RSI Indicator value', 'value': '64.76'}, {'name': 'change %', 'value': '5.00'}, {'name': 'LTP', 'value': '65.35'}]}",OHLC_D_I_RSIABVAVE,RSI Bullish Crossover (Daily),"RSI (14,9) indicator went above its average line in the current session.",15,Indicator Scans,"RSI (14,9) indicator went above its average line in the current session. It’s a bullish condition.",,,False,1,N,,OHLC_D_I_RSIABVAVE
1790075717,"{'stkname': 'Anupam Rasayan', 'ltp': '', 'perChg': '', 'stkId': 'ARI02', 'displayLock': 'N', 'scanproflg': 1, 'scUrl': 'speciality-chemicals/anupamrasayanindia/ARI02', 'columns': [{'name': 'RSI Indicator value', 'value': '42.15'}, {'name': 'change %', 'value': '2.52'}, {'name': 'LTP', 'value': '1,190.00'}]}",OHLC_D_I_RSIABVAVE,RSI Bullish Crossover (Daily),"RSI (14,9) indicator went above its average line in the current session.",15,Indicator Scans,"RSI (14,9) indicator went above its average line in the current session. It’s a bullish condition.",,,False,1,N,,OHLC_D_I_RSIABVAVE
1790075717,"{'stkname': 'Dynemic Product', 'ltp': '', 'perChg': '', 'stkId': 'DP12', 'displayLock': 'N', 'scanproflg': 1, 'scUrl': 'dyespigments/dynemicproducts/DP12', 'columns': [{'name': 'RSI Indicator value', 'value': '46.40'}, {'name': 'change %', 'value': '0.44'}, {'name': 'LTP', 'value': '231.00'}]}",OHLC_D_I_RSIABVAVE,RSI Bullish Crossover (Daily),"RSI (14,9) indicator went above its average line in the current session.",15,Indicator Scans,"RSI (14,9) indicator went above its average line in the current session. It’s a bullish condition.",,,False,1,N,,OHLC_D_I_RSIABVAVE
1790075717,"{'stkname': 'Vikas Ecotech', 'ltp': '', 'perChg': '', 'stkId': 'VL06', 'displayLock': 'N', 'scanproflg': 1, 'scUrl': 'chemicals/vikasecotech/VGO01', 'columns': [{'name': 'RSI Indicator value', 'value': '39.16'}, {'name': 'change %', 'value': '0.96'}, {'name': 'LTP', 'value': '1.05'}]}",OHLC_D_I_RSIABVAVE,RSI Bullish Crossover (Daily),"RSI (14,9) indicator went above its average line in the current session.",15,Indicator Scans,"RSI (14,9) indicator went above its average line in the current session. It’s a bullish condition.",,,False,1,N,,OHLC_D_I_RSIABVAVE
1790075717,"{'stkname': 'Atul', 'ltp': '', 'perChg': '', 'stkId': 'A06', 'displayLock': 'N', 'scanproflg': 1, 'scUrl': 'chemicals/atul/A06', 'columns': [{'name': 'RSI Indicator value', 'value': '41.73'}, {'name': 'change %', 'value': '1.70'}, {'name': 'LTP', 'value': '6,189.50'}]}",OHLC_D_I_RSIABVAVE,RSI Bullish Crossover (Daily),"RSI (14,9) indicator went above its average line in the current session.",15,Indicator Scans,"RSI (14,9) indicator went above its average line in the current session. It’s a bullish condition.",,,False,1,N,,OHLC_D_I_RSIABVAVE
1790075717,"{'stkname': 'Karnataka Bank', 'ltp': '', 'perChg': '', 'stkId': 'KB04', 'displayLock': 'N', 'scanproflg': 1, 'scUrl': 'banks-private-sector/karnatakabank/KB04', 'columns': [{'name': 'RSI Indicator value', 'value': '58.42'}, {'name': 'change %', 'value': '5.55'}, {'name': 'LTP', 'value': '332.00'}]}",OHLC_D_I_RSIABVAVE,RSI Bullish Crossover (Daily),"RSI (14,9) indicator went above its average line in the current session.",15,Indicator Scans,"RSI (14,9) indicator went above its average line in the current session. It’s a bullish condition.",,,False,1,N,,OHLC_D_I_RSIABVAVE
1790075717,"{'stkname': 'Pokarna', 'ltp': '', 'perChg': '', 'stkId': 'PL06', 'displayLock': 'N', 'scanproflg': 1, 'scUrl': 'ceramicsgranite/pokarna/PL06', 'columns': [{'name': 'RSI Indicator value', 'value': '26.10'}, {'name': 'change %', 'value': '0.28'}, {'name': 'LTP', 'value': '734.95'}]}",OHLC_D_I_RSIABVAVE,RSI Bullish Crossover (Daily),"RSI (14,9) indicator went above its average line in the current session.",15,Indicator Scans,"RSI (14,9) indicator went above its average line in the current session. It’s a bullish condition.",,,False,1,N,,OHLC_D_I_RSIABVAVE
1790075717,"{'stkname': 'Bank of Mah', 'ltp': '', 'perChg': '', 'stkId': 'BM05', 'displayLock': 'N', 'scanproflg': 1, 'scUrl': 'banks-public-sector/bankmaharashtra/BM05', 'columns': [{'name': 'RSI Indicator value', 'value': '49.72'}, {'name': 'change %', 'value': '0.24'}, {'name': 'LTP', 'value': '82.40'}]}",OHLC_D_I_RSIABVAVE,RSI Bullish Crossover (Daily),"RSI (14,9) indicator went above its average line in the current session.",15,Indicator Scans,"RSI (14,9) indicator went above its average line in the current session. It’s a bullish condition.",,,False,1,N,,OHLC_D_I_RSIABVAVE
1790075717,"{'stkname': 'Shree Digvijay', 'ltp': '', 'perChg': '', 'stkId': 'SDC', 'displayLock': 'N', 'scanproflg': 1, 'scUrl': 'cement-major/shreedigvijaycementcompany/SDC', 'columns': [{'name': 'RSI Indicator value', 'value': '38.84'}, {'name': 'change %', 'value': '-0.09'}, {'name': 'LTP', 'value': '67.02'}]}",OHLC_D_I_RSIABVAVE,RSI Bullish Crossover (Daily),"RSI (14,9) indicator went above its average line in the current session.",15,Indicator Scans,"RSI (14,9) indicator went above its average line in the current session. It’s a bullish condition.",,,False,1,N,,OHLC_D_I_RSIABVAVE
1790075717,"{'stkname': 'Par Drugs', 'ltp': '', 'perChg': '', 'stkId': 'PDC02', 'displayLock': 'N', 'scanproflg': 1, 'scUrl': 'chemicals/pardrugschemicals/PDC02', 'columns': [{'name': 'RSI Indicator value', 'value': '57.42'}, {'name': 'change %', 'value': '4.32'}, {'name': 'LTP', 'value': '137.98'}]}",OHLC_D_I_RSIABVAVE,RSI Bullish Crossover (Daily),"RSI (14,9) indicator went above its average line in the current session.",15,Indicator Scans,"RSI (14,9) indicator went above its average line in the current session. It’s a bullish condition.",,,False,1,N,,OHLC_D_I_RSIABVAVE
1790075717,"{'stkname': 'Yatra Online', 'ltp': '', 'perChg': '', 'stkId': 'YO', 'displayLock': 'N', 'scanproflg': 1, 'scUrl': 'travel-services/yatraonline/YO', 'columns': [{'name': 'RSI Indicator value', 'value': '49.02'}, {'name': 'change %', 'value': '5.60'}, {'name': 'LTP', 'value': '109.50'}]}",OHLC_D_I_RSIABVAVE,RSI Bullish Crossover (Daily),"RSI (14,9) indicator went above its average line in the current session.",15,Indicator Scans,"RSI (14,9) indicator went above its average line in the current session. It’s a bullish condition.",,,False,1,N,,OHLC_D_I_RSIABVAVE
1790075717,"{'stkname': 'Minda Corp', 'ltp': '', 'perChg': '', 'stkId': 'MC22', 'displayLock': 'N', 'scanproflg': 1, 'scUrl': 'auto-ancillaries/mindacorporation/MC23', 'columns': [{'name': 'RSI Indicator value', 'value': '44.41'}, {'name': 'change %', 'value': '0.77'}, {'name': 'LTP', 'value': '684.80'}]}",OHLC_D_I_RSIABVAVE,RSI Bullish Crossover (Daily),"RSI (14,9) indicator went above its average line in the current session.",15,Indicator Scans,"RSI (14,9) indicator went above its average line in the current session. It’s a bullish condition.",,,False,1,N,,OHLC_D_I_RSIABVAVE
1790075717,"{'stkname': 'Murudeshwar Cer', 'ltp': '', 'perChg': '', 'stkId': 'MC13', 'displayLock': 'N', 'scanproflg': 1, 'scUrl': 'ceramicsgranite/murudeshwarceramics/MC13', 'columns': [{'name': 'RSI Indicator value', 'value': '44.96'}, {'name': 'change %', 'value': '3.32'}, {'name': 'LTP', 'value': '29.24'}]}",OHLC_D_I_RSIABVAVE,RSI Bullish Crossover (Daily),"RSI (14,9) indicator went above its average line in the current session.",15,Indicator Scans,"RSI (14,9) indicator went above its average line in the current session. It’s a bullish condition.",,,False,1,N,,OHLC_D_I_RSIABVAVE
1790075717,"{'stkname': 'ANDHRSUGAR', 'ltp': '', 'perChg': '', 'stkId': 'AS18', 'displayLock': 'N', 'scanproflg': 1, 'scUrl': 'commodity-chemicals/theandhrasugar/AS18', 'columns': [{'name': 'RSI Indicator value', 'value': '50.55'}, {'name': 'change %', 'value': '1.05'}, {'name': 'LTP', 'value': '96.00'}]}",OHLC_D_I_RSIABVAVE,RSI Bullish Crossover (Daily),"RSI (14,9) indicator went above its average line in the current session.",15,Indicator Scans,"RSI (14,9) indicator went above its average line in the current session. It’s a bullish condition.",,,False,1,N,,OHLC_D_I_RSIABVAVE
1790075717,"{'stkname': 'Federal-Mogul', 'ltp': '', 'perChg': '', 'stkId': 'GI09', 'displayLock': 'N', 'scanproflg': 1, 'scUrl': 'auto-ancillaries/federal-mogulgoetze/FMG', 'columns': [{'name': 'RSI Indicator value', 'value': '39.29'}, {'name': 'change %', 'value': '1.80'}, {'name': 'LTP', 'value': '447.00'}]}",OHLC_D_I_RSIABVAVE,RSI Bullish Crossover (Daily),"RSI (14,9) indicator went above its average line in the current session.",15,Indicator Scans,"RSI (14,9) indicator went above its average line in the current session. It’s a bullish condition.",,,False,1,N,,OHLC_D_I_RSIABVAVE
1790075717,"{'stkname': 'Lumax Inds', 'ltp': '', 'perChg': '', 'stkId': 'LI05', 'displayLock': 'N', 'scanproflg': 1, 'scUrl': 'auto-ancillaries/lumaxindustries/LI05', 'columns': [{'name': 'RSI Indicator value', 'value': '48.67'}, {'name': 'change %', 'value': '1.48'}, {'name': 'LTP', 'value': '5,863.50'}]}",OHLC_D_I_RSIABVAVE,RSI Bullish Crossover (Daily),"RSI (14,9) indicator went above its average line in the current session.",15,Indicator Scans,"RSI (14,9) indicator went above its average line in the current session. It’s a bullish condition.",,,False,1,N,,OHLC_D_I_RSIABVAVE
1790075717,"{'stkname': 'Banco Products', 'ltp': '', 'perChg': '', 'stkId': 'BPI', 'displayLock': 'N', 'scanproflg': 1, 'scUrl': 'auto-ancillaries/bancoproductsindia/BPI', 'columns': [{'name': 'RSI Indicator value', 'value': '44.62'}, {'name': 'change %', 'value': '1.28'}, {'name': 'LTP', 'value': '607.00'}]}",OHLC_D_I_RSIABVAVE,RSI Bullish Crossover (Daily),"RSI (14,9) indicator went above its average line in the current session.",15,Indicator Scans,"RSI (14,9) indicator went above its average line in the current session. It’s a bullish condition.",,,False,1,N,,OHLC_D_I_RSIABVAVE
1790075717,"{'stkname': 'Bharat Gears', 'ltp': '', 'perChg': '', 'stkId': 'BG01', 'displayLock': 'N', 'scanproflg': 1, 'scUrl': 'auto-ancillaries/bharatgears/BG01', 'columns': [{'name': 'RSI Indicator value', 'value': '39.63'}, {'name': 'change %', 'value': '0.33'}, {'name': 'LTP', 'value': '100.41'}]}",OHLC_D_I_RSIABVAVE,RSI Bullish Crossover (Daily),"RSI (14,9) indicator went above its average line in the current session.",15,Indicator Scans,"RSI (14,9) indicator went above its average line in the current session. It’s a bullish condition.",,,False,1,N,,OHLC_D_I_RSIABVAVE
1790075717,"{'stkname': 'Cords Cable Ind', 'ltp': '', 'perChg': '', 'stkId': 'CCI07', 'displayLock': 'N', 'scanproflg': 1, 'scUrl': 'cables-powerothers/cordscableindustries/CCI07', 'columns': [{'name': 'RSI Indicator value', 'value': '73.35'}, {'name': 'change %', 'value': '9.02'}, {'name': 'LTP', 'value': '387.40'}]}",OHLC_D_I_RSIABVAVE,RSI Bullish Crossover (Daily),"RSI (14,9) indicator went above its average line in the current session.",15,Indicator Scans,"RSI (14,9) indicator went above its average line in the current session. It’s a bullish condition.",,,False,1,N,,OHLC_D_I_RSIABVAVE
1790075717,"{'stkname': 'JTEKT India ', 'ltp': '', 'perChg': '', 'stkId': 'SSS', 'displayLock': 'N', 'scanproflg': 1, 'scUrl': 'auto-ancillaries/jtektindia/SKS04', 'columns': [{'name': 'RSI Indicator value', 'value': '29.61'}, {'name': 'change %', 'value': '0.81'}, {'name': 'LTP', 'value': '116.31'}]}",OHLC_D_I_RSIABVAVE,RSI Bullish Crossover (Daily),"RSI (14,9) indicator went above its average line in the current session.",15,Indicator Scans,"RSI (14,9) indicator went above its average line in the current session. It’s a bullish condition.",,,False,1,N,,OHLC_D_I_RSIABVAVE
1790075717,"{'stkname': 'Indo-National', 'ltp': '', 'perChg': '', 'stkId': 'IN01', 'displayLock': 'N', 'scanproflg': 1, 'scUrl': 'dry-cells/indo-national/NBC', 'columns': [{'name': 'RSI Indicator value', 'value': '51.52'}, {'name': 'change %', 'value': '2.47'}, {'name': 'LTP', 'value': '326.00'}]}",OHLC_D_I_RSIABVAVE,RSI Bullish Crossover (Daily),"RSI (14,9) indicator went above its average line in the current session.",15,Indicator Scans,"RSI (14,9) indicator went above its average line in the current session. It’s a bullish condition.",,,False,1,N,,OHLC_D_I_RSIABVAVE
1790075717,"{'stkname': 'Apex Frozen', 'ltp': '', 'perChg': '', 'stkId': 'AFF', 'displayLock': 'N', 'scanproflg': 1, 'scUrl': 'food-processing/apexfrozenfoods/AFF', 'columns': [{'name': 'RSI Indicator value', 'value': '40.39'}, {'name': 'change %', 'value': '0.95'}, {'name': 'LTP', 'value': '355.00'}]}",OHLC_D_I_RSIABVAVE,RSI Bullish Crossover (Daily),"RSI (14,9) indicator went above its average line in the current session.",15,Indicator Scans,"RSI (14,9) indicator went above its average line in the current session. It’s a bullish condition.",,,False,1,N,,OHLC_D_I_RSIABVAVE
1790075717,"{'stkname': 'Entero Health', 'ltp': '', 'perChg': '', 'stkId': 'EHSL', 'displayLock': 'N', 'scanproflg': 1, 'scUrl': 'pharmaceuticalsdrugs/enterohealthcaresolutions/EHSL', 'columns': [{'name': 'RSI Indicator value', 'value': '63.72'}, {'name': 'change %', 'value': '1.92'}, {'name': 'LTP', 'value': '1,830.00'}]}",OHLC_D_I_RSIABVAVE,RSI Bullish Crossover (Daily),"RSI (14,9) indicator went above its average line in the current session.",15,Indicator Scans,"RSI (14,9) indicator went above its average line in the current session. It’s a bullish condition.",,,False,1,N,,OHLC_D_I_RSIABVAVE
1790075717,"{'stkname': 'Anant Raj', 'ltp': '', 'perChg': '', 'stkId': 'ARI', 'displayLock': 'N', 'scanproflg': 1, 'scUrl': 'construction-real-estate/anantraj/ARI', 'columns': [{'name': 'RSI Indicator value', 'value': '51.20'}, {'name': 'change %', 'value': '2.32'}, {'name': 'LTP', 'value': '609.00'}]}",OHLC_D_I_RSIABVAVE,RSI Bullish Crossover (Daily),"RSI (14,9) indicator went above its average line in the current session.",15,Indicator Scans,"RSI (14,9) indicator went above its average line in the current session. It’s a bullish condition.",,,False,1,N,,OHLC_D_I_RSIABVAVE
1790075717,"{'stkname': 'Cochin Shipyard', 'ltp': '', 'perChg': '', 'stkId': 'CS17', 'displayLock': 'N', 'scanproflg': 1, 'scUrl': 'ship-building/cochinshipyard/CS', 'columns': [{'name': 'RSI Indicator value', 'value': '42.25'}, {'name': 'change %', 'value': '0.28'}, {'name': 'LTP', 'value': '1,388.90'}]}",OHLC_D_I_RSIABVAVE,RSI Bullish Crossover (Daily),"RSI (14,9) indicator went above its average line in the current session.",15,Indicator Scans,"RSI (14,9) indicator went above its average line in the current session. It’s a bullish condition.",,,False,1,N,,OHLC_D_I_RSIABVAVE
1790075717,"{'stkname': 'Netweb', 'ltp': '', 'perChg': '', 'stkId': 'NTI03', 'displayLock': 'N', 'scanproflg': 1, 'scUrl': 'computer-peripherals/netwebtechnologiesindia/NTI03', 'columns': [{'name': 'RSI Indicator value', 'value': '46.96'}, {'name': 'change %', 'value': '2.33'}, {'name': 'LTP', 'value': '4,828.00'}]}",OHLC_D_I_RSIABVAVE,RSI Bullish Crossover (Daily),"RSI (14,9) indicator went above its average line in the current session.",15,Indicator Scans,"RSI (14,9) indicator went above its average line in the current session. It’s a bullish condition.",,,False,1,N,,OHLC_D_I_RSIABVAVE
1790075717,"{'stkname': 'Godrej Prop', 'ltp': '', 'perChg': '', 'stkId': 'GP11', 'displayLock': 'N', 'scanproflg': 1, 'scUrl': 'constructioncontracting-real-estate/godrejproperties/GP11', 'columns': [{'name': 'RSI Indicator value', 'value': '28.18'}, {'name': 'change %', 'value': '0.15'}, {'name': 'LTP', 'value': '1,699.50'}]}",OHLC_D_I_RSIABVAVE,RSI Bullish Crossover (Daily),"RSI (14,9) indicator went above its average line in the current session.",15,Indicator Scans,"RSI (14,9) indicator went above its average line in the current session. It’s a bullish condition.",,,False,1,N,,OHLC_D_I_RSIABVAVE
1790075717,"{'stkname': 'E2E Networks', 'ltp': '', 'perChg': '', 'stkId': 'EN', 'displayLock': 'N', 'scanproflg': 1, 'scUrl': 'it-servicesconsulting/e2enetworks/EN', 'columns': [{'name': 'RSI Indicator value', 'value': '52.47'}, {'name': 'change %', 'value': '2.20'}, {'name': 'LTP', 'value': '605.90'}]}",OHLC_D_I_RSIABVAVE,RSI Bullish Crossover (Daily),"RSI (14,9) indicator went above its average line in the current session.",15,Indicator Scans,"RSI (14,9) indicator went above its average line in the current session. It’s a bullish condition.",,,False,1,N,,OHLC_D_I_RSIABVAVE
1790075717,"{'stkname': 'Astec Life', 'ltp': '', 'perChg': '', 'stkId': 'AL13', 'displayLock': 'N', 'scanproflg': 1, 'scUrl': 'pharmaceuticals/asteclifesciences/AL13', 'columns': [{'name': 'RSI Indicator value', 'value': '66.33'}, {'name': 'change %', 'value': '8.69'}, {'name': 'LTP', 'value': '782.00'}]}",OHLC_D_I_RSIABVAVE,RSI Bullish Crossover (Daily),"RSI (14,9) indicator went above its average line in the current session.",15,Indicator Scans,"RSI (14,9) indicator went above its average line in the current session. It’s a bullish condition.",,,False,1,N,,OHLC_D_I_RSIABVAVE
1790075717,"{'stkname': 'LG Electronics ', 'ltp': '', 'perChg': '', 'stkId': 'LEI', 'displayLock': 'N', 'scanproflg': 1, 'scUrl': 'domestic-appliances/lgelectronicsindia/LEI', 'columns': [{'name': 'RSI Indicator value', 'value': '53.59'}, {'name': 'change %', 'value': '0.43'}, {'name': 'LTP', 'value': '1,663.50'}]}",OHLC_D_I_RSIABVAVE,RSI Bullish Crossover (Daily),"RSI (14,9) indicator went above its average line in the current session.",15,Indicator Scans,"RSI (14,9) indicator went above its average line in the current session. It’s a bullish condition.",,,False,1,N,,OHLC_D_I_RSIABVAVE
1790075717,"{'stkname': 'Finolex Cables', 'ltp': '', 'perChg': '', 'stkId': 'FC01', 'displayLock': 'N', 'scanproflg': 1, 'scUrl': 'cables-telephone/finolexcables/FC01', 'columns': [{'name': 'RSI Indicator value', 'value': '66.84'}, {'name': 'change %', 'value': '4.54'}, {'name': 'LTP', 'value': '1,463.20'}]}",OHLC_D_I_RSIABVAVE,RSI Bullish Crossover (Daily),"RSI (14,9) indicator went above its average line in the current session.",15,Indicator Scans,"RSI (14,9) indicator went above its average line in the current session. It’s a bullish condition.",,,False,1,N,,OHLC_D_I_RSIABVAVE
1790075717,"{'stkname': 'Gabriel India', 'ltp': '', 'perChg': '', 'stkId': 'GI02', 'displayLock': 'N', 'scanproflg': 1, 'scUrl': 'auto-ancillaries/gabrielindia/GI02', 'columns': [{'name': 'RSI Indicator value', 'value': '61.58'}, {'name': 'change %', 'value': '14.62'}, {'name': 'LTP', 'value': '1,479.00'}]}",OHLC_D_I_RSIABVAVE,RSI Bullish Crossover (Daily),"RSI (14,9) indicator went above its average line in the current session.",15,Indicator Scans,"RSI (14,9) indicator went above its average line in the current session. It’s a bullish condition.",,,False,1,N,,OHLC_D_I_RSIABVAVE
1790075717,"{'stkname': 'Axiscades Tech', 'ltp': '', 'perChg': '', 'stkId': 'ITT01', 'displayLock': 'N', 'scanproflg': 1, 'scUrl': 'aerospacedefence/axiscadestechnologies/AXI', 'columns': [{'name': 'RSI Indicator value', 'value': '63.34'}, {'name': 'change %', 'value': '3.06'}, {'name': 'LTP', 'value': '1,896.00'}]}",OHLC_D_I_RSIABVAVE,RSI Bullish Crossover (Daily),"RSI (14,9) indicator went above its average line in the current session.",15,Indicator Scans,"RSI (14,9) indicator went above its average line in the current session. It’s a bullish condition.",,,False,1,N,,OHLC_D_I_RSIABVAVE
1790075717,"{'stkname': 'Titan Company', 'ltp': '', 'perChg': '', 'stkId': 'TI01', 'displayLock': 'N', 'scanproflg': 1, 'scUrl': 'miscellaneous/titancompany/TI01', 'columns': [{'name': 'RSI Indicator value', 'value': '47.83'}, {'name': 'change %', 'value': '1.10'}, {'name': 'LTP', 'value': '4,928.50'}]}",OHLC_D_I_RSIABVAVE,RSI Bullish Crossover (Daily),"RSI (14,9) indicator went above its average line in the current session.",15,Indicator Scans,"RSI (14,9) indicator went above its average line in the current session. It’s a bullish condition.",,,False,1,N,,OHLC_D_I_RSIABVAVE
1790075717,"{'stkname': 'SML Mahindra', 'ltp': '', 'perChg': '', 'stkId': 'SM', 'displayLock': 'N', 'scanproflg': 1, 'scUrl': 'automobile-truckslcvs/smlmahindra/SM', 'columns': [{'name': 'RSI Indicator value', 'value': '67.18'}, {'name': 'change %', 'value': '4.42'}, {'name': 'LTP', 'value': '6,750.00'}]}",OHLC_D_I_RSIABVAVE,RSI Bullish Crossover (Daily),"RSI (14,9) indicator went above its average line in the current session.",15,Indicator Scans,"RSI (14,9) indicator went above its average line in the current session. It’s a bullish condition.",,,False,1,N,,OHLC_D_I_RSIABVAVE
1790075717,"{'stkname': 'RBL Bank', 'ltp': '', 'perChg': '', 'stkId': 'RB02', 'displayLock': 'N', 'scanproflg': 1, 'scUrl': 'banks-private-sector/rblbank/RB03', 'columns': [{'name': 'RSI Indicator value', 'value': '64.25'}, {'name': 'change %', 'value': '5.17'}, {'name': 'LTP', 'value': '423.20'}]}",OHLC_D_I_RSIABVAVE,RSI Bullish Crossover (Daily),"RSI (14,9) indicator went above its average line in the current session.",15,Indicator Scans,"RSI (14,9) indicator went above its average line in the current session. It’s a bullish condition.",,,False,1,N,,OHLC_D_I_RSIABVAVE
1790075717,"{'stkname': 'Mukand', 'ltp': '', 'perChg': '', 'stkId': 'M02', 'displayLock': 'N', 'scanproflg': 1, 'scUrl': 'steel-mediumsmall/mukand/M02', 'columns': [{'name': 'RSI Indicator value', 'value': '59.34'}, {'name': 'change %', 'value': '4.05'}, {'name': 'LTP', 'value': '141.54'}]}",OHLC_D_I_RSIABVAVE,RSI Bullish Crossover (Daily),"RSI (14,9) indicator went above its average line in the current session.",15,Indicator Scans,"RSI (14,9) indicator went above its average line in the current session. It’s a bullish condition.",,,False,1,N,,OHLC_D_I_RSIABVAVE
1790075717,"{'stkname': 'Tata Steel', 'ltp': '', 'perChg': '', 'stkId': 'TIS', 'displayLock': 'N', 'scanproflg': 1, 'scUrl': 'ironsteel/tatasteel/TIS', 'columns': [{'name': 'RSI Indicator value', 'value': '48.63'}, {'name': 'change %', 'value': '0.86'}, {'name': 'LTP', 'value': '184.97'}]}",OHLC_D_I_RSIABVAVE,RSI Bullish Crossover (Daily),"RSI (14,9) indicator went above its average line in the current session.",15,Indicator Scans,"RSI (14,9) indicator went above its average line in the current session. It’s a bullish condition.",,,False,1,N,,OHLC_D_I_RSIABVAVE
1790075717,"{'stkname': 'Vedanta', 'ltp': '', 'perChg': '', 'stkId': 'SG', 'displayLock': 'N', 'scanproflg': 1, 'scUrl': 'miningminerals/vedanta/SG', 'columns': [{'name': 'RSI Indicator value', 'value': '45.38'}, {'name': 'change %', 'value': '0.96'}, {'name': 'LTP', 'value': '263.00'}]}",OHLC_D_I_RSIABVAVE,RSI Bullish Crossover (Daily),"RSI (14,9) indicator went above its average line in the current session.",15,Indicator Scans,"RSI (14,9) indicator went above its average line in the current session. It’s a bullish condition.",,,False,1,N,,OHLC_D_I_RSIABVAVE
1790075717,"{'stkname': 'Bosch', 'ltp': '', 'perChg': '', 'stkId': 'MIC', 'displayLock': 'N', 'scanproflg': 1, 'scUrl': 'auto-ancillaries/bosch/B05', 'columns': [{'name': 'RSI Indicator value', 'value': '56.52'}, {'name': 'change %', 'value': '1.52'}, {'name': 'LTP', 'value': '48,290.00'}]}",OHLC_D_I_RSIABVAVE,RSI Bullish Crossover (Daily),"RSI (14,9) indicator went above its average line in the current session.",15,Indicator Scans,"RSI (14,9) indicator went above its average line in the current session. It’s a bullish condition.",,,False,1,N,,OHLC_D_I_RSIABVAVE
1790075717,"{'stkname': 'NHPC', 'ltp': '', 'perChg': '', 'stkId': 'N07', 'displayLock': 'N', 'scanproflg': 1, 'scUrl': 'power-generationdistribution/nhpc/N07', 'columns': [{'name': 'RSI Indicator value', 'value': '47.33'}, {'name': 'change %', 'value': '0.28'}, {'name': 'LTP', 'value': '76.01'}]}",OHLC_D_I_RSIABVAVE,RSI Bullish Crossover (Daily),"RSI (14,9) indicator went above its average line in the current session.",15,Indicator Scans,"RSI (14,9) indicator went above its average line in the current session. It’s a bullish condition.",,,False,1,N,,OHLC_D_I_RSIABVAVE
1790075717,"{'stkname': 'NTPC', 'ltp': '', 'perChg': '', 'stkId': 'NTP', 'displayLock': 'N', 'scanproflg': 1, 'scUrl': 'power-generationdistribution/ntpc/NTP', 'columns': [{'name': 'RSI Indicator value', 'value': '41.73'}, {'name': 'change %', 'value': '0.43'}, {'name': 'LTP', 'value': '327.80'}]}",OHLC_D_I_RSIABVAVE,RSI Bullish Crossover (Daily),"RSI (14,9) indicator went above its average line in the current session.",15,Indicator Scans,"RSI (14,9) indicator went above its average line in the current session. It’s a bullish condition.",,,False,1,N,,OHLC_D_I_RSIABVAVE
1790075717,"{'stkname': 'Power Finance', 'ltp': '', 'perChg': '', 'stkId': 'PFC02', 'displayLock': 'N', 'scanproflg': 1, 'scUrl': 'finance-term-lending-institutions/powerfinancecorporation/PFC02', 'columns': [{'name': 'RSI Indicator value', 'value': '36.59'}, {'name': 'change %', 'value': '0.30'}, {'name': 'LTP', 'value': '345.80'}]}",OHLC_D_I_RSIABVAVE,RSI Bullish Crossover (Daily),"RSI (14,9) indicator went above its average line in the current session.",15,Indicator Scans,"RSI (14,9) indicator went above its average line in the current session. It’s a bullish condition.",,,False,1,N,,OHLC_D_I_RSIABVAVE
1790075717,"{'stkname': 'APL Apollo', 'ltp': '', 'perChg': '', 'stkId': 'BT09', 'displayLock': 'N', 'scanproflg': 1, 'scUrl': 'steel-tubespipes/aplapollotubes/BT09', 'columns': [{'name': 'RSI Indicator value', 'value': '55.38'}, {'name': 'change %', 'value': '0.64'}, {'name': 'LTP', 'value': '2,195.00'}]}",OHLC_D_I_RSIABVAVE,RSI Bullish Crossover (Daily),"RSI (14,9) indicator went above its average line in the current session.",15,Indicator Scans,"RSI (14,9) indicator went above its average line in the current session. It’s a bullish condition.",,,False,1,N,,OHLC_D_I_RSIABVAVE
1790075717,"{'stkname': 'Coal India', 'ltp': '', 'perChg': '', 'stkId': 'CI29', 'displayLock': 'N', 'scanproflg': 1, 'scUrl': 'miningminerals/coalindia/CI11', 'columns': [{'name': 'RSI Indicator value', 'value': '58.61'}, {'name': 'change %', 'value': '3.21'}, {'name': 'LTP', 'value': '428.00'}]}",OHLC_D_I_RSIABVAVE,RSI Bullish Crossover (Daily),"RSI (14,9) indicator went above its average line in the current session.",15,Indicator Scans,"RSI (14,9) indicator went above its average line in the current session. It’s a bullish condition.",,,False,1,N,,OHLC_D_I_RSIABVAVE
1790075717,"{'stkname': 'UNIONGOLD', 'ltp': '', 'perChg': '', 'stkId': 'UNION29687', 'displayLock': 'N', 'scanproflg': 1, 'scUrl': 'miscellaneous/uniongold/UNION29687', 'columns': [{'name': 'RSI Indicator value', 'value': '54.10'}, {'name': 'change %', 'value': '1.48'}, {'name': 'LTP', 'value': '150.50'}]}",OHLC_D_I_RSIABVAVE,RSI Bullish Crossover (Daily),"RSI (14,9) indicator went above its average line in the current session.",15,Indicator Scans,"RSI (14,9) indicator went above its average line in the current session. It’s a bullish condition.",,,False,1,N,,OHLC_D_I_RSIABVAVE
1790075717,"{'stkname': 'Ipru Value 30', 'ltp': '', 'perChg': '', 'stkId': 'VAL3025851', 'displayLock': 'N', 'scanproflg': 1, 'scUrl': 'etf/iciciprudentialnifty200value30etf/VAL3025851', 'columns': [{'name': 'RSI Indicator value', 'value': '36.90'}, {'name': 'change %', 'value': '0.07'}, {'name': 'LTP', 'value': '14.85'}]}",OHLC_D_I_RSIABVAVE,RSI Bullish Crossover (Daily),"RSI (14,9) indicator went above its average line in the current session.",15,Indicator Scans,"RSI (14,9) indicator went above its average line in the current session. It’s a bullish condition.",,,False,1,N,,OHLC_D_I_RSIABVAVE
1790075717,"{'stkname': 'Manappuram Fin', 'ltp': '', 'perChg': '', 'stkId': 'MGF01', 'displayLock': 'N', 'scanproflg': 1, 'scUrl': 'finance-leasinghire-purchase/manappuramfinance/MGF01', 'columns': [{'name': 'RSI Indicator value', 'value': '38.99'}, {'name': 'change %', 'value': '1.33'}, {'name': 'LTP', 'value': '319.30'}]}",OHLC_D_I_RSIABVAVE,RSI Bullish Crossover (Daily),"RSI (14,9) indicator went above its average line in the current session.",15,Indicator Scans,"RSI (14,9) indicator went above its average line in the current session. It’s a bullish condition.",,,False,1,N,,OHLC_D_I_RSIABVAVE
1790075717,"{'stkname': '360 ONE MSCI', 'ltp': '', 'perChg': '', 'stkId': '3OM', 'displayLock': 'N', 'scanproflg': 1, 'scUrl': 'etf/360onemsciindiaetf/3OM', 'columns': [{'name': 'RSI Indicator value', 'value': '44.84'}, {'name': 'change %', 'value': '0.51'}, {'name': 'LTP', 'value': '9.91'}]}",OHLC_D_I_RSIABVAVE,RSI Bullish Crossover (Daily),"RSI (14,9) indicator went above its average line in the current session.",15,Indicator Scans,"RSI (14,9) indicator went above its average line in the current session. It’s a bullish condition.",,,False,1,N,,OHLC_D_I_RSIABVAVE
1790075717,"{'stkname': 'Mirae HangSeng', 'ltp': '', 'perChg': '', 'stkId': 'MAH', 'displayLock': 'N', 'scanproflg': 1, 'scUrl': 'etf/miraeassethangsengtechetf/MAH', 'columns': [{'name': 'RSI Indicator value', 'value': '43.61'}, {'name': 'change %', 'value': '1.42'}, {'name': 'LTP', 'value': '22.08'}]}",OHLC_D_I_RSIABVAVE,RSI Bullish Crossover (Daily),"RSI (14,9) indicator went above its average line in the current session.",15,Indicator Scans,"RSI (14,9) indicator went above its average line in the current session. It’s a bullish condition.",,,False,1,N,,OHLC_D_I_RSIABVAVE
1790075717,"{'stkname': 'Mo Cap. Mkt.', 'ltp': '', 'perChg': '', 'stkId': 'MOCAP30065', 'displayLock': 'N', 'scanproflg': 1, 'scUrl': 'etf/motilaloswalniftycapitalmarketetf/MOCAP30065', 'columns': [{'name': 'RSI Indicator value', 'value': '45.35'}, {'name': 'change %', 'value': '0.47'}, {'name': 'LTP', 'value': '53.18'}]}",OHLC_D_I_RSIABVAVE,RSI Bullish Crossover (Daily),"RSI (14,9) indicator went above its average line in the current session.",15,Indicator Scans,"RSI (14,9) indicator went above its average line in the current session. It’s a bullish condition.",,,False,1,N,,OHLC_D_I_RSIABVAVE
1790075717,"{'stkname': 'Ipru BSELiquid', 'ltp': '', 'perChg': '', 'stkId': 'ICICI4838', 'displayLock': 'N', 'scanproflg': 1, 'scUrl': 'etf/iciciprudentialbseliquidrateetf-idcw/ICICI4838', 'columns': [{'name': 'RSI Indicator value', 'value': '53.08'}, {'name': 'change %', 'value': '0.00'}, {'name': 'LTP', 'value': '1,000.00'}]}",OHLC_D_I_RSIABVAVE,RSI Bullish Crossover (Daily),"RSI (14,9) indicator went above its average line in the current session.",15,Indicator Scans,"RSI (14,9) indicator went above its average line in the current session. It’s a bullish condition.",,,False,1,N,,OHLC_D_I_RSIABVAVE
1790075717,"{'stkname': 'Kot Momentum30', 'ltp': '', 'perChg': '', 'stkId': 'KN2', 'displayLock': 'N', 'scanproflg': 1, 'scUrl': 'etf/kotaknifty200momentum30etf/KN2', 'columns': [{'name': 'RSI Indicator value', 'value': '46.76'}, {'name': 'change %', 'value': '0.53'}, {'name': 'LTP', 'value': '30.46'}]}",OHLC_D_I_RSIABVAVE,RSI Bullish Crossover (Daily),"RSI (14,9) indicator went above its average line in the current session.",15,Indicator Scans,"RSI (14,9) indicator went above its average line in the current session. It’s a bullish condition.",,,False,1,N,,OHLC_D_I_RSIABVAVE
1790075717,"{'stkname': 'MO Select IPO', 'ltp': '', 'perChg': '', 'stkId': 'MOB', 'displayLock': 'N', 'scanproflg': 1, 'scUrl': 'etf/motilaloswalbseselectipoetf/MOB', 'columns': [{'name': 'RSI Indicator value', 'value': '53.49'}, {'name': 'change %', 'value': '1.09'}, {'name': 'LTP', 'value': '48.95'}]}",OHLC_D_I_RSIABVAVE,RSI Bullish Crossover (Daily),"RSI (14,9) indicator went above its average line in the current session.",15,Indicator Scans,"RSI (14,9) indicator went above its average line in the current session. It’s a bullish condition.",,,False,1,N,,OHLC_D_I_RSIABVAVE
1790075717,"{'stkname': 'Mirae Liquid', 'ltp': '', 'perChg': '', 'stkId': 'LIQUI17572', 'displayLock': 'N', 'scanproflg': 1, 'scUrl': 'etf/miraeassetnifty1drateliquidetf/LIQUI17572', 'columns': [{'name': 'RSI Indicator value', 'value': '99.93'}, {'name': 'change %', 'value': '0.00'}, {'name': 'LTP', 'value': '1,000.00'}]}",OHLC_D_I_RSIABVAVE,RSI Bullish Crossover (Daily),"RSI (14,9) indicator went above its average line in the current session.",15,Indicator Scans,"RSI (14,9) indicator went above its average line in the current session. It’s a bullish condition.",,,False,1,N,,OHLC_D_I_RSIABVAVE
1790075717,"{'stkname': 'ABSL Nifty 200', 'ltp': '', 'perChg': '', 'stkId': 'MOMEN10693', 'displayLock': 'N', 'scanproflg': 1, 'scUrl': 'etf/adityabirlasunlifenifty200momentum30etf/MOMEN10693', 'columns': [{'name': 'RSI Indicator value', 'value': '46.32'}, {'name': 'change %', 'value': '0.23'}, {'name': 'LTP', 'value': '30.83'}]}",OHLC_D_I_RSIABVAVE,RSI Bullish Crossover (Daily),"RSI (14,9) indicator went above its average line in the current session.",15,Indicator Scans,"RSI (14,9) indicator went above its average line in the current session. It’s a bullish condition.",,,False,1,N,,OHLC_D_I_RSIABVAVE
1790075717,"{'stkname': 'SBI 1D Rate', 'ltp': '', 'perChg': '', 'stkId': 'LIQUI19705', 'displayLock': 'N', 'scanproflg': 1, 'scUrl': 'etf/sbinifty1drateetf/LIQUI19705', 'columns': [{'name': 'RSI Indicator value', 'value': '55.37'}, {'name': 'change %', 'value': '0.00'}, {'name': 'LTP', 'value': '1,000.01'}]}",OHLC_D_I_RSIABVAVE,RSI Bullish Crossover (Daily),"RSI (14,9) indicator went above its average line in the current session.",15,Indicator Scans,"RSI (14,9) indicator went above its average line in the current session. It’s a bullish condition.",,,False,1,N,,OHLC_D_I_RSIABVAVE
1790075717,"{'stkname': 'ABSL Liq. ETF', 'ltp': '', 'perChg': '', 'stkId': 'ABSLL14518', 'displayLock': 'N', 'scanproflg': 1, 'scUrl': 'etf/abslcrisilliquidovernightetf/ABSLL14518', 'columns': [{'name': 'RSI Indicator value', 'value': '52.20'}, {'name': 'change %', 'value': '0.00'}, {'name': 'LTP', 'value': '1,000.00'}]}",OHLC_D_I_RSIABVAVE,RSI Bullish Crossover (Daily),"RSI (14,9) indicator went above its average line in the current session.",15,Indicator Scans,"RSI (14,9) indicator went above its average line in the current session. It’s a bullish condition.",,,False,1,N,,OHLC_D_I_RSIABVAVE
1790075717,"{'stkname': 'Aqylon Nexus', 'ltp': '', 'perChg': '', 'stkId': 'SAB', 'displayLock': 'N', 'scanproflg': 1, 'scUrl': 'mediaentertainment/aqylonnexus/SAB', 'columns': [{'name': 'RSI Indicator value', 'value': '30.81'}, {'name': 'change %', 'value': '1.94'}, {'name': 'LTP', 'value': '42.00'}]}",OHLC_D_I_RSIABVAVE,RSI Bullish Crossover (Daily),"RSI (14,9) indicator went above its average line in the current session.",15,Indicator Scans,"RSI (14,9) indicator went above its average line in the current session. It’s a bullish condition.",,,False,1,N,,OHLC_D_I_RSIABVAVE
1790075717,"{'stkname': 'Marsons', 'ltp': '', 'perChg': '', 'stkId': 'M01', 'displayLock': 'N', 'scanproflg': 1, 'scUrl': 'electric-equipment/marsons/M01', 'columns': [{'name': 'RSI Indicator value', 'value': '38.36'}, {'name': 'change %', 'value': '0.86'}, {'name': 'LTP', 'value': '114.25'}]}",OHLC_D_I_RSIABVAVE,RSI Bullish Crossover (Daily),"RSI (14,9) indicator went above its average line in the current session.",15,Indicator Scans,"RSI (14,9) indicator went above its average line in the current session. It’s a bullish condition.",,,False,1,N,,OHLC_D_I_RSIABVAVE
1790075717,"{'stkname': 'Shree Ram Twist', 'ltp': '', 'perChg': '', 'stkId': 'SRT02', 'displayLock': 'N', 'scanproflg': 1, 'scUrl': 'textilesapparel/shreeramtwistex/SRT02', 'columns': [{'name': 'RSI Indicator value', 'value': '30.64'}, {'name': 'change %', 'value': '1.41'}, {'name': 'LTP', 'value': '38.90'}]}",OHLC_W_I_RSI30FABV,RSI exited Oversold Zone (Weekly),RSI exited Oversold Zone (Weekly),15,Indicator Scans,RSI exited Oversold Zone (Weekly),,,False,1,N,,OHLC_W_I_RSI30FABV
1790075717,"{'stkname': 'K.P. Energy ', 'ltp': '', 'perChg': '', 'stkId': 'KEL03', 'displayLock': 'N', 'scanproflg': 1, 'scUrl': 'miscellaneous/kpenergy/KEL04', 'columns': [{'name': 'RSI Indicator value', 'value': '32.41'}, {'name': 'change %', 'value': '-1.43'}, {'name': 'LTP', 'value': '229.00'}]}",OHLC_W_I_RSI30FABV,RSI exited Oversold Zone (Weekly),RSI exited Oversold Zone (Weekly),15,Indicator Scans,RSI exited Oversold Zone (Weekly),,,False,1,N,,OHLC_W_I_RSI30FABV
1790075717,"{'stkname': 'Solarworld Ener', 'ltp': '', 'perChg': '', 'stkId': 'SESL', 'displayLock': 'N', 'scanproflg': 1, 'scUrl': 'renewables/solarworldenergysolutions/SESL', 'columns': [{'name': 'RSI Indicator value', 'value': '30.43'}, {'name': 'change %', 'value': '-1.65'}, {'name': 'LTP', 'value': '138.50'}]}",OHLC_W_I_RSI30FABV,RSI exited Oversold Zone (Weekly),RSI exited Oversold Zone (Weekly),15,Indicator Scans,RSI exited Oversold Zone (Weekly),,,False,1,N,,OHLC_W_I_RSI30FABV
1790075717,"{'stkname': 'Oswal Agro', 'ltp': '', 'perChg': '', 'stkId': 'OAM', 'displayLock': 'N', 'scanproflg': 1, 'scUrl': 'finance-investments/oswalagromills/OAM', 'columns': [{'name': 'RSI Indicator value', 'value': '32.73'}, {'name': 'change %', 'value': '0.32'}, {'name': 'LTP', 'value': '34.87'}]}",OHLC_W_I_RSI30FABV,RSI exited Oversold Zone (Weekly),RSI exited Oversold Zone (Weekly),15,Indicator Scans,RSI exited Oversold Zone (Weekly),,,False,1,N,,OHLC_W_I_RSI30FABV
1790075717,"{'stkname': 'M K Proteins', 'ltp': '', 'perChg': '', 'stkId': 'P09', 'displayLock': 'N', 'scanproflg': 1, 'scUrl': 'miscellaneous/mkproteins/P09', 'columns': [{'name': 'RSI Indicator value', 'value': '30.45'}, {'name': 'change %', 'value': '2.01'}, {'name': 'LTP', 'value': '4.06'}]}",OHLC_W_I_RSI30FABV,RSI exited Oversold Zone (Weekly),RSI exited Oversold Zone (Weekly),15,Indicator Scans,RSI exited Oversold Zone (Weekly),,,False,1,N,,OHLC_W_I_RSI30FABV
1790075717,"{'stkname': 'KPIGREEN', 'ltp': '', 'perChg': '', 'stkId': 'KPIGL54232', 'displayLock': 'N', 'scanproflg': 1, 'scUrl': 'engineering-industrial-equipments/kpigreenenergy/KPIGL54232', 'columns': [{'name': 'RSI Indicator value', 'value': '45.08'}, {'name': 'change %', 'value': '7.87'}, {'name': 'LTP', 'value': '346.70'}]}",OHLC_W_I_RSI30FABV,RSI exited Oversold Zone (Weekly),RSI exited Oversold Zone (Weekly),15,Indicator Scans,RSI exited Oversold Zone (Weekly),,,False,1,N,,OHLC_W_I_RSI30FABV
1790075717,"{'stkname': 'EPack Durables', 'ltp': '', 'perChg': '', 'stkId': 'EDL', 'displayLock': 'N', 'scanproflg': 1, 'scUrl': 'electronic-goods/epackdurables/EDL', 'columns': [{'name': 'RSI Indicator value', 'value': '31.00'}, {'name': 'change %', 'value': '1.09'}, {'name': 'LTP', 'value': '181.63'}]}",OHLC_W_I_RSI30FABV,RSI exited Oversold Zone (Weekly),RSI exited Oversold Zone (Weekly),15,Indicator Scans,RSI exited Oversold Zone (Weekly),,,False,1,N,,OHLC_W_I_RSI30FABV
1790075717,"{'stkname': 'Global Surfaces', 'ltp': '', 'perChg': '', 'stkId': 'GS19', 'displayLock': 'N', 'scanproflg': 1, 'scUrl': 'ceramicsmarblegranitesanitaryware/globalsurfaces/GS17', 'columns': [{'name': 'RSI Indicator value', 'value': '32.89'}, {'name': 'change %', 'value': '4.99'}, {'name': 'LTP', 'value': '30.91'}]}",OHLC_W_I_RSI30FABV,RSI exited Oversold Zone (Weekly),RSI exited Oversold Zone (Weekly),15,Indicator Scans,RSI exited Oversold Zone (Weekly),,,False,1,N,,OHLC_W_I_RSI30FABV
1790075717,"{'stkname': 'Mahindra Holida', 'ltp': '', 'perChg': '', 'stkId': 'MHR', 'displayLock': 'N', 'scanproflg': 1, 'scUrl': 'hotels/mahindraholidaysresortsindia/MHR', 'columns': [{'name': 'RSI Indicator value', 'value': '30.49'}, {'name': 'change %', 'value': '-0.68'}, {'name': 'LTP', 'value': '200.00'}]}",OHLC_W_I_RSI30FABV,RSI exited Oversold Zone (Weekly),RSI exited Oversold Zone (Weekly),15,Indicator Scans,RSI exited Oversold Zone (Weekly),,,False,1,N,,OHLC_W_I_RSI30FABV
1790075717,"{'stkname': 'SBI Value ETF', 'ltp': '', 'perChg': '', 'stkId': 'SNV', 'displayLock': 'N', 'scanproflg': 1, 'scUrl': 'etf/sbinifty200value30etf/SNV', 'columns': [{'name': 'RSI Indicator value', 'value': '30.40'}, {'name': 'change %', 'value': '-0.14'}, {'name': 'LTP', 'value': '14.48'}]}",OHLC_W_I_RSI30FABV,RSI exited Oversold Zone (Weekly),RSI exited Oversold Zone (Weekly),15,Indicator Scans,RSI exited Oversold Zone (Weekly),,,False,1,N,,OHLC_W_I_RSI30FABV
1790075717,"{'stkname': 'Mirae NYSEFANG', 'ltp': '', 'perChg': '', 'stkId': 'MAN', 'displayLock': 'N', 'scanproflg': 1, 'scUrl': 'etf/miraeassetnysefang+etf/MAN', 'columns': [{'name': 'RSI Indicator value', 'value': '69.87'}, {'name': 'change %', 'value': '-2.20'}, {'name': 'LTP', 'value': '238.00'}]}",OHLC_W_I_RSI70FBELOW,RSI exited Overbought Zone (Weekly),RSI exited Overbought Zone (Weekly),15,Indicator Scans,RSI exited Overbought Zone (Weekly),,,False,1,N,,OHLC_W_I_RSI70FBELOW
1790075717,"{'stkname': 'Mirae SP 500', 'ltp': '', 'perChg': '', 'stkId': 'MAS02', 'displayLock': 'N', 'scanproflg': 1, 'scUrl': 'etf/miraeassetsp500top50etf/MAS01', 'columns': [{'name': 'RSI Indicator value', 'value': '59.51'}, {'name': 'change %', 'value': '-13.95'}, {'name': 'LTP', 'value': '97.45'}]}",OHLC_W_I_RSI70FBELOW,RSI exited Overbought Zone (Weekly),RSI exited Overbought Zone (Weekly),15,Indicator Scans,RSI exited Overbought Zone (Weekly),,,False,1,N,,OHLC_W_I_RSI70FBELOW
1790075717,"{'stkname': 'SEDEMAC Mechatr', 'ltp': '', 'perChg': '', 'stkId': 'SML08', 'displayLock': 'N', 'scanproflg': 1, 'scUrl': 'auto-ancillaries-auto-truckmotorcycle-parts/sedemacmechatronics/SML09', 'columns': [{'name': 'RSI Indicator value', 'value': '67.39'}, {'name': 'change %', 'value': '-1.94'}, {'name': 'LTP', 'value': '3,028.20'}]}",OHLC_W_I_RSI70FBELOW,RSI exited Overbought Zone (Weekly),RSI exited Overbought Zone (Weekly),15,Indicator Scans,RSI exited Overbought Zone (Weekly),,,False,1,N,,OHLC_W_I_RSI70FBELOW
1790075717,"{'stkname': 'Rubicon Res', 'ltp': '', 'perChg': '', 'stkId': 'RRL04', 'displayLock': 'N', 'scanproflg': 1, 'scUrl': 'pharmaceuticalsdrugs/rubiconresearch/RRL04', 'columns': [{'name': 'RSI Indicator value', 'value': '68.77'}, {'name': 'change %', 'value': '-3.27'}, {'name': 'LTP', 'value': '1,676.00'}]}",OHLC_W_I_RSI70FBELOW,RSI exited Overbought Zone (Weekly),RSI exited Overbought Zone (Weekly),15,Indicator Scans,RSI exited Overbought Zone (Weekly),,,False,1,N,,OHLC_W_I_RSI70FBELOW
1790075717,"{'stkname': 'Quadrant Future', 'ltp': '', 'perChg': '', 'stkId': 'QFT', 'displayLock': 'N', 'scanproflg': 1, 'scUrl': 'cables/quadrantfuturetek/QFT', 'columns': [{'name': 'RSI Indicator value', 'value': '69.46'}, {'name': 'change %', 'value': '-2.54'}, {'name': 'LTP', 'value': '522.40'}]}",OHLC_W_I_RSI70FBELOW,RSI exited Overbought Zone (Weekly),RSI exited Overbought Zone (Weekly),15,Indicator Scans,RSI exited Overbought Zone (Weekly),,,False,1,N,,OHLC_W_I_RSI70FBELOW
1790075717,"{'stkname': 'Gandhar Oil', 'ltp': '', 'perChg': '', 'stkId': 'GOR', 'displayLock': 'N', 'scanproflg': 1, 'scUrl': 'refineries/gandharoilrefineryindia/GOR', 'columns': [{'name': 'RSI Indicator value', 'value': '68.01'}, {'name': 'change %', 'value': '0.69'}, {'name': 'LTP', 'value': '269.50'}]}",OHLC_W_I_RSI70FBELOW,RSI exited Overbought Zone (Weekly),RSI exited Overbought Zone (Weekly),15,Indicator Scans,RSI exited Overbought Zone (Weekly),,,False,1,N,,OHLC_W_I_RSI70FBELOW
1790075717,"{'stkname': 'Ugar Sugar Work', 'ltp': '', 'perChg': '', 'stkId': 'USW', 'displayLock': 'N', 'scanproflg': 1, 'scUrl': 'sugar/ugarsugarworks/USW', 'columns': [{'name': 'RSI Indicator value', 'value': '69.66'}, {'name': 'change %', 'value': '-1.08'}, {'name': 'LTP', 'value': '55.20'}]}",OHLC_W_I_RSI70FBELOW,RSI exited Overbought Zone (Weekly),RSI exited Overbought Zone (Weekly),15,Indicator Scans,RSI exited Overbought Zone (Weekly),,,False,1,N,,OHLC_W_I_RSI70FBELOW
1790075717,"{'stkname': 'Creative New', 'ltp': '', 'perChg': '', 'stkId': 'CPD', 'displayLock': 'N', 'scanproflg': 1, 'scUrl': 'miscellaneous/creativenewtech/CPD', 'columns': [{'name': 'RSI Indicator value', 'value': '68.36'}, {'name': 'change %', 'value': '-2.23'}, {'name': 'LTP', 'value': '1,114.00'}]}",OHLC_W_I_RSI70FBELOW,RSI exited Overbought Zone (Weekly),RSI exited Overbought Zone (Weekly),15,Indicator Scans,RSI exited Overbought Zone (Weekly),,,False,1,N,,OHLC_W_I_RSI70FBELOW
1790075717,"{'stkname': 'Ipca Labs', 'ltp': '', 'perChg': '', 'stkId': 'IL', 'displayLock': 'N', 'scanproflg': 1, 'scUrl': 'pharmaceuticals/ipcalaboratories/IL', 'columns': [{'name': 'RSI Indicator value', 'value': '68.08'}, {'name': 'change %', 'value': '-1.27'}, {'name': 'LTP', 'value': '1,982.60'}]}",OHLC_W_I_RSI70FBELOW,RSI exited Overbought Zone (Weekly),RSI exited Overbought Zone (Weekly),15,Indicator Scans,RSI exited Overbought Zone (Weekly),,,False,1,N,,OHLC_W_I_RSI70FBELOW
1790075717,"{'stkname': 'Anthem Bioscien', 'ltp': '', 'perChg': '', 'stkId': 'ABL07', 'displayLock': 'N', 'scanproflg': 1, 'scUrl': 'pharmaceuticalsdrugs/anthembiosciences/ABL07', 'columns': [{'name': 'RSI Indicator value', 'value': '62.25'}, {'name': 'change %', 'value': '-2.98'}, {'name': 'LTP', 'value': '890.10'}]}",OHLC_W_I_RSI70FBELOW,RSI exited Overbought Zone (Weekly),RSI exited Overbought Zone (Weekly),15,Indicator Scans,RSI exited Overbought Zone (Weekly),,,False,1,N,,OHLC_W_I_RSI70FBELOW
1790075717,"{'stkname': 'Alivus Life', 'ltp': '', 'perChg': '', 'stkId': 'GLS01', 'displayLock': 'N', 'scanproflg': 1, 'scUrl': 'pharmaceuticalsdrugs/alivuslifesciences/GLS01', 'columns': [{'name': 'RSI Indicator value', 'value': '68.89'}, {'name': 'change %', 'value': '-1.86'}, {'name': 'LTP', 'value': '1,374.40'}]}",OHLC_W_I_RSI70FBELOW,RSI exited Overbought Zone (Weekly),RSI exited Overbought Zone (Weekly),15,Indicator Scans,RSI exited Overbought Zone (Weekly),,,False,1,N,,OHLC_W_I_RSI70FBELOW
1790075717,"{'stkname': 'ConfidencePetro', 'ltp': '', 'perChg': '', 'stkId': 'DG01', 'displayLock': 'N', 'scanproflg': 1, 'scUrl': 'miscellaneous/confidencepetroleum/CP10', 'columns': [{'name': 'RSI Indicator value', 'value': '65.77'}, {'name': 'change %', 'value': '-2.54'}, {'name': 'LTP', 'value': '86.70'}]}",OHLC_W_I_RSI70FBELOW,RSI exited Overbought Zone (Weekly),RSI exited Overbought Zone (Weekly),15,Indicator Scans,RSI exited Overbought Zone (Weekly),,,False,1,N,,OHLC_W_I_RSI70FBELOW
1790075717,"{'stkname': 'Mah Seamless', 'ltp': '', 'perChg': '', 'stkId': 'MS02', 'displayLock': 'N', 'scanproflg': 1, 'scUrl': 'steel-tubespipes/maharashtraseamless/MS02', 'columns': [{'name': 'RSI Indicator value', 'value': '64.03'}, {'name': 'change %', 'value': '-1.69'}, {'name': 'LTP', 'value': '695.00'}]}",OHLC_W_I_RSI70FBELOW,RSI exited Overbought Zone (Weekly),RSI exited Overbought Zone (Weekly),15,Indicator Scans,RSI exited Overbought Zone (Weekly),,,False,1,N,,OHLC_W_I_RSI70FBELOW
1790075717,"{'stkname': 'Bhagyanagar Ind', 'ltp': '', 'perChg': '', 'stkId': 'BM01', 'displayLock': 'N', 'scanproflg': 1, 'scUrl': 'cables-telephone/bhagyanagarindia/BI23', 'columns': [{'name': 'RSI Indicator value', 'value': '66.00'}, {'name': 'change %', 'value': '-1.58'}, {'name': 'LTP', 'value': '426.00'}]}",OHLC_W_I_RSI70FBELOW,RSI exited Overbought Zone (Weekly),RSI exited Overbought Zone (Weekly),15,Indicator Scans,RSI exited Overbought Zone (Weekly),,,False,1,N,,OHLC_W_I_RSI70FBELOW
1790075717,"{'stkname': 'PTC Industries', 'ltp': '', 'perChg': '', 'stkId': 'PTC02', 'displayLock': 'N', 'scanproflg': 1, 'scUrl': 'engineering-heavy/ptcindustries/PTC03', 'columns': [{'name': 'RSI Indicator value', 'value': '66.36'}, {'name': 'change %', 'value': '-0.18'}, {'name': 'LTP', 'value': '22,260.00'}]}",OHLC_W_I_RSI70FBELOW,RSI exited Overbought Zone (Weekly),RSI exited Overbought Zone (Weekly),15,Indicator Scans,RSI exited Overbought Zone (Weekly),,,False,1,N,,OHLC_W_I_RSI70FBELOW
1790075717,"{'stkname': 'Softtech Engine', 'ltp': '', 'perChg': '', 'stkId': 'SE26', 'displayLock': 'N', 'scanproflg': 1, 'scUrl': 'computers-software/softtechengineers/SE24', 'columns': [{'name': 'RSI Indicator value', 'value': '65.89'}, {'name': 'change %', 'value': '-5.00'}, {'name': 'LTP', 'value': '494.95'}]}",OHLC_W_I_RSI70FBELOW,RSI exited Overbought Zone (Weekly),RSI exited Overbought Zone (Weekly),15,Indicator Scans,RSI exited Overbought Zone (Weekly),,,False,1,N,,OHLC_W_I_RSI70FBELOW
1790075717,"{'stkname': 'Vijaya Diagnost', 'ltp': '', 'perChg': '', 'stkId': 'VDC01', 'displayLock': 'N', 'scanproflg': 1, 'scUrl': 'hospitalhealthcare-services/vijayadiagnosticcentre/VDC01', 'columns': [{'name': 'RSI Indicator value', 'value': '65.75'}, {'name': 'change %', 'value': '-2.74'}, {'name': 'LTP', 'value': '1,513.50'}]}",OHLC_W_I_RSI70FBELOW,RSI exited Overbought Zone (Weekly),RSI exited Overbought Zone (Weekly),15,Indicator Scans,RSI exited Overbought Zone (Weekly),,,False,1,N,,OHLC_W_I_RSI70FBELOW
1790075717,"{'stkname': 'Kalyani Forge', 'ltp': '', 'perChg': '', 'stkId': 'KF02', 'displayLock': 'N', 'scanproflg': 1, 'scUrl': 'castingsforgings/kalyaniforge/KF02', 'columns': [{'name': 'RSI Indicator value', 'value': '67.83'}, {'name': 'change %', 'value': '-1.33'}, {'name': 'LTP', 'value': '929.35'}]}",OHLC_W_I_RSI70FBELOW,RSI exited Overbought Zone (Weekly),RSI exited Overbought Zone (Weekly),15,Indicator Scans,RSI exited Overbought Zone (Weekly),,,False,1,N,,OHLC_W_I_RSI70FBELOW
1790075717,"{'stkname': 'Welspun Enter', 'ltp': '', 'perChg': '', 'stkId': 'MSK', 'displayLock': 'N', 'scanproflg': 1, 'scUrl': 'constructioncontracting-civil/welspunenterprises/MSK', 'columns': [{'name': 'RSI Indicator value', 'value': '69.91'}, {'name': 'change %', 'value': '-0.47'}, {'name': 'LTP', 'value': '781.00'}]}",OHLC_W_I_RSI70FBELOW,RSI exited Overbought Zone (Weekly),RSI exited Overbought Zone (Weekly),15,Indicator Scans,RSI exited Overbought Zone (Weekly),,,False,1,N,,OHLC_W_I_RSI70FBELOW
1790075717,"{'stkname': 'Shree Pushkar', 'ltp': '', 'perChg': '', 'stkId': 'SPC03', 'displayLock': 'N', 'scanproflg': 1, 'scUrl': 'chemicals/shreepushkarchemicalsfertilisers/SPC03', 'columns': [{'name': 'RSI Indicator value', 'value': '69.48'}, {'name': 'change %', 'value': '-1.22'}, {'name': 'LTP', 'value': '507.00'}]}",OHLC_W_I_RSI70FBELOW,RSI exited Overbought Zone (Weekly),RSI exited Overbought Zone (Weekly),15,Indicator Scans,RSI exited Overbought Zone (Weekly),,,False,1,N,,OHLC_W_I_RSI70FBELOW
1790075717,"{'stkname': 'Neogen', 'ltp': '', 'perChg': '', 'stkId': 'NC12', 'displayLock': 'N', 'scanproflg': 1, 'scUrl': 'chemicals/neogenchemicals/NC11', 'columns': [{'name': 'RSI Indicator value', 'value': '66.63'}, {'name': 'change %', 'value': '0.86'}, {'name': 'LTP', 'value': '2,380.00'}]}",OHLC_W_I_RSI70FBELOW,RSI exited Overbought Zone (Weekly),RSI exited Overbought Zone (Weekly),15,Indicator Scans,RSI exited Overbought Zone (Weekly),,,False,1,N,,OHLC_W_I_RSI70FBELOW
1790075717,"{'stkname': 'Foseco India', 'ltp': '', 'perChg': '', 'stkId': 'FI12', 'displayLock': 'N', 'scanproflg': 1, 'scUrl': 'chemicals/fosecoindia/FI12', 'columns': [{'name': 'RSI Indicator value', 'value': '69.38'}, {'name': 'change %', 'value': '-0.69'}, {'name': 'LTP', 'value': '6,597.00'}]}",OHLC_W_I_RSI70FBELOW,RSI exited Overbought Zone (Weekly),RSI exited Overbought Zone (Weekly),15,Indicator Scans,RSI exited Overbought Zone (Weekly),,,False,1,N,,OHLC_W_I_RSI70FBELOW
1790075717,"{'stkname': 'Sundram', 'ltp': '', 'perChg': '', 'stkId': 'SF', 'displayLock': 'N', 'scanproflg': 1, 'scUrl': 'fasteners/sundramfasteners/SF23', 'columns': [{'name': 'RSI Indicator value', 'value': '67.94'}, {'name': 'change %', 'value': '-1.09'}, {'name': 'LTP', 'value': '1,194.20'}]}",OHLC_W_I_RSI70FBELOW,RSI exited Overbought Zone (Weekly),RSI exited Overbought Zone (Weekly),15,Indicator Scans,RSI exited Overbought Zone (Weekly),,,False,1,N,,OHLC_W_I_RSI70FBELOW
1790075717,"{'stkname': 'Corona Remedies', 'ltp': '', 'perChg': '', 'stkId': 'CRL02', 'displayLock': 'N', 'scanproflg': 1, 'scUrl': 'miscellaneous/coronaremedies/CRL02', 'columns': [{'name': 'RSI Indicator value', 'value': '69.71'}, {'name': 'change %', 'value': '-1.26'}, {'name': 'LTP', 'value': '2,185.00'}]}",OHLC_W_I_RSI70FBELOW,RSI exited Overbought Zone (Weekly),RSI exited Overbought Zone (Weekly),15,Indicator Scans,RSI exited Overbought Zone (Weekly),,,False,1,N,,OHLC_W_I_RSI70FBELOW
1790075717,"{'stkname': 'Subex', 'ltp': '', 'perChg': '', 'stkId': 'SS49', 'displayLock': 'N', 'scanproflg': 1, 'scUrl': 'software/subex/S15', 'columns': [{'name': 'RSI Indicator value', 'value': '68.94'}, {'name': 'change %', 'value': '-1.22'}, {'name': 'LTP', 'value': '19.37'}]}",OHLC_W_I_RSI70FBELOW,RSI exited Overbought Zone (Weekly),RSI exited Overbought Zone (Weekly),15,Indicator Scans,RSI exited Overbought Zone (Weekly),,,False,1,N,,OHLC_W_I_RSI70FBELOW
1790075717,"{'stkname': 'Aurobindo Pharm', 'ltp': '', 'perChg': '', 'stkId': 'AP', 'displayLock': 'N', 'scanproflg': 1, 'scUrl': 'pharmaceuticals/aurobindopharma/AP', 'columns': [{'name': 'RSI Indicator value', 'value': '68.96'}, {'name': 'change %', 'value': '-0.78'}, {'name': 'LTP', 'value': '1,700.00'}]}",OHLC_W_I_RSI70FBELOW,RSI exited Overbought Zone (Weekly),RSI exited Overbought Zone (Weekly),15,Indicator Scans,RSI exited Overbought Zone (Weekly),,,False,1,N,,OHLC_W_I_RSI70FBELOW
1790075717,"{'stkname': 'Radico Khaitan', 'ltp': '', 'perChg': '', 'stkId': 'RK01', 'displayLock': 'N', 'scanproflg': 1, 'scUrl': 'breweriesdistilleries/radicokhaitan/RK01', 'columns': [{'name': 'RSI Indicator value', 'value': '68.69'}, {'name': 'change %', 'value': '-0.70'}, {'name': 'LTP', 'value': '4,448.80'}]}",OHLC_W_I_RSI70FBELOW,RSI exited Overbought Zone (Weekly),RSI exited Overbought Zone (Weekly),15,Indicator Scans,RSI exited Overbought Zone (Weekly),,,False,1,N,,OHLC_W_I_RSI70FBELOW
1790075717,"{'stkname': 'Anand Rathi', 'ltp': '', 'perChg': '', 'stkId': 'ARW', 'displayLock': 'N', 'scanproflg': 1, 'scUrl': 'finance-investment/anandrathiwealth/ARW', 'columns': [{'name': 'RSI Indicator value', 'value': '69.03'}, {'name': 'change %', 'value': '-1.70'}, {'name': 'LTP', 'value': '2,173.50'}]}",OHLC_W_I_RSI70FBELOW,RSI exited Overbought Zone (Weekly),RSI exited Overbought Zone (Weekly),15,Indicator Scans,RSI exited Overbought Zone (Weekly),,,False,1,N,,OHLC_W_I_RSI70FBELOW
1790075717,"{'stkname': 'SBISMLETF', 'ltp': '', 'perChg': '', 'stkId': 'SNS', 'displayLock': 'N', 'scanproflg': 1, 'scUrl': 'etf/sbiniftysmallcap250etf/SNS02', 'columns': [{'name': 'RSI Indicator value', 'value': '68.92'}, {'name': 'change %', 'value': '-0.27'}, {'name': 'LTP', 'value': '18.27'}]}",OHLC_W_I_RSI70FBELOW,RSI exited Overbought Zone (Weekly),RSI exited Overbought Zone (Weekly),15,Indicator Scans,RSI exited Overbought Zone (Weekly),,,False,1,N,,OHLC_W_I_RSI70FBELOW
1790075717,"{'stkname': 'Ather Energy', 'ltp': '', 'perChg': '', 'stkId': 'AEL10', 'displayLock': 'N', 'scanproflg': 1, 'scUrl': 'auto-ancillaries-brakes/atherenergy/AEL09', 'columns': [{'name': 'RSI Indicator value', 'value': '69.05'}, {'name': 'change %', 'value': '-3.09'}, {'name': 'LTP', 'value': '1,543.80'}]}",OHLC_W_I_RSI70FBELOW,RSI exited Overbought Zone (Weekly),RSI exited Overbought Zone (Weekly),15,Indicator Scans,RSI exited Overbought Zone (Weekly),,,False,1,N,,OHLC_W_I_RSI70FBELOW
1790075717,"{'stkname': 'MO Nasdaq Q50', 'ltp': '', 'perChg': '', 'stkId': 'MON', 'displayLock': 'N', 'scanproflg': 1, 'scUrl': 'etf/motilaloswalnasdaqq50etf/MON', 'columns': [{'name': 'RSI Indicator value', 'value': '61.64'}, {'name': 'change %', 'value': '-20.00'}, {'name': 'LTP', 'value': '253.64'}]}",OHLC_W_I_RSI70FBELOW,RSI exited Overbought Zone (Weekly),RSI exited Overbought Zone (Weekly),15,Indicator Scans,RSI exited Overbought Zone (Weekly),,,False,1,N,,OHLC_W_I_RSI70FBELOW
1790075717,"{'stkname': 'Vesuvius India', 'ltp': '', 'perChg': '', 'stkId': 'VI06', 'displayLock': 'N', 'scanproflg': 1, 'scUrl': 'cement-productsbuilding-materials/vesuviusindia/VI06', 'columns': [{'name': 'RSI Indicator value', 'value': '29.58'}, {'name': 'change %', 'value': '-1.45'}, {'name': 'LTP', 'value': '392.00'}]}",OHLC_W_I_RSI30FBELOW,RSI entered Oversold Zone (Weekly),RSI entered Oversold Zone (Weekly),15,Indicator Scans,RSI entered Oversold Zone (Weekly),,,False,1,N,,OHLC_W_I_RSI30FBELOW
1790075717,"{'stkname': 'United Brewerie', 'ltp': '', 'perChg': '', 'stkId': 'UBB', 'displayLock': 'N', 'scanproflg': 1, 'scUrl': 'breweriesdistilleries/unitedbreweries/UB02', 'columns': [{'name': 'RSI Indicator value', 'value': '28.22'}, {'name': 'change %', 'value': '-0.80'}, {'name': 'LTP', 'value': '1,218.00'}]}",OHLC_W_I_RSI30FBELOW,RSI entered Oversold Zone (Weekly),RSI entered Oversold Zone (Weekly),15,Indicator Scans,RSI entered Oversold Zone (Weekly),,,False,1,N,,OHLC_W_I_RSI30FBELOW
1790075717,"{'stkname': 'Shalby ', 'ltp': '', 'perChg': '', 'stkId': 'SL17', 'displayLock': 'N', 'scanproflg': 1, 'scUrl': 'hospitalsmedical-services/shalby/SL18', 'columns': [{'name': 'RSI Indicator value', 'value': '29.97'}, {'name': 'change %', 'value': '-1.32'}, {'name': 'LTP', 'value': '136.50'}]}",OHLC_W_I_RSI30FBELOW,RSI entered Oversold Zone (Weekly),RSI entered Oversold Zone (Weekly),15,Indicator Scans,RSI entered Oversold Zone (Weekly),,,False,1,N,,OHLC_W_I_RSI30FBELOW
1790075717,"{'stkname': 'RUDRABHISHEK', 'ltp': '', 'perChg': '', 'stkId': 'RE11', 'displayLock': 'N', 'scanproflg': 1, 'scUrl': 'infrastructure/rudrabhishekenterprises/RE11', 'columns': [{'name': 'RSI Indicator value', 'value': '29.97'}, {'name': 'change %', 'value': '-3.80'}, {'name': 'LTP', 'value': '57.00'}]}",OHLC_W_I_RSI30FBELOW,RSI entered Oversold Zone (Weekly),RSI entered Oversold Zone (Weekly),15,Indicator Scans,RSI entered Oversold Zone (Weekly),,,False,1,N,,OHLC_W_I_RSI30FBELOW
1790075717,"{'stkname': 'Vinati Organics', 'ltp': '', 'perChg': '', 'stkId': 'VO01', 'displayLock': 'N', 'scanproflg': 1, 'scUrl': 'chemicals/vinatiorganics/VO01', 'columns': [{'name': 'RSI Indicator value', 'value': '29.40'}, {'name': 'change %', 'value': '-1.65'}, {'name': 'LTP', 'value': '1,201.90'}]}",OHLC_W_I_RSI30FBELOW,RSI entered Oversold Zone (Weekly),RSI entered Oversold Zone (Weekly),15,Indicator Scans,RSI entered Oversold Zone (Weekly),,,False,1,N,,OHLC_W_I_RSI30FBELOW
1790075717,"{'stkname': 'ACC', 'ltp': '', 'perChg': '', 'stkId': 'ACC', 'displayLock': 'N', 'scanproflg': 1, 'scUrl': 'cement-major/acc/ACC06', 'columns': [{'name': 'RSI Indicator value', 'value': '29.49'}, {'name': 'change %', 'value': '-1.33'}, {'name': 'LTP', 'value': '1,239.60'}]}",OHLC_W_I_RSI30FBELOW,RSI entered Oversold Zone (Weekly),RSI entered Oversold Zone (Weekly),15,Indicator Scans,RSI entered Oversold Zone (Weekly),,,False,1,N,,OHLC_W_I_RSI30FBELOW
1790075717,"{'stkname': 'SBI 1D Rate', 'ltp': '', 'perChg': '', 'stkId': 'LIQUI19705', 'displayLock': 'N', 'scanproflg': 1, 'scUrl': 'etf/sbinifty1drateetf/LIQUI19705', 'columns': [{'name': 'RSI Indicator value', 'value': '52.54'}, {'name': 'change %', 'value': '0.00'}, {'name': 'LTP', 'value': '1,000.01'}]}",OHLC_W_I_RSIABVAVE,RSI Bullish Crossover (Weekly),RSI Bullish Crossover (Weekly),15,Indicator Scans,RSI Bullish Crossover (Weekly),,,False,1,N,,OHLC_W_I_RSIABVAVE
1790075717,"{'stkname': 'Nipp Nifty1D', 'ltp': '', 'perChg': '', 'stkId': 'LB', 'displayLock': 'N', 'scanproflg': 1, 'scUrl': 'etf/nipponindiaetfnifty1drateliquidbees/LB', 'columns': [{'name': 'RSI Indicator value', 'value': '57.47'}, {'name': 'change %', 'value': '0.00'}, {'name': 'LTP', 'value': '1,000.01'}]}",OHLC_W_I_RSIABVAVE,RSI Bullish Crossover (Weekly),RSI Bullish Crossover (Weekly),15,Indicator Scans,RSI Bullish Crossover (Weekly),,,False,1,N,,OHLC_W_I_RSIABVAVE
1790075717,"{'stkname': 'Creative Eye', 'ltp': '', 'perChg': '', 'stkId': 'CE08', 'displayLock': 'N', 'scanproflg': 1, 'scUrl': 'mediaentertainment/creativeeye/CE08', 'columns': [{'name': 'RSI Indicator value', 'value': '48.29'}, {'name': 'change %', 'value': '13.51'}, {'name': 'LTP', 'value': '6.30'}]}",OHLC_W_I_RSIABVAVE,RSI Bullish Crossover (Weekly),RSI Bullish Crossover (Weekly),15,Indicator Scans,RSI Bullish Crossover (Weekly),,,False,1,N,,OHLC_W_I_RSIABVAVE
1790075717,"{'stkname': 'Cinevista', 'ltp': '', 'perChg': '', 'stkId': 'CC25', 'displayLock': 'N', 'scanproflg': 1, 'scUrl': 'mediaentertainment/cinevista/C97', 'columns': [{'name': 'RSI Indicator value', 'value': '42.47'}, {'name': 'change %', 'value': '1.84'}, {'name': 'LTP', 'value': '14.40'}]}",OHLC_W_I_RSIABVAVE,RSI Bullish Crossover (Weekly),RSI Bullish Crossover (Weekly),15,Indicator Scans,RSI Bullish Crossover (Weekly),,,False,1,N,,OHLC_W_I_RSIABVAVE
1790075717,"{'stkname': 'RHI Magnesita', 'ltp': '', 'perChg': '', 'stkId': 'OR01', 'displayLock': 'N', 'scanproflg': 1, 'scUrl': 'cement-productsbuilding-materials/rhimagnesitaindia/OR01', 'columns': [{'name': 'RSI Indicator value', 'value': '45.79'}, {'name': 'change %', 'value': '2.88'}, {'name': 'LTP', 'value': '378.60'}]}",OHLC_W_I_RSIABVAVE,RSI Bullish Crossover (Weekly),RSI Bullish Crossover (Weekly),15,Indicator Scans,RSI Bullish Crossover (Weekly),,,False,1,N,,OHLC_W_I_RSIABVAVE
1790075717,"{'stkname': 'Protean eGov', 'ltp': '', 'perChg': '', 'stkId': 'PETL', 'displayLock': 'N', 'scanproflg': 1, 'scUrl': 'it-servicesconsulting/proteanegovtechnologies/PeTL', 'columns': [{'name': 'RSI Indicator value', 'value': '55.80'}, {'name': 'change %', 'value': '6.42'}, {'name': 'LTP', 'value': '626.10'}]}",OHLC_W_I_RSIABVAVE,RSI Bullish Crossover (Weekly),RSI Bullish Crossover (Weekly),15,Indicator Scans,RSI Bullish Crossover (Weekly),,,False,1,N,,OHLC_W_I_RSIABVAVE
1790075717,"{'stkname': 'Ceinsys Tech', 'ltp': '', 'perChg': '', 'stkId': 'AI45', 'displayLock': 'N', 'scanproflg': 1, 'scUrl': 'computers-software/ceinsystech/AI28', 'columns': [{'name': 'RSI Indicator value', 'value': '35.05'}, {'name': 'change %', 'value': '-0.65'}, {'name': 'LTP', 'value': '705.05'}]}",OHLC_W_I_RSIABVAVE,RSI Bullish Crossover (Weekly),RSI Bullish Crossover (Weekly),15,Indicator Scans,RSI Bullish Crossover (Weekly),,,False,1,N,,OHLC_W_I_RSIABVAVE
1790075717,"{'stkname': 'Shankara Build', 'ltp': '', 'perChg': '', 'stkId': 'SBL06', 'displayLock': 'N', 'scanproflg': 1, 'scUrl': 'ironsteel/shankarabuildpro/SBL06', 'columns': [{'name': 'RSI Indicator value', 'value': '62.78'}, {'name': 'change %', 'value': '2.72'}, {'name': 'LTP', 'value': '1,314.80'}]}",OHLC_W_I_RSIABVAVE,RSI Bullish Crossover (Weekly),RSI Bullish Crossover (Weekly),15,Indicator Scans,RSI Bullish Crossover (Weekly),,,False,1,N,,OHLC_W_I_RSIABVAVE
1790075717,"{'stkname': 'Saatvik Green', 'ltp': '', 'perChg': '', 'stkId': 'SGEL', 'displayLock': 'N', 'scanproflg': 1, 'scUrl': 'renewables/saatvikgreenenergy/SGEL', 'columns': [{'name': 'RSI Indicator value', 'value': '53.91'}, {'name': 'change %', 'value': '4.03'}, {'name': 'LTP', 'value': '449.00'}]}",OHLC_W_I_RSIABVAVE,RSI Bullish Crossover (Weekly),RSI Bullish Crossover (Weekly),15,Indicator Scans,RSI Bullish Crossover (Weekly),,,False,1,N,,OHLC_W_I_RSIABVAVE
1790075717,"{'stkname': 'Tips Music', 'ltp': '', 'perChg': '', 'stkId': 'TI25', 'displayLock': 'N', 'scanproflg': 1, 'scUrl': 'film-production-distributionentertainment/tipsmusic/TI25', 'columns': [{'name': 'RSI Indicator value', 'value': '54.48'}, {'name': 'change %', 'value': '0.58'}, {'name': 'LTP', 'value': '663.85'}]}",OHLC_W_I_RSIABVAVE,RSI Bullish Crossover (Weekly),RSI Bullish Crossover (Weekly),15,Indicator Scans,RSI Bullish Crossover (Weekly),,,False,1,N,,OHLC_W_I_RSIABVAVE
1790075717,"{'stkname': 'Shreeji Shippin', 'ltp': '', 'perChg': '', 'stkId': 'SSG02', 'displayLock': 'N', 'scanproflg': 1, 'scUrl': 'shipping/shreejishippingglobal/SSG', 'columns': [{'name': 'RSI Indicator value', 'value': '79.90'}, {'name': 'change %', 'value': '1.20'}, {'name': 'LTP', 'value': '718.00'}]}",OHLC_W_I_RSIABVAVE,RSI Bullish Crossover (Weekly),RSI Bullish Crossover (Weekly),15,Indicator Scans,RSI Bullish Crossover (Weekly),,,False,1,N,,OHLC_W_I_RSIABVAVE
1790075717,"{'stkname': 'Regaal Resource', 'ltp': '', 'perChg': '', 'stkId': 'RRL03', 'displayLock': 'N', 'scanproflg': 1, 'scUrl': 'food-processing/regaalresources/RRL03', 'columns': [{'name': 'RSI Indicator value', 'value': '59.48'}, {'name': 'change %', 'value': '18.41'}, {'name': 'LTP', 'value': '98.80'}]}",OHLC_W_I_RSIABVAVE,RSI Bullish Crossover (Weekly),RSI Bullish Crossover (Weekly),15,Indicator Scans,RSI Bullish Crossover (Weekly),,,False,1,N,,OHLC_W_I_RSIABVAVE
1790075717,"{'stkname': 'Studds Access', 'ltp': '', 'perChg': '', 'stkId': 'SAL06', 'displayLock': 'N', 'scanproflg': 1, 'scUrl': 'auto-ancillaries-others/studdsaccessories/SAL05', 'columns': [{'name': 'RSI Indicator value', 'value': '38.74'}, {'name': 'change %', 'value': '-1.97'}, {'name': 'LTP', 'value': '422.00'}]}",OHLC_W_I_RSIABVAVE,RSI Bullish Crossover (Weekly),RSI Bullish Crossover (Weekly),15,Indicator Scans,RSI Bullish Crossover (Weekly),,,False,1,N,,OHLC_W_I_RSIABVAVE
1790075717,"{'stkname': 'Jain Resource', 'ltp': '', 'perChg': '', 'stkId': 'JRRL', 'displayLock': 'N', 'scanproflg': 1, 'scUrl': 'metals-non-ferrous/jainresourcerecycling/JRRL', 'columns': [{'name': 'RSI Indicator value', 'value': '41.24'}, {'name': 'change %', 'value': '6.69'}, {'name': 'LTP', 'value': '291.00'}]}",OHLC_W_I_RSIABVAVE,RSI Bullish Crossover (Weekly),RSI Bullish Crossover (Weekly),15,Indicator Scans,RSI Bullish Crossover (Weekly),,,False,1,N,,OHLC_W_I_RSIABVAVE
1790075717,"{'stkname': 'Tenneco Clean', 'ltp': '', 'perChg': '', 'stkId': 'TCAIL', 'displayLock': 'N', 'scanproflg': 1, 'scUrl': 'auto-ancillaries-engine-parts/tennecocleanairindia/TCAIL', 'columns': [{'name': 'RSI Indicator value', 'value': '47.18'}, {'name': 'change %', 'value': '3.30'}, {'name': 'LTP', 'value': '531.05'}]}",OHLC_W_I_RSIABVAVE,RSI Bullish Crossover (Weekly),RSI Bullish Crossover (Weekly),15,Indicator Scans,RSI Bullish Crossover (Weekly),,,False,1,N,,OHLC_W_I_RSIABVAVE
1790075717,"{'stkname': 'GK Energy', 'ltp': '', 'perChg': '', 'stkId': 'GEL02', 'displayLock': 'N', 'scanproflg': 1, 'scUrl': 'renewables/gkenergy/GEL02', 'columns': [{'name': 'RSI Indicator value', 'value': '47.97'}, {'name': 'change %', 'value': '0.96'}, {'name': 'LTP', 'value': '127.80'}]}",OHLC_W_I_RSIABVAVE,RSI Bullish Crossover (Weekly),RSI Bullish Crossover (Weekly),15,Indicator Scans,RSI Bullish Crossover (Weekly),,,False,1,N,,OHLC_W_I_RSIABVAVE
1790075717,"{'stkname': 'Capillary Tech', 'ltp': '', 'perChg': '', 'stkId': 'CTI02', 'displayLock': 'N', 'scanproflg': 1, 'scUrl': 'it-servicesconsulting/capillarytechnologiesindia/CTI02', 'columns': [{'name': 'RSI Indicator value', 'value': '54.58'}, {'name': 'change %', 'value': '7.42'}, {'name': 'LTP', 'value': '548.00'}]}",OHLC_W_I_RSIABVAVE,RSI Bullish Crossover (Weekly),RSI Bullish Crossover (Weekly),15,Indicator Scans,RSI Bullish Crossover (Weekly),,,False,1,N,,OHLC_W_I_RSIABVAVE
1790075717,"{'stkname': 'Emmvee Photovol', 'ltp': '', 'perChg': '', 'stkId': 'EPP01', 'displayLock': 'N', 'scanproflg': 1, 'scUrl': 'renewables/emmveephotovoltaicpower/EPP01', 'columns': [{'name': 'RSI Indicator value', 'value': '61.01'}, {'name': 'change %', 'value': '-0.18'}, {'name': 'LTP', 'value': '340.00'}]}",OHLC_W_I_RSIABVAVE,RSI Bullish Crossover (Weekly),RSI Bullish Crossover (Weekly),15,Indicator Scans,RSI Bullish Crossover (Weekly),,,False,1,N,,OHLC_W_I_RSIABVAVE
1790075717,"{'stkname': 'Garuda Const', 'ltp': '', 'perChg': '', 'stkId': 'GCE01', 'displayLock': 'N', 'scanproflg': 1, 'scUrl': 'cementconstruction-materials/garudaconstructionengineering/GCE01', 'columns': [{'name': 'RSI Indicator value', 'value': '53.47'}, {'name': 'change %', 'value': '3.41'}, {'name': 'LTP', 'value': '182.80'}]}",OHLC_W_I_RSIABVAVE,RSI Bullish Crossover (Weekly),RSI Bullish Crossover (Weekly),15,Indicator Scans,RSI Bullish Crossover (Weekly),,,False,1,N,,OHLC_W_I_RSIABVAVE
1790075717,"{'stkname': 'Unicommerce Eso', 'ltp': '', 'perChg': '', 'stkId': 'UEL', 'displayLock': 'N', 'scanproflg': 1, 'scUrl': 'it-servicesconsulting/unicommerceesolutions/UeL', 'columns': [{'name': 'RSI Indicator value', 'value': '41.87'}, {'name': 'change %', 'value': '5.75'}, {'name': 'LTP', 'value': '85.77'}]}",OHLC_W_I_RSIABVAVE,RSI Bullish Crossover (Weekly),RSI Bullish Crossover (Weekly),15,Indicator Scans,RSI Bullish Crossover (Weekly),,,False,1,N,,OHLC_W_I_RSIABVAVE
1790075717,"{'stkname': 'Epack Prefab', 'ltp': '', 'perChg': '', 'stkId': 'EPTL', 'displayLock': 'N', 'scanproflg': 1, 'scUrl': 'engineeringconstruction/epackprefabtechnologies/EPTL', 'columns': [{'name': 'RSI Indicator value', 'value': '55.91'}, {'name': 'change %', 'value': '3.28'}, {'name': 'LTP', 'value': '249.50'}]}",OHLC_W_I_RSIABVAVE,RSI Bullish Crossover (Weekly),RSI Bullish Crossover (Weekly),15,Indicator Scans,RSI Bullish Crossover (Weekly),,,False,1,N,,OHLC_W_I_RSIABVAVE
1790075717,"{'stkname': 'Godavari Bio', 'ltp': '', 'perChg': '', 'stkId': 'GBL02', 'displayLock': 'N', 'scanproflg': 1, 'scUrl': 'diversified/godavaribiorefineries/GBL02', 'columns': [{'name': 'RSI Indicator value', 'value': '41.78'}, {'name': 'change %', 'value': '0.88'}, {'name': 'LTP', 'value': '244.60'}]}",OHLC_W_I_RSIABVAVE,RSI Bullish Crossover (Weekly),RSI Bullish Crossover (Weekly),15,Indicator Scans,RSI Bullish Crossover (Weekly),,,False,1,N,,OHLC_W_I_RSIABVAVE
1790075717,"{'stkname': 'Shadowfax Tech', 'ltp': '', 'perChg': '', 'stkId': 'STL13', 'displayLock': 'N', 'scanproflg': 1, 'scUrl': 'courier-services/shadowfaxtechnologies/STL14', 'columns': [{'name': 'RSI Indicator value', 'value': '78.13'}, {'name': 'change %', 'value': '3.70'}, {'name': 'LTP', 'value': '282.85'}]}",OHLC_W_I_RSIABVAVE,RSI Bullish Crossover (Weekly),RSI Bullish Crossover (Weekly),15,Indicator Scans,RSI Bullish Crossover (Weekly),,,False,1,N,,OHLC_W_I_RSIABVAVE
1790075717,"{'stkname': 'Shanti Gold', 'ltp': '', 'perChg': '', 'stkId': 'SGIL', 'displayLock': 'N', 'scanproflg': 1, 'scUrl': 'diamondjewellery/shantigoldinternational/SGIL', 'columns': [{'name': 'RSI Indicator value', 'value': '61.32'}, {'name': 'change %', 'value': '0.12'}, {'name': 'LTP', 'value': '259.00'}]}",OHLC_W_I_RSIABVAVE,RSI Bullish Crossover (Weekly),RSI Bullish Crossover (Weekly),15,Indicator Scans,RSI Bullish Crossover (Weekly),,,False,1,N,,OHLC_W_I_RSIABVAVE
1790075717,"{'stkname': 'Dev Accelerator', 'ltp': '', 'perChg': '', 'stkId': 'DAL02', 'displayLock': 'N', 'scanproflg': 1, 'scUrl': 'miscellaneous/devaccelerator/DAL02', 'columns': [{'name': 'RSI Indicator value', 'value': '44.33'}, {'name': 'change %', 'value': '-0.94'}, {'name': 'LTP', 'value': '34.80'}]}",OHLC_W_I_RSIABVAVE,RSI Bullish Crossover (Weekly),RSI Bullish Crossover (Weekly),15,Indicator Scans,RSI Bullish Crossover (Weekly),,,False,1,N,,OHLC_W_I_RSIABVAVE
1790075717,"{'stkname': 'Carraro India', 'ltp': '', 'perChg': '', 'stkId': 'CIL08', 'displayLock': 'N', 'scanproflg': 1, 'scUrl': 'auto-ancillaries/carraroindia/CIL08', 'columns': [{'name': 'RSI Indicator value', 'value': '51.25'}, {'name': 'change %', 'value': '2.50'}, {'name': 'LTP', 'value': '541.55'}]}",OHLC_W_I_RSIABVAVE,RSI Bullish Crossover (Weekly),RSI Bullish Crossover (Weekly),15,Indicator Scans,RSI Bullish Crossover (Weekly),,,False,1,N,,OHLC_W_I_RSIABVAVE
1790075717,"{'stkname': 'Ventive Hospita', 'ltp': '', 'perChg': '', 'stkId': 'VHL01', 'displayLock': 'N', 'scanproflg': 1, 'scUrl': 'hotel-resortrestaurants/ventivehospitality/VHL01', 'columns': [{'name': 'RSI Indicator value', 'value': '42.18'}, {'name': 'change %', 'value': '4.54'}, {'name': 'LTP', 'value': '582.00'}]}",OHLC_W_I_RSIABVAVE,RSI Bullish Crossover (Weekly),RSI Bullish Crossover (Weekly),15,Indicator Scans,RSI Bullish Crossover (Weekly),,,False,1,N,,OHLC_W_I_RSIABVAVE
1790075717,"{'stkname': 'Transrail Light', 'ltp': '', 'perChg': '', 'stkId': 'TLL01', 'displayLock': 'N', 'scanproflg': 1, 'scUrl': 'engineering-construction/transraillighting/TLL01', 'columns': [{'name': 'RSI Indicator value', 'value': '46.82'}, {'name': 'change %', 'value': '14.44'}, {'name': 'LTP', 'value': '474.00'}]}",OHLC_W_I_RSIABVAVE,RSI Bullish Crossover (Weekly),RSI Bullish Crossover (Weekly),15,Indicator Scans,RSI Bullish Crossover (Weekly),,,False,1,N,,OHLC_W_I_RSIABVAVE
1790075717,"{'stkname': 'DEE Development', 'ltp': '', 'perChg': '', 'stkId': 'DDEL', 'displayLock': 'N', 'scanproflg': 1, 'scUrl': 'ironsteel/deedevelopmentengineers/DDEL', 'columns': [{'name': 'RSI Indicator value', 'value': '66.08'}, {'name': 'change %', 'value': '1.57'}, {'name': 'LTP', 'value': '691.80'}]}",OHLC_W_I_RSIABVAVE,RSI Bullish Crossover (Weekly),RSI Bullish Crossover (Weekly),15,Indicator Scans,RSI Bullish Crossover (Weekly),,,False,1,N,,OHLC_W_I_RSIABVAVE
1790075717,"{'stkname': 'Flair Writing', 'ltp': '', 'perChg': '', 'stkId': 'FWIL', 'displayLock': 'N', 'scanproflg': 1, 'scUrl': 'householdpersonal-products/flairwritingindustries/FWIL', 'columns': [{'name': 'RSI Indicator value', 'value': '36.80'}, {'name': 'change %', 'value': '1.84'}, {'name': 'LTP', 'value': '243.20'}]}",OHLC_W_I_RSIABVAVE,RSI Bullish Crossover (Weekly),RSI Bullish Crossover (Weekly),15,Indicator Scans,RSI Bullish Crossover (Weekly),,,False,1,N,,OHLC_W_I_RSIABVAVE
1790075717,"{'stkname': 'Inventurus Know', 'ltp': '', 'perChg': '', 'stkId': 'IKS', 'displayLock': 'N', 'scanproflg': 1, 'scUrl': 'software/inventurusknowledgesolutions/IKS', 'columns': [{'name': 'RSI Indicator value', 'value': '59.54'}, {'name': 'change %', 'value': '5.17'}, {'name': 'LTP', 'value': '1,875.00'}]}",OHLC_W_I_RSIABVAVE,RSI Bullish Crossover (Weekly),RSI Bullish Crossover (Weekly),15,Indicator Scans,RSI Bullish Crossover (Weekly),,,False,1,N,,OHLC_W_I_RSIABVAVE
1790075717,"{'stkname': 'Vishal Mega Mar', 'ltp': '', 'perChg': '', 'stkId': 'VMML', 'displayLock': 'N', 'scanproflg': 1, 'scUrl': 'householdpersonal-products/vishalmegamart/VMML', 'columns': [{'name': 'RSI Indicator value', 'value': '38.06'}, {'name': 'change %', 'value': '2.34'}, {'name': 'LTP', 'value': '104.03'}]}",OHLC_W_I_RSIABVAVE,RSI Bullish Crossover (Weekly),RSI Bullish Crossover (Weekly),15,Indicator Scans,RSI Bullish Crossover (Weekly),,,False,1,N,,OHLC_W_I_RSIABVAVE
1790075717,"{'stkname': 'Race Eco Chain', 'ltp': '', 'perChg': '', 'stkId': 'AI43', 'displayLock': 'N', 'scanproflg': 1, 'scUrl': 'trading/raceecochain/AI08', 'columns': [{'name': 'RSI Indicator value', 'value': '54.39'}, {'name': 'change %', 'value': '19.99'}, {'name': 'LTP', 'value': '119.98'}]}",OHLC_W_I_RSIABVAVE,RSI Bullish Crossover (Weekly),RSI Bullish Crossover (Weekly),15,Indicator Scans,RSI Bullish Crossover (Weekly),,,False,1,N,,OHLC_W_I_RSIABVAVE
1790075717,"{'stkname': 'Swiggy', 'ltp': '', 'perChg': '', 'stkId': 'SL23', 'displayLock': 'N', 'scanproflg': 1, 'scUrl': 'online-services/swiggy/SL24', 'columns': [{'name': 'RSI Indicator value', 'value': '50.76'}, {'name': 'change %', 'value': '4.16'}, {'name': 'LTP', 'value': '284.05'}]}",OHLC_W_I_RSIABVAVE,RSI Bullish Crossover (Weekly),RSI Bullish Crossover (Weekly),15,Indicator Scans,RSI Bullish Crossover (Weekly),,,False,1,N,,OHLC_W_I_RSIABVAVE
1790075717,"{'stkname': 'Optiemus Infra', 'ltp': '', 'perChg': '', 'stkId': 'AF02', 'displayLock': 'N', 'scanproflg': 1, 'scUrl': 'telecommunication-equipment/optiemusinfracom/AF02', 'columns': [{'name': 'RSI Indicator value', 'value': '71.07'}, {'name': 'change %', 'value': '20.00'}, {'name': 'LTP', 'value': '708.90'}]}",OHLC_W_I_RSIABVAVE,RSI Bullish Crossover (Weekly),RSI Bullish Crossover (Weekly),15,Indicator Scans,RSI Bullish Crossover (Weekly),,,False,1,N,,OHLC_W_I_RSIABVAVE
1790075717,"{'stkname': 'Zuari Ind.', 'ltp': '', 'perChg': '', 'stkId': 'ZA', 'displayLock': 'N', 'scanproflg': 1, 'scUrl': 'fertilisers/zuariindustries/ZI01', 'columns': [{'name': 'RSI Indicator value', 'value': '53.62'}, {'name': 'change %', 'value': '0.88'}, {'name': 'LTP', 'value': '275.00'}]}",OHLC_W_I_RSIABVAVE,RSI Bullish Crossover (Weekly),RSI Bullish Crossover (Weekly),15,Indicator Scans,RSI Bullish Crossover (Weekly),,,False,1,N,,OHLC_W_I_RSIABVAVE
1790075717,"{'stkname': 'NTPC Green Ener', 'ltp': '', 'perChg': '', 'stkId': 'NGE', 'displayLock': 'N', 'scanproflg': 1, 'scUrl': 'power-generationdistribution/ntpcgreenenergy/NGE', 'columns': [{'name': 'RSI Indicator value', 'value': '48.70'}, {'name': 'change %', 'value': '2.65'}, {'name': 'LTP', 'value': '93.68'}]}",OHLC_W_I_RSIABVAVE,RSI Bullish Crossover (Weekly),RSI Bullish Crossover (Weekly),15,Indicator Scans,RSI Bullish Crossover (Weekly),,,False,1,N,,OHLC_W_I_RSIABVAVE
1790075717,"{'stkname': 'BSL', 'ltp': '', 'perChg': '', 'stkId': 'BSL', 'displayLock': 'N', 'scanproflg': 1, 'scUrl': 'textiles-weaving/bsl/BSL', 'columns': [{'name': 'RSI Indicator value', 'value': '45.78'}, {'name': 'change %', 'value': '-2.01'}, {'name': 'LTP', 'value': '123.61'}]}",OHLC_W_I_RSIABVAVE,RSI Bullish Crossover (Weekly),RSI Bullish Crossover (Weekly),15,Indicator Scans,RSI Bullish Crossover (Weekly),,,False,1,N,,OHLC_W_I_RSIABVAVE
1790075717,"{'stkname': 'Priti Internati', 'ltp': '', 'perChg': '', 'stkId': 'PI40', 'displayLock': 'N', 'scanproflg': 1, 'scUrl': 'diversified/pritiinternational/PI43', 'columns': [{'name': 'RSI Indicator value', 'value': '33.12'}, {'name': 'change %', 'value': '2.34'}, {'name': 'LTP', 'value': '33.70'}]}",OHLC_W_I_RSIABVAVE,RSI Bullish Crossover (Weekly),RSI Bullish Crossover (Weekly),15,Indicator Scans,RSI Bullish Crossover (Weekly),,,False,1,N,,OHLC_W_I_RSIABVAVE
1790075717,"{'stkname': 'INDUS TOWERS', 'ltp': '', 'perChg': '', 'stkId': 'BI26', 'displayLock': 'N', 'scanproflg': 1, 'scUrl': 'telecommunications-equipment/industowers/BI14', 'columns': [{'name': 'RSI Indicator value', 'value': '47.07'}, {'name': 'change %', 'value': '1.18'}, {'name': 'LTP', 'value': '382.10'}]}",OHLC_W_I_RSIABVAVE,RSI Bullish Crossover (Weekly),RSI Bullish Crossover (Weekly),15,Indicator Scans,RSI Bullish Crossover (Weekly),,,False,1,N,,OHLC_W_I_RSIABVAVE
1790075717,"{'stkname': 'Dhunseri Tea', 'ltp': '', 'perChg': '', 'stkId': 'DTI03', 'displayLock': 'N', 'scanproflg': 1, 'scUrl': 'plantations-teacoffee/dhunseriteaindustries/DTI03', 'columns': [{'name': 'RSI Indicator value', 'value': '50.53'}, {'name': 'change %', 'value': '-1.67'}, {'name': 'LTP', 'value': '142.90'}]}",OHLC_W_I_RSIABVAVE,RSI Bullish Crossover (Weekly),RSI Bullish Crossover (Weekly),15,Indicator Scans,RSI Bullish Crossover (Weekly),,,False,1,N,,OHLC_W_I_RSIABVAVE
1790075717,"{'stkname': 'Kingfa Science', 'ltp': '', 'perChg': '', 'stkId': 'HSS', 'displayLock': 'N', 'scanproflg': 1, 'scUrl': 'plastics/kingfasciencetechnology/HSS', 'columns': [{'name': 'RSI Indicator value', 'value': '67.37'}, {'name': 'change %', 'value': '2.36'}, {'name': 'LTP', 'value': '6,205.00'}]}",OHLC_W_I_RSIABVAVE,RSI Bullish Crossover (Weekly),RSI Bullish Crossover (Weekly),15,Indicator Scans,RSI Bullish Crossover (Weekly),,,False,1,N,,OHLC_W_I_RSIABVAVE
1790075717,"{'stkname': 'GMRP UI', 'ltp': '', 'perChg': '', 'stkId': 'GPU', 'displayLock': 'N', 'scanproflg': 1, 'scUrl': 'power-generationdistribution/gmrpowerurbaninfra/GPU', 'columns': [{'name': 'RSI Indicator value', 'value': '41.90'}, {'name': 'change %', 'value': '2.67'}, {'name': 'LTP', 'value': '94.90'}]}",OHLC_W_I_RSIABVAVE,RSI Bullish Crossover (Weekly),RSI Bullish Crossover (Weekly),15,Indicator Scans,RSI Bullish Crossover (Weekly),,,False,1,N,,OHLC_W_I_RSIABVAVE
1790075717,"{'stkname': 'Lovable Lingeri', 'ltp': '', 'perChg': '', 'stkId': 'LL05', 'displayLock': 'N', 'scanproflg': 1, 'scUrl': 'textiles-readymade-apparels/lovablelingerie/LL04', 'columns': [{'name': 'RSI Indicator value', 'value': '47.45'}, {'name': 'change %', 'value': '2.07'}, {'name': 'LTP', 'value': '71.90'}]}",OHLC_W_I_RSIABVAVE,RSI Bullish Crossover (Weekly),RSI Bullish Crossover (Weekly),15,Indicator Scans,RSI Bullish Crossover (Weekly),,,False,1,N,,OHLC_W_I_RSIABVAVE
1790075717,"{'stkname': 'Indowind Energy', 'ltp': '', 'perChg': '', 'stkId': 'IE08', 'displayLock': 'N', 'scanproflg': 1, 'scUrl': 'power-generationdistribution/indowindenergy/IE08', 'columns': [{'name': 'RSI Indicator value', 'value': '41.56'}, {'name': 'change %', 'value': '1.23'}, {'name': 'LTP', 'value': '9.03'}]}",OHLC_W_I_RSIABVAVE,RSI Bullish Crossover (Weekly),RSI Bullish Crossover (Weekly),15,Indicator Scans,RSI Bullish Crossover (Weekly),,,False,1,N,,OHLC_W_I_RSIABVAVE
1790075717,"{'stkname': 'Norben Tea', 'ltp': '', 'perChg': '', 'stkId': 'NTE', 'displayLock': 'N', 'scanproflg': 1, 'scUrl': 'plantations-teacoffee/norbenteaexports/NTE', 'columns': [{'name': 'RSI Indicator value', 'value': '45.18'}, {'name': 'change %', 'value': '1.06'}, {'name': 'LTP', 'value': '66.90'}]}",OHLC_W_I_RSIABVAVE,RSI Bullish Crossover (Weekly),RSI Bullish Crossover (Weekly),15,Indicator Scans,RSI Bullish Crossover (Weekly),,,False,1,N,,OHLC_W_I_RSIABVAVE
1790075717,"{'stkname': 'Wockhardt', 'ltp': '', 'perChg': '', 'stkId': 'W05', 'displayLock': 'N', 'scanproflg': 1, 'scUrl': 'pharmaceuticals/wockhardt/W05', 'columns': [{'name': 'RSI Indicator value', 'value': '65.98'}, {'name': 'change %', 'value': '0.17'}, {'name': 'LTP', 'value': '2,191.00'}]}",OHLC_W_I_RSIABVAVE,RSI Bullish Crossover (Weekly),RSI Bullish Crossover (Weekly),15,Indicator Scans,RSI Bullish Crossover (Weekly),,,False,1,N,,OHLC_W_I_RSIABVAVE
1790075717,"{'stkname': 'Orchid Pharma', 'ltp': '', 'perChg': '', 'stkId': 'OCP', 'displayLock': 'N', 'scanproflg': 1, 'scUrl': 'pharmaceuticals/orchidpharma/OCP', 'columns': [{'name': 'RSI Indicator value', 'value': '69.07'}, {'name': 'change %', 'value': '1.23'}, {'name': 'LTP', 'value': '1,095.10'}]}",OHLC_W_I_RSIABVAVE,RSI Bullish Crossover (Weekly),RSI Bullish Crossover (Weekly),15,Indicator Scans,RSI Bullish Crossover (Weekly),,,False,1,N,,OHLC_W_I_RSIABVAVE
1790075717,"{'stkname': 'AGI Greenpac', 'ltp': '', 'perChg': '', 'stkId': 'HSI', 'displayLock': 'N', 'scanproflg': 1, 'scUrl': 'containerspackaging/agigreenpac/HSI02', 'columns': [{'name': 'RSI Indicator value', 'value': '67.64'}, {'name': 'change %', 'value': '3.50'}, {'name': 'LTP', 'value': '848.00'}]}",OHLC_W_I_RSIABVAVE,RSI Bullish Crossover (Weekly),RSI Bullish Crossover (Weekly),15,Indicator Scans,RSI Bullish Crossover (Weekly),,,False,1,N,,OHLC_W_I_RSIABVAVE
1790075717,"{'stkname': 'FDC', 'ltp': '', 'perChg': '', 'stkId': 'FDC', 'displayLock': 'N', 'scanproflg': 1, 'scUrl': 'pharmaceuticals/fdc/FDC', 'columns': [{'name': 'RSI Indicator value', 'value': '43.02'}, {'name': 'change %', 'value': '-1.71'}, {'name': 'LTP', 'value': '356.20'}]}",OHLC_W_I_RSIABVAVE,RSI Bullish Crossover (Weekly),RSI Bullish Crossover (Weekly),15,Indicator Scans,RSI Bullish Crossover (Weekly),,,False,1,N,,OHLC_W_I_RSIABVAVE
1790075717,"{'stkname': 'Cohance Life', 'ltp': '', 'perChg': '', 'stkId': 'SP42', 'displayLock': 'N', 'scanproflg': 1, 'scUrl': 'pharmaceuticalsdrugs/cohancelifesciences/SP19', 'columns': [{'name': 'RSI Indicator value', 'value': '50.92'}, {'name': 'change %', 'value': '-1.62'}, {'name': 'LTP', 'value': '453.00'}]}",OHLC_W_I_RSIABVAVE,RSI Bullish Crossover (Weekly),RSI Bullish Crossover (Weekly),15,Indicator Scans,RSI Bullish Crossover (Weekly),,,False,1,N,,OHLC_W_I_RSIABVAVE
1790075717,"{'stkname': 'Marksans Pharma', 'ltp': '', 'perChg': '', 'stkId': 'TP01', 'displayLock': 'N', 'scanproflg': 1, 'scUrl': 'pharmaceuticals/marksanspharma/MP21', 'columns': [{'name': 'RSI Indicator value', 'value': '71.66'}, {'name': 'change %', 'value': '-1.52'}, {'name': 'LTP', 'value': '332.95'}]}",OHLC_W_I_RSIABVAVE,RSI Bullish Crossover (Weekly),RSI Bullish Crossover (Weekly),15,Indicator Scans,RSI Bullish Crossover (Weekly),,,False,1,N,,OHLC_W_I_RSIABVAVE
1790075717,"{'stkname': 'D P Wires', 'ltp': '', 'perChg': '', 'stkId': 'W06', 'displayLock': 'N', 'scanproflg': 1, 'scUrl': 'consumer-goods-electronic/dpwires/W01', 'columns': [{'name': 'RSI Indicator value', 'value': '42.35'}, {'name': 'change %', 'value': '4.96'}, {'name': 'LTP', 'value': '154.53'}]}",OHLC_W_I_RSIABVAVE,RSI Bullish Crossover (Weekly),RSI Bullish Crossover (Weekly),15,Indicator Scans,RSI Bullish Crossover (Weekly),,,False,1,N,,OHLC_W_I_RSIABVAVE
1790075717,"{'stkname': 'Oricon Ent', 'ltp': '', 'perChg': '', 'stkId': 'OC04', 'displayLock': 'N', 'scanproflg': 1, 'scUrl': 'packaging/oriconenterprises/OE03', 'columns': [{'name': 'RSI Indicator value', 'value': '47.60'}, {'name': 'change %', 'value': '2.12'}, {'name': 'LTP', 'value': '56.00'}]}",OHLC_W_I_RSIABVAVE,RSI Bullish Crossover (Weekly),RSI Bullish Crossover (Weekly),15,Indicator Scans,RSI Bullish Crossover (Weekly),,,False,1,N,,OHLC_W_I_RSIABVAVE
1790075717,"{'stkname': 'Ram Ratna Wires', 'ltp': '', 'perChg': '', 'stkId': 'RRW', 'displayLock': 'N', 'scanproflg': 1, 'scUrl': 'metals-non-ferrous/ramratnawires/RRW', 'columns': [{'name': 'RSI Indicator value', 'value': '70.56'}, {'name': 'change %', 'value': '3.94'}, {'name': 'LTP', 'value': '571.80'}]}",OHLC_W_I_RSIABVAVE,RSI Bullish Crossover (Weekly),RSI Bullish Crossover (Weekly),15,Indicator Scans,RSI Bullish Crossover (Weekly),,,False,1,N,,OHLC_W_I_RSIABVAVE
1790075717,"{'stkname': 'Page Industries', 'ltp': '', 'perChg': '', 'stkId': 'PI35', 'displayLock': 'N', 'scanproflg': 1, 'scUrl': 'textiles-readymade-apparels/pageindustries/PI35', 'columns': [{'name': 'RSI Indicator value', 'value': '48.54'}, {'name': 'change %', 'value': '3.34'}, {'name': 'LTP', 'value': '37,150.00'}]}",OHLC_W_I_RSIABVAVE,RSI Bullish Crossover (Weekly),RSI Bullish Crossover (Weekly),15,Indicator Scans,RSI Bullish Crossover (Weekly),,,False,1,N,,OHLC_W_I_RSIABVAVE
1790075717,"{'stkname': 'Euro Panel', 'ltp': '', 'perChg': '', 'stkId': 'EPP', 'displayLock': 'N', 'scanproflg': 1, 'scUrl': 'aluminiumaluminium-products/europanelproducts/EPP', 'columns': [{'name': 'RSI Indicator value', 'value': '39.03'}, {'name': 'change %', 'value': '-1.20'}, {'name': 'LTP', 'value': '151.50'}]}",OHLC_W_I_RSIABVAVE,RSI Bullish Crossover (Weekly),RSI Bullish Crossover (Weekly),15,Indicator Scans,RSI Bullish Crossover (Weekly),,,False,1,N,,OHLC_W_I_RSIABVAVE
1790075717,"{'stkname': 'Greenply Ind', 'ltp': '', 'perChg': '', 'stkId': 'GI19', 'displayLock': 'N', 'scanproflg': 1, 'scUrl': 'miscellaneous/greenplyindustries/GI19', 'columns': [{'name': 'RSI Indicator value', 'value': '55.79'}, {'name': 'change %', 'value': '2.02'}, {'name': 'LTP', 'value': '295.75'}]}",OHLC_W_I_RSIABVAVE,RSI Bullish Crossover (Weekly),RSI Bullish Crossover (Weekly),15,Indicator Scans,RSI Bullish Crossover (Weekly),,,False,1,N,,OHLC_W_I_RSIABVAVE
1790075717,"{'stkname': '20 Microns', 'ltp': '', 'perChg': '', 'stkId': '2M', 'displayLock': 'N', 'scanproflg': 1, 'scUrl': 'miningminerals/20microns/2M', 'columns': [{'name': 'RSI Indicator value', 'value': '59.34'}, {'name': 'change %', 'value': '-1.84'}, {'name': 'LTP', 'value': '216.08'}]}",OHLC_W_I_RSIABVAVE,RSI Bullish Crossover (Weekly),RSI Bullish Crossover (Weekly),15,Indicator Scans,RSI Bullish Crossover (Weekly),,,False,1,N,,OHLC_W_I_RSIABVAVE
1790075717,"{'stkname': 'Carborundum', 'ltp': '', 'perChg': '', 'stkId': 'CU', 'displayLock': 'N', 'scanproflg': 1, 'scUrl': 'abrasives/carborundumuniversal/CU', 'columns': [{'name': 'RSI Indicator value', 'value': '63.58'}, {'name': 'change %', 'value': '2.81'}, {'name': 'LTP', 'value': '1,212.00'}]}",OHLC_W_I_RSIABVAVE,RSI Bullish Crossover (Weekly),RSI Bullish Crossover (Weekly),15,Indicator Scans,RSI Bullish Crossover (Weekly),,,False,1,N,,OHLC_W_I_RSIABVAVE
1790075717,"{'stkname': 'Refex Ind', 'ltp': '', 'perChg': '', 'stkId': 'RR05', 'displayLock': 'N', 'scanproflg': 1, 'scUrl': 'chemicals/refexindustries/RR05', 'columns': [{'name': 'RSI Indicator value', 'value': '49.69'}, {'name': 'change %', 'value': '-0.99'}, {'name': 'LTP', 'value': '290.30'}]}",OHLC_W_I_RSIABVAVE,RSI Bullish Crossover (Weekly),RSI Bullish Crossover (Weekly),15,Indicator Scans,RSI Bullish Crossover (Weekly),,,False,1,N,,OHLC_W_I_RSIABVAVE
1790075717,"{'stkname': 'Sun TV Network', 'ltp': '', 'perChg': '', 'stkId': 'STV01', 'displayLock': 'N', 'scanproflg': 1, 'scUrl': 'mediaentertainment/suntvnetwork/STN01', 'columns': [{'name': 'RSI Indicator value', 'value': '45.26'}, {'name': 'change %', 'value': '7.20'}, {'name': 'LTP', 'value': '490.50'}]}",OHLC_W_I_RSIABVAVE,RSI Bullish Crossover (Weekly),RSI Bullish Crossover (Weekly),15,Indicator Scans,RSI Bullish Crossover (Weekly),,,False,1,N,,OHLC_W_I_RSIABVAVE
1790075717,"{'stkname': 'Usha Martin', 'ltp': '', 'perChg': '', 'stkId': 'UB01', 'displayLock': 'N', 'scanproflg': 1, 'scUrl': 'steel-mediumsmall/ushamartin/UM01', 'columns': [{'name': 'RSI Indicator value', 'value': '63.06'}, {'name': 'change %', 'value': '-0.22'}, {'name': 'LTP', 'value': '532.70'}]}",OHLC_W_I_RSIABVAVE,RSI Bullish Crossover (Weekly),RSI Bullish Crossover (Weekly),15,Indicator Scans,RSI Bullish Crossover (Weekly),,,False,1,N,,OHLC_W_I_RSIABVAVE
1790075717,"{'stkname': 'IZMO', 'ltp': '', 'perChg': '', 'stkId': 'LM02', 'displayLock': 'N', 'scanproflg': 1, 'scUrl': 'computers-software-mediumsmall/izmo/LM02', 'columns': [{'name': 'RSI Indicator value', 'value': '53.56'}, {'name': 'change %', 'value': '0.20'}, {'name': 'LTP', 'value': '932.00'}]}",OHLC_W_I_RSIABVAVE,RSI Bullish Crossover (Weekly),RSI Bullish Crossover (Weekly),15,Indicator Scans,RSI Bullish Crossover (Weekly),,,False,1,N,,OHLC_W_I_RSIABVAVE
1790075717,"{'stkname': 'Spacenet Ent', 'ltp': '', 'perChg': '', 'stkId': 'NCT', 'displayLock': 'N', 'scanproflg': 1, 'scUrl': 'it-servicesconsulting/spacenetenterprisesindia/NCT', 'columns': [{'name': 'RSI Indicator value', 'value': '41.06'}, {'name': 'change %', 'value': '4.10'}, {'name': 'LTP', 'value': '3.30'}]}",OHLC_W_I_RSIABVAVE,RSI Bullish Crossover (Weekly),RSI Bullish Crossover (Weekly),15,Indicator Scans,RSI Bullish Crossover (Weekly),,,False,1,N,,OHLC_W_I_RSIABVAVE
1790075717,"{'stkname': 'Lemon Tree', 'ltp': '', 'perChg': '', 'stkId': 'LTH', 'displayLock': 'N', 'scanproflg': 1, 'scUrl': 'hotel-resortrestaurants/lemontreehotels/LTH', 'columns': [{'name': 'RSI Indicator value', 'value': '40.52'}, {'name': 'change %', 'value': '1.33'}, {'name': 'LTP', 'value': '107.40'}]}",OHLC_W_I_RSIABVAVE,RSI Bullish Crossover (Weekly),RSI Bullish Crossover (Weekly),15,Indicator Scans,RSI Bullish Crossover (Weekly),,,False,1,N,,OHLC_W_I_RSIABVAVE
1790075717,"{'stkname': 'Healthcare Glob', 'ltp': '', 'perChg': '', 'stkId': 'HGE', 'displayLock': 'N', 'scanproflg': 1, 'scUrl': 'hospitalsmedical-services/healthcareglobalenterprises/HGE', 'columns': [{'name': 'RSI Indicator value', 'value': '64.21'}, {'name': 'change %', 'value': '1.85'}, {'name': 'LTP', 'value': '714.30'}]}",OHLC_W_I_RSIABVAVE,RSI Bullish Crossover (Weekly),RSI Bullish Crossover (Weekly),15,Indicator Scans,RSI Bullish Crossover (Weekly),,,False,1,N,,OHLC_W_I_RSIABVAVE
1790075717,"{'stkname': 'CIEINDIA', 'ltp': '', 'perChg': '', 'stkId': 'MAS', 'displayLock': 'N', 'scanproflg': 1, 'scUrl': 'auto-ancillaries-castingsforgings/cieautomotiveindia/MF19', 'columns': [{'name': 'RSI Indicator value', 'value': '36.27'}, {'name': 'change %', 'value': '-1.53'}, {'name': 'LTP', 'value': '389.10'}]}",OHLC_W_I_RSIABVAVE,RSI Bullish Crossover (Weekly),RSI Bullish Crossover (Weekly),15,Indicator Scans,RSI Bullish Crossover (Weekly),,,False,1,N,,OHLC_W_I_RSIABVAVE
1790075717,"{'stkname': 'Ramco System', 'ltp': '', 'perChg': '', 'stkId': 'RS17', 'displayLock': 'N', 'scanproflg': 1, 'scUrl': 'computers-software/ramcosystem/RS17', 'columns': [{'name': 'RSI Indicator value', 'value': '51.55'}, {'name': 'change %', 'value': '5.00'}, {'name': 'LTP', 'value': '592.40'}]}",OHLC_W_I_RSIABVAVE,RSI Bullish Crossover (Weekly),RSI Bullish Crossover (Weekly),15,Indicator Scans,RSI Bullish Crossover (Weekly),,,False,1,N,,OHLC_W_I_RSIABVAVE
1790075717,"{'stkname': 'Intense Tech', 'ltp': '', 'perChg': '', 'stkId': 'FI17', 'displayLock': 'N', 'scanproflg': 1, 'scUrl': 'computers-software-mediumsmall/intensetechnologies/FI17', 'columns': [{'name': 'RSI Indicator value', 'value': '40.73'}, {'name': 'change %', 'value': '0.66'}, {'name': 'LTP', 'value': '81.80'}]}",OHLC_W_I_RSIABVAVE,RSI Bullish Crossover (Weekly),RSI Bullish Crossover (Weekly),15,Indicator Scans,RSI Bullish Crossover (Weekly),,,False,1,N,,OHLC_W_I_RSIABVAVE
1790075717,"{'stkname': 'Greenpanel Ind', 'ltp': '', 'perChg': '', 'stkId': 'GREEN54285', 'displayLock': 'N', 'scanproflg': 1, 'scUrl': 'woodwood-products/greenpanelindustrieslimited/GREEN54285', 'columns': [{'name': 'RSI Indicator value', 'value': '40.82'}, {'name': 'change %', 'value': '2.86'}, {'name': 'LTP', 'value': '170.19'}]}",OHLC_W_I_RSIABVAVE,RSI Bullish Crossover (Weekly),RSI Bullish Crossover (Weekly),15,Indicator Scans,RSI Bullish Crossover (Weekly),,,False,1,N,,OHLC_W_I_RSIABVAVE
1790075717,"{'stkname': 'M K Proteins', 'ltp': '', 'perChg': '', 'stkId': 'P09', 'displayLock': 'N', 'scanproflg': 1, 'scUrl': 'miscellaneous/mkproteins/P09', 'columns': [{'name': 'RSI Indicator value', 'value': '30.45'}, {'name': 'change %', 'value': '2.01'}, {'name': 'LTP', 'value': '4.06'}]}",OHLC_W_I_RSIABVAVE,RSI Bullish Crossover (Weekly),RSI Bullish Crossover (Weekly),15,Indicator Scans,RSI Bullish Crossover (Weekly),,,False,1,N,,OHLC_W_I_RSIABVAVE
1790075717,"{'stkname': 'Chalet Hotels', 'ltp': '', 'perChg': '', 'stkId': 'CH03', 'displayLock': 'N', 'scanproflg': 1, 'scUrl': 'hotels/chalethotels/CH03', 'columns': [{'name': 'RSI Indicator value', 'value': '55.87'}, {'name': 'change %', 'value': '1.74'}, {'name': 'LTP', 'value': '875.00'}]}",OHLC_W_I_RSIABVAVE,RSI Bullish Crossover (Weekly),RSI Bullish Crossover (Weekly),15,Indicator Scans,RSI Bullish Crossover (Weekly),,,False,1,N,,OHLC_W_I_RSIABVAVE
1790075717,"{'stkname': 'India Tourism D', 'ltp': '', 'perChg': '', 'stkId': 'ITD02', 'displayLock': 'N', 'scanproflg': 1, 'scUrl': 'hotels/indiatourismdevelopmentcorporation/ITD02', 'columns': [{'name': 'RSI Indicator value', 'value': '58.15'}, {'name': 'change %', 'value': '8.60'}, {'name': 'LTP', 'value': '708.00'}]}",OHLC_W_I_RSIABVAVE,RSI Bullish Crossover (Weekly),RSI Bullish Crossover (Weekly),15,Indicator Scans,RSI Bullish Crossover (Weekly),,,False,1,N,,OHLC_W_I_RSIABVAVE
1790075717,"{'stkname': 'Synergy Green I', 'ltp': '', 'perChg': '', 'stkId': 'SGI01', 'displayLock': 'N', 'scanproflg': 1, 'scUrl': 'castingsforgings/synergygreenindustries/SGI02', 'columns': [{'name': 'RSI Indicator value', 'value': '63.50'}, {'name': 'change %', 'value': '7.51'}, {'name': 'LTP', 'value': '643.00'}]}",OHLC_W_I_RSIABVAVE,RSI Bullish Crossover (Weekly),RSI Bullish Crossover (Weekly),15,Indicator Scans,RSI Bullish Crossover (Weekly),,,False,1,N,,OHLC_W_I_RSIABVAVE
1790075717,"{'stkname': 'Krsnaa Diagnost', 'ltp': '', 'perChg': '', 'stkId': 'KD08', 'displayLock': 'N', 'scanproflg': 1, 'scUrl': 'hospitalhealthcare-services/krsnaadiagnostics/KD03', 'columns': [{'name': 'RSI Indicator value', 'value': '44.20'}, {'name': 'change %', 'value': '0.06'}, {'name': 'LTP', 'value': '555.00'}]}",OHLC_W_I_RSIABVAVE,RSI Bullish Crossover (Weekly),RSI Bullish Crossover (Weekly),15,Indicator Scans,RSI Bullish Crossover (Weekly),,,False,1,N,,OHLC_W_I_RSIABVAVE
1790075717,"{'stkname': 'Bajaj Consumer ', 'ltp': '', 'perChg': '', 'stkId': 'BC14', 'displayLock': 'N', 'scanproflg': 1, 'scUrl': 'personal-care/bajajconsumercare/BC02', 'columns': [{'name': 'RSI Indicator value', 'value': '52.82'}, {'name': 'change %', 'value': '0.02'}, {'name': 'LTP', 'value': '515.40'}]}",OHLC_W_I_RSIABVAVE,RSI Bullish Crossover (Weekly),RSI Bullish Crossover (Weekly),15,Indicator Scans,RSI Bullish Crossover (Weekly),,,False,1,N,,OHLC_W_I_RSIABVAVE
1790075717,"{'stkname': 'Emami', 'ltp': '', 'perChg': '', 'stkId': 'E05', 'displayLock': 'N', 'scanproflg': 1, 'scUrl': 'personal-care/emami/E06', 'columns': [{'name': 'RSI Indicator value', 'value': '43.02'}, {'name': 'change %', 'value': '2.23'}, {'name': 'LTP', 'value': '389.10'}]}",OHLC_W_I_RSIABVAVE,RSI Bullish Crossover (Weekly),RSI Bullish Crossover (Weekly),15,Indicator Scans,RSI Bullish Crossover (Weekly),,,False,1,N,,OHLC_W_I_RSIABVAVE
1790075717,"{'stkname': 'AVT Natural', 'ltp': '', 'perChg': '', 'stkId': 'AVT', 'displayLock': 'N', 'scanproflg': 1, 'scUrl': 'edible-oilssolvent-extraction/avtnaturalproducts/AVT02', 'columns': [{'name': 'RSI Indicator value', 'value': '74.54'}, {'name': 'change %', 'value': '9.84'}, {'name': 'LTP', 'value': '98.90'}]}",OHLC_W_I_RSIABVAVE,RSI Bullish Crossover (Weekly),RSI Bullish Crossover (Weekly),15,Indicator Scans,RSI Bullish Crossover (Weekly),,,False,1,N,,OHLC_W_I_RSIABVAVE
1790075717,"{'stkname': 'Alankit', 'ltp': '', 'perChg': '', 'stkId': 'EGJ', 'displayLock': 'N', 'scanproflg': 1, 'scUrl': 'miscellaneous/alankit/EGJ', 'columns': [{'name': 'RSI Indicator value', 'value': '40.98'}, {'name': 'change %', 'value': '4.31'}, {'name': 'LTP', 'value': '7.99'}]}",OHLC_W_I_RSIABVAVE,RSI Bullish Crossover (Weekly),RSI Bullish Crossover (Weekly),15,Indicator Scans,RSI Bullish Crossover (Weekly),,,False,1,N,,OHLC_W_I_RSIABVAVE
1790075717,"{'stkname': 'Insecticides', 'ltp': '', 'perChg': '', 'stkId': 'II16', 'displayLock': 'N', 'scanproflg': 1, 'scUrl': 'pesticidesagro-chemicals/insecticidesindia/II16', 'columns': [{'name': 'RSI Indicator value', 'value': '42.69'}, {'name': 'change %', 'value': '2.98'}, {'name': 'LTP', 'value': '616.80'}]}",OHLC_W_I_RSIABVAVE,RSI Bullish Crossover (Weekly),RSI Bullish Crossover (Weekly),15,Indicator Scans,RSI Bullish Crossover (Weekly),,,False,1,N,,OHLC_W_I_RSIABVAVE
1790075717,"{'stkname': 'Oswal ChemandFe', 'ltp': '', 'perChg': '', 'stkId': 'OCF', 'displayLock': 'N', 'scanproflg': 1, 'scUrl': 'fertilisers/oswalchemicalsfertilisers/OCF', 'columns': [{'name': 'RSI Indicator value', 'value': '34.29'}, {'name': 'change %', 'value': '1.77'}, {'name': 'LTP', 'value': '20.10'}]}",OHLC_W_I_RSIABVAVE,RSI Bullish Crossover (Weekly),RSI Bullish Crossover (Weekly),15,Indicator Scans,RSI Bullish Crossover (Weekly),,,False,1,N,,OHLC_W_I_RSIABVAVE
1790075717,"{'stkname': 'Sterling Tools', 'ltp': '', 'perChg': '', 'stkId': 'ST', 'displayLock': 'N', 'scanproflg': 1, 'scUrl': 'fasteners/sterlingtools/ST', 'columns': [{'name': 'RSI Indicator value', 'value': '45.84'}, {'name': 'change %', 'value': '2.38'}, {'name': 'LTP', 'value': '224.00'}]}",OHLC_W_I_RSIABVAVE,RSI Bullish Crossover (Weekly),RSI Bullish Crossover (Weekly),15,Indicator Scans,RSI Bullish Crossover (Weekly),,,False,1,N,,OHLC_W_I_RSIABVAVE
1790075717,"{'stkname': 'CSL Fin', 'ltp': '', 'perChg': '', 'stkId': 'CSL01', 'displayLock': 'N', 'scanproflg': 1, 'scUrl': 'finance-leasinghire-purchase/cslfinance/CSL01', 'columns': [{'name': 'RSI Indicator value', 'value': '44.81'}, {'name': 'change %', 'value': '0.61'}, {'name': 'LTP', 'value': '221.80'}]}",OHLC_W_I_RSIABVAVE,RSI Bullish Crossover (Weekly),RSI Bullish Crossover (Weekly),15,Indicator Scans,RSI Bullish Crossover (Weekly),,,False,1,N,,OHLC_W_I_RSIABVAVE
1790075717,"{'stkname': 'Fert and Chem', 'ltp': '', 'perChg': '', 'stkId': 'FCT', 'displayLock': 'N', 'scanproflg': 1, 'scUrl': 'fertilisers/fertiliserschemicalstravancore/FCT', 'columns': [{'name': 'RSI Indicator value', 'value': '44.74'}, {'name': 'change %', 'value': '-0.87'}, {'name': 'LTP', 'value': '794.80'}]}",OHLC_W_I_RSIABVAVE,RSI Bullish Crossover (Weekly),RSI Bullish Crossover (Weekly),15,Indicator Scans,RSI Bullish Crossover (Weekly),,,False,1,N,,OHLC_W_I_RSIABVAVE
1790075717,"{'stkname': 'AAVAS Financier', 'ltp': '', 'perChg': '', 'stkId': 'AF32', 'displayLock': 'N', 'scanproflg': 1, 'scUrl': 'finance-general/aavasfinanciers/AF17', 'columns': [{'name': 'RSI Indicator value', 'value': '45.09'}, {'name': 'change %', 'value': '-0.51'}, {'name': 'LTP', 'value': '1,314.50'}]}",OHLC_W_I_RSIABVAVE,RSI Bullish Crossover (Weekly),RSI Bullish Crossover (Weekly),15,Indicator Scans,RSI Bullish Crossover (Weekly),,,False,1,N,,OHLC_W_I_RSIABVAVE
1790075717,"{'stkname': 'Vascon Engineer', 'ltp': '', 'perChg': '', 'stkId': 'VE07', 'displayLock': 'N', 'scanproflg': 1, 'scUrl': 'construction-real-estate/vasconengineers/VE01', 'columns': [{'name': 'RSI Indicator value', 'value': '41.50'}, {'name': 'change %', 'value': '-2.73'}, {'name': 'LTP', 'value': '31.30'}]}",OHLC_W_I_RSIABVAVE,RSI Bullish Crossover (Weekly),RSI Bullish Crossover (Weekly),15,Indicator Scans,RSI Bullish Crossover (Weekly),,,False,1,N,,OHLC_W_I_RSIABVAVE
1790075717,"{'stkname': 'Zuari Agro Chem', 'ltp': '', 'perChg': '', 'stkId': 'ZAC', 'displayLock': 'N', 'scanproflg': 1, 'scUrl': 'fertilisers/zuariagrochemicals/ZAC', 'columns': [{'name': 'RSI Indicator value', 'value': '47.87'}, {'name': 'change %', 'value': '1.10'}, {'name': 'LTP', 'value': '225.30'}]}",OHLC_W_I_RSIABVAVE,RSI Bullish Crossover (Weekly),RSI Bullish Crossover (Weekly),15,Indicator Scans,RSI Bullish Crossover (Weekly),,,False,1,N,,OHLC_W_I_RSIABVAVE
1790075717,"{'stkname': 'Bharat Road Net', 'ltp': '', 'perChg': '', 'stkId': 'BRN', 'displayLock': 'N', 'scanproflg': 1, 'scUrl': 'infrastructure-general/bharatroadnetwork/BRN', 'columns': [{'name': 'RSI Indicator value', 'value': '36.49'}, {'name': 'change %', 'value': '3.79'}, {'name': 'LTP', 'value': '16.71'}]}",OHLC_W_I_RSIABVAVE,RSI Bullish Crossover (Weekly),RSI Bullish Crossover (Weekly),15,Indicator Scans,RSI Bullish Crossover (Weekly),,,False,1,N,,OHLC_W_I_RSIABVAVE
1790075717,"{'stkname': 'CG Power ', 'ltp': '', 'perChg': '', 'stkId': 'CG', 'displayLock': 'N', 'scanproflg': 1, 'scUrl': 'electric-equipment/cgpowerindustrialsolutions/CG', 'columns': [{'name': 'RSI Indicator value', 'value': '57.39'}, {'name': 'change %', 'value': '-1.53'}, {'name': 'LTP', 'value': '896.10'}]}",OHLC_W_I_RSIABVAVE,RSI Bullish Crossover (Weekly),RSI Bullish Crossover (Weekly),15,Indicator Scans,RSI Bullish Crossover (Weekly),,,False,1,N,,OHLC_W_I_RSIABVAVE
1790075717,"{'stkname': 'Silgo Retail', 'ltp': '', 'perChg': '', 'stkId': 'SR06', 'displayLock': 'N', 'scanproflg': 1, 'scUrl': 'retailing/silgoretail/SR08', 'columns': [{'name': 'RSI Indicator value', 'value': '47.46'}, {'name': 'change %', 'value': '1.76'}, {'name': 'LTP', 'value': '71.25'}]}",OHLC_W_I_RSIABVAVE,RSI Bullish Crossover (Weekly),RSI Bullish Crossover (Weekly),15,Indicator Scans,RSI Bullish Crossover (Weekly),,,False,1,N,,OHLC_W_I_RSIABVAVE
1790075717,"{'stkname': 'KPIGREEN', 'ltp': '', 'perChg': '', 'stkId': 'KPIGL54232', 'displayLock': 'N', 'scanproflg': 1, 'scUrl': 'engineering-industrial-equipments/kpigreenenergy/KPIGL54232', 'columns': [{'name': 'RSI Indicator value', 'value': '45.08'}, {'name': 'change %', 'value': '7.87'}, {'name': 'LTP', 'value': '346.70'}]}",OHLC_W_I_RSIABVAVE,RSI Bullish Crossover (Weekly),RSI Bullish Crossover (Weekly),15,Indicator Scans,RSI Bullish Crossover (Weekly),,,False,1,N,,OHLC_W_I_RSIABVAVE
1790075717,"{'stkname': 'Intl Conveyor', 'ltp': '', 'perChg': '', 'stkId': 'IC05', 'displayLock': 'N', 'scanproflg': 1, 'scUrl': 'miscellaneous/internationalconveyors/IC05', 'columns': [{'name': 'RSI Indicator value', 'value': '48.45'}, {'name': 'change %', 'value': '3.19'}, {'name': 'LTP', 'value': '77.75'}]}",OHLC_W_I_RSIABVAVE,RSI Bullish Crossover (Weekly),RSI Bullish Crossover (Weekly),15,Indicator Scans,RSI Bullish Crossover (Weekly),,,False,1,N,,OHLC_W_I_RSIABVAVE
1790075717,"{'stkname': 'DCW', 'ltp': '', 'perChg': '', 'stkId': 'DCW', 'displayLock': 'N', 'scanproflg': 1, 'scUrl': 'petrochemicals/dcw/DCW', 'columns': [{'name': 'RSI Indicator value', 'value': '50.99'}, {'name': 'change %', 'value': '6.00'}, {'name': 'LTP', 'value': '48.20'}]}",OHLC_W_I_RSIABVAVE,RSI Bullish Crossover (Weekly),RSI Bullish Crossover (Weekly),15,Indicator Scans,RSI Bullish Crossover (Weekly),,,False,1,N,,OHLC_W_I_RSIABVAVE
1790075717,"{'stkname': 'Peninsula Land', 'ltp': '', 'perChg': '', 'stkId': 'MGS', 'displayLock': 'N', 'scanproflg': 1, 'scUrl': 'constructioncontracting-housing/peninsulaland/PL10', 'columns': [{'name': 'RSI Indicator value', 'value': '49.45'}, {'name': 'change %', 'value': '6.86'}, {'name': 'LTP', 'value': '17.30'}]}",OHLC_W_I_RSIABVAVE,RSI Bullish Crossover (Weekly),RSI Bullish Crossover (Weekly),15,Indicator Scans,RSI Bullish Crossover (Weekly),,,False,1,N,,OHLC_W_I_RSIABVAVE
1790075717,"{'stkname': 'Suratwwala BG', 'ltp': '', 'perChg': '', 'stkId': 'SBG', 'displayLock': 'N', 'scanproflg': 1, 'scUrl': 'construction-real-estate/suratwwalabusinessgroup/SBG', 'columns': [{'name': 'RSI Indicator value', 'value': '41.22'}, {'name': 'change %', 'value': '0.95'}, {'name': 'LTP', 'value': '23.44'}]}",OHLC_W_I_RSIABVAVE,RSI Bullish Crossover (Weekly),RSI Bullish Crossover (Weekly),15,Indicator Scans,RSI Bullish Crossover (Weekly),,,False,1,N,,OHLC_W_I_RSIABVAVE
1790075717,"{'stkname': 'Texmaco Infra', 'ltp': '', 'perChg': '', 'stkId': 'T02', 'displayLock': 'N', 'scanproflg': 1, 'scUrl': 'infrastructure-general/texmacoinfrastructureholdings/T02', 'columns': [{'name': 'RSI Indicator value', 'value': '62.21'}, {'name': 'change %', 'value': '0.89'}, {'name': 'LTP', 'value': '115.07'}]}",OHLC_W_I_RSIABVAVE,RSI Bullish Crossover (Weekly),RSI Bullish Crossover (Weekly),15,Indicator Scans,RSI Bullish Crossover (Weekly),,,False,1,N,,OHLC_W_I_RSIABVAVE
1790075717,"{'stkname': 'Phoenix Mills', 'ltp': '', 'perChg': '', 'stkId': 'PM02', 'displayLock': 'N', 'scanproflg': 1, 'scUrl': 'constructioncontracting-real-estate/phoenixmills/PM02', 'columns': [{'name': 'RSI Indicator value', 'value': '56.76'}, {'name': 'change %', 'value': '1.26'}, {'name': 'LTP', 'value': '1,953.40'}]}",OHLC_W_I_RSIABVAVE,RSI Bullish Crossover (Weekly),RSI Bullish Crossover (Weekly),15,Indicator Scans,RSI Bullish Crossover (Weekly),,,False,1,N,,OHLC_W_I_RSIABVAVE
1790075717,"{'stkname': 'Ajmera Realty', 'ltp': '', 'perChg': '', 'stkId': 'SPS01', 'displayLock': 'N', 'scanproflg': 1, 'scUrl': 'constructioncontracting-real-estate/ajmerarealtyinfraindia/ARI03', 'columns': [{'name': 'RSI Indicator value', 'value': '43.18'}, {'name': 'change %', 'value': '1.46'}, {'name': 'LTP', 'value': '119.98'}]}",OHLC_W_I_RSIABVAVE,RSI Bullish Crossover (Weekly),RSI Bullish Crossover (Weekly),15,Indicator Scans,RSI Bullish Crossover (Weekly),,,False,1,N,,OHLC_W_I_RSIABVAVE
1790075717,"{'stkname': 'Ashiana Housing', 'ltp': '', 'perChg': '', 'stkId': 'AHF01', 'displayLock': 'N', 'scanproflg': 1, 'scUrl': 'constructioncontracting-housing/ashianahousing/AH07', 'columns': [{'name': 'RSI Indicator value', 'value': '58.89'}, {'name': 'change %', 'value': '-5.44'}, {'name': 'LTP', 'value': '383.50'}]}",OHLC_W_I_RSIABVAVE,RSI Bullish Crossover (Weekly),RSI Bullish Crossover (Weekly),15,Indicator Scans,RSI Bullish Crossover (Weekly),,,False,1,N,,OHLC_W_I_RSIABVAVE
1790075717,"{'stkname': 'Jayant Agro-Org', 'ltp': '', 'perChg': '', 'stkId': 'JAO', 'displayLock': 'N', 'scanproflg': 1, 'scUrl': 'chemicals/jayantagro-organics/JAO', 'columns': [{'name': 'RSI Indicator value', 'value': '59.43'}, {'name': 'change %', 'value': '1.22'}, {'name': 'LTP', 'value': '238.00'}]}",OHLC_W_I_RSIABVAVE,RSI Bullish Crossover (Weekly),RSI Bullish Crossover (Weekly),15,Indicator Scans,RSI Bullish Crossover (Weekly),,,False,1,N,,OHLC_W_I_RSIABVAVE
1790075717,"{'stkname': 'Vikas Ecotech', 'ltp': '', 'perChg': '', 'stkId': 'VL06', 'displayLock': 'N', 'scanproflg': 1, 'scUrl': 'chemicals/vikasecotech/VGO01', 'columns': [{'name': 'RSI Indicator value', 'value': '32.53'}, {'name': 'change %', 'value': '0.96'}, {'name': 'LTP', 'value': '1.05'}]}",OHLC_W_I_RSIABVAVE,RSI Bullish Crossover (Weekly),RSI Bullish Crossover (Weekly),15,Indicator Scans,RSI Bullish Crossover (Weekly),,,False,1,N,,OHLC_W_I_RSIABVAVE
1790075717,"{'stkname': 'Keystone Real', 'ltp': '', 'perChg': '', 'stkId': 'KR06', 'displayLock': 'N', 'scanproflg': 1, 'scUrl': 'construction-residentialcommercial-complexes/keystonerealtors/KR05', 'columns': [{'name': 'RSI Indicator value', 'value': '39.47'}, {'name': 'change %', 'value': '2.84'}, {'name': 'LTP', 'value': '364.50'}]}",OHLC_W_I_RSIABVAVE,RSI Bullish Crossover (Weekly),RSI Bullish Crossover (Weekly),15,Indicator Scans,RSI Bullish Crossover (Weekly),,,False,1,N,,OHLC_W_I_RSIABVAVE
1790075717,"{'stkname': 'Sudarshan Color', 'ltp': '', 'perChg': '', 'stkId': 'CC', 'displayLock': 'N', 'scanproflg': 1, 'scUrl': 'speciality-chemicals/sudarshancolorantsindia/CCI08', 'columns': [{'name': 'RSI Indicator value', 'value': '52.26'}, {'name': 'change %', 'value': '-2.74'}, {'name': 'LTP', 'value': '391.00'}]}",OHLC_W_I_RSIABVAVE,RSI Bullish Crossover (Weekly),RSI Bullish Crossover (Weekly),15,Indicator Scans,RSI Bullish Crossover (Weekly),,,False,1,N,,OHLC_W_I_RSIABVAVE
1790075717,"{'stkname': 'Indo Amines', 'ltp': '', 'perChg': '', 'stkId': 'IA', 'displayLock': 'N', 'scanproflg': 1, 'scUrl': 'chemicals/indoamines/IA', 'columns': [{'name': 'RSI Indicator value', 'value': '57.91'}, {'name': 'change %', 'value': '1.60'}, {'name': 'LTP', 'value': '135.00'}]}",OHLC_W_I_RSIABVAVE,RSI Bullish Crossover (Weekly),RSI Bullish Crossover (Weekly),15,Indicator Scans,RSI Bullish Crossover (Weekly),,,False,1,N,,OHLC_W_I_RSIABVAVE
1790075717,"{'stkname': 'CHEMPLAST SANMA', 'ltp': '', 'perChg': '', 'stkId': 'CS18', 'displayLock': 'N', 'scanproflg': 1, 'scUrl': 'speciality-chemicals/chemplastsanmar/CS23', 'columns': [{'name': 'RSI Indicator value', 'value': '44.83'}, {'name': 'change %', 'value': '8.68'}, {'name': 'LTP', 'value': '196.90'}]}",OHLC_W_I_RSIABVAVE,RSI Bullish Crossover (Weekly),RSI Bullish Crossover (Weekly),15,Indicator Scans,RSI Bullish Crossover (Weekly),,,False,1,N,,OHLC_W_I_RSIABVAVE
1790075717,"{'stkname': 'Munjal Showa', 'ltp': '', 'perChg': '', 'stkId': 'MS', 'displayLock': 'N', 'scanproflg': 1, 'scUrl': 'auto-ancillaries/munjalshowa/MS', 'columns': [{'name': 'RSI Indicator value', 'value': '53.25'}, {'name': 'change %', 'value': '3.86'}, {'name': 'LTP', 'value': '133.49'}]}",OHLC_W_I_RSIABVAVE,RSI Bullish Crossover (Weekly),RSI Bullish Crossover (Weekly),15,Indicator Scans,RSI Bullish Crossover (Weekly),,,False,1,N,,OHLC_W_I_RSIABVAVE
1790075717,"{'stkname': 'Nuvoco Vistas', 'ltp': '', 'perChg': '', 'stkId': 'NVC', 'displayLock': 'N', 'scanproflg': 1, 'scUrl': 'cement/nuvocovistascorporation/NVC', 'columns': [{'name': 'RSI Indicator value', 'value': '52.36'}, {'name': 'change %', 'value': '2.74'}, {'name': 'LTP', 'value': '339.60'}]}",OHLC_W_I_RSIABVAVE,RSI Bullish Crossover (Weekly),RSI Bullish Crossover (Weekly),15,Indicator Scans,RSI Bullish Crossover (Weekly),,,False,1,N,,OHLC_W_I_RSIABVAVE
1790075717,"{'stkname': 'J. K. Cement', 'ltp': '', 'perChg': '', 'stkId': 'JKC03', 'displayLock': 'N', 'scanproflg': 1, 'scUrl': 'cement-major/jkcement/JKC03', 'columns': [{'name': 'RSI Indicator value', 'value': '45.14'}, {'name': 'change %', 'value': '0.63'}, {'name': 'LTP', 'value': '5,119.00'}]}",OHLC_W_I_RSIABVAVE,RSI Bullish Crossover (Weekly),RSI Bullish Crossover (Weekly),15,Indicator Scans,RSI Bullish Crossover (Weekly),,,False,1,N,,OHLC_W_I_RSIABVAVE
1790075717,"{'stkname': 'Ramco Cements', 'ltp': '', 'perChg': '', 'stkId': 'MC', 'displayLock': 'N', 'scanproflg': 1, 'scUrl': 'cement-major/theramcocements/MC', 'columns': [{'name': 'RSI Indicator value', 'value': '41.59'}, {'name': 'change %', 'value': '0.07'}, {'name': 'LTP', 'value': '885.70'}]}",OHLC_W_I_RSIABVAVE,RSI Bullish Crossover (Weekly),RSI Bullish Crossover (Weekly),15,Indicator Scans,RSI Bullish Crossover (Weekly),,,False,1,N,,OHLC_W_I_RSIABVAVE
1790075717,"{'stkname': 'HMT', 'ltp': '', 'perChg': '', 'stkId': 'HMT', 'displayLock': 'N', 'scanproflg': 1, 'scUrl': 'auto-tractors/hmt/HMT', 'columns': [{'name': 'RSI Indicator value', 'value': '55.55'}, {'name': 'change %', 'value': '0.62'}, {'name': 'LTP', 'value': '64.50'}]}",OHLC_W_I_RSIABVAVE,RSI Bullish Crossover (Weekly),RSI Bullish Crossover (Weekly),15,Indicator Scans,RSI Bullish Crossover (Weekly),,,False,1,N,,OHLC_W_I_RSIABVAVE
1790075717,"{'stkname': 'Timken', 'ltp': '', 'perChg': '', 'stkId': 'TT04', 'displayLock': 'N', 'scanproflg': 1, 'scUrl': 'bearings/timkenindia/TI23', 'columns': [{'name': 'RSI Indicator value', 'value': '46.34'}, {'name': 'change %', 'value': '1.47'}, {'name': 'LTP', 'value': '3,183.00'}]}",OHLC_W_I_RSIABVAVE,RSI Bullish Crossover (Weekly),RSI Bullish Crossover (Weekly),15,Indicator Scans,RSI Bullish Crossover (Weekly),,,False,1,N,,OHLC_W_I_RSIABVAVE
1790075717,"{'stkname': 'Ndr Auto Compon', 'ltp': '', 'perChg': '', 'stkId': 'NAC02', 'displayLock': 'N', 'scanproflg': 1, 'scUrl': 'auto-ancillaries/ndrautocomponents/NAC02', 'columns': [{'name': 'RSI Indicator value', 'value': '47.19'}, {'name': 'change %', 'value': '3.52'}, {'name': 'LTP', 'value': '758.00'}]}",OHLC_W_I_RSIABVAVE,RSI Bullish Crossover (Weekly),RSI Bullish Crossover (Weekly),15,Indicator Scans,RSI Bullish Crossover (Weekly),,,False,1,N,,OHLC_W_I_RSIABVAVE
1790075717,"{'stkname': 'Jamna Auto', 'ltp': '', 'perChg': '', 'stkId': 'JAI', 'displayLock': 'N', 'scanproflg': 1, 'scUrl': 'auto-ancillaries/jamnaautoindustries/JAI', 'columns': [{'name': 'RSI Indicator value', 'value': '51.10'}, {'name': 'change %', 'value': '-0.66'}, {'name': 'LTP', 'value': '128.39'}]}",OHLC_W_I_RSIABVAVE,RSI Bullish Crossover (Weekly),RSI Bullish Crossover (Weekly),15,Indicator Scans,RSI Bullish Crossover (Weekly),,,False,1,N,,OHLC_W_I_RSIABVAVE
1790075717,"{'stkname': 'Everest Ind', 'ltp': '', 'perChg': '', 'stkId': 'EE02', 'displayLock': 'N', 'scanproflg': 1, 'scUrl': 'cement-productsbuilding-materials/everestindustries/EI19', 'columns': [{'name': 'RSI Indicator value', 'value': '50.37'}, {'name': 'change %', 'value': '3.96'}, {'name': 'LTP', 'value': '437.45'}]}",OHLC_W_I_RSIABVAVE,RSI Bullish Crossover (Weekly),RSI Bullish Crossover (Weekly),15,Indicator Scans,RSI Bullish Crossover (Weekly),,,False,1,N,,OHLC_W_I_RSIABVAVE
1790075717,"{'stkname': 'Indo-National', 'ltp': '', 'perChg': '', 'stkId': 'IN01', 'displayLock': 'N', 'scanproflg': 1, 'scUrl': 'dry-cells/indo-national/NBC', 'columns': [{'name': 'RSI Indicator value', 'value': '44.94'}, {'name': 'change %', 'value': '2.47'}, {'name': 'LTP', 'value': '326.00'}]}",OHLC_W_I_RSIABVAVE,RSI Bullish Crossover (Weekly),RSI Bullish Crossover (Weekly),15,Indicator Scans,RSI Bullish Crossover (Weekly),,,False,1,N,,OHLC_W_I_RSIABVAVE
1790075717,"{'stkname': 'Easy Trip', 'ltp': '', 'perChg': '', 'stkId': 'ETP01', 'displayLock': 'N', 'scanproflg': 1, 'scUrl': 'travel-services/easytripplanners/ETP01', 'columns': [{'name': 'RSI Indicator value', 'value': '38.90'}, {'name': 'change %', 'value': '3.63'}, {'name': 'LTP', 'value': '6.00'}]}",OHLC_W_I_RSIABVAVE,RSI Bullish Crossover (Weekly),RSI Bullish Crossover (Weekly),15,Indicator Scans,RSI Bullish Crossover (Weekly),,,False,1,N,,OHLC_W_I_RSIABVAVE
1790075717,"{'stkname': 'DLF', 'ltp': '', 'perChg': '', 'stkId': 'D04', 'displayLock': 'N', 'scanproflg': 1, 'scUrl': 'constructioncontracting-real-estate/dlf/D04', 'columns': [{'name': 'RSI Indicator value', 'value': '55.19'}, {'name': 'change %', 'value': '1.40'}, {'name': 'LTP', 'value': '669.50'}]}",OHLC_W_I_RSIABVAVE,RSI Bullish Crossover (Weekly),RSI Bullish Crossover (Weekly),15,Indicator Scans,RSI Bullish Crossover (Weekly),,,False,1,N,,OHLC_W_I_RSIABVAVE
1790075717,"{'stkname': 'PB Fintech', 'ltp': '', 'perChg': '', 'stkId': 'PF15', 'displayLock': 'N', 'scanproflg': 1, 'scUrl': 'multiline-insurancebrokers/pbfintech/PF14', 'columns': [{'name': 'RSI Indicator value', 'value': '59.26'}, {'name': 'change %', 'value': '0.67'}, {'name': 'LTP', 'value': '1,805.00'}]}",OHLC_W_I_RSIABVAVE,RSI Bullish Crossover (Weekly),RSI Bullish Crossover (Weekly),15,Indicator Scans,RSI Bullish Crossover (Weekly),,,False,1,N,,OHLC_W_I_RSIABVAVE
1790075717,"{'stkname': 'Advanced Enzyme', 'ltp': '', 'perChg': '', 'stkId': 'AET02', 'displayLock': 'N', 'scanproflg': 1, 'scUrl': 'pharmaceuticals/advancedenzymetechnologies/AET', 'columns': [{'name': 'RSI Indicator value', 'value': '42.93'}, {'name': 'change %', 'value': '1.00'}, {'name': 'LTP', 'value': '297.00'}]}",OHLC_W_I_RSIABVAVE,RSI Bullish Crossover (Weekly),RSI Bullish Crossover (Weekly),15,Indicator Scans,RSI Bullish Crossover (Weekly),,,False,1,N,,OHLC_W_I_RSIABVAVE
1790075717,"{'stkname': 'Cemindia Proj', 'ltp': '', 'perChg': '', 'stkId': 'THC', 'displayLock': 'N', 'scanproflg': 1, 'scUrl': 'constructioncontracting-civil/cemindiaprojects/ITD03', 'columns': [{'name': 'RSI Indicator value', 'value': '60.05'}, {'name': 'change %', 'value': '5.00'}, {'name': 'LTP', 'value': '1,319.30'}]}",OHLC_W_I_RSIABVAVE,RSI Bullish Crossover (Weekly),RSI Bullish Crossover (Weekly),15,Indicator Scans,RSI Bullish Crossover (Weekly),,,False,1,N,,OHLC_W_I_RSIABVAVE
1790075717,"{'stkname': 'Gabriel India', 'ltp': '', 'perChg': '', 'stkId': 'GI02', 'displayLock': 'N', 'scanproflg': 1, 'scUrl': 'auto-ancillaries/gabrielindia/GI02', 'columns': [{'name': 'RSI Indicator value', 'value': '66.79'}, {'name': 'change %', 'value': '14.62'}, {'name': 'LTP', 'value': '1,479.00'}]}",OHLC_W_I_RSIABVAVE,RSI Bullish Crossover (Weekly),RSI Bullish Crossover (Weekly),15,Indicator Scans,RSI Bullish Crossover (Weekly),,,False,1,N,,OHLC_W_I_RSIABVAVE
1790075717,"{'stkname': 'PI Industries', 'ltp': '', 'perChg': '', 'stkId': 'PII', 'displayLock': 'N', 'scanproflg': 1, 'scUrl': 'pesticidesagro-chemicals/piindustries/PII', 'columns': [{'name': 'RSI Indicator value', 'value': '36.49'}, {'name': 'change %', 'value': '3.80'}, {'name': 'LTP', 'value': '2,410.00'}]}",OHLC_W_I_RSIABVAVE,RSI Bullish Crossover (Weekly),RSI Bullish Crossover (Weekly),15,Indicator Scans,RSI Bullish Crossover (Weekly),,,False,1,N,,OHLC_W_I_RSIABVAVE
1790075717,"{'stkname': 'Yes Bank', 'ltp': '', 'perChg': '', 'stkId': 'YB', 'displayLock': 'N', 'scanproflg': 1, 'scUrl': 'banks-private-sector/yesbank/YB', 'columns': [{'name': 'RSI Indicator value', 'value': '54.47'}, {'name': 'change %', 'value': '0.13'}, {'name': 'LTP', 'value': '23.20'}]}",OHLC_W_I_RSIABVAVE,RSI Bullish Crossover (Weekly),RSI Bullish Crossover (Weekly),15,Indicator Scans,RSI Bullish Crossover (Weekly),,,False,1,N,,OHLC_W_I_RSIABVAVE
1790075717,"{'stkname': 'IOC', 'ltp': '', 'perChg': '', 'stkId': 'IOC', 'displayLock': 'N', 'scanproflg': 1, 'scUrl': 'refineries/indianoilcorporation/IOC', 'columns': [{'name': 'RSI Indicator value', 'value': '45.11'}, {'name': 'change %', 'value': '0.93'}, {'name': 'LTP', 'value': '137.80'}]}",OHLC_W_I_RSIABVAVE,RSI Bullish Crossover (Weekly),RSI Bullish Crossover (Weekly),15,Indicator Scans,RSI Bullish Crossover (Weekly),,,False,1,N,,OHLC_W_I_RSIABVAVE
1790075717,"{'stkname': 'ITC', 'ltp': '', 'perChg': '', 'stkId': 'ITC', 'displayLock': 'N', 'scanproflg': 1, 'scUrl': 'diversified/itc/ITC', 'columns': [{'name': 'RSI Indicator value', 'value': '34.51'}, {'name': 'change %', 'value': '-0.45'}, {'name': 'LTP', 'value': '265.80'}]}",OHLC_W_I_RSIABVAVE,RSI Bullish Crossover (Weekly),RSI Bullish Crossover (Weekly),15,Indicator Scans,RSI Bullish Crossover (Weekly),,,False,1,N,,OHLC_W_I_RSIABVAVE
1790075717,"{'stkname': 'Jindal Worldwid', 'ltp': '', 'perChg': '', 'stkId': 'JW01', 'displayLock': 'N', 'scanproflg': 1, 'scUrl': 'textiles-general/jindalworldwide/JW01', 'columns': [{'name': 'RSI Indicator value', 'value': '68.53'}, {'name': 'change %', 'value': '5.08'}, {'name': 'LTP', 'value': '52.34'}]}",OHLC_W_I_RSIABVAVE,RSI Bullish Crossover (Weekly),RSI Bullish Crossover (Weekly),15,Indicator Scans,RSI Bullish Crossover (Weekly),,,False,1,N,,OHLC_W_I_RSIABVAVE
1790075717,"{'stkname': 'Mukand', 'ltp': '', 'perChg': '', 'stkId': 'M02', 'displayLock': 'N', 'scanproflg': 1, 'scUrl': 'steel-mediumsmall/mukand/M02', 'columns': [{'name': 'RSI Indicator value', 'value': '54.96'}, {'name': 'change %', 'value': '4.05'}, {'name': 'LTP', 'value': '141.54'}]}",OHLC_W_I_RSIABVAVE,RSI Bullish Crossover (Weekly),RSI Bullish Crossover (Weekly),15,Indicator Scans,RSI Bullish Crossover (Weekly),,,False,1,N,,OHLC_W_I_RSIABVAVE
1790075717,"{'stkname': 'ONGC', 'ltp': '', 'perChg': '', 'stkId': 'ONG', 'displayLock': 'N', 'scanproflg': 1, 'scUrl': 'oil-drillingexploration/oilnaturalgascorporation/ONG', 'columns': [{'name': 'RSI Indicator value', 'value': '41.91'}, {'name': 'change %', 'value': '0.21'}, {'name': 'LTP', 'value': '236.13'}]}",OHLC_W_I_RSIABVAVE,RSI Bullish Crossover (Weekly),RSI Bullish Crossover (Weekly),15,Indicator Scans,RSI Bullish Crossover (Weekly),,,False,1,N,,OHLC_W_I_RSIABVAVE
1790075717,"{'stkname': 'Mankind Pharma', 'ltp': '', 'perChg': '', 'stkId': 'MP21', 'displayLock': 'N', 'scanproflg': 1, 'scUrl': 'pharmaceuticalsdrugs/mankindpharma/MP22', 'columns': [{'name': 'RSI Indicator value', 'value': '58.16'}, {'name': 'change %', 'value': '1.73'}, {'name': 'LTP', 'value': '2,480.00'}]}",OHLC_W_I_RSIABVAVE,RSI Bullish Crossover (Weekly),RSI Bullish Crossover (Weekly),15,Indicator Scans,RSI Bullish Crossover (Weekly),,,False,1,N,,OHLC_W_I_RSIABVAVE
1790075717,"{'stkname': 'SBI MCMomentum', 'ltp': '', 'perChg': '', 'stkId': 'SNM', 'displayLock': 'N', 'scanproflg': 1, 'scUrl': 'etf/sbiniftymidcap150momentum50etf/SNM', 'columns': [{'name': 'RSI Indicator value', 'value': '59.31'}, {'name': 'change %', 'value': '2.81'}, {'name': 'LTP', 'value': '65.04'}]}",OHLC_W_I_RSIABVAVE,RSI Bullish Crossover (Weekly),RSI Bullish Crossover (Weekly),15,Indicator Scans,RSI Bullish Crossover (Weekly),,,False,1,N,,OHLC_W_I_RSIABVAVE
1790075717,"{'stkname': 'MA Select IPO', 'ltp': '', 'perChg': '', 'stkId': 'SELEC30109', 'displayLock': 'N', 'scanproflg': 1, 'scUrl': 'etf/miraeassetbseselectipoetf/SELEC30109', 'columns': [{'name': 'RSI Indicator value', 'value': '64.58'}, {'name': 'change %', 'value': '0.76'}, {'name': 'LTP', 'value': '48.85'}]}",OHLC_W_I_RSIABVAVE,RSI Bullish Crossover (Weekly),RSI Bullish Crossover (Weekly),15,Indicator Scans,RSI Bullish Crossover (Weekly),,,False,1,N,,OHLC_W_I_RSIABVAVE
1790075717,"{'stkname': 'Rossell Techsys', 'ltp': '', 'perChg': '', 'stkId': 'RTL04', 'displayLock': 'N', 'scanproflg': 1, 'scUrl': 'aerospacedefence/rosselltechsys/RTL04', 'columns': [{'name': 'RSI Indicator value', 'value': '77.19'}, {'name': 'change %', 'value': '9.58'}, {'name': 'LTP', 'value': '1,490.00'}]}",OHLC_M_I_RSI70FABV,RSI entered Overbought Zone (Monthly),RSI entered Overbought Zone (Monthly),15,Indicator Scans,RSI entered Overbought Zone (Monthly),,,False,1,N,,OHLC_M_I_RSI70FABV
1790075717,"{'stkname': 'ANTELOPUS', 'ltp': '', 'perChg': '', 'stkId': 'SET', 'displayLock': 'N', 'scanproflg': 1, 'scUrl': 'oil-drillingexploration/antelopusselanenergy/SET', 'columns': [{'name': 'RSI Indicator value', 'value': '70.86'}, {'name': 'change %', 'value': '1.15'}, {'name': 'LTP', 'value': '1,113.50'}]}",OHLC_M_I_RSI70FABV,RSI entered Overbought Zone (Monthly),RSI entered Overbought Zone (Monthly),15,Indicator Scans,RSI entered Overbought Zone (Monthly),,,False,1,N,,OHLC_M_I_RSI70FABV
1790075717,"{'stkname': 'ACME Solar', 'ltp': '', 'perChg': '', 'stkId': 'ASH02', 'displayLock': 'N', 'scanproflg': 1, 'scUrl': 'power-generationdistribution/acmesolarholdings/ASH02', 'columns': [{'name': 'RSI Indicator value', 'value': '71.29'}, {'name': 'change %', 'value': '-0.61'}, {'name': 'LTP', 'value': '455.30'}]}",OHLC_M_I_RSI70FABV,RSI entered Overbought Zone (Monthly),RSI entered Overbought Zone (Monthly),15,Indicator Scans,RSI entered Overbought Zone (Monthly),,,False,1,N,,OHLC_M_I_RSI70FABV
1790075717,"{'stkname': 'QMS Medical', 'ltp': '', 'perChg': '', 'stkId': 'QMA', 'displayLock': 'N', 'scanproflg': 1, 'scUrl': 'medical-equipmentsuppliesaccessories/qmsmedicalalliedservices/QMA', 'columns': [{'name': 'RSI Indicator value', 'value': '70.71'}, {'name': 'change %', 'value': '2.08'}, {'name': 'LTP', 'value': '190.10'}]}",OHLC_M_I_RSI70FABV,RSI entered Overbought Zone (Monthly),RSI entered Overbought Zone (Monthly),15,Indicator Scans,RSI entered Overbought Zone (Monthly),,,False,1,N,,OHLC_M_I_RSI70FABV
1790075717,"{'stkname': 'Spectrum Electr', 'ltp': '', 'perChg': '', 'stkId': 'SEI06', 'displayLock': 'N', 'scanproflg': 1, 'scUrl': 'electric-equipment/spectrumelectricalindustries/SEI06', 'columns': [{'name': 'RSI Indicator value', 'value': '78.33'}, {'name': 'change %', 'value': '4.96'}, {'name': 'LTP', 'value': '3,349.90'}]}",OHLC_M_I_RSI70FABV,RSI entered Overbought Zone (Monthly),RSI entered Overbought Zone (Monthly),15,Indicator Scans,RSI entered Overbought Zone (Monthly),,,False,1,N,,OHLC_M_I_RSI70FABV
1790075717,"{'stkname': 'Redington', 'ltp': '', 'perChg': '', 'stkId': 'RI37', 'displayLock': 'N', 'scanproflg': 1, 'scUrl': 'computers-hardware/redington/RI37', 'columns': [{'name': 'RSI Indicator value', 'value': '70.87'}, {'name': 'change %', 'value': '4.83'}, {'name': 'LTP', 'value': '411.00'}]}",OHLC_M_I_RSI70FABV,RSI entered Overbought Zone (Monthly),RSI entered Overbought Zone (Monthly),15,Indicator Scans,RSI entered Overbought Zone (Monthly),,,False,1,N,,OHLC_M_I_RSI70FABV
1790075717,"{'stkname': 'Filatex India', 'ltp': '', 'perChg': '', 'stkId': 'FI06', 'displayLock': 'N', 'scanproflg': 1, 'scUrl': 'textiles-manmade/filatexindia/FI06', 'columns': [{'name': 'RSI Indicator value', 'value': '72.40'}, {'name': 'change %', 'value': '-1.66'}, {'name': 'LTP', 'value': '100.50'}]}",OHLC_M_I_RSI70FABV,RSI entered Overbought Zone (Monthly),RSI entered Overbought Zone (Monthly),15,Indicator Scans,RSI entered Overbought Zone (Monthly),,,False,1,N,,OHLC_M_I_RSI70FABV
1790075717,"{'stkname': 'Indo Rama Synth', 'ltp': '', 'perChg': '', 'stkId': 'IRS', 'displayLock': 'N', 'scanproflg': 1, 'scUrl': 'textiles-spinning-synthetic-blended/indoramasyntheticsindia/IRS', 'columns': [{'name': 'RSI Indicator value', 'value': '73.54'}, {'name': 'change %', 'value': '-2.39'}, {'name': 'LTP', 'value': '104.00'}]}",OHLC_M_I_RSI70FABV,RSI entered Overbought Zone (Monthly),RSI entered Overbought Zone (Monthly),15,Indicator Scans,RSI entered Overbought Zone (Monthly),,,False,1,N,,OHLC_M_I_RSI70FABV
1790075717,"{'stkname': 'Raymond', 'ltp': '', 'perChg': '', 'stkId': 'R', 'displayLock': 'N', 'scanproflg': 1, 'scUrl': 'engineering-industrial-equipments/raymond/R', 'columns': [{'name': 'RSI Indicator value', 'value': '76.95'}, {'name': 'change %', 'value': '2.95'}, {'name': 'LTP', 'value': '1,117.00'}]}",OHLC_M_I_RSI70FABV,RSI entered Overbought Zone (Monthly),RSI entered Overbought Zone (Monthly),15,Indicator Scans,RSI entered Overbought Zone (Monthly),,,False,1,N,,OHLC_M_I_RSI70FABV
1790075717,"{'stkname': 'Nupur Rec', 'ltp': '', 'perChg': '', 'stkId': 'NR03', 'displayLock': 'N', 'scanproflg': 1, 'scUrl': 'trading/nupurrecyclers/NR02', 'columns': [{'name': 'RSI Indicator value', 'value': '75.25'}, {'name': 'change %', 'value': '5.00'}, {'name': 'LTP', 'value': '158.35'}]}",OHLC_M_I_RSI70FABV,RSI entered Overbought Zone (Monthly),RSI entered Overbought Zone (Monthly),15,Indicator Scans,RSI entered Overbought Zone (Monthly),,,False,1,N,,OHLC_M_I_RSI70FABV
1790075717,"{'stkname': 'Strides Pharma', 'ltp': '', 'perChg': '', 'stkId': 'SA10', 'displayLock': 'N', 'scanproflg': 1, 'scUrl': 'pharmaceuticals/stridespharmascience/SA10', 'columns': [{'name': 'RSI Indicator value', 'value': '74.03'}, {'name': 'change %', 'value': '-1.30'}, {'name': 'LTP', 'value': '1,219.00'}]}",OHLC_M_I_RSI70FABV,RSI entered Overbought Zone (Monthly),RSI entered Overbought Zone (Monthly),15,Indicator Scans,RSI entered Overbought Zone (Monthly),,,False,1,N,,OHLC_M_I_RSI70FABV
1790075717,"{'stkname': 'Gland', 'ltp': '', 'perChg': '', 'stkId': 'GP14', 'displayLock': 'N', 'scanproflg': 1, 'scUrl': 'pharmaceuticalsdrugs/glandpharma/GP14', 'columns': [{'name': 'RSI Indicator value', 'value': '70.02'}, {'name': 'change %', 'value': '-1.11'}, {'name': 'LTP', 'value': '2,907.70'}]}",OHLC_M_I_RSI70FABV,RSI entered Overbought Zone (Monthly),RSI entered Overbought Zone (Monthly),15,Indicator Scans,RSI entered Overbought Zone (Monthly),,,False,1,N,,OHLC_M_I_RSI70FABV
1790075717,"{'stkname': 'Innova Captab', 'ltp': '', 'perChg': '', 'stkId': 'ICL01', 'displayLock': 'N', 'scanproflg': 1, 'scUrl': 'pharmaceuticalsdrugs/innovacaptab/ICL01', 'columns': [{'name': 'RSI Indicator value', 'value': '74.06'}, {'name': 'change %', 'value': '2.90'}, {'name': 'LTP', 'value': '1,233.00'}]}",OHLC_M_I_RSI70FABV,RSI entered Overbought Zone (Monthly),RSI entered Overbought Zone (Monthly),15,Indicator Scans,RSI entered Overbought Zone (Monthly),,,False,1,N,,OHLC_M_I_RSI70FABV
1790075717,"{'stkname': 'SMS Pharma', 'ltp': '', 'perChg': '', 'stkId': 'SP37', 'displayLock': 'N', 'scanproflg': 1, 'scUrl': 'pharmaceuticals/smspharmaceuticals/SP38', 'columns': [{'name': 'RSI Indicator value', 'value': '71.58'}, {'name': 'change %', 'value': '3.05'}, {'name': 'LTP', 'value': '480.75'}]}",OHLC_M_I_RSI70FABV,RSI entered Overbought Zone (Monthly),RSI entered Overbought Zone (Monthly),15,Indicator Scans,RSI entered Overbought Zone (Monthly),,,False,1,N,,OHLC_M_I_RSI70FABV
1790075717,"{'stkname': 'West Coast Pap', 'ltp': '', 'perChg': '', 'stkId': 'WCP', 'displayLock': 'N', 'scanproflg': 1, 'scUrl': 'paper/westcoastpapermills/WCP', 'columns': [{'name': 'RSI Indicator value', 'value': '70.49'}, {'name': 'change %', 'value': '-1.48'}, {'name': 'LTP', 'value': '749.00'}]}",OHLC_M_I_RSI70FABV,RSI entered Overbought Zone (Monthly),RSI entered Overbought Zone (Monthly),15,Indicator Scans,RSI entered Overbought Zone (Monthly),,,False,1,N,,OHLC_M_I_RSI70FABV
1790075717,"{'stkname': 'MMP Industries', 'ltp': '', 'perChg': '', 'stkId': 'MIL16', 'displayLock': 'N', 'scanproflg': 1, 'scUrl': 'aluminiumaluminium-products/mmpindustries/MIL17', 'columns': [{'name': 'RSI Indicator value', 'value': '72.98'}, {'name': 'change %', 'value': '-2.93'}, {'name': 'LTP', 'value': '463.70'}]}",OHLC_M_I_RSI70FABV,RSI entered Overbought Zone (Monthly),RSI entered Overbought Zone (Monthly),15,Indicator Scans,RSI entered Overbought Zone (Monthly),,,False,1,N,,OHLC_M_I_RSI70FABV
1790075717,"{'stkname': 'NR Agarwal', 'ltp': '', 'perChg': '', 'stkId': 'NRA', 'displayLock': 'N', 'scanproflg': 1, 'scUrl': 'paper/nragarwalindustries/NRA', 'columns': [{'name': 'RSI Indicator value', 'value': '70.14'}, {'name': 'change %', 'value': '4.20'}, {'name': 'LTP', 'value': '653.50'}]}",OHLC_M_I_RSI70FABV,RSI entered Overbought Zone (Monthly),RSI entered Overbought Zone (Monthly),15,Indicator Scans,RSI entered Overbought Zone (Monthly),,,False,1,N,,OHLC_M_I_RSI70FABV
1790075717,"{'stkname': 'Prime Focus', 'ltp': '', 'perChg': '', 'stkId': 'PF13', 'displayLock': 'N', 'scanproflg': 1, 'scUrl': 'mediaentertainment/primefocus/PF13', 'columns': [{'name': 'RSI Indicator value', 'value': '70.55'}, {'name': 'change %', 'value': '1.23'}, {'name': 'LTP', 'value': '357.00'}]}",OHLC_M_I_RSI70FABV,RSI entered Overbought Zone (Monthly),RSI entered Overbought Zone (Monthly),15,Indicator Scans,RSI entered Overbought Zone (Monthly),,,False,1,N,,OHLC_M_I_RSI70FABV
1790075717,"{'stkname': 'Synergy Green I', 'ltp': '', 'perChg': '', 'stkId': 'SGI01', 'displayLock': 'N', 'scanproflg': 1, 'scUrl': 'castingsforgings/synergygreenindustries/SGI02', 'columns': [{'name': 'RSI Indicator value', 'value': '70.89'}, {'name': 'change %', 'value': '7.51'}, {'name': 'LTP', 'value': '643.00'}]}",OHLC_M_I_RSI70FABV,RSI entered Overbought Zone (Monthly),RSI entered Overbought Zone (Monthly),15,Indicator Scans,RSI entered Overbought Zone (Monthly),,,False,1,N,,OHLC_M_I_RSI70FABV
1790075717,"{'stkname': 'Yatharth HOSP', 'ltp': '', 'perChg': '', 'stkId': 'YHT', 'displayLock': 'N', 'scanproflg': 1, 'scUrl': 'hospitalhealthcare-services/yatharthhospitaltraumacareservices/YHT', 'columns': [{'name': 'RSI Indicator value', 'value': '71.85'}, {'name': 'change %', 'value': '0.59'}, {'name': 'LTP', 'value': '1,131.90'}]}",OHLC_M_I_RSI70FABV,RSI entered Overbought Zone (Monthly),RSI entered Overbought Zone (Monthly),15,Indicator Scans,RSI entered Overbought Zone (Monthly),,,False,1,N,,OHLC_M_I_RSI70FABV
1790075717,"{'stkname': 'Capri Global', 'ltp': '', 'perChg': '', 'stkId': 'DSL01', 'displayLock': 'N', 'scanproflg': 1, 'scUrl': 'finance-general/capriglobalcapital/MMF05', 'columns': [{'name': 'RSI Indicator value', 'value': '71.33'}, {'name': 'change %', 'value': '0.06'}, {'name': 'LTP', 'value': '269.00'}]}",OHLC_M_I_RSI70FABV,RSI entered Overbought Zone (Monthly),RSI entered Overbought Zone (Monthly),15,Indicator Scans,RSI entered Overbought Zone (Monthly),,,False,1,N,,OHLC_M_I_RSI70FABV
1790075717,"{'stkname': 'Paisalo Digital', 'ltp': '', 'perChg': '', 'stkId': 'SEI03', 'displayLock': 'N', 'scanproflg': 1, 'scUrl': 'finance-investments/paisalodigitalltd/SEI03', 'columns': [{'name': 'RSI Indicator value', 'value': '75.07'}, {'name': 'change %', 'value': '0.65'}, {'name': 'LTP', 'value': '93.45'}]}",OHLC_M_I_RSI70FABV,RSI entered Overbought Zone (Monthly),RSI entered Overbought Zone (Monthly),15,Indicator Scans,RSI entered Overbought Zone (Monthly),,,False,1,N,,OHLC_M_I_RSI70FABV
1790075717,"{'stkname': 'Rishabh Instru', 'ltp': '', 'perChg': '', 'stkId': 'RI46', 'displayLock': 'N', 'scanproflg': 1, 'scUrl': 'electric-equipment/rishabhinstruments/RI47', 'columns': [{'name': 'RSI Indicator value', 'value': '71.20'}, {'name': 'change %', 'value': '-1.45'}, {'name': 'LTP', 'value': '737.20'}]}",OHLC_M_I_RSI70FABV,RSI entered Overbought Zone (Monthly),RSI entered Overbought Zone (Monthly),15,Indicator Scans,RSI entered Overbought Zone (Monthly),,,False,1,N,,OHLC_M_I_RSI70FABV
1790075717,"{'stkname': 'Deep Ind', 'ltp': '', 'perChg': '', 'stkId': 'DI22', 'displayLock': 'N', 'scanproflg': 1, 'scUrl': 'oil-explorationproduction/deepindustries/DI02', 'columns': [{'name': 'RSI Indicator value', 'value': '72.80'}, {'name': 'change %', 'value': '5.05'}, {'name': 'LTP', 'value': '763.00'}]}",OHLC_M_I_RSI70FABV,RSI entered Overbought Zone (Monthly),RSI entered Overbought Zone (Monthly),15,Indicator Scans,RSI entered Overbought Zone (Monthly),,,False,1,N,,OHLC_M_I_RSI70FABV
1790075717,"{'stkname': 'Centum Electron', 'ltp': '', 'perChg': '', 'stkId': 'CMC01', 'displayLock': 'N', 'scanproflg': 1, 'scUrl': 'electricals/centumelectronics/CE10', 'columns': [{'name': 'RSI Indicator value', 'value': '77.82'}, {'name': 'change %', 'value': '3.22'}, {'name': 'LTP', 'value': '4,892.00'}]}",OHLC_M_I_RSI70FABV,RSI entered Overbought Zone (Monthly),RSI entered Overbought Zone (Monthly),15,Indicator Scans,RSI entered Overbought Zone (Monthly),,,False,1,N,,OHLC_M_I_RSI70FABV
1790075717,"{'stkname': 'Macpower', 'ltp': '', 'perChg': '', 'stkId': 'MCM03', 'displayLock': 'N', 'scanproflg': 1, 'scUrl': 'machine-tools/macpowercncmachines/MCM03', 'columns': [{'name': 'RSI Indicator value', 'value': '71.58'}, {'name': 'change %', 'value': '8.63'}, {'name': 'LTP', 'value': '2,124.00'}]}",OHLC_M_I_RSI70FABV,RSI entered Overbought Zone (Monthly),RSI entered Overbought Zone (Monthly),15,Indicator Scans,RSI entered Overbought Zone (Monthly),,,False,1,N,,OHLC_M_I_RSI70FABV
1790075717,"{'stkname': 'Cyient DLM', 'ltp': '', 'perChg': '', 'stkId': 'CD06', 'displayLock': 'N', 'scanproflg': 1, 'scUrl': 'electric-equipment/cyientdlm/CD02', 'columns': [{'name': 'RSI Indicator value', 'value': '72.13'}, {'name': 'change %', 'value': '0.50'}, {'name': 'LTP', 'value': '917.00'}]}",OHLC_M_I_RSI70FABV,RSI entered Overbought Zone (Monthly),RSI entered Overbought Zone (Monthly),15,Indicator Scans,RSI entered Overbought Zone (Monthly),,,False,1,N,,OHLC_M_I_RSI70FABV
1790075717,"{'stkname': 'Welspun Enter', 'ltp': '', 'perChg': '', 'stkId': 'MSK', 'displayLock': 'N', 'scanproflg': 1, 'scUrl': 'constructioncontracting-civil/welspunenterprises/MSK', 'columns': [{'name': 'RSI Indicator value', 'value': '70.50'}, {'name': 'change %', 'value': '-0.47'}, {'name': 'LTP', 'value': '781.00'}]}",OHLC_M_I_RSI70FABV,RSI entered Overbought Zone (Monthly),RSI entered Overbought Zone (Monthly),15,Indicator Scans,RSI entered Overbought Zone (Monthly),,,False,1,N,,OHLC_M_I_RSI70FABV
1790075717,"{'stkname': 'Dynamatic Tech', 'ltp': '', 'perChg': '', 'stkId': 'DT05', 'displayLock': 'N', 'scanproflg': 1, 'scUrl': 'pumps/dynamatictechnologies/DT05', 'columns': [{'name': 'RSI Indicator value', 'value': '70.30'}, {'name': 'change %', 'value': '4.03'}, {'name': 'LTP', 'value': '12,660.00'}]}",OHLC_M_I_RSI70FABV,RSI entered Overbought Zone (Monthly),RSI entered Overbought Zone (Monthly),15,Indicator Scans,RSI entered Overbought Zone (Monthly),,,False,1,N,,OHLC_M_I_RSI70FABV
1790075717,"{'stkname': 'Vishnu Chemical', 'ltp': '', 'perChg': '', 'stkId': 'KI09', 'displayLock': 'N', 'scanproflg': 1, 'scUrl': 'speciality-chemicals/vishnuchemicals/VC17', 'columns': [{'name': 'RSI Indicator value', 'value': '70.83'}, {'name': 'change %', 'value': '0.69'}, {'name': 'LTP', 'value': '721.45'}]}",OHLC_M_I_RSI70FABV,RSI entered Overbought Zone (Monthly),RSI entered Overbought Zone (Monthly),15,Indicator Scans,RSI entered Overbought Zone (Monthly),,,False,1,N,,OHLC_M_I_RSI70FABV
1790075717,"{'stkname': 'Bhageria Indu', 'ltp': '', 'perChg': '', 'stkId': 'BD02', 'displayLock': 'N', 'scanproflg': 1, 'scUrl': 'dyespigments/bhageriaindustries/BD02', 'columns': [{'name': 'RSI Indicator value', 'value': '70.51'}, {'name': 'change %', 'value': '-4.00'}, {'name': 'LTP', 'value': '346.95'}]}",OHLC_M_I_RSI70FABV,RSI entered Overbought Zone (Monthly),RSI entered Overbought Zone (Monthly),15,Indicator Scans,RSI entered Overbought Zone (Monthly),,,False,1,N,,OHLC_M_I_RSI70FABV
1790075717,"{'stkname': 'Fineotex Chem', 'ltp': '', 'perChg': '', 'stkId': 'FC06', 'displayLock': 'N', 'scanproflg': 1, 'scUrl': 'speciality-chemicals/fineotexchemical/FC02', 'columns': [{'name': 'RSI Indicator value', 'value': '73.48'}, {'name': 'change %', 'value': '2.98'}, {'name': 'LTP', 'value': '57.41'}]}",OHLC_M_I_RSI70FABV,RSI entered Overbought Zone (Monthly),RSI entered Overbought Zone (Monthly),15,Indicator Scans,RSI entered Overbought Zone (Monthly),,,False,1,N,,OHLC_M_I_RSI70FABV
1790075717,"{'stkname': 'NRB Bearings', 'ltp': '', 'perChg': '', 'stkId': 'NRB', 'displayLock': 'N', 'scanproflg': 1, 'scUrl': 'bearings/nrbbearings/NRB', 'columns': [{'name': 'RSI Indicator value', 'value': '71.46'}, {'name': 'change %', 'value': '-1.04'}, {'name': 'LTP', 'value': '523.00'}]}",OHLC_M_I_RSI70FABV,RSI entered Overbought Zone (Monthly),RSI entered Overbought Zone (Monthly),15,Indicator Scans,RSI entered Overbought Zone (Monthly),,,False,1,N,,OHLC_M_I_RSI70FABV
1790075717,"{'stkname': 'Kanoria Chem', 'ltp': '', 'perChg': '', 'stkId': 'KCI01', 'displayLock': 'N', 'scanproflg': 1, 'scUrl': 'chemicals/kanoriachemicalsindustries/KCI01', 'columns': [{'name': 'RSI Indicator value', 'value': '70.30'}, {'name': 'change %', 'value': '-3.82'}, {'name': 'LTP', 'value': '173.15'}]}",OHLC_M_I_RSI70FABV,RSI entered Overbought Zone (Monthly),RSI entered Overbought Zone (Monthly),15,Indicator Scans,RSI entered Overbought Zone (Monthly),,,False,1,N,,OHLC_M_I_RSI70FABV
1790075717,"{'stkname': 'Birla Cable', 'ltp': '', 'perChg': '', 'stkId': 'BEO', 'displayLock': 'N', 'scanproflg': 1, 'scUrl': 'cables-telephone/birlacable/BEO', 'columns': [{'name': 'RSI Indicator value', 'value': '73.88'}, {'name': 'change %', 'value': '-3.44'}, {'name': 'LTP', 'value': '375.65'}]}",OHLC_M_I_RSI70FABV,RSI entered Overbought Zone (Monthly),RSI entered Overbought Zone (Monthly),15,Indicator Scans,RSI entered Overbought Zone (Monthly),,,False,1,N,,OHLC_M_I_RSI70FABV
1790075717,"{'stkname': 'Kabra Extrusion', 'ltp': '', 'perChg': '', 'stkId': 'KET', 'displayLock': 'N', 'scanproflg': 1, 'scUrl': 'engineering-heavy/kabraextrusiontechnik/KET', 'columns': [{'name': 'RSI Indicator value', 'value': '71.87'}, {'name': 'change %', 'value': '-1.38'}, {'name': 'LTP', 'value': '666.75'}]}",OHLC_M_I_RSI70FABV,RSI entered Overbought Zone (Monthly),RSI entered Overbought Zone (Monthly),15,Indicator Scans,RSI entered Overbought Zone (Monthly),,,False,1,N,,OHLC_M_I_RSI70FABV
1790075717,"{'stkname': 'Talbros Auto', 'ltp': '', 'perChg': '', 'stkId': 'TAC', 'displayLock': 'N', 'scanproflg': 1, 'scUrl': 'auto-ancillaries/talbrosautomotivecomponents/TAC', 'columns': [{'name': 'RSI Indicator value', 'value': '72.74'}, {'name': 'change %', 'value': '1.66'}, {'name': 'LTP', 'value': '475.05'}]}",OHLC_M_I_RSI70FABV,RSI entered Overbought Zone (Monthly),RSI entered Overbought Zone (Monthly),15,Indicator Scans,RSI entered Overbought Zone (Monthly),,,False,1,N,,OHLC_M_I_RSI70FABV
1790075717,"{'stkname': 'Cords Cable Ind', 'ltp': '', 'perChg': '', 'stkId': 'CCI07', 'displayLock': 'N', 'scanproflg': 1, 'scUrl': 'cables-powerothers/cordscableindustries/CCI07', 'columns': [{'name': 'RSI Indicator value', 'value': '73.23'}, {'name': 'change %', 'value': '9.02'}, {'name': 'LTP', 'value': '387.40'}]}",OHLC_M_I_RSI70FABV,RSI entered Overbought Zone (Monthly),RSI entered Overbought Zone (Monthly),15,Indicator Scans,RSI entered Overbought Zone (Monthly),,,False,1,N,,OHLC_M_I_RSI70FABV
1790075717,"{'stkname': 'Wheels', 'ltp': '', 'perChg': '', 'stkId': 'WI11', 'displayLock': 'N', 'scanproflg': 1, 'scUrl': 'auto-ancillaries/wheelsindia/WI11', 'columns': [{'name': 'RSI Indicator value', 'value': '75.89'}, {'name': 'change %', 'value': '0.37'}, {'name': 'LTP', 'value': '2,183.00'}]}",OHLC_M_I_RSI70FABV,RSI entered Overbought Zone (Monthly),RSI entered Overbought Zone (Monthly),15,Indicator Scans,RSI entered Overbought Zone (Monthly),,,False,1,N,,OHLC_M_I_RSI70FABV
1790075717,"{'stkname': 'SML Mahindra', 'ltp': '', 'perChg': '', 'stkId': 'SM', 'displayLock': 'N', 'scanproflg': 1, 'scUrl': 'automobile-truckslcvs/smlmahindra/SM', 'columns': [{'name': 'RSI Indicator value', 'value': '71.67'}, {'name': 'change %', 'value': '4.42'}, {'name': 'LTP', 'value': '6,750.00'}]}",OHLC_M_I_RSI70FABV,RSI entered Overbought Zone (Monthly),RSI entered Overbought Zone (Monthly),15,Indicator Scans,RSI entered Overbought Zone (Monthly),,,False,1,N,,OHLC_M_I_RSI70FABV
1790075717,"{'stkname': 'RBL Bank', 'ltp': '', 'perChg': '', 'stkId': 'RB02', 'displayLock': 'N', 'scanproflg': 1, 'scUrl': 'banks-private-sector/rblbank/RB03', 'columns': [{'name': 'RSI Indicator value', 'value': '74.50'}, {'name': 'change %', 'value': '5.17'}, {'name': 'LTP', 'value': '423.20'}]}",OHLC_M_I_RSI70FABV,RSI entered Overbought Zone (Monthly),RSI entered Overbought Zone (Monthly),15,Indicator Scans,RSI entered Overbought Zone (Monthly),,,False,1,N,,OHLC_M_I_RSI70FABV
1790075717,"{'stkname': 'Mirae Liquid', 'ltp': '', 'perChg': '', 'stkId': 'LIQUI17572', 'displayLock': 'N', 'scanproflg': 1, 'scUrl': 'etf/miraeassetnifty1drateliquidetf/LIQUI17572', 'columns': [{'name': 'RSI Indicator value', 'value': '87.38'}, {'name': 'change %', 'value': '0.00'}, {'name': 'LTP', 'value': '1,000.00'}]}",OHLC_M_I_RSI70FABV,RSI entered Overbought Zone (Monthly),RSI entered Overbought Zone (Monthly),15,Indicator Scans,RSI entered Overbought Zone (Monthly),,,False,1,N,,OHLC_M_I_RSI70FABV
1790075717,"{'stkname': 'R K Swamy', 'ltp': '', 'perChg': '', 'stkId': 'SL21', 'displayLock': 'N', 'scanproflg': 1, 'scUrl': 'misc-commercial-services/rkswamy/SL22', 'columns': [{'name': 'RSI Indicator value', 'value': '29.90'}, {'name': 'change %', 'value': '-0.89'}, {'name': 'LTP', 'value': '88.00'}]}",OHLC_M_I_RSI30FBELOW,RSI entered Oversold Zone (Monthly),RSI entered Oversold Zone (Monthly),15,Indicator Scans,RSI entered Oversold Zone (Monthly),,,False,1,N,,OHLC_M_I_RSI30FBELOW
1790075717,"{'stkname': 'Alok Industries', 'ltp': '', 'perChg': '', 'stkId': 'ATI', 'displayLock': 'N', 'scanproflg': 1, 'scUrl': 'textiles-weaving/alokindustries/AI54', 'columns': [{'name': 'RSI Indicator value', 'value': '29.33'}, {'name': 'change %', 'value': '3.51'}, {'name': 'LTP', 'value': '7.38'}]}",OHLC_M_I_RSI30FBELOW,RSI entered Oversold Zone (Monthly),RSI entered Oversold Zone (Monthly),15,Indicator Scans,RSI entered Oversold Zone (Monthly),,,False,1,N,,OHLC_M_I_RSI30FBELOW
1790075717,"{'stkname': 'Happiest Minds ', 'ltp': '', 'perChg': '', 'stkId': 'HMT01', 'displayLock': 'N', 'scanproflg': 1, 'scUrl': 'it-servicesconsulting/happiestmindstechnologies/HMT01', 'columns': [{'name': 'RSI Indicator value', 'value': '26.86'}, {'name': 'change %', 'value': '-0.91'}, {'name': 'LTP', 'value': '314.90'}]}",OHLC_M_I_RSI30FBELOW,RSI entered Oversold Zone (Monthly),RSI entered Oversold Zone (Monthly),15,Indicator Scans,RSI entered Oversold Zone (Monthly),,,False,1,N,,OHLC_M_I_RSI30FBELOW
1790075717,"{'stkname': 'Tata Elxsi', 'ltp': '', 'perChg': '', 'stkId': 'TEI', 'displayLock': 'N', 'scanproflg': 1, 'scUrl': 'computers-software/tataelxsi/TE', 'columns': [{'name': 'RSI Indicator value', 'value': '29.11'}, {'name': 'change %', 'value': '-2.04'}, {'name': 'LTP', 'value': '3,220.00'}]}",OHLC_M_I_RSI30FBELOW,RSI entered Oversold Zone (Monthly),RSI entered Oversold Zone (Monthly),15,Indicator Scans,RSI entered Oversold Zone (Monthly),,,False,1,N,,OHLC_M_I_RSI30FBELOW
1790075717,"{'stkname': 'GROWWSLVR', 'ltp': '', 'perChg': '', 'stkId': 'GROWW75682', 'displayLock': 'N', 'scanproflg': 1, 'scUrl': 'etf/growwsilveretf/GROWW75682', 'columns': [{'name': 'RSI Indicator value', 'value': '50.50'}, {'name': 'change %', 'value': '-0.48'}, {'name': 'LTP', 'value': '22.65'}]}",OHLC_W_I_RSIBELAVE,RSI Bearish Crossovers (Weekly),RSI Bearish Crossovers (Weekly),15,Indicator Scans,RSI Bearish Crossovers (Weekly),,,False,1,N,,OHLC_W_I_RSIBELAVE
1790075717,"{'stkname': 'MO Select IPO', 'ltp': '', 'perChg': '', 'stkId': 'MOB', 'displayLock': 'N', 'scanproflg': 1, 'scUrl': 'etf/motilaloswalbseselectipoetf/MOB', 'columns': [{'name': 'RSI Indicator value', 'value': '61.51'}, {'name': 'change %', 'value': '1.09'}, {'name': 'LTP', 'value': '48.95'}]}",OHLC_W_I_RSIBELAVE,RSI Bearish Crossovers (Weekly),RSI Bearish Crossovers (Weekly),15,Indicator Scans,RSI Bearish Crossovers (Weekly),,,False,1,N,,OHLC_W_I_RSIBELAVE
1790075717,"{'stkname': 'HDFC GOLD ETF', 'ltp': '', 'perChg': '', 'stkId': 'HDF02', 'displayLock': 'N', 'scanproflg': 1, 'scUrl': 'gold-etf/hdfcgoldetf/HDF02', 'columns': [{'name': 'RSI Indicator value', 'value': '54.08'}, {'name': 'change %', 'value': '-0.19'}, {'name': 'LTP', 'value': '129.58'}]}",OHLC_W_I_RSIBELAVE,RSI Bearish Crossovers (Weekly),RSI Bearish Crossovers (Weekly),15,Indicator Scans,RSI Bearish Crossovers (Weekly),,,False,1,N,,OHLC_W_I_RSIBELAVE
1790075717,"{'stkname': 'Inve Gold ETF', 'ltp': '', 'perChg': '', 'stkId': 'RGE', 'displayLock': 'N', 'scanproflg': 1, 'scUrl': 'gold-etf/invescoindiagoldexchangetradedfund/RGE', 'columns': [{'name': 'RSI Indicator value', 'value': '53.38'}, {'name': 'change %', 'value': '-0.27'}, {'name': 'LTP', 'value': '131.70'}]}",OHLC_W_I_RSIBELAVE,RSI Bearish Crossovers (Weekly),RSI Bearish Crossovers (Weekly),15,Indicator Scans,RSI Bearish Crossovers (Weekly),,,False,1,N,,OHLC_W_I_RSIBELAVE
1790075717,"{'stkname': 'Mirae SP 500', 'ltp': '', 'perChg': '', 'stkId': 'MAS02', 'displayLock': 'N', 'scanproflg': 1, 'scUrl': 'etf/miraeassetsp500top50etf/MAS01', 'columns': [{'name': 'RSI Indicator value', 'value': '59.51'}, {'name': 'change %', 'value': '-13.95'}, {'name': 'LTP', 'value': '97.45'}]}",OHLC_W_I_RSIBELAVE,RSI Bearish Crossovers (Weekly),RSI Bearish Crossovers (Weekly),15,Indicator Scans,RSI Bearish Crossovers (Weekly),,,False,1,N,,OHLC_W_I_RSIBELAVE
1790075717,"{'stkname': 'GOLD360', 'ltp': '', 'perChg': '', 'stkId': 'GOLD330105', 'displayLock': 'N', 'scanproflg': 1, 'scUrl': 'miscellaneous/gold360/GOLD330105', 'columns': [{'name': 'RSI Indicator value', 'value': '54.10'}, {'name': 'change %', 'value': '0.03'}, {'name': 'LTP', 'value': '147.90'}]}",OHLC_W_I_RSIBELAVE,RSI Bearish Crossovers (Weekly),RSI Bearish Crossovers (Weekly),15,Indicator Scans,RSI Bearish Crossovers (Weekly),,,False,1,N,,OHLC_W_I_RSIBELAVE
1790075717,"{'stkname': 'Ipru Gold ETF', 'ltp': '', 'perChg': '', 'stkId': 'ICI10', 'displayLock': 'N', 'scanproflg': 1, 'scUrl': 'gold-etf/iciciprudentialgoldetf/ICI10', 'columns': [{'name': 'RSI Indicator value', 'value': '53.72'}, {'name': 'change %', 'value': '-0.24'}, {'name': 'LTP', 'value': '129.70'}]}",OHLC_W_I_RSIBELAVE,RSI Bearish Crossovers (Weekly),RSI Bearish Crossovers (Weekly),15,Indicator Scans,RSI Bearish Crossovers (Weekly),,,False,1,N,,OHLC_W_I_RSIBELAVE
1790075717,"{'stkname': 'ABSL Life Gold', 'ltp': '', 'perChg': '', 'stkId': 'BSL02', 'displayLock': 'N', 'scanproflg': 1, 'scUrl': 'gold-etf/birlasunlifegoldetf/BSL02', 'columns': [{'name': 'RSI Indicator value', 'value': '54.13'}, {'name': 'change %', 'value': '-0.21'}, {'name': 'LTP', 'value': '133.44'}]}",OHLC_W_I_RSIBELAVE,RSI Bearish Crossovers (Weekly),RSI Bearish Crossovers (Weekly),15,Indicator Scans,RSI Bearish Crossovers (Weekly),,,False,1,N,,OHLC_W_I_RSIBELAVE
1790075717,"{'stkname': 'Kotak Gold ETF', 'ltp': '', 'perChg': '', 'stkId': 'KMF03', 'displayLock': 'N', 'scanproflg': 1, 'scUrl': 'gold-etf/kotakgoldexchangetradedfund/KMF03', 'columns': [{'name': 'RSI Indicator value', 'value': '53.69'}, {'name': 'change %', 'value': '-0.21'}, {'name': 'LTP', 'value': '126.39'}]}",OHLC_W_I_RSIBELAVE,RSI Bearish Crossovers (Weekly),RSI Bearish Crossovers (Weekly),15,Indicator Scans,RSI Bearish Crossovers (Weekly),,,False,1,N,,OHLC_W_I_RSIBELAVE
1790075717,"{'stkname': 'Bandhan Gold', 'ltp': '', 'perChg': '', 'stkId': 'BGE', 'displayLock': 'N', 'scanproflg': 1, 'scUrl': 'etf/bandhangoldetf/BGE', 'columns': [{'name': 'RSI Indicator value', 'value': '54.70'}, {'name': 'change %', 'value': '-0.40'}, {'name': 'LTP', 'value': '151.46'}]}",OHLC_W_I_RSIBELAVE,RSI Bearish Crossovers (Weekly),RSI Bearish Crossovers (Weekly),15,Indicator Scans,RSI Bearish Crossovers (Weekly),,,False,1,N,,OHLC_W_I_RSIBELAVE
1790075717,"{'stkname': 'Nipp Gold Bees', 'ltp': '', 'perChg': '', 'stkId': 'GBE', 'displayLock': 'N', 'scanproflg': 1, 'scUrl': 'gold-etf/nipponindiaetfgoldbees/GBE', 'columns': [{'name': 'RSI Indicator value', 'value': '53.79'}, {'name': 'change %', 'value': '-0.25'}, {'name': 'LTP', 'value': '125.25'}]}",OHLC_W_I_RSIBELAVE,RSI Bearish Crossovers (Weekly),RSI Bearish Crossovers (Weekly),15,Indicator Scans,RSI Bearish Crossovers (Weekly),,,False,1,N,,OHLC_W_I_RSIBELAVE
1790075717,"{'stkname': 'Zerodha Gold', 'ltp': '', 'perChg': '', 'stkId': 'GOLDC22901', 'displayLock': 'N', 'scanproflg': 1, 'scUrl': 'gold-etf/zerodhagoldetf/GOLDC22901', 'columns': [{'name': 'RSI Indicator value', 'value': '53.91'}, {'name': 'change %', 'value': '-0.25'}, {'name': 'LTP', 'value': '23.85'}]}",OHLC_W_I_RSIBELAVE,RSI Bearish Crossovers (Weekly),RSI Bearish Crossovers (Weekly),15,Indicator Scans,RSI Bearish Crossovers (Weekly),,,False,1,N,,OHLC_W_I_RSIBELAVE
1790075717,"{'stkname': 'CHOICEGOLD', 'ltp': '', 'perChg': '', 'stkId': 'CHOIC75961', 'displayLock': 'N', 'scanproflg': 1, 'scUrl': 'miscellaneous/choicegold/CHOIC75961', 'columns': [{'name': 'RSI Indicator value', 'value': '54.14'}, {'name': 'change %', 'value': '-0.52'}, {'name': 'LTP', 'value': '150.20'}]}",OHLC_W_I_RSIBELAVE,RSI Bearish Crossovers (Weekly),RSI Bearish Crossovers (Weekly),15,Indicator Scans,RSI Bearish Crossovers (Weekly),,,False,1,N,,OHLC_W_I_RSIBELAVE
1790075717,"{'stkname': 'Adani Total Gas', 'ltp': '', 'perChg': '', 'stkId': 'ADG01', 'displayLock': 'N', 'scanproflg': 1, 'scUrl': 'gas-distribution/adanitotalgas/ADG01', 'columns': [{'name': 'RSI Indicator value', 'value': '46.67'}, {'name': 'change %', 'value': '-2.29'}, {'name': 'LTP', 'value': '623.80'}]}",OHLC_W_I_RSIBELAVE,RSI Bearish Crossovers (Weekly),RSI Bearish Crossovers (Weekly),15,Indicator Scans,RSI Bearish Crossovers (Weekly),,,False,1,N,,OHLC_W_I_RSIBELAVE
1790075717,"{'stkname': 'Edel Gold ETF', 'ltp': '', 'perChg': '', 'stkId': 'EGOLD19933', 'displayLock': 'N', 'scanproflg': 1, 'scUrl': 'etf/edelweissgoldetf/EGOLD19933', 'columns': [{'name': 'RSI Indicator value', 'value': '54.07'}, {'name': 'change %', 'value': '-0.16'}, {'name': 'LTP', 'value': '151.55'}]}",OHLC_W_I_RSIBELAVE,RSI Bearish Crossovers (Weekly),RSI Bearish Crossovers (Weekly),15,Indicator Scans,RSI Bearish Crossovers (Weekly),,,False,1,N,,OHLC_W_I_RSIBELAVE
1790075717,"{'stkname': 'Edel Silver', 'ltp': '', 'perChg': '', 'stkId': 'ESILV20257', 'displayLock': 'N', 'scanproflg': 1, 'scUrl': 'etf/edelweisssilveretf/ESILV20257', 'columns': [{'name': 'RSI Indicator value', 'value': '49.68'}, {'name': 'change %', 'value': '-0.86'}, {'name': 'LTP', 'value': '229.53'}]}",OHLC_W_I_RSIBELAVE,RSI Bearish Crossovers (Weekly),RSI Bearish Crossovers (Weekly),15,Indicator Scans,RSI Bearish Crossovers (Weekly),,,False,1,N,,OHLC_W_I_RSIBELAVE
1790075717,"{'stkname': 'DSP Gold ETF', 'ltp': '', 'perChg': '', 'stkId': 'DSPGO15356', 'displayLock': 'N', 'scanproflg': 1, 'scUrl': 'gold-etf/dspgoldetf/DSPGO15356', 'columns': [{'name': 'RSI Indicator value', 'value': '53.90'}, {'name': 'change %', 'value': '-0.14'}, {'name': 'LTP', 'value': '14.73'}]}",OHLC_W_I_RSIBELAVE,RSI Bearish Crossovers (Weekly),RSI Bearish Crossovers (Weekly),15,Indicator Scans,RSI Bearish Crossovers (Weekly),,,False,1,N,,OHLC_W_I_RSIBELAVE
1790075717,"{'stkname': 'Angel Gold ETF', 'ltp': '', 'perChg': '', 'stkId': 'AOG', 'displayLock': 'N', 'scanproflg': 1, 'scUrl': 'etf/angelgoldetf/AOG', 'columns': [{'name': 'RSI Indicator value', 'value': '54.61'}, {'name': 'change %', 'value': '-0.21'}, {'name': 'LTP', 'value': '14.17'}]}",OHLC_W_I_RSIBELAVE,RSI Bearish Crossovers (Weekly),RSI Bearish Crossovers (Weekly),15,Indicator Scans,RSI Bearish Crossovers (Weekly),,,False,1,N,,OHLC_W_I_RSIBELAVE
1790075717,"{'stkname': 'Axis Gold ETF', 'ltp': '', 'perChg': '', 'stkId': 'AMF02', 'displayLock': 'N', 'scanproflg': 1, 'scUrl': 'gold-etf/axismutualfund-goldetf/AMF02', 'columns': [{'name': 'RSI Indicator value', 'value': '53.50'}, {'name': 'change %', 'value': '-0.25'}, {'name': 'LTP', 'value': '126.12'}]}",OHLC_W_I_RSIBELAVE,RSI Bearish Crossovers (Weekly),RSI Bearish Crossovers (Weekly),15,Indicator Scans,RSI Bearish Crossovers (Weekly),,,False,1,N,,OHLC_W_I_RSIBELAVE
1790075717,"{'stkname': 'Gr Nifty PSE', 'ltp': '', 'perChg': '', 'stkId': 'GNP01', 'displayLock': 'N', 'scanproflg': 1, 'scUrl': 'etf/growwniftypseetf/GNP', 'columns': [{'name': 'RSI Indicator value', 'value': '40.52'}, {'name': 'change %', 'value': '-0.01'}, {'name': 'LTP', 'value': '97.30'}]}",OHLC_W_I_RSIBELAVE,RSI Bearish Crossovers (Weekly),RSI Bearish Crossovers (Weekly),15,Indicator Scans,RSI Bearish Crossovers (Weekly),,,False,1,N,,OHLC_W_I_RSIBELAVE
1790075717,"{'stkname': 'BBNPPGOLD', 'ltp': '', 'perChg': '', 'stkId': 'BBNPP20547', 'displayLock': 'N', 'scanproflg': 1, 'scUrl': 'miscellaneous/bbnppgold/BBNPP20547', 'columns': [{'name': 'RSI Indicator value', 'value': '54.32'}, {'name': 'change %', 'value': '0.20'}, {'name': 'LTP', 'value': '146.90'}]}",OHLC_W_I_RSIBELAVE,RSI Bearish Crossovers (Weekly),RSI Bearish Crossovers (Weekly),15,Indicator Scans,RSI Bearish Crossovers (Weekly),,,False,1,N,,OHLC_W_I_RSIBELAVE
1790075717,"{'stkname': 'GROWWGOLD ETF', 'ltp': '', 'perChg': '', 'stkId': 'GROWW25872', 'displayLock': 'N', 'scanproflg': 1, 'scUrl': 'etf/growwgoldetf/GROWW25872', 'columns': [{'name': 'RSI Indicator value', 'value': '53.84'}, {'name': 'change %', 'value': '-0.27'}, {'name': 'LTP', 'value': '14.79'}]}",OHLC_W_I_RSIBELAVE,RSI Bearish Crossovers (Weekly),RSI Bearish Crossovers (Weekly),15,Indicator Scans,RSI Bearish Crossovers (Weekly),,,False,1,N,,OHLC_W_I_RSIBELAVE
1790075717,"{'stkname': 'Digicontent', 'ltp': '', 'perChg': '', 'stkId': 'DGCON54268', 'displayLock': 'N', 'scanproflg': 1, 'scUrl': 'printingstationery/digicontent/DGCON54268', 'columns': [{'name': 'RSI Indicator value', 'value': '41.63'}, {'name': 'change %', 'value': '-0.62'}, {'name': 'LTP', 'value': '23.91'}]}",OHLC_W_I_RSIBELAVE,RSI Bearish Crossovers (Weekly),RSI Bearish Crossovers (Weekly),15,Indicator Scans,RSI Bearish Crossovers (Weekly),,,False,1,N,,OHLC_W_I_RSIBELAVE
1790075717,"{'stkname': 'BAG Films', 'ltp': '', 'perChg': '', 'stkId': 'BAG', 'displayLock': 'N', 'scanproflg': 1, 'scUrl': 'mediaentertainment/bagfilmsmedia/BAG', 'columns': [{'name': 'RSI Indicator value', 'value': '37.65'}, {'name': 'change %', 'value': '-0.23'}, {'name': 'LTP', 'value': '4.30'}]}",OHLC_W_I_RSIBELAVE,RSI Bearish Crossovers (Weekly),RSI Bearish Crossovers (Weekly),15,Indicator Scans,RSI Bearish Crossovers (Weekly),,,False,1,N,,OHLC_W_I_RSIBELAVE
1790075717,"{'stkname': 'Next Mediaworks', 'ltp': '', 'perChg': '', 'stkId': 'MDM01', 'displayLock': 'N', 'scanproflg': 1, 'scUrl': 'mediaentertainment/nextmediaworks/MDM01', 'columns': [{'name': 'RSI Indicator value', 'value': '39.90'}, {'name': 'change %', 'value': '-2.09'}, {'name': 'LTP', 'value': '3.74'}]}",OHLC_W_I_RSIBELAVE,RSI Bearish Crossovers (Weekly),RSI Bearish Crossovers (Weekly),15,Indicator Scans,RSI Bearish Crossovers (Weekly),,,False,1,N,,OHLC_W_I_RSIBELAVE
1790075717,"{'stkname': 'Cyber Media', 'ltp': '', 'perChg': '', 'stkId': 'CMI01', 'displayLock': 'N', 'scanproflg': 1, 'scUrl': 'mediaentertainment/cybermediaindia/CMI01', 'columns': [{'name': 'RSI Indicator value', 'value': '56.09'}, {'name': 'change %', 'value': '-2.58'}, {'name': 'LTP', 'value': '20.00'}]}",OHLC_W_I_RSIBELAVE,RSI Bearish Crossovers (Weekly),RSI Bearish Crossovers (Weekly),15,Indicator Scans,RSI Bearish Crossovers (Weekly),,,False,1,N,,OHLC_W_I_RSIBELAVE
1790075717,"{'stkname': 'SKFINDUS', 'ltp': '', 'perChg': '', 'stkId': 'SII06', 'displayLock': 'N', 'scanproflg': 1, 'scUrl': 'auto-ancillaries-bearings/skfindiaindustrial/SII06', 'columns': [{'name': 'RSI Indicator value', 'value': '53.87'}, {'name': 'change %', 'value': '-3.37'}, {'name': 'LTP', 'value': '2,782.80'}]}",OHLC_W_I_RSIBELAVE,RSI Bearish Crossovers (Weekly),RSI Bearish Crossovers (Weekly),15,Indicator Scans,RSI Bearish Crossovers (Weekly),,,False,1,N,,OHLC_W_I_RSIBELAVE
1790075717,"{'stkname': 'Piramal Finance', 'ltp': '', 'perChg': '', 'stkId': 'PFL06', 'displayLock': 'N', 'scanproflg': 1, 'scUrl': 'finance-nbfc/piramalfinance/PFL06', 'columns': [{'name': 'RSI Indicator value', 'value': '59.99'}, {'name': 'change %', 'value': '-0.91'}, {'name': 'LTP', 'value': '2,200.10'}]}",OHLC_W_I_RSIBELAVE,RSI Bearish Crossovers (Weekly),RSI Bearish Crossovers (Weekly),15,Indicator Scans,RSI Bearish Crossovers (Weekly),,,False,1,N,,OHLC_W_I_RSIBELAVE
1790075717,"{'stkname': 'Powerica', 'ltp': '', 'perChg': '', 'stkId': 'PL11', 'displayLock': 'N', 'scanproflg': 1, 'scUrl': 'engineering-industrial-equipments/powerica/PL11', 'columns': [{'name': 'RSI Indicator value', 'value': '60.18'}, {'name': 'change %', 'value': '-2.39'}, {'name': 'LTP', 'value': '554.50'}]}",OHLC_W_I_RSIBELAVE,RSI Bearish Crossovers (Weekly),RSI Bearish Crossovers (Weekly),15,Indicator Scans,RSI Bearish Crossovers (Weekly),,,False,1,N,,OHLC_W_I_RSIBELAVE
1790075717,"{'stkname': 'Kovai Medical', 'ltp': '', 'perChg': '', 'stkId': 'KM05', 'displayLock': 'N', 'scanproflg': 1, 'scUrl': 'hospitalsmedical-services/kovaimedicalcenterhospital/KMC02', 'columns': [{'name': 'RSI Indicator value', 'value': '75.98'}, {'name': 'change %', 'value': '-0.93'}, {'name': 'LTP', 'value': '6,121.50'}]}",OHLC_W_I_RSIBELAVE,RSI Bearish Crossovers (Weekly),RSI Bearish Crossovers (Weekly),15,Indicator Scans,RSI Bearish Crossovers (Weekly),,,False,1,N,,OHLC_W_I_RSIBELAVE
1790075717,"{'stkname': 'Wonderla', 'ltp': '', 'perChg': '', 'stkId': 'WH03', 'displayLock': 'N', 'scanproflg': 1, 'scUrl': 'miscellaneous/wonderlaholidays/WH01', 'columns': [{'name': 'RSI Indicator value', 'value': '50.92'}, {'name': 'change %', 'value': '-0.13'}, {'name': 'LTP', 'value': '511.30'}]}",OHLC_W_I_RSIBELAVE,RSI Bearish Crossovers (Weekly),RSI Bearish Crossovers (Weekly),15,Indicator Scans,RSI Bearish Crossovers (Weekly),,,False,1,N,,OHLC_W_I_RSIBELAVE
1790075717,"{'stkname': 'Imagicaaworld', 'ltp': '', 'perChg': '', 'stkId': 'AE16', 'displayLock': 'N', 'scanproflg': 1, 'scUrl': 'amusement-parksrecreationclub/imagicaaworldentertainment/AE01', 'columns': [{'name': 'RSI Indicator value', 'value': '55.26'}, {'name': 'change %', 'value': '-0.68'}, {'name': 'LTP', 'value': '52.51'}]}",OHLC_W_I_RSIBELAVE,RSI Bearish Crossovers (Weekly),RSI Bearish Crossovers (Weekly),15,Indicator Scans,RSI Bearish Crossovers (Weekly),,,False,1,N,,OHLC_W_I_RSIBELAVE
1790075717,"{'stkname': 'Authum Invest', 'ltp': '', 'perChg': '', 'stkId': 'AII01', 'displayLock': 'N', 'scanproflg': 1, 'scUrl': 'finance-investment/authuminvestmentinfrastucture/AII01', 'columns': [{'name': 'RSI Indicator value', 'value': '52.85'}, {'name': 'change %', 'value': '-1.86'}, {'name': 'LTP', 'value': '549.00'}]}",OHLC_W_I_RSIBELAVE,RSI Bearish Crossovers (Weekly),RSI Bearish Crossovers (Weekly),15,Indicator Scans,RSI Bearish Crossovers (Weekly),,,False,1,N,,OHLC_W_I_RSIBELAVE
1790075717,"{'stkname': 'Mangal Electric', 'ltp': '', 'perChg': '', 'stkId': 'MEI05', 'displayLock': 'N', 'scanproflg': 1, 'scUrl': 'electric-equipment/mangalelectricalindustries/MEI05', 'columns': [{'name': 'RSI Indicator value', 'value': '41.02'}, {'name': 'change %', 'value': '1.14'}, {'name': 'LTP', 'value': '270.30'}]}",OHLC_W_I_RSIBELAVE,RSI Bearish Crossovers (Weekly),RSI Bearish Crossovers (Weekly),15,Indicator Scans,RSI Bearish Crossovers (Weekly),,,False,1,N,,OHLC_W_I_RSIBELAVE
1790075717,"{'stkname': 'Fabtech Tech', 'ltp': '', 'perChg': '', 'stkId': 'FTL03', 'displayLock': 'N', 'scanproflg': 1, 'scUrl': 'engineering-industrial-equipments/fabtechtechnologies/FTL03', 'columns': [{'name': 'RSI Indicator value', 'value': '43.16'}, {'name': 'change %', 'value': '-0.16'}, {'name': 'LTP', 'value': '147.00'}]}",OHLC_W_I_RSIBELAVE,RSI Bearish Crossovers (Weekly),RSI Bearish Crossovers (Weekly),15,Indicator Scans,RSI Bearish Crossovers (Weekly),,,False,1,N,,OHLC_W_I_RSIBELAVE
1790075717,"{'stkname': 'Baazar Style', 'ltp': '', 'perChg': '', 'stkId': 'BSR02', 'displayLock': 'N', 'scanproflg': 1, 'scUrl': 'trading/baazarstyleretail/BSR03', 'columns': [{'name': 'RSI Indicator value', 'value': '55.26'}, {'name': 'change %', 'value': '-4.99'}, {'name': 'LTP', 'value': '375.05'}]}",OHLC_W_I_RSIBELAVE,RSI Bearish Crossovers (Weekly),RSI Bearish Crossovers (Weekly),15,Indicator Scans,RSI Bearish Crossovers (Weekly),,,False,1,N,,OHLC_W_I_RSIBELAVE
1790075717,"{'stkname': 'HDB Financial', 'ltp': '', 'perChg': '', 'stkId': 'HFSL', 'displayLock': 'N', 'scanproflg': 1, 'scUrl': 'finance-nbfc/hdbfinancialservices/HFSL', 'columns': [{'name': 'RSI Indicator value', 'value': '46.93'}, {'name': 'change %', 'value': '-0.69'}, {'name': 'LTP', 'value': '676.25'}]}",OHLC_W_I_RSIBELAVE,RSI Bearish Crossovers (Weekly),RSI Bearish Crossovers (Weekly),15,Indicator Scans,RSI Bearish Crossovers (Weekly),,,False,1,N,,OHLC_W_I_RSIBELAVE
1790075717,"{'stkname': 'Afcons Infra', 'ltp': '', 'perChg': '', 'stkId': 'AIL08', 'displayLock': 'N', 'scanproflg': 1, 'scUrl': 'infrastructure/afconsinfrastructure/AIL08', 'columns': [{'name': 'RSI Indicator value', 'value': '37.56'}, {'name': 'change %', 'value': '1.56'}, {'name': 'LTP', 'value': '260.75'}]}",OHLC_W_I_RSIBELAVE,RSI Bearish Crossovers (Weekly),RSI Bearish Crossovers (Weekly),15,Indicator Scans,RSI Bearish Crossovers (Weekly),,,False,1,N,,OHLC_W_I_RSIBELAVE
1790075717,"{'stkname': 'Krystal Integra', 'ltp': '', 'perChg': '', 'stkId': 'KIS02', 'displayLock': 'N', 'scanproflg': 1, 'scUrl': 'misc-commercial-services/krystalintegratedservices/KIS02', 'columns': [{'name': 'RSI Indicator value', 'value': '56.84'}, {'name': 'change %', 'value': '-2.15'}, {'name': 'LTP', 'value': '638.20'}]}",OHLC_W_I_RSIBELAVE,RSI Bearish Crossovers (Weekly),RSI Bearish Crossovers (Weekly),15,Indicator Scans,RSI Bearish Crossovers (Weekly),,,False,1,N,,OHLC_W_I_RSIBELAVE
1790075717,"{'stkname': 'Indiqube Spaces', 'ltp': '', 'perChg': '', 'stkId': 'ISL05', 'displayLock': 'N', 'scanproflg': 1, 'scUrl': 'misc-commercial-services/indiqubespaces/ISL06', 'columns': [{'name': 'RSI Indicator value', 'value': '54.13'}, {'name': 'change %', 'value': '0.35'}, {'name': 'LTP', 'value': '188.99'}]}",OHLC_W_I_RSIBELAVE,RSI Bearish Crossovers (Weekly),RSI Bearish Crossovers (Weekly),15,Indicator Scans,RSI Bearish Crossovers (Weekly),,,False,1,N,,OHLC_W_I_RSIBELAVE
1790075717,"{'stkname': 'Kalpataru', 'ltp': '', 'perChg': '', 'stkId': 'KL02', 'displayLock': 'N', 'scanproflg': 1, 'scUrl': 'construction-residentialcommercial-complexes/kalpataru/KL02', 'columns': [{'name': 'RSI Indicator value', 'value': '39.49'}, {'name': 'change %', 'value': '-0.37'}, {'name': 'LTP', 'value': '268.90'}]}",OHLC_W_I_RSIBELAVE,RSI Bearish Crossovers (Weekly),RSI Bearish Crossovers (Weekly),15,Indicator Scans,RSI Bearish Crossovers (Weekly),,,False,1,N,,OHLC_W_I_RSIBELAVE
1790075717,"{'stkname': 'Sanstar', 'ltp': '', 'perChg': '', 'stkId': 'SL22', 'displayLock': 'N', 'scanproflg': 1, 'scUrl': 'miscellaneous/sanstar/SL23', 'columns': [{'name': 'RSI Indicator value', 'value': '55.66'}, {'name': 'change %', 'value': '-0.20'}, {'name': 'LTP', 'value': '112.11'}]}",OHLC_W_I_RSIBELAVE,RSI Bearish Crossovers (Weekly),RSI Bearish Crossovers (Weekly),15,Indicator Scans,RSI Bearish Crossovers (Weekly),,,False,1,N,,OHLC_W_I_RSIBELAVE
1790075717,"{'stkname': 'Sanathan Textil', 'ltp': '', 'perChg': '', 'stkId': 'STL09', 'displayLock': 'N', 'scanproflg': 1, 'scUrl': 'textiles/sanathantextiles/STL10', 'columns': [{'name': 'RSI Indicator value', 'value': '57.77'}, {'name': 'change %', 'value': '-1.28'}, {'name': 'LTP', 'value': '473.75'}]}",OHLC_W_I_RSIBELAVE,RSI Bearish Crossovers (Weekly),RSI Bearish Crossovers (Weekly),15,Indicator Scans,RSI Bearish Crossovers (Weekly),,,False,1,N,,OHLC_W_I_RSIBELAVE
1790075717,"{'stkname': 'Mangalam World', 'ltp': '', 'perChg': '', 'stkId': 'MW01', 'displayLock': 'N', 'scanproflg': 1, 'scUrl': 'ironsteel/mangalamworldwide/MW01', 'columns': [{'name': 'RSI Indicator value', 'value': '67.33'}, {'name': 'change %', 'value': '-1.32'}, {'name': 'LTP', 'value': '42.00'}]}",OHLC_W_I_RSIBELAVE,RSI Bearish Crossovers (Weekly),RSI Bearish Crossovers (Weekly),15,Indicator Scans,RSI Bearish Crossovers (Weekly),,,False,1,N,,OHLC_W_I_RSIBELAVE
1790075717,"{'stkname': 'Emcure Pharmace', 'ltp': '', 'perChg': '', 'stkId': 'EPL', 'displayLock': 'N', 'scanproflg': 1, 'scUrl': 'pharmaceuticalsdrugs/emcurepharmaceuticals/EPL', 'columns': [{'name': 'RSI Indicator value', 'value': '64.36'}, {'name': 'change %', 'value': '-1.81'}, {'name': 'LTP', 'value': '1,973.00'}]}",OHLC_W_I_RSIBELAVE,RSI Bearish Crossovers (Weekly),RSI Bearish Crossovers (Weekly),15,Indicator Scans,RSI Bearish Crossovers (Weekly),,,False,1,N,,OHLC_W_I_RSIBELAVE
1790075717,"{'stkname': 'GPT Healthcare', 'ltp': '', 'perChg': '', 'stkId': 'GHL02', 'displayLock': 'N', 'scanproflg': 1, 'scUrl': 'hospitalhealthcare-services/gpthealthcare/GHL02', 'columns': [{'name': 'RSI Indicator value', 'value': '58.99'}, {'name': 'change %', 'value': '-1.83'}, {'name': 'LTP', 'value': '162.30'}]}",OHLC_W_I_RSIBELAVE,RSI Bearish Crossovers (Weekly),RSI Bearish Crossovers (Weekly),15,Indicator Scans,RSI Bearish Crossovers (Weekly),,,False,1,N,,OHLC_W_I_RSIBELAVE
1790075717,"{'stkname': 'Nureca', 'ltp': '', 'perChg': '', 'stkId': 'N10', 'displayLock': 'N', 'scanproflg': 1, 'scUrl': 'medical-equipmentsuppliesaccessories/nureca/N10', 'columns': [{'name': 'RSI Indicator value', 'value': '61.06'}, {'name': 'change %', 'value': '0.94'}, {'name': 'LTP', 'value': '342.00'}]}",OHLC_W_I_RSIBELAVE,RSI Bearish Crossovers (Weekly),RSI Bearish Crossovers (Weekly),15,Indicator Scans,RSI Bearish Crossovers (Weekly),,,False,1,N,,OHLC_W_I_RSIBELAVE
1790075717,"{'stkname': 'TBO Tek', 'ltp': '', 'perChg': '', 'stkId': 'TTL03', 'displayLock': 'N', 'scanproflg': 1, 'scUrl': 'travel-services/tbotek/TTL03', 'columns': [{'name': 'RSI Indicator value', 'value': '65.18'}, {'name': 'change %', 'value': '-0.86'}, {'name': 'LTP', 'value': '1,690.20'}]}",OHLC_W_I_RSIBELAVE,RSI Bearish Crossovers (Weekly),RSI Bearish Crossovers (Weekly),15,Indicator Scans,RSI Bearish Crossovers (Weekly),,,False,1,N,,OHLC_W_I_RSIBELAVE
1790075717,"{'stkname': 'Bajaj Housing', 'ltp': '', 'perChg': '', 'stkId': 'BHFL', 'displayLock': 'N', 'scanproflg': 1, 'scUrl': 'finance-housing/bajajhousingfinance/BHFL', 'columns': [{'name': 'RSI Indicator value', 'value': '42.43'}, {'name': 'change %', 'value': '-0.98'}, {'name': 'LTP', 'value': '83.16'}]}",OHLC_W_I_RSIBELAVE,RSI Bearish Crossovers (Weekly),RSI Bearish Crossovers (Weekly),15,Indicator Scans,RSI Bearish Crossovers (Weekly),,,False,1,N,,OHLC_W_I_RSIBELAVE
1790075717,"{'stkname': 'Lorenzini Appar', 'ltp': '', 'perChg': '', 'stkId': 'LA01', 'displayLock': 'N', 'scanproflg': 1, 'scUrl': 'textiles-general/lorenziniapparels/LA01', 'columns': [{'name': 'RSI Indicator value', 'value': '52.96'}, {'name': 'change %', 'value': '0.70'}, {'name': 'LTP', 'value': '8.67'}]}",OHLC_W_I_RSIBELAVE,RSI Bearish Crossovers (Weekly),RSI Bearish Crossovers (Weekly),15,Indicator Scans,RSI Bearish Crossovers (Weekly),,,False,1,N,,OHLC_W_I_RSIBELAVE
1790075717,"{'stkname': 'Indian Renew', 'ltp': '', 'perChg': '', 'stkId': 'IREDAL', 'displayLock': 'N', 'scanproflg': 1, 'scUrl': 'power-generationdistribution/indianrenewableenergydevelopmentagency/IREDAL', 'columns': [{'name': 'RSI Indicator value', 'value': '34.97'}, {'name': 'change %', 'value': '-0.68'}, {'name': 'LTP', 'value': '110.25'}]}",OHLC_W_I_RSIBELAVE,RSI Bearish Crossovers (Weekly),RSI Bearish Crossovers (Weekly),15,Indicator Scans,RSI Bearish Crossovers (Weekly),,,False,1,N,,OHLC_W_I_RSIBELAVE
1790075717,"{'stkname': 'Rajnandini Meta', 'ltp': '', 'perChg': '', 'stkId': 'RM09', 'displayLock': 'N', 'scanproflg': 1, 'scUrl': 'trading/rajnandinimetal/RM05', 'columns': [{'name': 'RSI Indicator value', 'value': '37.27'}, {'name': 'change %', 'value': '0.32'}, {'name': 'LTP', 'value': '3.13'}]}",OHLC_W_I_RSIBELAVE,RSI Bearish Crossovers (Weekly),RSI Bearish Crossovers (Weekly),15,Indicator Scans,RSI Bearish Crossovers (Weekly),,,False,1,N,,OHLC_W_I_RSIBELAVE
1790075717,"{'stkname': 'VST', 'ltp': '', 'perChg': '', 'stkId': 'VST', 'displayLock': 'N', 'scanproflg': 1, 'scUrl': 'cigarettes/vstindustries/VST', 'columns': [{'name': 'RSI Indicator value', 'value': '31.99'}, {'name': 'change %', 'value': '-0.51'}, {'name': 'LTP', 'value': '205.70'}]}",OHLC_W_I_RSIBELAVE,RSI Bearish Crossovers (Weekly),RSI Bearish Crossovers (Weekly),15,Indicator Scans,RSI Bearish Crossovers (Weekly),,,False,1,N,,OHLC_W_I_RSIBELAVE
1790075717,"{'stkname': 'Nahar Ent', 'ltp': '', 'perChg': '', 'stkId': 'NIE', 'displayLock': 'N', 'scanproflg': 1, 'scUrl': 'textiles-composite-mills/naharindustrialenterprises/NIE', 'columns': [{'name': 'RSI Indicator value', 'value': '61.04'}, {'name': 'change %', 'value': '-0.11'}, {'name': 'LTP', 'value': '131.55'}]}",OHLC_W_I_RSIBELAVE,RSI Bearish Crossovers (Weekly),RSI Bearish Crossovers (Weekly),15,Indicator Scans,RSI Bearish Crossovers (Weekly),,,False,1,N,,OHLC_W_I_RSIBELAVE
1790075717,"{'stkname': 'Cantabil Retail', 'ltp': '', 'perChg': '', 'stkId': 'CRI01', 'displayLock': 'N', 'scanproflg': 1, 'scUrl': 'retailing/cantabilretailindia/CRI01', 'columns': [{'name': 'RSI Indicator value', 'value': '47.96'}, {'name': 'change %', 'value': '-1.07'}, {'name': 'LTP', 'value': '238.50'}]}",OHLC_W_I_RSIBELAVE,RSI Bearish Crossovers (Weekly),RSI Bearish Crossovers (Weekly),15,Indicator Scans,RSI Bearish Crossovers (Weekly),,,False,1,N,,OHLC_W_I_RSIBELAVE
1790075717,"{'stkname': 'Monte Carlo', 'ltp': '', 'perChg': '', 'stkId': 'MC19', 'displayLock': 'N', 'scanproflg': 1, 'scUrl': 'textiles-readymade-apparels/montecarlofashions/MC05', 'columns': [{'name': 'RSI Indicator value', 'value': '44.31'}, {'name': 'change %', 'value': '-1.65'}, {'name': 'LTP', 'value': '525.85'}]}",OHLC_W_I_RSIBELAVE,RSI Bearish Crossovers (Weekly),RSI Bearish Crossovers (Weekly),15,Indicator Scans,RSI Bearish Crossovers (Weekly),,,False,1,N,,OHLC_W_I_RSIBELAVE
1790075717,"{'stkname': 'NAVA', 'ltp': '', 'perChg': '', 'stkId': 'NBF01', 'displayLock': 'N', 'scanproflg': 1, 'scUrl': 'diversified/nava/NBV', 'columns': [{'name': 'RSI Indicator value', 'value': '43.94'}, {'name': 'change %', 'value': '-0.51'}, {'name': 'LTP', 'value': '551.80'}]}",OHLC_W_I_RSIBELAVE,RSI Bearish Crossovers (Weekly),RSI Bearish Crossovers (Weekly),15,Indicator Scans,RSI Bearish Crossovers (Weekly),,,False,1,N,,OHLC_W_I_RSIBELAVE
1790075717,"{'stkname': 'Urja Global', 'ltp': '', 'perChg': '', 'stkId': 'CCS02', 'displayLock': 'N', 'scanproflg': 1, 'scUrl': 'power-generationdistribution/urjaglobal/UG01', 'columns': [{'name': 'RSI Indicator value', 'value': '39.15'}, {'name': 'change %', 'value': '0.11'}, {'name': 'LTP', 'value': '9.07'}]}",OHLC_W_I_RSIBELAVE,RSI Bearish Crossovers (Weekly),RSI Bearish Crossovers (Weekly),15,Indicator Scans,RSI Bearish Crossovers (Weekly),,,False,1,N,,OHLC_W_I_RSIBELAVE
1790075717,"{'stkname': 'Shree Renuka', 'ltp': '', 'perChg': '', 'stkId': 'SRS03', 'displayLock': 'N', 'scanproflg': 1, 'scUrl': 'sugar/shreerenukasugars/SRS03', 'columns': [{'name': 'RSI Indicator value', 'value': '44.17'}, {'name': 'change %', 'value': '-0.96'}, {'name': 'LTP', 'value': '22.76'}]}",OHLC_W_I_RSIBELAVE,RSI Bearish Crossovers (Weekly),RSI Bearish Crossovers (Weekly),15,Indicator Scans,RSI Bearish Crossovers (Weekly),,,False,1,N,,OHLC_W_I_RSIBELAVE
1790075717,"{'stkname': 'DPSC', 'ltp': '', 'perChg': '', 'stkId': 'DPS', 'displayLock': 'N', 'scanproflg': 1, 'scUrl': 'power-generationdistribution/dpsc/DPS', 'columns': [{'name': 'RSI Indicator value', 'value': '33.77'}, {'name': 'change %', 'value': '0.00'}, {'name': 'LTP', 'value': '7.02'}]}",OHLC_W_I_RSIBELAVE,RSI Bearish Crossovers (Weekly),RSI Bearish Crossovers (Weekly),15,Indicator Scans,RSI Bearish Crossovers (Weekly),,,False,1,N,,OHLC_W_I_RSIBELAVE
1790075717,"{'stkname': 'Rana Sugars', 'ltp': '', 'perChg': '', 'stkId': 'RS05', 'displayLock': 'N', 'scanproflg': 1, 'scUrl': 'sugar/ranasugars/RS05', 'columns': [{'name': 'RSI Indicator value', 'value': '56.86'}, {'name': 'change %', 'value': '-0.78'}, {'name': 'LTP', 'value': '14.07'}]}",OHLC_W_I_RSIBELAVE,RSI Bearish Crossovers (Weekly),RSI Bearish Crossovers (Weekly),15,Indicator Scans,RSI Bearish Crossovers (Weekly),,,False,1,N,,OHLC_W_I_RSIBELAVE
1790075717,"{'stkname': 'Garware Technic', 'ltp': '', 'perChg': '', 'stkId': 'GWR', 'displayLock': 'N', 'scanproflg': 1, 'scUrl': 'textiles-general/garwaretechnicalfibres/GWR', 'columns': [{'name': 'RSI Indicator value', 'value': '58.72'}, {'name': 'change %', 'value': '-0.04'}, {'name': 'LTP', 'value': '800.10'}]}",OHLC_W_I_RSIBELAVE,RSI Bearish Crossovers (Weekly),RSI Bearish Crossovers (Weekly),15,Indicator Scans,RSI Bearish Crossovers (Weekly),,,False,1,N,,OHLC_W_I_RSIBELAVE
1790075717,"{'stkname': 'Gland', 'ltp': '', 'perChg': '', 'stkId': 'GP14', 'displayLock': 'N', 'scanproflg': 1, 'scUrl': 'pharmaceuticalsdrugs/glandpharma/GP14', 'columns': [{'name': 'RSI Indicator value', 'value': '70.51'}, {'name': 'change %', 'value': '-1.11'}, {'name': 'LTP', 'value': '2,907.70'}]}",OHLC_W_I_RSIBELAVE,RSI Bearish Crossovers (Weekly),RSI Bearish Crossovers (Weekly),15,Indicator Scans,RSI Bearish Crossovers (Weekly),,,False,1,N,,OHLC_W_I_RSIBELAVE
1790075717,"{'stkname': 'BF Utilities', 'ltp': '', 'perChg': '', 'stkId': 'BFU', 'displayLock': 'N', 'scanproflg': 1, 'scUrl': 'power-generationdistribution/bfutilities/BFU', 'columns': [{'name': 'RSI Indicator value', 'value': '44.47'}, {'name': 'change %', 'value': '-0.84'}, {'name': 'LTP', 'value': '527.90'}]}",OHLC_W_I_RSIBELAVE,RSI Bearish Crossovers (Weekly),RSI Bearish Crossovers (Weekly),15,Indicator Scans,RSI Bearish Crossovers (Weekly),,,False,1,N,,OHLC_W_I_RSIBELAVE
1790075717,"{'stkname': 'Anthem Bioscien', 'ltp': '', 'perChg': '', 'stkId': 'ABL07', 'displayLock': 'N', 'scanproflg': 1, 'scUrl': 'pharmaceuticalsdrugs/anthembiosciences/ABL07', 'columns': [{'name': 'RSI Indicator value', 'value': '62.25'}, {'name': 'change %', 'value': '-2.98'}, {'name': 'LTP', 'value': '890.10'}]}",OHLC_W_I_RSIBELAVE,RSI Bearish Crossovers (Weekly),RSI Bearish Crossovers (Weekly),15,Indicator Scans,RSI Bearish Crossovers (Weekly),,,False,1,N,,OHLC_W_I_RSIBELAVE
1790075717,"{'stkname': 'Elgi Rubber', 'ltp': '', 'perChg': '', 'stkId': 'ETT', 'displayLock': 'N', 'scanproflg': 1, 'scUrl': 'tyres/elgirubbercompany/ERC01', 'columns': [{'name': 'RSI Indicator value', 'value': '55.97'}, {'name': 'change %', 'value': '-0.20'}, {'name': 'LTP', 'value': '59.74'}]}",OHLC_W_I_RSIBELAVE,RSI Bearish Crossovers (Weekly),RSI Bearish Crossovers (Weekly),15,Indicator Scans,RSI Bearish Crossovers (Weekly),,,False,1,N,,OHLC_W_I_RSIBELAVE
1790075717,"{'stkname': 'Star Paper', 'ltp': '', 'perChg': '', 'stkId': 'SPM04', 'displayLock': 'N', 'scanproflg': 1, 'scUrl': 'paper/starpapermills/SPM04', 'columns': [{'name': 'RSI Indicator value', 'value': '57.62'}, {'name': 'change %', 'value': '-0.90'}, {'name': 'LTP', 'value': '157.69'}]}",OHLC_W_I_RSIBELAVE,RSI Bearish Crossovers (Weekly),RSI Bearish Crossovers (Weekly),15,Indicator Scans,RSI Bearish Crossovers (Weekly),,,False,1,N,,OHLC_W_I_RSIBELAVE
1790075717,"{'stkname': 'Rushil Decor', 'ltp': '', 'perChg': '', 'stkId': 'RD02', 'displayLock': 'N', 'scanproflg': 1, 'scUrl': 'woodwood-products/rushildecor/RD02', 'columns': [{'name': 'RSI Indicator value', 'value': '47.35'}, {'name': 'change %', 'value': '2.40'}, {'name': 'LTP', 'value': '16.67'}]}",OHLC_W_I_RSIBELAVE,RSI Bearish Crossovers (Weekly),RSI Bearish Crossovers (Weekly),15,Indicator Scans,RSI Bearish Crossovers (Weekly),,,False,1,N,,OHLC_W_I_RSIBELAVE
1790075717,"{'stkname': 'Nectar Life', 'ltp': '', 'perChg': '', 'stkId': 'NL01', 'displayLock': 'N', 'scanproflg': 1, 'scUrl': 'pharmaceuticals/nectarlifesciences/NL01', 'columns': [{'name': 'RSI Indicator value', 'value': '43.09'}, {'name': 'change %', 'value': '-1.19'}, {'name': 'LTP', 'value': '10.80'}]}",OHLC_W_I_RSIBELAVE,RSI Bearish Crossovers (Weekly),RSI Bearish Crossovers (Weekly),15,Indicator Scans,RSI Bearish Crossovers (Weekly),,,False,1,N,,OHLC_W_I_RSIBELAVE
1790075717,"{'stkname': 'Pudumjee Paper ', 'ltp': '', 'perChg': '', 'stkId': 'PPP04', 'displayLock': 'N', 'scanproflg': 1, 'scUrl': 'paper/pudumjeepaperproductslimited/PPP04', 'columns': [{'name': 'RSI Indicator value', 'value': '56.92'}, {'name': 'change %', 'value': '-0.90'}, {'name': 'LTP', 'value': '97.30'}]}",OHLC_W_I_RSIBELAVE,RSI Bearish Crossovers (Weekly),RSI Bearish Crossovers (Weekly),15,Indicator Scans,RSI Bearish Crossovers (Weekly),,,False,1,N,,OHLC_W_I_RSIBELAVE
1790075717,"{'stkname': 'Alivus Life', 'ltp': '', 'perChg': '', 'stkId': 'GLS01', 'displayLock': 'N', 'scanproflg': 1, 'scUrl': 'pharmaceuticalsdrugs/alivuslifesciences/GLS01', 'columns': [{'name': 'RSI Indicator value', 'value': '68.89'}, {'name': 'change %', 'value': '-1.86'}, {'name': 'LTP', 'value': '1,374.40'}]}",OHLC_W_I_RSIBELAVE,RSI Bearish Crossovers (Weekly),RSI Bearish Crossovers (Weekly),15,Indicator Scans,RSI Bearish Crossovers (Weekly),,,False,1,N,,OHLC_W_I_RSIBELAVE
1790075717,"{'stkname': 'Aarti Drugs', 'ltp': '', 'perChg': '', 'stkId': 'AD', 'displayLock': 'N', 'scanproflg': 1, 'scUrl': 'pharmaceuticals/aartidrugs/AD', 'columns': [{'name': 'RSI Indicator value', 'value': '59.20'}, {'name': 'change %', 'value': '-1.99'}, {'name': 'LTP', 'value': '426.85'}]}",OHLC_W_I_RSIBELAVE,RSI Bearish Crossovers (Weekly),RSI Bearish Crossovers (Weekly),15,Indicator Scans,RSI Bearish Crossovers (Weekly),,,False,1,N,,OHLC_W_I_RSIBELAVE
1790075717,"{'stkname': 'IGL', 'ltp': '', 'perChg': '', 'stkId': 'IG04', 'displayLock': 'N', 'scanproflg': 1, 'scUrl': 'oil-drillingexploration/indraprasthagas/IG04', 'columns': [{'name': 'RSI Indicator value', 'value': '39.37'}, {'name': 'change %', 'value': '-1.34'}, {'name': 'LTP', 'value': '146.85'}]}",OHLC_W_I_RSIBELAVE,RSI Bearish Crossovers (Weekly),RSI Bearish Crossovers (Weekly),15,Indicator Scans,RSI Bearish Crossovers (Weekly),,,False,1,N,,OHLC_W_I_RSIBELAVE
1790075717,"{'stkname': 'Ruchira Papers', 'ltp': '', 'perChg': '', 'stkId': 'RP25', 'displayLock': 'N', 'scanproflg': 1, 'scUrl': 'paper/ruchirapapers/RP25', 'columns': [{'name': 'RSI Indicator value', 'value': '44.73'}, {'name': 'change %', 'value': '-3.04'}, {'name': 'LTP', 'value': '105.81'}]}",OHLC_W_I_RSIBELAVE,RSI Bearish Crossovers (Weekly),RSI Bearish Crossovers (Weekly),15,Indicator Scans,RSI Bearish Crossovers (Weekly),,,False,1,N,,OHLC_W_I_RSIBELAVE
1790075717,"{'stkname': 'ConfidencePetro', 'ltp': '', 'perChg': '', 'stkId': 'DG01', 'displayLock': 'N', 'scanproflg': 1, 'scUrl': 'miscellaneous/confidencepetroleum/CP10', 'columns': [{'name': 'RSI Indicator value', 'value': '65.77'}, {'name': 'change %', 'value': '-2.54'}, {'name': 'LTP', 'value': '86.70'}]}",OHLC_W_I_RSIBELAVE,RSI Bearish Crossovers (Weekly),RSI Bearish Crossovers (Weekly),15,Indicator Scans,RSI Bearish Crossovers (Weekly),,,False,1,N,,OHLC_W_I_RSIBELAVE
1790075717,"{'stkname': 'Emami Paper', 'ltp': '', 'perChg': '', 'stkId': 'EPM01', 'displayLock': 'N', 'scanproflg': 1, 'scUrl': 'paper/emamipapermills/EPM01', 'columns': [{'name': 'RSI Indicator value', 'value': '68.11'}, {'name': 'change %', 'value': '1.18'}, {'name': 'LTP', 'value': '115.95'}]}",OHLC_W_I_RSIBELAVE,RSI Bearish Crossovers (Weekly),RSI Bearish Crossovers (Weekly),15,Indicator Scans,RSI Bearish Crossovers (Weekly),,,False,1,N,,OHLC_W_I_RSIBELAVE
1790075717,"{'stkname': 'Steel Exchange ', 'ltp': '', 'perChg': '', 'stkId': 'SEI02', 'displayLock': 'N', 'scanproflg': 1, 'scUrl': 'steel-large/steelexchangeindia/SEI02', 'columns': [{'name': 'RSI Indicator value', 'value': '52.00'}, {'name': 'change %', 'value': '-0.18'}, {'name': 'LTP', 'value': '11.20'}]}",OHLC_W_I_RSIBELAVE,RSI Bearish Crossovers (Weekly),RSI Bearish Crossovers (Weekly),15,Indicator Scans,RSI Bearish Crossovers (Weekly),,,False,1,N,,OHLC_W_I_RSIBELAVE
1790075717,"{'stkname': 'Maithan Alloys', 'ltp': '', 'perChg': '', 'stkId': 'MA04', 'displayLock': 'N', 'scanproflg': 1, 'scUrl': 'miningminerals/maithanalloys/MA04', 'columns': [{'name': 'RSI Indicator value', 'value': '49.02'}, {'name': 'change %', 'value': '-0.18'}, {'name': 'LTP', 'value': '996.50'}]}",OHLC_W_I_RSIBELAVE,RSI Bearish Crossovers (Weekly),RSI Bearish Crossovers (Weekly),15,Indicator Scans,RSI Bearish Crossovers (Weekly),,,False,1,N,,OHLC_W_I_RSIBELAVE
1790075717,"{'stkname': 'Ent Network Ind', 'ltp': '', 'perChg': '', 'stkId': 'ENI', 'displayLock': 'N', 'scanproflg': 1, 'scUrl': 'mediaentertainment/entertainmentnetworkindia/ENI', 'columns': [{'name': 'RSI Indicator value', 'value': '37.63'}, {'name': 'change %', 'value': '-0.23'}, {'name': 'LTP', 'value': '99.80'}]}",OHLC_W_I_RSIBELAVE,RSI Bearish Crossovers (Weekly),RSI Bearish Crossovers (Weekly),15,Indicator Scans,RSI Bearish Crossovers (Weekly),,,False,1,N,,OHLC_W_I_RSIBELAVE
1790075717,"{'stkname': 'VRL Logistics', 'ltp': '', 'perChg': '', 'stkId': 'VL08', 'displayLock': 'N', 'scanproflg': 1, 'scUrl': 'transportlogistics/vrllogistics/VL03', 'columns': [{'name': 'RSI Indicator value', 'value': '61.44'}, {'name': 'change %', 'value': '0.09'}, {'name': 'LTP', 'value': '292.50'}]}",OHLC_W_I_RSIBELAVE,RSI Bearish Crossovers (Weekly),RSI Bearish Crossovers (Weekly),15,Indicator Scans,RSI Bearish Crossovers (Weekly),,,False,1,N,,OHLC_W_I_RSIBELAVE
1790075717,"{'stkname': 'Shankara Buildi', 'ltp': '', 'perChg': '', 'stkId': 'SBP02', 'displayLock': 'N', 'scanproflg': 1, 'scUrl': 'miscellaneous/shankarabuildingproducts/SBP02', 'columns': [{'name': 'RSI Indicator value', 'value': '55.30'}, {'name': 'change %', 'value': '-4.38'}, {'name': 'LTP', 'value': '141.00'}]}",OHLC_W_I_RSIBELAVE,RSI Bearish Crossovers (Weekly),RSI Bearish Crossovers (Weekly),15,Indicator Scans,RSI Bearish Crossovers (Weekly),,,False,1,N,,OHLC_W_I_RSIBELAVE
1790075717,"{'stkname': 'Bhagyanagar Ind', 'ltp': '', 'perChg': '', 'stkId': 'BM01', 'displayLock': 'N', 'scanproflg': 1, 'scUrl': 'cables-telephone/bhagyanagarindia/BI23', 'columns': [{'name': 'RSI Indicator value', 'value': '66.00'}, {'name': 'change %', 'value': '-1.58'}, {'name': 'LTP', 'value': '426.00'}]}",OHLC_W_I_RSIBELAVE,RSI Bearish Crossovers (Weekly),RSI Bearish Crossovers (Weekly),15,Indicator Scans,RSI Bearish Crossovers (Weekly),,,False,1,N,,OHLC_W_I_RSIBELAVE
1790075717,"{'stkname': 'Jai Balaji Ind', 'ltp': '', 'perChg': '', 'stkId': 'JBS', 'displayLock': 'N', 'scanproflg': 1, 'scUrl': 'steel-sponge-iron/jaibalajiindustries/JBI', 'columns': [{'name': 'RSI Indicator value', 'value': '46.00'}, {'name': 'change %', 'value': '1.53'}, {'name': 'LTP', 'value': '64.53'}]}",OHLC_W_I_RSIBELAVE,RSI Bearish Crossovers (Weekly),RSI Bearish Crossovers (Weekly),15,Indicator Scans,RSI Bearish Crossovers (Weekly),,,False,1,N,,OHLC_W_I_RSIBELAVE
1790075717,"{'stkname': 'Mukta Arts', 'ltp': '', 'perChg': '', 'stkId': 'MA02', 'displayLock': 'N', 'scanproflg': 1, 'scUrl': 'mediaentertainment/muktaarts/MA02', 'columns': [{'name': 'RSI Indicator value', 'value': '47.73'}, {'name': 'change %', 'value': '-0.18'}, {'name': 'LTP', 'value': '56.00'}]}",OHLC_W_I_RSIBELAVE,RSI Bearish Crossovers (Weekly),RSI Bearish Crossovers (Weekly),15,Indicator Scans,RSI Bearish Crossovers (Weekly),,,False,1,N,,OHLC_W_I_RSIBELAVE
1790075717,"{'stkname': 'Sigma Solve', 'ltp': '', 'perChg': '', 'stkId': 'SSL14', 'displayLock': 'N', 'scanproflg': 1, 'scUrl': 'it-servicesconsulting/sigmasolve/SSL14', 'columns': [{'name': 'RSI Indicator value', 'value': '53.50'}, {'name': 'change %', 'value': '0.06'}, {'name': 'LTP', 'value': '46.79'}]}",OHLC_W_I_RSIBELAVE,RSI Bearish Crossovers (Weekly),RSI Bearish Crossovers (Weekly),15,Indicator Scans,RSI Bearish Crossovers (Weekly),,,False,1,N,,OHLC_W_I_RSIBELAVE
1790075717,"{'stkname': 'Total Transport', 'ltp': '', 'perChg': '', 'stkId': 'TTS01', 'displayLock': 'N', 'scanproflg': 1, 'scUrl': 'transportlogistics/totaltransportsystems/TTS01', 'columns': [{'name': 'RSI Indicator value', 'value': '57.51'}, {'name': 'change %', 'value': '-0.36'}, {'name': 'LTP', 'value': '70.05'}]}",OHLC_W_I_RSIBELAVE,RSI Bearish Crossovers (Weekly),RSI Bearish Crossovers (Weekly),15,Indicator Scans,RSI Bearish Crossovers (Weekly),,,False,1,N,,OHLC_W_I_RSIBELAVE
1790075717,"{'stkname': 'R Systems Intl', 'ltp': '', 'perChg': '', 'stkId': 'RSI01', 'displayLock': 'N', 'scanproflg': 1, 'scUrl': 'computers-software-mediumsmall/rsystemsinternational/RSI01', 'columns': [{'name': 'RSI Indicator value', 'value': '41.48'}, {'name': 'change %', 'value': '-1.68'}, {'name': 'LTP', 'value': '239.00'}]}",OHLC_W_I_RSIBELAVE,RSI Bearish Crossovers (Weekly),RSI Bearish Crossovers (Weekly),15,Indicator Scans,RSI Bearish Crossovers (Weekly),,,False,1,N,,OHLC_W_I_RSIBELAVE
1790075717,"{'stkname': 'Narayana Hruda', 'ltp': '', 'perChg': '', 'stkId': 'NH', 'displayLock': 'N', 'scanproflg': 1, 'scUrl': 'hospitalsmedical-services/narayanahrudayalaya/NH', 'columns': [{'name': 'RSI Indicator value', 'value': '50.37'}, {'name': 'change %', 'value': '-0.51'}, {'name': 'LTP', 'value': '1,887.20'}]}",OHLC_W_I_RSIBELAVE,RSI Bearish Crossovers (Weekly),RSI Bearish Crossovers (Weekly),15,Indicator Scans,RSI Bearish Crossovers (Weekly),,,False,1,N,,OHLC_W_I_RSIBELAVE
1790075717,"{'stkname': '63 Moons Tech', 'ltp': '', 'perChg': '', 'stkId': 'WT01', 'displayLock': 'N', 'scanproflg': 1, 'scUrl': 'computers-software/63moonstechnologies/FT02', 'columns': [{'name': 'RSI Indicator value', 'value': '57.06'}, {'name': 'change %', 'value': '-5.27'}, {'name': 'LTP', 'value': '845.05'}]}",OHLC_W_I_RSIBELAVE,RSI Bearish Crossovers (Weekly),RSI Bearish Crossovers (Weekly),15,Indicator Scans,RSI Bearish Crossovers (Weekly),,,False,1,N,,OHLC_W_I_RSIBELAVE
1790075717,"{'stkname': 'Petronet LNG', 'ltp': '', 'perChg': '', 'stkId': 'PLN', 'displayLock': 'N', 'scanproflg': 1, 'scUrl': 'oil-drillingexploration/petronetlng/PLN', 'columns': [{'name': 'RSI Indicator value', 'value': '50.00'}, {'name': 'change %', 'value': '-2.00'}, {'name': 'LTP', 'value': '281.75'}]}",OHLC_W_I_RSIBELAVE,RSI Bearish Crossovers (Weekly),RSI Bearish Crossovers (Weekly),15,Indicator Scans,RSI Bearish Crossovers (Weekly),,,False,1,N,,OHLC_W_I_RSIBELAVE
1790075717,"{'stkname': 'Krishna Inst.', 'ltp': '', 'perChg': '', 'stkId': 'KIO01', 'displayLock': 'N', 'scanproflg': 1, 'scUrl': 'hospitalhealthcare-services/krishnainstitutemedicalsciences/KIo01', 'columns': [{'name': 'RSI Indicator value', 'value': '56.36'}, {'name': 'change %', 'value': '0.78'}, {'name': 'LTP', 'value': '795.00'}]}",OHLC_W_I_RSIBELAVE,RSI Bearish Crossovers (Weekly),RSI Bearish Crossovers (Weekly),15,Indicator Scans,RSI Bearish Crossovers (Weekly),,,False,1,N,,OHLC_W_I_RSIBELAVE
1790075717,"{'stkname': 'PTC Industries', 'ltp': '', 'perChg': '', 'stkId': 'PTC02', 'displayLock': 'N', 'scanproflg': 1, 'scUrl': 'engineering-heavy/ptcindustries/PTC03', 'columns': [{'name': 'RSI Indicator value', 'value': '66.36'}, {'name': 'change %', 'value': '-0.18'}, {'name': 'LTP', 'value': '22,260.00'}]}",OHLC_W_I_RSIBELAVE,RSI Bearish Crossovers (Weekly),RSI Bearish Crossovers (Weekly),15,Indicator Scans,RSI Bearish Crossovers (Weekly),,,False,1,N,,OHLC_W_I_RSIBELAVE
1790075717,"{'stkname': 'HLV', 'ltp': '', 'perChg': '', 'stkId': 'HLV', 'displayLock': 'N', 'scanproflg': 1, 'scUrl': 'hotels/hlv/HLV', 'columns': [{'name': 'RSI Indicator value', 'value': '35.04'}, {'name': 'change %', 'value': '-4.75'}, {'name': 'LTP', 'value': '6.41'}]}",OHLC_W_I_RSIBELAVE,RSI Bearish Crossovers (Weekly),RSI Bearish Crossovers (Weekly),15,Indicator Scans,RSI Bearish Crossovers (Weekly),,,False,1,N,,OHLC_W_I_RSIBELAVE
1790075717,"{'stkname': 'Apollo Sindoori', 'ltp': '', 'perChg': '', 'stkId': 'ASH', 'displayLock': 'N', 'scanproflg': 1, 'scUrl': 'hotel-resortrestaurants/apollosindoorihotels/ASH', 'columns': [{'name': 'RSI Indicator value', 'value': '49.39'}, {'name': 'change %', 'value': '-0.32'}, {'name': 'LTP', 'value': '1,212.00'}]}",OHLC_W_I_RSIBELAVE,RSI Bearish Crossovers (Weekly),RSI Bearish Crossovers (Weekly),15,Indicator Scans,RSI Bearish Crossovers (Weekly),,,False,1,N,,OHLC_W_I_RSIBELAVE
1790075717,"{'stkname': 'Vijaya Diagnost', 'ltp': '', 'perChg': '', 'stkId': 'VDC01', 'displayLock': 'N', 'scanproflg': 1, 'scUrl': 'hospitalhealthcare-services/vijayadiagnosticcentre/VDC01', 'columns': [{'name': 'RSI Indicator value', 'value': '65.75'}, {'name': 'change %', 'value': '-2.74'}, {'name': 'LTP', 'value': '1,513.50'}]}",OHLC_W_I_RSIBELAVE,RSI Bearish Crossovers (Weekly),RSI Bearish Crossovers (Weekly),15,Indicator Scans,RSI Bearish Crossovers (Weekly),,,False,1,N,,OHLC_W_I_RSIBELAVE
1790075717,"{'stkname': 'Global Health', 'ltp': '', 'perChg': '', 'stkId': 'GH03', 'displayLock': 'N', 'scanproflg': 1, 'scUrl': 'hospitalhealthcare-services/globalhealth/GH03', 'columns': [{'name': 'RSI Indicator value', 'value': '68.12'}, {'name': 'change %', 'value': '-1.20'}, {'name': 'LTP', 'value': '1,490.00'}]}",OHLC_W_I_RSIBELAVE,RSI Bearish Crossovers (Weekly),RSI Bearish Crossovers (Weekly),15,Indicator Scans,RSI Bearish Crossovers (Weekly),,,False,1,N,,OHLC_W_I_RSIBELAVE
1790075717,"{'stkname': 'Dodla Dairy', 'ltp': '', 'perChg': '', 'stkId': 'DD02', 'displayLock': 'N', 'scanproflg': 1, 'scUrl': 'consumer-food/dodladairy/DD01', 'columns': [{'name': 'RSI Indicator value', 'value': '42.62'}, {'name': 'change %', 'value': '-1.89'}, {'name': 'LTP', 'value': '1,045.00'}]}",OHLC_W_I_RSIBELAVE,RSI Bearish Crossovers (Weekly),RSI Bearish Crossovers (Weekly),15,Indicator Scans,RSI Bearish Crossovers (Weekly),,,False,1,N,,OHLC_W_I_RSIBELAVE
1790075717,"{'stkname': 'Hindustan Foods', 'ltp': '', 'perChg': '', 'stkId': 'HFL', 'displayLock': 'N', 'scanproflg': 1, 'scUrl': 'food-processing/hindustanfoods/HFL', 'columns': [{'name': 'RSI Indicator value', 'value': '64.79'}, {'name': 'change %', 'value': '0.69'}, {'name': 'LTP', 'value': '622.00'}]}",OHLC_W_I_RSIBELAVE,RSI Bearish Crossovers (Weekly),RSI Bearish Crossovers (Weekly),15,Indicator Scans,RSI Bearish Crossovers (Weekly),,,False,1,N,,OHLC_W_I_RSIBELAVE
1790075717,"{'stkname': 'Foods and Inns', 'ltp': '', 'perChg': '', 'stkId': 'FI10', 'displayLock': 'N', 'scanproflg': 1, 'scUrl': 'food-processing/foodsinns/FI10', 'columns': [{'name': 'RSI Indicator value', 'value': '42.89'}, {'name': 'change %', 'value': '0.75'}, {'name': 'LTP', 'value': '53.55'}]}",OHLC_W_I_RSIBELAVE,RSI Bearish Crossovers (Weekly),RSI Bearish Crossovers (Weekly),15,Indicator Scans,RSI Bearish Crossovers (Weekly),,,False,1,N,,OHLC_W_I_RSIBELAVE
1790075717,"{'stkname': 'Angel One', 'ltp': '', 'perChg': '', 'stkId': 'ABL03', 'displayLock': 'N', 'scanproflg': 1, 'scUrl': 'finance-stock-broking/angelone/ABL03', 'columns': [{'name': 'RSI Indicator value', 'value': '48.13'}, {'name': 'change %', 'value': '-0.35'}, {'name': 'LTP', 'value': '295.10'}]}",OHLC_W_I_RSIBELAVE,RSI Bearish Crossovers (Weekly),RSI Bearish Crossovers (Weekly),15,Indicator Scans,RSI Bearish Crossovers (Weekly),,,False,1,N,,OHLC_W_I_RSIBELAVE
1790075717,"{'stkname': 'Indraprastha', 'ltp': '', 'perChg': '', 'stkId': 'IMC03', 'displayLock': 'N', 'scanproflg': 1, 'scUrl': 'hospitalsmedical-services/indraprasthamedicalcorporation/IMC03', 'columns': [{'name': 'RSI Indicator value', 'value': '41.89'}, {'name': 'change %', 'value': '-1.89'}, {'name': 'LTP', 'value': '359.05'}]}",OHLC_W_I_RSIBELAVE,RSI Bearish Crossovers (Weekly),RSI Bearish Crossovers (Weekly),15,Indicator Scans,RSI Bearish Crossovers (Weekly),,,False,1,N,,OHLC_W_I_RSIBELAVE
1790075717,"{'stkname': 'Prudent Advisor', 'ltp': '', 'perChg': '', 'stkId': 'PCA', 'displayLock': 'N', 'scanproflg': 1, 'scUrl': 'finance-investment/prudentcorporateadvisoryservices/PCA01', 'columns': [{'name': 'RSI Indicator value', 'value': '64.73'}, {'name': 'change %', 'value': '-0.32'}, {'name': 'LTP', 'value': '3,415.80'}]}",OHLC_W_I_RSIBELAVE,RSI Bearish Crossovers (Weekly),RSI Bearish Crossovers (Weekly),15,Indicator Scans,RSI Bearish Crossovers (Weekly),,,False,1,N,,OHLC_W_I_RSIBELAVE
1790075717,"{'stkname': 'Westlife Food', 'ltp': '', 'perChg': '', 'stkId': 'DIC', 'displayLock': 'N', 'scanproflg': 1, 'scUrl': 'hotel-resortrestaurants/westlifefoodworld/DIC', 'columns': [{'name': 'RSI Indicator value', 'value': '58.15'}, {'name': 'change %', 'value': '1.25'}, {'name': 'LTP', 'value': '571.15'}]}",OHLC_W_I_RSIBELAVE,RSI Bearish Crossovers (Weekly),RSI Bearish Crossovers (Weekly),15,Indicator Scans,RSI Bearish Crossovers (Weekly),,,False,1,N,,OHLC_W_I_RSIBELAVE
1790075717,"{'stkname': 'Sindhu Trade', 'ltp': '', 'perChg': '', 'stkId': 'BCF03', 'displayLock': 'N', 'scanproflg': 1, 'scUrl': 'finance-investments/sindhutradelinks/BCF03', 'columns': [{'name': 'RSI Indicator value', 'value': '49.22'}, {'name': 'change %', 'value': '1.00'}, {'name': 'LTP', 'value': '24.23'}]}",OHLC_W_I_RSIBELAVE,RSI Bearish Crossovers (Weekly),RSI Bearish Crossovers (Weekly),15,Indicator Scans,RSI Bearish Crossovers (Weekly),,,False,1,N,,OHLC_W_I_RSIBELAVE
1790075717,"{'stkname': 'Bikaji Foods', 'ltp': '', 'perChg': '', 'stkId': 'BFI01', 'displayLock': 'N', 'scanproflg': 1, 'scUrl': 'consumer-food/bikajifoodsinternational/BFI01', 'columns': [{'name': 'RSI Indicator value', 'value': '33.81'}, {'name': 'change %', 'value': '-1.24'}, {'name': 'LTP', 'value': '552.00'}]}",OHLC_W_I_RSIBELAVE,RSI Bearish Crossovers (Weekly),RSI Bearish Crossovers (Weekly),15,Indicator Scans,RSI Bearish Crossovers (Weekly),,,False,1,N,,OHLC_W_I_RSIBELAVE
1790075717,"{'stkname': 'ABSL AMC', 'ltp': '', 'perChg': '', 'stkId': 'ABS', 'displayLock': 'N', 'scanproflg': 1, 'scUrl': 'finance-investment/adityabirlasunlifeamc/ABS', 'columns': [{'name': 'RSI Indicator value', 'value': '49.64'}, {'name': 'change %', 'value': '-0.80'}, {'name': 'LTP', 'value': '1,026.00'}]}",OHLC_W_I_RSIBELAVE,RSI Bearish Crossovers (Weekly),RSI Bearish Crossovers (Weekly),15,Indicator Scans,RSI Bearish Crossovers (Weekly),,,False,1,N,,OHLC_W_I_RSIBELAVE
1790075717,"{'stkname': 'Manorama Indust', 'ltp': '', 'perChg': '', 'stkId': 'MI43', 'displayLock': 'N', 'scanproflg': 1, 'scUrl': 'food-processing/manoramaindustries/MI45', 'columns': [{'name': 'RSI Indicator value', 'value': '64.58'}, {'name': 'change %', 'value': '-0.83'}, {'name': 'LTP', 'value': '1,907.00'}]}",OHLC_W_I_RSIBELAVE,RSI Bearish Crossovers (Weekly),RSI Bearish Crossovers (Weekly),15,Indicator Scans,RSI Bearish Crossovers (Weekly),,,False,1,N,,OHLC_W_I_RSIBELAVE
1790075717,"{'stkname': 'Geojit Fin', 'ltp': '', 'perChg': '', 'stkId': 'GS12', 'displayLock': 'N', 'scanproflg': 1, 'scUrl': 'finance-general/geojitfinancialservices/GBN01', 'columns': [{'name': 'RSI Indicator value', 'value': '57.46'}, {'name': 'change %', 'value': '-1.15'}, {'name': 'LTP', 'value': '81.00'}]}",OHLC_W_I_RSIBELAVE,RSI Bearish Crossovers (Weekly),RSI Bearish Crossovers (Weekly),15,Indicator Scans,RSI Bearish Crossovers (Weekly),,,False,1,N,,OHLC_W_I_RSIBELAVE
1790075717,"{'stkname': 'GFL', 'ltp': '', 'perChg': '', 'stkId': 'GF07', 'displayLock': 'N', 'scanproflg': 1, 'scUrl': 'finance-others/gfl/GF07', 'columns': [{'name': 'RSI Indicator value', 'value': '59.72'}, {'name': 'change %', 'value': '0.00'}, {'name': 'LTP', 'value': '57.00'}]}",OHLC_W_I_RSIBELAVE,RSI Bearish Crossovers (Weekly),RSI Bearish Crossovers (Weekly),15,Indicator Scans,RSI Bearish Crossovers (Weekly),,,False,1,N,,OHLC_W_I_RSIBELAVE
1790075717,"{'stkname': 'Paradeep Phosp', 'ltp': '', 'perChg': '', 'stkId': 'PP36', 'displayLock': 'N', 'scanproflg': 1, 'scUrl': 'fertilizers/paradeepphosphates/PP33', 'columns': [{'name': 'RSI Indicator value', 'value': '58.07'}, {'name': 'change %', 'value': '-0.98'}, {'name': 'LTP', 'value': '154.21'}]}",OHLC_W_I_RSIBELAVE,RSI Bearish Crossovers (Weekly),RSI Bearish Crossovers (Weekly),15,Indicator Scans,RSI Bearish Crossovers (Weekly),,,False,1,N,,OHLC_W_I_RSIBELAVE
1790075717,"{'stkname': 'Coromandel Int', 'ltp': '', 'perChg': '', 'stkId': 'CF06', 'displayLock': 'N', 'scanproflg': 1, 'scUrl': 'fertilisers/coromandelinternational/CI45', 'columns': [{'name': 'RSI Indicator value', 'value': '45.69'}, {'name': 'change %', 'value': '0.22'}, {'name': 'LTP', 'value': '1,945.00'}]}",OHLC_W_I_RSIBELAVE,RSI Bearish Crossovers (Weekly),RSI Bearish Crossovers (Weekly),15,Indicator Scans,RSI Bearish Crossovers (Weekly),,,False,1,N,,OHLC_W_I_RSIBELAVE
1790075717,"{'stkname': 'JM Financial', 'ltp': '', 'perChg': '', 'stkId': 'JMS', 'displayLock': 'N', 'scanproflg': 1, 'scUrl': 'finance-investments/jmfinancial/JMF', 'columns': [{'name': 'RSI Indicator value', 'value': '47.04'}, {'name': 'change %', 'value': '-0.01'}, {'name': 'LTP', 'value': '126.25'}]}",OHLC_W_I_RSIBELAVE,RSI Bearish Crossovers (Weekly),RSI Bearish Crossovers (Weekly),15,Indicator Scans,RSI Bearish Crossovers (Weekly),,,False,1,N,,OHLC_W_I_RSIBELAVE
1790075717,"{'stkname': 'Radiant Cash', 'ltp': '', 'perChg': '', 'stkId': 'RCM04', 'displayLock': 'N', 'scanproflg': 1, 'scUrl': 'finance-investment/radiantcashmanagementservices/RCM04', 'columns': [{'name': 'RSI Indicator value', 'value': '41.36'}, {'name': 'change %', 'value': '0.03'}, {'name': 'LTP', 'value': '35.25'}]}",OHLC_W_I_RSIBELAVE,RSI Bearish Crossovers (Weekly),RSI Bearish Crossovers (Weekly),15,Indicator Scans,RSI Bearish Crossovers (Weekly),,,False,1,N,,OHLC_W_I_RSIBELAVE
1790075717,"{'stkname': 'SBI Card', 'ltp': '', 'perChg': '', 'stkId': 'SCP03', 'displayLock': 'N', 'scanproflg': 1, 'scUrl': 'finance-term-lending/sbicardspaymentservices/SCP02', 'columns': [{'name': 'RSI Indicator value', 'value': '43.95'}, {'name': 'change %', 'value': '-0.32'}, {'name': 'LTP', 'value': '634.95'}]}",OHLC_W_I_RSIBELAVE,RSI Bearish Crossovers (Weekly),RSI Bearish Crossovers (Weekly),15,Indicator Scans,RSI Bearish Crossovers (Weekly),,,False,1,N,,OHLC_W_I_RSIBELAVE
1790075717,"{'stkname': 'TIL', 'ltp': '', 'perChg': '', 'stkId': 'TIL', 'displayLock': 'N', 'scanproflg': 1, 'scUrl': 'engineering/til/TIL', 'columns': [{'name': 'RSI Indicator value', 'value': '56.76'}, {'name': 'change %', 'value': '-2.61'}, {'name': 'LTP', 'value': '250.00'}]}",OHLC_W_I_RSIBELAVE,RSI Bearish Crossovers (Weekly),RSI Bearish Crossovers (Weekly),15,Indicator Scans,RSI Bearish Crossovers (Weekly),,,False,1,N,,OHLC_W_I_RSIBELAVE
1790075717,"{'stkname': 'SPIC', 'ltp': '', 'perChg': '', 'stkId': 'SPI05', 'displayLock': 'N', 'scanproflg': 1, 'scUrl': 'fertilisers/southernpetrochemicalindustriescorporation/SPI01', 'columns': [{'name': 'RSI Indicator value', 'value': '43.59'}, {'name': 'change %', 'value': '-0.81'}, {'name': 'LTP', 'value': '66.20'}]}",OHLC_W_I_RSIBELAVE,RSI Bearish Crossovers (Weekly),RSI Bearish Crossovers (Weekly),15,Indicator Scans,RSI Bearish Crossovers (Weekly),,,False,1,N,,OHLC_W_I_RSIBELAVE
1790075717,"{'stkname': 'Tarmat', 'ltp': '', 'perChg': '', 'stkId': 'RT06', 'displayLock': 'N', 'scanproflg': 1, 'scUrl': 'constructioncontracting-civil/tarmat/RT06', 'columns': [{'name': 'RSI Indicator value', 'value': '50.13'}, {'name': 'change %', 'value': '-0.93'}, {'name': 'LTP', 'value': '54.25'}]}",OHLC_W_I_RSIBELAVE,RSI Bearish Crossovers (Weekly),RSI Bearish Crossovers (Weekly),15,Indicator Scans,RSI Bearish Crossovers (Weekly),,,False,1,N,,OHLC_W_I_RSIBELAVE
1790075717,"{'stkname': 'Crest Ventures', 'ltp': '', 'perChg': '', 'stkId': 'SR', 'displayLock': 'N', 'scanproflg': 1, 'scUrl': 'finance-housing/crestventures/SR', 'columns': [{'name': 'RSI Indicator value', 'value': '48.85'}, {'name': 'change %', 'value': '-0.83'}, {'name': 'LTP', 'value': '364.00'}]}",OHLC_W_I_RSIBELAVE,RSI Bearish Crossovers (Weekly),RSI Bearish Crossovers (Weekly),15,Indicator Scans,RSI Bearish Crossovers (Weekly),,,False,1,N,,OHLC_W_I_RSIBELAVE
1790075717,"{'stkname': 'V-Guard Ind', 'ltp': '', 'perChg': '', 'stkId': 'VI16', 'displayLock': 'N', 'scanproflg': 1, 'scUrl': 'electric-equipment/v-guardindustries/VI02', 'columns': [{'name': 'RSI Indicator value', 'value': '48.94'}, {'name': 'change %', 'value': '-1.78'}, {'name': 'LTP', 'value': '319.15'}]}",OHLC_W_I_RSIBELAVE,RSI Bearish Crossovers (Weekly),RSI Bearish Crossovers (Weekly),15,Indicator Scans,RSI Bearish Crossovers (Weekly),,,False,1,N,,OHLC_W_I_RSIBELAVE
1790075717,"{'stkname': 'Skipper', 'ltp': '', 'perChg': '', 'stkId': 'S19', 'displayLock': 'N', 'scanproflg': 1, 'scUrl': 'engineering/skipper/S21', 'columns': [{'name': 'RSI Indicator value', 'value': '59.08'}, {'name': 'change %', 'value': '0.12'}, {'name': 'LTP', 'value': '561.00'}]}",OHLC_W_I_RSIBELAVE,RSI Bearish Crossovers (Weekly),RSI Bearish Crossovers (Weekly),15,Indicator Scans,RSI Bearish Crossovers (Weekly),,,False,1,N,,OHLC_W_I_RSIBELAVE
1790075717,"{'stkname': 'Voltamp Trans', 'ltp': '', 'perChg': '', 'stkId': 'VT9', 'displayLock': 'N', 'scanproflg': 1, 'scUrl': 'power-transmissionequipment/voltamptransformers/VT9', 'columns': [{'name': 'RSI Indicator value', 'value': '58.04'}, {'name': 'change %', 'value': '-0.60'}, {'name': 'LTP', 'value': '10,737.00'}]}",OHLC_W_I_RSIBELAVE,RSI Bearish Crossovers (Weekly),RSI Bearish Crossovers (Weekly),15,Indicator Scans,RSI Bearish Crossovers (Weekly),,,False,1,N,,OHLC_W_I_RSIBELAVE
1790075717,"{'stkname': 'Swaraj Engines', 'ltp': '', 'perChg': '', 'stkId': 'SE', 'displayLock': 'N', 'scanproflg': 1, 'scUrl': 'engines/swarajengines/SE', 'columns': [{'name': 'RSI Indicator value', 'value': '43.53'}, {'name': 'change %', 'value': '-0.62'}, {'name': 'LTP', 'value': '3,550.30'}]}",OHLC_W_I_RSIBELAVE,RSI Bearish Crossovers (Weekly),RSI Bearish Crossovers (Weekly),15,Indicator Scans,RSI Bearish Crossovers (Weekly),,,False,1,N,,OHLC_W_I_RSIBELAVE
1790075717,"{'stkname': 'Mazda', 'ltp': '', 'perChg': '', 'stkId': 'MC07', 'displayLock': 'N', 'scanproflg': 1, 'scUrl': 'engineering/mazda/M14', 'columns': [{'name': 'RSI Indicator value', 'value': '53.22'}, {'name': 'change %', 'value': '-4.69'}, {'name': 'LTP', 'value': '242.00'}]}",OHLC_W_I_RSIBELAVE,RSI Bearish Crossovers (Weekly),RSI Bearish Crossovers (Weekly),15,Indicator Scans,RSI Bearish Crossovers (Weekly),,,False,1,N,,OHLC_W_I_RSIBELAVE
1790075717,"{'stkname': 'KPIL', 'ltp': '', 'perChg': '', 'stkId': 'KPT', 'displayLock': 'N', 'scanproflg': 1, 'scUrl': 'power-transmissionequipment/kalpataruprojectsinternational/KPT', 'columns': [{'name': 'RSI Indicator value', 'value': '59.27'}, {'name': 'change %', 'value': '-3.04'}, {'name': 'LTP', 'value': '1,395.40'}]}",OHLC_W_I_RSIBELAVE,RSI Bearish Crossovers (Weekly),RSI Bearish Crossovers (Weekly),15,Indicator Scans,RSI Bearish Crossovers (Weekly),,,False,1,N,,OHLC_W_I_RSIBELAVE
1790075717,"{'stkname': 'Cyient DLM', 'ltp': '', 'perChg': '', 'stkId': 'CD06', 'displayLock': 'N', 'scanproflg': 1, 'scUrl': 'electric-equipment/cyientdlm/CD02', 'columns': [{'name': 'RSI Indicator value', 'value': '86.79'}, {'name': 'change %', 'value': '0.50'}, {'name': 'LTP', 'value': '917.00'}]}",OHLC_W_I_RSIBELAVE,RSI Bearish Crossovers (Weekly),RSI Bearish Crossovers (Weekly),15,Indicator Scans,RSI Bearish Crossovers (Weekly),,,False,1,N,,OHLC_W_I_RSIBELAVE
1790075717,"{'stkname': 'TD Power System', 'ltp': '', 'perChg': '', 'stkId': 'TPS', 'displayLock': 'N', 'scanproflg': 1, 'scUrl': 'engineering-heavy/tdpowersystems/TPS01', 'columns': [{'name': 'RSI Indicator value', 'value': '65.84'}, {'name': 'change %', 'value': '1.30'}, {'name': 'LTP', 'value': '757.00'}]}",OHLC_W_I_RSIBELAVE,RSI Bearish Crossovers (Weekly),RSI Bearish Crossovers (Weekly),15,Indicator Scans,RSI Bearish Crossovers (Weekly),,,False,1,N,,OHLC_W_I_RSIBELAVE
1790075717,"{'stkname': 'IRCTC', 'ltp': '', 'perChg': '', 'stkId': 'IRC', 'displayLock': 'N', 'scanproflg': 1, 'scUrl': 'miscellaneous/irctc-indianrailwaycateringtourismcorp/IRC', 'columns': [{'name': 'RSI Indicator value', 'value': '35.20'}, {'name': 'change %', 'value': '-0.36'}, {'name': 'LTP', 'value': '469.00'}]}",OHLC_W_I_RSIBELAVE,RSI Bearish Crossovers (Weekly),RSI Bearish Crossovers (Weekly),15,Indicator Scans,RSI Bearish Crossovers (Weekly),,,False,1,N,,OHLC_W_I_RSIBELAVE
1790075717,"{'stkname': 'AksharChem', 'ltp': '', 'perChg': '', 'stkId': 'AI29', 'displayLock': 'N', 'scanproflg': 1, 'scUrl': 'dyespigments/aksharchemindia/AI29', 'columns': [{'name': 'RSI Indicator value', 'value': '69.91'}, {'name': 'change %', 'value': '-3.81'}, {'name': 'LTP', 'value': '395.00'}]}",OHLC_W_I_RSIBELAVE,RSI Bearish Crossovers (Weekly),RSI Bearish Crossovers (Weekly),15,Indicator Scans,RSI Bearish Crossovers (Weekly),,,False,1,N,,OHLC_W_I_RSIBELAVE
1790075717,"{'stkname': 'Sunteck Realty', 'ltp': '', 'perChg': '', 'stkId': 'IE06', 'displayLock': 'N', 'scanproflg': 1, 'scUrl': 'constructioncontracting-real-estate/sunteckrealty/SR05', 'columns': [{'name': 'RSI Indicator value', 'value': '38.85'}, {'name': 'change %', 'value': '-1.19'}, {'name': 'LTP', 'value': '286.55'}]}",OHLC_W_I_RSIBELAVE,RSI Bearish Crossovers (Weekly),RSI Bearish Crossovers (Weekly),15,Indicator Scans,RSI Bearish Crossovers (Weekly),,,False,1,N,,OHLC_W_I_RSIBELAVE
1790075717,"{'stkname': 'Neogen', 'ltp': '', 'perChg': '', 'stkId': 'NC12', 'displayLock': 'N', 'scanproflg': 1, 'scUrl': 'chemicals/neogenchemicals/NC11', 'columns': [{'name': 'RSI Indicator value', 'value': '66.63'}, {'name': 'change %', 'value': '0.86'}, {'name': 'LTP', 'value': '2,380.00'}]}",OHLC_W_I_RSIBELAVE,RSI Bearish Crossovers (Weekly),RSI Bearish Crossovers (Weekly),15,Indicator Scans,RSI Bearish Crossovers (Weekly),,,False,1,N,,OHLC_W_I_RSIBELAVE
1790075717,"{'stkname': 'Fine Organics', 'ltp': '', 'perChg': '', 'stkId': 'FOI', 'displayLock': 'N', 'scanproflg': 1, 'scUrl': 'miscellaneous/fineorganicsindustries/FOI', 'columns': [{'name': 'RSI Indicator value', 'value': '58.01'}, {'name': 'change %', 'value': '0.33'}, {'name': 'LTP', 'value': '5,166.50'}]}",OHLC_W_I_RSIBELAVE,RSI Bearish Crossovers (Weekly),RSI Bearish Crossovers (Weekly),15,Indicator Scans,RSI Bearish Crossovers (Weekly),,,False,1,N,,OHLC_W_I_RSIBELAVE
1790075717,"{'stkname': 'GOCL Corp', 'ltp': '', 'perChg': '', 'stkId': 'IDL', 'displayLock': 'N', 'scanproflg': 1, 'scUrl': 'chemicals/goclcorporation/GOC01', 'columns': [{'name': 'RSI Indicator value', 'value': '55.26'}, {'name': 'change %', 'value': '-9.93'}, {'name': 'LTP', 'value': '408.40'}]}",OHLC_W_I_RSIBELAVE,RSI Bearish Crossovers (Weekly),RSI Bearish Crossovers (Weekly),15,Indicator Scans,RSI Bearish Crossovers (Weekly),,,False,1,N,,OHLC_W_I_RSIBELAVE
1790075717,"{'stkname': 'Meghmani Organi', 'ltp': '', 'perChg': '', 'stkId': 'MO04', 'displayLock': 'N', 'scanproflg': 1, 'scUrl': 'pesticidesagro-chemicals/meghmaniorganics/MO04', 'columns': [{'name': 'RSI Indicator value', 'value': '55.88'}, {'name': 'change %', 'value': '-1.50'}, {'name': 'LTP', 'value': '61.25'}]}",OHLC_W_I_RSIBELAVE,RSI Bearish Crossovers (Weekly),RSI Bearish Crossovers (Weekly),15,Indicator Scans,RSI Bearish Crossovers (Weekly),,,False,1,N,,OHLC_W_I_RSIBELAVE
1790075717,"{'stkname': 'Chemfab Alkalis', 'ltp': '', 'perChg': '', 'stkId': 'CA01', 'displayLock': 'N', 'scanproflg': 1, 'scUrl': 'chemicals/chemfabalkalis/CA01', 'columns': [{'name': 'RSI Indicator value', 'value': '40.68'}, {'name': 'change %', 'value': '-1.20'}, {'name': 'LTP', 'value': '355.00'}]}",OHLC_W_I_RSIBELAVE,RSI Bearish Crossovers (Weekly),RSI Bearish Crossovers (Weekly),15,Indicator Scans,RSI Bearish Crossovers (Weekly),,,False,1,N,,OHLC_W_I_RSIBELAVE
1790075717,"{'stkname': 'Sudarshan Chem', 'ltp': '', 'perChg': '', 'stkId': 'SCI05', 'displayLock': 'N', 'scanproflg': 1, 'scUrl': 'dyespigments/sudarshanchemicalindustries/SCI08', 'columns': [{'name': 'RSI Indicator value', 'value': '64.99'}, {'name': 'change %', 'value': '-2.06'}, {'name': 'LTP', 'value': '1,232.00'}]}",OHLC_W_I_RSIBELAVE,RSI Bearish Crossovers (Weekly),RSI Bearish Crossovers (Weekly),15,Indicator Scans,RSI Bearish Crossovers (Weekly),,,False,1,N,,OHLC_W_I_RSIBELAVE
1790075717,"{'stkname': 'KCP', 'ltp': '', 'perChg': '', 'stkId': 'KCP', 'displayLock': 'N', 'scanproflg': 1, 'scUrl': 'cement-major/kcp/KCP', 'columns': [{'name': 'RSI Indicator value', 'value': '43.41'}, {'name': 'change %', 'value': '-1.33'}, {'name': 'LTP', 'value': '157.30'}]}",OHLC_W_I_RSIBELAVE,RSI Bearish Crossovers (Weekly),RSI Bearish Crossovers (Weekly),15,Indicator Scans,RSI Bearish Crossovers (Weekly),,,False,1,N,,OHLC_W_I_RSIBELAVE
1790075717,"{'stkname': 'Bank of Mah', 'ltp': '', 'perChg': '', 'stkId': 'BM05', 'displayLock': 'N', 'scanproflg': 1, 'scUrl': 'banks-public-sector/bankmaharashtra/BM05', 'columns': [{'name': 'RSI Indicator value', 'value': '55.61'}, {'name': 'change %', 'value': '0.24'}, {'name': 'LTP', 'value': '82.40'}]}",OHLC_W_I_RSIBELAVE,RSI Bearish Crossovers (Weekly),RSI Bearish Crossovers (Weekly),15,Indicator Scans,RSI Bearish Crossovers (Weekly),,,False,1,N,,OHLC_W_I_RSIBELAVE
1790075717,"{'stkname': 'SKF India', 'ltp': '', 'perChg': '', 'stkId': 'SKF', 'displayLock': 'N', 'scanproflg': 1, 'scUrl': 'bearings/skfindia/SKF01', 'columns': [{'name': 'RSI Indicator value', 'value': '39.61'}, {'name': 'change %', 'value': '-1.71'}, {'name': 'LTP', 'value': '1,506.30'}]}",OHLC_W_I_RSIBELAVE,RSI Bearish Crossovers (Weekly),RSI Bearish Crossovers (Weekly),15,Indicator Scans,RSI Bearish Crossovers (Weekly),,,False,1,N,,OHLC_W_I_RSIBELAVE
1790075717,"{'stkname': 'Aksh Optifibre', 'ltp': '', 'perChg': '', 'stkId': 'AO03', 'displayLock': 'N', 'scanproflg': 1, 'scUrl': 'cables-telephone/akshoptifibre/AO03', 'columns': [{'name': 'RSI Indicator value', 'value': '52.37'}, {'name': 'change %', 'value': '-4.30'}, {'name': 'LTP', 'value': '7.13'}]}",OHLC_W_I_RSIBELAVE,RSI Bearish Crossovers (Weekly),RSI Bearish Crossovers (Weekly),15,Indicator Scans,RSI Bearish Crossovers (Weekly),,,False,1,N,,OHLC_W_I_RSIBELAVE
1790075717,"{'stkname': 'Kanoria Chem', 'ltp': '', 'perChg': '', 'stkId': 'KCI01', 'displayLock': 'N', 'scanproflg': 1, 'scUrl': 'chemicals/kanoriachemicalsindustries/KCI01', 'columns': [{'name': 'RSI Indicator value', 'value': '70.09'}, {'name': 'change %', 'value': '-3.82'}, {'name': 'LTP', 'value': '173.15'}]}",OHLC_W_I_RSIBELAVE,RSI Bearish Crossovers (Weekly),RSI Bearish Crossovers (Weekly),15,Indicator Scans,RSI Bearish Crossovers (Weekly),,,False,1,N,,OHLC_W_I_RSIBELAVE
1790075717,"{'stkname': 'Star Cement', 'ltp': '', 'perChg': '', 'stkId': 'SFC02', 'displayLock': 'N', 'scanproflg': 1, 'scUrl': 'cement-major/starcement/SFC02', 'columns': [{'name': 'RSI Indicator value', 'value': '35.85'}, {'name': 'change %', 'value': '-1.88'}, {'name': 'LTP', 'value': '189.87'}]}",OHLC_W_I_RSIBELAVE,RSI Bearish Crossovers (Weekly),RSI Bearish Crossovers (Weekly),15,Indicator Scans,RSI Bearish Crossovers (Weekly),,,False,1,N,,OHLC_W_I_RSIBELAVE
1790075717,"{'stkname': 'JK Lakshmi Cem', 'ltp': '', 'perChg': '', 'stkId': 'JKC', 'displayLock': 'N', 'scanproflg': 1, 'scUrl': 'cement-major/jklakshmicement/JKL01', 'columns': [{'name': 'RSI Indicator value', 'value': '31.99'}, {'name': 'change %', 'value': '-1.70'}, {'name': 'LTP', 'value': '507.00'}]}",OHLC_W_I_RSIBELAVE,RSI Bearish Crossovers (Weekly),RSI Bearish Crossovers (Weekly),15,Indicator Scans,RSI Bearish Crossovers (Weekly),,,False,1,N,,OHLC_W_I_RSIBELAVE
1790075717,"{'stkname': 'Birla Cable', 'ltp': '', 'perChg': '', 'stkId': 'BEO', 'displayLock': 'N', 'scanproflg': 1, 'scUrl': 'cables-telephone/birlacable/BEO', 'columns': [{'name': 'RSI Indicator value', 'value': '72.53'}, {'name': 'change %', 'value': '-3.44'}, {'name': 'LTP', 'value': '375.65'}]}",OHLC_W_I_RSIBELAVE,RSI Bearish Crossovers (Weekly),RSI Bearish Crossovers (Weekly),15,Indicator Scans,RSI Bearish Crossovers (Weekly),,,False,1,N,,OHLC_W_I_RSIBELAVE
1790075717,"{'stkname': 'City Union Bank', 'ltp': '', 'perChg': '', 'stkId': 'CUB', 'displayLock': 'N', 'scanproflg': 1, 'scUrl': 'banks-private-sector/cityunionbank/CUB', 'columns': [{'name': 'RSI Indicator value', 'value': '57.72'}, {'name': 'change %', 'value': '-3.21'}, {'name': 'LTP', 'value': '227.40'}]}",OHLC_W_I_RSIBELAVE,RSI Bearish Crossovers (Weekly),RSI Bearish Crossovers (Weekly),15,Indicator Scans,RSI Bearish Crossovers (Weekly),,,False,1,N,,OHLC_W_I_RSIBELAVE
1790075717,"{'stkname': 'Mah Scooters', 'ltp': '', 'perChg': '', 'stkId': 'MS01', 'displayLock': 'N', 'scanproflg': 1, 'scUrl': 'auto-23-wheelers/maharashtrascooters/MS01', 'columns': [{'name': 'RSI Indicator value', 'value': '50.95'}, {'name': 'change %', 'value': '-2.51'}, {'name': 'LTP', 'value': '13,267.00'}]}",OHLC_W_I_RSIBELAVE,RSI Bearish Crossovers (Weekly),RSI Bearish Crossovers (Weekly),15,Indicator Scans,RSI Bearish Crossovers (Weekly),,,False,1,N,,OHLC_W_I_RSIBELAVE
1790075717,"{'stkname': 'Firstsource Sol', 'ltp': '', 'perChg': '', 'stkId': 'FS07', 'displayLock': 'N', 'scanproflg': 1, 'scUrl': 'computers-software-mediumsmall/firstsourcesolutions/FS07', 'columns': [{'name': 'RSI Indicator value', 'value': '50.91'}, {'name': 'change %', 'value': '-0.17'}, {'name': 'LTP', 'value': '269.00'}]}",OHLC_W_I_RSIBELAVE,RSI Bearish Crossovers (Weekly),RSI Bearish Crossovers (Weekly),15,Indicator Scans,RSI Bearish Crossovers (Weekly),,,False,1,N,,OHLC_W_I_RSIBELAVE
1790075717,"{'stkname': 'Ceat', 'ltp': '', 'perChg': '', 'stkId': 'C07', 'displayLock': 'N', 'scanproflg': 1, 'scUrl': 'tyres/ceat/C07', 'columns': [{'name': 'RSI Indicator value', 'value': '47.30'}, {'name': 'change %', 'value': '0.51'}, {'name': 'LTP', 'value': '3,410.00'}]}",OHLC_W_I_RSIBELAVE,RSI Bearish Crossovers (Weekly),RSI Bearish Crossovers (Weekly),15,Indicator Scans,RSI Bearish Crossovers (Weekly),,,False,1,N,,OHLC_W_I_RSIBELAVE
1790075717,"{'stkname': 'Power Grid Corp', 'ltp': '', 'perChg': '', 'stkId': 'PGC', 'displayLock': 'N', 'scanproflg': 1, 'scUrl': 'power-generationdistribution/powergridcorporationindia/PGC', 'columns': [{'name': 'RSI Indicator value', 'value': '38.86'}, {'name': 'change %', 'value': '-0.06'}, {'name': 'LTP', 'value': '265.95'}]}",OHLC_W_I_RSIBELAVE,RSI Bearish Crossovers (Weekly),RSI Bearish Crossovers (Weekly),15,Indicator Scans,RSI Bearish Crossovers (Weekly),,,False,1,N,,OHLC_W_I_RSIBELAVE
1790075717,"{'stkname': 'Supreme Ind', 'ltp': '', 'perChg': '', 'stkId': 'SI48', 'displayLock': 'N', 'scanproflg': 1, 'scUrl': 'plastics/supremeindustries/SI48', 'columns': [{'name': 'RSI Indicator value', 'value': '46.45'}, {'name': 'change %', 'value': '-1.13'}, {'name': 'LTP', 'value': '3,460.50'}]}",OHLC_W_I_RSIBELAVE,RSI Bearish Crossovers (Weekly),RSI Bearish Crossovers (Weekly),15,Indicator Scans,RSI Bearish Crossovers (Weekly),,,False,1,N,,OHLC_W_I_RSIBELAVE
1790075717,"{'stkname': 'CDSL', 'ltp': '', 'perChg': '', 'stkId': 'CDS', 'displayLock': 'N', 'scanproflg': 1, 'scUrl': 'finance-investment/centraldepositoryservices/CDS', 'columns': [{'name': 'RSI Indicator value', 'value': '49.93'}, {'name': 'change %', 'value': '-0.96'}, {'name': 'LTP', 'value': '1,348.00'}]}",OHLC_W_I_RSIBELAVE,RSI Bearish Crossovers (Weekly),RSI Bearish Crossovers (Weekly),15,Indicator Scans,RSI Bearish Crossovers (Weekly),,,False,1,N,,OHLC_W_I_RSIBELAVE
1790075717,"{'stkname': 'Subex', 'ltp': '', 'perChg': '', 'stkId': 'SS49', 'displayLock': 'N', 'scanproflg': 1, 'scUrl': 'software/subex/S15', 'columns': [{'name': 'RSI Indicator value', 'value': '68.94'}, {'name': 'change %', 'value': '-1.22'}, {'name': 'LTP', 'value': '19.37'}]}",OHLC_W_I_RSIBELAVE,RSI Bearish Crossovers (Weekly),RSI Bearish Crossovers (Weekly),15,Indicator Scans,RSI Bearish Crossovers (Weekly),,,False,1,N,,OHLC_W_I_RSIBELAVE
1790075717,"{'stkname': 'Oil India', 'ltp': '', 'perChg': '', 'stkId': 'OI13', 'displayLock': 'N', 'scanproflg': 1, 'scUrl': 'oil-drillingexploration/oilindia/OI13', 'columns': [{'name': 'RSI Indicator value', 'value': '51.51'}, {'name': 'change %', 'value': '-2.37'}, {'name': 'LTP', 'value': '467.00'}]}",OHLC_W_I_RSIBELAVE,RSI Bearish Crossovers (Weekly),RSI Bearish Crossovers (Weekly),15,Indicator Scans,RSI Bearish Crossovers (Weekly),,,False,1,N,,OHLC_W_I_RSIBELAVE
1790075717,"{'stkname': 'JSW Holdings', 'ltp': '', 'perChg': '', 'stkId': 'JSW', 'displayLock': 'N', 'scanproflg': 1, 'scUrl': 'finance-investments/jswholdings/JSW', 'columns': [{'name': 'RSI Indicator value', 'value': '37.43'}, {'name': 'change %', 'value': '-0.21'}, {'name': 'LTP', 'value': '11,182.00'}]}",OHLC_W_I_RSIBELAVE,RSI Bearish Crossovers (Weekly),RSI Bearish Crossovers (Weekly),15,Indicator Scans,RSI Bearish Crossovers (Weekly),,,False,1,N,,OHLC_W_I_RSIBELAVE
1790075717,"{'stkname': 'Tata Comm', 'ltp': '', 'perChg': '', 'stkId': 'VSN', 'displayLock': 'N', 'scanproflg': 1, 'scUrl': 'telecommunications-service/tatacommunications/TC17', 'columns': [{'name': 'RSI Indicator value', 'value': '45.36'}, {'name': 'change %', 'value': '-2.37'}, {'name': 'LTP', 'value': '1,691.70'}]}",OHLC_W_I_RSIBELAVE,RSI Bearish Crossovers (Weekly),RSI Bearish Crossovers (Weekly),15,Indicator Scans,RSI Bearish Crossovers (Weekly),,,False,1,N,,OHLC_W_I_RSIBELAVE
1790075717,"{'stkname': 'UPL', 'ltp': '', 'perChg': '', 'stkId': 'SI10', 'displayLock': 'N', 'scanproflg': 1, 'scUrl': 'chemicals/upl/UP04', 'columns': [{'name': 'RSI Indicator value', 'value': '38.05'}, {'name': 'change %', 'value': '0.00'}, {'name': 'LTP', 'value': '559.90'}]}",OHLC_W_I_RSIBELAVE,RSI Bearish Crossovers (Weekly),RSI Bearish Crossovers (Weekly),15,Indicator Scans,RSI Bearish Crossovers (Weekly),,,False,1,N,,OHLC_W_I_RSIBELAVE
1790075717,"{'stkname': 'ICICI Prudentia', 'ltp': '', 'perChg': '', 'stkId': 'IPL01', 'displayLock': 'N', 'scanproflg': 1, 'scUrl': 'finance-general/iciciprudentiallifeinsurancecompany/IPL01', 'columns': [{'name': 'RSI Indicator value', 'value': '42.19'}, {'name': 'change %', 'value': '-1.29'}, {'name': 'LTP', 'value': '486.65'}]}",OHLC_W_I_RSIBELAVE,RSI Bearish Crossovers (Weekly),RSI Bearish Crossovers (Weekly),15,Indicator Scans,RSI Bearish Crossovers (Weekly),,,False,1,N,,OHLC_W_I_RSIBELAVE
1790075717,"{'stkname': 'Alkem Lab', 'ltp': '', 'perChg': '', 'stkId': 'AL16', 'displayLock': 'N', 'scanproflg': 1, 'scUrl': 'pharmaceuticals/alkemlaboratories/AL05', 'columns': [{'name': 'RSI Indicator value', 'value': '47.31'}, {'name': 'change %', 'value': '-0.61'}, {'name': 'LTP', 'value': '5,331.50'}]}",OHLC_W_I_RSIBELAVE,RSI Bearish Crossovers (Weekly),RSI Bearish Crossovers (Weekly),15,Indicator Scans,RSI Bearish Crossovers (Weekly),,,False,1,N,,OHLC_W_I_RSIBELAVE
1790075717,"{'stkname': 'Hind Zinc', 'ltp': '', 'perChg': '', 'stkId': 'HZ', 'displayLock': 'N', 'scanproflg': 1, 'scUrl': 'metals-non-ferrous/hindustanzinc/HZ', 'columns': [{'name': 'RSI Indicator value', 'value': '52.81'}, {'name': 'change %', 'value': '-0.22'}, {'name': 'LTP', 'value': '590.50'}]}",OHLC_W_I_RSIBELAVE,RSI Bearish Crossovers (Weekly),RSI Bearish Crossovers (Weekly),15,Indicator Scans,RSI Bearish Crossovers (Weekly),,,False,1,N,,OHLC_W_I_RSIBELAVE
1790075717,"{'stkname': 'Bajaj Holdings', 'ltp': '', 'perChg': '', 'stkId': 'BA', 'displayLock': 'N', 'scanproflg': 1, 'scUrl': 'finance-investments/bajajholdingsinvestment/BHI', 'columns': [{'name': 'RSI Indicator value', 'value': '54.14'}, {'name': 'change %', 'value': '-1.96'}, {'name': 'LTP', 'value': '11,185.00'}]}",OHLC_W_I_RSIBELAVE,RSI Bearish Crossovers (Weekly),RSI Bearish Crossovers (Weekly),15,Indicator Scans,RSI Bearish Crossovers (Weekly),,,False,1,N,,OHLC_W_I_RSIBELAVE
1790075717,"{'stkname': 'BHEL', 'ltp': '', 'perChg': '', 'stkId': 'BHE', 'displayLock': 'N', 'scanproflg': 1, 'scUrl': 'infrastructure-general/bharatheavyelectricals/BHE', 'columns': [{'name': 'RSI Indicator value', 'value': '62.19'}, {'name': 'change %', 'value': '-1.75'}, {'name': 'LTP', 'value': '425.80'}]}",OHLC_W_I_RSIBELAVE,RSI Bearish Crossovers (Weekly),RSI Bearish Crossovers (Weekly),15,Indicator Scans,RSI Bearish Crossovers (Weekly),,,False,1,N,,OHLC_W_I_RSIBELAVE
1790075717,"{'stkname': 'NHPC', 'ltp': '', 'perChg': '', 'stkId': 'N07', 'displayLock': 'N', 'scanproflg': 1, 'scUrl': 'power-generationdistribution/nhpc/N07', 'columns': [{'name': 'RSI Indicator value', 'value': '45.57'}, {'name': 'change %', 'value': '0.28'}, {'name': 'LTP', 'value': '76.01'}]}",OHLC_W_I_RSIBELAVE,RSI Bearish Crossovers (Weekly),RSI Bearish Crossovers (Weekly),15,Indicator Scans,RSI Bearish Crossovers (Weekly),,,False,1,N,,OHLC_W_I_RSIBELAVE
1790075717,"{'stkname': 'GE Vernova TD', 'ltp': '', 'perChg': '', 'stkId': 'GEC', 'displayLock': 'N', 'scanproflg': 1, 'scUrl': 'power-transmissionequipment/gevernovatdindia/ATD', 'columns': [{'name': 'RSI Indicator value', 'value': '51.17'}, {'name': 'change %', 'value': '-0.41'}, {'name': 'LTP', 'value': '4,348.00'}]}",OHLC_W_I_RSIBELAVE,RSI Bearish Crossovers (Weekly),RSI Bearish Crossovers (Weekly),15,Indicator Scans,RSI Bearish Crossovers (Weekly),,,False,1,N,,OHLC_W_I_RSIBELAVE
1790075717,"{'stkname': 'Axis Bank', 'ltp': '', 'perChg': '', 'stkId': 'UTI10', 'displayLock': 'N', 'scanproflg': 1, 'scUrl': 'banks-private-sector/axisbank/AB16', 'columns': [{'name': 'RSI Indicator value', 'value': '45.74'}, {'name': 'change %', 'value': '-0.58'}, {'name': 'LTP', 'value': '1,242.70'}]}",OHLC_W_I_RSIBELAVE,RSI Bearish Crossovers (Weekly),RSI Bearish Crossovers (Weekly),15,Indicator Scans,RSI Bearish Crossovers (Weekly),,,False,1,N,,OHLC_W_I_RSIBELAVE
1790075717,"{'stkname': 'Navin Fluorine', 'ltp': '', 'perChg': '', 'stkId': 'PRC', 'displayLock': 'N', 'scanproflg': 1, 'scUrl': 'chemicals/navinfluorineinternational/NFI', 'columns': [{'name': 'RSI Indicator value', 'value': '72.62'}, {'name': 'change %', 'value': '-0.47'}, {'name': 'LTP', 'value': '8,446.50'}]}",OHLC_W_I_RSIBELAVE,RSI Bearish Crossovers (Weekly),RSI Bearish Crossovers (Weekly),15,Indicator Scans,RSI Bearish Crossovers (Weekly),,,False,1,N,,OHLC_W_I_RSIBELAVE
1790075717,"{'stkname': 'Apar Ind', 'ltp': '', 'perChg': '', 'stkId': 'AI40', 'displayLock': 'N', 'scanproflg': 1, 'scUrl': 'electric-equipment/aparindustries/AI40', 'columns': [{'name': 'RSI Indicator value', 'value': '71.35'}, {'name': 'change %', 'value': '-3.46'}, {'name': 'LTP', 'value': '18,290.00'}]}",OHLC_W_I_RSIBELAVE,RSI Bearish Crossovers (Weekly),RSI Bearish Crossovers (Weekly),15,Indicator Scans,RSI Bearish Crossovers (Weekly),,,False,1,N,,OHLC_W_I_RSIBELAVE
1790075717,"{'stkname': 'UNO Minda', 'ltp': '', 'perChg': '', 'stkId': 'MI44', 'displayLock': 'N', 'scanproflg': 1, 'scUrl': 'auto-ancillaries-head-lampslights/unominda/MI4', 'columns': [{'name': 'RSI Indicator value', 'value': '53.62'}, {'name': 'change %', 'value': '-0.12'}, {'name': 'LTP', 'value': '1,226.00'}]}",OHLC_W_I_RSIBELAVE,RSI Bearish Crossovers (Weekly),RSI Bearish Crossovers (Weekly),15,Indicator Scans,RSI Bearish Crossovers (Weekly),,,False,1,N,,OHLC_W_I_RSIBELAVE
1790075717,"{'stkname': 'APL Apollo', 'ltp': '', 'perChg': '', 'stkId': 'BT09', 'displayLock': 'N', 'scanproflg': 1, 'scUrl': 'steel-tubespipes/aplapollotubes/BT09', 'columns': [{'name': 'RSI Indicator value', 'value': '60.52'}, {'name': 'change %', 'value': '0.64'}, {'name': 'LTP', 'value': '2,195.00'}]}",OHLC_W_I_RSIBELAVE,RSI Bearish Crossovers (Weekly),RSI Bearish Crossovers (Weekly),15,Indicator Scans,RSI Bearish Crossovers (Weekly),,,False,1,N,,OHLC_W_I_RSIBELAVE
1790075717,"{'stkname': 'Aurobindo Pharm', 'ltp': '', 'perChg': '', 'stkId': 'AP', 'displayLock': 'N', 'scanproflg': 1, 'scUrl': 'pharmaceuticals/aurobindopharma/AP', 'columns': [{'name': 'RSI Indicator value', 'value': '68.96'}, {'name': 'change %', 'value': '-0.78'}, {'name': 'LTP', 'value': '1,700.00'}]}",OHLC_W_I_RSIBELAVE,RSI Bearish Crossovers (Weekly),RSI Bearish Crossovers (Weekly),15,Indicator Scans,RSI Bearish Crossovers (Weekly),,,False,1,N,,OHLC_W_I_RSIBELAVE
1790075717,"{'stkname': '360 Silver ETF', 'ltp': '', 'perChg': '', 'stkId': 'SILVE75615', 'displayLock': 'N', 'scanproflg': 1, 'scUrl': 'etf/360onesilveretf/SILVE75615', 'columns': [{'name': 'RSI Indicator value', 'value': '50.07'}, {'name': 'change %', 'value': '-0.65'}, {'name': 'LTP', 'value': '226.76'}]}",OHLC_W_I_RSIBELAVE,RSI Bearish Crossovers (Weekly),RSI Bearish Crossovers (Weekly),15,Indicator Scans,RSI Bearish Crossovers (Weekly),,,False,1,N,,OHLC_W_I_RSIBELAVE
1790075717,"{'stkname': 'Bandhan Silver', 'ltp': '', 'perChg': '', 'stkId': 'BSE02', 'displayLock': 'N', 'scanproflg': 1, 'scUrl': 'etf/bandhansilveretf/BSE', 'columns': [{'name': 'RSI Indicator value', 'value': '51.49'}, {'name': 'change %', 'value': '-0.63'}, {'name': 'LTP', 'value': '232.12'}]}",OHLC_W_I_RSIBELAVE,RSI Bearish Crossovers (Weekly),RSI Bearish Crossovers (Weekly),15,Indicator Scans,RSI Bearish Crossovers (Weekly),,,False,1,N,,OHLC_W_I_RSIBELAVE
1790075717,"{'stkname': 'Anand Rathi', 'ltp': '', 'perChg': '', 'stkId': 'ARW', 'displayLock': 'N', 'scanproflg': 1, 'scUrl': 'finance-investment/anandrathiwealth/ARW', 'columns': [{'name': 'RSI Indicator value', 'value': '69.03'}, {'name': 'change %', 'value': '-1.70'}, {'name': 'LTP', 'value': '2,173.50'}]}",OHLC_W_I_RSIBELAVE,RSI Bearish Crossovers (Weekly),RSI Bearish Crossovers (Weekly),15,Indicator Scans,RSI Bearish Crossovers (Weekly),,,False,1,N,,OHLC_W_I_RSIBELAVE
1790075717,"{'stkname': 'Ipru SilverETF', 'ltp': '', 'perChg': '', 'stkId': 'IPS01', 'displayLock': 'N', 'scanproflg': 1, 'scUrl': 'etf/iciciprudentialsilveretf/IPS02', 'columns': [{'name': 'RSI Indicator value', 'value': '50.36'}, {'name': 'change %', 'value': '-0.53'}, {'name': 'LTP', 'value': '230.78'}]}",OHLC_W_I_RSIBELAVE,RSI Bearish Crossovers (Weekly),RSI Bearish Crossovers (Weekly),15,Indicator Scans,RSI Bearish Crossovers (Weekly),,,False,1,N,,OHLC_W_I_RSIBELAVE
1790075717,"{'stkname': 'Acutaas Chem', 'ltp': '', 'perChg': '', 'stkId': 'AO05', 'displayLock': 'N', 'scanproflg': 1, 'scUrl': 'speciality-chemicals/acutaaschemicals/AO05', 'columns': [{'name': 'RSI Indicator value', 'value': '55.07'}, {'name': 'change %', 'value': '-6.30'}, {'name': 'LTP', 'value': '3,209.90'}]}",OHLC_W_I_RSIBELAVE,RSI Bearish Crossovers (Weekly),RSI Bearish Crossovers (Weekly),15,Indicator Scans,RSI Bearish Crossovers (Weekly),,,False,1,N,,OHLC_W_I_RSIBELAVE
1790075717,"{'stkname': 'Tata SilverETF', 'ltp': '', 'perChg': '', 'stkId': 'TATSI21428', 'displayLock': 'N', 'scanproflg': 1, 'scUrl': 'etf/tatasilveretf/TATSI21428', 'columns': [{'name': 'RSI Indicator value', 'value': '50.13'}, {'name': 'change %', 'value': '-0.67'}, {'name': 'LTP', 'value': '22.40'}]}",OHLC_W_I_RSIBELAVE,RSI Bearish Crossovers (Weekly),RSI Bearish Crossovers (Weekly),15,Indicator Scans,RSI Bearish Crossovers (Weekly),,,False,1,N,,OHLC_W_I_RSIBELAVE
1790075717,"{'stkname': 'MO Silver ETF', 'ltp': '', 'perChg': '', 'stkId': 'MOS01', 'displayLock': 'N', 'scanproflg': 1, 'scUrl': 'etf/motilaloswalsilveretf/MOS01', 'columns': [{'name': 'RSI Indicator value', 'value': '50.63'}, {'name': 'change %', 'value': '-0.44'}, {'name': 'LTP', 'value': '228.59'}]}",OHLC_W_I_RSIBELAVE,RSI Bearish Crossovers (Weekly),RSI Bearish Crossovers (Weekly),15,Indicator Scans,RSI Bearish Crossovers (Weekly),,,False,1,N,,OHLC_W_I_RSIBELAVE
1790075717,"{'stkname': 'SMALLCAP', 'ltp': '', 'perChg': '', 'stkId': 'SMALL22832', 'displayLock': 'N', 'scanproflg': 1, 'scUrl': 'etf/miraeassetniftysmallcap250mq100etf/SMALL22832', 'columns': [{'name': 'RSI Indicator value', 'value': '65.58'}, {'name': 'change %', 'value': '-0.47'}, {'name': 'LTP', 'value': '48.75'}]}",OHLC_W_I_RSIBELAVE,RSI Bearish Crossovers (Weekly),RSI Bearish Crossovers (Weekly),15,Indicator Scans,RSI Bearish Crossovers (Weekly),,,False,1,N,,OHLC_W_I_RSIBELAVE
1790075717,"{'stkname': 'Tata Gold ETF', 'ltp': '', 'perChg': '', 'stkId': 'TATAG21401', 'displayLock': 'N', 'scanproflg': 1, 'scUrl': 'etf/tatagoldetf/TATAG21401', 'columns': [{'name': 'RSI Indicator value', 'value': '54.17'}, {'name': 'change %', 'value': '-0.20'}, {'name': 'LTP', 'value': '14.73'}]}",OHLC_W_I_RSIBELAVE,RSI Bearish Crossovers (Weekly),RSI Bearish Crossovers (Weekly),15,Indicator Scans,RSI Bearish Crossovers (Weekly),,,False,1,N,,OHLC_W_I_RSIBELAVE
1790075717,"{'stkname': 'DSP Silver ETF', 'ltp': '', 'perChg': '', 'stkId': 'DSE', 'displayLock': 'N', 'scanproflg': 1, 'scUrl': 'etf/dspsilveretf/DSE', 'columns': [{'name': 'RSI Indicator value', 'value': '50.39'}, {'name': 'change %', 'value': '-0.45'}, {'name': 'LTP', 'value': '22.29'}]}",OHLC_W_I_RSIBELAVE,RSI Bearish Crossovers (Weekly),RSI Bearish Crossovers (Weekly),15,Indicator Scans,RSI Bearish Crossovers (Weekly),,,False,1,N,,OHLC_W_I_RSIBELAVE
1790075717,"{'stkname': 'Ather Energy', 'ltp': '', 'perChg': '', 'stkId': 'AEL10', 'displayLock': 'N', 'scanproflg': 1, 'scUrl': 'auto-ancillaries-brakes/atherenergy/AEL09', 'columns': [{'name': 'RSI Indicator value', 'value': '69.05'}, {'name': 'change %', 'value': '-3.09'}, {'name': 'LTP', 'value': '1,543.80'}]}",OHLC_W_I_RSIBELAVE,RSI Bearish Crossovers (Weekly),RSI Bearish Crossovers (Weekly),15,Indicator Scans,RSI Bearish Crossovers (Weekly),,,False,1,N,,OHLC_W_I_RSIBELAVE
1790075717,"{'stkname': 'Nipp SilverETF', 'ltp': '', 'perChg': '', 'stkId': 'NIS01', 'displayLock': 'N', 'scanproflg': 1, 'scUrl': 'etf/nipponindiasilveretf/NIS01', 'columns': [{'name': 'RSI Indicator value', 'value': '50.22'}, {'name': 'change %', 'value': '-0.63'}, {'name': 'LTP', 'value': '220.80'}]}",OHLC_W_I_RSIBELAVE,RSI Bearish Crossovers (Weekly),RSI Bearish Crossovers (Weekly),15,Indicator Scans,RSI Bearish Crossovers (Weekly),,,False,1,N,,OHLC_W_I_RSIBELAVE
1790075717,"{'stkname': 'UTI SILVER ETF', 'ltp': '', 'perChg': '', 'stkId': 'SILVE15085', 'displayLock': 'N', 'scanproflg': 1, 'scUrl': 'etf/utisilveretf/SILVE15085', 'columns': [{'name': 'RSI Indicator value', 'value': '50.26'}, {'name': 'change %', 'value': '-0.61'}, {'name': 'LTP', 'value': '222.95'}]}",OHLC_W_I_RSIBELAVE,RSI Bearish Crossovers (Weekly),RSI Bearish Crossovers (Weekly),15,Indicator Scans,RSI Bearish Crossovers (Weekly),,,False,1,N,,OHLC_W_I_RSIBELAVE
1790075717,"{'stkname': 'Zer Silver ETF', 'ltp': '', 'perChg': '', 'stkId': 'SILVE30274', 'displayLock': 'N', 'scanproflg': 1, 'scUrl': 'etf/zerodhasilveretf/SILVE30274', 'columns': [{'name': 'RSI Indicator value', 'value': '50.27'}, {'name': 'change %', 'value': '-0.55'}, {'name': 'LTP', 'value': '23.43'}]}",OHLC_W_I_RSIBELAVE,RSI Bearish Crossovers (Weekly),RSI Bearish Crossovers (Weekly),15,Indicator Scans,RSI Bearish Crossovers (Weekly),,,False,1,N,,OHLC_W_I_RSIBELAVE
1790075717,"{'stkname': 'MO Nasdaq Q50', 'ltp': '', 'perChg': '', 'stkId': 'MON', 'displayLock': 'N', 'scanproflg': 1, 'scUrl': 'etf/motilaloswalnasdaqq50etf/MON', 'columns': [{'name': 'RSI Indicator value', 'value': '61.64'}, {'name': 'change %', 'value': '-20.00'}, {'name': 'LTP', 'value': '253.64'}]}",OHLC_W_I_RSIBELAVE,RSI Bearish Crossovers (Weekly),RSI Bearish Crossovers (Weekly),15,Indicator Scans,RSI Bearish Crossovers (Weekly),,,False,1,N,,OHLC_W_I_RSIBELAVE
1790075717,"{'stkname': 'ABSL SIL ETF', 'ltp': '', 'perChg': '', 'stkId': 'ABS04', 'displayLock': 'N', 'scanproflg': 1, 'scUrl': 'etf/adityabirlasunlifesilveretf/ABS04', 'columns': [{'name': 'RSI Indicator value', 'value': '50.37'}, {'name': 'change %', 'value': '-0.53'}, {'name': 'LTP', 'value': '230.78'}]}",OHLC_W_I_RSIBELAVE,RSI Bearish Crossovers (Weekly),RSI Bearish Crossovers (Weekly),15,Indicator Scans,RSI Bearish Crossovers (Weekly),,,False,1,N,,OHLC_W_I_RSIBELAVE
1790075717,"{'stkname': 'Kotak Silver ET', 'ltp': '', 'perChg': '', 'stkId': 'KOTAK13082', 'displayLock': 'N', 'scanproflg': 1, 'scUrl': 'etf/kotaksilveretf/KOTAK13082', 'columns': [{'name': 'RSI Indicator value', 'value': '50.25'}, {'name': 'change %', 'value': '-0.53'}, {'name': 'LTP', 'value': '22.42'}]}",OHLC_W_I_RSIBELAVE,RSI Bearish Crossovers (Weekly),RSI Bearish Crossovers (Weekly),15,Indicator Scans,RSI Bearish Crossovers (Weekly),,,False,1,N,,OHLC_W_I_RSIBELAVE
1790075717,"{'stkname': 'SBI Gold ETF', 'ltp': '', 'perChg': '', 'stkId': 'SBI15', 'displayLock': 'N', 'scanproflg': 1, 'scUrl': 'gold-etf/sbimutualfund-goldexchangetradedscheme/SBI16', 'columns': [{'name': 'RSI Indicator value', 'value': '53.79'}, {'name': 'change %', 'value': '-0.23'}, {'name': 'LTP', 'value': '129.23'}]}",OHLC_W_I_RSIBELAVE,RSI Bearish Crossovers (Weekly),RSI Bearish Crossovers (Weekly),15,Indicator Scans,RSI Bearish Crossovers (Weekly),,,False,1,N,,OHLC_W_I_RSIBELAVE
1790075717,"{'stkname': 'Mirae SilverET', 'ltp': '', 'perChg': '', 'stkId': 'MASIL16777', 'displayLock': 'N', 'scanproflg': 1, 'scUrl': 'etf/miraeassetsilveretf/MASIL16777', 'columns': [{'name': 'RSI Indicator value', 'value': '50.32'}, {'name': 'change %', 'value': '-0.50'}, {'name': 'LTP', 'value': '224.99'}]}",OHLC_W_I_RSIBELAVE,RSI Bearish Crossovers (Weekly),RSI Bearish Crossovers (Weekly),15,Indicator Scans,RSI Bearish Crossovers (Weekly),,,False,1,N,,OHLC_W_I_RSIBELAVE
1790075717,"{'stkname': 'Axis Silver ETF', 'ltp': '', 'perChg': '', 'stkId': 'AXISI11193', 'displayLock': 'N', 'scanproflg': 1, 'scUrl': 'etf/axissilveretf/AXISI11193', 'columns': [{'name': 'RSI Indicator value', 'value': '50.82'}, {'name': 'change %', 'value': '-0.07'}, {'name': 'LTP', 'value': '230.79'}]}",OHLC_W_I_RSIBELAVE,RSI Bearish Crossovers (Weekly),RSI Bearish Crossovers (Weekly),15,Indicator Scans,RSI Bearish Crossovers (Weekly),,,False,1,N,,OHLC_W_I_RSIBELAVE
1790075717,"{'stkname': 'LIC Gold ETF', 'ltp': '', 'perChg': '', 'stkId': 'IDB01', 'displayLock': 'N', 'scanproflg': 1, 'scUrl': 'gold-etf/licmfgoldexchangetradedfund/IDB01', 'columns': [{'name': 'RSI Indicator value', 'value': '53.20'}, {'name': 'change %', 'value': '-0.40'}, {'name': 'LTP', 'value': '135.90'}]}",OHLC_W_I_RSIBELAVE,RSI Bearish Crossovers (Weekly),RSI Bearish Crossovers (Weekly),15,Indicator Scans,RSI Bearish Crossovers (Weekly),,,False,1,N,,OHLC_W_I_RSIBELAVE
1790075717,"{'stkname': 'DSP Midcap150', 'ltp': '', 'perChg': '', 'stkId': 'DNM01', 'displayLock': 'N', 'scanproflg': 1, 'scUrl': 'etf/dspniftymidcap150etf/DNM01', 'columns': [{'name': 'RSI Indicator value', 'value': '50.55'}, {'name': 'change %', 'value': '-0.30'}, {'name': 'LTP', 'value': '22.89'}]}",OHLC_W_I_RSIBELAVE,RSI Bearish Crossovers (Weekly),RSI Bearish Crossovers (Weekly),15,Indicator Scans,RSI Bearish Crossovers (Weekly),,,False,1,N,,OHLC_W_I_RSIBELAVE
1790075717,"{'stkname': 'SBI Silver ETF', 'ltp': '', 'perChg': '', 'stkId': 'SBISI24366', 'displayLock': 'N', 'scanproflg': 1, 'scUrl': 'etf/sbisilveretf/SBISI24366', 'columns': [{'name': 'RSI Indicator value', 'value': '50.37'}, {'name': 'change %', 'value': '-0.56'}, {'name': 'LTP', 'value': '226.47'}]}",OHLC_W_I_RSIBELAVE,RSI Bearish Crossovers (Weekly),RSI Bearish Crossovers (Weekly),15,Indicator Scans,RSI Bearish Crossovers (Weekly),,,False,1,N,,OHLC_W_I_RSIBELAVE
1790075717,"{'stkname': 'HDFC SIL ETF', 'ltp': '', 'perChg': '', 'stkId': 'HSE', 'displayLock': 'N', 'scanproflg': 1, 'scUrl': 'etf/hdfcsilveretf/HSE', 'columns': [{'name': 'RSI Indicator value', 'value': '50.21'}, {'name': 'change %', 'value': '-0.56'}, {'name': 'LTP', 'value': '220.80'}]}",OHLC_W_I_RSIBELAVE,RSI Bearish Crossovers (Weekly),RSI Bearish Crossovers (Weekly),15,Indicator Scans,RSI Bearish Crossovers (Weekly),,,False,1,N,,OHLC_W_I_RSIBELAVE
1790075717,"{'stkname': 'MO Gold ETF', 'ltp': '', 'perChg': '', 'stkId': 'MOG', 'displayLock': 'N', 'scanproflg': 1, 'scUrl': 'gold-etf/motilaloswalgoldetf/MOG', 'columns': [{'name': 'RSI Indicator value', 'value': '54.42'}, {'name': 'change %', 'value': '0.03'}, {'name': 'LTP', 'value': '150.10'}]}",OHLC_W_I_RSIBELAVE,RSI Bearish Crossovers (Weekly),RSI Bearish Crossovers (Weekly),15,Indicator Scans,RSI Bearish Crossovers (Weekly),,,False,1,N,,OHLC_W_I_RSIBELAVE
1790075717,"{'stkname': 'SBI 1D Rate', 'ltp': '', 'perChg': '', 'stkId': 'LIQUI19705', 'displayLock': 'N', 'scanproflg': 1, 'scUrl': 'etf/sbinifty1drateetf/LIQUI19705', 'columns': [{'name': 'RSI Indicator value', 'value': '53.53'}, {'name': 'change %', 'value': '0.00'}, {'name': 'LTP', 'value': '1,000.01'}]}",OHLC_M_I_RSIABVAVE,RSI Bullish Crossover (Monthly),RSI Bullish Crossover (Monthly),15,Indicator Scans,RSI Bullish Crossover (Monthly),,,False,1,N,,OHLC_M_I_RSIABVAVE
1790075717,"{'stkname': 'Mirae SP 500', 'ltp': '', 'perChg': '', 'stkId': 'MAS02', 'displayLock': 'N', 'scanproflg': 1, 'scUrl': 'etf/miraeassetsp500top50etf/MAS01', 'columns': [{'name': 'RSI Indicator value', 'value': '81.16'}, {'name': 'change %', 'value': '-13.95'}, {'name': 'LTP', 'value': '97.45'}]}",OHLC_M_I_RSIABVAVE,RSI Bullish Crossover (Monthly),RSI Bullish Crossover (Monthly),15,Indicator Scans,RSI Bullish Crossover (Monthly),,,False,1,N,,OHLC_M_I_RSIABVAVE
1790075717,"{'stkname': 'Nipp Nifty1D', 'ltp': '', 'perChg': '', 'stkId': 'LB', 'displayLock': 'N', 'scanproflg': 1, 'scUrl': 'etf/nipponindiaetfnifty1drateliquidbees/LB', 'columns': [{'name': 'RSI Indicator value', 'value': '57.31'}, {'name': 'change %', 'value': '0.00'}, {'name': 'LTP', 'value': '1,000.01'}]}",OHLC_M_I_RSIABVAVE,RSI Bullish Crossover (Monthly),RSI Bullish Crossover (Monthly),15,Indicator Scans,RSI Bullish Crossover (Monthly),,,False,1,N,,OHLC_M_I_RSIABVAVE
1790075717,"{'stkname': 'Adani Ports', 'ltp': '', 'perChg': '', 'stkId': 'MPS', 'displayLock': 'N', 'scanproflg': 1, 'scUrl': 'infrastructure-general/adaniportsspecialeconomiczone/MPS', 'columns': [{'name': 'RSI Indicator value', 'value': '62.48'}, {'name': 'change %', 'value': '0.44'}, {'name': 'LTP', 'value': '1,795.00'}]}",OHLC_M_I_RSIABVAVE,RSI Bullish Crossover (Monthly),RSI Bullish Crossover (Monthly),15,Indicator Scans,RSI Bullish Crossover (Monthly),,,False,1,N,,OHLC_M_I_RSIABVAVE
1790075717,"{'stkname': 'Viviana Power', 'ltp': '', 'perChg': '', 'stkId': 'VPT02', 'displayLock': 'N', 'scanproflg': 1, 'scUrl': 'engineering/vivianapowertech/VPT02', 'columns': [{'name': 'RSI Indicator value', 'value': '48.48'}, {'name': 'change %', 'value': '1.68'}, {'name': 'LTP', 'value': '744.90'}]}",OHLC_M_I_RSIABVAVE,RSI Bullish Crossover (Monthly),RSI Bullish Crossover (Monthly),15,Indicator Scans,RSI Bullish Crossover (Monthly),,,False,1,N,,OHLC_M_I_RSIABVAVE
1790075717,"{'stkname': 'Swan Defence', 'ltp': '', 'perChg': '', 'stkId': 'PS14', 'displayLock': 'N', 'scanproflg': 1, 'scUrl': 'shipping/swandefenceheavyindustries/PS04', 'columns': [{'name': 'RSI Indicator value', 'value': '91.62'}, {'name': 'change %', 'value': '0.50'}, {'name': 'LTP', 'value': '2,727.00'}]}",OHLC_M_I_RSIABVAVE,RSI Bullish Crossover (Monthly),RSI Bullish Crossover (Monthly),15,Indicator Scans,RSI Bullish Crossover (Monthly),,,False,1,N,,OHLC_M_I_RSIABVAVE
1790075717,"{'stkname': 'RHI Magnesita', 'ltp': '', 'perChg': '', 'stkId': 'OR01', 'displayLock': 'N', 'scanproflg': 1, 'scUrl': 'cement-productsbuilding-materials/rhimagnesitaindia/OR01', 'columns': [{'name': 'RSI Indicator value', 'value': '41.39'}, {'name': 'change %', 'value': '2.88'}, {'name': 'LTP', 'value': '378.60'}]}",OHLC_M_I_RSIABVAVE,RSI Bullish Crossover (Monthly),RSI Bullish Crossover (Monthly),15,Indicator Scans,RSI Bullish Crossover (Monthly),,,False,1,N,,OHLC_M_I_RSIABVAVE
1790075717,"{'stkname': 'Brightcom Group', 'ltp': '', 'perChg': '', 'stkId': 'LGS', 'displayLock': 'N', 'scanproflg': 1, 'scUrl': 'computers-software-mediumsmall/brightcomgroup/LGS', 'columns': [{'name': 'RSI Indicator value', 'value': '45.29'}, {'name': 'change %', 'value': '-0.31'}, {'name': 'LTP', 'value': '9.64'}]}",OHLC_M_I_RSIABVAVE,RSI Bullish Crossover (Monthly),RSI Bullish Crossover (Monthly),15,Indicator Scans,RSI Bullish Crossover (Monthly),,,False,1,N,,OHLC_M_I_RSIABVAVE
1790075717,"{'stkname': 'Garuda Const', 'ltp': '', 'perChg': '', 'stkId': 'GCE01', 'displayLock': 'N', 'scanproflg': 1, 'scUrl': 'cementconstruction-materials/garudaconstructionengineering/GCE01', 'columns': [{'name': 'RSI Indicator value', 'value': '60.50'}, {'name': 'change %', 'value': '3.41'}, {'name': 'LTP', 'value': '182.80'}]}",OHLC_M_I_RSIABVAVE,RSI Bullish Crossover (Monthly),RSI Bullish Crossover (Monthly),15,Indicator Scans,RSI Bullish Crossover (Monthly),,,False,1,N,,OHLC_M_I_RSIABVAVE
1790075717,"{'stkname': 'Deepak Builders', 'ltp': '', 'perChg': '', 'stkId': 'DBEIL', 'displayLock': 'N', 'scanproflg': 1, 'scUrl': 'construction-residentialcommercial-complexes/deepakbuildersengineersindia/DBEIL', 'columns': [{'name': 'RSI Indicator value', 'value': '37.39'}, {'name': 'change %', 'value': '0.14'}, {'name': 'LTP', 'value': '7.00'}]}",OHLC_M_I_RSIABVAVE,RSI Bullish Crossover (Monthly),RSI Bullish Crossover (Monthly),15,Indicator Scans,RSI Bullish Crossover (Monthly),,,False,1,N,,OHLC_M_I_RSIABVAVE
1790075717,"{'stkname': 'Suraj Estate', 'ltp': '', 'perChg': '', 'stkId': 'SED01', 'displayLock': 'N', 'scanproflg': 1, 'scUrl': 'construction-real-estate/surajestatedevelopers/SED01', 'columns': [{'name': 'RSI Indicator value', 'value': '45.24'}, {'name': 'change %', 'value': '-0.65'}, {'name': 'LTP', 'value': '215.00'}]}",OHLC_M_I_RSIABVAVE,RSI Bullish Crossover (Monthly),RSI Bullish Crossover (Monthly),15,Indicator Scans,RSI Bullish Crossover (Monthly),,,False,1,N,,OHLC_M_I_RSIABVAVE
1790075717,"{'stkname': 'Western Carrier', 'ltp': '', 'perChg': '', 'stkId': 'WCIL', 'displayLock': 'N', 'scanproflg': 1, 'scUrl': 'logistics/westerncarriersindia/WCIL', 'columns': [{'name': 'RSI Indicator value', 'value': '40.82'}, {'name': 'change %', 'value': '-0.73'}, {'name': 'LTP', 'value': '94.89'}]}",OHLC_M_I_RSIABVAVE,RSI Bullish Crossover (Monthly),RSI Bullish Crossover (Monthly),15,Indicator Scans,RSI Bullish Crossover (Monthly),,,False,1,N,,OHLC_M_I_RSIABVAVE
1790075717,"{'stkname': 'BSL', 'ltp': '', 'perChg': '', 'stkId': 'BSL', 'displayLock': 'N', 'scanproflg': 1, 'scUrl': 'textiles-weaving/bsl/BSL', 'columns': [{'name': 'RSI Indicator value', 'value': '42.66'}, {'name': 'change %', 'value': '-2.01'}, {'name': 'LTP', 'value': '123.61'}]}",OHLC_M_I_RSIABVAVE,RSI Bullish Crossover (Monthly),RSI Bullish Crossover (Monthly),15,Indicator Scans,RSI Bullish Crossover (Monthly),,,False,1,N,,OHLC_M_I_RSIABVAVE
1790075717,"{'stkname': 'Axita Cotton ', 'ltp': '', 'perChg': '', 'stkId': 'AC24', 'displayLock': 'N', 'scanproflg': 1, 'scUrl': 'textiles-cotton-blended/axitacotton/AC29', 'columns': [{'name': 'RSI Indicator value', 'value': '44.00'}, {'name': 'change %', 'value': '0.00'}, {'name': 'LTP', 'value': '8.00'}]}",OHLC_M_I_RSIABVAVE,RSI Bullish Crossover (Monthly),RSI Bullish Crossover (Monthly),15,Indicator Scans,RSI Bullish Crossover (Monthly),,,False,1,N,,OHLC_M_I_RSIABVAVE
1790075717,"{'stkname': 'Peria Karamalai', 'ltp': '', 'perChg': '', 'stkId': 'PKT', 'displayLock': 'N', 'scanproflg': 1, 'scUrl': 'plantations-teacoffee/periakaramalaiteaproducecompany/PKT', 'columns': [{'name': 'RSI Indicator value', 'value': '62.43'}, {'name': 'change %', 'value': '4.44'}, {'name': 'LTP', 'value': '950.40'}]}",OHLC_M_I_RSIABVAVE,RSI Bullish Crossover (Monthly),RSI Bullish Crossover (Monthly),15,Indicator Scans,RSI Bullish Crossover (Monthly),,,False,1,N,,OHLC_M_I_RSIABVAVE
1790075717,"{'stkname': 'GVK Power', 'ltp': '', 'perChg': '', 'stkId': 'GVK', 'displayLock': 'N', 'scanproflg': 1, 'scUrl': 'power-generationdistribution/gvkpowerinfrastructure/GVK', 'columns': [{'name': 'RSI Indicator value', 'value': '40.78'}, {'name': 'change %', 'value': '1.66'}, {'name': 'LTP', 'value': '2.45'}]}",OHLC_M_I_RSIABVAVE,RSI Bullish Crossover (Monthly),RSI Bullish Crossover (Monthly),15,Indicator Scans,RSI Bullish Crossover (Monthly),,,False,1,N,,OHLC_M_I_RSIABVAVE
1790075717,"{'stkname': 'Strides Pharma', 'ltp': '', 'perChg': '', 'stkId': 'SA10', 'displayLock': 'N', 'scanproflg': 1, 'scUrl': 'pharmaceuticals/stridespharmascience/SA10', 'columns': [{'name': 'RSI Indicator value', 'value': '74.03'}, {'name': 'change %', 'value': '-1.30'}, {'name': 'LTP', 'value': '1,219.00'}]}",OHLC_M_I_RSIABVAVE,RSI Bullish Crossover (Monthly),RSI Bullish Crossover (Monthly),15,Indicator Scans,RSI Bullish Crossover (Monthly),,,False,1,N,,OHLC_M_I_RSIABVAVE
1790075717,"{'stkname': 'Indowind Energy', 'ltp': '', 'perChg': '', 'stkId': 'IE08', 'displayLock': 'N', 'scanproflg': 1, 'scUrl': 'power-generationdistribution/indowindenergy/IE08', 'columns': [{'name': 'RSI Indicator value', 'value': '40.25'}, {'name': 'change %', 'value': '1.23'}, {'name': 'LTP', 'value': '9.03'}]}",OHLC_M_I_RSIABVAVE,RSI Bullish Crossover (Monthly),RSI Bullish Crossover (Monthly),15,Indicator Scans,RSI Bullish Crossover (Monthly),,,False,1,N,,OHLC_M_I_RSIABVAVE
1790075717,"{'stkname': 'Responsive Ind', 'ltp': '', 'perChg': '', 'stkId': 'SH10', 'displayLock': 'N', 'scanproflg': 1, 'scUrl': 'constructioncontracting-civil/responsiveindustries/SH10', 'columns': [{'name': 'RSI Indicator value', 'value': '42.93'}, {'name': 'change %', 'value': '-2.31'}, {'name': 'LTP', 'value': '156.56'}]}",OHLC_M_I_RSIABVAVE,RSI Bullish Crossover (Monthly),RSI Bullish Crossover (Monthly),15,Indicator Scans,RSI Bullish Crossover (Monthly),,,False,1,N,,OHLC_M_I_RSIABVAVE
1790075717,"{'stkname': 'SMS Pharma', 'ltp': '', 'perChg': '', 'stkId': 'SP37', 'displayLock': 'N', 'scanproflg': 1, 'scUrl': 'pharmaceuticals/smspharmaceuticals/SP38', 'columns': [{'name': 'RSI Indicator value', 'value': '71.58'}, {'name': 'change %', 'value': '3.05'}, {'name': 'LTP', 'value': '480.75'}]}",OHLC_M_I_RSIABVAVE,RSI Bullish Crossover (Monthly),RSI Bullish Crossover (Monthly),15,Indicator Scans,RSI Bullish Crossover (Monthly),,,False,1,N,,OHLC_M_I_RSIABVAVE
1790075717,"{'stkname': 'BF Utilities', 'ltp': '', 'perChg': '', 'stkId': 'BFU', 'displayLock': 'N', 'scanproflg': 1, 'scUrl': 'power-generationdistribution/bfutilities/BFU', 'columns': [{'name': 'RSI Indicator value', 'value': '44.43'}, {'name': 'change %', 'value': '-0.84'}, {'name': 'LTP', 'value': '527.90'}]}",OHLC_M_I_RSIABVAVE,RSI Bullish Crossover (Monthly),RSI Bullish Crossover (Monthly),15,Indicator Scans,RSI Bullish Crossover (Monthly),,,False,1,N,,OHLC_M_I_RSIABVAVE
1790075717,"{'stkname': 'Supriya Lifesci', 'ltp': '', 'perChg': '', 'stkId': 'SL19', 'displayLock': 'N', 'scanproflg': 1, 'scUrl': 'pharmaceuticalsdrugs/supriyalifescience/SL20', 'columns': [{'name': 'RSI Indicator value', 'value': '60.94'}, {'name': 'change %', 'value': '-2.23'}, {'name': 'LTP', 'value': '936.30'}]}",OHLC_M_I_RSIABVAVE,RSI Bullish Crossover (Monthly),RSI Bullish Crossover (Monthly),15,Indicator Scans,RSI Bullish Crossover (Monthly),,,False,1,N,,OHLC_M_I_RSIABVAVE
1790075717,"{'stkname': 'Andhra Paper', 'ltp': '', 'perChg': '', 'stkId': 'APP', 'displayLock': 'N', 'scanproflg': 1, 'scUrl': 'paper/andhrapaperlimited/APP', 'columns': [{'name': 'RSI Indicator value', 'value': '48.22'}, {'name': 'change %', 'value': '-1.35'}, {'name': 'LTP', 'value': '71.71'}]}",OHLC_M_I_RSIABVAVE,RSI Bullish Crossover (Monthly),RSI Bullish Crossover (Monthly),15,Indicator Scans,RSI Bullish Crossover (Monthly),,,False,1,N,,OHLC_M_I_RSIABVAVE
1790075717,"{'stkname': 'Jubilant Pharmo', 'ltp': '', 'perChg': '', 'stkId': 'VOC', 'displayLock': 'N', 'scanproflg': 1, 'scUrl': 'pharmaceuticals/jubilantpharmova/JO03', 'columns': [{'name': 'RSI Indicator value', 'value': '56.95'}, {'name': 'change %', 'value': '1.69'}, {'name': 'LTP', 'value': '1,067.00'}]}",OHLC_M_I_RSIABVAVE,RSI Bullish Crossover (Monthly),RSI Bullish Crossover (Monthly),15,Indicator Scans,RSI Bullish Crossover (Monthly),,,False,1,N,,OHLC_M_I_RSIABVAVE
1790075717,"{'stkname': 'JagranPrakashan', 'ltp': '', 'perChg': '', 'stkId': 'JP12', 'displayLock': 'N', 'scanproflg': 1, 'scUrl': 'mediaentertainment/jagranprakashan/JP12', 'columns': [{'name': 'RSI Indicator value', 'value': '41.23'}, {'name': 'change %', 'value': '-0.13'}, {'name': 'LTP', 'value': '62.45'}]}",OHLC_M_I_RSIABVAVE,RSI Bullish Crossover (Monthly),RSI Bullish Crossover (Monthly),15,Indicator Scans,RSI Bullish Crossover (Monthly),,,False,1,N,,OHLC_M_I_RSIABVAVE
1790075717,"{'stkname': 'Abbott India', 'ltp': '', 'perChg': '', 'stkId': 'KP', 'displayLock': 'N', 'scanproflg': 1, 'scUrl': 'pharmaceuticals/abbottindia/AI51', 'columns': [{'name': 'RSI Indicator value', 'value': '49.29'}, {'name': 'change %', 'value': '1.15'}, {'name': 'LTP', 'value': '27,270.00'}]}",OHLC_M_I_RSIABVAVE,RSI Bullish Crossover (Monthly),RSI Bullish Crossover (Monthly),15,Indicator Scans,RSI Bullish Crossover (Monthly),,,False,1,N,,OHLC_M_I_RSIABVAVE
1790075717,"{'stkname': 'Rama Steel Tube', 'ltp': '', 'perChg': '', 'stkId': 'RST', 'displayLock': 'N', 'scanproflg': 1, 'scUrl': 'steel-mediumsmall/ramasteeltubes/RST', 'columns': [{'name': 'RSI Indicator value', 'value': '36.46'}, {'name': 'change %', 'value': '4.57'}, {'name': 'LTP', 'value': '4.58'}]}",OHLC_M_I_RSIABVAVE,RSI Bullish Crossover (Monthly),RSI Bullish Crossover (Monthly),15,Indicator Scans,RSI Bullish Crossover (Monthly),,,False,1,N,,OHLC_M_I_RSIABVAVE
1790075717,"{'stkname': 'Xpro India', 'ltp': '', 'perChg': '', 'stkId': 'XI', 'displayLock': 'N', 'scanproflg': 1, 'scUrl': 'packaging/xproindia/XI', 'columns': [{'name': 'RSI Indicator value', 'value': '53.56'}, {'name': 'change %', 'value': '0.83'}, {'name': 'LTP', 'value': '1,205.00'}]}",OHLC_M_I_RSIABVAVE,RSI Bullish Crossover (Monthly),RSI Bullish Crossover (Monthly),15,Indicator Scans,RSI Bullish Crossover (Monthly),,,False,1,N,,OHLC_M_I_RSIABVAVE
1790075717,"{'stkname': 'Hariom Pipe', 'ltp': '', 'perChg': '', 'stkId': 'HPI02', 'displayLock': 'N', 'scanproflg': 1, 'scUrl': 'ironsteel/hariompipeindustries/HPI02', 'columns': [{'name': 'RSI Indicator value', 'value': '45.72'}, {'name': 'change %', 'value': '0.04'}, {'name': 'LTP', 'value': '359.00'}]}",OHLC_M_I_RSIABVAVE,RSI Bullish Crossover (Monthly),RSI Bullish Crossover (Monthly),15,Indicator Scans,RSI Bullish Crossover (Monthly),,,False,1,N,,OHLC_M_I_RSIABVAVE
1790075717,"{'stkname': 'Kuantum Papers', 'ltp': '', 'perChg': '', 'stkId': 'ABC06', 'displayLock': 'N', 'scanproflg': 1, 'scUrl': 'paper/kuantumpapers/ABC07', 'columns': [{'name': 'RSI Indicator value', 'value': '42.39'}, {'name': 'change %', 'value': '4.24'}, {'name': 'LTP', 'value': '84.16'}]}",OHLC_M_I_RSIABVAVE,RSI Bullish Crossover (Monthly),RSI Bullish Crossover (Monthly),15,Indicator Scans,RSI Bullish Crossover (Monthly),,,False,1,N,,OHLC_M_I_RSIABVAVE
1790075717,"{'stkname': 'Maithan Alloys', 'ltp': '', 'perChg': '', 'stkId': 'MA04', 'displayLock': 'N', 'scanproflg': 1, 'scUrl': 'miningminerals/maithanalloys/MA04', 'columns': [{'name': 'RSI Indicator value', 'value': '48.45'}, {'name': 'change %', 'value': '-0.18'}, {'name': 'LTP', 'value': '996.50'}]}",OHLC_M_I_RSIABVAVE,RSI Bullish Crossover (Monthly),RSI Bullish Crossover (Monthly),15,Indicator Scans,RSI Bullish Crossover (Monthly),,,False,1,N,,OHLC_M_I_RSIABVAVE
1790075717,"{'stkname': 'Seshasayee Pape', 'ltp': '', 'perChg': '', 'stkId': 'SPB', 'displayLock': 'N', 'scanproflg': 1, 'scUrl': 'paper/seshasayeepaperboards/SPB', 'columns': [{'name': 'RSI Indicator value', 'value': '46.74'}, {'name': 'change %', 'value': '-0.34'}, {'name': 'LTP', 'value': '246.76'}]}",OHLC_M_I_RSIABVAVE,RSI Bullish Crossover (Monthly),RSI Bullish Crossover (Monthly),15,Indicator Scans,RSI Bullish Crossover (Monthly),,,False,1,N,,OHLC_M_I_RSIABVAVE
1790075717,"{'stkname': 'Prime Focus', 'ltp': '', 'perChg': '', 'stkId': 'PF13', 'displayLock': 'N', 'scanproflg': 1, 'scUrl': 'mediaentertainment/primefocus/PF13', 'columns': [{'name': 'RSI Indicator value', 'value': '70.55'}, {'name': 'change %', 'value': '1.23'}, {'name': 'LTP', 'value': '357.00'}]}",OHLC_M_I_RSIABVAVE,RSI Bullish Crossover (Monthly),RSI Bullish Crossover (Monthly),15,Indicator Scans,RSI Bullish Crossover (Monthly),,,False,1,N,,OHLC_M_I_RSIABVAVE
1790075717,"{'stkname': 'IZMO', 'ltp': '', 'perChg': '', 'stkId': 'LM02', 'displayLock': 'N', 'scanproflg': 1, 'scUrl': 'computers-software-mediumsmall/izmo/LM02', 'columns': [{'name': 'RSI Indicator value', 'value': '58.95'}, {'name': 'change %', 'value': '0.20'}, {'name': 'LTP', 'value': '932.00'}]}",OHLC_M_I_RSIABVAVE,RSI Bullish Crossover (Monthly),RSI Bullish Crossover (Monthly),15,Indicator Scans,RSI Bullish Crossover (Monthly),,,False,1,N,,OHLC_M_I_RSIABVAVE
1790075717,"{'stkname': 'Sigma Solve', 'ltp': '', 'perChg': '', 'stkId': 'SSL14', 'displayLock': 'N', 'scanproflg': 1, 'scUrl': 'it-servicesconsulting/sigmasolve/SSL14', 'columns': [{'name': 'RSI Indicator value', 'value': '54.40'}, {'name': 'change %', 'value': '0.06'}, {'name': 'LTP', 'value': '46.79'}]}",OHLC_M_I_RSIABVAVE,RSI Bullish Crossover (Monthly),RSI Bullish Crossover (Monthly),15,Indicator Scans,RSI Bullish Crossover (Monthly),,,False,1,N,,OHLC_M_I_RSIABVAVE
1790075717,"{'stkname': 'Balaji Telefilm', 'ltp': '', 'perChg': '', 'stkId': 'BT06', 'displayLock': 'N', 'scanproflg': 1, 'scUrl': 'mediaentertainment/balajitelefilms/BT06', 'columns': [{'name': 'RSI Indicator value', 'value': '52.36'}, {'name': 'change %', 'value': '-0.37'}, {'name': 'LTP', 'value': '93.20'}]}",OHLC_M_I_RSIABVAVE,RSI Bullish Crossover (Monthly),RSI Bullish Crossover (Monthly),15,Indicator Scans,RSI Bullish Crossover (Monthly),,,False,1,N,,OHLC_M_I_RSIABVAVE
1790075717,"{'stkname': 'Samhi Hotels', 'ltp': '', 'perChg': '', 'stkId': 'SH17', 'displayLock': 'N', 'scanproflg': 1, 'scUrl': 'hotel-resortrestaurants/samhihotels/SH17', 'columns': [{'name': 'RSI Indicator value', 'value': '47.38'}, {'name': 'change %', 'value': '-0.26'}, {'name': 'LTP', 'value': '159.84'}]}",OHLC_M_I_RSIABVAVE,RSI Bullish Crossover (Monthly),RSI Bullish Crossover (Monthly),15,Indicator Scans,RSI Bullish Crossover (Monthly),,,False,1,N,,OHLC_M_I_RSIABVAVE
1790075717,"{'stkname': 'Quick Heal Tech', 'ltp': '', 'perChg': '', 'stkId': 'QHT', 'displayLock': 'N', 'scanproflg': 1, 'scUrl': 'computers-software/quickhealtechnologies/QHT', 'columns': [{'name': 'RSI Indicator value', 'value': '37.91'}, {'name': 'change %', 'value': '0.30'}, {'name': 'LTP', 'value': '152.25'}]}",OHLC_M_I_RSIABVAVE,RSI Bullish Crossover (Monthly),RSI Bullish Crossover (Monthly),15,Indicator Scans,RSI Bullish Crossover (Monthly),,,False,1,N,,OHLC_M_I_RSIABVAVE
1790075717,"{'stkname': 'EIH', 'ltp': '', 'perChg': '', 'stkId': 'EIH', 'displayLock': 'N', 'scanproflg': 1, 'scUrl': 'hotels/eih/EIH', 'columns': [{'name': 'RSI Indicator value', 'value': '46.52'}, {'name': 'change %', 'value': '-1.62'}, {'name': 'LTP', 'value': '304.00'}]}",OHLC_M_I_RSIABVAVE,RSI Bullish Crossover (Monthly),RSI Bullish Crossover (Monthly),15,Indicator Scans,RSI Bullish Crossover (Monthly),,,False,1,N,,OHLC_M_I_RSIABVAVE
1790075717,"{'stkname': 'HMA Agro', 'ltp': '', 'perChg': '', 'stkId': 'HAI', 'displayLock': 'N', 'scanproflg': 1, 'scUrl': 'consumer-food/hmaagroindustries/HAI01', 'columns': [{'name': 'RSI Indicator value', 'value': '38.83'}, {'name': 'change %', 'value': '-0.42'}, {'name': 'LTP', 'value': '23.85'}]}",OHLC_M_I_RSIABVAVE,RSI Bullish Crossover (Monthly),RSI Bullish Crossover (Monthly),15,Indicator Scans,RSI Bullish Crossover (Monthly),,,False,1,N,,OHLC_M_I_RSIABVAVE
1790075717,"{'stkname': 'Emami', 'ltp': '', 'perChg': '', 'stkId': 'E05', 'displayLock': 'N', 'scanproflg': 1, 'scUrl': 'personal-care/emami/E06', 'columns': [{'name': 'RSI Indicator value', 'value': '37.70'}, {'name': 'change %', 'value': '2.23'}, {'name': 'LTP', 'value': '389.10'}]}",OHLC_M_I_RSIABVAVE,RSI Bullish Crossover (Monthly),RSI Bullish Crossover (Monthly),15,Indicator Scans,RSI Bullish Crossover (Monthly),,,False,1,N,,OHLC_M_I_RSIABVAVE
1790075717,"{'stkname': 'TSF Investments', 'ltp': '', 'perChg': '', 'stkId': 'SFH', 'displayLock': 'N', 'scanproflg': 1, 'scUrl': 'finance-general/tsfinvestments/SFH', 'columns': [{'name': 'RSI Indicator value', 'value': '56.22'}, {'name': 'change %', 'value': '0.53'}, {'name': 'LTP', 'value': '462.80'}]}",OHLC_M_I_RSIABVAVE,RSI Bullish Crossover (Monthly),RSI Bullish Crossover (Monthly),15,Indicator Scans,RSI Bullish Crossover (Monthly),,,False,1,N,,OHLC_M_I_RSIABVAVE
1790075717,"{'stkname': 'UTI AMC', 'ltp': '', 'perChg': '', 'stkId': 'UA03', 'displayLock': 'N', 'scanproflg': 1, 'scUrl': 'finance-investment/utiassetmanagementcompany/UA04', 'columns': [{'name': 'RSI Indicator value', 'value': '42.90'}, {'name': 'change %', 'value': '-0.57'}, {'name': 'LTP', 'value': '919.55'}]}",OHLC_M_I_RSIABVAVE,RSI Bullish Crossover (Monthly),RSI Bullish Crossover (Monthly),15,Indicator Scans,RSI Bullish Crossover (Monthly),,,False,1,N,,OHLC_M_I_RSIABVAVE
1790075717,"{'stkname': 'SBI Card', 'ltp': '', 'perChg': '', 'stkId': 'SCP03', 'displayLock': 'N', 'scanproflg': 1, 'scUrl': 'finance-term-lending/sbicardspaymentservices/SCP02', 'columns': [{'name': 'RSI Indicator value', 'value': '39.66'}, {'name': 'change %', 'value': '-0.32'}, {'name': 'LTP', 'value': '634.95'}]}",OHLC_M_I_RSIABVAVE,RSI Bullish Crossover (Monthly),RSI Bullish Crossover (Monthly),15,Indicator Scans,RSI Bullish Crossover (Monthly),,,False,1,N,,OHLC_M_I_RSIABVAVE
1790075717,"{'stkname': 'AAVAS Financier', 'ltp': '', 'perChg': '', 'stkId': 'AF32', 'displayLock': 'N', 'scanproflg': 1, 'scUrl': 'finance-general/aavasfinanciers/AF17', 'columns': [{'name': 'RSI Indicator value', 'value': '43.52'}, {'name': 'change %', 'value': '-0.51'}, {'name': 'LTP', 'value': '1,314.50'}]}",OHLC_M_I_RSIABVAVE,RSI Bullish Crossover (Monthly),RSI Bullish Crossover (Monthly),15,Indicator Scans,RSI Bullish Crossover (Monthly),,,False,1,N,,OHLC_M_I_RSIABVAVE
1790075717,"{'stkname': 'Inox Green', 'ltp': '', 'perChg': '', 'stkId': 'IGE02', 'displayLock': 'N', 'scanproflg': 1, 'scUrl': 'engineering/inoxgreenenergyservices/IGE01', 'columns': [{'name': 'RSI Indicator value', 'value': '51.58'}, {'name': 'change %', 'value': '0.67'}, {'name': 'LTP', 'value': '173.50'}]}",OHLC_M_I_RSIABVAVE,RSI Bullish Crossover (Monthly),RSI Bullish Crossover (Monthly),15,Indicator Scans,RSI Bullish Crossover (Monthly),,,False,1,N,,OHLC_M_I_RSIABVAVE
1790075717,"{'stkname': 'Tega Industries', 'ltp': '', 'perChg': '', 'stkId': 'TI30', 'displayLock': 'N', 'scanproflg': 1, 'scUrl': 'engineering-industrial-equipments/tegaindustries/TI26', 'columns': [{'name': 'RSI Indicator value', 'value': '61.94'}, {'name': 'change %', 'value': '-2.80'}, {'name': 'LTP', 'value': '2,069.40'}]}",OHLC_M_I_RSIABVAVE,RSI Bullish Crossover (Monthly),RSI Bullish Crossover (Monthly),15,Indicator Scans,RSI Bullish Crossover (Monthly),,,False,1,N,,OHLC_M_I_RSIABVAVE
1790075717,"{'stkname': 'GPT Infra', 'ltp': '', 'perChg': '', 'stkId': 'GPT01', 'displayLock': 'N', 'scanproflg': 1, 'scUrl': 'constructioncontracting-civil/gptinfraprojects/GPT01', 'columns': [{'name': 'RSI Indicator value', 'value': '52.42'}, {'name': 'change %', 'value': '0.07'}, {'name': 'LTP', 'value': '118.50'}]}",OHLC_M_I_RSIABVAVE,RSI Bullish Crossover (Monthly),RSI Bullish Crossover (Monthly),15,Indicator Scans,RSI Bullish Crossover (Monthly),,,False,1,N,,OHLC_M_I_RSIABVAVE
1790075717,"{'stkname': 'Atam Valves', 'ltp': '', 'perChg': '', 'stkId': 'AV03', 'displayLock': 'N', 'scanproflg': 1, 'scUrl': 'engineering-industrial-equipments/atamvalves/AV02', 'columns': [{'name': 'RSI Indicator value', 'value': '34.25'}, {'name': 'change %', 'value': '-0.25'}, {'name': 'LTP', 'value': '58.90'}]}",OHLC_M_I_RSIABVAVE,RSI Bullish Crossover (Monthly),RSI Bullish Crossover (Monthly),15,Indicator Scans,RSI Bullish Crossover (Monthly),,,False,1,N,,OHLC_M_I_RSIABVAVE
1790075717,"{'stkname': 'HLE Glascoat', 'ltp': '', 'perChg': '', 'stkId': 'SGE02', 'displayLock': 'N', 'scanproflg': 1, 'scUrl': 'glassglass-products/hleglascoat/SGE02', 'columns': [{'name': 'RSI Indicator value', 'value': '51.06'}, {'name': 'change %', 'value': '-5.00'}, {'name': 'LTP', 'value': '445.75'}]}",OHLC_M_I_RSIABVAVE,RSI Bullish Crossover (Monthly),RSI Bullish Crossover (Monthly),15,Indicator Scans,RSI Bullish Crossover (Monthly),,,False,1,N,,OHLC_M_I_RSIABVAVE
1790075717,"{'stkname': 'TARC', 'ltp': '', 'perChg': '', 'stkId': 'ARG', 'displayLock': 'N', 'scanproflg': 1, 'scUrl': 'construction-real-estate/tarc/ARG', 'columns': [{'name': 'RSI Indicator value', 'value': '46.91'}, {'name': 'change %', 'value': '-0.48'}, {'name': 'LTP', 'value': '129.35'}]}",OHLC_M_I_RSIABVAVE,RSI Bullish Crossover (Monthly),RSI Bullish Crossover (Monthly),15,Indicator Scans,RSI Bullish Crossover (Monthly),,,False,1,N,,OHLC_M_I_RSIABVAVE
1790075717,"{'stkname': 'Prozone Realty', 'ltp': '', 'perChg': '', 'stkId': 'PCS03', 'displayLock': 'N', 'scanproflg': 1, 'scUrl': 'constructioncontracting-real-estate/prozonerealty/PCS03', 'columns': [{'name': 'RSI Indicator value', 'value': '55.32'}, {'name': 'change %', 'value': '-2.06'}, {'name': 'LTP', 'value': '51.81'}]}",OHLC_M_I_RSIABVAVE,RSI Bullish Crossover (Monthly),RSI Bullish Crossover (Monthly),15,Indicator Scans,RSI Bullish Crossover (Monthly),,,False,1,N,,OHLC_M_I_RSIABVAVE
1790075717,"{'stkname': 'Unitech', 'ltp': '', 'perChg': '', 'stkId': 'U', 'displayLock': 'N', 'scanproflg': 1, 'scUrl': 'constructioncontracting-civil/unitech/U', 'columns': [{'name': 'RSI Indicator value', 'value': '42.89'}, {'name': 'change %', 'value': '0.00'}, {'name': 'LTP', 'value': '4.13'}]}",OHLC_M_I_RSIABVAVE,RSI Bullish Crossover (Monthly),RSI Bullish Crossover (Monthly),15,Indicator Scans,RSI Bullish Crossover (Monthly),,,False,1,N,,OHLC_M_I_RSIABVAVE
1790075717,"{'stkname': 'Ajmera Realty', 'ltp': '', 'perChg': '', 'stkId': 'SPS01', 'displayLock': 'N', 'scanproflg': 1, 'scUrl': 'constructioncontracting-real-estate/ajmerarealtyinfraindia/ARI03', 'columns': [{'name': 'RSI Indicator value', 'value': '44.14'}, {'name': 'change %', 'value': '1.46'}, {'name': 'LTP', 'value': '119.98'}]}",OHLC_M_I_RSIABVAVE,RSI Bullish Crossover (Monthly),RSI Bullish Crossover (Monthly),15,Indicator Scans,RSI Bullish Crossover (Monthly),,,False,1,N,,OHLC_M_I_RSIABVAVE
1790075717,"{'stkname': 'Yatra Online', 'ltp': '', 'perChg': '', 'stkId': 'YO', 'displayLock': 'N', 'scanproflg': 1, 'scUrl': 'travel-services/yatraonline/YO', 'columns': [{'name': 'RSI Indicator value', 'value': '47.25'}, {'name': 'change %', 'value': '5.60'}, {'name': 'LTP', 'value': '109.50'}]}",OHLC_M_I_RSIABVAVE,RSI Bullish Crossover (Monthly),RSI Bullish Crossover (Monthly),15,Indicator Scans,RSI Bullish Crossover (Monthly),,,False,1,N,,OHLC_M_I_RSIABVAVE
1790075717,"{'stkname': 'CHEMPLAST SANMA', 'ltp': '', 'perChg': '', 'stkId': 'CS18', 'displayLock': 'N', 'scanproflg': 1, 'scUrl': 'speciality-chemicals/chemplastsanmar/CS23', 'columns': [{'name': 'RSI Indicator value', 'value': '30.10'}, {'name': 'change %', 'value': '8.68'}, {'name': 'LTP', 'value': '196.90'}]}",OHLC_M_I_RSIABVAVE,RSI Bullish Crossover (Monthly),RSI Bullish Crossover (Monthly),15,Indicator Scans,RSI Bullish Crossover (Monthly),,,False,1,N,,OHLC_M_I_RSIABVAVE
1790075717,"{'stkname': 'Prism Johnson', 'ltp': '', 'perChg': '', 'stkId': 'PC', 'displayLock': 'N', 'scanproflg': 1, 'scUrl': 'cement-major/prismjohnson/PC', 'columns': [{'name': 'RSI Indicator value', 'value': '42.32'}, {'name': 'change %', 'value': '-0.28'}, {'name': 'LTP', 'value': '116.11'}]}",OHLC_M_I_RSIABVAVE,RSI Bullish Crossover (Monthly),RSI Bullish Crossover (Monthly),15,Indicator Scans,RSI Bullish Crossover (Monthly),,,False,1,N,,OHLC_M_I_RSIABVAVE
1790075717,"{'stkname': 'NCL Industries', 'ltp': '', 'perChg': '', 'stkId': 'NCL', 'displayLock': 'N', 'scanproflg': 1, 'scUrl': 'cement-mini/nclindustries/NCL', 'columns': [{'name': 'RSI Indicator value', 'value': '44.10'}, {'name': 'change %', 'value': '-0.33'}, {'name': 'LTP', 'value': '175.10'}]}",OHLC_M_I_RSIABVAVE,RSI Bullish Crossover (Monthly),RSI Bullish Crossover (Monthly),15,Indicator Scans,RSI Bullish Crossover (Monthly),,,False,1,N,,OHLC_M_I_RSIABVAVE
1790075717,"{'stkname': 'Jain Irrigation', 'ltp': '', 'perChg': '', 'stkId': 'JIS02', 'displayLock': 'N', 'scanproflg': 1, 'scUrl': 'plastics/jainirrigationsystems/JIS02', 'columns': [{'name': 'RSI Indicator value', 'value': '37.26'}, {'name': 'change %', 'value': '-6.36'}, {'name': 'LTP', 'value': '28.99'}]}",OHLC_M_I_RSIABVAVE,RSI Bullish Crossover (Monthly),RSI Bullish Crossover (Monthly),15,Indicator Scans,RSI Bullish Crossover (Monthly),,,False,1,N,,OHLC_M_I_RSIABVAVE
1790075717,"{'stkname': 'Astec Life', 'ltp': '', 'perChg': '', 'stkId': 'AL13', 'displayLock': 'N', 'scanproflg': 1, 'scUrl': 'pharmaceuticals/asteclifesciences/AL13', 'columns': [{'name': 'RSI Indicator value', 'value': '48.92'}, {'name': 'change %', 'value': '8.69'}, {'name': 'LTP', 'value': '782.00'}]}",OHLC_M_I_RSIABVAVE,RSI Bullish Crossover (Monthly),RSI Bullish Crossover (Monthly),15,Indicator Scans,RSI Bullish Crossover (Monthly),,,False,1,N,,OHLC_M_I_RSIABVAVE
1790075717,"{'stkname': 'Axiscades Tech', 'ltp': '', 'perChg': '', 'stkId': 'ITT01', 'displayLock': 'N', 'scanproflg': 1, 'scUrl': 'aerospacedefence/axiscadestechnologies/AXI', 'columns': [{'name': 'RSI Indicator value', 'value': '65.07'}, {'name': 'change %', 'value': '3.06'}, {'name': 'LTP', 'value': '1,896.00'}]}",OHLC_M_I_RSIABVAVE,RSI Bullish Crossover (Monthly),RSI Bullish Crossover (Monthly),15,Indicator Scans,RSI Bullish Crossover (Monthly),,,False,1,N,,OHLC_M_I_RSIABVAVE
1790075717,"{'stkname': 'Tata Inv Corp', 'ltp': '', 'perChg': '', 'stkId': 'TIC', 'displayLock': 'N', 'scanproflg': 1, 'scUrl': 'finance-investments/tatainvestmentcorporation/TIC', 'columns': [{'name': 'RSI Indicator value', 'value': '52.41'}, {'name': 'change %', 'value': '-0.11'}, {'name': 'LTP', 'value': '679.75'}]}",OHLC_M_I_RSIABVAVE,RSI Bullish Crossover (Monthly),RSI Bullish Crossover (Monthly),15,Indicator Scans,RSI Bullish Crossover (Monthly),,,False,1,N,,OHLC_M_I_RSIABVAVE
1790075717,"{'stkname': 'Tata Chemicals', 'ltp': '', 'perChg': '', 'stkId': 'TC', 'displayLock': 'N', 'scanproflg': 1, 'scUrl': 'chemicals/tatachemicals/TC', 'columns': [{'name': 'RSI Indicator value', 'value': '40.35'}, {'name': 'change %', 'value': '-2.98'}, {'name': 'LTP', 'value': '674.00'}]}",OHLC_M_I_RSIABVAVE,RSI Bullish Crossover (Monthly),RSI Bullish Crossover (Monthly),15,Indicator Scans,RSI Bullish Crossover (Monthly),,,False,1,N,,OHLC_M_I_RSIABVAVE
1790075717,"{'stkname': 'Bandhan Bank', 'ltp': '', 'perChg': '', 'stkId': 'BB09', 'displayLock': 'N', 'scanproflg': 1, 'scUrl': 'banks-private-sector/bandhanbank/BB09', 'columns': [{'name': 'RSI Indicator value', 'value': '50.83'}, {'name': 'change %', 'value': '3.18'}, {'name': 'LTP', 'value': '184.70'}]}",OHLC_M_I_RSIABVAVE,RSI Bullish Crossover (Monthly),RSI Bullish Crossover (Monthly),15,Indicator Scans,RSI Bullish Crossover (Monthly),,,False,1,N,,OHLC_M_I_RSIABVAVE
1790075717,"{'stkname': 'Patanjali Foods', 'ltp': '', 'perChg': '', 'stkId': 'RSI', 'displayLock': 'N', 'scanproflg': 1, 'scUrl': 'vegetable-oilsproducts/patanjalifoods/RSI', 'columns': [{'name': 'RSI Indicator value', 'value': '40.21'}, {'name': 'change %', 'value': '1.97'}, {'name': 'LTP', 'value': '404.00'}]}",OHLC_M_I_RSIABVAVE,RSI Bullish Crossover (Monthly),RSI Bullish Crossover (Monthly),15,Indicator Scans,RSI Bullish Crossover (Monthly),,,False,1,N,,OHLC_M_I_RSIABVAVE
1790075717,"{'stkname': 'Max Healthcare', 'ltp': '', 'perChg': '', 'stkId': 'MHI', 'displayLock': 'N', 'scanproflg': 1, 'scUrl': 'hospitalhealthcare-services/maxhealthcareinstitute/MHI', 'columns': [{'name': 'RSI Indicator value', 'value': '53.08'}, {'name': 'change %', 'value': '-0.95'}, {'name': 'LTP', 'value': '1,056.50'}]}",OHLC_M_I_RSIABVAVE,RSI Bullish Crossover (Monthly),RSI Bullish Crossover (Monthly),15,Indicator Scans,RSI Bullish Crossover (Monthly),,,False,1,N,,OHLC_M_I_RSIABVAVE
1790075717,"{'stkname': 'PNB', 'ltp': '', 'perChg': '', 'stkId': 'PNB05', 'displayLock': 'N', 'scanproflg': 1, 'scUrl': 'banks-public-sector/punjabnationalbank/PNB05', 'columns': [{'name': 'RSI Indicator value', 'value': '57.66'}, {'name': 'change %', 'value': '-0.85'}, {'name': 'LTP', 'value': '117.00'}]}",OHLC_M_I_RSIABVAVE,RSI Bullish Crossover (Monthly),RSI Bullish Crossover (Monthly),15,Indicator Scans,RSI Bullish Crossover (Monthly),,,False,1,N,,OHLC_M_I_RSIABVAVE
1790075717,"{'stkname': 'Inve Gold ETF', 'ltp': '', 'perChg': '', 'stkId': 'RGE', 'displayLock': 'N', 'scanproflg': 1, 'scUrl': 'gold-etf/invescoindiagoldexchangetradedfund/RGE', 'columns': [{'name': 'RSI Indicator value', 'value': '69.89'}, {'name': 'change %', 'value': '-0.27'}, {'name': 'LTP', 'value': '131.70'}]}",OHLC_M_I_RSI70FBELOW,RSI exited Overbought Zone (Monthly),RSI exited Overbought Zone (Monthly),15,Indicator Scans,RSI exited Overbought Zone (Monthly),,,False,1,N,,OHLC_M_I_RSI70FBELOW
1790075717,"{'stkname': 'Ipru Gold ETF', 'ltp': '', 'perChg': '', 'stkId': 'ICI10', 'displayLock': 'N', 'scanproflg': 1, 'scUrl': 'gold-etf/iciciprudentialgoldetf/ICI10', 'columns': [{'name': 'RSI Indicator value', 'value': '69.48'}, {'name': 'change %', 'value': '-0.24'}, {'name': 'LTP', 'value': '129.70'}]}",OHLC_M_I_RSI70FBELOW,RSI exited Overbought Zone (Monthly),RSI exited Overbought Zone (Monthly),15,Indicator Scans,RSI exited Overbought Zone (Monthly),,,False,1,N,,OHLC_M_I_RSI70FBELOW
1790075717,"{'stkname': 'AB Capital', 'ltp': '', 'perChg': '', 'stkId': 'ABC07', 'displayLock': 'N', 'scanproflg': 1, 'scUrl': 'finance-investments/adityabirlacapital/ABC9', 'columns': [{'name': 'RSI Indicator value', 'value': '68.19'}, {'name': 'change %', 'value': '-1.59'}, {'name': 'LTP', 'value': '397.00'}]}",OHLC_M_I_RSI70FBELOW,RSI exited Overbought Zone (Monthly),RSI exited Overbought Zone (Monthly),15,Indicator Scans,RSI exited Overbought Zone (Monthly),,,False,1,N,,OHLC_M_I_RSI70FBELOW
1790075717,"{'stkname': 'ABSL Life Gold', 'ltp': '', 'perChg': '', 'stkId': 'BSL02', 'displayLock': 'N', 'scanproflg': 1, 'scUrl': 'gold-etf/birlasunlifegoldetf/BSL02', 'columns': [{'name': 'RSI Indicator value', 'value': '68.94'}, {'name': 'change %', 'value': '-0.21'}, {'name': 'LTP', 'value': '133.44'}]}",OHLC_M_I_RSI70FBELOW,RSI exited Overbought Zone (Monthly),RSI exited Overbought Zone (Monthly),15,Indicator Scans,RSI exited Overbought Zone (Monthly),,,False,1,N,,OHLC_M_I_RSI70FBELOW
1790075717,"{'stkname': 'Mirae Nifty8-13', 'ltp': '', 'perChg': '', 'stkId': 'MAGS814938', 'displayLock': 'N', 'scanproflg': 1, 'scUrl': 'etf/miraeassetnifty8-13yrg-secetf/MAGS814938', 'columns': [{'name': 'RSI Indicator value', 'value': '68.86'}, {'name': 'change %', 'value': '0.03'}, {'name': 'LTP', 'value': '30.12'}]}",OHLC_M_I_RSI70FBELOW,RSI exited Overbought Zone (Monthly),RSI exited Overbought Zone (Monthly),15,Indicator Scans,RSI exited Overbought Zone (Monthly),,,False,1,N,,OHLC_M_I_RSI70FBELOW
1790075717,"{'stkname': 'Zerodha Gold', 'ltp': '', 'perChg': '', 'stkId': 'GOLDC22901', 'displayLock': 'N', 'scanproflg': 1, 'scUrl': 'gold-etf/zerodhagoldetf/GOLDC22901', 'columns': [{'name': 'RSI Indicator value', 'value': '69.56'}, {'name': 'change %', 'value': '-0.25'}, {'name': 'LTP', 'value': '23.85'}]}",OHLC_M_I_RSI70FBELOW,RSI exited Overbought Zone (Monthly),RSI exited Overbought Zone (Monthly),15,Indicator Scans,RSI exited Overbought Zone (Monthly),,,False,1,N,,OHLC_M_I_RSI70FBELOW
1790075717,"{'stkname': 'UTI NIF10GETF', 'ltp': '', 'perChg': '', 'stkId': 'NIF1022524', 'displayLock': 'N', 'scanproflg': 1, 'scUrl': 'etf/utinifty10yrbenchmarkg-secetf/NIF1022524', 'columns': [{'name': 'RSI Indicator value', 'value': '68.23'}, {'name': 'change %', 'value': '-0.15'}, {'name': 'LTP', 'value': '26.60'}]}",OHLC_M_I_RSI70FBELOW,RSI exited Overbought Zone (Monthly),RSI exited Overbought Zone (Monthly),15,Indicator Scans,RSI exited Overbought Zone (Monthly),,,False,1,N,,OHLC_M_I_RSI70FBELOW
1790075717,"{'stkname': 'Edel Gold ETF', 'ltp': '', 'perChg': '', 'stkId': 'EGOLD19933', 'displayLock': 'N', 'scanproflg': 1, 'scUrl': 'etf/edelweissgoldetf/EGOLD19933', 'columns': [{'name': 'RSI Indicator value', 'value': '68.70'}, {'name': 'change %', 'value': '-0.16'}, {'name': 'LTP', 'value': '151.55'}]}",OHLC_M_I_RSI70FBELOW,RSI exited Overbought Zone (Monthly),RSI exited Overbought Zone (Monthly),15,Indicator Scans,RSI exited Overbought Zone (Monthly),,,False,1,N,,OHLC_M_I_RSI70FBELOW
1790075717,"{'stkname': 'BBNPPGOLD', 'ltp': '', 'perChg': '', 'stkId': 'BBNPP20547', 'displayLock': 'N', 'scanproflg': 1, 'scUrl': 'miscellaneous/bbnppgold/BBNPP20547', 'columns': [{'name': 'RSI Indicator value', 'value': '69.00'}, {'name': 'change %', 'value': '0.20'}, {'name': 'LTP', 'value': '146.90'}]}",OHLC_M_I_RSI70FBELOW,RSI exited Overbought Zone (Monthly),RSI exited Overbought Zone (Monthly),15,Indicator Scans,RSI exited Overbought Zone (Monthly),,,False,1,N,,OHLC_M_I_RSI70FBELOW
1790075717,"{'stkname': 'Ador Welding', 'ltp': '', 'perChg': '', 'stkId': 'AO', 'displayLock': 'N', 'scanproflg': 1, 'scUrl': 'electrodesgraphite/adorwelding/AW01', 'columns': [{'name': 'RSI Indicator value', 'value': '65.33'}, {'name': 'change %', 'value': '0.87'}, {'name': 'LTP', 'value': '1,590.10'}]}",OHLC_M_I_RSI70FBELOW,RSI exited Overbought Zone (Monthly),RSI exited Overbought Zone (Monthly),15,Indicator Scans,RSI exited Overbought Zone (Monthly),,,False,1,N,,OHLC_M_I_RSI70FBELOW
1790075717,"{'stkname': 'Leela Palaces', 'ltp': '', 'perChg': '', 'stkId': 'SBL04', 'displayLock': 'N', 'scanproflg': 1, 'scUrl': 'hotel-resortrestaurants/leelapalaceshotelsresorts/SBL02', 'columns': [{'name': 'RSI Indicator value', 'value': '66.03'}, {'name': 'change %', 'value': '0.47'}, {'name': 'LTP', 'value': '540.00'}]}",OHLC_M_I_RSI70FBELOW,RSI exited Overbought Zone (Monthly),RSI exited Overbought Zone (Monthly),15,Indicator Scans,RSI exited Overbought Zone (Monthly),,,False,1,N,,OHLC_M_I_RSI70FBELOW
1790075717,"{'stkname': 'Happy Forgings', 'ltp': '', 'perChg': '', 'stkId': 'HFL03', 'displayLock': 'N', 'scanproflg': 1, 'scUrl': 'metals-castingsforgings/happyforgings/HFL02', 'columns': [{'name': 'RSI Indicator value', 'value': '69.64'}, {'name': 'change %', 'value': '-0.19'}, {'name': 'LTP', 'value': '2,105.00'}]}",OHLC_M_I_RSI70FBELOW,RSI exited Overbought Zone (Monthly),RSI exited Overbought Zone (Monthly),15,Indicator Scans,RSI exited Overbought Zone (Monthly),,,False,1,N,,OHLC_M_I_RSI70FBELOW
1790075717,"{'stkname': 'KRN Heat Ex', 'ltp': '', 'perChg': '', 'stkId': 'KHERL', 'displayLock': 'N', 'scanproflg': 1, 'scUrl': 'engineering/krnheatexchangerrefrigeration/KHERL', 'columns': [{'name': 'RSI Indicator value', 'value': '65.92'}, {'name': 'change %', 'value': '-0.04'}, {'name': 'LTP', 'value': '1,416.00'}]}",OHLC_M_I_RSI70FBELOW,RSI exited Overbought Zone (Monthly),RSI exited Overbought Zone (Monthly),15,Indicator Scans,RSI exited Overbought Zone (Monthly),,,False,1,N,,OHLC_M_I_RSI70FBELOW
1790075717,"{'stkname': 'J G Chemicals', 'ltp': '', 'perChg': '', 'stkId': 'CL10', 'displayLock': 'N', 'scanproflg': 1, 'scUrl': 'commodity-chemicals/jgchemicals/CL11', 'columns': [{'name': 'RSI Indicator value', 'value': '68.32'}, {'name': 'change %', 'value': '-0.49'}, {'name': 'LTP', 'value': '615.00'}]}",OHLC_M_I_RSI70FBELOW,RSI exited Overbought Zone (Monthly),RSI exited Overbought Zone (Monthly),15,Indicator Scans,RSI exited Overbought Zone (Monthly),,,False,1,N,,OHLC_M_I_RSI70FBELOW
1790075717,"{'stkname': 'Nitin Spinners', 'ltp': '', 'perChg': '', 'stkId': 'NS12', 'displayLock': 'N', 'scanproflg': 1, 'scUrl': 'textiles-spinning-cotton-blended/nitinspinners/NS12', 'columns': [{'name': 'RSI Indicator value', 'value': '69.20'}, {'name': 'change %', 'value': '-0.13'}, {'name': 'LTP', 'value': '610.00'}]}",OHLC_M_I_RSI70FBELOW,RSI exited Overbought Zone (Monthly),RSI exited Overbought Zone (Monthly),15,Indicator Scans,RSI exited Overbought Zone (Monthly),,,False,1,N,,OHLC_M_I_RSI70FBELOW
1790075717,"{'stkname': 'Creative New', 'ltp': '', 'perChg': '', 'stkId': 'CPD', 'displayLock': 'N', 'scanproflg': 1, 'scUrl': 'miscellaneous/creativenewtech/CPD', 'columns': [{'name': 'RSI Indicator value', 'value': '64.69'}, {'name': 'change %', 'value': '-2.23'}, {'name': 'LTP', 'value': '1,114.00'}]}",OHLC_M_I_RSI70FBELOW,RSI exited Overbought Zone (Monthly),RSI exited Overbought Zone (Monthly),15,Indicator Scans,RSI exited Overbought Zone (Monthly),,,False,1,N,,OHLC_M_I_RSI70FBELOW
1790075717,"{'stkname': 'Premier Polyfil', 'ltp': '', 'perChg': '', 'stkId': 'PP19', 'displayLock': 'N', 'scanproflg': 1, 'scUrl': 'plastics/premierpolyfilm/PP19', 'columns': [{'name': 'RSI Indicator value', 'value': '66.10'}, {'name': 'change %', 'value': '3.00'}, {'name': 'LTP', 'value': '81.68'}]}",OHLC_M_I_RSI70FBELOW,RSI exited Overbought Zone (Monthly),RSI exited Overbought Zone (Monthly),15,Indicator Scans,RSI exited Overbought Zone (Monthly),,,False,1,N,,OHLC_M_I_RSI70FBELOW
1790075717,"{'stkname': 'Suven Life Sci', 'ltp': '', 'perChg': '', 'stkId': 'SP24', 'displayLock': 'N', 'scanproflg': 1, 'scUrl': 'pharmaceuticals/suvenlifesciences/SLS01', 'columns': [{'name': 'RSI Indicator value', 'value': '66.36'}, {'name': 'change %', 'value': '-0.55'}, {'name': 'LTP', 'value': '336.05'}]}",OHLC_M_I_RSI70FBELOW,RSI exited Overbought Zone (Monthly),RSI exited Overbought Zone (Monthly),15,Indicator Scans,RSI exited Overbought Zone (Monthly),,,False,1,N,,OHLC_M_I_RSI70FBELOW
1790075717,"{'stkname': 'Ajanta Pharma', 'ltp': '', 'perChg': '', 'stkId': 'AP22', 'displayLock': 'N', 'scanproflg': 1, 'scUrl': 'pharmaceuticals/ajantapharma/AP22', 'columns': [{'name': 'RSI Indicator value', 'value': '69.81'}, {'name': 'change %', 'value': '-0.33'}, {'name': 'LTP', 'value': '3,530.50'}]}",OHLC_M_I_RSI70FBELOW,RSI exited Overbought Zone (Monthly),RSI exited Overbought Zone (Monthly),15,Indicator Scans,RSI exited Overbought Zone (Monthly),,,False,1,N,,OHLC_M_I_RSI70FBELOW
1790075717,"{'stkname': 'Divgi Torqtrans', 'ltp': '', 'perChg': '', 'stkId': 'DTS', 'displayLock': 'N', 'scanproflg': 1, 'scUrl': 'engineering/divgitorqtransfersystems/DTS', 'columns': [{'name': 'RSI Indicator value', 'value': '69.14'}, {'name': 'change %', 'value': '-0.39'}, {'name': 'LTP', 'value': '1,120.00'}]}",OHLC_M_I_RSI70FBELOW,RSI exited Overbought Zone (Monthly),RSI exited Overbought Zone (Monthly),15,Indicator Scans,RSI exited Overbought Zone (Monthly),,,False,1,N,,OHLC_M_I_RSI70FBELOW
1790075717,"{'stkname': 'Indo Tech Trans', 'ltp': '', 'perChg': '', 'stkId': 'ITT02', 'displayLock': 'N', 'scanproflg': 1, 'scUrl': 'power-transmissionequipment/indotechtransformers/ITT02', 'columns': [{'name': 'RSI Indicator value', 'value': '64.21'}, {'name': 'change %', 'value': '-0.41'}, {'name': 'LTP', 'value': '3,300.00'}]}",OHLC_M_I_RSI70FBELOW,RSI exited Overbought Zone (Monthly),RSI exited Overbought Zone (Monthly),15,Indicator Scans,RSI exited Overbought Zone (Monthly),,,False,1,N,,OHLC_M_I_RSI70FBELOW
1790075717,"{'stkname': 'R R Kabel', 'ltp': '', 'perChg': '', 'stkId': 'K04', 'displayLock': 'N', 'scanproflg': 1, 'scUrl': 'cables/rrkabel/K04', 'columns': [{'name': 'RSI Indicator value', 'value': '63.72'}, {'name': 'change %', 'value': '2.58'}, {'name': 'LTP', 'value': '2,474.00'}]}",OHLC_M_I_RSI70FBELOW,RSI exited Overbought Zone (Monthly),RSI exited Overbought Zone (Monthly),15,Indicator Scans,RSI exited Overbought Zone (Monthly),,,False,1,N,,OHLC_M_I_RSI70FBELOW
1790075717,"{'stkname': 'Minda Corp', 'ltp': '', 'perChg': '', 'stkId': 'MC22', 'displayLock': 'N', 'scanproflg': 1, 'scUrl': 'auto-ancillaries/mindacorporation/MC23', 'columns': [{'name': 'RSI Indicator value', 'value': '66.32'}, {'name': 'change %', 'value': '0.77'}, {'name': 'LTP', 'value': '684.80'}]}",OHLC_M_I_RSI70FBELOW,RSI exited Overbought Zone (Monthly),RSI exited Overbought Zone (Monthly),15,Indicator Scans,RSI exited Overbought Zone (Monthly),,,False,1,N,,OHLC_M_I_RSI70FBELOW
1790075717,"{'stkname': 'Universal Cable', 'ltp': '', 'perChg': '', 'stkId': 'UC', 'displayLock': 'N', 'scanproflg': 1, 'scUrl': 'cables-powerothers/universalcables/UC', 'columns': [{'name': 'RSI Indicator value', 'value': '68.83'}, {'name': 'change %', 'value': '-0.49'}, {'name': 'LTP', 'value': '1,470.20'}]}",OHLC_M_I_RSI70FBELOW,RSI exited Overbought Zone (Monthly),RSI exited Overbought Zone (Monthly),15,Indicator Scans,RSI exited Overbought Zone (Monthly),,,False,1,N,,OHLC_M_I_RSI70FBELOW
1790075717,"{'stkname': 'Pricol', 'ltp': '', 'perChg': '', 'stkId': 'PIC01', 'displayLock': 'N', 'scanproflg': 1, 'scUrl': 'auto-ancillaries/pricol/P9', 'columns': [{'name': 'RSI Indicator value', 'value': '67.52'}, {'name': 'change %', 'value': '1.78'}, {'name': 'LTP', 'value': '769.95'}]}",OHLC_M_I_RSI70FBELOW,RSI exited Overbought Zone (Monthly),RSI exited Overbought Zone (Monthly),15,Indicator Scans,RSI exited Overbought Zone (Monthly),,,False,1,N,,OHLC_M_I_RSI70FBELOW
1790075717,"{'stkname': 'Netweb', 'ltp': '', 'perChg': '', 'stkId': 'NTI03', 'displayLock': 'N', 'scanproflg': 1, 'scUrl': 'computer-peripherals/netwebtechnologiesindia/NTI03', 'columns': [{'name': 'RSI Indicator value', 'value': '65.97'}, {'name': 'change %', 'value': '2.33'}, {'name': 'LTP', 'value': '4,828.00'}]}",OHLC_M_I_RSI70FBELOW,RSI exited Overbought Zone (Monthly),RSI exited Overbought Zone (Monthly),15,Indicator Scans,RSI exited Overbought Zone (Monthly),,,False,1,N,,OHLC_M_I_RSI70FBELOW
1790075717,"{'stkname': 'Oracle Fin Serv', 'ltp': '', 'perChg': '', 'stkId': 'S11', 'displayLock': 'N', 'scanproflg': 1, 'scUrl': 'computers-software/oraclefinancialservicessoftware/OFS01', 'columns': [{'name': 'RSI Indicator value', 'value': '60.99'}, {'name': 'change %', 'value': '0.71'}, {'name': 'LTP', 'value': '10,989.00'}]}",OHLC_M_I_RSI70FBELOW,RSI exited Overbought Zone (Monthly),RSI exited Overbought Zone (Monthly),15,Indicator Scans,RSI exited Overbought Zone (Monthly),,,False,1,N,,OHLC_M_I_RSI70FBELOW
1790075717,"{'stkname': 'FSN E-Co Nykaa', 'ltp': '', 'perChg': '', 'stkId': 'FEV', 'displayLock': 'N', 'scanproflg': 1, 'scUrl': 'miscellaneous/fsne-commerceventuresnykaa/FEV', 'columns': [{'name': 'RSI Indicator value', 'value': '66.82'}, {'name': 'change %', 'value': '-0.73'}, {'name': 'LTP', 'value': '333.55'}]}",OHLC_M_I_RSI70FBELOW,RSI exited Overbought Zone (Monthly),RSI exited Overbought Zone (Monthly),15,Indicator Scans,RSI exited Overbought Zone (Monthly),,,False,1,N,,OHLC_M_I_RSI70FBELOW
1790075717,"{'stkname': 'Bosch', 'ltp': '', 'perChg': '', 'stkId': 'MIC', 'displayLock': 'N', 'scanproflg': 1, 'scUrl': 'auto-ancillaries/bosch/B05', 'columns': [{'name': 'RSI Indicator value', 'value': '68.27'}, {'name': 'change %', 'value': '1.52'}, {'name': 'LTP', 'value': '48,290.00'}]}",OHLC_M_I_RSI70FBELOW,RSI exited Overbought Zone (Monthly),RSI exited Overbought Zone (Monthly),15,Indicator Scans,RSI exited Overbought Zone (Monthly),,,False,1,N,,OHLC_M_I_RSI70FBELOW
1790075717,"{'stkname': 'Karur Vysya', 'ltp': '', 'perChg': '', 'stkId': 'KVB', 'displayLock': 'N', 'scanproflg': 1, 'scUrl': 'banks-private-sector/karurvysyabank/KVB', 'columns': [{'name': 'RSI Indicator value', 'value': '67.37'}, {'name': 'change %', 'value': '-1.46'}, {'name': 'LTP', 'value': '321.40'}]}",OHLC_M_I_RSI70FBELOW,RSI exited Overbought Zone (Monthly),RSI exited Overbought Zone (Monthly),15,Indicator Scans,RSI exited Overbought Zone (Monthly),,,False,1,N,,OHLC_M_I_RSI70FBELOW
1790075717,"{'stkname': 'BHEL', 'ltp': '', 'perChg': '', 'stkId': 'BHE', 'displayLock': 'N', 'scanproflg': 1, 'scUrl': 'infrastructure-general/bharatheavyelectricals/BHE', 'columns': [{'name': 'RSI Indicator value', 'value': '69.75'}, {'name': 'change %', 'value': '-1.75'}, {'name': 'LTP', 'value': '425.80'}]}",OHLC_M_I_RSI70FBELOW,RSI exited Overbought Zone (Monthly),RSI exited Overbought Zone (Monthly),15,Indicator Scans,RSI exited Overbought Zone (Monthly),,,False,1,N,,OHLC_M_I_RSI70FBELOW
1790075717,"{'stkname': 'TVS Motor', 'ltp': '', 'perChg': '', 'stkId': 'TVS', 'displayLock': 'N', 'scanproflg': 1, 'scUrl': 'auto-23-wheelers/tvsmotorcompany/TVS', 'columns': [{'name': 'RSI Indicator value', 'value': '68.62'}, {'name': 'change %', 'value': '-0.36'}, {'name': 'LTP', 'value': '4,140.00'}]}",OHLC_M_I_RSI70FBELOW,RSI exited Overbought Zone (Monthly),RSI exited Overbought Zone (Monthly),15,Indicator Scans,RSI exited Overbought Zone (Monthly),,,False,1,N,,OHLC_M_I_RSI70FBELOW
1790075717,"{'stkname': 'Federal Bank', 'ltp': '', 'perChg': '', 'stkId': 'FB', 'displayLock': 'N', 'scanproflg': 1, 'scUrl': 'banks-private-sector/federalbank/FB', 'columns': [{'name': 'RSI Indicator value', 'value': '67.15'}, {'name': 'change %', 'value': '-1.51'}, {'name': 'LTP', 'value': '327.00'}]}",OHLC_M_I_RSI70FBELOW,RSI exited Overbought Zone (Monthly),RSI exited Overbought Zone (Monthly),15,Indicator Scans,RSI exited Overbought Zone (Monthly),,,False,1,N,,OHLC_M_I_RSI70FBELOW
1790075717,"{'stkname': 'Glenmark', 'ltp': '', 'perChg': '', 'stkId': 'GP08', 'displayLock': 'N', 'scanproflg': 1, 'scUrl': 'pharmaceuticals/glenmarkpharma/GP08', 'columns': [{'name': 'RSI Indicator value', 'value': '69.85'}, {'name': 'change %', 'value': '0.47'}, {'name': 'LTP', 'value': '2,461.40'}]}",OHLC_M_I_RSI70FBELOW,RSI exited Overbought Zone (Monthly),RSI exited Overbought Zone (Monthly),15,Indicator Scans,RSI exited Overbought Zone (Monthly),,,False,1,N,,OHLC_M_I_RSI70FBELOW
1790075717,"{'stkname': 'SBI ETF', 'ltp': '', 'perChg': '', 'stkId': 'SBI28', 'displayLock': 'N', 'scanproflg': 1, 'scUrl': 'etf/sbimutualfund-sbi-etf10yeargilt/SBI29', 'columns': [{'name': 'RSI Indicator value', 'value': '69.51'}, {'name': 'change %', 'value': '0.17'}, {'name': 'LTP', 'value': '262.53'}]}",OHLC_M_I_RSI70FBELOW,RSI exited Overbought Zone (Monthly),RSI exited Overbought Zone (Monthly),15,Indicator Scans,RSI exited Overbought Zone (Monthly),,,False,1,N,,OHLC_M_I_RSI70FBELOW
1790075717,"{'stkname': 'Shriram Finance', 'ltp': '', 'perChg': '', 'stkId': 'STF', 'displayLock': 'N', 'scanproflg': 1, 'scUrl': 'finance-leasinghire-purchase/shriramfinance/STF', 'columns': [{'name': 'RSI Indicator value', 'value': '62.02'}, {'name': 'change %', 'value': '-0.57'}, {'name': 'LTP', 'value': '1,006.00'}]}",OHLC_M_I_RSI70FBELOW,RSI exited Overbought Zone (Monthly),RSI exited Overbought Zone (Monthly),15,Indicator Scans,RSI exited Overbought Zone (Monthly),,,False,1,N,,OHLC_M_I_RSI70FBELOW
1790075717,"{'stkname': 'Tata Gold ETF', 'ltp': '', 'perChg': '', 'stkId': 'TATAG21401', 'displayLock': 'N', 'scanproflg': 1, 'scUrl': 'etf/tatagoldetf/TATAG21401', 'columns': [{'name': 'RSI Indicator value', 'value': '69.84'}, {'name': 'change %', 'value': '-0.20'}, {'name': 'LTP', 'value': '14.73'}]}",OHLC_M_I_RSI70FBELOW,RSI exited Overbought Zone (Monthly),RSI exited Overbought Zone (Monthly),15,Indicator Scans,RSI exited Overbought Zone (Monthly),,,False,1,N,,OHLC_M_I_RSI70FBELOW
1790075717,"{'stkname': 'DSP BSE Next30', 'ltp': '', 'perChg': '', 'stkId': 'NEXT329464', 'displayLock': 'N', 'scanproflg': 1, 'scUrl': 'etf/dspbsesensexnext30etf/NEXT329464', 'columns': [{'name': 'RSI Indicator value', 'value': '67.50'}, {'name': 'change %', 'value': '-0.85'}, {'name': 'LTP', 'value': '41.85'}]}",OHLC_M_I_RSI70FBELOW,RSI exited Overbought Zone (Monthly),RSI exited Overbought Zone (Monthly),15,Indicator Scans,RSI exited Overbought Zone (Monthly),,,False,1,N,,OHLC_M_I_RSI70FBELOW
1790075717,"{'stkname': 'LIC Gold ETF', 'ltp': '', 'perChg': '', 'stkId': 'IDB01', 'displayLock': 'N', 'scanproflg': 1, 'scUrl': 'gold-etf/licmfgoldexchangetradedfund/IDB01', 'columns': [{'name': 'RSI Indicator value', 'value': '67.84'}, {'name': 'change %', 'value': '-0.40'}, {'name': 'LTP', 'value': '135.90'}]}",OHLC_M_I_RSI70FBELOW,RSI exited Overbought Zone (Monthly),RSI exited Overbought Zone (Monthly),15,Indicator Scans,RSI exited Overbought Zone (Monthly),,,False,1,N,,OHLC_M_I_RSI70FBELOW
1790075717,"{'stkname': 'Mo Cap. Mkt.', 'ltp': '', 'perChg': '', 'stkId': 'MOCAP30065', 'displayLock': 'N', 'scanproflg': 1, 'scUrl': 'etf/motilaloswalniftycapitalmarketetf/MOCAP30065', 'columns': [{'name': 'RSI Indicator value', 'value': '68.74'}, {'name': 'change %', 'value': '0.47'}, {'name': 'LTP', 'value': '53.18'}]}",OHLC_M_I_RSI70FBELOW,RSI exited Overbought Zone (Monthly),RSI exited Overbought Zone (Monthly),15,Indicator Scans,RSI exited Overbought Zone (Monthly),,,False,1,N,,OHLC_M_I_RSI70FBELOW
1790075717,"{'stkname': 'AXIS NI IT ETF', 'ltp': '', 'perChg': '', 'stkId': 'ATE04', 'displayLock': 'N', 'scanproflg': 1, 'scUrl': 'etf/axisniftyitetf/ATE04', 'columns': [{'name': 'RSI Indicator value', 'value': '41.73'}, {'name': 'change %', 'value': '-1.09'}, {'name': 'LTP', 'value': '318.00'}]}",OHLC_M_I_RSIBELAVE,RSI Bearish Crossovers (Monthly),RSI Bearish Crossovers (Monthly),15,Indicator Scans,RSI Bearish Crossovers (Monthly),,,False,1,N,,OHLC_M_I_RSIBELAVE
1790075717,"{'stkname': 'HDFC Momentum', 'ltp': '', 'perChg': '', 'stkId': 'HNM', 'displayLock': 'N', 'scanproflg': 1, 'scUrl': 'etf/hdfcnifty200momentum30etf/HNM', 'columns': [{'name': 'RSI Indicator value', 'value': '52.01'}, {'name': 'change %', 'value': '0.33'}, {'name': 'LTP', 'value': '30.74'}]}",OHLC_M_I_RSIBELAVE,RSI Bearish Crossovers (Monthly),RSI Bearish Crossovers (Monthly),15,Indicator Scans,RSI Bearish Crossovers (Monthly),,,False,1,N,,OHLC_M_I_RSIBELAVE
1790075717,"{'stkname': 'LIC Nifty Mid', 'ltp': '', 'perChg': '', 'stkId': 'LICNM22722', 'displayLock': 'N', 'scanproflg': 1, 'scUrl': 'etf/licmfniftymidcap100etf/LICNM22722', 'columns': [{'name': 'RSI Indicator value', 'value': '59.24'}, {'name': 'change %', 'value': '-1.01'}, {'name': 'LTP', 'value': '61.87'}]}",OHLC_M_I_RSIBELAVE,RSI Bearish Crossovers (Monthly),RSI Bearish Crossovers (Monthly),15,Indicator Scans,RSI Bearish Crossovers (Monthly),,,False,1,N,,OHLC_M_I_RSIBELAVE
1790075717,"{'stkname': 'Kotak NiftyMNC', 'ltp': '', 'perChg': '', 'stkId': 'KOTAK10676', 'displayLock': 'N', 'scanproflg': 1, 'scUrl': 'etf/kotakniftymncetf/KOTAK10676', 'columns': [{'name': 'RSI Indicator value', 'value': '57.67'}, {'name': 'change %', 'value': '-0.71'}, {'name': 'LTP', 'value': '32.35'}]}",OHLC_M_I_RSIBELAVE,RSI Bearish Crossovers (Monthly),RSI Bearish Crossovers (Monthly),15,Indicator Scans,RSI Bearish Crossovers (Monthly),,,False,1,N,,OHLC_M_I_RSIBELAVE
1790075717,"{'stkname': 'Nipp Nifty IT', 'ltp': '', 'perChg': '', 'stkId': 'NIE01', 'displayLock': 'N', 'scanproflg': 1, 'scUrl': 'etf/nipponindiaetfniftyit/NIE01', 'columns': [{'name': 'RSI Indicator value', 'value': '41.52'}, {'name': 'change %', 'value': '-1.03'}, {'name': 'LTP', 'value': '31.79'}]}",OHLC_M_I_RSIBELAVE,RSI Bearish Crossovers (Monthly),RSI Bearish Crossovers (Monthly),15,Indicator Scans,RSI Bearish Crossovers (Monthly),,,False,1,N,,OHLC_M_I_RSIBELAVE
1790075717,"{'stkname': 'DSP MidcapQual', 'ltp': '', 'perChg': '', 'stkId': 'DNM', 'displayLock': 'N', 'scanproflg': 1, 'scUrl': 'etf/dspniftymidcap150quality50etf/DNM', 'columns': [{'name': 'RSI Indicator value', 'value': '52.89'}, {'name': 'change %', 'value': '0.12'}, {'name': 'LTP', 'value': '24.42'}]}",OHLC_M_I_RSIBELAVE,RSI Bearish Crossovers (Monthly),RSI Bearish Crossovers (Monthly),15,Indicator Scans,RSI Bearish Crossovers (Monthly),,,False,1,N,,OHLC_M_I_RSIBELAVE
1790075717,"{'stkname': 'Ipru Nifty Alp', 'ltp': '', 'perChg': '', 'stkId': 'IPA01', 'displayLock': 'N', 'scanproflg': 1, 'scUrl': 'etf/iciciprudentialniftyalphalowvolatility30etf/IPA01', 'columns': [{'name': 'RSI Indicator value', 'value': '51.93'}, {'name': 'change %', 'value': '-0.55'}, {'name': 'LTP', 'value': '27.10'}]}",OHLC_M_I_RSIBELAVE,RSI Bearish Crossovers (Monthly),RSI Bearish Crossovers (Monthly),15,Indicator Scans,RSI Bearish Crossovers (Monthly),,,False,1,N,,OHLC_M_I_RSIBELAVE
1790075717,"{'stkname': 'HDFC BSE500', 'ltp': '', 'perChg': '', 'stkId': 'HDFCB14230', 'displayLock': 'N', 'scanproflg': 1, 'scUrl': 'etf/hdfcbse500etf/HDFCB14230', 'columns': [{'name': 'RSI Indicator value', 'value': '55.78'}, {'name': 'change %', 'value': '-0.35'}, {'name': 'LTP', 'value': '36.80'}]}",OHLC_M_I_RSIBELAVE,RSI Bearish Crossovers (Monthly),RSI Bearish Crossovers (Monthly),15,Indicator Scans,RSI Bearish Crossovers (Monthly),,,False,1,N,,OHLC_M_I_RSIBELAVE
1790075717,"{'stkname': 'MA NIFITETF', 'ltp': '', 'perChg': '', 'stkId': 'ITETF19633', 'displayLock': 'N', 'scanproflg': 1, 'scUrl': 'etf/miraeassetniftyitetf/ITETF19633', 'columns': [{'name': 'RSI Indicator value', 'value': '43.51'}, {'name': 'change %', 'value': '-0.72'}, {'name': 'LTP', 'value': '30.37'}]}",OHLC_M_I_RSIBELAVE,RSI Bearish Crossovers (Monthly),RSI Bearish Crossovers (Monthly),15,Indicator Scans,RSI Bearish Crossovers (Monthly),,,False,1,N,,OHLC_M_I_RSIBELAVE
1790075717,"{'stkname': 'HDFC Nifty Qua', 'ltp': '', 'perChg': '', 'stkId': 'HN1', 'displayLock': 'N', 'scanproflg': 1, 'scUrl': 'etf/hdfcnifty100quality30etf/HN1', 'columns': [{'name': 'RSI Indicator value', 'value': '52.56'}, {'name': 'change %', 'value': '-0.47'}, {'name': 'LTP', 'value': '56.99'}]}",OHLC_M_I_RSIBELAVE,RSI Bearish Crossovers (Monthly),RSI Bearish Crossovers (Monthly),15,Indicator Scans,RSI Bearish Crossovers (Monthly),,,False,1,N,,OHLC_M_I_RSIBELAVE
1790075717,"{'stkname': 'Adani Energy', 'ltp': '', 'perChg': '', 'stkId': 'AT18', 'displayLock': 'N', 'scanproflg': 1, 'scUrl': 'power-transmissionequipment/adanienergysolutions/AT22', 'columns': [{'name': 'RSI Indicator value', 'value': '57.44'}, {'name': 'change %', 'value': '-1.14'}, {'name': 'LTP', 'value': '1,381.70'}]}",OHLC_M_I_RSIBELAVE,RSI Bearish Crossovers (Monthly),RSI Bearish Crossovers (Monthly),15,Indicator Scans,RSI Bearish Crossovers (Monthly),,,False,1,N,,OHLC_M_I_RSIBELAVE
1790075717,"{'stkname': 'Mirae Nifty8-13', 'ltp': '', 'perChg': '', 'stkId': 'MAGS814938', 'displayLock': 'N', 'scanproflg': 1, 'scUrl': 'etf/miraeassetnifty8-13yrg-secetf/MAGS814938', 'columns': [{'name': 'RSI Indicator value', 'value': '68.86'}, {'name': 'change %', 'value': '0.03'}, {'name': 'LTP', 'value': '30.12'}]}",OHLC_M_I_RSIBELAVE,RSI Bearish Crossovers (Monthly),RSI Bearish Crossovers (Monthly),15,Indicator Scans,RSI Bearish Crossovers (Monthly),,,False,1,N,,OHLC_M_I_RSIBELAVE
1790075717,"{'stkname': 'KOTAKCONS', 'ltp': '', 'perChg': '', 'stkId': 'KOTAK10512', 'displayLock': 'N', 'scanproflg': 1, 'scUrl': 'miscellaneous/kotakcons/KOTAK10512', 'columns': [{'name': 'RSI Indicator value', 'value': '52.97'}, {'name': 'change %', 'value': '-0.50'}, {'name': 'LTP', 'value': '11.85'}]}",OHLC_M_I_RSIBELAVE,RSI Bearish Crossovers (Monthly),RSI Bearish Crossovers (Monthly),15,Indicator Scans,RSI Bearish Crossovers (Monthly),,,False,1,N,,OHLC_M_I_RSIBELAVE
1790075717,"{'stkname': 'Nipp NiftyAuto', 'ltp': '', 'perChg': '', 'stkId': 'NIN01', 'displayLock': 'N', 'scanproflg': 1, 'scUrl': 'etf/nipponindianiftyautoetf/NIN01', 'columns': [{'name': 'RSI Indicator value', 'value': '57.81'}, {'name': 'change %', 'value': '-0.44'}, {'name': 'LTP', 'value': '280.00'}]}",OHLC_M_I_RSIBELAVE,RSI Bearish Crossovers (Monthly),RSI Bearish Crossovers (Monthly),15,Indicator Scans,RSI Bearish Crossovers (Monthly),,,False,1,N,,OHLC_M_I_RSIBELAVE
1790075717,"{'stkname': 'Ipru NiftyAuto', 'ltp': '', 'perChg': '', 'stkId': 'IPN', 'displayLock': 'N', 'scanproflg': 1, 'scUrl': 'etf/iciciprudentialniftyautoetf/IPN', 'columns': [{'name': 'RSI Indicator value', 'value': '58.19'}, {'name': 'change %', 'value': '-0.32'}, {'name': 'LTP', 'value': '28.15'}]}",OHLC_M_I_RSIBELAVE,RSI Bearish Crossovers (Monthly),RSI Bearish Crossovers (Monthly),15,Indicator Scans,RSI Bearish Crossovers (Monthly),,,False,1,N,,OHLC_M_I_RSIBELAVE
1790075717,"{'stkname': 'ABGSEC', 'ltp': '', 'perChg': '', 'stkId': 'ABGSE24404', 'displayLock': 'N', 'scanproflg': 1, 'scUrl': 'miscellaneous/abgsec/ABGSE24404', 'columns': [{'name': 'RSI Indicator value', 'value': '75.57'}, {'name': 'change %', 'value': '0.12'}, {'name': 'LTP', 'value': '114.15'}]}",OHLC_M_I_RSIBELAVE,RSI Bearish Crossovers (Monthly),RSI Bearish Crossovers (Monthly),15,Indicator Scans,RSI Bearish Crossovers (Monthly),,,False,1,N,,OHLC_M_I_RSIBELAVE
1790075717,"{'stkname': 'Grasim', 'ltp': '', 'perChg': '', 'stkId': 'GI01', 'displayLock': 'N', 'scanproflg': 1, 'scUrl': 'diversified/grasimindustries/GI01', 'columns': [{'name': 'RSI Indicator value', 'value': '60.12'}, {'name': 'change %', 'value': '-1.19'}, {'name': 'LTP', 'value': '3,128.20'}]}",OHLC_M_I_RSIBELAVE,RSI Bearish Crossovers (Monthly),RSI Bearish Crossovers (Monthly),15,Indicator Scans,RSI Bearish Crossovers (Monthly),,,False,1,N,,OHLC_M_I_RSIBELAVE
1790075717,"{'stkname': 'UTI NIF5GETF', 'ltp': '', 'perChg': '', 'stkId': 'NIF5G22521', 'displayLock': 'N', 'scanproflg': 1, 'scUrl': 'etf/utinifty5yrbenchmarkg-secetf/NIF5G22521', 'columns': [{'name': 'RSI Indicator value', 'value': '77.93'}, {'name': 'change %', 'value': '0.20'}, {'name': 'LTP', 'value': '66.59'}]}",OHLC_M_I_RSIBELAVE,RSI Bearish Crossovers (Monthly),RSI Bearish Crossovers (Monthly),15,Indicator Scans,RSI Bearish Crossovers (Monthly),,,False,1,N,,OHLC_M_I_RSIBELAVE
1790075717,"{'stkname': 'Ipru BSE 500', 'ltp': '', 'perChg': '', 'stkId': 'ICICI3001', 'displayLock': 'N', 'scanproflg': 1, 'scUrl': 'etf/iciciprudentialbse500etf/ICICI3001', 'columns': [{'name': 'RSI Indicator value', 'value': '54.46'}, {'name': 'change %', 'value': '-0.18'}, {'name': 'LTP', 'value': '38.71'}]}",OHLC_M_I_RSIBELAVE,RSI Bearish Crossovers (Monthly),RSI Bearish Crossovers (Monthly),15,Indicator Scans,RSI Bearish Crossovers (Monthly),,,False,1,N,,OHLC_M_I_RSIBELAVE
1790075717,"{'stkname': 'Axis NiftyCons', 'ltp': '', 'perChg': '', 'stkId': 'ACE02', 'displayLock': 'N', 'scanproflg': 1, 'scUrl': 'etf/axisniftyindiaconsumptionetf/ACE02', 'columns': [{'name': 'RSI Indicator value', 'value': '53.20'}, {'name': 'change %', 'value': '-0.45'}, {'name': 'LTP', 'value': '118.47'}]}",OHLC_M_I_RSIBELAVE,RSI Bearish Crossovers (Monthly),RSI Bearish Crossovers (Monthly),15,Indicator Scans,RSI Bearish Crossovers (Monthly),,,False,1,N,,OHLC_M_I_RSIBELAVE
1790075717,"{'stkname': 'NIPP Nifty Ind', 'ltp': '', 'perChg': '', 'stkId': 'RMF03', 'displayLock': 'N', 'scanproflg': 1, 'scUrl': 'etf/nipponindiaetfniftyindiaconsumption/RMF04', 'columns': [{'name': 'RSI Indicator value', 'value': '52.84'}, {'name': 'change %', 'value': '-0.77'}, {'name': 'LTP', 'value': '127.51'}]}",OHLC_M_I_RSIBELAVE,RSI Bearish Crossovers (Monthly),RSI Bearish Crossovers (Monthly),15,Indicator Scans,RSI Bearish Crossovers (Monthly),,,False,1,N,,OHLC_M_I_RSIBELAVE
1790075717,"{'stkname': 'Ipru Nifty Con', 'ltp': '', 'perChg': '', 'stkId': 'IPC03', 'displayLock': 'N', 'scanproflg': 1, 'scUrl': 'etf/iciciprudentialniftyconsumptionetf/IPC03', 'columns': [{'name': 'RSI Indicator value', 'value': '53.75'}, {'name': 'change %', 'value': '0.23'}, {'name': 'LTP', 'value': '119.83'}]}",OHLC_M_I_RSIBELAVE,RSI Bearish Crossovers (Monthly),RSI Bearish Crossovers (Monthly),15,Indicator Scans,RSI Bearish Crossovers (Monthly),,,False,1,N,,OHLC_M_I_RSIBELAVE
1790075717,"{'stkname': 'Radaan Media', 'ltp': '', 'perChg': '', 'stkId': 'RMW', 'displayLock': 'N', 'scanproflg': 1, 'scUrl': 'mediaentertainment/radaanmediaworksindia/RMW', 'columns': [{'name': 'RSI Indicator value', 'value': '46.90'}, {'name': 'change %', 'value': '0.00'}, {'name': 'LTP', 'value': '2.82'}]}",OHLC_M_I_RSIBELAVE,RSI Bearish Crossovers (Monthly),RSI Bearish Crossovers (Monthly),15,Indicator Scans,RSI Bearish Crossovers (Monthly),,,False,1,N,,OHLC_M_I_RSIBELAVE
1790075717,"{'stkname': 'Tips Films', 'ltp': '', 'perChg': '', 'stkId': 'TF15', 'displayLock': 'N', 'scanproflg': 1, 'scUrl': 'film-production-distributionentertainment/tipsfilms/TF14', 'columns': [{'name': 'RSI Indicator value', 'value': '41.11'}, {'name': 'change %', 'value': '-1.79'}, {'name': 'LTP', 'value': '314.95'}]}",OHLC_M_I_RSIBELAVE,RSI Bearish Crossovers (Monthly),RSI Bearish Crossovers (Monthly),15,Indicator Scans,RSI Bearish Crossovers (Monthly),,,False,1,N,,OHLC_M_I_RSIBELAVE
1790075717,"{'stkname': 'Next Mediaworks', 'ltp': '', 'perChg': '', 'stkId': 'MDM01', 'displayLock': 'N', 'scanproflg': 1, 'scUrl': 'mediaentertainment/nextmediaworks/MDM01', 'columns': [{'name': 'RSI Indicator value', 'value': '40.11'}, {'name': 'change %', 'value': '-2.09'}, {'name': 'LTP', 'value': '3.74'}]}",OHLC_M_I_RSIBELAVE,RSI Bearish Crossovers (Monthly),RSI Bearish Crossovers (Monthly),15,Indicator Scans,RSI Bearish Crossovers (Monthly),,,False,1,N,,OHLC_M_I_RSIBELAVE
1790075717,"{'stkname': 'Ravindra Energy', 'ltp': '', 'perChg': '', 'stkId': 'RTA', 'displayLock': 'N', 'scanproflg': 1, 'scUrl': 'finance-investments/ravindraenergy/RTA', 'columns': [{'name': 'RSI Indicator value', 'value': '56.62'}, {'name': 'change %', 'value': '4.41'}, {'name': 'LTP', 'value': '150.28'}]}",OHLC_M_I_RSIBELAVE,RSI Bearish Crossovers (Monthly),RSI Bearish Crossovers (Monthly),15,Indicator Scans,RSI Bearish Crossovers (Monthly),,,False,1,N,,OHLC_M_I_RSIBELAVE
1790075717,"{'stkname': 'BALMLAWRIE', 'ltp': '', 'perChg': '', 'stkId': 'BLC', 'displayLock': 'N', 'scanproflg': 1, 'scUrl': 'diversified/balmerlawrieco/BLC', 'columns': [{'name': 'RSI Indicator value', 'value': '43.87'}, {'name': 'change %', 'value': '1.08'}, {'name': 'LTP', 'value': '167.80'}]}",OHLC_M_I_RSIBELAVE,RSI Bearish Crossovers (Monthly),RSI Bearish Crossovers (Monthly),15,Indicator Scans,RSI Bearish Crossovers (Monthly),,,False,1,N,,OHLC_M_I_RSIBELAVE
1790075717,"{'stkname': 'Veedol Corp', 'ltp': '', 'perChg': '', 'stkId': 'TWO', 'displayLock': 'N', 'scanproflg': 1, 'scUrl': 'oil-explorationproduction/veedolcorporation/TWO', 'columns': [{'name': 'RSI Indicator value', 'value': '43.38'}, {'name': 'change %', 'value': '0.97'}, {'name': 'LTP', 'value': '1,370.10'}]}",OHLC_M_I_RSIBELAVE,RSI Bearish Crossovers (Monthly),RSI Bearish Crossovers (Monthly),15,Indicator Scans,RSI Bearish Crossovers (Monthly),,,False,1,N,,OHLC_M_I_RSIBELAVE
1790075717,"{'stkname': 'CARE Ratings', 'ltp': '', 'perChg': '', 'stkId': 'CAR', 'displayLock': 'N', 'scanproflg': 1, 'scUrl': 'miscellaneous/careratings/CAR', 'columns': [{'name': 'RSI Indicator value', 'value': '56.68'}, {'name': 'change %', 'value': '-0.47'}, {'name': 'LTP', 'value': '1,620.00'}]}",OHLC_M_I_RSIBELAVE,RSI Bearish Crossovers (Monthly),RSI Bearish Crossovers (Monthly),15,Indicator Scans,RSI Bearish Crossovers (Monthly),,,False,1,N,,OHLC_M_I_RSIBELAVE
1790075717,"{'stkname': 'Gopal Snacks', 'ltp': '', 'perChg': '', 'stkId': 'GSL10', 'displayLock': 'N', 'scanproflg': 1, 'scUrl': 'consumer-food/gopalsnacks/GSL10', 'columns': [{'name': 'RSI Indicator value', 'value': '40.35'}, {'name': 'change %', 'value': '0.37'}, {'name': 'LTP', 'value': '258.00'}]}",OHLC_M_I_RSIBELAVE,RSI Bearish Crossovers (Monthly),RSI Bearish Crossovers (Monthly),15,Indicator Scans,RSI Bearish Crossovers (Monthly),,,False,1,N,,OHLC_M_I_RSIBELAVE
1790075717,"{'stkname': 'Platinum Ind', 'ltp': '', 'perChg': '', 'stkId': 'PIL08', 'displayLock': 'N', 'scanproflg': 1, 'scUrl': 'plastic-products/platinumindustries/PIL09', 'columns': [{'name': 'RSI Indicator value', 'value': '49.68'}, {'name': 'change %', 'value': '2.95'}, {'name': 'LTP', 'value': '217.30'}]}",OHLC_M_I_RSIBELAVE,RSI Bearish Crossovers (Monthly),RSI Bearish Crossovers (Monthly),15,Indicator Scans,RSI Bearish Crossovers (Monthly),,,False,1,N,,OHLC_M_I_RSIBELAVE
1790075717,"{'stkname': 'Muthoot Micro', 'ltp': '', 'perChg': '', 'stkId': 'MML07', 'displayLock': 'N', 'scanproflg': 1, 'scUrl': 'finance-others/muthootmicrofin/MML06', 'columns': [{'name': 'RSI Indicator value', 'value': '48.40'}, {'name': 'change %', 'value': '-0.50'}, {'name': 'LTP', 'value': '187.80'}]}",OHLC_M_I_RSIBELAVE,RSI Bearish Crossovers (Monthly),RSI Bearish Crossovers (Monthly),15,Indicator Scans,RSI Bearish Crossovers (Monthly),,,False,1,N,,OHLC_M_I_RSIBELAVE
1790075717,"{'stkname': 'Swaraj Suiting', 'ltp': '', 'perChg': '', 'stkId': 'SS56', 'displayLock': 'N', 'scanproflg': 1, 'scUrl': 'textiles/swarajsuiting/SS06', 'columns': [{'name': 'RSI Indicator value', 'value': '54.96'}, {'name': 'change %', 'value': '1.15'}, {'name': 'LTP', 'value': '290.00'}]}",OHLC_M_I_RSIBELAVE,RSI Bearish Crossovers (Monthly),RSI Bearish Crossovers (Monthly),15,Indicator Scans,RSI Bearish Crossovers (Monthly),,,False,1,N,,OHLC_M_I_RSIBELAVE
1790075717,"{'stkname': 'Avantel', 'ltp': '', 'perChg': '', 'stkId': 'AS22', 'displayLock': 'N', 'scanproflg': 1, 'scUrl': 'computers-software-mediumsmall/avantel/A19', 'columns': [{'name': 'RSI Indicator value', 'value': '43.23'}, {'name': 'change %', 'value': '1.99'}, {'name': 'LTP', 'value': '147.89'}]}",OHLC_M_I_RSIBELAVE,RSI Bearish Crossovers (Monthly),RSI Bearish Crossovers (Monthly),15,Indicator Scans,RSI Bearish Crossovers (Monthly),,,False,1,N,,OHLC_M_I_RSIBELAVE
1790075717,"{'stkname': 'Sula Vineyards', 'ltp': '', 'perChg': '', 'stkId': 'SV05', 'displayLock': 'N', 'scanproflg': 1, 'scUrl': 'breweriesdistilleries/sulavineyards/SV01', 'columns': [{'name': 'RSI Indicator value', 'value': '32.27'}, {'name': 'change %', 'value': '0.00'}, {'name': 'LTP', 'value': '134.46'}]}",OHLC_M_I_RSIBELAVE,RSI Bearish Crossovers (Monthly),RSI Bearish Crossovers (Monthly),15,Indicator Scans,RSI Bearish Crossovers (Monthly),,,False,1,N,,OHLC_M_I_RSIBELAVE
1790075717,"{'stkname': 'Annapurna Swa', 'ltp': '', 'perChg': '', 'stkId': 'AS32', 'displayLock': 'N', 'scanproflg': 1, 'scUrl': 'consumer-food/annapurnaswadisht/AS28', 'columns': [{'name': 'RSI Indicator value', 'value': '34.38'}, {'name': 'change %', 'value': '0.38'}, {'name': 'LTP', 'value': '131.06'}]}",OHLC_M_I_RSIBELAVE,RSI Bearish Crossovers (Monthly),RSI Bearish Crossovers (Monthly),15,Indicator Scans,RSI Bearish Crossovers (Monthly),,,False,1,N,,OHLC_M_I_RSIBELAVE
1790075717,"{'stkname': 'Premier Energie', 'ltp': '', 'perChg': '', 'stkId': 'PEL07', 'displayLock': 'N', 'scanproflg': 1, 'scUrl': 'electric-equipment/premierenergies/PEL06', 'columns': [{'name': 'RSI Indicator value', 'value': '45.46'}, {'name': 'change %', 'value': '-1.38'}, {'name': 'LTP', 'value': '907.20'}]}",OHLC_M_I_RSIBELAVE,RSI Bearish Crossovers (Monthly),RSI Bearish Crossovers (Monthly),15,Indicator Scans,RSI Bearish Crossovers (Monthly),,,False,1,N,,OHLC_M_I_RSIBELAVE
1790075717,"{'stkname': 'Transformers', 'ltp': '', 'perChg': '', 'stkId': 'TRI', 'displayLock': 'N', 'scanproflg': 1, 'scUrl': 'power-transmissionequipment/transformersrectifiersindia/TRI', 'columns': [{'name': 'RSI Indicator value', 'value': '45.88'}, {'name': 'change %', 'value': '0.81'}, {'name': 'LTP', 'value': '280.50'}]}",OHLC_M_I_RSIBELAVE,RSI Bearish Crossovers (Monthly),RSI Bearish Crossovers (Monthly),15,Indicator Scans,RSI Bearish Crossovers (Monthly),,,False,1,N,,OHLC_M_I_RSIBELAVE
1790075717,"{'stkname': 'Sakuma Exports', 'ltp': '', 'perChg': '', 'stkId': 'SE18', 'displayLock': 'N', 'scanproflg': 1, 'scUrl': 'trading/sakumaexports/SAKUM53271', 'columns': [{'name': 'RSI Indicator value', 'value': '38.80'}, {'name': 'change %', 'value': '0.00'}, {'name': 'LTP', 'value': '1.53'}]}",OHLC_M_I_RSIBELAVE,RSI Bearish Crossovers (Monthly),RSI Bearish Crossovers (Monthly),15,Indicator Scans,RSI Bearish Crossovers (Monthly),,,False,1,N,,OHLC_M_I_RSIBELAVE
1790075717,"{'stkname': 'Globus Spirits', 'ltp': '', 'perChg': '', 'stkId': 'GS15', 'displayLock': 'N', 'scanproflg': 1, 'scUrl': 'breweriesdistilleries/globusspirits/GS', 'columns': [{'name': 'RSI Indicator value', 'value': '44.70'}, {'name': 'change %', 'value': '-1.30'}, {'name': 'LTP', 'value': '820.00'}]}",OHLC_M_I_RSIBELAVE,RSI Bearish Crossovers (Monthly),RSI Bearish Crossovers (Monthly),15,Indicator Scans,RSI Bearish Crossovers (Monthly),,,False,1,N,,OHLC_M_I_RSIBELAVE
1790075717,"{'stkname': 'Siyaram Silk', 'ltp': '', 'perChg': '', 'stkId': 'SSM05', 'displayLock': 'N', 'scanproflg': 1, 'scUrl': 'textiles-weaving/siyaramsilkmills/SSM05', 'columns': [{'name': 'RSI Indicator value', 'value': '46.26'}, {'name': 'change %', 'value': '0.40'}, {'name': 'LTP', 'value': '532.10'}]}",OHLC_M_I_RSIBELAVE,RSI Bearish Crossovers (Monthly),RSI Bearish Crossovers (Monthly),15,Indicator Scans,RSI Bearish Crossovers (Monthly),,,False,1,N,,OHLC_M_I_RSIBELAVE
1790075717,"{'stkname': 'Apollo Tyres', 'ltp': '', 'perChg': '', 'stkId': 'AT', 'displayLock': 'N', 'scanproflg': 1, 'scUrl': 'tyres/apollotyres/AT14', 'columns': [{'name': 'RSI Indicator value', 'value': '44.03'}, {'name': 'change %', 'value': '-1.51'}, {'name': 'LTP', 'value': '403.10'}]}",OHLC_M_I_RSIBELAVE,RSI Bearish Crossovers (Monthly),RSI Bearish Crossovers (Monthly),15,Indicator Scans,RSI Bearish Crossovers (Monthly),,,False,1,N,,OHLC_M_I_RSIBELAVE
1790075717,"{'stkname': 'Zodiac Clothing', 'ltp': '', 'perChg': '', 'stkId': 'ZCC', 'displayLock': 'N', 'scanproflg': 1, 'scUrl': 'textiles-readymade-apparels/zodiacclothingcompany/ZCC', 'columns': [{'name': 'RSI Indicator value', 'value': '39.25'}, {'name': 'change %', 'value': '0.70'}, {'name': 'LTP', 'value': '70.00'}]}",OHLC_M_I_RSIBELAVE,RSI Bearish Crossovers (Monthly),RSI Bearish Crossovers (Monthly),15,Indicator Scans,RSI Bearish Crossovers (Monthly),,,False,1,N,,OHLC_M_I_RSIBELAVE
1790075717,"{'stkname': 'Shipping Corp', 'ltp': '', 'perChg': '', 'stkId': 'SCI', 'displayLock': 'N', 'scanproflg': 1, 'scUrl': 'shipping/shippingcorporationindia/SCI', 'columns': [{'name': 'RSI Indicator value', 'value': '57.85'}, {'name': 'change %', 'value': '0.05'}, {'name': 'LTP', 'value': '280.70'}]}",OHLC_M_I_RSIBELAVE,RSI Bearish Crossovers (Monthly),RSI Bearish Crossovers (Monthly),15,Indicator Scans,RSI Bearish Crossovers (Monthly),,,False,1,N,,OHLC_M_I_RSIBELAVE
1790075717,"{'stkname': 'BOMDYEING', 'ltp': '', 'perChg': '', 'stkId': 'BDM', 'displayLock': 'N', 'scanproflg': 1, 'scUrl': 'textilesapparel/thebombaydyeingco/BDM', 'columns': [{'name': 'RSI Indicator value', 'value': '41.28'}, {'name': 'change %', 'value': '-0.25'}, {'name': 'LTP', 'value': '109.75'}]}",OHLC_M_I_RSIBELAVE,RSI Bearish Crossovers (Monthly),RSI Bearish Crossovers (Monthly),15,Indicator Scans,RSI Bearish Crossovers (Monthly),,,False,1,N,,OHLC_M_I_RSIBELAVE
1790075717,"{'stkname': 'Gokaldas Export', 'ltp': '', 'perChg': '', 'stkId': 'GE05', 'displayLock': 'N', 'scanproflg': 1, 'scUrl': 'textiles-readymade-apparels/gokaldasexports/GE05', 'columns': [{'name': 'RSI Indicator value', 'value': '47.49'}, {'name': 'change %', 'value': '0.30'}, {'name': 'LTP', 'value': '696.80'}]}",OHLC_M_I_RSIBELAVE,RSI Bearish Crossovers (Monthly),RSI Bearish Crossovers (Monthly),15,Indicator Scans,RSI Bearish Crossovers (Monthly),,,False,1,N,,OHLC_M_I_RSIBELAVE
1790075717,"{'stkname': 'Banswara Syntex', 'ltp': '', 'perChg': '', 'stkId': 'BS01', 'displayLock': 'N', 'scanproflg': 1, 'scUrl': 'textiles-spinning-synthetic-blended/banswarasyntex/BS01', 'columns': [{'name': 'RSI Indicator value', 'value': '45.78'}, {'name': 'change %', 'value': '0.19'}, {'name': 'LTP', 'value': '113.28'}]}",OHLC_M_I_RSIBELAVE,RSI Bearish Crossovers (Monthly),RSI Bearish Crossovers (Monthly),15,Indicator Scans,RSI Bearish Crossovers (Monthly),,,False,1,N,,OHLC_M_I_RSIBELAVE
1790075717,"{'stkname': 'Aditya Birla Re', 'ltp': '', 'perChg': '', 'stkId': 'CTI', 'displayLock': 'N', 'scanproflg': 1, 'scUrl': 'construction-real-estate/adityabirlarealestate/CTI', 'columns': [{'name': 'RSI Indicator value', 'value': '41.25'}, {'name': 'change %', 'value': '-3.08'}, {'name': 'LTP', 'value': '1,199.00'}]}",OHLC_M_I_RSIBELAVE,RSI Bearish Crossovers (Monthly),RSI Bearish Crossovers (Monthly),15,Indicator Scans,RSI Bearish Crossovers (Monthly),,,False,1,N,,OHLC_M_I_RSIBELAVE
1790075717,"{'stkname': 'Triveni Engg', 'ltp': '', 'perChg': '', 'stkId': 'TE10', 'displayLock': 'N', 'scanproflg': 1, 'scUrl': 'sugar/triveniengineeringindustries/TE10', 'columns': [{'name': 'RSI Indicator value', 'value': '50.71'}, {'name': 'change %', 'value': '0.15'}, {'name': 'LTP', 'value': '239.10'}]}",OHLC_M_I_RSIBELAVE,RSI Bearish Crossovers (Monthly),RSI Bearish Crossovers (Monthly),15,Indicator Scans,RSI Bearish Crossovers (Monthly),,,False,1,N,,OHLC_M_I_RSIBELAVE
1790075717,"{'stkname': 'GTL Infra', 'ltp': '', 'perChg': '', 'stkId': 'GTL01', 'displayLock': 'N', 'scanproflg': 1, 'scUrl': 'telecommunications-equipment/gtlinfrastructure/GTL02', 'columns': [{'name': 'RSI Indicator value', 'value': '43.21'}, {'name': 'change %', 'value': '0.00'}, {'name': 'LTP', 'value': '1.13'}]}",OHLC_M_I_RSIBELAVE,RSI Bearish Crossovers (Monthly),RSI Bearish Crossovers (Monthly),15,Indicator Scans,RSI Bearish Crossovers (Monthly),,,False,1,N,,OHLC_M_I_RSIBELAVE
1790075717,"{'stkname': 'Bannariamman', 'ltp': '', 'perChg': '', 'stkId': 'BS07', 'displayLock': 'N', 'scanproflg': 1, 'scUrl': 'sugar/bannariammansugars/BS07', 'columns': [{'name': 'RSI Indicator value', 'value': '46.94'}, {'name': 'change %', 'value': '0.83'}, {'name': 'LTP', 'value': '3,332.90'}]}",OHLC_M_I_RSIBELAVE,RSI Bearish Crossovers (Monthly),RSI Bearish Crossovers (Monthly),15,Indicator Scans,RSI Bearish Crossovers (Monthly),,,False,1,N,,OHLC_M_I_RSIBELAVE
1790075717,"{'stkname': 'P&G Health', 'ltp': '', 'perChg': '', 'stkId': 'EMI', 'displayLock': 'N', 'scanproflg': 1, 'scUrl': 'pharmaceuticalsdrugs/proctergamblehealth/M12', 'columns': [{'name': 'RSI Indicator value', 'value': '48.74'}, {'name': 'change %', 'value': '-0.46'}, {'name': 'LTP', 'value': '5,478.00'}]}",OHLC_M_I_RSIBELAVE,RSI Bearish Crossovers (Monthly),RSI Bearish Crossovers (Monthly),15,Indicator Scans,RSI Bearish Crossovers (Monthly),,,False,1,N,,OHLC_M_I_RSIBELAVE
1790075717,"{'stkname': 'Biocon', 'ltp': '', 'perChg': '', 'stkId': 'BL03', 'displayLock': 'N', 'scanproflg': 1, 'scUrl': 'pharmaceuticals/biocon/BL03', 'columns': [{'name': 'RSI Indicator value', 'value': '53.72'}, {'name': 'change %', 'value': '-1.27'}, {'name': 'LTP', 'value': '390.00'}]}",OHLC_M_I_RSIBELAVE,RSI Bearish Crossovers (Monthly),RSI Bearish Crossovers (Monthly),15,Indicator Scans,RSI Bearish Crossovers (Monthly),,,False,1,N,,OHLC_M_I_RSIBELAVE
1790075717,"{'stkname': 'Pil Italica', 'ltp': '', 'perChg': '', 'stkId': 'PI08', 'displayLock': 'N', 'scanproflg': 1, 'scUrl': 'plastics/pilitalicalifestyle/PI08', 'columns': [{'name': 'RSI Indicator value', 'value': '38.78'}, {'name': 'change %', 'value': '0.68'}, {'name': 'LTP', 'value': '7.35'}]}",OHLC_M_I_RSIBELAVE,RSI Bearish Crossovers (Monthly),RSI Bearish Crossovers (Monthly),15,Indicator Scans,RSI Bearish Crossovers (Monthly),,,False,1,N,,OHLC_M_I_RSIBELAVE
1790075717,"{'stkname': 'Venus Remedies', 'ltp': '', 'perChg': '', 'stkId': 'VR01', 'displayLock': 'N', 'scanproflg': 1, 'scUrl': 'pharmaceuticals/venusremedies/VR01', 'columns': [{'name': 'RSI Indicator value', 'value': '73.36'}, {'name': 'change %', 'value': '0.36'}, {'name': 'LTP', 'value': '1,598.90'}]}",OHLC_M_I_RSIBELAVE,RSI Bearish Crossovers (Monthly),RSI Bearish Crossovers (Monthly),15,Indicator Scans,RSI Bearish Crossovers (Monthly),,,False,1,N,,OHLC_M_I_RSIBELAVE
1790075717,"{'stkname': 'TPL Plastech', 'ltp': '', 'perChg': '', 'stkId': 'TP', 'displayLock': 'N', 'scanproflg': 1, 'scUrl': 'plastics/tplplastech/TPL02', 'columns': [{'name': 'RSI Indicator value', 'value': '46.41'}, {'name': 'change %', 'value': '0.97'}, {'name': 'LTP', 'value': '65.66'}]}",OHLC_M_I_RSIBELAVE,RSI Bearish Crossovers (Monthly),RSI Bearish Crossovers (Monthly),15,Indicator Scans,RSI Bearish Crossovers (Monthly),,,False,1,N,,OHLC_M_I_RSIBELAVE
1790075717,"{'stkname': 'Kansai Nerolac', 'ltp': '', 'perChg': '', 'stkId': 'GNP', 'displayLock': 'N', 'scanproflg': 1, 'scUrl': 'paintsvarnishes/kansainerolacpaints/KNP', 'columns': [{'name': 'RSI Indicator value', 'value': '35.03'}, {'name': 'change %', 'value': '-1.03'}, {'name': 'LTP', 'value': '180.40'}]}",OHLC_M_I_RSIBELAVE,RSI Bearish Crossovers (Monthly),RSI Bearish Crossovers (Monthly),15,Indicator Scans,RSI Bearish Crossovers (Monthly),,,False,1,N,,OHLC_M_I_RSIBELAVE
1790075717,"{'stkname': 'Berger Paints', 'ltp': '', 'perChg': '', 'stkId': 'BPI02', 'displayLock': 'N', 'scanproflg': 1, 'scUrl': 'paintsvarnishes/bergerpaintsindia/BPI02', 'columns': [{'name': 'RSI Indicator value', 'value': '42.57'}, {'name': 'change %', 'value': '0.32'}, {'name': 'LTP', 'value': '452.05'}]}",OHLC_M_I_RSIBELAVE,RSI Bearish Crossovers (Monthly),RSI Bearish Crossovers (Monthly),15,Indicator Scans,RSI Bearish Crossovers (Monthly),,,False,1,N,,OHLC_M_I_RSIBELAVE
1790075717,"{'stkname': 'KAMOPAINTS', 'ltp': '', 'perChg': '', 'stkId': 'KV04', 'displayLock': 'N', 'scanproflg': 1, 'scUrl': 'paints/kamdhenuventures/KV04', 'columns': [{'name': 'RSI Indicator value', 'value': '37.24'}, {'name': 'change %', 'value': '-1.38'}, {'name': 'LTP', 'value': '4.28'}]}",OHLC_M_I_RSIBELAVE,RSI Bearish Crossovers (Monthly),RSI Bearish Crossovers (Monthly),15,Indicator Scans,RSI Bearish Crossovers (Monthly),,,False,1,N,,OHLC_M_I_RSIBELAVE
1790075717,"{'stkname': 'Mahanagar Gas', 'ltp': '', 'perChg': '', 'stkId': 'MG02', 'displayLock': 'N', 'scanproflg': 1, 'scUrl': 'refineries/mahanagargas/MG02', 'columns': [{'name': 'RSI Indicator value', 'value': '44.66'}, {'name': 'change %', 'value': '-1.55'}, {'name': 'LTP', 'value': '1,061.10'}]}",OHLC_M_I_RSIBELAVE,RSI Bearish Crossovers (Monthly),RSI Bearish Crossovers (Monthly),15,Indicator Scans,RSI Bearish Crossovers (Monthly),,,False,1,N,,OHLC_M_I_RSIBELAVE
1790075717,"{'stkname': 'Manaksia Alumin', 'ltp': '', 'perChg': '', 'stkId': 'MAC04', 'displayLock': 'N', 'scanproflg': 1, 'scUrl': 'aluminium/manaksiaaluminiumcompany/MAC03', 'columns': [{'name': 'RSI Indicator value', 'value': '53.85'}, {'name': 'change %', 'value': '-0.56'}, {'name': 'LTP', 'value': '35.23'}]}",OHLC_M_I_RSIBELAVE,RSI Bearish Crossovers (Monthly),RSI Bearish Crossovers (Monthly),15,Indicator Scans,RSI Bearish Crossovers (Monthly),,,False,1,N,,OHLC_M_I_RSIBELAVE
1790075717,"{'stkname': 'Astral Ltd', 'ltp': '', 'perChg': '', 'stkId': 'APT02', 'displayLock': 'N', 'scanproflg': 1, 'scUrl': 'plastics/astrallimited/APT02', 'columns': [{'name': 'RSI Indicator value', 'value': '43.88'}, {'name': 'change %', 'value': '-1.38'}, {'name': 'LTP', 'value': '1,381.60'}]}",OHLC_M_I_RSIBELAVE,RSI Bearish Crossovers (Monthly),RSI Bearish Crossovers (Monthly),15,Indicator Scans,RSI Bearish Crossovers (Monthly),,,False,1,N,,OHLC_M_I_RSIBELAVE
1790075717,"{'stkname': 'Zee Entertain', 'ltp': '', 'perChg': '', 'stkId': 'ZT', 'displayLock': 'N', 'scanproflg': 1, 'scUrl': 'mediaentertainment/zeeentertainmententerprises/ZEE', 'columns': [{'name': 'RSI Indicator value', 'value': '37.94'}, {'name': 'change %', 'value': '0.80'}, {'name': 'LTP', 'value': '78.30'}]}",OHLC_M_I_RSIBELAVE,RSI Bearish Crossovers (Monthly),RSI Bearish Crossovers (Monthly),15,Indicator Scans,RSI Bearish Crossovers (Monthly),,,False,1,N,,OHLC_M_I_RSIBELAVE
1790075717,"{'stkname': 'KIOCL', 'ltp': '', 'perChg': '', 'stkId': 'KIO', 'displayLock': 'N', 'scanproflg': 1, 'scUrl': 'steel-sponge-iron/kiocl/KIO', 'columns': [{'name': 'RSI Indicator value', 'value': '48.43'}, {'name': 'change %', 'value': '0.29'}, {'name': 'LTP', 'value': '342.00'}]}",OHLC_M_I_RSIBELAVE,RSI Bearish Crossovers (Monthly),RSI Bearish Crossovers (Monthly),15,Indicator Scans,RSI Bearish Crossovers (Monthly),,,False,1,N,,OHLC_M_I_RSIBELAVE
1790075717,"{'stkname': 'JITF Infralogis', 'ltp': '', 'perChg': '', 'stkId': 'JIT01', 'displayLock': 'N', 'scanproflg': 1, 'scUrl': 'miscellaneous/jitfinfralogistics/JIT01', 'columns': [{'name': 'RSI Indicator value', 'value': '42.09'}, {'name': 'change %', 'value': '0.27'}, {'name': 'LTP', 'value': '283.00'}]}",OHLC_M_I_RSIBELAVE,RSI Bearish Crossovers (Monthly),RSI Bearish Crossovers (Monthly),15,Indicator Scans,RSI Bearish Crossovers (Monthly),,,False,1,N,,OHLC_M_I_RSIBELAVE
1790075717,"{'stkname': 'UFO Moviez', 'ltp': '', 'perChg': '', 'stkId': 'UMI03', 'displayLock': 'N', 'scanproflg': 1, 'scUrl': 'mediaentertainment/ufomoviezindia/UMI03', 'columns': [{'name': 'RSI Indicator value', 'value': '39.35'}, {'name': 'change %', 'value': '0.18'}, {'name': 'LTP', 'value': '60.98'}]}",OHLC_M_I_RSIBELAVE,RSI Bearish Crossovers (Monthly),RSI Bearish Crossovers (Monthly),15,Indicator Scans,RSI Bearish Crossovers (Monthly),,,False,1,N,,OHLC_M_I_RSIBELAVE
1790075717,"{'stkname': 'Sarthak Metals', 'ltp': '', 'perChg': '', 'stkId': 'SM16', 'displayLock': 'N', 'scanproflg': 1, 'scUrl': 'miningminerals/sarthakmetals/SM14', 'columns': [{'name': 'RSI Indicator value', 'value': '32.45'}, {'name': 'change %', 'value': '1.70'}, {'name': 'LTP', 'value': '61.00'}]}",OHLC_M_I_RSIBELAVE,RSI Bearish Crossovers (Monthly),RSI Bearish Crossovers (Monthly),15,Indicator Scans,RSI Bearish Crossovers (Monthly),,,False,1,N,,OHLC_M_I_RSIBELAVE
1790075717,"{'stkname': 'Gravita India', 'ltp': '', 'perChg': '', 'stkId': 'GI24', 'displayLock': 'N', 'scanproflg': 1, 'scUrl': 'metals-non-ferrous/gravitaindia/GI09', 'columns': [{'name': 'RSI Indicator value', 'value': '49.53'}, {'name': 'change %', 'value': '-0.89'}, {'name': 'LTP', 'value': '1,566.00'}]}",OHLC_M_I_RSIBELAVE,RSI Bearish Crossovers (Monthly),RSI Bearish Crossovers (Monthly),15,Indicator Scans,RSI Bearish Crossovers (Monthly),,,False,1,N,,OHLC_M_I_RSIBELAVE
1790075717,"{'stkname': 'Nucleus Softwar', 'ltp': '', 'perChg': '', 'stkId': 'NS', 'displayLock': 'N', 'scanproflg': 1, 'scUrl': 'computers-software-mediumsmall/nucleussoftwareexports/NS', 'columns': [{'name': 'RSI Indicator value', 'value': '39.43'}, {'name': 'change %', 'value': '0.45'}, {'name': 'LTP', 'value': '687.00'}]}",OHLC_M_I_RSIBELAVE,RSI Bearish Crossovers (Monthly),RSI Bearish Crossovers (Monthly),15,Indicator Scans,RSI Bearish Crossovers (Monthly),,,False,1,N,,OHLC_M_I_RSIBELAVE
1790075717,"{'stkname': 'Gateway Distri', 'ltp': '', 'perChg': '', 'stkId': 'GD01', 'displayLock': 'N', 'scanproflg': 1, 'scUrl': 'miscellaneous/gatewaydistriparks/GD01', 'columns': [{'name': 'RSI Indicator value', 'value': '33.83'}, {'name': 'change %', 'value': '-0.25'}, {'name': 'LTP', 'value': '52.38'}]}",OHLC_M_I_RSIBELAVE,RSI Bearish Crossovers (Monthly),RSI Bearish Crossovers (Monthly),15,Indicator Scans,RSI Bearish Crossovers (Monthly),,,False,1,N,,OHLC_M_I_RSIBELAVE
1790075717,"{'stkname': 'Snowman Logist', 'ltp': '', 'perChg': '', 'stkId': 'SL16', 'displayLock': 'N', 'scanproflg': 1, 'scUrl': 'transportlogistics/snowmanlogistics/SL17', 'columns': [{'name': 'RSI Indicator value', 'value': '38.93'}, {'name': 'change %', 'value': '-1.22'}, {'name': 'LTP', 'value': '34.78'}]}",OHLC_M_I_RSIBELAVE,RSI Bearish Crossovers (Monthly),RSI Bearish Crossovers (Monthly),15,Indicator Scans,RSI Bearish Crossovers (Monthly),,,False,1,N,,OHLC_M_I_RSIBELAVE
1790075717,"{'stkname': 'Trident', 'ltp': '', 'perChg': '', 'stkId': 'AI01', 'displayLock': 'N', 'scanproflg': 1, 'scUrl': 'textiles-spinning-cotton-blended/trident/AI01', 'columns': [{'name': 'RSI Indicator value', 'value': '39.88'}, {'name': 'change %', 'value': '-0.39'}, {'name': 'LTP', 'value': '22.93'}]}",OHLC_M_I_RSIBELAVE,RSI Bearish Crossovers (Monthly),RSI Bearish Crossovers (Monthly),15,Indicator Scans,RSI Bearish Crossovers (Monthly),,,False,1,N,,OHLC_M_I_RSIBELAVE
1790075717,"{'stkname': 'Datamatics Glob', 'ltp': '', 'perChg': '', 'stkId': 'DTL', 'displayLock': 'N', 'scanproflg': 1, 'scUrl': 'computers-software-mediumsmall/datamaticsglobalservices/DGS01', 'columns': [{'name': 'RSI Indicator value', 'value': '52.68'}, {'name': 'change %', 'value': '-1.01'}, {'name': 'LTP', 'value': '766.00'}]}",OHLC_M_I_RSIBELAVE,RSI Bearish Crossovers (Monthly),RSI Bearish Crossovers (Monthly),15,Indicator Scans,RSI Bearish Crossovers (Monthly),,,False,1,N,,OHLC_M_I_RSIBELAVE
1790075717,"{'stkname': 'Navkar Corp', 'ltp': '', 'perChg': '', 'stkId': 'NC09', 'displayLock': 'N', 'scanproflg': 1, 'scUrl': 'transportlogistics/navkarcorporation/NC02', 'columns': [{'name': 'RSI Indicator value', 'value': '45.95'}, {'name': 'change %', 'value': '1.70'}, {'name': 'LTP', 'value': '90.09'}]}",OHLC_M_I_RSIBELAVE,RSI Bearish Crossovers (Monthly),RSI Bearish Crossovers (Monthly),15,Indicator Scans,RSI Bearish Crossovers (Monthly),,,False,1,N,,OHLC_M_I_RSIBELAVE
1790075717,"{'stkname': 'MRF', 'ltp': '', 'perChg': '', 'stkId': 'MRF', 'displayLock': 'N', 'scanproflg': 1, 'scUrl': 'tyres/mrf/MRF', 'columns': [{'name': 'RSI Indicator value', 'value': '46.77'}, {'name': 'change %', 'value': '-0.13'}, {'name': 'LTP', 'value': '124,695.00'}]}",OHLC_M_I_RSIBELAVE,RSI Bearish Crossovers (Monthly),RSI Bearish Crossovers (Monthly),15,Indicator Scans,RSI Bearish Crossovers (Monthly),,,False,1,N,,OHLC_M_I_RSIBELAVE
1790075717,"{'stkname': 'FCS Software', 'ltp': '', 'perChg': '', 'stkId': 'FCS', 'displayLock': 'N', 'scanproflg': 1, 'scUrl': 'computers-software-mediumsmall/fcssoftwaresolutions/FCS', 'columns': [{'name': 'RSI Indicator value', 'value': '36.33'}, {'name': 'change %', 'value': '-1.43'}, {'name': 'LTP', 'value': '1.38'}]}",OHLC_M_I_RSIBELAVE,RSI Bearish Crossovers (Monthly),RSI Bearish Crossovers (Monthly),15,Indicator Scans,RSI Bearish Crossovers (Monthly),,,False,1,N,,OHLC_M_I_RSIBELAVE
1790075717,"{'stkname': 'Blue Dart', 'ltp': '', 'perChg': '', 'stkId': 'BDE', 'displayLock': 'N', 'scanproflg': 1, 'scUrl': 'couriers/bluedartexpress/BDE', 'columns': [{'name': 'RSI Indicator value', 'value': '40.10'}, {'name': 'change %', 'value': '-0.36'}, {'name': 'LTP', 'value': '4,789.00'}]}",OHLC_M_I_RSIBELAVE,RSI Bearish Crossovers (Monthly),RSI Bearish Crossovers (Monthly),15,Indicator Scans,RSI Bearish Crossovers (Monthly),,,False,1,N,,OHLC_M_I_RSIBELAVE
1790075717,"{'stkname': 'Greenlam Ind', 'ltp': '', 'perChg': '', 'stkId': 'GI28', 'displayLock': 'N', 'scanproflg': 1, 'scUrl': 'miscellaneous/greenlamindustries/GI31', 'columns': [{'name': 'RSI Indicator value', 'value': '46.73'}, {'name': 'change %', 'value': '-1.23'}, {'name': 'LTP', 'value': '225.94'}]}",OHLC_M_I_RSIBELAVE,RSI Bearish Crossovers (Monthly),RSI Bearish Crossovers (Monthly),15,Indicator Scans,RSI Bearish Crossovers (Monthly),,,False,1,N,,OHLC_M_I_RSIBELAVE
1790075717,"{'stkname': 'Petronet LNG', 'ltp': '', 'perChg': '', 'stkId': 'PLN', 'displayLock': 'N', 'scanproflg': 1, 'scUrl': 'oil-drillingexploration/petronetlng/PLN', 'columns': [{'name': 'RSI Indicator value', 'value': '49.89'}, {'name': 'change %', 'value': '-2.00'}, {'name': 'LTP', 'value': '281.75'}]}",OHLC_M_I_RSIBELAVE,RSI Bearish Crossovers (Monthly),RSI Bearish Crossovers (Monthly),15,Indicator Scans,RSI Bearish Crossovers (Monthly),,,False,1,N,,OHLC_M_I_RSIBELAVE
1790075717,"{'stkname': 'Alldigi Tech', 'ltp': '', 'perChg': '', 'stkId': 'ALL01', 'displayLock': 'N', 'scanproflg': 1, 'scUrl': 'bpoites/alldigitech/ALL01', 'columns': [{'name': 'RSI Indicator value', 'value': '46.06'}, {'name': 'change %', 'value': '0.27'}, {'name': 'LTP', 'value': '790.00'}]}",OHLC_M_I_RSIBELAVE,RSI Bearish Crossovers (Monthly),RSI Bearish Crossovers (Monthly),15,Indicator Scans,RSI Bearish Crossovers (Monthly),,,False,1,N,,OHLC_M_I_RSIBELAVE
1790075717,"{'stkname': 'Vakrangee', 'ltp': '', 'perChg': '', 'stkId': 'VI02', 'displayLock': 'N', 'scanproflg': 1, 'scUrl': 'computers-software-mediumsmall/vakrangee/VS', 'columns': [{'name': 'RSI Indicator value', 'value': '37.20'}, {'name': 'change %', 'value': '2.52'}, {'name': 'LTP', 'value': '5.29'}]}",OHLC_M_I_RSIBELAVE,RSI Bearish Crossovers (Monthly),RSI Bearish Crossovers (Monthly),15,Indicator Scans,RSI Bearish Crossovers (Monthly),,,False,1,N,,OHLC_M_I_RSIBELAVE
1790075717,"{'stkname': 'Jupiter Life', 'ltp': '', 'perChg': '', 'stkId': 'JLLHL', 'displayLock': 'N', 'scanproflg': 1, 'scUrl': 'hospitalhealthcare-services/jupiterlifelinehospitals/JLLHL', 'columns': [{'name': 'RSI Indicator value', 'value': '50.17'}, {'name': 'change %', 'value': '-0.56'}, {'name': 'LTP', 'value': '274.00'}]}",OHLC_M_I_RSIBELAVE,RSI Bearish Crossovers (Monthly),RSI Bearish Crossovers (Monthly),15,Indicator Scans,RSI Bearish Crossovers (Monthly),,,False,1,N,,OHLC_M_I_RSIBELAVE
1790075717,"{'stkname': 'SKM Egg Product', 'ltp': '', 'perChg': '', 'stkId': 'SEP', 'displayLock': 'N', 'scanproflg': 1, 'scUrl': 'food-processing/skmeggproductsexportindia/SKM', 'columns': [{'name': 'RSI Indicator value', 'value': '55.74'}, {'name': 'change %', 'value': '-4.17'}, {'name': 'LTP', 'value': '219.50'}]}",OHLC_M_I_RSIBELAVE,RSI Bearish Crossovers (Monthly),RSI Bearish Crossovers (Monthly),15,Indicator Scans,RSI Bearish Crossovers (Monthly),,,False,1,N,,OHLC_M_I_RSIBELAVE
1790075717,"{'stkname': 'Megastar Foods', 'ltp': '', 'perChg': '', 'stkId': 'MF23', 'displayLock': 'N', 'scanproflg': 1, 'scUrl': 'food-processing/megastarfoods/MF13', 'columns': [{'name': 'RSI Indicator value', 'value': '51.46'}, {'name': 'change %', 'value': '0.74'}, {'name': 'LTP', 'value': '278.00'}]}",OHLC_M_I_RSIBELAVE,RSI Bearish Crossovers (Monthly),RSI Bearish Crossovers (Monthly),15,Indicator Scans,RSI Bearish Crossovers (Monthly),,,False,1,N,,OHLC_M_I_RSIBELAVE
1790075717,"{'stkname': 'Guj Amb Exports', 'ltp': '', 'perChg': '', 'stkId': 'GAE', 'displayLock': 'N', 'scanproflg': 1, 'scUrl': 'food-processing/gujaratambujaexports/GAE', 'columns': [{'name': 'RSI Indicator value', 'value': '57.82'}, {'name': 'change %', 'value': '-2.33'}, {'name': 'LTP', 'value': '157.49'}]}",OHLC_M_I_RSIBELAVE,RSI Bearish Crossovers (Monthly),RSI Bearish Crossovers (Monthly),15,Indicator Scans,RSI Bearish Crossovers (Monthly),,,False,1,N,,OHLC_M_I_RSIBELAVE
1790075717,"{'stkname': 'Dangee Dums', 'ltp': '', 'perChg': '', 'stkId': 'DD01', 'displayLock': 'N', 'scanproflg': 1, 'scUrl': 'consumer-food/dangeedums/DD', 'columns': [{'name': 'RSI Indicator value', 'value': '31.08'}, {'name': 'change %', 'value': '0.00'}, {'name': 'LTP', 'value': '2.70'}]}",OHLC_M_I_RSIBELAVE,RSI Bearish Crossovers (Monthly),RSI Bearish Crossovers (Monthly),15,Indicator Scans,RSI Bearish Crossovers (Monthly),,,False,1,N,,OHLC_M_I_RSIBELAVE
1790075717,"{'stkname': 'Gokul Agro', 'ltp': '', 'perChg': '', 'stkId': 'GAR', 'displayLock': 'N', 'scanproflg': 1, 'scUrl': 'edible-oilssolvent-extraction/gokulagroresources/GAR', 'columns': [{'name': 'RSI Indicator value', 'value': '61.01'}, {'name': 'change %', 'value': '-0.48'}, {'name': 'LTP', 'value': '220.10'}]}",OHLC_M_I_RSIBELAVE,RSI Bearish Crossovers (Monthly),RSI Bearish Crossovers (Monthly),15,Indicator Scans,RSI Bearish Crossovers (Monthly),,,False,1,N,,OHLC_M_I_RSIBELAVE
1790075717,"{'stkname': 'Zydus Wellness', 'ltp': '', 'perChg': '', 'stkId': 'CNA', 'displayLock': 'N', 'scanproflg': 1, 'scUrl': 'vanaspatioils/zyduswellness/ZW01', 'columns': [{'name': 'RSI Indicator value', 'value': '58.96'}, {'name': 'change %', 'value': '-1.97'}, {'name': 'LTP', 'value': '520.00'}]}",OHLC_M_I_RSIBELAVE,RSI Bearish Crossovers (Monthly),RSI Bearish Crossovers (Monthly),15,Indicator Scans,RSI Bearish Crossovers (Monthly),,,False,1,N,,OHLC_M_I_RSIBELAVE
1790075717,"{'stkname': 'Kalyani Invest', 'ltp': '', 'perChg': '', 'stkId': 'KIC02', 'displayLock': 'N', 'scanproflg': 1, 'scUrl': 'finance-investments/kalyaniinvestmentcompany/KIC04', 'columns': [{'name': 'RSI Indicator value', 'value': '52.26'}, {'name': 'change %', 'value': '0.93'}, {'name': 'LTP', 'value': '5,000.00'}]}",OHLC_M_I_RSIBELAVE,RSI Bearish Crossovers (Monthly),RSI Bearish Crossovers (Monthly),15,Indicator Scans,RSI Bearish Crossovers (Monthly),,,False,1,N,,OHLC_M_I_RSIBELAVE
1790075717,"{'stkname': 'Euro India Fres', 'ltp': '', 'perChg': '', 'stkId': 'EIF', 'displayLock': 'N', 'scanproflg': 1, 'scUrl': 'food-processing/euroindiafreshfoods/EIF', 'columns': [{'name': 'RSI Indicator value', 'value': '54.21'}, {'name': 'change %', 'value': '-1.86'}, {'name': 'LTP', 'value': '256.15'}]}",OHLC_M_I_RSIBELAVE,RSI Bearish Crossovers (Monthly),RSI Bearish Crossovers (Monthly),15,Indicator Scans,RSI Bearish Crossovers (Monthly),,,False,1,N,,OHLC_M_I_RSIBELAVE
1790075717,"{'stkname': '360 ONE WAM', 'ltp': '', 'perChg': '', 'stkId': 'IIFLW54277', 'displayLock': 'N', 'scanproflg': 1, 'scUrl': 'finance-others/360onewam/IIFLW54277', 'columns': [{'name': 'RSI Indicator value', 'value': '53.15'}, {'name': 'change %', 'value': '0.07'}, {'name': 'LTP', 'value': '1,073.50'}]}",OHLC_M_I_RSIBELAVE,RSI Bearish Crossovers (Monthly),RSI Bearish Crossovers (Monthly),15,Indicator Scans,RSI Bearish Crossovers (Monthly),,,False,1,N,,OHLC_M_I_RSIBELAVE
1790075717,"{'stkname': 'Liberty Shoes', 'ltp': '', 'perChg': '', 'stkId': 'LS02', 'displayLock': 'N', 'scanproflg': 1, 'scUrl': 'leather-products/libertyshoes/LS02', 'columns': [{'name': 'RSI Indicator value', 'value': '40.25'}, {'name': 'change %', 'value': '-0.85'}, {'name': 'LTP', 'value': '218.88'}]}",OHLC_M_I_RSIBELAVE,RSI Bearish Crossovers (Monthly),RSI Bearish Crossovers (Monthly),15,Indicator Scans,RSI Bearish Crossovers (Monthly),,,False,1,N,,OHLC_M_I_RSIBELAVE
1790075717,"{'stkname': 'Nalwa Sons', 'ltp': '', 'perChg': '', 'stkId': 'JS02', 'displayLock': 'N', 'scanproflg': 1, 'scUrl': 'finance-general/nalwasonsinvestment/NSI02', 'columns': [{'name': 'RSI Indicator value', 'value': '49.28'}, {'name': 'change %', 'value': '-0.67'}, {'name': 'LTP', 'value': '5,490.00'}]}",OHLC_M_I_RSIBELAVE,RSI Bearish Crossovers (Monthly),RSI Bearish Crossovers (Monthly),15,Indicator Scans,RSI Bearish Crossovers (Monthly),,,False,1,N,,OHLC_M_I_RSIBELAVE
1790075717,"{'stkname': 'MM Financial', 'ltp': '', 'perChg': '', 'stkId': 'MMF04', 'displayLock': 'N', 'scanproflg': 1, 'scUrl': 'finance-nbfc/mahindramahindrafinancialservices/MMF04', 'columns': [{'name': 'RSI Indicator value', 'value': '56.19'}, {'name': 'change %', 'value': '-1.31'}, {'name': 'LTP', 'value': '350.05'}]}",OHLC_M_I_RSIBELAVE,RSI Bearish Crossovers (Monthly),RSI Bearish Crossovers (Monthly),15,Indicator Scans,RSI Bearish Crossovers (Monthly),,,False,1,N,,OHLC_M_I_RSIBELAVE
1790075717,"{'stkname': 'Bhagiradh Chem', 'ltp': '', 'perChg': '', 'stkId': 'BCI01', 'displayLock': 'N', 'scanproflg': 1, 'scUrl': 'pesticidesagro-chemicals/bhagiradhchemicalsindustries/BCI01', 'columns': [{'name': 'RSI Indicator value', 'value': '49.06'}, {'name': 'change %', 'value': '-1.08'}, {'name': 'LTP', 'value': '243.10'}]}",OHLC_M_I_RSIBELAVE,RSI Bearish Crossovers (Monthly),RSI Bearish Crossovers (Monthly),15,Indicator Scans,RSI Bearish Crossovers (Monthly),,,False,1,N,,OHLC_M_I_RSIBELAVE
1790075717,"{'stkname': 'Prataap Snacks ', 'ltp': '', 'perChg': '', 'stkId': 'PS20', 'displayLock': 'N', 'scanproflg': 1, 'scUrl': 'food-processing/prataapsnacks/PS20', 'columns': [{'name': 'RSI Indicator value', 'value': '52.35'}, {'name': 'change %', 'value': '-0.85'}, {'name': 'LTP', 'value': '1,090.00'}]}",OHLC_M_I_RSIBELAVE,RSI Bearish Crossovers (Monthly),RSI Bearish Crossovers (Monthly),15,Indicator Scans,RSI Bearish Crossovers (Monthly),,,False,1,N,,OHLC_M_I_RSIBELAVE
1790075717,"{'stkname': 'NCC', 'ltp': '', 'perChg': '', 'stkId': 'NCC01', 'displayLock': 'N', 'scanproflg': 1, 'scUrl': 'constructioncontracting-civil/ncc/NCC01', 'columns': [{'name': 'RSI Indicator value', 'value': '39.32'}, {'name': 'change %', 'value': '-0.96'}, {'name': 'LTP', 'value': '134.73'}]}",OHLC_M_I_RSIBELAVE,RSI Bearish Crossovers (Monthly),RSI Bearish Crossovers (Monthly),15,Indicator Scans,RSI Bearish Crossovers (Monthly),,,False,1,N,,OHLC_M_I_RSIBELAVE
1790075717,"{'stkname': 'Health X Plat', 'ltp': '', 'perChg': '', 'stkId': 'MFS04', 'displayLock': 'N', 'scanproflg': 1, 'scUrl': 'finance-general/healthxplatform/MFS', 'columns': [{'name': 'RSI Indicator value', 'value': '48.77'}, {'name': 'change %', 'value': '-2.93'}, {'name': 'LTP', 'value': '288.30'}]}",OHLC_M_I_RSIBELAVE,RSI Bearish Crossovers (Monthly),RSI Bearish Crossovers (Monthly),15,Indicator Scans,RSI Bearish Crossovers (Monthly),,,False,1,N,,OHLC_M_I_RSIBELAVE
1790075717,"{'stkname': 'Punjab Chemical', 'ltp': '', 'perChg': '', 'stkId': 'PCP01', 'displayLock': 'N', 'scanproflg': 1, 'scUrl': 'chemicals/punjabchemicalscropprotection/PCC03', 'columns': [{'name': 'RSI Indicator value', 'value': '46.61'}, {'name': 'change %', 'value': '-0.92'}, {'name': 'LTP', 'value': '1,055.00'}]}",OHLC_M_I_RSIBELAVE,RSI Bearish Crossovers (Monthly),RSI Bearish Crossovers (Monthly),15,Indicator Scans,RSI Bearish Crossovers (Monthly),,,False,1,N,,OHLC_M_I_RSIBELAVE
1790075717,"{'stkname': 'Sadbhav Engg', 'ltp': '', 'perChg': '', 'stkId': 'SE19', 'displayLock': 'N', 'scanproflg': 1, 'scUrl': 'infrastructure-general/sadbhavengineering/SE19', 'columns': [{'name': 'RSI Indicator value', 'value': '37.86'}, {'name': 'change %', 'value': '1.33'}, {'name': 'LTP', 'value': '7.60'}]}",OHLC_M_I_RSIBELAVE,RSI Bearish Crossovers (Monthly),RSI Bearish Crossovers (Monthly),15,Indicator Scans,RSI Bearish Crossovers (Monthly),,,False,1,N,,OHLC_M_I_RSIBELAVE
1790075717,"{'stkname': 'Ingersoll Rand', 'ltp': '', 'perChg': '', 'stkId': 'IRI01', 'displayLock': 'N', 'scanproflg': 1, 'scUrl': 'compressors/ingersollrandindia/IRI01', 'columns': [{'name': 'RSI Indicator value', 'value': '53.23'}, {'name': 'change %', 'value': '-1.58'}, {'name': 'LTP', 'value': '4,140.00'}]}",OHLC_M_I_RSIBELAVE,RSI Bearish Crossovers (Monthly),RSI Bearish Crossovers (Monthly),15,Indicator Scans,RSI Bearish Crossovers (Monthly),,,False,1,N,,OHLC_M_I_RSIBELAVE
1790075717,"{'stkname': 'G R Infra', 'ltp': '', 'perChg': '', 'stkId': 'I13', 'displayLock': 'N', 'scanproflg': 1, 'scUrl': 'construction-infrastructure/grinfraprojects/I09', 'columns': [{'name': 'RSI Indicator value', 'value': '35.69'}, {'name': 'change %', 'value': '-2.04'}, {'name': 'LTP', 'value': '808.05'}]}",OHLC_M_I_RSIBELAVE,RSI Bearish Crossovers (Monthly),RSI Bearish Crossovers (Monthly),15,Indicator Scans,RSI Bearish Crossovers (Monthly),,,False,1,N,,OHLC_M_I_RSIBELAVE
1790075717,"{'stkname': 'PNC Infratech', 'ltp': '', 'perChg': '', 'stkId': 'PI29', 'displayLock': 'N', 'scanproflg': 1, 'scUrl': 'constructioncontracting-real-estate/pncinfratech/PI26', 'columns': [{'name': 'RSI Indicator value', 'value': '33.70'}, {'name': 'change %', 'value': '-0.51'}, {'name': 'LTP', 'value': '139.76'}]}",OHLC_M_I_RSIBELAVE,RSI Bearish Crossovers (Monthly),RSI Bearish Crossovers (Monthly),15,Indicator Scans,RSI Bearish Crossovers (Monthly),,,False,1,N,,OHLC_M_I_RSIBELAVE
1790075717,"{'stkname': 'BPL', 'ltp': '', 'perChg': '', 'stkId': 'BPL', 'displayLock': 'N', 'scanproflg': 1, 'scUrl': 'consumer-goods-electronic/bpl/BPL', 'columns': [{'name': 'RSI Indicator value', 'value': '36.50'}, {'name': 'change %', 'value': '0.76'}, {'name': 'LTP', 'value': '45.30'}]}",OHLC_M_I_RSIBELAVE,RSI Bearish Crossovers (Monthly),RSI Bearish Crossovers (Monthly),15,Indicator Scans,RSI Bearish Crossovers (Monthly),,,False,1,N,,OHLC_M_I_RSIBELAVE
1790075717,"{'stkname': 'Esab India', 'ltp': '', 'perChg': '', 'stkId': 'EI06', 'displayLock': 'N', 'scanproflg': 1, 'scUrl': 'electrodesgraphite/esabindia/EI06', 'columns': [{'name': 'RSI Indicator value', 'value': '51.97'}, {'name': 'change %', 'value': '1.60'}, {'name': 'LTP', 'value': '5,650.00'}]}",OHLC_M_I_RSIBELAVE,RSI Bearish Crossovers (Monthly),RSI Bearish Crossovers (Monthly),15,Indicator Scans,RSI Bearish Crossovers (Monthly),,,False,1,N,,OHLC_M_I_RSIBELAVE
1790075717,"{'stkname': 'Latteys Ind.', 'ltp': '', 'perChg': '', 'stkId': 'LI12', 'displayLock': 'N', 'scanproflg': 1, 'scUrl': 'compressorspumps/latteysindustries/LI13', 'columns': [{'name': 'RSI Indicator value', 'value': '50.74'}, {'name': 'change %', 'value': '2.18'}, {'name': 'LTP', 'value': '20.63'}]}",OHLC_M_I_RSIBELAVE,RSI Bearish Crossovers (Monthly),RSI Bearish Crossovers (Monthly),15,Indicator Scans,RSI Bearish Crossovers (Monthly),,,False,1,N,,OHLC_M_I_RSIBELAVE
1790075717,"{'stkname': 'Servotech Renew', 'ltp': '', 'perChg': '', 'stkId': 'SPS05', 'displayLock': 'N', 'scanproflg': 1, 'scUrl': 'electricals/servotechrenewablepowersystem/SPS04', 'columns': [{'name': 'RSI Indicator value', 'value': '42.35'}, {'name': 'change %', 'value': '-1.60'}, {'name': 'LTP', 'value': '70.65'}]}",OHLC_M_I_RSIBELAVE,RSI Bearish Crossovers (Monthly),RSI Bearish Crossovers (Monthly),15,Indicator Scans,RSI Bearish Crossovers (Monthly),,,False,1,N,,OHLC_M_I_RSIBELAVE
1790075717,"{'stkname': 'MIC Electronics', 'ltp': '', 'perChg': '', 'stkId': 'ME12', 'displayLock': 'N', 'scanproflg': 1, 'scUrl': 'telecommunications-equipment/micelectronics/ME12', 'columns': [{'name': 'RSI Indicator value', 'value': '40.61'}, {'name': 'change %', 'value': '1.98'}, {'name': 'LTP', 'value': '34.03'}]}",OHLC_M_I_RSIBELAVE,RSI Bearish Crossovers (Monthly),RSI Bearish Crossovers (Monthly),15,Indicator Scans,RSI Bearish Crossovers (Monthly),,,False,1,N,,OHLC_M_I_RSIBELAVE
1790075717,"{'stkname': 'Swelect Energy', 'ltp': '', 'perChg': '', 'stkId': 'NPS', 'displayLock': 'N', 'scanproflg': 1, 'scUrl': 'electric-equipment/swelectenergysystems/NPS', 'columns': [{'name': 'RSI Indicator value', 'value': '44.70'}, {'name': 'change %', 'value': '-1.21'}, {'name': 'LTP', 'value': '565.70'}]}",OHLC_M_I_RSIBELAVE,RSI Bearish Crossovers (Monthly),RSI Bearish Crossovers (Monthly),15,Indicator Scans,RSI Bearish Crossovers (Monthly),,,False,1,N,,OHLC_M_I_RSIBELAVE
1790075717,"{'stkname': 'Orient Electric', 'ltp': '', 'perChg': '', 'stkId': 'ORIEN54130', 'displayLock': 'N', 'scanproflg': 1, 'scUrl': 'consumer-goods-electronic/orientelectriclimited/ORIEN54130', 'columns': [{'name': 'RSI Indicator value', 'value': '38.98'}, {'name': 'change %', 'value': '-1.01'}, {'name': 'LTP', 'value': '166.32'}]}",OHLC_M_I_RSIBELAVE,RSI Bearish Crossovers (Monthly),RSI Bearish Crossovers (Monthly),15,Indicator Scans,RSI Bearish Crossovers (Monthly),,,False,1,N,,OHLC_M_I_RSIBELAVE
1790075717,"{'stkname': 'Butterfly', 'ltp': '', 'perChg': '', 'stkId': 'GA', 'displayLock': 'N', 'scanproflg': 1, 'scUrl': 'domestic-appliances/butterflygandhimathiappliances/GA', 'columns': [{'name': 'RSI Indicator value', 'value': '39.61'}, {'name': 'change %', 'value': '-1.64'}, {'name': 'LTP', 'value': '564.95'}]}",OHLC_M_I_RSIBELAVE,RSI Bearish Crossovers (Monthly),RSI Bearish Crossovers (Monthly),15,Indicator Scans,RSI Bearish Crossovers (Monthly),,,False,1,N,,OHLC_M_I_RSIBELAVE
1790075717,"{'stkname': 'TD Power System', 'ltp': '', 'perChg': '', 'stkId': 'TPS', 'displayLock': 'N', 'scanproflg': 1, 'scUrl': 'engineering-heavy/tdpowersystems/TPS01', 'columns': [{'name': 'RSI Indicator value', 'value': '76.99'}, {'name': 'change %', 'value': '1.30'}, {'name': 'LTP', 'value': '757.00'}]}",OHLC_M_I_RSIBELAVE,RSI Bearish Crossovers (Monthly),RSI Bearish Crossovers (Monthly),15,Indicator Scans,RSI Bearish Crossovers (Monthly),,,False,1,N,,OHLC_M_I_RSIBELAVE
1790075717,"{'stkname': 'Bajel Projects', 'ltp': '', 'perChg': '', 'stkId': 'BP06', 'displayLock': 'N', 'scanproflg': 1, 'scUrl': 'engineering-construction/bajelprojects/BP06', 'columns': [{'name': 'RSI Indicator value', 'value': '50.06'}, {'name': 'change %', 'value': '-0.06'}, {'name': 'LTP', 'value': '172.01'}]}",OHLC_M_I_RSIBELAVE,RSI Bearish Crossovers (Monthly),RSI Bearish Crossovers (Monthly),15,Indicator Scans,RSI Bearish Crossovers (Monthly),,,False,1,N,,OHLC_M_I_RSIBELAVE
1790075717,"{'stkname': 'Rossari', 'ltp': '', 'perChg': '', 'stkId': 'RB04', 'displayLock': 'N', 'scanproflg': 1, 'scUrl': 'speciality-chemicals/rossaribiotech/RB05', 'columns': [{'name': 'RSI Indicator value', 'value': '34.69'}, {'name': 'change %', 'value': '-0.90'}, {'name': 'LTP', 'value': '437.05'}]}",OHLC_M_I_RSIBELAVE,RSI Bearish Crossovers (Monthly),RSI Bearish Crossovers (Monthly),15,Indicator Scans,RSI Bearish Crossovers (Monthly),,,False,1,N,,OHLC_M_I_RSIBELAVE
1790075717,"{'stkname': 'BL Kashyap', 'ltp': '', 'perChg': '', 'stkId': 'BLK', 'displayLock': 'N', 'scanproflg': 1, 'scUrl': 'construction-real-estate/blkashyapsons/BLK', 'columns': [{'name': 'RSI Indicator value', 'value': '45.75'}, {'name': 'change %', 'value': '0.17'}, {'name': 'LTP', 'value': '51.65'}]}",OHLC_M_I_RSIBELAVE,RSI Bearish Crossovers (Monthly),RSI Bearish Crossovers (Monthly),15,Indicator Scans,RSI Bearish Crossovers (Monthly),,,False,1,N,,OHLC_M_I_RSIBELAVE
1790075717,"{'stkname': 'Ruchinfra', 'ltp': '', 'perChg': '', 'stkId': 'RI27', 'displayLock': 'N', 'scanproflg': 1, 'scUrl': 'edible-oilssolvent-extraction/ruchiinfrastructure/RI27', 'columns': [{'name': 'RSI Indicator value', 'value': '37.83'}, {'name': 'change %', 'value': '0.60'}, {'name': 'LTP', 'value': '5.01'}]}",OHLC_M_I_RSIBELAVE,RSI Bearish Crossovers (Monthly),RSI Bearish Crossovers (Monthly),15,Indicator Scans,RSI Bearish Crossovers (Monthly),,,False,1,N,,OHLC_M_I_RSIBELAVE
1790075717,"{'stkname': 'Schneider Infra', 'ltp': '', 'perChg': '', 'stkId': 'SEI04', 'displayLock': 'N', 'scanproflg': 1, 'scUrl': 'power-generationdistribution/schneiderelectricinfrastructure/SEI04', 'columns': [{'name': 'RSI Indicator value', 'value': '63.72'}, {'name': 'change %', 'value': '-1.58'}, {'name': 'LTP', 'value': '1,215.70'}]}",OHLC_M_I_RSIBELAVE,RSI Bearish Crossovers (Monthly),RSI Bearish Crossovers (Monthly),15,Indicator Scans,RSI Bearish Crossovers (Monthly),,,False,1,N,,OHLC_M_I_RSIBELAVE
1790075717,"{'stkname': 'PSP Projects', 'ltp': '', 'perChg': '', 'stkId': 'PP33', 'displayLock': 'N', 'scanproflg': 1, 'scUrl': 'constructioncontracting-real-estate/pspprojects/PP26', 'columns': [{'name': 'RSI Indicator value', 'value': '53.01'}, {'name': 'change %', 'value': '1.01'}, {'name': 'LTP', 'value': '828.40'}]}",OHLC_M_I_RSIBELAVE,RSI Bearish Crossovers (Monthly),RSI Bearish Crossovers (Monthly),15,Indicator Scans,RSI Bearish Crossovers (Monthly),,,False,1,N,,OHLC_M_I_RSIBELAVE
1790075717,"{'stkname': 'Valor Estate', 'ltp': '', 'perChg': '', 'stkId': 'DR', 'displayLock': 'N', 'scanproflg': 1, 'scUrl': 'construction-residentialcommercial-complexes/valorestate/DR', 'columns': [{'name': 'RSI Indicator value', 'value': '42.75'}, {'name': 'change %', 'value': '1.99'}, {'name': 'LTP', 'value': '97.19'}]}",OHLC_M_I_RSIBELAVE,RSI Bearish Crossovers (Monthly),RSI Bearish Crossovers (Monthly),15,Indicator Scans,RSI Bearish Crossovers (Monthly),,,False,1,N,,OHLC_M_I_RSIBELAVE
1790075717,"{'stkname': 'Arihant Super', 'ltp': '', 'perChg': '', 'stkId': 'SMC07', 'displayLock': 'N', 'scanproflg': 1, 'scUrl': 'constructioncontracting-real-estate/arihantsuperstructures/SMC07', 'columns': [{'name': 'RSI Indicator value', 'value': '41.52'}, {'name': 'change %', 'value': '2.31'}, {'name': 'LTP', 'value': '234.60'}]}",OHLC_M_I_RSIBELAVE,RSI Bearish Crossovers (Monthly),RSI Bearish Crossovers (Monthly),15,Indicator Scans,RSI Bearish Crossovers (Monthly),,,False,1,N,,OHLC_M_I_RSIBELAVE
1790075717,"{'stkname': 'ABB India', 'ltp': '', 'perChg': '', 'stkId': 'ABB', 'displayLock': 'N', 'scanproflg': 1, 'scUrl': 'infrastructure-general/abbindia/ABB', 'columns': [{'name': 'RSI Indicator value', 'value': '59.99'}, {'name': 'change %', 'value': '-2.07'}, {'name': 'LTP', 'value': '7,120.50'}]}",OHLC_M_I_RSIBELAVE,RSI Bearish Crossovers (Monthly),RSI Bearish Crossovers (Monthly),15,Indicator Scans,RSI Bearish Crossovers (Monthly),,,False,1,N,,OHLC_M_I_RSIBELAVE
1790075717,"{'stkname': 'Agarwal Ind', 'ltp': '', 'perChg': '', 'stkId': 'BBR', 'displayLock': 'N', 'scanproflg': 1, 'scUrl': 'transportlogistics/agarwalindustrialcorporation/AIC03', 'columns': [{'name': 'RSI Indicator value', 'value': '36.51'}, {'name': 'change %', 'value': '-1.09'}, {'name': 'LTP', 'value': '404.10'}]}",OHLC_M_I_RSIBELAVE,RSI Bearish Crossovers (Monthly),RSI Bearish Crossovers (Monthly),15,Indicator Scans,RSI Bearish Crossovers (Monthly),,,False,1,N,,OHLC_M_I_RSIBELAVE
1790075717,"{'stkname': 'Exxaro Tiles', 'ltp': '', 'perChg': '', 'stkId': 'ET05', 'displayLock': 'N', 'scanproflg': 1, 'scUrl': 'ceramicsmarblegranitesanitaryware/exxarotiles/ET02', 'columns': [{'name': 'RSI Indicator value', 'value': '41.82'}, {'name': 'change %', 'value': '0.97'}, {'name': 'LTP', 'value': '6.27'}]}",OHLC_M_I_RSIBELAVE,RSI Bearish Crossovers (Monthly),RSI Bearish Crossovers (Monthly),15,Indicator Scans,RSI Bearish Crossovers (Monthly),,,False,1,N,,OHLC_M_I_RSIBELAVE
1790075717,"{'stkname': 'Vikas Ecotech', 'ltp': '', 'perChg': '', 'stkId': 'VL06', 'displayLock': 'N', 'scanproflg': 1, 'scUrl': 'chemicals/vikasecotech/VGO01', 'columns': [{'name': 'RSI Indicator value', 'value': '32.26'}, {'name': 'change %', 'value': '0.96'}, {'name': 'LTP', 'value': '1.05'}]}",OHLC_M_I_RSIBELAVE,RSI Bearish Crossovers (Monthly),RSI Bearish Crossovers (Monthly),15,Indicator Scans,RSI Bearish Crossovers (Monthly),,,False,1,N,,OHLC_M_I_RSIBELAVE
1790075717,"{'stkname': 'KEI Industries', 'ltp': '', 'perChg': '', 'stkId': 'KEI', 'displayLock': 'N', 'scanproflg': 1, 'scUrl': 'cables-powerothers/keiindustries/KEI', 'columns': [{'name': 'RSI Indicator value', 'value': '52.90'}, {'name': 'change %', 'value': '-0.46'}, {'name': 'LTP', 'value': '4,575.00'}]}",OHLC_M_I_RSIBELAVE,RSI Bearish Crossovers (Monthly),RSI Bearish Crossovers (Monthly),15,Indicator Scans,RSI Bearish Crossovers (Monthly),,,False,1,N,,OHLC_M_I_RSIBELAVE
1790075717,"{'stkname': 'SKF India', 'ltp': '', 'perChg': '', 'stkId': 'SKF', 'displayLock': 'N', 'scanproflg': 1, 'scUrl': 'bearings/skfindia/SKF01', 'columns': [{'name': 'RSI Indicator value', 'value': '40.63'}, {'name': 'change %', 'value': '-1.71'}, {'name': 'LTP', 'value': '1,506.30'}]}",OHLC_M_I_RSIBELAVE,RSI Bearish Crossovers (Monthly),RSI Bearish Crossovers (Monthly),15,Indicator Scans,RSI Bearish Crossovers (Monthly),,,False,1,N,,OHLC_M_I_RSIBELAVE
1790075717,"{'stkname': 'Heidelberg Cem', 'ltp': '', 'perChg': '', 'stkId': 'MC14', 'displayLock': 'N', 'scanproflg': 1, 'scUrl': 'cement-major/heidelbergcementindia/HCI02', 'columns': [{'name': 'RSI Indicator value', 'value': '34.38'}, {'name': 'change %', 'value': '0.16'}, {'name': 'LTP', 'value': '141.89'}]}",OHLC_M_I_RSIBELAVE,RSI Bearish Crossovers (Monthly),RSI Bearish Crossovers (Monthly),15,Indicator Scans,RSI Bearish Crossovers (Monthly),,,False,1,N,,OHLC_M_I_RSIBELAVE
1790075717,"{'stkname': 'Jubilant Ing.', 'ltp': '', 'perChg': '', 'stkId': 'JI12', 'displayLock': 'N', 'scanproflg': 1, 'scUrl': 'speciality-chemicals/jubilantingrevia/JI14', 'columns': [{'name': 'RSI Indicator value', 'value': '47.94'}, {'name': 'change %', 'value': '-1.33'}, {'name': 'LTP', 'value': '618.90'}]}",OHLC_M_I_RSIBELAVE,RSI Bearish Crossovers (Monthly),RSI Bearish Crossovers (Monthly),15,Indicator Scans,RSI Bearish Crossovers (Monthly),,,False,1,N,,OHLC_M_I_RSIBELAVE
1790075717,"{'stkname': 'Shree Digvijay', 'ltp': '', 'perChg': '', 'stkId': 'SDC', 'displayLock': 'N', 'scanproflg': 1, 'scUrl': 'cement-major/shreedigvijaycementcompany/SDC', 'columns': [{'name': 'RSI Indicator value', 'value': '42.29'}, {'name': 'change %', 'value': '-0.09'}, {'name': 'LTP', 'value': '67.02'}]}",OHLC_M_I_RSIBELAVE,RSI Bearish Crossovers (Monthly),RSI Bearish Crossovers (Monthly),15,Indicator Scans,RSI Bearish Crossovers (Monthly),,,False,1,N,,OHLC_M_I_RSIBELAVE
1790075717,"{'stkname': 'Amara Raja', 'ltp': '', 'perChg': '', 'stkId': 'ARB', 'displayLock': 'N', 'scanproflg': 1, 'scUrl': 'auto-ancillaries/amararajaenergymobility/ARB', 'columns': [{'name': 'RSI Indicator value', 'value': '42.55'}, {'name': 'change %', 'value': '-0.35'}, {'name': 'LTP', 'value': '791.50'}]}",OHLC_M_I_RSIBELAVE,RSI Bearish Crossovers (Monthly),RSI Bearish Crossovers (Monthly),15,Indicator Scans,RSI Bearish Crossovers (Monthly),,,False,1,N,,OHLC_M_I_RSIBELAVE
1790075717,"{'stkname': 'Suryoday Small', 'ltp': '', 'perChg': '', 'stkId': 'SSF08', 'displayLock': 'N', 'scanproflg': 1, 'scUrl': 'bank-private/suryodaysmallfinancebank/SSF08', 'columns': [{'name': 'RSI Indicator value', 'value': '49.53'}, {'name': 'change %', 'value': '0.04'}, {'name': 'LTP', 'value': '147.00'}]}",OHLC_M_I_RSIBELAVE,RSI Bearish Crossovers (Monthly),RSI Bearish Crossovers (Monthly),15,Indicator Scans,RSI Bearish Crossovers (Monthly),,,False,1,N,,OHLC_M_I_RSIBELAVE
1790075717,"{'stkname': 'Dalmia Bharat', 'ltp': '', 'perChg': '', 'stkId': 'OCL', 'displayLock': 'N', 'scanproflg': 1, 'scUrl': 'cement-major/dalmiabharat/OCL', 'columns': [{'name': 'RSI Indicator value', 'value': '43.08'}, {'name': 'change %', 'value': '-1.33'}, {'name': 'LTP', 'value': '1,741.00'}]}",OHLC_M_I_RSIBELAVE,RSI Bearish Crossovers (Monthly),RSI Bearish Crossovers (Monthly),15,Indicator Scans,RSI Bearish Crossovers (Monthly),,,False,1,N,,OHLC_M_I_RSIBELAVE
1790075717,"{'stkname': 'Ujjivan Small', 'ltp': '', 'perChg': '', 'stkId': 'USF', 'displayLock': 'N', 'scanproflg': 1, 'scUrl': 'bank-private/ujjivansmallfinancebank/USF', 'columns': [{'name': 'RSI Indicator value', 'value': '59.92'}, {'name': 'change %', 'value': '-0.09'}, {'name': 'LTP', 'value': '64.73'}]}",OHLC_M_I_RSIBELAVE,RSI Bearish Crossovers (Monthly),RSI Bearish Crossovers (Monthly),15,Indicator Scans,RSI Bearish Crossovers (Monthly),,,False,1,N,,OHLC_M_I_RSIBELAVE
1790075717,"{'stkname': 'SJS Enterprises', 'ltp': '', 'perChg': '', 'stkId': 'E09', 'displayLock': 'N', 'scanproflg': 1, 'scUrl': 'auto-ancillaries-others/sjsenterprises/E11', 'columns': [{'name': 'RSI Indicator value', 'value': '73.92'}, {'name': 'change %', 'value': '0.02'}, {'name': 'LTP', 'value': '2,330.00'}]}",OHLC_M_I_RSIBELAVE,RSI Bearish Crossovers (Monthly),RSI Bearish Crossovers (Monthly),15,Indicator Scans,RSI Bearish Crossovers (Monthly),,,False,1,N,,OHLC_M_I_RSIBELAVE
1790075717,"{'stkname': 'JBM Auto', 'ltp': '', 'perChg': '', 'stkId': 'JBM03', 'displayLock': 'N', 'scanproflg': 1, 'scUrl': 'auto-ancillaries/jbmauto/JBM03', 'columns': [{'name': 'RSI Indicator value', 'value': '46.62'}, {'name': 'change %', 'value': '0.09'}, {'name': 'LTP', 'value': '592.60'}]}",OHLC_M_I_RSIBELAVE,RSI Bearish Crossovers (Monthly),RSI Bearish Crossovers (Monthly),15,Indicator Scans,RSI Bearish Crossovers (Monthly),,,False,1,N,,OHLC_M_I_RSIBELAVE
1790075717,"{'stkname': 'Federal-Mogul', 'ltp': '', 'perChg': '', 'stkId': 'GI09', 'displayLock': 'N', 'scanproflg': 1, 'scUrl': 'auto-ancillaries/federal-mogulgoetze/FMG', 'columns': [{'name': 'RSI Indicator value', 'value': '50.31'}, {'name': 'change %', 'value': '1.80'}, {'name': 'LTP', 'value': '447.00'}]}",OHLC_M_I_RSIBELAVE,RSI Bearish Crossovers (Monthly),RSI Bearish Crossovers (Monthly),15,Indicator Scans,RSI Bearish Crossovers (Monthly),,,False,1,N,,OHLC_M_I_RSIBELAVE
1790075717,"{'stkname': 'Lumax Inds', 'ltp': '', 'perChg': '', 'stkId': 'LI05', 'displayLock': 'N', 'scanproflg': 1, 'scUrl': 'auto-ancillaries/lumaxindustries/LI05', 'columns': [{'name': 'RSI Indicator value', 'value': '63.13'}, {'name': 'change %', 'value': '1.48'}, {'name': 'LTP', 'value': '5,863.50'}]}",OHLC_M_I_RSIBELAVE,RSI Bearish Crossovers (Monthly),RSI Bearish Crossovers (Monthly),15,Indicator Scans,RSI Bearish Crossovers (Monthly),,,False,1,N,,OHLC_M_I_RSIBELAVE
1790075717,"{'stkname': 'ZFCVINDIA', 'ltp': '', 'perChg': '', 'stkId': 'WAB', 'displayLock': 'N', 'scanproflg': 1, 'scUrl': 'auto-ancillaries-others/zfcommercialvehiclecontrolsystemsindia/WAB', 'columns': [{'name': 'RSI Indicator value', 'value': '50.99'}, {'name': 'change %', 'value': '-0.53'}, {'name': 'LTP', 'value': '2,350.00'}]}",OHLC_M_I_RSIBELAVE,RSI Bearish Crossovers (Monthly),RSI Bearish Crossovers (Monthly),15,Indicator Scans,RSI Bearish Crossovers (Monthly),,,False,1,N,,OHLC_M_I_RSIBELAVE
1790075717,"{'stkname': 'IDBI Bank', 'ltp': '', 'perChg': '', 'stkId': 'IDB', 'displayLock': 'N', 'scanproflg': 1, 'scUrl': 'bank-private/idbibank/IDB05', 'columns': [{'name': 'RSI Indicator value', 'value': '49.31'}, {'name': 'change %', 'value': '-0.07'}, {'name': 'LTP', 'value': '83.00'}]}",OHLC_M_I_RSIBELAVE,RSI Bearish Crossovers (Monthly),RSI Bearish Crossovers (Monthly),15,Indicator Scans,RSI Bearish Crossovers (Monthly),,,False,1,N,,OHLC_M_I_RSIBELAVE
1790075717,"{'stkname': 'Kotyark Ind', 'ltp': '', 'perChg': '', 'stkId': 'KI25', 'displayLock': 'N', 'scanproflg': 1, 'scUrl': 'renewables/kotyarkindustries/KI10', 'columns': [{'name': 'RSI Indicator value', 'value': '44.73'}, {'name': 'change %', 'value': '0.98'}, {'name': 'LTP', 'value': '31.86'}]}",OHLC_M_I_RSIBELAVE,RSI Bearish Crossovers (Monthly),RSI Bearish Crossovers (Monthly),15,Indicator Scans,RSI Bearish Crossovers (Monthly),,,False,1,N,,OHLC_M_I_RSIBELAVE
1790075717,"{'stkname': 'Sandhar Technol', 'ltp': '', 'perChg': '', 'stkId': 'STL05', 'displayLock': 'N', 'scanproflg': 1, 'scUrl': 'auto-ancillaries/sandhartechnologies/STl06', 'columns': [{'name': 'RSI Indicator value', 'value': '54.26'}, {'name': 'change %', 'value': '-0.92'}, {'name': 'LTP', 'value': '586.00'}]}",OHLC_M_I_RSIBELAVE,RSI Bearish Crossovers (Monthly),RSI Bearish Crossovers (Monthly),15,Indicator Scans,RSI Bearish Crossovers (Monthly),,,False,1,N,,OHLC_M_I_RSIBELAVE
1790075717,"{'stkname': 'Atul Auto', 'ltp': '', 'perChg': '', 'stkId': 'AA08', 'displayLock': 'N', 'scanproflg': 1, 'scUrl': 'auto-23-wheelers/atulauto/AA08', 'columns': [{'name': 'RSI Indicator value', 'value': '47.51'}, {'name': 'change %', 'value': '-0.45'}, {'name': 'LTP', 'value': '447.00'}]}",OHLC_M_I_RSIBELAVE,RSI Bearish Crossovers (Monthly),RSI Bearish Crossovers (Monthly),15,Indicator Scans,RSI Bearish Crossovers (Monthly),,,False,1,N,,OHLC_M_I_RSIBELAVE
1790075717,"{'stkname': 'Easy Trip', 'ltp': '', 'perChg': '', 'stkId': 'ETP01', 'displayLock': 'N', 'scanproflg': 1, 'scUrl': 'travel-services/easytripplanners/ETP01', 'columns': [{'name': 'RSI Indicator value', 'value': '33.59'}, {'name': 'change %', 'value': '3.63'}, {'name': 'LTP', 'value': '6.00'}]}",OHLC_M_I_RSIBELAVE,RSI Bearish Crossovers (Monthly),RSI Bearish Crossovers (Monthly),15,Indicator Scans,RSI Bearish Crossovers (Monthly),,,False,1,N,,OHLC_M_I_RSIBELAVE
1790075717,"{'stkname': 'Hind Composites', 'ltp': '', 'perChg': '', 'stkId': 'HC06', 'displayLock': 'N', 'scanproflg': 1, 'scUrl': 'auto-ancillaries/hindustancomposites/HC06', 'columns': [{'name': 'RSI Indicator value', 'value': '43.52'}, {'name': 'change %', 'value': '-1.07'}, {'name': 'LTP', 'value': '375.20'}]}",OHLC_M_I_RSIBELAVE,RSI Bearish Crossovers (Monthly),RSI Bearish Crossovers (Monthly),15,Indicator Scans,RSI Bearish Crossovers (Monthly),,,False,1,N,,OHLC_M_I_RSIBELAVE
1790075717,"{'stkname': 'Auto Stampings', 'ltp': '', 'perChg': '', 'stkId': 'JBM01', 'displayLock': 'N', 'scanproflg': 1, 'scUrl': 'auto-ancillaries/automotivestampingsassemblies/ASA01', 'columns': [{'name': 'RSI Indicator value', 'value': '45.95'}, {'name': 'change %', 'value': '0.53'}, {'name': 'LTP', 'value': '452.80'}]}",OHLC_M_I_RSIBELAVE,RSI Bearish Crossovers (Monthly),RSI Bearish Crossovers (Monthly),15,Indicator Scans,RSI Bearish Crossovers (Monthly),,,False,1,N,,OHLC_M_I_RSIBELAVE
1790075717,"{'stkname': 'Godrej Prop', 'ltp': '', 'perChg': '', 'stkId': 'GP11', 'displayLock': 'N', 'scanproflg': 1, 'scUrl': 'constructioncontracting-real-estate/godrejproperties/GP11', 'columns': [{'name': 'RSI Indicator value', 'value': '43.52'}, {'name': 'change %', 'value': '0.15'}, {'name': 'LTP', 'value': '1,699.50'}]}",OHLC_M_I_RSIBELAVE,RSI Bearish Crossovers (Monthly),RSI Bearish Crossovers (Monthly),15,Indicator Scans,RSI Bearish Crossovers (Monthly),,,False,1,N,,OHLC_M_I_RSIBELAVE
1790075717,"{'stkname': 'PG Electroplast', 'ltp': '', 'perChg': '', 'stkId': 'PE06', 'displayLock': 'N', 'scanproflg': 1, 'scUrl': 'consumer-goods-electronic/pgelectroplast/PE06', 'columns': [{'name': 'RSI Indicator value', 'value': '48.62'}, {'name': 'change %', 'value': '-3.05'}, {'name': 'LTP', 'value': '520.20'}]}",OHLC_M_I_RSIBELAVE,RSI Bearish Crossovers (Monthly),RSI Bearish Crossovers (Monthly),15,Indicator Scans,RSI Bearish Crossovers (Monthly),,,False,1,N,,OHLC_M_I_RSIBELAVE
1790075717,"{'stkname': 'KSolves', 'ltp': '', 'perChg': '', 'stkId': 'KI23', 'displayLock': 'N', 'scanproflg': 1, 'scUrl': 'software/ksolvesindia/KI09', 'columns': [{'name': 'RSI Indicator value', 'value': '37.35'}, {'name': 'change %', 'value': '-0.59'}, {'name': 'LTP', 'value': '250.65'}]}",OHLC_M_I_RSIBELAVE,RSI Bearish Crossovers (Monthly),RSI Bearish Crossovers (Monthly),15,Indicator Scans,RSI Bearish Crossovers (Monthly),,,False,1,N,,OHLC_M_I_RSIBELAVE
1790075717,"{'stkname': 'KFin Tech', 'ltp': '', 'perChg': '', 'stkId': 'KT06', 'displayLock': 'N', 'scanproflg': 1, 'scUrl': 'finance-others/kfintechnologies/KT07', 'columns': [{'name': 'RSI Indicator value', 'value': '48.88'}, {'name': 'change %', 'value': '0.14'}, {'name': 'LTP', 'value': '898.00'}]}",OHLC_M_I_RSIBELAVE,RSI Bearish Crossovers (Monthly),RSI Bearish Crossovers (Monthly),15,Indicator Scans,RSI Bearish Crossovers (Monthly),,,False,1,N,,OHLC_M_I_RSIBELAVE
1790075717,"{'stkname': 'Supreme Ind', 'ltp': '', 'perChg': '', 'stkId': 'SI48', 'displayLock': 'N', 'scanproflg': 1, 'scUrl': 'plastics/supremeindustries/SI48', 'columns': [{'name': 'RSI Indicator value', 'value': '45.30'}, {'name': 'change %', 'value': '-1.13'}, {'name': 'LTP', 'value': '3,460.50'}]}",OHLC_M_I_RSIBELAVE,RSI Bearish Crossovers (Monthly),RSI Bearish Crossovers (Monthly),15,Indicator Scans,RSI Bearish Crossovers (Monthly),,,False,1,N,,OHLC_M_I_RSIBELAVE
1790075717,"{'stkname': 'Sundaram-Clayto', 'ltp': '', 'perChg': '', 'stkId': 'SL20', 'displayLock': 'N', 'scanproflg': 1, 'scUrl': 'metal-castingforgings/sundaram-clayton/SL21', 'columns': [{'name': 'RSI Indicator value', 'value': '44.10'}, {'name': 'change %', 'value': '-0.54'}, {'name': 'LTP', 'value': '1,245.00'}]}",OHLC_M_I_RSIBELAVE,RSI Bearish Crossovers (Monthly),RSI Bearish Crossovers (Monthly),15,Indicator Scans,RSI Bearish Crossovers (Monthly),,,False,1,N,,OHLC_M_I_RSIBELAVE
1790075717,"{'stkname': 'Nath Bio-Genes', 'ltp': '', 'perChg': '', 'stkId': 'NBG', 'displayLock': 'N', 'scanproflg': 1, 'scUrl': 'pharmaceuticals/nathbio-genes/NBG', 'columns': [{'name': 'RSI Indicator value', 'value': '43.47'}, {'name': 'change %', 'value': '-2.02'}, {'name': 'LTP', 'value': '148.74'}]}",OHLC_M_I_RSIBELAVE,RSI Bearish Crossovers (Monthly),RSI Bearish Crossovers (Monthly),15,Indicator Scans,RSI Bearish Crossovers (Monthly),,,False,1,N,,OHLC_M_I_RSIBELAVE
1790075717,"{'stkname': 'Oil India', 'ltp': '', 'perChg': '', 'stkId': 'OI13', 'displayLock': 'N', 'scanproflg': 1, 'scUrl': 'oil-drillingexploration/oilindia/OI13', 'columns': [{'name': 'RSI Indicator value', 'value': '54.28'}, {'name': 'change %', 'value': '-2.37'}, {'name': 'LTP', 'value': '467.00'}]}",OHLC_M_I_RSIBELAVE,RSI Bearish Crossovers (Monthly),RSI Bearish Crossovers (Monthly),15,Indicator Scans,RSI Bearish Crossovers (Monthly),,,False,1,N,,OHLC_M_I_RSIBELAVE
1790075717,"{'stkname': 'Tata Comm', 'ltp': '', 'perChg': '', 'stkId': 'VSN', 'displayLock': 'N', 'scanproflg': 1, 'scUrl': 'telecommunications-service/tatacommunications/TC17', 'columns': [{'name': 'RSI Indicator value', 'value': '49.72'}, {'name': 'change %', 'value': '-2.37'}, {'name': 'LTP', 'value': '1,691.70'}]}",OHLC_M_I_RSIBELAVE,RSI Bearish Crossovers (Monthly),RSI Bearish Crossovers (Monthly),15,Indicator Scans,RSI Bearish Crossovers (Monthly),,,False,1,N,,OHLC_M_I_RSIBELAVE
1790075717,"{'stkname': 'Whirlpool', 'ltp': '', 'perChg': '', 'stkId': 'WI', 'displayLock': 'N', 'scanproflg': 1, 'scUrl': 'consumer-goods-white-goods/whirlpoolindia/WI', 'columns': [{'name': 'RSI Indicator value', 'value': '37.13'}, {'name': 'change %', 'value': '-0.17'}, {'name': 'LTP', 'value': '722.45'}]}",OHLC_M_I_RSIBELAVE,RSI Bearish Crossovers (Monthly),RSI Bearish Crossovers (Monthly),15,Indicator Scans,RSI Bearish Crossovers (Monthly),,,False,1,N,,OHLC_M_I_RSIBELAVE
1790075717,"{'stkname': 'Bajaj Finance', 'ltp': '', 'perChg': '', 'stkId': 'BAF', 'displayLock': 'N', 'scanproflg': 1, 'scUrl': 'finance-nbfc/bajajfinance/BAF', 'columns': [{'name': 'RSI Indicator value', 'value': '55.42'}, {'name': 'change %', 'value': '-1.22'}, {'name': 'LTP', 'value': '1,008.80'}]}",OHLC_M_I_RSIBELAVE,RSI Bearish Crossovers (Monthly),RSI Bearish Crossovers (Monthly),15,Indicator Scans,RSI Bearish Crossovers (Monthly),,,False,1,N,,OHLC_M_I_RSIBELAVE
1790075717,"{'stkname': 'Harrisons Malay', 'ltp': '', 'perChg': '', 'stkId': 'HM02', 'displayLock': 'N', 'scanproflg': 1, 'scUrl': 'plantations-teacoffee/harrisonsmalyalam/HM02', 'columns': [{'name': 'RSI Indicator value', 'value': '45.90'}, {'name': 'change %', 'value': '-1.17'}, {'name': 'LTP', 'value': '176.10'}]}",OHLC_M_I_RSIBELAVE,RSI Bearish Crossovers (Monthly),RSI Bearish Crossovers (Monthly),15,Indicator Scans,RSI Bearish Crossovers (Monthly),,,False,1,N,,OHLC_M_I_RSIBELAVE
1790075717,"{'stkname': 'LTM', 'ltp': '', 'perChg': '', 'stkId': 'LI09', 'displayLock': 'N', 'scanproflg': 1, 'scUrl': 'computers-software/ltm/LI12', 'columns': [{'name': 'RSI Indicator value', 'value': '43.84'}, {'name': 'change %', 'value': '-2.84'}, {'name': 'LTP', 'value': '4,158.30'}]}",OHLC_M_I_RSIBELAVE,RSI Bearish Crossovers (Monthly),RSI Bearish Crossovers (Monthly),15,Indicator Scans,RSI Bearish Crossovers (Monthly),,,False,1,N,,OHLC_M_I_RSIBELAVE
1790075717,"{'stkname': 'Bajaj Finserv', 'ltp': '', 'perChg': '', 'stkId': 'BF04', 'displayLock': 'N', 'scanproflg': 1, 'scUrl': 'finance-investments/bajajfinserv/BF04', 'columns': [{'name': 'RSI Indicator value', 'value': '48.69'}, {'name': 'change %', 'value': '-1.43'}, {'name': 'LTP', 'value': '1,823.40'}]}",OHLC_M_I_RSIBELAVE,RSI Bearish Crossovers (Monthly),RSI Bearish Crossovers (Monthly),15,Indicator Scans,RSI Bearish Crossovers (Monthly),,,False,1,N,,OHLC_M_I_RSIBELAVE
1790075717,"{'stkname': 'Torrent Pharma', 'ltp': '', 'perChg': '', 'stkId': 'TP06', 'displayLock': 'N', 'scanproflg': 1, 'scUrl': 'pharmaceuticals/torrentpharmaceuticals/TP06', 'columns': [{'name': 'RSI Indicator value', 'value': '74.78'}, {'name': 'change %', 'value': '-0.70'}, {'name': 'LTP', 'value': '4,935.00'}]}",OHLC_M_I_RSIBELAVE,RSI Bearish Crossovers (Monthly),RSI Bearish Crossovers (Monthly),15,Indicator Scans,RSI Bearish Crossovers (Monthly),,,False,1,N,,OHLC_M_I_RSIBELAVE
1790075717,"{'stkname': 'L&T Finance', 'ltp': '', 'perChg': '', 'stkId': 'LFH', 'displayLock': 'N', 'scanproflg': 1, 'scUrl': 'finance-nbfc/ltfinance/LFH', 'columns': [{'name': 'RSI Indicator value', 'value': '64.58'}, {'name': 'change %', 'value': '-0.94'}, {'name': 'LTP', 'value': '304.90'}]}",OHLC_M_I_RSIBELAVE,RSI Bearish Crossovers (Monthly),RSI Bearish Crossovers (Monthly),15,Indicator Scans,RSI Bearish Crossovers (Monthly),,,False,1,N,,OHLC_M_I_RSIBELAVE
1790075717,"{'stkname': 'CAMS', 'ltp': '', 'perChg': '', 'stkId': 'CAM', 'displayLock': 'N', 'scanproflg': 1, 'scUrl': 'finance-investment/computeragemanagementservices/CAM', 'columns': [{'name': 'RSI Indicator value', 'value': '47.35'}, {'name': 'change %', 'value': '0.02'}, {'name': 'LTP', 'value': '704.00'}]}",OHLC_M_I_RSIBELAVE,RSI Bearish Crossovers (Monthly),RSI Bearish Crossovers (Monthly),15,Indicator Scans,RSI Bearish Crossovers (Monthly),,,False,1,N,,OHLC_M_I_RSIBELAVE
1790075717,"{'stkname': 'Havells India', 'ltp': '', 'perChg': '', 'stkId': 'HI01', 'displayLock': 'N', 'scanproflg': 1, 'scUrl': 'electric-equipment/havellsindia/HI01', 'columns': [{'name': 'RSI Indicator value', 'value': '36.58'}, {'name': 'change %', 'value': '-1.29'}, {'name': 'LTP', 'value': '1,088.90'}]}",OHLC_M_I_RSIBELAVE,RSI Bearish Crossovers (Monthly),RSI Bearish Crossovers (Monthly),15,Indicator Scans,RSI Bearish Crossovers (Monthly),,,False,1,N,,OHLC_M_I_RSIBELAVE
1790075717,"{'stkname': 'Union Bank', 'ltp': '', 'perChg': '', 'stkId': 'UBI01', 'displayLock': 'N', 'scanproflg': 1, 'scUrl': 'banks-public-sector/unionbankindia/UBI01', 'columns': [{'name': 'RSI Indicator value', 'value': '62.33'}, {'name': 'change %', 'value': '-0.05'}, {'name': 'LTP', 'value': '178.00'}]}",OHLC_M_I_RSIBELAVE,RSI Bearish Crossovers (Monthly),RSI Bearish Crossovers (Monthly),15,Indicator Scans,RSI Bearish Crossovers (Monthly),,,False,1,N,,OHLC_M_I_RSIBELAVE
1790075717,"{'stkname': 'Karur Vysya', 'ltp': '', 'perChg': '', 'stkId': 'KVB', 'displayLock': 'N', 'scanproflg': 1, 'scUrl': 'banks-private-sector/karurvysyabank/KVB', 'columns': [{'name': 'RSI Indicator value', 'value': '67.37'}, {'name': 'change %', 'value': '-1.46'}, {'name': 'LTP', 'value': '321.40'}]}",OHLC_M_I_RSIBELAVE,RSI Bearish Crossovers (Monthly),RSI Bearish Crossovers (Monthly),15,Indicator Scans,RSI Bearish Crossovers (Monthly),,,False,1,N,,OHLC_M_I_RSIBELAVE
1790075717,"{'stkname': 'NMDC', 'ltp': '', 'perChg': '', 'stkId': 'NMD01', 'displayLock': 'N', 'scanproflg': 1, 'scUrl': 'miningminerals/nmdc/NMD02', 'columns': [{'name': 'RSI Indicator value', 'value': '55.19'}, {'name': 'change %', 'value': '0.50'}, {'name': 'LTP', 'value': '80.20'}]}",OHLC_M_I_RSIBELAVE,RSI Bearish Crossovers (Monthly),RSI Bearish Crossovers (Monthly),15,Indicator Scans,RSI Bearish Crossovers (Monthly),,,False,1,N,,OHLC_M_I_RSIBELAVE
1790075717,"{'stkname': 'JSW Steel', 'ltp': '', 'perChg': '', 'stkId': 'JVS', 'displayLock': 'N', 'scanproflg': 1, 'scUrl': 'steel-large/jswsteel/JSW01', 'columns': [{'name': 'RSI Indicator value', 'value': '61.44'}, {'name': 'change %', 'value': '-0.13'}, {'name': 'LTP', 'value': '1,267.00'}]}",OHLC_M_I_RSIBELAVE,RSI Bearish Crossovers (Monthly),RSI Bearish Crossovers (Monthly),15,Indicator Scans,RSI Bearish Crossovers (Monthly),,,False,1,N,,OHLC_M_I_RSIBELAVE
1790075717,"{'stkname': 'TVS Motor', 'ltp': '', 'perChg': '', 'stkId': 'TVS', 'displayLock': 'N', 'scanproflg': 1, 'scUrl': 'auto-23-wheelers/tvsmotorcompany/TVS', 'columns': [{'name': 'RSI Indicator value', 'value': '68.62'}, {'name': 'change %', 'value': '-0.36'}, {'name': 'LTP', 'value': '4,140.00'}]}",OHLC_M_I_RSIBELAVE,RSI Bearish Crossovers (Monthly),RSI Bearish Crossovers (Monthly),15,Indicator Scans,RSI Bearish Crossovers (Monthly),,,False,1,N,,OHLC_M_I_RSIBELAVE
1790075717,"{'stkname': 'Nestle', 'ltp': '', 'perChg': '', 'stkId': 'NI', 'displayLock': 'N', 'scanproflg': 1, 'scUrl': 'food-processing/nestleindia/NI', 'columns': [{'name': 'RSI Indicator value', 'value': '54.45'}, {'name': 'change %', 'value': '-1.52'}, {'name': 'LTP', 'value': '1,363.90'}]}",OHLC_M_I_RSIBELAVE,RSI Bearish Crossovers (Monthly),RSI Bearish Crossovers (Monthly),15,Indicator Scans,RSI Bearish Crossovers (Monthly),,,False,1,N,,OHLC_M_I_RSIBELAVE
1790075717,"{'stkname': 'Sun Pharma', 'ltp': '', 'perChg': '', 'stkId': 'SPI', 'displayLock': 'N', 'scanproflg': 1, 'scUrl': 'pharmaceuticals/sunpharmaceuticalindustries/SPI', 'columns': [{'name': 'RSI Indicator value', 'value': '56.45'}, {'name': 'change %', 'value': '-1.20'}, {'name': 'LTP', 'value': '1,846.40'}]}",OHLC_M_I_RSIBELAVE,RSI Bearish Crossovers (Monthly),RSI Bearish Crossovers (Monthly),15,Indicator Scans,RSI Bearish Crossovers (Monthly),,,False,1,N,,OHLC_M_I_RSIBELAVE
1790075717,"{'stkname': 'Asian Paints', 'ltp': '', 'perChg': '', 'stkId': 'API', 'displayLock': 'N', 'scanproflg': 1, 'scUrl': 'paintsvarnishes/asianpaints/AP31', 'columns': [{'name': 'RSI Indicator value', 'value': '46.23'}, {'name': 'change %', 'value': '0.34'}, {'name': 'LTP', 'value': '2,448.50'}]}",OHLC_M_I_RSIBELAVE,RSI Bearish Crossovers (Monthly),RSI Bearish Crossovers (Monthly),15,Indicator Scans,RSI Bearish Crossovers (Monthly),,,False,1,N,,OHLC_M_I_RSIBELAVE
1790075717,"{'stkname': 'Federal Bank', 'ltp': '', 'perChg': '', 'stkId': 'FB', 'displayLock': 'N', 'scanproflg': 1, 'scUrl': 'banks-private-sector/federalbank/FB', 'columns': [{'name': 'RSI Indicator value', 'value': '67.15'}, {'name': 'change %', 'value': '-1.51'}, {'name': 'LTP', 'value': '327.00'}]}",OHLC_M_I_RSIBELAVE,RSI Bearish Crossovers (Monthly),RSI Bearish Crossovers (Monthly),15,Indicator Scans,RSI Bearish Crossovers (Monthly),,,False,1,N,,OHLC_M_I_RSIBELAVE
1790075717,"{'stkname': 'TCS', 'ltp': '', 'perChg': '', 'stkId': 'TCS', 'displayLock': 'N', 'scanproflg': 1, 'scUrl': 'computers-software/tataconsultancyservices/TCS', 'columns': [{'name': 'RSI Indicator value', 'value': '33.28'}, {'name': 'change %', 'value': '-1.11'}, {'name': 'LTP', 'value': '2,105.00'}]}",OHLC_M_I_RSIBELAVE,RSI Bearish Crossovers (Monthly),RSI Bearish Crossovers (Monthly),15,Indicator Scans,RSI Bearish Crossovers (Monthly),,,False,1,N,,OHLC_M_I_RSIBELAVE
1790075717,"{'stkname': 'SAIL', 'ltp': '', 'perChg': '', 'stkId': 'SAI', 'displayLock': 'N', 'scanproflg': 1, 'scUrl': 'steel-large/steelauthorityindia/SAI', 'columns': [{'name': 'RSI Indicator value', 'value': '57.02'}, {'name': 'change %', 'value': '-1.86'}, {'name': 'LTP', 'value': '174.01'}]}",OHLC_M_I_RSIBELAVE,RSI Bearish Crossovers (Monthly),RSI Bearish Crossovers (Monthly),15,Indicator Scans,RSI Bearish Crossovers (Monthly),,,False,1,N,,OHLC_M_I_RSIBELAVE
1790075717,"{'stkname': 'Amber Enterpris', 'ltp': '', 'perChg': '', 'stkId': 'AEI01', 'displayLock': 'N', 'scanproflg': 1, 'scUrl': 'miscellaneous/amberenterprisesindialimited/AEI01', 'columns': [{'name': 'RSI Indicator value', 'value': '52.59'}, {'name': 'change %', 'value': '-1.38'}, {'name': 'LTP', 'value': '7,000.00'}]}",OHLC_M_I_RSIBELAVE,RSI Bearish Crossovers (Monthly),RSI Bearish Crossovers (Monthly),15,Indicator Scans,RSI Bearish Crossovers (Monthly),,,False,1,N,,OHLC_M_I_RSIBELAVE
1790075717,"{'stkname': 'Tube Investment', 'ltp': '', 'perChg': '', 'stkId': 'TIIND54076', 'displayLock': 'N', 'scanproflg': 1, 'scUrl': 'auto-ancillaries/tubeinvestmentsindialtd/TIIND54076', 'columns': [{'name': 'RSI Indicator value', 'value': '44.02'}, {'name': 'change %', 'value': '-0.54'}, {'name': 'LTP', 'value': '2,574.00'}]}",OHLC_M_I_RSIBELAVE,RSI Bearish Crossovers (Monthly),RSI Bearish Crossovers (Monthly),15,Indicator Scans,RSI Bearish Crossovers (Monthly),,,False,1,N,,OHLC_M_I_RSIBELAVE
1790075717,"{'stkname': 'Delhivery', 'ltp': '', 'perChg': '', 'stkId': 'D05', 'displayLock': 'N', 'scanproflg': 1, 'scUrl': 'courier-services/delhivery/D06', 'columns': [{'name': 'RSI Indicator value', 'value': '50.30'}, {'name': 'change %', 'value': '-0.98'}, {'name': 'LTP', 'value': '430.75'}]}",OHLC_M_I_RSIBELAVE,RSI Bearish Crossovers (Monthly),RSI Bearish Crossovers (Monthly),15,Indicator Scans,RSI Bearish Crossovers (Monthly),,,False,1,N,,OHLC_M_I_RSIBELAVE
1790075717,"{'stkname': 'ABSL NiftyIT', 'ltp': '', 'perChg': '', 'stkId': 'ABS03', 'displayLock': 'N', 'scanproflg': 1, 'scUrl': 'etf/adityabirlasunlifeniftyitetf/ABS03', 'columns': [{'name': 'RSI Indicator value', 'value': '41.66'}, {'name': 'change %', 'value': '-0.66'}, {'name': 'LTP', 'value': '31.50'}]}",OHLC_M_I_RSIBELAVE,RSI Bearish Crossovers (Monthly),RSI Bearish Crossovers (Monthly),15,Indicator Scans,RSI Bearish Crossovers (Monthly),,,False,1,N,,OHLC_M_I_RSIBELAVE
1790075717,"{'stkname': 'Polycab', 'ltp': '', 'perChg': '', 'stkId': 'PI41', 'displayLock': 'N', 'scanproflg': 1, 'scUrl': 'cables-powerothers/polycabindia/PI44', 'columns': [{'name': 'RSI Indicator value', 'value': '55.54'}, {'name': 'change %', 'value': '-0.23'}, {'name': 'LTP', 'value': '8,350.00'}]}",OHLC_M_I_RSIBELAVE,RSI Bearish Crossovers (Monthly),RSI Bearish Crossovers (Monthly),15,Indicator Scans,RSI Bearish Crossovers (Monthly),,,False,1,N,,OHLC_M_I_RSIBELAVE
1790075717,"{'stkname': 'ICICI Bank', 'ltp': '', 'perChg': '', 'stkId': 'ICI02', 'displayLock': 'N', 'scanproflg': 1, 'scUrl': 'banks-private-sector/icicibank/ICI02', 'columns': [{'name': 'RSI Indicator value', 'value': '53.20'}, {'name': 'change %', 'value': '-0.40'}, {'name': 'LTP', 'value': '1,339.60'}]}",OHLC_M_I_RSIBELAVE,RSI Bearish Crossovers (Monthly),RSI Bearish Crossovers (Monthly),15,Indicator Scans,RSI Bearish Crossovers (Monthly),,,False,1,N,,OHLC_M_I_RSIBELAVE
1790075717,"{'stkname': 'Bharat Forge', 'ltp': '', 'perChg': '', 'stkId': 'BFC', 'displayLock': 'N', 'scanproflg': 1, 'scUrl': 'castingsforgings/bharatforge/BF03', 'columns': [{'name': 'RSI Indicator value', 'value': '63.48'}, {'name': 'change %', 'value': '2.04'}, {'name': 'LTP', 'value': '2,009.00'}]}",OHLC_M_I_RSIBELAVE,RSI Bearish Crossovers (Monthly),RSI Bearish Crossovers (Monthly),15,Indicator Scans,RSI Bearish Crossovers (Monthly),,,False,1,N,,OHLC_M_I_RSIBELAVE
1790075717,"{'stkname': 'SBI ETF', 'ltp': '', 'perChg': '', 'stkId': 'SBI28', 'displayLock': 'N', 'scanproflg': 1, 'scUrl': 'etf/sbimutualfund-sbi-etf10yeargilt/SBI29', 'columns': [{'name': 'RSI Indicator value', 'value': '69.51'}, {'name': 'change %', 'value': '0.17'}, {'name': 'LTP', 'value': '262.53'}]}",OHLC_M_I_RSIBELAVE,RSI Bearish Crossovers (Monthly),RSI Bearish Crossovers (Monthly),15,Indicator Scans,RSI Bearish Crossovers (Monthly),,,False,1,N,,OHLC_M_I_RSIBELAVE
1790075717,"{'stkname': 'Shriram Finance', 'ltp': '', 'perChg': '', 'stkId': 'STF', 'displayLock': 'N', 'scanproflg': 1, 'scUrl': 'finance-leasinghire-purchase/shriramfinance/STF', 'columns': [{'name': 'RSI Indicator value', 'value': '62.02'}, {'name': 'change %', 'value': '-0.57'}, {'name': 'LTP', 'value': '1,006.00'}]}",OHLC_M_I_RSIBELAVE,RSI Bearish Crossovers (Monthly),RSI Bearish Crossovers (Monthly),15,Indicator Scans,RSI Bearish Crossovers (Monthly),,,False,1,N,,OHLC_M_I_RSIBELAVE
1790075717,"{'stkname': 'UTI BSE Sen Ne', 'ltp': '', 'perChg': '', 'stkId': 'UTISX9168', 'displayLock': 'N', 'scanproflg': 1, 'scUrl': 'etf/utibsesensexnext50etf/UTISX9168', 'columns': [{'name': 'RSI Indicator value', 'value': '56.83'}, {'name': 'change %', 'value': '-2.43'}, {'name': 'LTP', 'value': '92.05'}]}",OHLC_M_I_RSIBELAVE,RSI Bearish Crossovers (Monthly),RSI Bearish Crossovers (Monthly),15,Indicator Scans,RSI Bearish Crossovers (Monthly),,,False,1,N,,OHLC_M_I_RSIBELAVE
1790075717,"{'stkname': 'Zero Nifty 100', 'ltp': '', 'perChg': '', 'stkId': 'ZN1', 'displayLock': 'N', 'scanproflg': 1, 'scUrl': 'etf/zerodhanifty100etf/ZN1', 'columns': [{'name': 'RSI Indicator value', 'value': '48.35'}, {'name': 'change %', 'value': '-0.29'}, {'name': 'LTP', 'value': '10.32'}]}",OHLC_M_I_RSIBELAVE,RSI Bearish Crossovers (Monthly),RSI Bearish Crossovers (Monthly),15,Indicator Scans,RSI Bearish Crossovers (Monthly),,,False,1,N,,OHLC_M_I_RSIBELAVE
1790075717,"{'stkname': 'MCX India', 'ltp': '', 'perChg': '', 'stkId': 'MCE', 'displayLock': 'N', 'scanproflg': 1, 'scUrl': 'miscellaneous/multicommodityexchangeindia/MCE', 'columns': [{'name': 'RSI Indicator value', 'value': '74.81'}, {'name': 'change %', 'value': '1.67'}, {'name': 'LTP', 'value': '3,262.60'}]}",OHLC_M_I_RSIBELAVE,RSI Bearish Crossovers (Monthly),RSI Bearish Crossovers (Monthly),15,Indicator Scans,RSI Bearish Crossovers (Monthly),,,False,1,N,,OHLC_M_I_RSIBELAVE
1790075717,"{'stkname': 'SBI IT ETF', 'ltp': '', 'perChg': '', 'stkId': 'SEI09', 'displayLock': 'N', 'scanproflg': 1, 'scUrl': 'etf/sbiitetf/SEI09', 'columns': [{'name': 'RSI Indicator value', 'value': '41.43'}, {'name': 'change %', 'value': '-0.91'}, {'name': 'LTP', 'value': '318.50'}]}",OHLC_M_I_RSIBELAVE,RSI Bearish Crossovers (Monthly),RSI Bearish Crossovers (Monthly),15,Indicator Scans,RSI Bearish Crossovers (Monthly),,,False,1,N,,OHLC_M_I_RSIBELAVE
1790075717,"{'stkname': 'ABSL Qual30', 'ltp': '', 'perChg': '', 'stkId': 'NIFTY10690', 'displayLock': 'N', 'scanproflg': 1, 'scUrl': 'etf/abslnifty200quality30etf/NIFTY10690', 'columns': [{'name': 'RSI Indicator value', 'value': '49.63'}, {'name': 'change %', 'value': '-0.73'}, {'name': 'LTP', 'value': '20.49'}]}",OHLC_M_I_RSIBELAVE,RSI Bearish Crossovers (Monthly),RSI Bearish Crossovers (Monthly),15,Indicator Scans,RSI Bearish Crossovers (Monthly),,,False,1,N,,OHLC_M_I_RSIBELAVE
1790075717,"{'stkname': 'SBI QualityETF', 'ltp': '', 'perChg': '', 'stkId': 'SBIET7218', 'displayLock': 'N', 'scanproflg': 1, 'scUrl': 'etf/sbietfquality/SBIET7218', 'columns': [{'name': 'RSI Indicator value', 'value': '49.76'}, {'name': 'change %', 'value': '-0.65'}, {'name': 'LTP', 'value': '214.11'}]}",OHLC_M_I_RSIBELAVE,RSI Bearish Crossovers (Monthly),RSI Bearish Crossovers (Monthly),15,Indicator Scans,RSI Bearish Crossovers (Monthly),,,False,1,N,,OHLC_M_I_RSIBELAVE
1790075717,"{'stkname': 'AU Small Financ', 'ltp': '', 'perChg': '', 'stkId': 'ASF03', 'displayLock': 'N', 'scanproflg': 1, 'scUrl': 'banks-private-sector/ausmallfinancebank/ASF02', 'columns': [{'name': 'RSI Indicator value', 'value': '62.02'}, {'name': 'change %', 'value': '-0.15'}, {'name': 'LTP', 'value': '1,036.40'}]}",OHLC_M_I_RSIBELAVE,RSI Bearish Crossovers (Monthly),RSI Bearish Crossovers (Monthly),15,Indicator Scans,RSI Bearish Crossovers (Monthly),,,False,1,N,,OHLC_M_I_RSIBELAVE
1790075717,"{'stkname': 'SBINEQWETF', 'ltp': '', 'perChg': '', 'stkId': 'SBINE24524', 'displayLock': 'N', 'scanproflg': 1, 'scUrl': 'etf/sbinifty50equalweightetf/SBINE24524', 'columns': [{'name': 'RSI Indicator value', 'value': '50.58'}, {'name': 'change %', 'value': '-0.31'}, {'name': 'LTP', 'value': '32.63'}]}",OHLC_M_I_RSIBELAVE,RSI Bearish Crossovers (Monthly),RSI Bearish Crossovers (Monthly),15,Indicator Scans,RSI Bearish Crossovers (Monthly),,,False,1,N,,OHLC_M_I_RSIBELAVE
1790075717,"{'stkname': 'MA Nifty Metal', 'ltp': '', 'perChg': '', 'stkId': 'MAN06', 'displayLock': 'N', 'scanproflg': 1, 'scUrl': 'etf/miraeassetniftymetaletf/MAN06', 'columns': [{'name': 'RSI Indicator value', 'value': '64.27'}, {'name': 'change %', 'value': '0.00'}, {'name': 'LTP', 'value': '13.12'}]}",OHLC_M_I_RSIBELAVE,RSI Bearish Crossovers (Monthly),RSI Bearish Crossovers (Monthly),15,Indicator Scans,RSI Bearish Crossovers (Monthly),,,False,1,N,,OHLC_M_I_RSIBELAVE
1790075717,"{'stkname': 'MO NASDAQ 100', 'ltp': '', 'perChg': '', 'stkId': 'MOM02', 'displayLock': 'N', 'scanproflg': 1, 'scUrl': 'etf/motilaloswalnasdaq100etf/MOM02', 'columns': [{'name': 'RSI Indicator value', 'value': '72.41'}, {'name': 'change %', 'value': '-1.14'}, {'name': 'LTP', 'value': '326.49'}]}",OHLC_M_I_RSIBELAVE,RSI Bearish Crossovers (Monthly),RSI Bearish Crossovers (Monthly),15,Indicator Scans,RSI Bearish Crossovers (Monthly),,,False,1,N,,OHLC_M_I_RSIBELAVE
1790075717,"{'stkname': 'Mirae INDIAETF', 'ltp': '', 'perChg': '', 'stkId': 'MAN02', 'displayLock': 'N', 'scanproflg': 1, 'scUrl': 'etf/miraeassetniftyindiamanufacturingetf/MAN02', 'columns': [{'name': 'RSI Indicator value', 'value': '60.94'}, {'name': 'change %', 'value': '-0.43'}, {'name': 'LTP', 'value': '161.98'}]}",OHLC_M_I_RSIBELAVE,RSI Bearish Crossovers (Monthly),RSI Bearish Crossovers (Monthly),15,Indicator Scans,RSI Bearish Crossovers (Monthly),,,False,1,N,,OHLC_M_I_RSIBELAVE
1790075717,"{'stkname': 'Ipru Nifty Meta', 'ltp': '', 'perChg': '', 'stkId': 'METAL24861', 'displayLock': 'N', 'scanproflg': 1, 'scUrl': 'etf/iciciprudentialniftymetaletf/METAL24861', 'columns': [{'name': 'RSI Indicator value', 'value': '62.24'}, {'name': 'change %', 'value': '-0.08'}, {'name': 'LTP', 'value': '13.04'}]}",OHLC_M_I_RSIBELAVE,RSI Bearish Crossovers (Monthly),RSI Bearish Crossovers (Monthly),15,Indicator Scans,RSI Bearish Crossovers (Monthly),,,False,1,N,,OHLC_M_I_RSIBELAVE
1790075717,"{'stkname': 'SBIETFCON', 'ltp': '', 'perChg': '', 'stkId': 'SBIET5168', 'displayLock': 'N', 'scanproflg': 1, 'scUrl': 'etf/sbietfconsumption/SBIET5168', 'columns': [{'name': 'RSI Indicator value', 'value': '53.03'}, {'name': 'change %', 'value': '-0.20'}, {'name': 'LTP', 'value': '118.61'}]}",OHLC_M_I_RSIBELAVE,RSI Bearish Crossovers (Monthly),RSI Bearish Crossovers (Monthly),15,Indicator Scans,RSI Bearish Crossovers (Monthly),,,False,1,N,,OHLC_M_I_RSIBELAVE
1790075717,"{'stkname': 'MO Nifty200Mom', 'ltp': '', 'perChg': '', 'stkId': 'MON01', 'displayLock': 'N', 'scanproflg': 1, 'scUrl': 'etf/motilaloswalnifty200momentum30etf/MON01', 'columns': [{'name': 'RSI Indicator value', 'value': '51.06'}, {'name': 'change %', 'value': '0.21'}, {'name': 'LTP', 'value': '61.45'}]}",OHLC_M_I_RSIBELAVE,RSI Bearish Crossovers (Monthly),RSI Bearish Crossovers (Monthly),15,Indicator Scans,RSI Bearish Crossovers (Monthly),,,False,1,N,,OHLC_M_I_RSIBELAVE
1790075717,"{'stkname': 'MO Nifty 500', 'ltp': '', 'perChg': '', 'stkId': 'MONIF19237', 'displayLock': 'N', 'scanproflg': 1, 'scUrl': 'etf/motilaloswalnifty500etf/MONIF19237', 'columns': [{'name': 'RSI Indicator value', 'value': '58.05'}, {'name': 'change %', 'value': '-0.04'}, {'name': 'LTP', 'value': '23.46'}]}",OHLC_M_I_RSIBELAVE,RSI Bearish Crossovers (Monthly),RSI Bearish Crossovers (Monthly),15,Indicator Scans,RSI Bearish Crossovers (Monthly),,,False,1,N,,OHLC_M_I_RSIBELAVE
1790075717,"{'stkname': 'Kotak Nifty IT', 'ltp': '', 'perChg': '', 'stkId': 'KIE02', 'displayLock': 'N', 'scanproflg': 1, 'scUrl': 'etf/kotakniftyitetf/KIE02', 'columns': [{'name': 'RSI Indicator value', 'value': '41.31'}, {'name': 'change %', 'value': '-1.68'}, {'name': 'LTP', 'value': '31.60'}]}",OHLC_M_I_RSIBELAVE,RSI Bearish Crossovers (Monthly),RSI Bearish Crossovers (Monthly),15,Indicator Scans,RSI Bearish Crossovers (Monthly),,,False,1,N,,OHLC_M_I_RSIBELAVE
1790075717,"{'stkname': 'Ipru Nifty IT', 'ltp': '', 'perChg': '', 'stkId': 'IPI03', 'displayLock': 'N', 'scanproflg': 1, 'scUrl': 'etf/iciciprudentialniftyitetf/IPI03', 'columns': [{'name': 'RSI Indicator value', 'value': '41.32'}, {'name': 'change %', 'value': '-1.03'}, {'name': 'LTP', 'value': '31.80'}]}",OHLC_M_I_RSIBELAVE,RSI Bearish Crossovers (Monthly),RSI Bearish Crossovers (Monthly),15,Indicator Scans,RSI Bearish Crossovers (Monthly),,,False,1,N,,OHLC_M_I_RSIBELAVE
1790075717,"{'stkname': 'MO Midcap 100', 'ltp': '', 'perChg': '', 'stkId': 'MOM01', 'displayLock': 'N', 'scanproflg': 1, 'scUrl': 'etf/motilaloswalmidcap100etf/MOM01', 'columns': [{'name': 'RSI Indicator value', 'value': '59.45'}, {'name': 'change %', 'value': '-0.66'}, {'name': 'LTP', 'value': '66.66'}]}",OHLC_M_I_RSIBELAVE,RSI Bearish Crossovers (Monthly),RSI Bearish Crossovers (Monthly),15,Indicator Scans,RSI Bearish Crossovers (Monthly),,,False,1,N,,OHLC_M_I_RSIBELAVE
1790075717,"{'stkname': 'ABSL Nifty 200', 'ltp': '', 'perChg': '', 'stkId': 'MOMEN10693', 'displayLock': 'N', 'scanproflg': 1, 'scUrl': 'etf/adityabirlasunlifenifty200momentum30etf/MOMEN10693', 'columns': [{'name': 'RSI Indicator value', 'value': '51.46'}, {'name': 'change %', 'value': '0.23'}, {'name': 'LTP', 'value': '30.83'}]}",OHLC_M_I_RSIBELAVE,RSI Bearish Crossovers (Monthly),RSI Bearish Crossovers (Monthly),15,Indicator Scans,RSI Bearish Crossovers (Monthly),,,False,1,N,,OHLC_M_I_RSIBELAVE
1790075717,"{'stkname': 'HDFC Nifty IT', 'ltp': '', 'perChg': '', 'stkId': 'HNI', 'displayLock': 'N', 'scanproflg': 1, 'scUrl': 'etf/hdfcniftyitetf/HNI', 'columns': [{'name': 'RSI Indicator value', 'value': '41.48'}, {'name': 'change %', 'value': '-1.13'}, {'name': 'LTP', 'value': '30.58'}]}",OHLC_M_I_RSIBELAVE,RSI Bearish Crossovers (Monthly),RSI Bearish Crossovers (Monthly),15,Indicator Scans,RSI Bearish Crossovers (Monthly),,,False,1,N,,OHLC_M_I_RSIBELAVE
1790075717,"{'stkname': 'Ipru Nifty 200', 'ltp': '', 'perChg': '', 'stkId': 'IPN03', 'displayLock': 'N', 'scanproflg': 1, 'scUrl': 'etf/iciciprudentialnifty200momentum30etf/IPN03', 'columns': [{'name': 'RSI Indicator value', 'value': '51.58'}, {'name': 'change %', 'value': '0.13'}, {'name': 'LTP', 'value': '30.95'}]}",OHLC_M_I_RSIBELAVE,RSI Bearish Crossovers (Monthly),RSI Bearish Crossovers (Monthly),15,Indicator Scans,RSI Bearish Crossovers (Monthly),,,False,1,N,,OHLC_M_I_RSIBELAVE
1790075717,"{'stkname': 'HDFC Nifty Gro', 'ltp': '', 'perChg': '', 'stkId': 'HNG03', 'displayLock': 'N', 'scanproflg': 1, 'scUrl': 'etf/hdfcniftygrowthsectors15etf/HNG03', 'columns': [{'name': 'RSI Indicator value', 'value': '48.66'}, {'name': 'change %', 'value': '-0.17'}, {'name': 'LTP', 'value': '114.53'}]}",OHLC_M_I_RSIBELAVE,RSI Bearish Crossovers (Monthly),RSI Bearish Crossovers (Monthly),15,Indicator Scans,RSI Bearish Crossovers (Monthly),,,False,1,N,,OHLC_M_I_RSIBELAVE
